time,density,kinetic_energy,stiffness,fluid_viscosity,boundary_viscosity,fluid_depth,rest_density_grid_spacing,smoothing_length,rest_density,time_step_size,target_density_error,solver_iterations,relaxation_factor,time_step_wall_clock_time,predicted_density_error
0.0,900.0895104903086,0.7307642159731402,0.0,0.2,0.2,20.249999999999996,0.8,0.8,900.0,0.003,0.01,2,0.5,0.0,0.00034362016275933356
0.003,900.0930973971435,0.9125799889659995,0.0,0.2,0.2,20.249999999999996,0.8,0.8,900.0,0.003,0.01,2,0.5,0.006518115,0.0008018070329781638
0.006,900.100385487667,1.4273540707293197,0.0,0.2,0.2,20.249999999999996,0.8,0.8,900.0,0.003,0.01,2,0.5,0.005709962,0.0012210337924015028
0.009000000000000001,900.1114410961285,2.248925560255417,0.0,0.2,0.2,20.249999999999996,0.8,0.8,900.0,0.003,0.01,2,0.5,0.008198035,0.001644003564084244
0.012,900.1263049377776,3.3565348450496093,0.0,0.2,0.2,20.249999999999996,0.8,0.8,900.0,0.003,0.01,2,0.5,0.006793987,0.0020688193102283855
0.015,900.1450114139839,4.732387308373842,0.0,0.2,0.2,20.249999999999996,0.8,0.8,900.0,0.003,0.01,2,0.5,0.005395469,0.0024957643299307764
0.018000000000000002,900.1675793184418,6.360638137884375,0.0,0.2,0.2,20.249999999999996,0.8,0.8,900.0,0.003,0.01,2,0.5,0.007693412,0.0029242655878261624
0.021,900.1940287716632,8.22684222999361,0.0,0.2,0.2,20.249999999999996,0.8,0.8,900.0,0.003,0.01,2,0.5,0.007856813,0.0033542640195328524
0.024,900.2243704838979,10.31762125922575,0.0,0.2,0.2,20.249999999999996,0.8,0.8,900.0,0.003,0.01,2,0.5,0.006193094,0.0037851915886503787
0.027,900.258611247289,12.620443960117615,0.0,0.2,0.2,20.249999999999996,0.8,0.8,900.0,0.003,0.01,2,0.5,0.005956662,0.0042166668358314735
0.03,900.2967526425248,15.123468675126219,0.0,0.2,0.2,20.249999999999996,0.8,0.8,900.0,0.003,0.01,2,0.5,0.00544546,0.004648220470514358
0.033,900.338789633964,17.815439630329248,0.0,0.2,0.2,20.249999999999996,0.8,0.8,900.0,0.003,0.01,2,0.5,0.005198328,0.005079251574454446
0.036000000000000004,900.3847093884657,20.685602730788485,0.0,0.2,0.2,20.249999999999996,0.8,0.8,900.0,0.003,0.01,2,0.5,0.005813222,0.005508968474712041
0.039,900.4344936524831,23.72364021536116,0.0,0.2,0.2,20.249999999999996,0.8,0.8,900.0,0.003,0.01,2,0.5,0.006783297,0.0059367252111937295
0.042,900.4881237732646,26.9196356648739,0.0,0.2,0.2,20.249999999999996,0.8,0.8,900.0,0.003,0.01,2,0.5,0.006573616,0.0063616379455713615
0.045,900.5455766960249,30.26403725955484,0.0,0.2,0.2,20.249999999999996,0.8,0.8,900.0,0.003,0.01,2,0.5,0.006011173,0.00678388005682646
0.048,900.6068258427372,33.747635477942715,0.0,0.2,0.2,20.249999999999996,0.8,0.8,900.0,0.003,0.01,2,0.5,0.005131248,0.007203114230740035
0.051000000000000004,900.671844682724,37.36154336711586,0.0,0.2,0.2,20.249999999999996,0.8,0.8,900.0,0.003,0.01,2,0.5,0.005238869,0.0076191973796316224
0.054,900.7406036002625,41.09717822165236,0.0,0.2,0.2,20.249999999999996,0.8,0.8,900.0,0.003,0.01,2,0.5,0.006183114,0.008031691115013664
0.057,900.8130710049243,44.94625324862642,0.0,0.2,0.2,20.249999999999996,0.8,0.8,900.0,0.003,0.01,2,0.5,0.00538797,0.008440467844809561
0.06,900.8892150174356,48.90076748000462,0.0,0.2,0.2,20.249999999999996,0.8,0.8,900.0,0.003,0.01,2,0.5,0.005804292,0.008845698568275816
0.063,900.9690025790302,52.95299825384239,0.0,0.2,0.2,20.249999999999996,0.8,0.8,900.0,0.003,0.01,2,0.5,0.006778687,0.009246718923843596
0.066,901.0524016589192,57.095497087381844,0.0,0.2,0.2,20.249999999999996,0.8,0.8,900.0,0.003,0.01,2,0.5,0.007690522,0.009644204003013076
0.069,901.1393784289827,61.321078153693165,0.0,0.2,0.2,20.249999999999996,0.8,0.8,900.0,0.003,0.01,8,0.5,0.01101175,0.009998799639513722
0.07200000000000001,901.2293572789737,61.243598451558086,0.0,0.2,0.2,20.249999999999996,0.8,0.8,900.0,0.003,0.01,18,0.5,0.021579058,0.009982119886487936
0.075,901.3190261353584,54.930098398653314,0.0,0.2,0.2,20.249999999999996,0.8,0.8,900.0,0.003,0.01,12,0.5,0.013717224,0.009970600281531919
0.078,901.4085648382977,53.01843103905891,0.0,0.2,0.2,20.249999999999996,0.8,0.8,900.0,0.003,0.01,10,0.5,0.012211546,0.009986989091538667
0.081,901.4982529033869,52.38719362866948,0.0,0.2,0.2,20.249999999999996,0.8,0.8,900.0,0.003,0.01,10,0.5,0.014304198,0.009988532499933391
0.084,901.587963909727,51.777211365539074,0.0,0.2,0.2,20.249999999999996,0.8,0.8,900.0,0.003,0.01,10,0.5,0.011570933,0.009982084358927347
0.08700000000000001,901.6776287425523,51.18606633568128,0.0,0.2,0.2,20.249999999999996,0.8,0.8,900.0,0.003,0.01,10,0.5,0.012603439,0.009971095124483145
0.09,901.7672149240069,50.61232198714199,0.0,0.2,0.2,20.249999999999996,0.8,0.8,900.0,0.003,0.01,9,0.5,0.012490678,0.009996211322310182
0.093,901.8570495968814,50.60960755310915,0.0,0.2,0.2,20.249999999999996,0.8,0.8,900.0,0.003,0.01,10,0.5,0.011375982,0.009982160532709273
0.096,901.9467696177219,50.033602625106035,0.0,0.2,0.2,20.249999999999996,0.8,0.8,900.0,0.003,0.01,10,0.5,0.011052471,0.009965007412058413
0.099,902.0363501258222,49.47525878454938,0.0,0.2,0.2,20.249999999999996,0.8,0.8,900.0,0.003,0.01,9,0.5,0.012096976,0.009984930323437224
0.10200000000000001,902.1261289331678,49.47997437730786,0.0,0.2,0.2,20.249999999999996,0.8,0.8,900.0,0.003,0.01,10,0.5,0.011242112,0.009965046007988013
0.105,902.2157401447657,48.92136329716637,0.0,0.2,0.2,20.249999999999996,0.8,0.8,900.0,0.003,0.01,9,0.5,0.010589118,0.009981691244254791
0.108,902.3055208520124,48.92356525214541,0.0,0.2,0.2,20.249999999999996,0.8,0.8,900.0,0.003,0.01,9,0.5,0.012138946,0.009997599298480896
0.111,902.3954616262338,48.911410924539275,0.0,0.2,0.2,20.249999999999996,0.8,0.8,900.0,0.003,0.01,10,0.5,0.011279371,0.00997160156725571
0.114,902.4851805528041,48.342512730981696,0.0,0.2,0.2,20.249999999999996,0.8,0.8,900.0,0.003,0.01,9,0.5,0.010600047,0.009981676044391593
0.117,902.5750093967449,48.33500865043808,0.0,0.2,0.2,20.249999999999996,0.8,0.8,900.0,0.003,0.01,9,0.5,0.012107256,0.009990217996056613
0.12,902.6649263858236,48.31708449062597,0.0,0.2,0.2,20.249999999999996,0.8,0.8,900.0,0.003,0.01,9,0.5,0.010436717,0.009996487751861231
0.123,902.7549131565698,48.290589943868184,0.0,0.2,0.2,20.249999999999996,0.8,0.8,900.0,0.003,0.01,10,0.5,0.011457073,0.009959045890132487
0.126,902.8445693087107,47.71734246585975,0.0,0.2,0.2,20.249999999999996,0.8,0.8,900.0,0.003,0.01,8,0.5,0.011646894,0.009999284314974445
0.129,902.9346027547937,48.24893733914697,0.0,0.2,0.2,20.249999999999996,0.8,0.8,900.0,0.003,0.01,9,0.5,0.010505857,0.009998585652888204
0.132,903.0246355752929,48.2073796652145,0.0,0.2,0.2,20.249999999999996,0.8,0.8,900.0,0.003,0.01,9,0.5,0.010268606,0.009994259472175467
0.135,903.114636086855,48.16538686770748,0.0,0.2,0.2,20.249999999999996,0.8,0.8,900.0,0.003,0.01,9,0.5,0.011942565,0.009986881127855557
0.138,903.2045760556123,48.125097980528764,0.0,0.2,0.2,20.249999999999996,0.8,0.8,900.0,0.003,0.01,9,0.5,0.010782789,0.009976565077311884
0.14100000000000001,903.2944300025988,48.088416409421825,0.0,0.2,0.2,20.249999999999996,0.8,0.8,900.0,0.003,0.01,9,0.5,0.010688598,0.00996358552968984
0.14400000000000002,903.3841743902167,48.05712205612283,0.0,0.2,0.2,20.249999999999996,0.8,0.8,900.0,0.003,0.01,8,0.5,0.01104574,0.009990677546846015
0.147,903.474172580228,48.577255080868305,0.0,0.2,0.2,20.249999999999996,0.8,0.8,900.0,0.003,0.01,9,0.5,0.010446047,0.009975179352078797
0.15,903.5640329397295,48.53159658874537,0.0,0.2,0.2,20.249999999999996,0.8,0.8,900.0,0.003,0.01,8,0.5,0.009738093,0.009999303783352854
0.153,903.6541192751794,49.04591236589071,0.0,0.2,0.2,20.249999999999996,0.8,0.8,900.0,0.003,0.01,9,0.5,0.012012096,0.009980455533599551
0.156,903.7440365096581,48.993774746736364,0.0,0.2,0.2,20.249999999999996,0.8,0.8,900.0,0.003,0.01,9,0.5,0.010566618,0.009958593362805173
0.159,903.8337606613402,48.95678815291968,0.0,0.2,0.2,20.249999999999996,0.8,0.8,900.0,0.003,0.01,8,0.5,0.009730443,0.009978136230072944
0.162,903.9236716787136,49.48573672541961,0.0,0.2,0.2,20.249999999999996,0.8,0.8,900.0,0.003,0.01,8,0.5,0.011874634,0.009998397390532232
0.165,904.0137715019507,50.00403377148328,0.0,0.2,0.2,20.249999999999996,0.8,0.8,900.0,0.003,0.01,9,0.5,0.010578277,0.009975461287501194
0.168,904.103664924193,49.9530209632629,0.0,0.2,0.2,20.249999999999996,0.8,0.8,900.0,0.003,0.01,8,0.5,0.010108325,0.009993859707326946
0.171,904.1937322448637,50.478985092530394,0.0,0.2,0.2,20.249999999999996,0.8,0.8,900.0,0.003,0.01,9,0.5,0.01285873,0.00996995483498144
0.17400000000000002,904.2835846714077,50.43328653496779,0.0,0.2,0.2,20.249999999999996,0.8,0.8,900.0,0.003,0.01,8,0.5,0.010194995,0.009988094438311104
0.177,904.373609264784,50.96739467952467,0.0,0.2,0.2,20.249999999999996,0.8,0.8,900.0,0.003,0.01,9,0.5,0.01093198,0.009964562201298863
0.18,904.4634229705422,50.926376057992236,0.0,0.2,0.2,20.249999999999996,0.8,0.8,900.0,0.003,0.01,8,0.5,0.011477233,0.009983732652311995
0.183,904.5534189104106,51.46723161873989,0.0,0.2,0.2,20.249999999999996,0.8,0.8,900.0,0.003,0.01,9,0.5,0.01088459,0.00996187095443416
0.186,904.6432197413305,51.42847948529467,0.0,0.2,0.2,20.249999999999996,0.8,0.8,900.0,0.003,0.01,8,0.5,0.009921984,0.009983101980644851
0.189,904.7332221985332,51.97318899103781,0.0,0.2,0.2,20.249999999999996,0.8,0.8,900.0,0.003,0.01,9,0.5,0.012483118,0.009963860053348426
0.192,904.8230539117759,51.93288490166488,0.0,0.2,0.2,20.249999999999996,0.8,0.8,900.0,0.003,0.01,8,0.5,0.010094115,0.009987859125404931
0.195,904.9131130432638,52.47743367351333,0.0,0.2,0.2,20.249999999999996,0.8,0.8,900.0,0.003,0.01,9,0.5,0.01084865,0.009971846417447744
0.198,905.0030316013926,52.43081193584441,0.0,0.2,0.2,20.249999999999996,0.8,0.8,900.0,0.003,0.01,8,0.5,0.011436882,0.00999902039857479
0.201,905.0932080776964,52.97049792593296,0.0,0.2,0.2,20.249999999999996,0.8,0.8,900.0,0.003,0.01,9,0.5,0.010725469,0.00998653430116855
0.20400000000000001,905.1832762703464,52.91234092924755,0.0,0.2,0.2,20.249999999999996,0.8,0.8,900.0,0.003,0.01,9,0.5,0.010597598,0.009974343427745254
0.20700000000000002,905.2732414007587,52.86396143960469,0.0,0.2,0.2,20.249999999999996,0.8,0.8,900.0,0.003,0.01,9,0.5,0.012940171,0.009963453586537404
0.21,905.3631160315754,52.822699854844565,0.0,0.2,0.2,20.249999999999996,0.8,0.8,900.0,0.003,0.01,8,0.5,0.010234705,0.00999669874510772
0.213,905.4533047947426,53.36311571283024,0.0,0.2,0.2,20.249999999999996,0.8,0.8,900.0,0.003,0.01,9,0.5,0.010948889,0.009991404652261258
0.216,905.5434524985943,53.29624725035586,0.0,0.2,0.2,20.249999999999996,0.8,0.8,900.0,0.003,0.01,9,0.5,0.012401998,0.009986756221098902
0.219,905.6335673034705,53.23304019482403,0.0,0.2,0.2,20.249999999999996,0.8,0.8,900.0,0.003,0.01,9,0.5,0.010778559,0.00998342844601289
0.222,905.7236617540309,53.17140710546101,0.0,0.2,0.2,20.249999999999996,0.8,0.8,900.0,0.003,0.01,9,0.5,0.010852439,0.009981532188983922
0.225,905.8137494626692,53.10969506359671,0.0,0.2,0.2,20.249999999999996,0.8,0.8,900.0,0.003,0.01,9,0.5,0.013179592,0.00998117340600933
0.228,905.9038449469715,53.04654263001832,0.0,0.2,0.2,20.249999999999996,0.8,0.8,900.0,0.003,0.01,9,0.5,0.011356072,0.009982370738831141
0.231,905.9939628142273,52.980826026854345,0.0,0.2,0.2,20.249999999999996,0.8,0.8,900.0,0.003,0.01,9,0.5,0.011295602,0.009985057819341423
0.234,906.0841170097834,52.91163001040719,0.0,0.2,0.2,20.249999999999996,0.8,0.8,900.0,0.003,0.01,9,0.5,0.01275462,0.00998910924776538
0.23700000000000002,906.1743203106715,52.83822744335477,0.0,0.2,0.2,20.249999999999996,0.8,0.8,900.0,0.003,0.01,9,0.5,0.010879329,0.009994365394350843
0.24,906.2645840305935,52.76006122474804,0.0,0.2,0.2,20.249999999999996,0.8,0.8,900.0,0.003,0.01,10,0.5,0.011637533,0.009959047100760315
0.243,906.3545374926279,52.102680417717444,0.0,0.2,0.2,20.249999999999996,0.8,0.8,900.0,0.003,0.01,9,0.5,0.012529658,0.009964368048395799
0.246,906.4445547378466,52.04623068551018,0.0,0.2,0.2,20.249999999999996,0.8,0.8,900.0,0.003,0.01,9,0.5,0.011130901,0.009971631112311422
0.249,906.5346525546674,51.98195217665324,0.0,0.2,0.2,20.249999999999996,0.8,0.8,900.0,0.003,0.01,9,0.5,0.011546453,0.009980200627005218
0.252,906.6248429815017,51.910209558243125,0.0,0.2,0.2,20.249999999999996,0.8,0.8,900.0,0.003,0.01,9,0.5,0.013051862,0.009989706784368549
0.255,906.7151345830929,51.83129896348837,0.0,0.2,0.2,20.249999999999996,0.8,0.8,900.0,0.003,0.01,9,0.5,0.011489913,0.009999748079078311
0.258,906.8055323023613,51.74551390282194,0.0,0.2,0.2,20.249999999999996,0.8,0.8,900.0,0.003,0.01,10,0.5,0.012333247,0.009968745705368714
0.261,906.8956609592125,51.08467235494919,0.0,0.2,0.2,20.249999999999996,0.8,0.8,900.0,0.003,0.01,9,0.5,0.01285661,0.009977087125383654
0.264,906.985882594809,51.01779342827227,0.0,0.2,0.2,20.249999999999996,0.8,0.8,900.0,0.003,0.01,9,0.5,0.012223957,0.009986439192579459
0.267,907.0762053770527,50.94293920980055,0.0,0.2,0.2,20.249999999999996,0.8,0.8,900.0,0.003,0.01,9,0.5,0.011895425,0.009996182642519206
0.27,907.1666328276536,50.86083052174669,0.0,0.2,0.2,20.249999999999996,0.8,0.8,900.0,0.003,0.01,10,0.5,0.015899737,0.009964703313375416
0.273,907.2567878285714,50.20972068546699,0.0,0.2,0.2,20.249999999999996,0.8,0.8,900.0,0.003,0.01,9,0.5,0.011448302,0.00997239848123507
0.276,907.3470305164315,50.14608792190397,0.0,0.2,0.2,20.249999999999996,0.8,0.8,900.0,0.003,0.01,9,0.5,0.011417692,0.009980770771495524
0.279,907.4373657416081,50.074965454277944,0.0,0.2,0.2,20.249999999999996,0.8,0.8,900.0,0.003,0.01,9,0.5,0.012987101,0.009989163469811532
0.28200000000000003,907.5277933662836,49.99717463817605,0.0,0.2,0.2,20.249999999999996,0.8,0.8,900.0,0.003,0.01,9,0.5,0.011325582,0.00999722252082243
0.28500000000000003,907.6183099044487,49.91346946942684,0.0,0.2,0.2,20.249999999999996,0.8,0.8,900.0,0.003,0.01,10,0.5,0.011916395,0.009963060815292031
0.28800000000000003,907.7085287402791,49.26877394034034,0.0,0.2,0.2,20.249999999999996,0.8,0.8,900.0,0.003,0.01,9,0.5,0.013257422,0.009967718835247889
0.291,907.7988066827263,49.20601562219648,0.0,0.2,0.2,20.249999999999996,0.8,0.8,900.0,0.003,0.01,9,0.5,0.012019156,0.009972501416249358
0.294,907.8891433300889,49.13750839364422,0.0,0.2,0.2,20.249999999999996,0.8,0.8,900.0,0.003,0.01,9,0.5,0.011284672,0.00997684287470689
0.297,907.9795340802303,49.06413239040254,0.0,0.2,0.2,20.249999999999996,0.8,0.8,900.0,0.003,0.01,9,0.5,0.013183072,0.009980460340909264
0.3,908.0699716247834,48.98675493683031,0.0,0.2,0.2,20.249999999999996,0.8,0.8,900.0,0.003,0.01,9,0.5,0.011432303,0.009983062458062433
0.303,908.1604460215472,48.90621413947745,0.0,0.2,0.2,20.249999999999996,0.8,0.8,900.0,0.003,0.01,9,0.5,0.011210011,0.009984438849042853
0.306,908.2509454640866,48.82333191980184,0.0,0.2,0.2,20.249999999999996,0.8,0.8,900.0,0.003,0.01,9,0.5,0.012792759,0.009984462726826663
0.309,908.3414570268461,48.73892186760208,0.0,0.2,0.2,20.249999999999996,0.8,0.8,900.0,0.003,0.01,9,0.5,0.011105991,0.009983070832143424
0.312,908.4319672261105,48.65379209030237,0.0,0.2,0.2,20.249999999999996,0.8,0.8,900.0,0.003,0.01,9,0.5,0.01094388,0.009980245275734755
0.315,908.5224624225651,48.56874455204189,0.0,0.2,0.2,20.249999999999996,0.8,0.8,900.0,0.003,0.01,9,0.5,0.012418098,0.00997600133430428
0.318,908.612929120623,48.484571641350314,0.0,0.2,0.2,20.249999999999996,0.8,0.8,900.0,0.003,0.01,9,0.5,0.01103838,0.009970379592760334
0.321,908.7033542018484,48.402050789401336,0.0,0.2,0.2,20.249999999999996,0.8,0.8,900.0,0.003,0.01,9,0.5,0.010696558,0.009963441298620129
0.324,908.7937251150233,48.321937418692094,0.0,0.2,0.2,20.249999999999996,0.8,0.8,900.0,0.003,0.01,8,0.5,0.011707844,0.00999792259501397
0.327,908.8844217543452,48.79458429229586,0.0,0.2,0.2,20.249999999999996,0.8,0.8,900.0,0.003,0.01,9,0.5,0.010690719,0.009990451870608935
0.33,908.9750557610034,48.69038732879653,0.0,0.2,0.2,20.249999999999996,0.8,0.8,900.0,0.003,0.01,9,0.5,0.010829859,0.009980481460623572
0.333,909.0656054956627,48.59263177260642,0.0,0.2,0.2,20.249999999999996,0.8,0.8,900.0,0.003,0.01,9,0.5,0.01269768,0.009968743379605098
0.336,909.1560545556558,48.50171782268558,0.0,0.2,0.2,20.249999999999996,0.8,0.8,900.0,0.003,0.01,8,0.5,0.010126645,0.009998713438472891
0.339,909.2467862273734,48.96911880785008,0.0,0.2,0.2,20.249999999999996,0.8,0.8,900.0,0.003,0.01,9,0.5,0.010886029,0.009986282280229752
0.342,909.3374080636456,48.861403257513274,0.0,0.2,0.2,20.249999999999996,0.8,0.8,900.0,0.003,0.01,9,0.5,0.01274683,0.009971649532653138
0.34500000000000003,909.4279014438561,48.76349299261339,0.0,0.2,0.2,20.249999999999996,0.8,0.8,900.0,0.003,0.01,8,0.5,0.010114906,0.009999144074237493
0.34800000000000003,909.5186538284553,49.22846515574015,0.0,0.2,0.2,20.249999999999996,0.8,0.8,900.0,0.003,0.01,9,0.5,0.010904659,0.009984107326311123
0.35100000000000003,909.6092715598805,49.11818715650599,0.0,0.2,0.2,20.249999999999996,0.8,0.8,900.0,0.003,0.01,9,0.5,0.012527018,0.009967141806922987
0.354,909.6997387440789,49.01963818823083,0.0,0.2,0.2,20.249999999999996,0.8,0.8,900.0,0.003,0.01,8,0.5,0.009906374,0.009992886162984388
0.357,909.7904485787382,49.48702929043356,0.0,0.2,0.2,20.249999999999996,0.8,0.8,900.0,0.003,0.01,9,0.5,0.011125421,0.009976285440137001
0.36,909.8810090964081,49.37849994155145,0.0,0.2,0.2,20.249999999999996,0.8,0.8,900.0,0.003,0.01,9,0.5,0.012768459,0.009958211399441579
0.363,909.971408714903,49.282578053449434,0.0,0.2,0.2,20.249999999999996,0.8,0.8,900.0,0.003,0.01,8,0.5,0.010492717,0.009983413611628522
0.366,910.0620461194086,49.7545224682239,0.0,0.2,0.2,20.249999999999996,0.8,0.8,900.0,0.003,0.01,9,0.5,0.011494093,0.009966604072928811
0.369,910.1525323588502,49.649060216917576,0.0,0.2,0.2,20.249999999999996,0.8,0.8,900.0,0.003,0.01,8,0.5,0.012114426,0.009992504151260987
0.372,910.2432627125313,50.1152774003386,0.0,0.2,0.2,20.249999999999996,0.8,0.8,900.0,0.003,0.01,9,0.5,0.011175321,0.009976375206173378
0.375,910.3338479660893,50.001058396025854,0.0,0.2,0.2,20.249999999999996,0.8,0.8,900.0,0.003,0.01,9,0.5,0.011301232,0.00995911452156103
0.378,910.4242799366139,49.899601498888515,0.0,0.2,0.2,20.249999999999996,0.8,0.8,900.0,0.003,0.01,8,0.5,0.012110986,0.009985513357764835
0.381,910.5149613626029,50.37003768640395,0.0,0.2,0.2,20.249999999999996,0.8,0.8,900.0,0.003,0.01,9,0.5,0.011520723,0.009970323972519676
0.384,910.6055071907153,50.25728181752623,0.0,0.2,0.2,20.249999999999996,0.8,0.8,900.0,0.003,0.01,8,0.5,0.010187666,0.009998179746170082
0.387,910.6963161817816,50.719674530591234,0.0,0.2,0.2,20.249999999999996,0.8,0.8,900.0,0.003,0.01,9,0.5,0.012264567,0.009984468478195679
0.39,910.7870033365024,50.59511440361551,0.0,0.2,0.2,20.249999999999996,0.8,0.8,900.0,0.003,0.01,9,0.5,0.010911869,0.00996994238110593
0.393,910.8775635155739,50.48167207870366,0.0,0.2,0.2,20.249999999999996,0.8,0.8,900.0,0.003,0.01,8,0.5,0.010092595,0.009999189706156276
0.396,910.968400808773,50.94310427197682,0.0,0.2,0.2,20.249999999999996,0.8,0.8,900.0,0.003,0.01,9,0.5,0.01277626,0.009987235701657186
0.399,911.0591336852189,50.81401417610241,0.0,0.2,0.2,20.249999999999996,0.8,0.8,900.0,0.003,0.01,9,0.5,0.0109328,0.00997476438679256
0.402,911.1497597182612,50.69431493985338,0.0,0.2,0.2,20.249999999999996,0.8,0.8,900.0,0.003,0.01,9,0.5,0.011054381,0.00996263231690689
0.405,911.2402827765969,50.582453102118734,0.0,0.2,0.2,20.249999999999996,0.8,0.8,900.0,0.003,0.01,8,0.5,0.012340947,0.009994602966869399
0.40800000000000003,911.3311099820609,51.04332183716019,0.0,0.2,0.2,20.249999999999996,0.8,0.8,900.0,0.003,0.01,9,0.5,0.011033891,0.009985949166191645
0.41100000000000003,911.4218649393514,50.91015277781197,0.0,0.2,0.2,20.249999999999996,0.8,0.8,900.0,0.003,0.01,9,0.5,0.011270431,0.009976960906001473
0.41400000000000003,911.5125467395263,50.78388915587227,0.0,0.2,0.2,20.249999999999996,0.8,0.8,900.0,0.003,0.01,9,0.5,0.012697339,0.009968322752869511
0.417,911.6031592571763,50.663181183782186,0.0,0.2,0.2,20.249999999999996,0.8,0.8,900.0,0.003,0.01,9,0.5,0.011131111,0.009960237536072664
0.42,911.6937082978461,50.54695872330843,0.0,0.2,0.2,20.249999999999996,0.8,0.8,900.0,0.003,0.01,8,0.5,0.009880413,0.009996054866481086
0.423,911.7845990520797,51.000967841545894,0.0,0.2,0.2,20.249999999999996,0.8,0.8,900.0,0.003,0.01,9,0.5,0.012586309,0.00999150978354069
0.426,911.8754573721508,50.85792367674568,0.0,0.2,0.2,20.249999999999996,0.8,0.8,900.0,0.003,0.01,9,0.5,0.010636878,0.009986416220291445
0.429,911.966280258344,50.719496099582,0.0,0.2,0.2,20.249999999999996,0.8,0.8,900.0,0.003,0.01,9,0.5,0.011040791,0.00998136043253822
0.432,912.0570686430607,50.58465319738243,0.0,0.2,0.2,20.249999999999996,0.8,0.8,900.0,0.003,0.01,9,0.5,0.01282762,0.009976484241506397
0.435,912.1478248489449,50.45263673007578,0.0,0.2,0.2,20.249999999999996,0.8,0.8,900.0,0.003,0.01,9,0.5,0.01098962,0.009971960881801262
0.438,912.2385526954821,50.32284993457734,0.0,0.2,0.2,20.249999999999996,0.8,0.8,900.0,0.003,0.01,9,0.5,0.01090545,0.009967893732167915
0.441,912.3292568257149,50.19481098695299,0.0,0.2,0.2,20.249999999999996,0.8,0.8,900.0,0.003,0.01,9,0.5,0.012597079,0.009964312555374732
0.444,912.4199420566721,50.068129033211406,0.0,0.2,0.2,20.249999999999996,0.8,0.8,900.0,0.003,0.01,9,0.5,0.011482553,0.009961196297158092
0.447,912.5106129340093,49.942489110515524,0.0,0.2,0.2,20.249999999999996,0.8,0.8,900.0,0.003,0.01,9,0.5,0.011021331,0.009958492430783056
0.45,912.6012734637401,49.817642155689704,0.0,0.2,0.2,20.249999999999996,0.8,0.8,900.0,0.003,0.01,8,0.5,0.011351492,0.009998919831375673
0.453,912.6923214004822,50.256302569293055,0.0,0.2,0.2,20.249999999999996,0.8,0.8,900.0,0.003,0.01,9,0.5,0.011342322,0.009998758354791743
0.456,912.783380089637,50.09972782263332,0.0,0.2,0.2,20.249999999999996,0.8,0.8,900.0,0.003,0.01,9,0.5,0.011258442,0.009997309495886512
0.459,912.8744393606337,49.94588119997792,0.0,0.2,0.2,20.249999999999996,0.8,0.8,900.0,0.003,0.01,9,0.5,0.01278694,0.00999509793247391
0.462,912.965492479548,49.794307515227516,0.0,0.2,0.2,20.249999999999996,0.8,0.8,900.0,0.003,0.01,9,0.5,0.010766009,0.009992249488063062
0.465,913.0565339638214,49.64474498407941,0.0,0.2,0.2,20.249999999999996,0.8,0.8,900.0,0.003,0.01,9,0.5,0.01100651,0.009988945831029217
0.468,913.1475598982602,49.497044221558085,0.0,0.2,0.2,20.249999999999996,0.8,0.8,900.0,0.003,0.01,9,0.5,0.012560549,0.009985314144337953
0.47100000000000003,913.238567397073,49.35112992372035,0.0,0.2,0.2,20.249999999999996,0.8,0.8,900.0,0.003,0.01,9,0.5,0.010608298,0.009981418105682286
0.47400000000000003,913.3295540439415,49.20698114352361,0.0,0.2,0.2,20.249999999999996,0.8,0.8,900.0,0.003,0.01,9,0.5,0.010720159,0.009977276808803793
0.47700000000000004,913.420517508665,49.06461968408605,0.0,0.2,0.2,20.249999999999996,0.8,0.8,900.0,0.003,0.01,9,0.5,0.012648319,0.009972883015780936
0.48,913.5114553261873,48.92410242316174,0.0,0.2,0.2,20.249999999999996,0.8,0.8,900.0,0.003,0.01,9,0.5,0.010895609,0.009968215711796638
0.483,913.602364781849,48.78551590192004,0.0,0.2,0.2,20.249999999999996,0.8,0.8,900.0,0.003,0.01,9,0.5,0.01109423,0.009963247952964542
0.486,913.6932428693989,48.6489721758967,0.0,0.2,0.2,20.249999999999996,0.8,0.8,900.0,0.003,0.01,9,0.5,0.012525739,0.009957952364610334
0.489,913.7840862918171,48.514605117531,0.0,0.2,0.2,20.249999999999996,0.8,0.8,900.0,0.003,0.01,8,0.5,0.010106575,0.009995503132945435
0.492,913.8752901874849,48.937030383162984,0.0,0.2,0.2,20.249999999999996,0.8,0.8,900.0,0.003,0.01,9,0.5,0.010849879,0.009991357202659647
0.495,913.9664667985554,48.77524711367272,0.0,0.2,0.2,20.249999999999996,0.8,0.8,900.0,0.003,0.01,9,0.5,0.012507799,0.009985350711494333
0.498,914.0576001617902,48.61834543962499,0.0,0.2,0.2,20.249999999999996,0.8,0.8,900.0,0.003,0.01,9,0.5,0.010878419,0.009978071144515514
0.501,914.1486784091729,48.466224171810104,0.0,0.2,0.2,20.249999999999996,0.8,0.8,900.0,0.003,0.01,9,0.5,0.010502117,0.009969722280944036
0.504,914.2396916715089,48.31886175591427,0.0,0.2,0.2,20.249999999999996,0.8,0.8,900.0,0.003,0.01,9,0.5,0.012698029,0.009960565267094408
0.507,914.3306324042711,48.17629652312195,0.0,0.2,0.2,20.249999999999996,0.8,0.8,900.0,0.003,0.01,8,0.5,0.009898455,0.009994438473962648
0.51,914.4218979244364,48.5909932438008,0.0,0.2,0.2,20.249999999999996,0.8,0.8,900.0,0.003,0.01,9,0.5,0.01095883,0.009986052724447178
0.513,914.5130949359858,48.42598234760619,0.0,0.2,0.2,20.249999999999996,0.8,0.8,900.0,0.003,0.01,9,0.5,0.01277703,0.009975830999744802
0.516,914.604207687606,48.268218773622266,0.0,0.2,0.2,20.249999999999996,0.8,0.8,900.0,0.003,0.01,9,0.5,0.011144841,0.009964438762068123
0.519,914.6952252582074,48.11753759572287,0.0,0.2,0.2,20.249999999999996,0.8,0.8,900.0,0.003,0.01,8,0.5,0.010441117,0.009996053130887214
0.522,914.7865452650478,48.52616503207983,0.0,0.2,0.2,20.249999999999996,0.8,0.8,900.0,0.003,0.01,9,0.5,0.012556059,0.009984984482970579
0.525,914.877770393473,48.356887064184995,0.0,0.2,0.2,20.249999999999996,0.8,0.8,900.0,0.003,0.01,9,0.5,0.011290862,0.009972084361618108
0.528,914.9688850870293,48.19664543235922,0.0,0.2,0.2,20.249999999999996,0.8,0.8,900.0,0.003,0.01,9,0.5,0.011459253,0.009958120739538175
0.531,915.0598795409434,48.045120380354845,0.0,0.2,0.2,20.249999999999996,0.8,0.8,900.0,0.003,0.01,8,0.5,0.011647774,0.009987595739799938
0.534,915.1511557358604,48.45375663875411,0.0,0.2,0.2,20.249999999999996,0.8,0.8,900.0,0.003,0.01,9,0.5,0.010699298,0.009974323640357989
0.537,915.24231558705,48.28632019559688,0.0,0.2,0.2,20.249999999999996,0.8,0.8,900.0,0.003,0.01,9,0.5,0.010742488,0.00995946995038459
0.54,915.3333459214882,48.12909701820987,0.0,0.2,0.2,20.249999999999996,0.8,0.8,900.0,0.003,0.01,8,0.5,0.012073625,0.009988112433232789
0.543,915.4246494749627,48.534194908624265,0.0,0.2,0.2,20.249999999999996,0.8,0.8,900.0,0.003,0.01,9,0.5,0.010564878,0.009973807229529537
0.546,915.5158262538638,48.36322377954455,0.0,0.2,0.2,20.249999999999996,0.8,0.8,900.0,0.003,0.01,9,0.5,0.010721218,0.009957918959201078
0.549,915.6068632636254,48.20340553037349,0.0,0.2,0.2,20.249999999999996,0.8,0.8,900.0,0.003,0.01,8,0.5,0.011410032,0.009985732265835974
0.552,915.6981654953327,48.60727882328594,0.0,0.2,0.2,20.249999999999996,0.8,0.8,900.0,0.003,0.01,9,0.5,0.01100528,0.009970599079412891
0.555,915.789332920334,48.43491185572734,0.0,0.2,0.2,20.249999999999996,0.8,0.8,900.0,0.003,0.01,8,0.5,0.009978805,0.009998500900717801
0.558,915.8807659896953,48.82983362319159,0.0,0.2,0.2,20.249999999999996,0.8,0.8,900.0,0.003,0.01,9,0.5,0.01293276,0.009983232825026538
0.561,915.9720624793126,48.646707048669846,0.0,0.2,0.2,20.249999999999996,0.8,0.8,900.0,0.003,0.01,9,0.5,0.0109706,0.00996632992552301
0.5640000000000001,916.0632092143123,48.476029655435894,0.0,0.2,0.2,20.249999999999996,0.8,0.8,900.0,0.003,0.01,8,0.5,0.009641783,0.009993354943726938
0.5670000000000001,916.1546138591948,48.87258643806152,0.0,0.2,0.2,20.249999999999996,0.8,0.8,900.0,0.003,0.01,9,0.5,0.012927311,0.009977422103265838
0.5700000000000001,916.2458762653503,48.69068438163832,0.0,0.2,0.2,20.249999999999996,0.8,0.8,900.0,0.003,0.01,9,0.5,0.010678048,0.009960270797500939
0.5730000000000001,916.3369871032672,48.52096762177286,0.0,0.2,0.2,20.249999999999996,0.8,0.8,900.0,0.003,0.01,8,0.5,0.009761574,0.009987421278153595
0.5760000000000001,916.4283575660278,48.91842001137991,0.0,0.2,0.2,20.249999999999996,0.8,0.8,900.0,0.003,0.01,9,0.5,0.012455008,0.00997183141236108
0.579,916.5195894032287,48.736714867749576,0.0,0.2,0.2,20.249999999999996,0.8,0.8,900.0,0.003,0.01,8,0.5,0.009774373,0.009999797342890627
0.582,916.6110884130387,49.125178276467224,0.0,0.2,0.2,20.249999999999996,0.8,0.8,900.0,0.003,0.01,9,0.5,0.010539807,0.009984829489719224
0.585,916.7024544221143,48.93233606509506,0.0,0.2,0.2,20.249999999999996,0.8,0.8,900.0,0.003,0.01,9,0.5,0.012612909,0.009968550210707638
0.588,916.7936774004438,48.751672865603794,0.0,0.2,0.2,20.249999999999996,0.8,0.8,900.0,0.003,0.01,8,0.5,0.010216616,0.009996527913873
0.591,916.8851685274843,49.14043326011236,0.0,0.2,0.2,20.249999999999996,0.8,0.8,900.0,0.003,0.01,9,0.5,0.010662038,0.009981761919865524
0.594,916.9765295180135,48.947049949172296,0.0,0.2,0.2,20.249999999999996,0.8,0.8,900.0,0.003,0.01,9,0.5,0.012319288,0.009965972262758735
0.597,917.0677529637967,48.765149960247314,0.0,0.2,0.2,20.249999999999996,0.8,0.8,900.0,0.003,0.01,8,0.5,0.009799623,0.009994629337014302
0.6,917.1592517917602,49.15227525439058,0.0,0.2,0.2,20.249999999999996,0.8,0.8,900.0,0.003,0.01,9,0.5,0.01107599,0.00998069259231154
0.603,917.2506289956501,48.95634110612797,0.0,0.2,0.2,20.249999999999996,0.8,0.8,900.0,0.003,0.01,9,0.5,0.012434158,0.009965792385518972
0.606,917.3418776787182,48.771315622011876,0.0,0.2,0.2,20.249999999999996,0.8,0.8,900.0,0.003,0.01,8,0.5,0.009772973,0.009995314387554013
0.609,917.4334106025547,49.15511889890941,0.0,0.2,0.2,20.249999999999996,0.8,0.8,900.0,0.003,0.01,9,0.5,0.010564798,0.009982274381554072
0.612,917.5248309855791,48.95496188320325,0.0,0.2,0.2,20.249999999999996,0.8,0.8,900.0,0.003,0.01,9,0.5,0.012217117,0.009968227980254946
0.615,917.616131516121,48.76525740887064,0.0,0.2,0.2,20.249999999999996,0.8,0.8,900.0,0.003,0.01,8,0.5,0.010216186,0.009998517224647622
0.618,917.7077242194446,49.14433612429802,0.0,0.2,0.2,20.249999999999996,0.8,0.8,900.0,0.003,0.01,9,0.5,0.010810629,0.009986216722701653
0.621,917.7992119916265,48.93866772763902,0.0,0.2,0.2,20.249999999999996,0.8,0.8,900.0,0.003,0.01,9,0.5,0.012457358,0.009972830353605676
0.624,917.8905867603654,48.743134397754574,0.0,0.2,0.2,20.249999999999996,0.8,0.8,900.0,0.003,0.01,9,0.5,0.010392637,0.009959146537986293
0.627,917.9818464285706,48.55668380481309,0.0,0.2,0.2,20.249999999999996,0.8,0.8,900.0,0.003,0.01,8,0.5,0.009753353,0.009990022376945462
0.63,918.0734051456863,48.9363270728802,0.0,0.2,0.2,20.249999999999996,0.8,0.8,900.0,0.003,0.01,9,0.5,0.012290128,0.009978520914259548
0.633,918.164867564456,48.73197882297599,0.0,0.2,0.2,20.249999999999996,0.8,0.8,900.0,0.003,0.01,9,0.5,0.010622528,0.009966041780069186
0.636,918.2562263928368,48.53694157128558,0.0,0.2,0.2,20.249999999999996,0.8,0.8,900.0,0.003,0.01,8,0.5,0.009746503,0.009997773247426154
0.639,918.3478924805581,48.908690024360034,0.0,0.2,0.2,20.249999999999996,0.8,0.8,900.0,0.003,0.01,9,0.5,0.012268548,0.0099868308255563
0.642,918.4394676559973,48.69600165210648,0.0,0.2,0.2,20.249999999999996,0.8,0.8,900.0,0.003,0.01,9,0.5,0.010816149,0.009974607192223667
0.645,918.5309418715847,48.49279556827784,0.0,0.2,0.2,20.249999999999996,0.8,0.8,900.0,0.003,0.01,9,0.5,0.010574168,0.009961867170728392
0.648,918.6223108739117,48.29817892715061,0.0,0.2,0.2,20.249999999999996,0.8,0.8,900.0,0.003,0.01,8,0.5,0.011741104,0.00999348030590625
0.651,918.713986974761,48.66818293896596,0.0,0.2,0.2,20.249999999999996,0.8,0.8,900.0,0.003,0.01,9,0.5,0.010736999,0.009982475293616257
0.654,918.8055722874442,48.45514603932683,0.0,0.2,0.2,20.249999999999996,0.8,0.8,900.0,0.003,0.01,9,0.5,0.010730849,0.00997025790600603
0.657,918.8970571808414,48.251304436867166,0.0,0.2,0.2,20.249999999999996,0.8,0.8,900.0,0.003,0.01,9,0.5,0.012553339,0.009957523151946169
0.66,918.9884372155514,48.05588384921139,0.0,0.2,0.2,20.249999999999996,0.8,0.8,900.0,0.003,0.01,8,0.5,0.009994885,0.009989140152703836
0.663,919.080124689365,48.42338550770352,0.0,0.2,0.2,20.249999999999996,0.8,0.8,900.0,0.003,0.01,9,0.5,0.010626448,0.009978016226694109
0.666,919.1717203264135,48.209559411559844,0.0,0.2,0.2,20.249999999999996,0.8,0.8,900.0,0.003,0.01,9,0.5,0.012627439,0.009965593814191502
0.669,919.2632135747754,48.00496976688042,0.0,0.2,0.2,20.249999999999996,0.8,0.8,900.0,0.003,0.01,8,0.5,0.009924464,0.009997213167100968
0.672,919.3550138865311,48.364308569431564,0.0,0.2,0.2,20.249999999999996,0.8,0.8,900.0,0.003,0.01,9,0.5,0.010390317,0.009985706473485387
0.675,919.4467183049885,48.14265733376256,0.0,0.2,0.2,20.249999999999996,0.8,0.8,900.0,0.003,0.01,9,0.5,0.012462008,0.009972628854538392
0.678,919.53831382929,47.93090698516178,0.0,0.2,0.2,20.249999999999996,0.8,0.8,900.0,0.003,0.01,9,0.5,0.0108935,0.009958767079909735
0.681,919.6297935041671,47.72834490036906,0.0,0.2,0.2,20.249999999999996,0.8,0.8,900.0,0.003,0.01,8,0.5,0.009963875,0.009989260722547997
0.684,919.7215699213378,48.0876588444329,0.0,0.2,0.2,20.249999999999996,0.8,0.8,900.0,0.003,0.01,9,0.5,0.012460768,0.009976665446448403
0.687,919.8132401702435,47.86838950307744,0.0,0.2,0.2,20.249999999999996,0.8,0.8,900.0,0.003,0.01,9,0.5,0.01091417,0.009962666367237897
0.6900000000000001,919.9047925999455,47.65920882771822,0.0,0.2,0.2,20.249999999999996,0.8,0.8,900.0,0.003,0.01,8,0.5,0.010058795,0.009992855717224969
0.6930000000000001,919.9966382842464,48.01266964722435,0.0,0.2,0.2,20.249999999999996,0.8,0.8,900.0,0.003,0.01,9,0.5,0.012263827,0.009979630154512158
0.6960000000000001,920.0883711468028,47.78830115241791,0.0,0.2,0.2,20.249999999999996,0.8,0.8,900.0,0.003,0.01,9,0.5,0.01092322,0.009964807121406056
0.6990000000000001,920.1799778290041,47.57474117193823,0.0,0.2,0.2,20.249999999999996,0.8,0.8,900.0,0.003,0.01,8,0.5,0.010225626,0.009994181927320211
0.7020000000000001,920.2718697417922,47.9241642818482,0.0,0.2,0.2,20.249999999999996,0.8,0.8,900.0,0.003,0.01,9,0.5,0.012236327,0.009979970826396555
0.705,920.3636390873367,47.69669321481578,0.0,0.2,0.2,20.249999999999996,0.8,0.8,900.0,0.003,0.01,9,0.5,0.011194831,0.009964154504945992
0.708,920.4552724524591,47.48063790082068,0.0,0.2,0.2,20.249999999999996,0.8,0.8,900.0,0.003,0.01,8,0.5,0.010674638,0.009992674994967315
0.711,920.5471827297331,47.82760773879923,0.0,0.2,0.2,20.249999999999996,0.8,0.8,900.0,0.003,0.01,9,0.5,0.01276035,0.009977519350408552
0.714,920.6389611236598,47.598726984061024,0.0,0.2,0.2,20.249999999999996,0.8,0.8,900.0,0.003,0.01,9,0.5,0.010740289,0.009960809749841735
0.717,920.7305946957797,47.38176399834389,0.0,0.2,0.2,20.249999999999996,0.8,0.8,900.0,0.003,0.01,8,0.5,0.009865984,0.00998860097163902
0.72,920.8224980503829,47.72762291375481,0.0,0.2,0.2,20.249999999999996,0.8,0.8,900.0,0.003,0.01,9,0.5,0.012221807,0.009972665631117686
0.723,920.9142617654159,47.498706721725206,0.0,0.2,0.2,20.249999999999996,0.8,0.8,900.0,0.003,0.01,9,0.5,0.010713579,0.009955245958939275
0.726,921.0058735569031,47.282095108676046,0.0,0.2,0.2,20.249999999999996,0.8,0.8,900.0,0.003,0.01,8,0.5,0.010015215,0.009982486594062433
0.729,921.0977497082486,47.62789994330266,0.0,0.2,0.2,20.249999999999996,0.8,0.8,900.0,0.003,0.01,9,0.5,0.01273996,0.00996597911254485
0.732,921.1894804496299,47.399968293465655,0.0,0.2,0.2,20.249999999999996,0.8,0.8,900.0,0.003,0.01,8,0.5,0.010659948,0.00999338297675205
0.735,921.281476494755,47.737123733063804,0.0,0.2,0.2,20.249999999999996,0.8,0.8,900.0,0.003,0.01,9,0.5,0.010725159,0.009976735991014065
0.738,921.3733250722569,47.49962749542249,0.0,0.2,0.2,20.249999999999996,0.8,0.8,900.0,0.003,0.01,9,0.5,0.011955135,0.009958381010384283
0.741,921.4650120194448,47.27553403997556,0.0,0.2,0.2,20.249999999999996,0.8,0.8,900.0,0.003,0.01,8,0.5,0.010181975,0.009984731137242076
0.744,921.5569545628366,47.61524219206127,0.0,0.2,0.2,20.249999999999996,0.8,0.8,900.0,0.003,0.01,9,0.5,0.010698158,0.009967161003800932
0.747,921.6487412133448,47.38138769350832,0.0,0.2,0.2,20.249999999999996,0.8,0.8,900.0,0.003,0.01,8,0.5,0.011640214,0.009993701633780197
0.75,921.740784934666,47.713610532615775,0.0,0.2,0.2,20.249999999999996,0.8,0.8,900.0,0.003,0.01,9,0.5,0.010834959,0.009976117161313355
0.753,921.8326721027091,47.47135645188144,0.0,0.2,0.2,20.249999999999996,0.8,0.8,900.0,0.003,0.01,9,0.5,0.010509087,0.009956928014881829
0.756,921.9243895903871,47.243036736171284,0.0,0.2,0.2,20.249999999999996,0.8,0.8,900.0,0.003,0.01,8,0.5,0.011313412,0.009982682586916028
0.759,922.0163571776571,47.57904169905994,0.0,0.2,0.2,20.249999999999996,0.8,0.8,900.0,0.003,0.01,9,0.5,0.010502107,0.009964500956066073
0.762,922.108163050861,47.34162109471186,0.0,0.2,0.2,20.249999999999996,0.8,0.8,900.0,0.003,0.01,8,0.5,0.009948564,0.009990647095608606
0.765,922.2002224875266,47.67059019301198,0.0,0.2,0.2,20.249999999999996,0.8,0.8,900.0,0.003,0.01,9,0.5,0.01265586,0.009972663127795994
0.768,922.2921216471605,47.42518763673953,0.0,0.2,0.2,20.249999999999996,0.8,0.8,900.0,0.003,0.01,8,0.5,0.009802823,0.009998792079991436
0.771,922.3842740600296,47.747877805915,0.0,0.2,0.2,20.249999999999996,0.8,0.8,900.0,0.003,0.01,9,0.5,0.010729168,0.009980589052765427
0.774,922.4762640467767,47.4953283273767,0.0,0.2,0.2,20.249999999999996,0.8,0.8,900.0,0.003,0.01,9,0.5,0.012194517,0.009960773587651978
0.777,922.5680785762077,47.25731534034183,0.0,0.2,0.2,20.249999999999996,0.8,0.8,900.0,0.003,0.01,8,0.5,0.009702063,0.009986089276767543
0.78,922.6601396366731,47.58496628384503,0.0,0.2,0.2,20.249999999999996,0.8,0.8,900.0,0.003,0.01,9,0.5,0.010760619,0.00996739703701372
0.783,922.7520345610588,47.3384940741926,0.0,0.2,0.2,20.249999999999996,0.8,0.8,900.0,0.003,0.01,8,0.5,0.011920716,0.009993238586149023
0.786,922.844180911615,47.65947023742409,0.0,0.2,0.2,20.249999999999996,0.8,0.8,900.0,0.003,0.01,9,0.5,0.010824399,0.009974899029343922
0.789,922.9361641668798,47.405439765474036,0.0,0.2,0.2,20.249999999999996,0.8,0.8,900.0,0.003,0.01,9,0.5,0.010744729,0.00995512044185969
0.792,923.0279728310433,47.16579129445395,0.0,0.2,0.2,20.249999999999996,0.8,0.8,900.0,0.003,0.01,8,0.5,0.011387832,0.009980628838584924
0.795,923.1200305054182,47.49120634370987,0.0,0.2,0.2,20.249999999999996,0.8,0.8,900.0,0.003,0.01,9,0.5,0.010412626,0.009962152325725462
0.798,923.2119245490651,47.242730609025436,0.0,0.2,0.2,20.249999999999996,0.8,0.8,900.0,0.003,0.01,8,0.5,0.010014024,0.009988283917299414
0.801,923.3040733945238,47.56111606379796,0.0,0.2,0.2,20.249999999999996,0.8,0.8,900.0,0.003,0.01,9,0.5,0.012263737,0.009970220132808525
0.804,923.3960622114375,47.30474767122595,0.0,0.2,0.2,20.249999999999996,0.8,0.8,900.0,0.003,0.01,8,0.5,0.010121605,0.009996491363604872
0.807,923.4883071077445,47.61670957561992,0.0,0.2,0.2,20.249999999999996,0.8,0.8,900.0,0.003,0.01,9,0.5,0.010769449,0.009978345153788473
0.81,923.5803912244328,47.35316075806053,0.0,0.2,0.2,20.249999999999996,0.8,0.8,900.0,0.003,0.01,9,0.5,0.012173407,0.009958620612113667
0.8130000000000001,923.6723018643548,47.104233716638234,0.0,0.2,0.2,20.249999999999996,0.8,0.8,900.0,0.003,0.01,8,0.5,0.009910244,0.00998419034303299
0.8160000000000001,923.7644630402523,47.42088153461862,0.0,0.2,0.2,20.249999999999996,0.8,0.8,900.0,0.003,0.01,9,0.5,0.01093132,0.009965640478584068
0.8190000000000001,923.8564606466541,47.163360092838964,0.0,0.2,0.2,20.249999999999996,0.8,0.8,900.0,0.003,0.01,8,0.5,0.011916356,0.009991753287374859
0.8220000000000001,923.9487138796638,47.47305274662054,0.0,0.2,0.2,20.249999999999996,0.8,0.8,900.0,0.003,0.01,9,0.5,0.010817309,0.009973546799049705
0.8250000000000001,924.0408065138948,47.207886885465086,0.0,0.2,0.2,20.249999999999996,0.8,0.8,900.0,0.003,0.01,8,0.5,0.010115215,0.009999743667713475
0.8280000000000001,924.1331555234948,47.51125673856274,0.0,0.2,0.2,20.249999999999996,0.8,0.8,900.0,0.003,0.01,9,0.5,0.012572928,0.009981398204281573
0.8310000000000001,924.2253426222309,47.239192393037,0.0,0.2,0.2,20.249999999999996,0.8,0.8,900.0,0.003,0.01,9,0.5,0.010727859,0.009961441199529854
0.834,924.3173547544128,46.981964122528325,0.0,0.2,0.2,20.249999999999996,0.8,0.8,900.0,0.003,0.01,8,0.5,0.009941874,0.009986856684645105
0.837,924.4096168930761,47.290292028670045,0.0,0.2,0.2,20.249999999999996,0.8,0.8,900.0,0.003,0.01,9,0.5,0.01298322,0.009968021027602126
0.84,924.5017134191083,47.02481014845069,0.0,0.2,0.2,20.249999999999996,0.8,0.8,900.0,0.003,0.01,8,0.5,0.010699928,0.009993925593201024
0.843,924.5940644500139,47.32638985148067,0.0,0.2,0.2,20.249999999999996,0.8,0.8,900.0,0.003,0.01,9,0.5,0.011615113,0.009975368879151346
0.846,924.6862521305599,47.05366210010627,0.0,0.2,0.2,20.249999999999996,0.8,0.8,900.0,0.003,0.01,9,0.5,0.012872701,0.00995530254138536
0.849,924.7782641904925,46.795653926158565,0.0,0.2,0.2,20.249999999999996,0.8,0.8,900.0,0.003,0.01,8,0.5,0.009728063,0.009980712569462388
0.852,924.8705266674821,47.10187810950369,0.0,0.2,0.2,20.249999999999996,0.8,0.8,900.0,0.003,0.01,9,0.5,0.01083949,0.009961824903925394
0.855,924.9626232434058,46.835535930173286,0.0,0.2,0.2,20.249999999999996,0.8,0.8,900.0,0.003,0.01,8,0.5,0.011282121,0.009987725570445288
0.858,925.0549746180789,47.134960293526845,0.0,0.2,0.2,20.249999999999996,0.8,0.8,900.0,0.003,0.01,9,0.5,0.011219281,0.009969087980051342
0.861,925.1471619601602,46.861393509908815,0.0,0.2,0.2,20.249999999999996,0.8,0.8,900.0,0.003,0.01,8,0.5,0.009797304,0.009994965807812232
0.864,925.2396036473027,47.154800841391996,0.0,0.2,0.2,20.249999999999996,0.8,0.8,900.0,0.003,0.01,9,0.5,0.01273806,0.009976062777157244
0.867,925.3318785944645,46.87490730636212,0.0,0.2,0.2,20.249999999999996,0.8,0.8,900.0,0.003,0.01,9,0.5,0.010648428,0.009955480312791722
0.87,925.4239729792461,46.61020047067616,0.0,0.2,0.2,20.249999999999996,0.8,0.8,900.0,0.003,0.01,8,0.5,0.009997344,0.009980402864218377
0.873,925.5163134435124,46.90930581685781,0.0,0.2,0.2,20.249999999999996,0.8,0.8,900.0,0.003,0.01,9,0.5,0.012559409,0.009960833684535894
0.876,925.6084815298641,46.63712285335067,0.0,0.2,0.2,20.249999999999996,0.8,0.8,900.0,0.003,0.01,8,0.5,0.010074215,0.009986148082394843
0.879,925.7008991039589,46.93011475022253,0.0,0.2,0.2,20.249999999999996,0.8,0.8,900.0,0.003,0.01,9,0.5,0.01112044,0.009966756709466127
0.882,925.7931454226418,46.65156140271193,0.0,0.2,0.2,20.249999999999996,0.8,0.8,900.0,0.003,0.01,8,0.5,0.012430048,0.009992004563840732
0.885,925.8856402993749,46.93924384558297,0.0,0.2,0.2,20.249999999999996,0.8,0.8,900.0,0.003,0.01,9,0.5,0.01102693,0.009972321357234332
0.888,925.9779608873858,46.655223990999296,0.0,0.2,0.2,20.249999999999996,0.8,0.8,900.0,0.003,0.01,8,0.5,0.009928174,0.009997214058377057
0.891,926.07052661538,46.938261845907576,0.0,0.2,0.2,20.249999999999996,0.8,0.8,900.0,0.003,0.01,9,0.5,0.012379177,0.00997705201360803
0.894,926.1629134350472,46.64953074927395,0.0,0.2,0.2,20.249999999999996,0.8,0.8,900.0,0.003,0.01,9,0.5,0.01102323,0.009955178701371636
0.897,926.2551072023426,46.3767982242465,0.0,0.2,0.2,20.249999999999996,0.8,0.8,900.0,0.003,0.01,8,0.5,0.009940905,0.009979018389911718
0.9,926.3475369380619,46.667498297612745,0.0,0.2,0.2,20.249999999999996,0.8,0.8,900.0,0.003,0.01,9,0.5,0.012714339,0.009958177400891867
0.903,926.4397819772887,46.38875317423987,0.0,0.2,0.2,20.249999999999996,0.8,0.8,900.0,0.003,0.01,8,0.5,0.010022815,0.009982450323386148
0.906,926.5322667409262,46.67453314561572,0.0,0.2,0.2,20.249999999999996,0.8,0.8,900.0,0.003,0.01,9,0.5,0.010400467,0.009961852656758549
0.909,926.6245684915546,46.390773375143795,0.0,0.2,0.2,20.249999999999996,0.8,0.8,900.0,0.003,0.01,8,0.5,0.011254892,0.009986127835469956
0.912,926.7171096319541,46.672360501750106,0.0,0.2,0.2,20.249999999999996,0.8,0.8,900.0,0.003,0.01,9,0.5,0.010522618,0.009965324798709674
0.915,926.8094654905152,46.38438150797019,0.0,0.2,0.2,20.249999999999996,0.8,0.8,900.0,0.003,0.01,8,0.5,0.010106425,0.009989328532764935
0.918,926.9020580724905,46.66235372085144,0.0,0.2,0.2,20.249999999999996,0.8,0.8,900.0,0.003,0.01,9,0.5,0.012459327,0.009968146829307615
0.921,926.9944616638925,46.37079167241659,0.0,0.2,0.2,20.249999999999996,0.8,0.8,900.0,0.003,0.01,8,0.5,0.009911894,0.009991804632223465
0.924,927.0870987197294,46.64562622033822,0.0,0.2,0.2,20.249999999999996,0.8,0.8,900.0,0.003,0.01,9,0.5,0.010425787,0.00997021709306168
0.927,927.1795428921849,46.3510100040604,0.0,0.2,0.2,20.249999999999996,0.8,0.8,900.0,0.003,0.01,8,0.5,0.011507023,0.00999353432416471
0.93,927.2722173590847,46.62310963777924,0.0,0.2,0.2,20.249999999999996,0.8,0.8,900.0,0.003,0.01,9,0.5,0.010726408,0.009971565557826492
0.933,927.3646953060681,46.32588745158395,0.0,0.2,0.2,20.249999999999996,0.8,0.8,900.0,0.003,0.01,8,0.5,0.009769424,0.009994573621918412
0.936,927.4574006849315,46.59559499664971,0.0,0.2,0.2,20.249999999999996,0.8,0.8,900.0,0.003,0.01,9,0.5,0.012593249,0.009972263076659103
0.9390000000000001,927.5499062882528,46.29614895484371,0.0,0.2,0.2,20.249999999999996,0.8,0.8,900.0,0.003,0.01,8,0.5,0.010140225,0.009994999629966243
0.9420000000000001,927.6426368237081,46.56375647758301,0.0,0.2,0.2,20.249999999999996,0.8,0.8,900.0,0.003,0.01,9,0.5,0.010822529,0.00997238958765325
0.9450000000000001,927.7351647315033,46.2624115075746,0.0,0.2,0.2,20.249999999999996,0.8,0.8,900.0,0.003,0.01,8,0.5,0.011518773,0.00999489221449675
0.9480000000000001,927.8279154250729,46.5281655411531,0.0,0.2,0.2,20.249999999999996,0.8,0.8,900.0,0.003,0.01,9,0.5,0.010797949,0.009972021643380267
0.9510000000000001,927.9204610042558,46.22519639532173,0.0,0.2,0.2,20.249999999999996,0.8,0.8,900.0,0.003,0.01,8,0.5,0.009916624,0.00999432301333475
0.9540000000000001,928.013227532233,46.48930514920762,0.0,0.2,0.2,20.249999999999996,0.8,0.8,900.0,0.003,0.01,9,0.5,0.012620119,0.009971225653178343
0.9570000000000001,928.105786779192,46.184945549787756,0.0,0.2,0.2,20.249999999999996,0.8,0.8,900.0,0.003,0.01,8,0.5,0.010052605,0.009993354065571999
0.96,928.1985654045785,46.44758572169184,0.0,0.2,0.2,20.249999999999996,0.8,0.8,900.0,0.003,0.01,9,0.5,0.010695369,0.00997005857723904
0.963,928.2911348524093,46.14203569195024,0.0,0.2,0.2,20.249999999999996,0.8,0.8,900.0,0.003,0.01,8,0.5,0.011309152,0.009992037845217088
0.966,928.3839223317891,46.40335820289688,0.0,0.2,0.2,20.249999999999996,0.8,0.8,900.0,0.003,0.01,9,0.5,0.010589788,0.009968567496341724
0.969,928.476498952196,46.096790399078735,0.0,0.2,0.2,20.249999999999996,0.8,0.8,900.0,0.003,0.01,8,0.5,0.010077485,0.009990415503500508
0.972,928.5692924210039,46.35692651274225,0.0,0.2,0.2,20.249999999999996,0.8,0.8,900.0,0.003,0.01,9,0.5,0.012285367,0.009966787053301795
0.975,928.6618735033587,46.049494425766554,0.0,0.2,0.2,20.249999999999996,0.8,0.8,900.0,0.003,0.01,8,0.5,0.009866883,0.009988516844856266
0.978,928.7546703721875,46.30856288898157,0.0,0.2,0.2,20.249999999999996,0.8,0.8,900.0,0.003,0.01,9,0.5,0.010895059,0.009964743542446884
0.981,928.8472534524886,46.000407194480616,0.0,0.2,0.2,20.249999999999996,0.8,0.8,900.0,0.003,0.01,8,0.5,0.011675163,0.009986366280990195
0.984,928.940051362059,46.258517428145616,0.0,0.2,0.2,20.249999999999996,0.8,0.8,900.0,0.003,0.01,9,0.5,0.010903219,0.00996245929039851
0.987,929.0326341835761,45.94976758765354,0.0,0.2,0.2,20.249999999999996,0.8,0.8,900.0,0.003,0.01,8,0.5,0.010228026,0.009983984019115068
0.99,929.1254309580277,46.20702068915161,0.0,0.2,0.2,20.249999999999996,0.8,0.8,900.0,0.003,0.01,9,0.5,0.01273364,0.009959951978809277
0.993,929.2180114195602,45.897796568309246,0.0,0.2,0.2,20.249999999999996,0.8,0.8,900.0,0.003,0.01,8,0.5,0.010237596,0.009981385619437249
0.996,929.3108050139211,46.1542869518378,0.0,0.2,0.2,20.249999999999996,0.8,0.8,900.0,0.003,0.01,9,0.5,0.01093722,0.009957235319400454
0.999,929.4033811278063,45.84470051626176,0.0,0.2,0.2,20.249999999999996,0.8,0.8,900.0,0.003,0.01,8,0.5,0.011544964,0.009978584364887346
1.002,929.4961696119743,46.10051678994106,0.0,0.2,0.2,20.249999999999996,0.8,0.8,900.0,0.003,0.01,9,0.5,0.010635878,0.009954323319988799
1.0050000000000001,929.588739508747,45.79067124140453,0.0,0.2,0.2,20.249999999999996,0.8,0.8,900.0,0.003,0.01,8,0.5,0.010582948,0.009975593234884644
1.008,929.6815210519783,46.04589536769387,0.0,0.2,0.2,20.249999999999996,0.8,0.8,900.0,0.003,0.01,8,0.5,0.011666464,0.009998208199777803
1.0110000000000001,929.7745250913403,46.285978300040114,0.0,0.2,0.2,20.249999999999996,0.8,0.8,900.0,0.003,0.01,9,0.5,0.010848739,0.009974234409698725
1.014,929.8673123008012,45.95865425781097,0.0,0.2,0.2,20.249999999999996,0.8,0.8,900.0,0.003,0.01,8,0.5,0.010193335,0.00999530876267311
1.0170000000000001,929.9603086742167,46.20016734093329,0.0,0.2,0.2,20.249999999999996,0.8,0.8,900.0,0.003,0.01,9,0.5,0.01287198,0.009970247125376749
1.02,930.0530782910301,45.8749654506564,0.0,0.2,0.2,20.249999999999996,0.8,0.8,900.0,0.003,0.01,8,0.5,0.010655258,0.009990586973864948
1.0230000000000001,930.1460506882948,46.117584327212406,0.0,0.2,0.2,20.249999999999996,0.8,0.8,900.0,0.003,0.01,9,0.5,0.010625418,0.009964984191667454
1.026,930.238791602655,45.794144409013775,0.0,0.2,0.2,20.249999999999996,0.8,0.8,900.0,0.003,0.01,8,0.5,0.011925985,0.009985057738376497
1.029,930.3317330562147,46.03766961862579,0.0,0.2,0.2,20.249999999999996,0.8,0.8,900.0,0.003,0.01,9,0.5,0.010696878,0.009959283127469732
1.032,930.4244414895213,45.715791601572846,0.0,0.2,0.2,20.249999999999996,0.8,0.8,900.0,0.003,0.01,8,0.5,0.010357567,0.009979301777959656
1.035,930.5173500246594,45.960098832995364,0.0,0.2,0.2,20.249999999999996,0.8,0.8,900.0,0.003,0.01,9,0.5,0.012622239,0.009953497607370076
1.038,930.6100252036003,45.63964515253901,0.0,0.2,0.2,20.249999999999996,0.8,0.8,900.0,0.003,0.01,8,0.5,0.010038435,0.00997353617517492
1.041,930.7029006753286,45.8846412592836,0.0,0.2,0.2,20.249999999999996,0.8,0.8,900.0,0.003,0.01,8,0.5,0.010008265,0.009994976421030255
1.044,930.7959878312332,46.11498410506875,0.0,0.2,0.2,20.249999999999996,0.8,0.8,900.0,0.003,0.01,9,0.5,0.01284931,0.0099696443144343
1.047,930.8888450512572,45.77911122257734,0.0,0.2,0.2,20.249999999999996,0.8,0.8,900.0,0.003,0.01,8,0.5,0.010135685,0.009989655538966205
1.05,930.9819015807989,46.011967767578774,0.0,0.2,0.2,20.249999999999996,0.8,0.8,900.0,0.003,0.01,9,0.5,0.01091471,0.009963358365684771
1.053,931.0747193526062,45.67945400972857,0.0,0.2,0.2,20.249999999999996,0.8,0.8,900.0,0.003,0.01,8,0.5,0.012133917,0.009982748887274911
1.056,931.1677310822283,45.914357878066404,0.0,0.2,0.2,20.249999999999996,0.8,0.8,900.0,0.003,0.01,9,0.5,0.010717758,0.009956036441211647
1.059,931.2605004704965,45.58467748179984,0.0,0.2,0.2,20.249999999999996,0.8,0.8,900.0,0.003,0.01,8,0.5,0.010258676,0.009975272720278032
1.062,931.3534625952345,45.8213032099764,0.0,0.2,0.2,20.249999999999996,0.8,0.8,900.0,0.003,0.01,8,0.5,0.011692944,0.009995902304529205
1.065,931.446628838847,46.043649903073636,0.0,0.2,0.2,20.249999999999996,0.8,0.8,900.0,0.003,0.01,9,0.5,0.010761589,0.009969609639081823
1.068,931.5395558492793,45.70016177833397,0.0,0.2,0.2,20.249999999999996,0.8,0.8,900.0,0.003,0.01,8,0.5,0.009686463,0.009988853185917353
1.071,931.6326750311501,45.92585458151572,0.0,0.2,0.2,20.249999999999996,0.8,0.8,900.0,0.003,0.01,9,0.5,0.012433198,0.009961669539461796
1.074,931.7255468863249,45.58666862737538,0.0,0.2,0.2,20.249999999999996,0.8,0.8,900.0,0.003,0.01,8,0.5,0.010067395,0.009980374777770496
1.077,931.8186063542819,45.81511803241058,0.0,0.2,0.2,20.249999999999996,0.8,0.8,900.0,0.003,0.01,9,0.5,0.010781698,0.009952874197938088
1.08,931.9114158507264,45.479572209885696,0.0,0.2,0.2,20.249999999999996,0.8,0.8,900.0,0.003,0.01,8,0.5,0.011387422,0.009971516287323139
1.083,932.0044126059894,45.71035232226927,0.0,0.2,0.2,20.249999999999996,0.8,0.8,900.0,0.003,0.01,8,0.5,0.009969474,0.009991594410572768
1.086,932.0976084261805,45.92706900789173,0.0,0.2,0.2,20.249999999999996,0.8,0.8,900.0,0.003,0.01,9,0.5,0.01096301,0.009964655837312696
1.089,932.1905587218208,45.57866953516652,0.0,0.2,0.2,20.249999999999996,0.8,0.8,900.0,0.003,0.01,8,0.5,0.011711134,0.009983424836311868
1.092,932.2836968397683,45.799241637010184,0.0,0.2,0.2,20.249999999999996,0.8,0.8,900.0,0.003,0.01,9,0.5,0.01095051,0.009955675898354338
1.095,932.3765821139837,45.45572175676304,0.0,0.2,0.2,20.249999999999996,0.8,0.8,900.0,0.003,0.01,8,0.5,0.010388607,0.009973978500073253
1.098,932.4696513483613,45.67948948146041,0.0,0.2,0.2,20.249999999999996,0.8,0.8,900.0,0.003,0.01,8,0.5,0.011312622,0.009993628048643132
1.101,932.5629156383906,45.889490998150386,0.0,0.2,0.2,20.249999999999996,0.8,0.8,900.0,0.003,0.01,9,0.5,0.010839789,0.009966107061803377
1.104,932.655928770638,45.53443483743533,0.0,0.2,0.2,20.249999999999996,0.8,0.8,900.0,0.003,0.01,8,0.5,0.010151005,0.009984388440696853
1.107,932.749125270022,45.748964641756636,0.0,0.2,0.2,20.249999999999996,0.8,0.8,900.0,0.003,0.01,9,0.5,0.012571299,0.00995604782439709
1.11,932.842063299667,45.39955466083786,0.0,0.2,0.2,20.249999999999996,0.8,0.8,900.0,0.003,0.01,8,0.5,0.009778234,0.009973886216777188
1.113,932.9351811101626,45.61785803497221,0.0,0.2,0.2,20.249999999999996,0.8,0.8,900.0,0.003,0.01,8,0.5,0.010261846,0.009993093297979335
1.116,933.0284900290486,45.822605517998014,0.0,0.2,0.2,20.249999999999996,0.8,0.8,900.0,0.003,0.01,9,0.5,0.012649299,0.009965050230199009
1.119,933.1215428596079,45.4625901403592,0.0,0.2,0.2,20.249999999999996,0.8,0.8,900.0,0.003,0.01,8,0.5,0.009583412,0.009982935590366842
1.122,933.2147755448196,45.672370580016754,0.0,0.2,0.2,20.249999999999996,0.8,0.8,900.0,0.003,0.01,9,0.5,0.011143371,0.009954124510975604
1.125,933.3077453296187,45.31858766209186,0.0,0.2,0.2,20.249999999999996,0.8,0.8,900.0,0.003,0.01,8,0.5,0.011745794,0.009971613689332517
1.1280000000000001,933.40089183293,45.53259305323706,0.0,0.2,0.2,20.249999999999996,0.8,0.8,900.0,0.003,0.01,8,0.5,0.009785283,0.009990492230280531
1.131,933.4942265938699,45.73321164231675,0.0,0.2,0.2,20.249999999999996,0.8,0.8,900.0,0.003,0.01,9,0.5,0.010694948,0.009962048784764095
1.1340000000000001,933.587301498644,45.36956672567011,0.0,0.2,0.2,20.249999999999996,0.8,0.8,900.0,0.003,0.01,8,0.5,0.011897805,0.009979641099998946
1.137,933.6805537203466,45.575630217575004,0.0,0.2,0.2,20.249999999999996,0.8,0.8,900.0,0.003,0.01,8,0.5,0.009814783,0.009998364870146255
1.1400000000000001,933.7739925137655,45.768731131895066,0.0,0.2,0.2,20.249999999999996,0.8,0.8,900.0,0.003,0.01,9,0.5,0.010828199,0.009969501870105311
1.143,933.8671672621941,45.39708635811445,0.0,0.2,0.2,20.249999999999996,0.8,0.8,900.0,0.003,0.01,8,0.5,0.011405142,0.009986633306121373
1.1460000000000001,933.960515026562,45.59653155973959,0.0,0.2,0.2,20.249999999999996,0.8,0.8,900.0,0.003,0.01,9,0.5,0.011067191,0.009956848168484763
1.149,934.0535906878105,45.232617425065634,0.0,0.2,0.2,20.249999999999996,0.8,0.8,900.0,0.003,0.01,8,0.5,0.010155216,0.00997353453435342
1.1520000000000001,934.1468358776746,45.43742672484658,0.0,0.2,0.2,20.249999999999996,0.8,0.8,900.0,0.003,0.01,8,0.5,0.012014895,0.009991620926905611
1.155,934.2402622743799,45.62928881331144,0.0,0.2,0.2,20.249999999999996,0.8,0.8,900.0,0.003,0.01,9,0.5,0.010748338,0.009962229785906775
1.158,934.3334199136061,45.257381918539934,0.0,0.2,0.2,20.249999999999996,0.8,0.8,900.0,0.003,0.01,8,0.5,0.009950455,0.009979072924190736
1.161,934.4267481870747,45.45570234369794,0.0,0.2,0.2,20.249999999999996,0.8,0.8,900.0,0.003,0.01,8,0.5,0.011419642,0.009997072336352745
1.164,934.520256596353,45.64146112319882,0.0,0.2,0.2,20.249999999999996,0.8,0.8,900.0,0.003,0.01,9,0.5,0.010620298,0.00996734573971673
1.167,934.6134928065413,45.26322785840186,0.0,0.2,0.2,20.249999999999996,0.8,0.8,900.0,0.003,0.01,8,0.5,0.010053555,0.009983805639882444
1.17,934.7068960326765,45.45624436029584,0.0,0.2,0.2,20.249999999999996,0.8,0.8,900.0,0.003,0.01,9,0.5,0.012425288,0.009953215673435828
1.173,934.800019520085,45.08680587336667,0.0,0.2,0.2,20.249999999999996,0.8,0.8,900.0,0.003,0.01,8,0.5,0.009858974,0.009969285354523195
1.176,934.8933070166137,45.286023371256526,0.0,0.2,0.2,20.249999999999996,0.8,0.8,900.0,0.003,0.01,8,0.5,0.009910124,0.009986779574981994
1.179,934.9867704305074,45.472636393673596,0.0,0.2,0.2,20.249999999999996,0.8,0.8,900.0,0.003,0.01,9,0.5,0.012147466,0.009956668306231736
1.182,935.0799581645555,45.0965932090238,0.0,0.2,0.2,20.249999999999996,0.8,0.8,900.0,0.003,0.01,8,0.5,0.009907324,0.009972963612468078
1.185,935.1733115823967,45.29042330092047,0.0,0.2,0.2,20.249999999999996,0.8,0.8,900.0,0.003,0.01,8,0.5,0.009776444,0.009990433780046073
1.188,935.2668403564724,45.47200737914226,0.0,0.2,0.2,20.249999999999996,0.8,0.8,900.0,0.003,0.01,9,0.5,0.012524899,0.00996005099340468
1.191,935.3600905184668,45.090890789420804,0.0,0.2,0.2,20.249999999999996,0.8,0.8,900.0,0.003,0.01,8,0.5,0.009963774,0.009976015488262453
1.194,935.453503150286,45.280420167077935,0.0,0.2,0.2,20.249999999999996,0.8,0.8,900.0,0.003,0.01,8,0.5,0.009858354,0.009993095060816167
1.197,935.5470874311642,45.45797814308599,0.0,0.2,0.2,20.249999999999996,0.8,0.8,900.0,0.003,0.01,9,0.5,0.012447038,0.009962213661628931
1.2,935.6403882512602,45.072916087300754,0.0,0.2,0.2,20.249999999999996,0.8,0.8,900.0,0.003,0.01,8,0.5,0.009946654,0.009977750061444624
1.203,935.7338475270416,45.258999886666885,0.0,0.2,0.2,20.249999999999996,0.8,0.8,900.0,0.003,0.01,8,0.5,0.009734004,0.00999440560323373
1.206,935.8274744944995,45.43334309812165,0.0,0.2,0.2,20.249999999999996,0.8,0.8,900.0,0.003,0.01,9,0.5,0.012226316,0.009963035007973877
1.209,935.920813273461,45.04526163052813,0.0,0.2,0.2,20.249999999999996,0.8,0.8,900.0,0.003,0.01,8,0.5,0.009785263,0.009978176295071141
1.212,936.0143068131626,45.22861410072923,0.0,0.2,0.2,20.249999999999996,0.8,0.8,900.0,0.003,0.01,8,0.5,0.010637338,0.00999445428135322
1.215,936.107964519136,45.40041964527255,0.0,0.2,0.2,20.249999999999996,0.8,0.8,900.0,0.003,0.01,9,0.5,0.012400407,0.009962653689603921
1.218,936.2013298524259,45.01008904373311,0.0,0.2,0.2,20.249999999999996,0.8,0.8,900.0,0.003,0.01,8,0.5,0.010592077,0.009977455412049209
1.221,936.2948467589257,45.19130921911493,0.0,0.2,0.2,20.249999999999996,0.8,0.8,900.0,0.003,0.01,8,0.5,0.009688603,0.009993411673200302
1.224,936.3885248166728,45.36114762388217,0.0,0.2,0.2,20.249999999999996,0.8,0.8,900.0,0.003,0.01,9,0.5,0.012483778,0.009961243161414281
1.227,936.4819068894944,44.969214966127595,0.0,0.2,0.2,20.249999999999996,0.8,0.8,900.0,0.003,0.01,8,0.5,0.010308596,0.00997576135790127
1.23,936.5754378642981,45.14880764604395,0.0,0.2,0.2,20.249999999999996,0.8,0.8,900.0,0.003,0.01,8,0.5,0.010287566,0.009991451288458358
1.233,936.669127484554,45.31715643324312,0.0,0.2,0.2,20.249999999999996,0.8,0.8,900.0,0.003,0.01,9,0.5,0.012416848,0.009958974585125315
1.236,936.7625180554177,44.92415666379914,0.0,0.2,0.2,20.249999999999996,0.8,0.8,900.0,0.003,0.01,8,0.5,0.010024825,0.00997326100383653
1.239,936.8560553360205,45.10253850129603,0.0,0.2,0.2,20.249999999999996,0.8,0.8,900.0,0.003,0.01,8,0.5,0.009781404,0.009988734965446996
1.242,936.9497492282097,45.269788340103375,0.0,0.2,0.2,20.249999999999996,0.8,0.8,900.0,0.003,0.01,9,0.5,0.012564178,0.00995600510342582
1.245,937.0431415266268,44.87615142881533,0.0,0.2,0.2,20.249999999999996,0.8,0.8,900.0,0.003,0.01,8,0.5,0.010108125,0.009970109154405478
1.248,937.1366788084745,45.05365257666747,0.0,0.2,0.2,20.249999999999996,0.8,0.8,900.0,0.003,0.01,8,0.5,0.009900954,0.009985415476552757
1.2510000000000001,937.2303711209256,45.22010715326016,0.0,0.2,0.2,20.249999999999996,0.8,0.8,900.0,0.003,0.01,9,0.5,0.012689439,0.009952483138066123
1.254,937.3237597715598,44.82616250092555,0.0,0.2,0.2,20.249999999999996,0.8,0.8,900.0,0.003,0.01,8,0.5,0.010737049,0.009966447534880225
1.2570000000000001,937.4172920849276,45.00303463569665,0.0,0.2,0.2,20.249999999999996,0.8,0.8,900.0,0.003,0.01,8,0.5,0.010389617,0.009981626595830689
1.26,937.5109782423622,45.1689246851316,0.0,0.2,0.2,20.249999999999996,0.8,0.8,900.0,0.003,0.01,8,0.5,0.011296902,0.009997238399216861
1.2630000000000001,937.6048217452551,45.32451456876051,0.0,0.2,0.2,20.249999999999996,0.8,0.8,900.0,0.003,0.01,9,0.5,0.010714259,0.00996419401927163
1.266,937.6983596263038,44.9188917686875,0.0,0.2,0.2,20.249999999999996,0.8,0.8,900.0,0.003,0.01,8,0.5,0.010300636,0.009977765685005349
1.2690000000000001,937.7920370648525,45.08644512996349,0.0,0.2,0.2,20.249999999999996,0.8,0.8,900.0,0.003,0.01,8,0.5,0.012027886,0.009992347329197938
1.272,937.8858625357021,45.24354415682263,0.0,0.2,0.2,20.249999999999996,0.8,0.8,900.0,0.003,0.01,9,0.5,0.01098051,0.009958420373220719
1.2750000000000001,937.9793745833897,44.84011828956814,0.0,0.2,0.2,20.249999999999996,0.8,0.8,900.0,0.003,0.01,8,0.5,0.009904054,0.00997152338344102
1.278,938.0730222585863,45.008843527513754,0.0,0.2,0.2,20.249999999999996,0.8,0.8,900.0,0.003,0.01,8,0.5,0.011060381,0.009985846896044861
1.281,938.1668158858117,45.16702392381913,0.0,0.2,0.2,20.249999999999996,0.8,0.8,900.0,0.003,0.01,9,0.5,0.010818919,0.009951762417257249
1.284,938.2602947188533,44.765385776878794,0.0,0.2,0.2,20.249999999999996,0.8,0.8,900.0,0.003,0.01,8,0.5,0.010396047,0.009964844351716198
1.287,938.3539091536699,44.93502008190628,0.0,0.2,0.2,20.249999999999996,0.8,0.8,900.0,0.003,0.01,8,0.5,0.011810494,0.009979200085359817
1.29,938.4476699902424,45.094044208144375,0.0,0.2,0.2,20.249999999999996,0.8,0.8,900.0,0.003,0.01,8,0.5,0.009831404,0.009994049842263045
1.293,938.5415813267734,45.24310614471627,0.0,0.2,0.2,20.249999999999996,0.8,0.8,900.0,0.003,0.01,9,0.5,0.010716268,0.00996011568656975
1.296,938.6351785132373,44.831763173250636,0.0,0.2,0.2,20.249999999999996,0.8,0.8,900.0,0.003,0.01,8,0.5,0.011664424,0.009973044534850104
1.299,938.72890955835,44.99349836094876,0.0,0.2,0.2,20.249999999999996,0.8,0.8,900.0,0.003,0.01,8,0.5,0.010151565,0.00998703879848454
1.302,938.8227835181461,45.14501952783433,0.0,0.2,0.2,20.249999999999996,0.8,0.8,900.0,0.003,0.01,9,0.5,0.01087084,0.009952411982284678
1.305,938.9163374095841,44.73695145342534,0.0,0.2,0.2,20.249999999999996,0.8,0.8,900.0,0.003,0.01,8,0.5,0.011649753,0.009965037476511741
1.308,939.0100228701275,44.90060212278645,0.0,0.2,0.2,20.249999999999996,0.8,0.8,900.0,0.003,0.01,8,0.5,0.010308076,0.009978931133981121
1.311,939.1038507308629,45.05386450377861,0.0,0.2,0.2,20.249999999999996,0.8,0.8,900.0,0.003,0.01,8,0.5,0.009998544,0.009993331025006272
1.314,939.1978252473184,45.19736533425757,0.0,0.2,0.2,20.249999999999996,0.8,0.8,900.0,0.003,0.01,9,0.5,0.012432887,0.009958841007463725
1.317,939.2914804664113,44.78086313172763,0.0,0.2,0.2,20.249999999999996,0.8,0.8,900.0,0.003,0.01,8,0.5,0.009935635,0.009971364788451436
1.32,939.3852661652635,44.937479351579995,0.0,0.2,0.2,20.249999999999996,0.8,0.8,900.0,0.003,0.01,8,0.5,0.010285056,0.009984981799254472
1.323,939.4791917031106,45.08402220438248,0.0,0.2,0.2,20.249999999999996,0.8,0.8,900.0,0.003,0.01,8,0.5,0.011336962,0.00999900266256026
1.326,939.5732604963242,45.22108735461848,0.0,0.2,0.2,20.249999999999996,0.8,0.8,900.0,0.003,0.01,9,0.5,0.010526337,0.009963986605751663
1.329,939.6670050904889,44.79790306009319,0.0,0.2,0.2,20.249999999999996,0.8,0.8,900.0,0.003,0.01,8,0.5,0.009811733,0.009976059739031788
1.332,939.7608762098322,44.94867333707504,0.0,0.2,0.2,20.249999999999996,0.8,0.8,900.0,0.003,0.01,8,0.5,0.011864215,0.009989229580793948
1.335,939.8548832880657,45.08956544789975,0.0,0.2,0.2,20.249999999999996,0.8,0.8,900.0,0.003,0.01,9,0.5,0.01087777,0.009953606906726396
1.338,939.9485612378518,44.67127086485014,0.0,0.2,0.2,20.249999999999996,0.8,0.8,900.0,0.003,0.01,8,0.5,0.010296116,0.009965493604956301
1.341,940.0423646307903,44.82504197125596,0.0,0.2,0.2,20.249999999999996,0.8,0.8,900.0,0.003,0.01,8,0.5,0.011628873,0.009978695673085623
1.344,940.136304787567,44.968661267989596,0.0,0.2,0.2,20.249999999999996,0.8,0.8,900.0,0.003,0.01,8,0.5,0.009863694,0.009992448358581242
1.347,940.2303863783253,45.10273279151307,0.0,0.2,0.2,20.249999999999996,0.8,0.8,900.0,0.003,0.01,9,0.5,0.01087997,0.00995715221829621
1.35,940.324141428491,44.67750583367346,0.0,0.2,0.2,20.249999999999996,0.8,0.8,900.0,0.003,0.01,8,0.5,0.011511223,0.009969100620348365
1.353,940.418022376817,44.82520110233423,0.0,0.2,0.2,20.249999999999996,0.8,0.8,900.0,0.003,0.01,8,0.5,0.010343897,0.009982178552543292
1.356,940.5120389486947,44.96297339804016,0.0,0.2,0.2,20.249999999999996,0.8,0.8,900.0,0.003,0.01,8,0.5,0.010148545,0.009995691401886143
1.359,940.606194827174,45.09140447074738,0.0,0.2,0.2,20.249999999999996,0.8,0.8,900.0,0.003,0.01,9,0.5,0.012152356,0.009960002877779229
1.362,940.7000204598747,44.660568700463145,0.0,0.2,0.2,20.249999999999996,0.8,0.8,900.0,0.003,0.01,8,0.5,0.010149056,0.009971606228884548
1.365,940.7939689659275,44.80306717379849,0.0,0.2,0.2,20.249999999999996,0.8,0.8,900.0,0.003,0.01,8,0.5,0.010109585,0.009984328164696668
1.368,940.888049997874,44.935798544914825,0.0,0.2,0.2,20.249999999999996,0.8,0.8,900.0,0.003,0.01,8,0.5,0.011316362,0.009997485116759299
1.371,940.9822672400393,45.05933420877979,0.0,0.2,0.2,20.249999999999996,0.8,0.8,900.0,0.003,0.01,9,0.5,0.01079731,0.009961355875493202
1.374,941.0761501325994,44.62380079255969,0.0,0.2,0.2,20.249999999999996,0.8,0.8,900.0,0.003,0.01,8,0.5,0.010019065,0.00997261565353419
1.377,941.1701528969305,44.76173213094202,0.0,0.2,0.2,20.249999999999996,0.8,0.8,900.0,0.003,0.01,8,0.5,0.011436292,0.009985006572126462
1.3800000000000001,941.2642852991443,44.89001554891074,0.0,0.2,0.2,20.249999999999996,0.8,0.8,900.0,0.003,0.01,8,0.5,0.010036334,0.009997842556823193
1.383,941.358551101358,45.009217924766574,0.0,0.2,0.2,20.249999999999996,0.8,0.8,900.0,0.003,0.01,9,0.5,0.010743958,0.009961314521589734
1.3860000000000001,941.452478791519,44.56970225566648,0.0,0.2,0.2,20.249999999999996,0.8,0.8,900.0,0.003,0.01,8,0.5,0.011412022,0.009972271932146348
1.389,941.5465236937747,44.703567738575856,0.0,0.2,0.2,20.249999999999996,0.8,0.8,900.0,0.003,0.01,8,0.5,0.009828734,0.009984374795666917
1.3920000000000001,941.6406957114245,44.82788411248835,0.0,0.2,0.2,20.249999999999996,0.8,0.8,900.0,0.003,0.01,8,0.5,0.009952004,0.00999693662671931
1.395,941.7349987271292,44.94321000536624,0.0,0.2,0.2,20.249999999999996,0.8,0.8,900.0,0.003,0.01,9,0.5,0.012542808,0.00996006482401233
1.3980000000000001,941.8289603408502,44.50028761680873,0.0,0.2,0.2,20.249999999999996,0.8,0.8,900.0,0.003,0.01,8,0.5,0.010331287,0.009970772271552228
1.401,941.923036950104,44.63047560704671,0.0,0.2,0.2,20.249999999999996,0.8,0.8,900.0,0.003,0.01,8,0.5,0.010385826,0.009982635631701991
1.4040000000000001,942.0172385457646,44.751190594779544,0.0,0.2,0.2,20.249999999999996,0.8,0.8,900.0,0.003,0.01,8,0.5,0.011824064,0.009994964499740858
1.407,942.1115690515416,44.862989861333105,0.0,0.2,0.2,20.249999999999996,0.8,0.8,900.0,0.003,0.01,9,0.5,0.010771699,0.009957783614979732
1.41,942.2055551117771,44.41712401662304,0.0,0.2,0.2,20.249999999999996,0.8,0.8,900.0,0.003,0.01,8,0.5,0.009765213,0.009968267943239817
1.413,942.2996541412139,44.543963065157534,0.0,0.2,0.2,20.249999999999996,0.8,0.8,900.0,0.003,0.01,8,0.5,0.011811755,0.009979916644256532
1.416,942.3938762184123,44.6614015440807,0.0,0.2,0.2,20.249999999999996,0.8,0.8,900.0,0.003,0.01,8,0.5,0.010031604,0.009992042558647838
1.419,942.4882253732749,44.76998658081394,0.0,0.2,0.2,20.249999999999996,0.8,0.8,900.0,0.003,0.01,9,0.5,0.010910299,0.009954593180212265
1.422,942.5822273940033,44.32156693840562,0.0,0.2,0.2,20.249999999999996,0.8,0.8,900.0,0.003,0.01,8,0.5,0.011421512,0.009964900182535204
1.425,942.6763407782478,44.445307052747374,0.0,0.2,0.2,20.249999999999996,0.8,0.8,900.0,0.003,0.01,8,0.5,0.010164416,0.009976386405670078
1.428,942.7705757447037,44.5596796306132,0.0,0.2,0.2,20.249999999999996,0.8,0.8,900.0,0.003,0.01,8,0.5,0.010124965,0.009988359493744393
1.431,942.8649363980894,44.66522654798302,0.0,0.2,0.2,20.249999999999996,0.8,0.8,900.0,0.003,0.01,9,0.5,0.012557888,0.009950686913100356
1.434,942.9589476220333,44.21447890001121,0.0,0.2,0.2,20.249999999999996,0.8,0.8,900.0,0.003,0.01,8,0.5,0.010229386,0.009960856555925292
1.437,943.0530689600257,44.33524565550256,0.0,0.2,0.2,20.249999999999996,0.8,0.8,900.0,0.003,0.01,8,0.5,0.010075535,0.009972217547058746
1.44,943.147310750195,44.4466590815916,0.0,0.2,0.2,20.249999999999996,0.8,0.8,900.0,0.003,0.01,8,0.5,0.012137286,0.009984075092624393
1.443,943.2416771833801,44.549255615725514,0.0,0.2,0.2,20.249999999999996,0.8,0.8,900.0,0.003,0.01,8,0.5,0.010134235,0.009996108143580292
1.446,943.3361692796421,44.643572325454635,0.0,0.2,0.2,20.249999999999996,0.8,0.8,900.0,0.003,0.01,9,0.5,0.01112069,0.009958067145767541
1.449,943.4303076933177,44.18144808738915,0.0,0.2,0.2,20.249999999999996,0.8,0.8,900.0,0.003,0.01,8,0.5,0.011646023,0.009967760086127365
1.452,943.5245515079413,44.29205892065908,0.0,0.2,0.2,20.249999999999996,0.8,0.8,900.0,0.003,0.01,8,0.5,0.010197856,0.009978531676544488
1.455,943.6189101484314,44.39368756283738,0.0,0.2,0.2,20.249999999999996,0.8,0.8,900.0,0.003,0.01,8,0.5,0.010668649,0.009989745601619868
1.458,943.7133873803459,44.486844285713424,0.0,0.2,0.2,20.249999999999996,0.8,0.8,900.0,0.003,0.01,9,0.5,0.012308197,0.009951072124978385
1.461,943.807505297555,44.02455263926631,0.0,0.2,0.2,20.249999999999996,0.8,0.8,900.0,0.003,0.01,8,0.5,0.009719783,0.0099604823611365
1.464,943.9017263037168,44.13370466865527,0.0,0.2,0.2,20.249999999999996,0.8,0.8,900.0,0.003,0.01,8,0.5,0.009846794,0.009971108749041876
1.467,943.9960610106568,44.23378713234461,0.0,0.2,0.2,20.249999999999996,0.8,0.8,900.0,0.003,0.01,8,0.5,0.011431252,0.009982259567440718
1.47,944.0905138803049,44.32532618630049,0.0,0.2,0.2,20.249999999999996,0.8,0.8,900.0,0.003,0.01,8,0.5,0.010148216,0.009993613645400693
1.473,944.1850861958781,44.40885188880771,0.0,0.2,0.2,20.249999999999996,0.8,0.8,900.0,0.003,0.01,9,0.5,0.010761509,0.009954702040498982
1.476,944.2792962586406,43.937146487628866,0.0,0.2,0.2,20.249999999999996,0.8,0.8,900.0,0.003,0.01,8,0.5,0.011140041,0.009963776852747125
1.479,944.3736060887983,44.0375888081445,0.0,0.2,0.2,20.249999999999996,0.8,0.8,900.0,0.003,0.01,8,0.5,0.009929264,0.00997396057050218
1.482,944.4680254266864,44.1292914291383,0.0,0.2,0.2,20.249999999999996,0.8,0.8,900.0,0.003,0.01,8,0.5,0.010566517,0.009984613066935015
1.485,944.5625582793906,44.21276489721467,0.0,0.2,0.2,20.249999999999996,0.8,0.8,900.0,0.003,0.01,8,0.5,0.011506933,0.00999544124408088
1.488,944.6572057125469,44.288529293087734,0.0,0.2,0.2,20.249999999999996,0.8,0.8,900.0,0.003,0.01,9,0.5,0.01093155,0.009955853770298095
1.491,944.7514843382629,43.809565059677624,0.0,0.2,0.2,20.249999999999996,0.8,0.8,900.0,0.003,0.01,8,0.5,0.010059845,0.009964402140211989
1.494,944.8458579104084,43.902918952167994,0.0,0.2,0.2,20.249999999999996,0.8,0.8,900.0,0.003,0.01,8,0.5,0.011671984,0.009974071690738438
1.497,944.940336304148,43.98780337649311,0.0,0.2,0.2,20.249999999999996,0.8,0.8,900.0,0.003,0.01,8,0.5,0.010282026,0.009984224242458872
1.5,945.0349236663673,44.06472762204329,0.0,0.2,0.2,20.249999999999996,0.8,0.8,900.0,0.003,0.01,8,0.5,0.010491968,0.00999456844199563
1.5030000000000001,945.1296212117969,44.134208316633384,0.0,0.2,0.2,20.249999999999996,0.8,0.8,900.0,0.003,0.01,9,0.5,0.012634849,0.009954382217608252
1.506,945.223944167382,43.64974002401688,0.0,0.2,0.2,20.249999999999996,0.8,0.8,900.0,0.003,0.01,8,0.5,0.010590638,0.009962482955477555
1.5090000000000001,945.3183580098014,43.7373969377586,0.0,0.2,0.2,20.249999999999996,0.8,0.8,900.0,0.003,0.01,8,0.5,0.009965855,0.009971719723561041
1.512,945.412872766198,43.81683456581201,0.0,0.2,0.2,20.249999999999996,0.8,0.8,900.0,0.003,0.01,8,0.5,0.011897285,0.009981453805125053
1.5150000000000001,945.5074927126649,43.88856291469321,0.0,0.2,0.2,20.249999999999996,0.8,0.8,900.0,0.003,0.01,8,0.5,0.009847074,0.009991391917989706
1.518,945.6022191765383,43.95309862498385,0.0,0.2,0.2,20.249999999999996,0.8,0.8,900.0,0.003,0.01,9,0.5,0.010701639,0.009950695433274525
1.5210000000000001,945.6965661096925,43.464707858205685,0.0,0.2,0.2,20.249999999999996,0.8,0.8,900.0,0.003,0.01,8,0.5,0.011523593,0.009958423584165951
1.524,945.7910005729166,43.54795477147237,0.0,0.2,0.2,20.249999999999996,0.8,0.8,900.0,0.003,0.01,8,0.5,0.010106695,0.00996730123189911
1.5270000000000001,945.885532738223,43.6232167968067,0.0,0.2,0.2,20.249999999999996,0.8,0.8,900.0,0.003,0.01,8,0.5,0.009984434,0.009976693019263632
1.53,945.9801670485098,43.69099984289455,0.0,0.2,0.2,20.249999999999996,0.8,0.8,900.0,0.003,0.01,8,0.5,0.011882825,0.009986307852695202
1.5330000000000001,946.0749050110971,43.75181035512541,0.0,0.2,0.2,20.249999999999996,0.8,0.8,900.0,0.003,0.01,8,0.5,0.010215826,0.009995848192100228
1.536,946.1697454749049,43.80609394449181,0.0,0.2,0.2,20.249999999999996,0.8,0.8,900.0,0.003,0.01,9,0.5,0.010799809,0.00995440371405063
1.539,946.264198895539,43.30803743797023,0.0,0.2,0.2,20.249999999999996,0.8,0.8,900.0,0.003,0.01,8,0.5,0.011284861,0.009961436080260516
1.542,946.358733336896,43.38232075861318,0.0,0.2,0.2,20.249999999999996,0.8,0.8,900.0,0.003,0.01,8,0.5,0.009950364,0.009969576670942299
1.545,946.4533586834593,43.449109775926644,0.0,0.2,0.2,20.249999999999996,0.8,0.8,900.0,0.003,0.01,8,0.5,0.010202166,0.009978226329335288
1.548,946.5480793675838,43.50887902940486,0.0,0.2,0.2,20.249999999999996,0.8,0.8,900.0,0.003,0.01,8,0.5,0.011437302,0.009987110297952613
1.551,946.6428970215067,43.56210822744251,0.0,0.2,0.2,20.249999999999996,0.8,0.8,900.0,0.003,0.01,8,0.5,0.009867764,0.00999594099033823
1.554,946.7378107087643,43.609219398448374,0.0,0.2,0.2,20.249999999999996,0.8,0.8,900.0,0.003,0.01,9,0.5,0.010461057,0.00995366071033532
1.557,946.832329370275,43.10493656221715,0.0,0.2,0.2,20.249999999999996,0.8,0.8,900.0,0.003,0.01,8,0.5,0.011397612,0.009960055209286917
1.56,946.9269232547382,43.17286330383853,0.0,0.2,0.2,20.249999999999996,0.8,0.8,900.0,0.003,0.01,8,0.5,0.010346816,0.009967589583188127
1.563,947.0216025602467,43.23362694372902,0.0,0.2,0.2,20.249999999999996,0.8,0.8,900.0,0.003,0.01,8,0.5,0.010178465,0.009975666548695288
1.566,947.1163720193734,43.2876841378051,0.0,0.2,0.2,20.249999999999996,0.8,0.8,900.0,0.003,0.01,8,0.5,0.011965126,0.00998400740175027
1.569,947.2112335228617,43.335498036092076,0.0,0.2,0.2,20.249999999999996,0.8,0.8,900.0,0.003,0.01,8,0.5,0.009757683,0.009992320592574447
1.572,947.3061863548389,43.377475927063266,0.0,0.2,0.2,20.249999999999996,0.8,0.8,900.0,0.003,0.01,9,0.5,0.010523377,0.009949415737015644
1.575,947.4007381046617,42.86928102755677,0.0,0.2,0.2,20.249999999999996,0.8,0.8,900.0,0.003,0.01,8,0.5,0.011214582,0.009955345961043775
1.578,947.4953608239773,42.93262979169824,0.0,0.2,0.2,20.249999999999996,0.8,0.8,900.0,0.003,0.01,8,0.5,0.009733083,0.00996243390872667
1.581,947.5900648863446,42.98905913722734,0.0,0.2,0.2,20.249999999999996,0.8,0.8,900.0,0.003,0.01,8,0.5,0.009733623,0.009970085026683515
1.584,947.6848551990578,43.03901704937769,0.0,0.2,0.2,20.249999999999996,0.8,0.8,900.0,0.003,0.01,8,0.5,0.011347042,0.009978017893863027
1.587,947.7797337998994,43.08295857046589,0.0,0.2,0.2,20.249999999999996,0.8,0.8,900.0,0.003,0.01,8,0.5,0.009895594,0.00998593866883723
1.59,947.8747000921836,43.1212839058533,0.0,0.2,0.2,20.249999999999996,0.8,0.8,900.0,0.003,0.01,8,0.5,0.009580062,0.00999363815469648
1.593,947.9697516803656,43.154348706111136,0.0,0.2,0.2,20.249999999999996,0.8,0.8,900.0,0.003,0.01,9,0.5,0.012571848,0.009949841694197319
1.596,948.0643932504735,42.638252061238155,0.0,0.2,0.2,20.249999999999996,0.8,0.8,900.0,0.003,0.01,8,0.5,0.009745843,0.00995499564653289
1.599,948.1590983767746,42.693819959352595,0.0,0.2,0.2,20.249999999999996,0.8,0.8,900.0,0.003,0.01,8,0.5,0.010502747,0.009961286553162712
1.602,948.2538772904197,42.7429458603206,0.0,0.2,0.2,20.249999999999996,0.8,0.8,900.0,0.003,0.01,8,0.5,0.011441882,0.009968144449310608
1.605,948.3487349379386,42.78606214564423,0.0,0.2,0.2,20.249999999999996,0.8,0.8,900.0,0.003,0.01,8,0.5,0.009566223,0.009975297243019488
1.608,948.4436734682599,42.82361087273188,0.0,0.2,0.2,20.249999999999996,0.8,0.8,900.0,0.003,0.01,8,0.5,0.010293116,0.00998245592567423
1.611,948.5386924452258,42.85598162172978,0.0,0.2,0.2,20.249999999999996,0.8,0.8,900.0,0.003,0.01,8,0.5,0.011728173,0.009989416201317658
1.614,948.6337896787738,42.88351948715884,0.0,0.2,0.2,20.249999999999996,0.8,0.8,900.0,0.003,0.01,8,0.5,0.009655292,0.009996055858361212
1.617,948.7289619570827,42.90653579096525,0.0,0.2,0.2,20.249999999999996,0.8,0.8,900.0,0.003,0.01,9,0.5,0.010465357,0.009950959555126928
1.62,948.823711355563,42.381557596438654,0.0,0.2,0.2,20.249999999999996,0.8,0.8,900.0,0.003,0.01,8,0.5,0.011262482,0.00995503009608021
1.623,948.9185139362704,42.42854456617064,0.0,0.2,0.2,20.249999999999996,0.8,0.8,900.0,0.003,0.01,8,0.5,0.009507362,0.00996025765663205
1.6260000000000001,949.0133801695525,42.46971953394399,0.0,0.2,0.2,20.249999999999996,0.8,0.8,900.0,0.003,0.01,8,0.5,0.009741493,0.00996608994906852
1.629,949.1083153591946,42.50548953793296,0.0,0.2,0.2,20.249999999999996,0.8,0.8,900.0,0.003,0.01,8,0.5,0.011656394,0.009972258703908709
1.6320000000000001,949.2033220360396,42.53627338517868,0.0,0.2,0.2,20.249999999999996,0.8,0.8,900.0,0.003,0.01,8,0.5,0.009464042,0.009978475395592873
1.635,949.2984001467696,42.562439708371976,0.0,0.2,0.2,20.249999999999996,0.8,0.8,900.0,0.003,0.01,8,0.5,0.010208096,0.009984535249056159
1.6380000000000001,949.3935478817366,42.58431438412733,0.0,0.2,0.2,20.249999999999996,0.8,0.8,900.0,0.003,0.01,8,0.5,0.011288172,0.009990315769192641
1.641,949.488762406101,42.602190412825244,0.0,0.2,0.2,20.249999999999996,0.8,0.8,900.0,0.003,0.01,8,0.5,0.010060025,0.009995751612837337
1.6440000000000001,949.5840403500544,42.61633544019026,0.0,0.2,0.2,20.249999999999996,0.8,0.8,900.0,0.003,0.01,9,0.5,0.01087482,0.009949247551179936
1.647,949.6788814408828,42.08404306965293,0.0,0.2,0.2,20.249999999999996,0.8,0.8,900.0,0.003,0.01,8,0.5,0.0110366,0.009952174342682538
1.6500000000000001,949.7737646883943,42.123715958205636,0.0,0.2,0.2,20.249999999999996,0.8,0.8,900.0,0.003,0.01,8,0.5,0.009816614,0.009956294170779407
1.653,949.8687009450737,42.15825881280132,0.0,0.2,0.2,20.249999999999996,0.8,0.8,900.0,0.003,0.01,8,0.5,0.010138225,0.009961067660268337
1.6560000000000001,949.9636959731247,42.188050765109516,0.0,0.2,0.2,20.249999999999996,0.8,0.8,900.0,0.003,0.01,8,0.5,0.011507763,0.009966227320091049
1.659,950.0587527601193,42.21348328282853,0.0,0.2,0.2,20.249999999999996,0.8,0.8,900.0,0.003,0.01,8,0.5,0.009994414,0.009971483458451091
1.6620000000000001,950.1538716954651,42.23489874845882,0.0,0.2,0.2,20.249999999999996,0.8,0.8,900.0,0.003,0.01,8,0.5,0.010424997,0.009976630255961483
1.665,950.2490514053038,42.25259760123361,0.0,0.2,0.2,20.249999999999996,0.8,0.8,900.0,0.003,0.01,8,0.5,0.011396242,0.009981544563012971
1.668,950.3442894785137,42.2668475414306,0.0,0.2,0.2,20.249999999999996,0.8,0.8,900.0,0.003,0.01,8,0.5,0.009947894,0.00998615903159154
1.671,950.4395829479333,42.27789168358875,0.0,0.2,0.2,20.249999999999996,0.8,0.8,900.0,0.003,0.01,8,0.5,0.009937314,0.009990441511386287
1.674,950.5349285951802,42.2859537850241,0.0,0.2,0.2,20.249999999999996,0.8,0.8,900.0,0.003,0.01,8,0.5,0.011356102,0.009994382205981544
1.677,950.6303231407326,42.291240970644104,0.0,0.2,0.2,20.249999999999996,0.8,0.8,900.0,0.003,0.01,8,0.5,0.009821573,0.0099979837885234
1.68,950.7257633430398,42.29394586881,0.0,0.2,0.2,20.249999999999996,0.8,0.8,900.0,0.003,0.01,9,0.5,0.010911839,0.009949381314997757
1.683,950.8207458435505,41.752002549183864,0.0,0.2,0.2,20.249999999999996,0.8,0.8,900.0,0.003,0.01,8,0.5,0.011833414,0.00995061311380728
1.686,950.9157540808642,41.78248318694037,0.0,0.2,0.2,20.249999999999996,0.8,0.8,900.0,0.003,0.01,8,0.5,0.009561413,0.009953108154095894
1.689,951.0107996168249,41.808774012240086,0.0,0.2,0.2,20.249999999999996,0.8,0.8,900.0,0.003,0.01,8,0.5,0.009519182,0.00995634048076221
1.692,951.1058889831256,41.83120238306908,0.0,0.2,0.2,20.249999999999996,0.8,0.8,900.0,0.003,0.01,8,0.5,0.011438513,0.009960039279484549
1.695,951.2010258952453,41.850109392212666,0.0,0.2,0.2,20.249999999999996,0.8,0.8,900.0,0.003,0.01,8,0.5,0.01108147,0.00996391063128347
1.698,951.2962114302845,41.8657892847354,0.0,0.2,0.2,20.249999999999996,0.8,0.8,900.0,0.003,0.01,8,0.5,0.010051845,0.009967745089265258
1.701,951.3914448638496,41.87849627005193,0.0,0.2,0.2,20.249999999999996,0.8,0.8,900.0,0.003,0.01,8,0.5,0.011582323,0.009971415401684575
1.704,951.4867243982239,41.88845438400065,0.0,0.2,0.2,20.249999999999996,0.8,0.8,900.0,0.003,0.01,8,0.5,0.009746934,0.00997485095617066
1.707,951.5820476498474,41.89586488123474,0.0,0.2,0.2,20.249999999999996,0.8,0.8,900.0,0.003,0.01,8,0.5,0.010184896,0.009978016494096706
1.71,951.6774119522719,41.90091130186405,0.0,0.2,0.2,20.249999999999996,0.8,0.8,900.0,0.003,0.01,8,0.5,0.011224631,0.009980898682459067
1.713,951.7728145411785,41.903762407860036,0.0,0.2,0.2,20.249999999999996,0.8,0.8,900.0,0.003,0.01,8,0.5,0.009833264,0.009983496204653823
1.716,951.8682526558255,41.90457466719196,0.0,0.2,0.2,20.249999999999996,0.8,0.8,900.0,0.003,0.01,8,0.5,0.009959095,0.009985814553005404
1.719,951.9637235968501,41.903494039364894,0.0,0.2,0.2,20.249999999999996,0.8,0.8,900.0,0.003,0.01,8,0.5,0.011555393,0.009987863228423701
1.722,952.0592247598194,41.90065694580912,0.0,0.2,0.2,20.249999999999996,0.8,0.8,900.0,0.003,0.01,8,0.5,0.010078445,0.00998965358397872
1.725,952.1547536496034,41.89619100368086,0.0,0.2,0.2,20.249999999999996,0.8,0.8,900.0,0.003,0.01,8,0.5,0.009823134,0.00999119787400188
1.728,952.2503078879223,41.89021596976547,0.0,0.2,0.2,20.249999999999996,0.8,0.8,900.0,0.003,0.01,8,0.5,0.011536304,0.009992508755606965
1.731,952.3458852137686,41.88284418776842,0.0,0.2,0.2,20.249999999999996,0.8,0.8,900.0,0.003,0.01,8,0.5,0.010145675,0.009993598448234707
1.734,952.44148348299,41.874181328537325,0.0,0.2,0.2,20.249999999999996,0.8,0.8,900.0,0.003,0.01,8,0.5,0.009539552,0.00999447922238356
1.737,952.5371006676276,41.86432652041019,0.0,0.2,0.2,20.249999999999996,0.8,0.8,900.0,0.003,0.01,8,0.5,0.011412862,0.00999516271003424
1.74,952.6327348479582,41.853372916820355,0.0,0.2,0.2,20.249999999999996,0.8,0.8,900.0,0.003,0.01,8,0.5,0.009967755,0.009995660284119398
1.743,952.7283842119847,41.8414078917243,0.0,0.2,0.2,20.249999999999996,0.8,0.8,900.0,0.003,0.01,8,0.5,0.009999054,0.00999598325331869
1.746,952.8240470547411,41.82851307650026,0.0,0.2,0.2,20.249999999999996,0.8,0.8,900.0,0.003,0.01,8,0.5,0.011560503,0.009996142078658947
1.749,952.9197217711289,41.81476479886284,0.0,0.2,0.2,20.249999999999996,0.8,0.8,900.0,0.003,0.01,8,0.5,0.009833074,0.00999614679993862
1.752,953.0154068515179,41.80023451976779,0.0,0.2,0.2,20.249999999999996,0.8,0.8,900.0,0.003,0.01,8,0.5,0.009586963,0.00999600689304991
1.7550000000000001,953.1111008769261,41.78498898989058,0.0,0.2,0.2,20.249999999999996,0.8,0.8,900.0,0.003,0.01,8,0.5,0.011417692,0.009995731394561738
1.758,953.2068025171121,41.76909048025895,0.0,0.2,0.2,20.249999999999996,0.8,0.8,900.0,0.003,0.01,8,0.5,0.009862573,0.009995329560997971
1.7610000000000001,953.3025105312274,41.75259662622646,0.0,0.2,0.2,20.249999999999996,0.8,0.8,900.0,0.003,0.01,8,0.5,0.009817923,0.009994810164455529
1.764,953.3982237645681,41.7355608120669,0.0,0.2,0.2,20.249999999999996,0.8,0.8,900.0,0.003,0.01,8,0.5,0.011573414,0.009994181342103023
1.7670000000000001,953.4939411400218,41.71803244953585,0.0,0.2,0.2,20.249999999999996,0.8,0.8,900.0,0.003,0.01,8,0.5,0.009663493,0.009993450734962515
1.77,953.5896616554049,41.70005720932475,0.0,0.2,0.2,20.249999999999996,0.8,0.8,900.0,0.003,0.01,8,0.5,0.009736293,0.009992625824854813
1.7730000000000001,953.6853843828219,41.6816771382454,0.0,0.2,0.2,20.249999999999996,0.8,0.8,900.0,0.003,0.01,8,0.5,0.012161466,0.009991714066482062
1.776,953.7811084677933,41.662930813180616,0.0,0.2,0.2,20.249999999999996,0.8,0.8,900.0,0.003,0.01,8,0.5,0.009909154,0.009990722349204974
1.7790000000000001,953.8768331237764,41.64385356537892,0.0,0.2,0.2,20.249999999999996,0.8,0.8,900.0,0.003,0.01,8,0.5,0.010285926,0.009989657003435504
1.782,953.972557626922,41.624477870180854,0.0,0.2,0.2,20.249999999999996,0.8,0.8,900.0,0.003,0.01,8,0.5,0.012110236,0.009988524268622453
1.7850000000000001,954.0682813154501,41.604833355501675,0.0,0.2,0.2,20.249999999999996,0.8,0.8,900.0,0.003,0.01,8,0.5,0.009984505,0.00998732996797768
1.788,954.1640035879618,41.584947009847276,0.0,0.2,0.2,20.249999999999996,0.8,0.8,900.0,0.003,0.01,8,0.5,0.010431797,0.009986079667783587
1.7910000000000001,954.2597238984953,41.564843272612556,0.0,0.2,0.2,20.249999999999996,0.8,0.8,900.0,0.003,0.01,8,0.5,0.011463673,0.009984778472594961
1.794,954.3554417539949,41.54454439331081,0.0,0.2,0.2,20.249999999999996,0.8,0.8,900.0,0.003,0.01,8,0.5,0.009743503,0.00998343155281649
1.797,954.4511567152878,41.52407042244848,0.0,0.2,0.2,20.249999999999996,0.8,0.8,900.0,0.003,0.01,8,0.5,0.010354086,0.009982043870933915
1.8,954.5468683923079,41.50343921774346,0.0,0.2,0.2,20.249999999999996,0.8,0.8,900.0,0.003,0.01,8,0.5,0.011573414,0.009980619886500924
1.803,954.6425764449812,41.48266677914888,0.0,0.2,0.2,20.249999999999996,0.8,0.8,900.0,0.003,0.01,8,0.5,0.010152555,0.009979164419837186
1.806,954.738280579097,41.46176680215611,0.0,0.2,0.2,20.249999999999996,0.8,0.8,900.0,0.003,0.01,8,0.5,0.010074585,0.009977681400278845
1.809,954.833980540526,41.440751177538154,0.0,0.2,0.2,20.249999999999996,0.8,0.8,900.0,0.003,0.01,8,0.5,0.011650744,0.009976174596775814
1.812,954.9296761157734,41.41963008327208,0.0,0.2,0.2,20.249999999999996,0.8,0.8,900.0,0.003,0.01,8,0.5,0.009988035,0.009974647588624201
1.815,955.0253671272153,41.39841203723057,0.0,0.2,0.2,20.249999999999996,0.8,0.8,900.0,0.003,0.01,8,0.5,0.010219656,0.009973103502086435
1.818,955.1210534296074,41.377104194278935,0.0,0.2,0.2,20.249999999999996,0.8,0.8,900.0,0.003,0.01,8,0.5,0.011819865,0.009971544986161032
1.821,955.2167349071157,41.35571267474835,0.0,0.2,0.2,20.249999999999996,0.8,0.8,900.0,0.003,0.01,8,0.5,0.009985845,0.009969974916593809
1.824,955.3124114751633,41.3342422996695,0.0,0.2,0.2,20.249999999999996,0.8,0.8,900.0,0.003,0.01,8,0.5,0.010111145,0.009968396098416984
1.827,955.4080830769105,41.31269666722422,0.0,0.2,0.2,20.249999999999996,0.8,0.8,900.0,0.003,0.01,8,0.5,0.011618524,0.009966810754802883
1.83,955.5037496784722,41.291078362046996,0.0,0.2,0.2,20.249999999999996,0.8,0.8,900.0,0.003,0.01,8,0.5,0.009992055,0.009965220951034366
1.833,955.599411266702,41.26938893850205,0.0,0.2,0.2,20.249999999999996,0.8,0.8,900.0,0.003,0.01,8,0.5,0.010293106,0.009963628303503618
1.836,955.6950678438299,41.24762916718407,0.0,0.2,0.2,20.249999999999996,0.8,0.8,900.0,0.003,0.01,8,0.5,0.011491063,0.009962033787215743
1.839,955.7907194214234,41.225799443553704,0.0,0.2,0.2,20.249999999999996,0.8,0.8,900.0,0.003,0.01,8,0.5,0.010188836,0.009960438145364854
1.842,955.8863660177857,41.20389981891413,0.0,0.2,0.2,20.249999999999996,0.8,0.8,900.0,0.003,0.01,8,0.5,0.009806364,0.009958841929340444
1.845,955.9820076564096,41.18193015175691,0.0,0.2,0.2,20.249999999999996,0.8,0.8,900.0,0.003,0.01,8,0.5,0.011874305,0.009957245639277882
1.848,956.0776443665047,41.15989023103911,0.0,0.2,0.2,20.249999999999996,0.8,0.8,900.0,0.003,0.01,8,0.5,0.009974634,0.009955649995193409
1.851,956.1732761848505,41.13777954420589,0.0,0.2,0.2,20.249999999999996,0.8,0.8,900.0,0.003,0.01,8,0.5,0.010313566,0.00995405537887957
1.854,956.2689031469937,41.11559732023868,0.0,0.2,0.2,20.249999999999996,0.8,0.8,900.0,0.003,0.01,8,0.5,0.011919555,0.009952461382462635
1.857,956.3645252839937,41.09334311597189,0.0,0.2,0.2,20.249999999999996,0.8,0.8,900.0,0.003,0.01,8,0.5,0.010403486,0.00995086740024715
1.86,956.4601426155796,41.071017040310224,0.0,0.2,0.2,20.249999999999996,0.8,0.8,900.0,0.003,0.01,8,0.5,0.010213396,0.009949271972416473
1.863,956.5557551464685,41.04862028502547,0.0,0.2,0.2,20.249999999999996,0.8,0.8,900.0,0.003,0.01,8,0.5,0.011334292,0.009947674128861259
1.866,956.6513628688938,41.02615455351302,0.0,0.2,0.2,20.249999999999996,0.8,0.8,900.0,0.003,0.01,7,0.5,0.010262616,0.009998798838966354
1.869,956.7474781915452,41.54699773350224,0.0,0.2,0.2,20.249999999999996,0.8,0.8,900.0,0.003,0.01,8,0.5,0.010087105,0.009999179149295071
1.872,956.8436046981981,41.490479409144704,0.0,0.2,0.2,20.249999999999996,0.8,0.8,900.0,0.003,0.01,8,0.5,0.011528723,0.009997728188109331
1.875,956.9397254308892,41.43639133314669,0.0,0.2,0.2,20.249999999999996,0.8,0.8,900.0,0.003,0.01,8,0.5,0.009827244,0.009995195989431062
1.8780000000000001,957.0358305212114,41.384401301513996,0.0,0.2,0.2,20.249999999999996,0.8,0.8,900.0,0.003,0.01,8,0.5,0.009671663,0.009991872591571454
1.881,957.1319131936102,41.33425670723792,0.0,0.2,0.2,20.249999999999996,0.8,0.8,900.0,0.003,0.01,8,0.5,0.011483523,0.009988085214598569
1.8840000000000001,957.2279696288407,41.28577149330887,0.0,0.2,0.2,20.249999999999996,0.8,0.8,900.0,0.003,0.01,8,0.5,0.010183215,0.009984071993659145
1.887,957.3239980623503,41.23880283421204,0.0,0.2,0.2,20.249999999999996,0.8,0.8,900.0,0.003,0.01,8,0.5,0.009956784,0.009979981280745634
1.8900000000000001,957.419997983294,41.193236145415874,0.0,0.2,0.2,20.249999999999996,0.8,0.8,900.0,0.003,0.01,8,0.5,0.01111671,0.009975899126274758
1.893,957.5159695981624,41.14897617390295,0.0,0.2,0.2,20.249999999999996,0.8,0.8,900.0,0.003,0.01,8,0.5,0.009805703,0.009971873132347986
1.8960000000000001,957.6119135015662,41.10594127397835,0.0,0.2,0.2,20.249999999999996,0.8,0.8,900.0,0.003,0.01,8,0.5,0.009824493,0.009967927460874416
1.899,957.7078304774254,41.06406001791671,0.0,0.2,0.2,20.249999999999996,0.8,0.8,900.0,0.003,0.01,8,0.5,0.011476953,0.00996407262538313
1.9020000000000001,957.8037213809898,41.02326900739605,0.0,0.2,0.2,20.249999999999996,0.8,0.8,900.0,0.003,0.01,8,0.5,0.009830614,0.009960311011665524
1.905,957.8995870718558,40.98351156276601,0.0,0.2,0.2,20.249999999999996,0.8,0.8,900.0,0.003,0.01,8,0.5,0.010647358,0.009956640547308446
1.9080000000000001,957.9954283777523,40.94473680114118,0.0,0.2,0.2,20.249999999999996,0.8,0.8,900.0,0.003,0.01,8,0.5,0.011389362,0.009953056940662822
1.911,958.0912460735236,40.906898714138194,0.0,0.2,0.2,20.249999999999996,0.8,0.8,900.0,0.003,0.01,8,0.5,0.010177305,0.009949554354086815
1.9140000000000001,958.1870408716168,40.869955840187565,0.0,0.2,0.2,20.249999999999996,0.8,0.8,900.0,0.003,0.01,7,0.5,0.009066169,0.009999241187564756
1.917,958.283330454633,41.37694734518636,0.0,0.2,0.2,20.249999999999996,0.8,0.8,900.0,0.003,0.01,8,0.5,0.011419762,0.009997840634008784
1.92,958.3796141595109,41.307513190657815,0.0,0.2,0.2,20.249999999999996,0.8,0.8,900.0,0.003,0.01,8,0.5,0.010163216,0.009994672691966758
1.923,958.4758754744993,41.24140063967771,0.0,0.2,0.2,20.249999999999996,0.8,0.8,900.0,0.003,0.01,8,0.5,0.010120755,0.009990478237534519
1.926,958.5721049664916,41.17824126634208,0.0,0.2,0.2,20.249999999999996,0.8,0.8,900.0,0.003,0.01,8,0.5,0.011259221,0.009985548515510227
1.929,958.6682963069519,41.11774977721843,0.0,0.2,0.2,20.249999999999996,0.8,0.8,900.0,0.003,0.01,8,0.5,0.009913264,0.009980209931431382
1.932,958.7644461106498,41.0597102192472,0.0,0.2,0.2,20.249999999999996,0.8,0.8,900.0,0.003,0.01,8,0.5,0.010184885,0.009974698077559836
1.935,958.8605530209076,41.00395217146435,0.0,0.2,0.2,20.249999999999996,0.8,0.8,900.0,0.003,0.01,8,0.5,0.011507133,0.009969158240053315
1.938,958.9566169069291,40.95033561134747,0.0,0.2,0.2,20.249999999999996,0.8,0.8,900.0,0.003,0.01,8,0.5,0.009823214,0.009963673545229538
1.941,959.0526383260092,40.89874152522269,0.0,0.2,0.2,20.249999999999996,0.8,0.8,900.0,0.003,0.01,8,0.5,0.009877534,0.009958288517913447
1.944,959.1486181973102,40.849066085580354,0.0,0.2,0.2,20.249999999999996,0.8,0.8,900.0,0.003,0.01,8,0.5,0.011387732,0.009953025283946558
1.947,959.2445576137127,40.80121665489513,0.0,0.2,0.2,20.249999999999996,0.8,0.8,900.0,0.003,0.01,8,0.5,0.010290526,0.009947893251307266
1.95,959.3404577342208,40.75510908222452,0.0,0.2,0.2,20.249999999999996,0.8,0.8,900.0,0.003,0.01,7,0.5,0.009093479,0.009996313744375342
1.953,959.4368404216789,41.25327268492796,0.0,0.2,0.2,20.249999999999996,0.8,0.8,900.0,0.003,0.01,8,0.5,0.011781784,0.00999337888308667
1.956,959.5332016665009,41.17606832260846,0.0,0.2,0.2,20.249999999999996,0.8,0.8,900.0,0.003,0.01,8,0.5,0.009771323,0.009988738606176646
1.959,959.6295254512801,41.102947888743486,0.0,0.2,0.2,20.249999999999996,0.8,0.8,900.0,0.003,0.01,8,0.5,0.009590283,0.009983128915839341
1.962,959.725802851666,41.03350520708484,0.0,0.2,0.2,20.249999999999996,0.8,0.8,900.0,0.003,0.01,8,0.5,0.011151471,0.009976844227942223
1.965,959.8220280904792,40.96741982282278,0.0,0.2,0.2,20.249999999999996,0.8,0.8,900.0,0.003,0.01,8,0.5,0.010029515,0.009970213505130195
1.968,959.9181983594775,40.904441725823965,0.0,0.2,0.2,20.249999999999996,0.8,0.8,900.0,0.003,0.01,8,0.5,0.010277216,0.009963473183314971
1.971,960.0143128904264,40.844367120850976,0.0,0.2,0.2,20.249999999999996,0.8,0.8,900.0,0.003,0.01,8,0.5,0.011303381,0.00995676850937675
1.974,960.1103721473222,40.787022768642444,0.0,0.2,0.2,20.249999999999996,0.8,0.8,900.0,0.003,0.01,8,0.5,0.009886153,0.009950182379967941
1.977,960.2063772897154,40.73225630118117,0.0,0.2,0.2,20.249999999999996,0.8,0.8,900.0,0.003,0.01,7,0.5,0.009044659,0.009997434618494248
1.98,960.3028535770471,41.22275601292912,0.0,0.2,0.2,20.249999999999996,0.8,0.8,900.0,0.003,0.01,8,0.5,0.011747273,0.009993112267925491
1.983,960.3992943687306,41.138196736622554,0.0,0.2,0.2,20.249999999999996,0.8,0.8,900.0,0.003,0.01,8,0.5,0.010240666,0.009987150066913144
1.986,960.4956842841935,41.058422599160956,0.0,0.2,0.2,20.249999999999996,0.8,0.8,900.0,0.003,0.01,8,0.5,0.009756113,0.009980290134070084
1.989,960.59201512596,40.98297228694372,0.0,0.2,0.2,20.249999999999996,0.8,0.8,900.0,0.003,0.01,8,0.5,0.011537523,0.009972833498015993
1.992,960.6882819054451,40.91147395007969,0.0,0.2,0.2,20.249999999999996,0.8,0.8,900.0,0.003,0.01,8,0.5,0.009861894,0.00996511178466758
1.995,960.7844826270009,40.843629008100876,0.0,0.2,0.2,20.249999999999996,0.8,0.8,900.0,0.003,0.01,8,0.5,0.010000884,0.009957361215973026
1.998,960.8806173357902,40.779187663716534,0.0,0.2,0.2,20.249999999999996,0.8,0.8,900.0,0.003,0.01,8,0.5,0.011731524,0.009949725679992416
2.001,960.976687293529,40.71793275136999,0.0,0.2,0.2,20.249999999999996,0.8,0.8,900.0,0.003,0.01,7,0.5,0.00908478,0.009996163002504808
2.004,961.0732206090084,41.20259153673736,0.0,0.2,0.2,20.249999999999996,0.8,0.8,900.0,0.003,0.01,8,0.5,0.010041205,0.009990862590849522
2.007,961.1697086578207,41.11243872299649,0.0,0.2,0.2,20.249999999999996,0.8,0.8,900.0,0.003,0.01,8,0.5,0.011319932,0.009983982627067869
2.0100000000000002,961.2661366674331,41.027552003902635,0.0,0.2,0.2,20.249999999999996,0.8,0.8,900.0,0.003,0.01,8,0.5,0.009831314,0.009976268248301511
2.013,961.3624971124289,40.94742091022901,0.0,0.2,0.2,20.249999999999996,0.8,0.8,900.0,0.003,0.01,8,0.5,0.009769123,0.00996802559533034
2.016,961.458785723296,40.87162875605573,0.0,0.2,0.2,20.249999999999996,0.8,0.8,900.0,0.003,0.01,8,0.5,0.011367902,0.009959588058942745
2.019,961.5550012352389,40.79983513984945,0.0,0.2,0.2,20.249999999999996,0.8,0.8,900.0,0.003,0.01,8,0.5,0.010050055,0.009951190630704338
2.0220000000000002,961.6511444090949,40.73175095914359,0.0,0.2,0.2,20.249999999999996,0.8,0.8,900.0,0.003,0.01,7,0.5,0.009632123,0.00999702063547621
2.025,961.7477454111074,41.210408884224584,0.0,0.2,0.2,20.249999999999996,0.8,0.8,900.0,0.003,0.01,8,0.5,0.011396632,0.009990960941468903
2.028,961.844293853728,41.11414288975615,0.0,0.2,0.2,20.249999999999996,0.8,0.8,900.0,0.003,0.01,8,0.5,0.009659193,0.009983358758720463
2.031,961.9407753734783,41.023533568757585,0.0,0.2,0.2,20.249999999999996,0.8,0.8,900.0,0.003,0.01,8,0.5,0.009993125,0.00997496810749251
2.0340000000000003,962.0371829594537,40.938024964391474,0.0,0.2,0.2,20.249999999999996,0.8,0.8,900.0,0.003,0.01,8,0.5,0.011283372,0.009966102408953948
2.037,962.1335129171565,40.857159940981596,0.0,0.2,0.2,20.249999999999996,0.8,0.8,900.0,0.003,0.01,8,0.5,0.009954724,0.009957097237826056
2.04,962.2297645691564,40.78056209746155,0.0,0.2,0.2,20.249999999999996,0.8,0.8,900.0,0.003,0.01,8,0.5,0.010369286,0.00994818715985208
2.043,962.3259392567483,40.70790986194267,0.0,0.2,0.2,20.249999999999996,0.8,0.8,900.0,0.003,0.01,7,0.5,0.010858299,0.009993690460500367
2.0460000000000003,962.4225693518139,41.18207929643352,0.0,0.2,0.2,20.249999999999996,0.8,0.8,900.0,0.003,0.01,8,0.5,0.010158825,0.00998721378159274
2.049,962.5191432798754,41.08152920429965,0.0,0.2,0.2,20.249999999999996,0.8,0.8,900.0,0.003,0.01,8,0.5,0.009969954,0.009979236942816981
2.052,962.6156470927856,40.98680810124404,0.0,0.2,0.2,20.249999999999996,0.8,0.8,900.0,0.003,0.01,8,0.5,0.011516922,0.009970509797872937
2.055,962.7120741847158,40.897336178708876,0.0,0.2,0.2,20.249999999999996,0.8,0.8,900.0,0.003,0.01,8,0.5,0.010083276,0.009961344581283074
2.058,962.8084212588884,40.81263486169587,0.0,0.2,0.2,20.249999999999996,0.8,0.8,900.0,0.003,0.01,8,0.5,0.009554052,0.009952075512147055
2.061,962.9046880163172,40.732308499848834,0.0,0.2,0.2,20.249999999999996,0.8,0.8,900.0,0.003,0.01,7,0.5,0.01094897,0.009997240643535825
2.064,963.0014075497595,41.1997430494251,0.0,0.2,0.2,20.249999999999996,0.8,0.8,900.0,0.003,0.01,8,0.5,0.009816034,0.009990256408988818
2.067,963.0980664683466,41.09207703707213,0.0,0.2,0.2,20.249999999999996,0.8,0.8,900.0,0.003,0.01,8,0.5,0.009723413,0.009981756082917147
2.07,963.1946507296361,40.990557819686906,0.0,0.2,0.2,20.249999999999996,0.8,0.8,900.0,0.003,0.01,8,0.5,0.011299332,0.009972511064088786
2.073,963.291153843819,40.89457439748472,0.0,0.2,0.2,20.249999999999996,0.8,0.8,900.0,0.003,0.01,8,0.5,0.010021945,0.009962848023710691
2.076,963.3875727414282,40.80362110779834,0.0,0.2,0.2,20.249999999999996,0.8,0.8,900.0,0.003,0.01,8,0.5,0.009909614,0.009953106908526481
2.079,963.4839073950492,40.71727962548754,0.0,0.2,0.2,20.249999999999996,0.8,0.8,900.0,0.003,0.01,7,0.5,0.010377306,0.009997947121516366
2.082,963.5806926129412,41.17904096587448,0.0,0.2,0.2,20.249999999999996,0.8,0.8,900.0,0.003,0.01,8,0.5,0.009644652,0.009990542345861787
2.085,963.677413811528,41.06567664483356,0.0,0.2,0.2,20.249999999999996,0.8,0.8,900.0,0.003,0.01,8,0.5,0.009801334,0.009981642233646061
2.088,963.774057117374,40.95865545070167,0.0,0.2,0.2,20.249999999999996,0.8,0.8,900.0,0.003,0.01,8,0.5,0.011470652,0.009972015873712034
2.091,963.8706162077187,40.85735500168879,0.0,0.2,0.2,20.249999999999996,0.8,0.8,900.0,0.003,0.01,8,0.5,0.009456222,0.009961988715947279
2.094,963.9670881715136,40.76125864871182,0.0,0.2,0.2,20.249999999999996,0.8,0.8,900.0,0.003,0.01,8,0.5,0.010039705,0.009951899734471813
2.097,964.0634731249753,40.66993888441329,0.0,0.2,0.2,20.249999999999996,0.8,0.8,900.0,0.003,0.01,7,0.5,0.010519548,0.009996511445558385
2.1,964.1603073034755,41.12667714153524,0.0,0.2,0.2,20.249999999999996,0.8,0.8,900.0,0.003,0.01,8,0.5,0.009750723,0.009988783965684388
2.103,964.2570749185807,41.00857417313608,0.0,0.2,0.2,20.249999999999996,0.8,0.8,900.0,0.003,0.01,8,0.5,0.009591543,0.009979568240406914
2.106,964.3537621136003,40.89696602540345,0.0,0.2,0.2,20.249999999999996,0.8,0.8,900.0,0.003,0.01,8,0.5,0.011526913,0.009969631893497154
2.109,964.4503625969319,40.79122881581743,0.0,0.2,0.2,20.249999999999996,0.8,0.8,900.0,0.003,0.01,8,0.5,0.009839954,0.009959301573894935
2.112,964.5468734988833,40.69084156180604,0.0,0.2,0.2,20.249999999999996,0.8,0.8,900.0,0.003,0.01,8,0.5,0.009761244,0.009948915984982709
2.115,964.6432949569171,40.59537320336187,0.0,0.2,0.2,20.249999999999996,0.8,0.8,900.0,0.003,0.01,7,0.5,0.010302416,0.009993332426959847
2.118,964.7401644495479,41.04763380178058,0.0,0.2,0.2,20.249999999999996,0.8,0.8,900.0,0.003,0.01,8,0.5,0.009684373,0.009985311211673757
2.121,964.8369649070784,40.92562159363864,0.0,0.2,0.2,20.249999999999996,0.8,0.8,900.0,0.003,0.01,8,0.5,0.009618313,0.009975796912689476
2.124,964.9336823606178,40.81025124204075,0.0,0.2,0.2,20.249999999999996,0.8,0.8,900.0,0.003,0.01,8,0.5,0.011371963,0.009965557222746882
2.1270000000000002,965.0303104349302,40.70090556105337,0.0,0.2,0.2,20.249999999999996,0.8,0.8,900.0,0.003,0.01,8,0.5,0.009956684,0.009954920837580547
2.13,965.1268461954534,40.59706588883092,0.0,0.2,0.2,20.249999999999996,0.8,0.8,900.0,0.003,0.01,7,0.5,0.009663793,0.00999896961129199
2.133,965.2238265342492,41.042014483288945,0.0,0.2,0.2,20.249999999999996,0.8,0.8,900.0,0.003,0.01,8,0.5,0.011772494,0.009990346575216715
2.136,965.320731954858,40.912497170949784,0.0,0.2,0.2,20.249999999999996,0.8,0.8,900.0,0.003,0.01,8,0.5,0.009634323,0.009980156240750737
2.1390000000000002,965.417547827533,40.790077252030635,0.0,0.2,0.2,20.249999999999996,0.8,0.8,900.0,0.003,0.01,8,0.5,0.010034715,0.009969208800887938
2.142,965.5142675032395,40.67410987602915,0.0,0.2,0.2,20.249999999999996,0.8,0.8,900.0,0.003,0.01,8,0.5,0.011275872,0.00995785905888632
2.145,965.6108879957759,40.56405135705293,0.0,0.2,0.2,20.249999999999996,0.8,0.8,900.0,0.003,0.01,8,0.5,0.010006735,0.009946461796240107
2.148,965.7074094727169,40.459450539465436,0.0,0.2,0.2,20.249999999999996,0.8,0.8,900.0,0.003,0.01,7,0.5,0.008892878,0.009990106983941217
2.1510000000000002,965.804372285326,40.90240276526686,0.0,0.2,0.2,20.249999999999996,0.8,0.8,900.0,0.003,0.01,8,0.5,0.01110118,0.009981106703459185
2.154,965.9012566710078,40.772169078702454,0.0,0.2,0.2,20.249999999999996,0.8,0.8,900.0,0.003,0.01,8,0.5,0.009467972,0.009970626600805879
2.157,965.9980486492504,40.64906761787106,0.0,0.2,0.2,20.249999999999996,0.8,0.8,900.0,0.003,0.01,8,0.5,0.009925044,0.009959436128756159
2.16,966.094741909585,40.532477024036666,0.0,0.2,0.2,20.249999999999996,0.8,0.8,900.0,0.003,0.01,8,0.5,0.011446733,0.009947868971076333
2.1630000000000003,966.1913336319639,40.42186569383453,0.0,0.2,0.2,20.249999999999996,0.8,0.8,900.0,0.003,0.01,7,0.5,0.009044389,0.009991221169204567
2.166,966.2883635487984,40.8593198624381,0.0,0.2,0.2,20.249999999999996,0.8,0.8,900.0,0.003,0.01,8,0.5,0.009738183,0.009981703700229131
2.169,966.3853095183806,40.72386737427559,0.0,0.2,0.2,20.249999999999996,0.8,0.8,900.0,0.003,0.01,8,0.5,0.011348302,0.009970632239339756
2.172,966.4821569095902,40.595949979172545,0.0,0.2,0.2,20.249999999999996,0.8,0.8,900.0,0.003,0.01,8,0.5,0.009857014,0.009958819102401952
2.1750000000000003,966.5788991517607,40.47492188264551,0.0,0.2,0.2,20.249999999999996,0.8,0.8,900.0,0.003,0.01,8,0.5,0.010458927,0.009946624226153706
2.178,966.6755333934351,40.360228757630196,0.0,0.2,0.2,20.249999999999996,0.8,0.8,900.0,0.003,0.01,7,0.5,0.010365116,0.00998947770768991
2.181,966.7726009437637,40.793639090268776,0.0,0.2,0.2,20.249999999999996,0.8,0.8,900.0,0.003,0.01,8,0.5,0.009902704,0.00997935637592775
2.184,966.8695783112529,40.65469831380074,0.0,0.2,0.2,20.249999999999996,0.8,0.8,900.0,0.003,0.01,8,0.5,0.010405607,0.009967700105121333
2.187,966.9664510130726,40.52359811646793,0.0,0.2,0.2,20.249999999999996,0.8,0.8,900.0,0.003,0.01,8,0.5,0.011435472,0.009955324025169458
2.19,967.0632126817096,40.399681144281075,0.0,0.2,0.2,20.249999999999996,0.8,0.8,900.0,0.003,0.01,7,0.5,0.008839058,0.009997775716296007
2.193,967.16040308985,40.82558478872453,0.0,0.2,0.2,20.249999999999996,0.8,0.8,900.0,0.003,0.01,8,0.5,0.009921544,0.009986944039838606
2.196,967.2574956880915,40.67864949689053,0.0,0.2,0.2,20.249999999999996,0.8,0.8,900.0,0.003,0.01,8,0.5,0.011427702,0.009974456442010041
2.199,967.3544750061055,40.54017898432594,0.0,0.2,0.2,20.249999999999996,0.8,0.8,900.0,0.003,0.01,8,0.5,0.009977855,0.009961200486139224
2.202,967.4513343326736,40.40946225200278,0.0,0.2,0.2,20.249999999999996,0.8,0.8,900.0,0.003,0.01,8,0.5,0.010313466,0.009947584791861218
2.205,967.548071104992,40.285884816121076,0.0,0.2,0.2,20.249999999999996,0.8,0.8,900.0,0.003,0.01,7,0.5,0.010528637,0.009989309985471477
2.208,967.6452301010845,40.711063564985494,0.0,0.2,0.2,20.249999999999996,0.8,0.8,900.0,0.003,0.01,8,0.5,0.009783654,0.009977869172492238
2.211,967.7422854038326,40.5645363673141,0.0,0.2,0.2,20.249999999999996,0.8,0.8,900.0,0.003,0.01,8,0.5,0.010411847,0.00996495607037355
2.214,967.8392231126019,40.426520563815174,0.0,0.2,0.2,20.249999999999996,0.8,0.8,900.0,0.003,0.01,8,0.5,0.011585913,0.009951390295113374
2.217,967.9360375358767,40.296321662637396,0.0,0.2,0.2,20.249999999999996,0.8,0.8,900.0,0.003,0.01,7,0.5,0.009075789,0.009992938780268542
2.22,968.0332718417285,40.7160008725624,0.0,0.2,0.2,20.249999999999996,0.8,0.8,900.0,0.003,0.01,8,0.5,0.010732378,0.009981051290940988
2.223,968.1303974335603,40.56381753474818,0.0,0.2,0.2,20.249999999999996,0.8,0.8,900.0,0.003,0.01,8,0.5,0.011754955,0.009967573791287576
2.226,968.2273994632103,40.42062621301832,0.0,0.2,0.2,20.249999999999996,0.8,0.8,900.0,0.003,0.01,8,0.5,0.009783344,0.009953393659819714
2.229,968.3242718935421,40.28568413958601,0.0,0.2,0.2,20.249999999999996,0.8,0.8,900.0,0.003,0.01,7,0.5,0.00922783,0.009994431008679529
2.232,968.4215592492691,40.70122367845485,0.0,0.2,0.2,20.249999999999996,0.8,0.8,900.0,0.003,0.01,8,0.5,0.011522023,0.00998193487203645
2.235,968.5187317879793,40.544955749607375,0.0,0.2,0.2,20.249999999999996,0.8,0.8,900.0,0.003,0.01,8,0.5,0.009850573,0.009967874403765679
2.238,968.6157749368442,40.39801847491328,0.0,0.2,0.2,20.249999999999996,0.8,0.8,900.0,0.003,0.01,8,0.5,0.010127295,0.009953144666685424
2.241,968.7126830202026,40.25964107014102,0.0,0.2,0.2,20.249999999999996,0.8,0.8,900.0,0.003,0.01,7,0.5,0.010779078,0.009993769216019596
2.244,968.8100021673444,40.67200897087748,0.0,0.2,0.2,20.249999999999996,0.8,0.8,900.0,0.003,0.01,8,0.5,0.009800053,0.00998079723230286
2.247,968.9072018054551,40.512777682530746,0.0,0.2,0.2,20.249999999999996,0.8,0.8,900.0,0.003,0.01,8,0.5,0.010085535,0.009966297018640493
2.25,969.0042677184053,40.36311911146119,0.0,0.2,0.2,20.249999999999996,0.8,0.8,900.0,0.003,0.01,8,0.5,0.011892615,0.009951162983727535
2.253,969.1011946015683,40.222241591497834,0.0,0.2,0.2,20.249999999999996,0.8,0.8,900.0,0.003,0.01,7,0.5,0.009701393,0.009991501821678423
2.2560000000000002,969.1985299978286,40.632123167407244,0.0,0.2,0.2,20.249999999999996,0.8,0.8,900.0,0.003,0.01,8,0.5,0.010039025,0.009978190672909365
2.259,969.2957426051707,40.470723298374054,0.0,0.2,0.2,20.249999999999996,0.8,0.8,900.0,0.003,0.01,8,0.5,0.011084271,0.009963379851258895
2.262,969.392818485121,40.319067008108625,0.0,0.2,0.2,20.249999999999996,0.8,0.8,900.0,0.003,0.01,8,0.5,0.009946494,0.009947961946233801
2.265,969.4897526121853,40.17634733721646,0.0,0.2,0.2,20.249999999999996,0.8,0.8,900.0,0.003,0.01,7,0.5,0.00916328,0.009988114421408175
2.2680000000000002,969.5870937263679,40.58421693818208,0.0,0.2,0.2,20.249999999999996,0.8,0.8,900.0,0.003,0.01,8,0.5,0.011318562,0.00997456693313344
2.271,969.6843098401748,40.421205200832986,0.0,0.2,0.2,20.249999999999996,0.8,0.8,900.0,0.003,0.01,8,0.5,0.009926374,0.009959539847340606
2.274,969.7813872094873,40.26805711895764,0.0,0.2,0.2,20.249999999999996,0.8,0.8,900.0,0.003,0.01,7,0.5,0.00914705,0.009999741714645854
2.277,969.8788713772617,40.667856053480094,0.0,0.2,0.2,20.249999999999996,0.8,0.8,900.0,0.003,0.01,8,0.5,0.011426352,0.00998585972169221
2.2800000000000002,969.9762266690562,40.495728819485656,0.0,0.2,0.2,20.249999999999996,0.8,0.8,900.0,0.003,0.01,8,0.5,0.009978275,0.009970252071654025
2.283,970.0734372818067,40.334122030011066,0.0,0.2,0.2,20.249999999999996,0.8,0.8,900.0,0.003,0.01,8,0.5,0.009848384,0.009953928957775826
2.286,970.1704973959878,40.18213831780422,0.0,0.2,0.2,20.249999999999996,0.8,0.8,900.0,0.003,0.01,7,0.5,0.010364416,0.009993327018568192
2.289,970.2679577674911,40.581999793602606,0.0,0.2,0.2,20.249999999999996,0.8,0.8,900.0,0.003,0.01,8,0.5,0.009666092,0.009978854819045103
2.2920000000000003,970.3652844740175,40.41071805660095,0.0,0.2,0.2,20.249999999999996,0.8,0.8,900.0,0.003,0.01,8,0.5,0.009752253,0.009962931682962457
2.295,970.4624640824629,40.24982829943334,0.0,0.2,0.2,20.249999999999996,0.8,0.8,900.0,0.003,0.01,8,0.5,0.011303032,0.009946462722387571
2.298,970.5594922281435,40.09846660994576,0.0,0.2,0.2,20.249999999999996,0.8,0.8,900.0,0.003,0.01,7,0.5,0.00918485,0.009985860426749853
2.301,970.6569211634704,40.49804549797473,0.0,0.2,0.2,20.249999999999996,0.8,0.8,900.0,0.003,0.01,8,0.5,0.009701552,0.009971395237985148
2.3040000000000003,970.7542167890404,40.327258591349214,0.0,0.2,0.2,20.249999999999996,0.8,0.8,900.0,0.003,0.01,8,0.5,0.011125511,0.009955510905918197
2.307,970.851365917886,40.1668017876871,0.0,0.2,0.2,20.249999999999996,0.8,0.8,900.0,0.003,0.01,7,0.5,0.00910776,0.009995120279354307
2.31,970.9489172661846,40.55922739004784,0.0,0.2,0.2,20.249999999999996,0.8,0.8,900.0,0.003,0.01,8,0.5,0.010791329,0.009980491468151999
2.313,971.0463331244675,40.38047689180204,0.0,0.2,0.2,20.249999999999996,0.8,0.8,900.0,0.003,0.01,8,0.5,0.011207101,0.009964183990666535
2.316,971.1435980922125,40.212618754911745,0.0,0.2,0.2,20.249999999999996,0.8,0.8,900.0,0.003,0.01,8,0.5,0.009842713,0.009947203857326581
2.319,971.2407067687589,40.05472689772932,0.0,0.2,0.2,20.249999999999996,0.8,0.8,900.0,0.003,0.01,7,0.5,0.009184839,0.009986173337861549
2.322,971.3382127044102,40.4481637702009,0.0,0.2,0.2,20.249999999999996,0.8,0.8,900.0,0.003,0.01,8,0.5,0.011478152,0.009971122720215223
2.325,971.435579974824,40.27148336815982,0.0,0.2,0.2,20.249999999999996,0.8,0.8,900.0,0.003,0.01,8,0.5,0.009841654,0.009954650497204112
2.328,971.5327953670934,40.10547789119877,0.0,0.2,0.2,20.249999999999996,0.8,0.8,900.0,0.003,0.01,7,0.5,0.009432122,0.0099938208620255
2.331,971.630409418609,40.49243993588042,0.0,0.2,0.2,20.249999999999996,0.8,0.8,900.0,0.003,0.01,8,0.5,0.011509973,0.009978630081927838
2.334,971.7278828801568,40.30866792370842,0.0,0.2,0.2,20.249999999999996,0.8,0.8,900.0,0.003,0.01,8,0.5,0.009717363,0.009961777839306359
2.337,971.8252004797998,40.13607948976075,0.0,0.2,0.2,20.249999999999996,0.8,0.8,900.0,0.003,0.01,8,0.5,0.009810234,0.00994427290302282
2.34,971.9223570062264,39.9737309793904,0.0,0.2,0.2,20.249999999999996,0.8,0.8,900.0,0.003,0.01,7,0.5,0.010551148,0.009982869464323547
2.343,972.019907835125,40.36247189534128,0.0,0.2,0.2,20.249999999999996,0.8,0.8,900.0,0.003,0.01,8,0.5,0.009895694,0.009967336576677447
2.346,972.1173156084063,40.181764507529785,0.0,0.2,0.2,20.249999999999996,0.8,0.8,900.0,0.003,0.01,8,0.5,0.009820854,0.009950398849686237
2.349,972.2145672171101,40.011968013415796,0.0,0.2,0.2,20.249999999999996,0.8,0.8,900.0,0.003,0.01,7,0.5,0.010532788,0.009989241859813305
2.352,972.3122148896958,40.39470430940965,0.0,0.2,0.2,20.249999999999996,0.8,0.8,900.0,0.003,0.01,8,0.5,0.010038845,0.009973614703374442
2.355,972.4097179346896,40.20752481868035,0.0,0.2,0.2,20.249999999999996,0.8,0.8,900.0,0.003,0.01,8,0.5,0.009593293,0.00995633832807702
2.358,972.5070611356796,40.03173862178812,0.0,0.2,0.2,20.249999999999996,0.8,0.8,900.0,0.003,0.01,7,0.5,0.010691558,0.009994792900537609
2.361,972.6047966178724,40.40946509237233,0.0,0.2,0.2,20.249999999999996,0.8,0.8,900.0,0.003,0.01,8,0.5,0.010012555,0.009978626648385025
2.364,972.702382149479,40.216995913349734,0.0,0.2,0.2,20.249999999999996,0.8,0.8,900.0,0.003,0.01,8,0.5,0.009876284,0.009960782121088103
2.367,972.7998022816199,40.036285232908206,0.0,0.2,0.2,20.249999999999996,0.8,0.8,900.0,0.003,0.01,7,0.5,0.010441727,0.009998759279356744
2.37,972.897610223635,40.40976350129132,0.0,0.2,0.2,20.249999999999996,0.8,0.8,900.0,0.003,0.01,8,0.5,0.009886713,0.009982030665570798
2.373,972.9952627626418,40.21293293982703,0.0,0.2,0.2,20.249999999999996,0.8,0.8,900.0,0.003,0.01,8,0.5,0.009655903,0.009963640977264146
2.376,973.0927446011337,40.028161852981306,0.0,0.2,0.2,20.249999999999996,0.8,0.8,900.0,0.003,0.01,8,0.5,0.011406892,0.009944628685305604
2.379,973.1900508227209,39.854448766752476,0.0,0.2,0.2,20.249999999999996,0.8,0.8,900.0,0.003,0.01,7,0.5,0.00931093,0.009982060708165402
2.382,973.2877408336408,40.232125410260224,0.0,0.2,0.2,20.249999999999996,0.8,0.8,900.0,0.003,0.01,8,0.5,0.009768203,0.00996511622418836
2.3850000000000002,973.3852741280052,40.041366102116,0.0,0.2,0.2,20.249999999999996,0.8,0.8,900.0,0.003,0.01,8,0.5,0.011500853,0.009946819431899786
2.388,973.4826379877909,39.86222272082719,0.0,0.2,0.2,20.249999999999996,0.8,0.8,900.0,0.003,0.01,7,0.5,0.00916188,0.009984631460888726
2.391,973.5803885273543,40.235384901711015,0.0,0.2,0.2,20.249999999999996,0.8,0.8,900.0,0.003,0.01,8,0.5,0.009807234,0.009967742852820613
2.394,973.67798204065,40.04001653155419,0.0,0.2,0.2,20.249999999999996,0.8,0.8,900.0,0.003,0.01,8,0.5,0.011828125,0.00994925571553968
2.3970000000000002,973.7754036826121,39.85665699895532,0.0,0.2,0.2,20.249999999999996,0.8,0.8,900.0,0.003,0.01,7,0.5,0.00908372,0.009986808184525936
2.4,973.8732092964336,40.22613370251833,0.0,0.2,0.2,20.249999999999996,0.8,0.8,900.0,0.003,0.01,8,0.5,0.010151495,0.009969520469534397
2.403,973.9708537230817,40.02711934043286,0.0,0.2,0.2,20.249999999999996,0.8,0.8,900.0,0.003,0.01,8,0.5,0.011770724,0.009950599968404581
2.406,974.068321838231,39.84040411800978,0.0,0.2,0.2,20.249999999999996,0.8,0.8,900.0,0.003,0.01,7,0.5,0.009334711,0.009987790271166228
2.4090000000000003,974.1661704049964,40.20681940483617,0.0,0.2,0.2,20.249999999999996,0.8,0.8,900.0,0.003,0.01,8,0.5,0.009741564,0.009970064111523777
2.412,974.263853353684,40.00490277411313,0.0,0.2,0.2,20.249999999999996,0.8,0.8,900.0,0.003,0.01,8,0.5,0.011488173,0.009950718634330358
2.415,974.3613556868713,39.81552028279503,0.0,0.2,0.2,20.249999999999996,0.8,0.8,900.0,0.003,0.01,7,0.5,0.009518502,0.009987577591341158
2.418,974.4592352737733,40.17938452521676,0.0,0.2,0.2,20.249999999999996,0.8,0.8,900.0,0.003,0.01,8,0.5,0.009618872,0.009969461114748786
2.4210000000000003,974.5569452847816,39.97517457697132,0.0,0.2,0.2,20.249999999999996,0.8,0.8,900.0,0.003,0.01,8,0.5,0.011827694,0.009949745357914368
2.424,974.6544709011308,39.78369336915448,0.0,0.2,0.2,20.249999999999996,0.8,0.8,900.0,0.003,0.01,7,0.5,0.008968349,0.009986323676977188
2.427,974.7523710529047,40.14543251322332,0.0,0.2,0.2,20.249999999999996,0.8,0.8,900.0,0.003,0.01,8,0.5,0.009573712,0.009967872860211703
2.43,974.8500981980711,39.93943773087673,0.0,0.2,0.2,20.249999999999996,0.8,0.8,900.0,0.003,0.01,8,0.5,0.011292862,0.00994784099758648
2.433,974.9476376759712,39.746335107928545,0.0,0.2,0.2,20.249999999999996,0.8,0.8,900.0,0.003,0.01,7,0.5,0.00913895,0.009984183854470589
2.436,975.0455493923491,40.10631181220756,0.0,0.2,0.2,20.249999999999996,0.8,0.8,900.0,0.003,0.01,8,0.5,0.009917494,0.009965446608193824
2.439,975.1432851230105,39.89896596486338,0.0,0.2,0.2,20.249999999999996,0.8,0.8,900.0,0.003,0.01,8,0.5,0.011382392,0.009945144828419697
2.442,975.2408303548942,39.70465234396852,0.0,0.2,0.2,20.249999999999996,0.8,0.8,900.0,0.003,0.01,7,0.5,0.009239641,0.009981292893101215
2.445,975.3387459191371,40.063181755265056,0.0,0.2,0.2,20.249999999999996,0.8,0.8,900.0,0.003,0.01,8,0.5,0.009689603,0.009962314133500974
2.448,975.4364829447228,39.8548564756008,0.0,0.2,0.2,20.249999999999996,0.8,0.8,900.0,0.003,0.01,7,0.5,0.010476417,0.009998776761104165
2.451,975.5345923278476,40.202866229343165,0.0,0.2,0.2,20.249999999999996,0.8,0.8,900.0,0.003,0.01,8,0.5,0.009650862,0.009979644087569057
2.454,975.6325202733927,39.98245319376971,0.0,0.2,0.2,20.249999999999996,0.8,0.8,900.0,0.003,0.01,8,0.5,0.010046296,0.00995851968033995
2.457,975.7302485164255,39.77616214911623,0.0,0.2,0.2,20.249999999999996,0.8,0.8,900.0,0.003,0.01,7,0.5,0.01094179,0.009993767991777121
2.46,975.8283379083408,40.12501833456305,0.0,0.2,0.2,20.249999999999996,0.8,0.8,900.0,0.003,0.01,8,0.5,0.009831633,0.009973594283277529
2.463,975.9262365914466,39.90629766160183,0.0,0.2,0.2,20.249999999999996,0.8,0.8,900.0,0.003,0.01,8,0.5,0.009906734,0.009951828670610468
2.466,976.0239299176193,39.70154237850659,0.0,0.2,0.2,20.249999999999996,0.8,0.8,900.0,0.003,0.01,7,0.5,0.010341546,0.009986778124923964
2.469,976.1219819193258,40.05096142286676,0.0,0.2,0.2,20.249999999999996,0.8,0.8,900.0,0.003,0.01,8,0.5,0.009889314,0.009966399700806672
2.472,976.2198413254418,39.833639946642386,0.0,0.2,0.2,20.249999999999996,0.8,0.8,900.0,0.003,0.01,8,0.5,0.009924924,0.009944536066543575
2.475,976.3174943823294,39.63022617838488,0.0,0.2,0.2,20.249999999999996,0.8,0.8,900.0,0.003,0.01,7,0.5,0.010422376,0.009979480787360176
2.478,976.4155061422448,39.98011120047231,0.0,0.2,0.2,20.249999999999996,0.8,0.8,900.0,0.003,0.01,8,0.5,0.010347056,0.009959093806547973
2.481,976.5133250829189,39.7640787190752,0.0,0.2,0.2,20.249999999999996,0.8,0.8,900.0,0.003,0.01,7,0.5,0.00906429,0.009994491477433512
2.484,976.6115061003458,40.104497964121656,0.0,0.2,0.2,20.249999999999996,0.8,0.8,900.0,0.003,0.01,8,0.5,0.011403132,0.009974099172819911
2.487,976.7094928436762,39.87763220510966,0.0,0.2,0.2,20.249999999999996,0.8,0.8,900.0,0.003,0.01,8,0.5,0.009898024,0.009951792916367655
2.49,976.8072677743942,39.66553920849947,0.0,0.2,0.2,20.249999999999996,0.8,0.8,900.0,0.003,0.01,7,0.5,0.009050279,0.009986166159507554
2.493,976.9053954416457,40.008250366910325,0.0,0.2,0.2,20.249999999999996,0.8,0.8,900.0,0.003,0.01,8,0.5,0.011715814,0.009964942355038697
2.496,977.003321636002,39.784779070687016,0.0,0.2,0.2,20.249999999999996,0.8,0.8,900.0,0.003,0.01,7,0.5,0.009413491,0.009999596643375972
2.499,977.1016026318725,40.11892019085106,0.0,0.2,0.2,20.249999999999996,0.8,0.8,900.0,0.003,0.01,8,0.5,0.009736874,0.009978298525289793
2.5020000000000002,977.1996802899862,39.88567556531272,0.0,0.2,0.2,20.249999999999996,0.8,0.8,900.0,0.003,0.01,8,0.5,0.011130151,0.009955106453218005
2.505,977.2975373181848,39.66775055381424,0.0,0.2,0.2,20.249999999999996,0.8,0.8,900.0,0.003,0.01,7,0.5,0.00923752,0.009988771978133304
2.508,977.3957403503281,40.005364878930884,0.0,0.2,0.2,20.249999999999996,0.8,0.8,900.0,0.003,0.01,8,0.5,0.009677672,0.009966737456803246
2.511,977.4937339242746,39.77690566287389,0.0,0.2,0.2,20.249999999999996,0.8,0.8,900.0,0.003,0.01,8,0.5,0.011201211,0.00994323126652244
2.5140000000000002,977.5915045340085,39.563392839205996,0.0,0.2,0.2,20.249999999999996,0.8,0.8,900.0,0.003,0.01,7,0.5,0.008990519,0.009976889021982717
2.517,977.6896216042826,39.90373731107258,0.0,0.2,0.2,20.249999999999996,0.8,0.8,900.0,0.003,0.01,8,0.5,0.010041414,0.009954973543885994
2.52,977.7875305877058,39.67922322655277,0.0,0.2,0.2,20.249999999999996,0.8,0.8,900.0,0.003,0.01,7,0.5,0.010111905,0.009989214930823647
2.523,977.8857907786766,40.01131095768794,0.0,0.2,0.2,20.249999999999996,0.8,0.8,900.0,0.003,0.01,8,0.5,0.009698803,0.009967451308485592
2.5260000000000002,977.9838430461058,39.77739544932358,0.0,0.2,0.2,20.249999999999996,0.8,0.8,900.0,0.003,0.01,8,0.5,0.009651953,0.009943863150942653
2.529,978.0816707134577,39.5589871266011,0.0,0.2,0.2,20.249999999999996,0.8,0.8,900.0,0.003,0.01,7,0.5,0.010369477,0.009977295497576052
2.532,978.1798424527337,39.89498366042791,0.0,0.2,0.2,20.249999999999996,0.8,0.8,900.0,0.003,0.01,8,0.5,0.010062665,0.009954945384792633
2.535,978.2778015735688,39.66636010450985,0.0,0.2,0.2,20.249999999999996,0.8,0.8,900.0,0.003,0.01,7,0.5,0.009187,0.009988793711302372
2.5380000000000003,978.3761081897951,39.99465975330539,0.0,0.2,0.2,20.249999999999996,0.8,0.8,900.0,0.003,0.01,8,0.5,0.01104336,0.009966510156970684
2.541,978.4742017474979,39.75729433272156,0.0,0.2,0.2,20.249999999999996,0.8,0.8,900.0,0.003,0.01,8,0.5,0.009832514,0.009942404609142442
2.544,978.5720656330625,39.53576991303963,0.0,0.2,0.2,20.249999999999996,0.8,0.8,900.0,0.003,0.01,7,0.5,0.00918154,0.009975436034634876
2.547,978.670269967822,39.86870124218796,0.0,0.2,0.2,20.249999999999996,0.8,0.8,900.0,0.003,0.01,8,0.5,0.011360462,0.009952604085157243
2.5500000000000003,978.7682570439774,39.637480429115335,0.0,0.2,0.2,20.249999999999996,0.8,0.8,900.0,0.003,0.01,7,0.5,0.009360041,0.009986094370262735
2.553,978.8665884386545,39.963096417298225,0.0,0.2,0.2,20.249999999999996,0.8,0.8,900.0,0.003,0.01,8,0.5,0.009986995,0.009963380321741867
2.556,978.964702659973,39.723588249857514,0.0,0.2,0.2,20.249999999999996,0.8,0.8,900.0,0.003,0.01,7,0.5,0.011386322,0.009996669416680641
2.559,979.0631586786888,40.042866702715735,0.0,0.2,0.2,20.249999999999996,0.8,0.8,900.0,0.003,0.01,8,0.5,0.009674253,0.009973466349357994
2.562,979.1613923355569,39.796203109272454,0.0,0.2,0.2,20.249999999999996,0.8,0.8,900.0,0.003,0.01,8,0.5,0.009708373,0.009948332784255089
2.565,979.2593861875316,39.566164987774,0.0,0.2,0.2,20.249999999999996,0.8,0.8,900.0,0.003,0.01,7,0.5,0.010609638,0.009980487385649335
2.568,979.3577123611461,39.89174036873432,0.0,0.2,0.2,20.249999999999996,0.8,0.8,900.0,0.003,0.01,8,0.5,0.009898654,0.009956606830608129
2.571,979.4558112210443,39.653175391247345,0.0,0.2,0.2,20.249999999999996,0.8,0.8,900.0,0.003,0.01,7,0.5,0.0092454,0.009989260949307343
2.574,979.5542467948408,39.97227376010865,0.0,0.2,0.2,20.249999999999996,0.8,0.8,900.0,0.003,0.01,8,0.5,0.011517582,0.009965575004488893
2.577,979.652455974328,39.72642982702271,0.0,0.2,0.2,20.249999999999996,0.8,0.8,900.0,0.003,0.01,7,0.5,0.009507302,0.009998108751196066
2.58,979.7510001741166,40.03991544282966,0.0,0.2,0.2,20.249999999999996,0.8,0.8,900.0,0.003,0.01,8,0.5,0.009744573,0.009974030453820901
2.583,979.849313761468,39.78779486195949,0.0,0.2,0.2,20.249999999999996,0.8,0.8,900.0,0.003,0.01,8,0.5,0.011475202,0.00994807542485065
2.586,979.9473797916562,39.552754500819525,0.0,0.2,0.2,20.249999999999996,0.8,0.8,900.0,0.003,0.01,7,0.5,0.009494361,0.009979604490634121
2.589,980.0457726450126,39.873498931554586,0.0,0.2,0.2,20.249999999999996,0.8,0.8,900.0,0.003,0.01,8,0.5,0.009882784,0.0099549931660184
2.592,980.1439313501767,39.6306444901578,0.0,0.2,0.2,20.249999999999996,0.8,0.8,900.0,0.003,0.01,7,0.5,0.010553208,0.009987099509282026
2.595,980.2424220143415,39.94542615939516,0.0,0.2,0.2,20.249999999999996,0.8,0.8,900.0,0.003,0.01,8,0.5,0.009917794,0.00996276253638554
2.598,980.3406802077941,39.69592608726774,0.0,0.2,0.2,20.249999999999996,0.8,0.8,900.0,0.003,0.01,7,0.5,0.00915757,0.009994812554448512
2.601,980.4392692698732,40.00555131610221,0.0,0.2,0.2,20.249999999999996,0.8,0.8,900.0,0.003,0.01,8,0.5,0.011319232,0.00997015071612009
2.604,980.537622278639,39.750338650977355,0.0,0.2,0.2,20.249999999999996,0.8,0.8,900.0,0.003,0.01,8,0.5,0.009951114,0.009943647265338045
2.607,980.6357225845653,39.51249350584026,0.0,0.2,0.2,20.249999999999996,0.8,0.8,900.0,0.003,0.01,7,0.5,0.009654823,0.009974774802626667
2.61,980.7341463232484,39.829990193331284,0.0,0.2,0.2,20.249999999999996,0.8,0.8,900.0,0.003,0.01,8,0.5,0.011724234,0.009949668973267862
2.613,980.8323312969138,39.58479780327925,0.0,0.2,0.2,20.249999999999996,0.8,0.8,900.0,0.003,0.01,7,0.5,0.009334832,0.00998142089288872
2.616,980.9308452620674,39.896666706725505,0.0,0.2,0.2,20.249999999999996,0.8,0.8,900.0,0.003,0.01,8,0.5,0.009864204,0.009956636817057413
2.619,981.0291225560323,39.645244861382345,0.0,0.2,0.2,20.249999999999996,0.8,0.8,900.0,0.003,0.01,7,0.5,0.010550047,0.009988369327343859
2.622,981.1277280626831,39.9522552232644,0.0,0.2,0.2,20.249999999999996,0.8,0.8,900.0,0.003,0.01,8,0.5,0.01104815,0.009963297999914848
2.625,981.2260936324881,39.69549247042602,0.0,0.2,0.2,20.249999999999996,0.8,0.8,900.0,0.003,0.01,7,0.5,0.008963029,0.009994667168638824
2.628,981.324783741689,39.99824700888045,0.0,0.2,0.2,20.249999999999996,0.8,0.8,900.0,0.003,0.01,8,0.5,0.011533783,0.00996909657220157
2.6310000000000002,981.4232289218279,39.73684892563074,0.0,0.2,0.2,20.249999999999996,0.8,0.8,900.0,0.003,0.01,8,0.5,0.010098295,0.009941677652814417
2.634,981.5214124726771,39.493356443076834,0.0,0.2,0.2,20.249999999999996,0.8,0.8,900.0,0.003,0.01,7,0.5,0.00907859,0.009972081173150647
2.637,981.6199128638357,39.805134159247096,0.0,0.2,0.2,20.249999999999996,0.8,0.8,900.0,0.003,0.01,8,0.5,0.011777044,0.009946101840164145
2.64,981.7181660262779,39.555145055811394,0.0,0.2,0.2,20.249999999999996,0.8,0.8,900.0,0.003,0.01,7,0.5,0.009498541,0.009977188969719135
2.6430000000000002,981.8167421269817,39.86190305771894,0.0,0.2,0.2,20.249999999999996,0.8,0.8,900.0,0.003,0.01,8,0.5,0.010093895,0.009951601042990482
2.646,981.9150737072188,39.606426187815735,0.0,0.2,0.2,20.249999999999996,0.8,0.8,900.0,0.003,0.01,7,0.5,0.010497358,0.009982731041529806
2.649,982.0137279846286,39.90885729114285,0.0,0.2,0.2,20.249999999999996,0.8,0.8,900.0,0.003,0.01,8,0.5,0.009884494,0.009956922850398975
2.652,982.1121350451534,39.64869071186004,0.0,0.2,0.2,20.249999999999996,0.8,0.8,900.0,0.003,0.01,7,0.5,0.00925615,0.009987746772670093
2.6550000000000002,982.2108616064821,39.94733401191572,0.0,0.2,0.2,20.249999999999996,0.8,0.8,900.0,0.003,0.01,8,0.5,0.011351472,0.00996149989936761
2.658,982.3093364601872,39.68310716611126,0.0,0.2,0.2,20.249999999999996,0.8,0.8,900.0,0.003,0.01,7,0.5,0.00913849,0.009991924186325026
2.661,982.4081268799681,39.9784062233772,0.0,0.2,0.2,20.249999999999996,0.8,0.8,900.0,0.003,0.01,8,0.5,0.009847924,0.009965199500422935
2.664,982.5066608257445,39.7106469838963,0.0,0.2,0.2,20.249999999999996,0.8,0.8,900.0,0.003,0.01,7,0.5,0.010696969,0.009995223154278393
2.6670000000000003,982.6055064434365,40.002982875886964,0.0,0.2,0.2,20.249999999999996,0.8,0.8,900.0,0.003,0.01,8,0.5,0.010179065,0.009968041366791483
2.67,982.7040910524943,39.732149581120744,0.0,0.2,0.2,20.249999999999996,0.8,0.8,900.0,0.003,0.01,7,0.5,0.009392051,0.009997693820870845
2.673,982.802983736697,40.02185651887098,0.0,0.2,0.2,20.249999999999996,0.8,0.8,900.0,0.003,0.01,8,0.5,0.011518753,0.009970094346989606
2.676,982.9016112607428,39.74835120609432,0.0,0.2,0.2,20.249999999999996,0.8,0.8,900.0,0.003,0.01,7,0.5,0.00910666,0.00999941339983142
2.6790000000000003,983.0005436229835,40.03572195588177,0.0,0.2,0.2,20.249999999999996,0.8,0.8,900.0,0.003,0.01,8,0.5,0.010090085,0.009971438586664614
2.682,983.0992070777187,39.759895425401915,0.0,0.2,0.2,20.249999999999996,0.8,0.8,900.0,0.003,0.01,8,0.5,0.011645294,0.009941726263511896
2.685,983.1975858973731,39.50315431419216,0.0,0.2,0.2,20.249999999999996,0.8,0.8,900.0,0.003,0.01,7,0.5,0.008927868,0.009970334507598209
2.688,983.296264272556,39.802087580802606,0.0,0.2,0.2,20.249999999999996,0.8,0.8,900.0,0.003,0.01,8,0.5,0.010144605,0.00994226857406764
2.691,983.3946744223863,39.540719448936564,0.0,0.2,0.2,20.249999999999996,0.8,0.8,900.0,0.003,0.01,7,0.5,0.010575887,0.009971755434105988
2.694,983.4933920182953,39.83598553907136,0.0,0.2,0.2,20.249999999999996,0.8,0.8,900.0,0.003,0.01,8,0.5,0.009765813,0.009944287748628886
2.697,983.5918459880136,39.57075958058983,0.0,0.2,0.2,20.249999999999996,0.8,0.8,900.0,0.003,0.01,7,0.5,0.00915159,0.009973993756479574
2.7,983.690608775499,39.86287554282058,0.0,0.2,0.2,20.249999999999996,0.8,0.8,900.0,0.003,0.01,8,0.5,0.011612994,0.009946494498213821
2.703,983.789106969654,39.594374562666,0.0,0.2,0.2,20.249999999999996,0.8,0.8,900.0,0.003,0.01,7,0.5,0.009469171,0.009976057446330188
2.706,983.8879122817671,39.88371787864338,0.0,0.2,0.2,20.249999999999996,0.8,0.8,900.0,0.003,0.01,8,0.5,0.009878134,0.00994829435555075
2.709,983.9864501133555,39.612371744490424,0.0,0.2,0.2,20.249999999999996,0.8,0.8,900.0,0.003,0.01,7,0.5,0.011049691,0.00997760885385082
2.712,984.0852925223647,39.899234848461,0.0,0.2,0.2,20.249999999999996,0.8,0.8,900.0,0.003,0.01,8,0.5,0.009898874,0.009949529725135424
2.715,984.1838641853368,39.62538636889829,0.0,0.2,0.2,20.249999999999996,0.8,0.8,900.0,0.003,0.01,7,0.5,0.008989469,0.00997858530749764
2.718,984.2827378551267,39.91000722115194,0.0,0.2,0.2,20.249999999999996,0.8,0.8,900.0,0.003,0.01,8,0.5,0.011765174,0.00995020205316001
2.721,984.38133768151,39.6339365803454,0.0,0.2,0.2,20.249999999999996,0.8,0.8,900.0,0.003,0.01,7,0.5,0.009734733,0.00997902114259297
2.724,984.4802371823636,39.916508509298204,0.0,0.2,0.2,20.249999999999996,0.8,0.8,900.0,0.003,0.01,8,0.5,0.010088275,0.009950361889595126
2.727,984.5788600247573,39.63844994960378,0.0,0.2,0.2,20.249999999999996,0.8,0.8,900.0,0.003,0.01,7,0.5,0.010649398,0.00997896937856164
2.73,984.6777804770395,39.91914089451313,0.0,0.2,0.2,20.249999999999996,0.8,0.8,900.0,0.003,0.01,8,0.5,0.010203225,0.009950064116274924
2.733,984.7764217816285,39.63930001907956,0.0,0.2,0.2,20.249999999999996,0.8,0.8,900.0,0.003,0.01,7,0.5,0.00929685,0.009978487284032245
2.736,984.8753589152094,39.91825384293873,0.0,0.2,0.2,20.249999999999996,0.8,0.8,900.0,0.003,0.01,8,0.5,0.011575533,0.009949365292963303
2.739,984.9740147091412,39.63680605334142,0.0,0.2,0.2,20.249999999999996,0.8,0.8,900.0,0.003,0.01,7,0.5,0.00924431,0.009977628647137792
2.742,985.0729648023957,39.91414580499746,0.0,0.2,0.2,20.249999999999996,0.8,0.8,900.0,0.003,0.01,8,0.5,0.009849893,0.009948316629076475
2.745,985.1716316454346,39.63124238796875,0.0,0.2,0.2,20.249999999999996,0.8,0.8,900.0,0.003,0.01,7,0.5,0.010519627,0.009976444073219284
2.748,985.2705915131878,39.90707257056863,0.0,0.2,0.2,20.249999999999996,0.8,0.8,900.0,0.003,0.01,8,0.5,0.010029144,0.009946968108353264
2.751,985.3692664857398,39.62284120629472,0.0,0.2,0.2,20.249999999999996,0.8,0.8,900.0,0.003,0.01,7,0.5,0.009015949,0.00997497990209715
2.754,985.4682334042925,39.89725004594377,0.0,0.2,0.2,20.249999999999996,0.8,0.8,900.0,0.003,0.01,8,0.5,0.011795594,0.009945358136029293
2.757,985.5669139631889,39.611804308581036,0.0,0.2,0.2,20.249999999999996,0.8,0.8,900.0,0.003,0.01,7,0.5,0.010015764,0.009973268028888226
2.7600000000000002,985.6658855382911,39.88487423124649,0.0,0.2,0.2,20.249999999999996,0.8,0.8,900.0,0.003,0.01,8,0.5,0.009858844,0.009943517820363689
2.763,985.7645694803966,39.59831846823755,0.0,0.2,0.2,20.249999999999996,0.8,0.8,900.0,0.003,0.01,7,0.5,0.010789139,0.009971342118998076
2.766,985.863543686005,39.87012261918562,0.0,0.2,0.2,20.249999999999996,0.8,0.8,900.0,0.003,0.01,8,0.5,0.009793833,0.009941480858776677
2.769,985.9622291718919,39.5825489046578,0.0,0.2,0.2,20.249999999999996,0.8,0.8,900.0,0.003,0.01,7,0.5,0.00916602,0.00996923303311805
2.7720000000000002,986.0612043126346,39.85315317578674,0.0,0.2,0.2,20.249999999999996,0.8,0.8,900.0,0.003,0.01,7,0.5,0.010668188,0.009998420161031817
2.775,986.1604821908866,40.10716199017549,0.0,0.2,0.2,20.249999999999996,0.8,0.8,900.0,0.003,0.01,8,0.5,0.009976955,0.009968758383026877
2.778,986.2594714667824,39.799204887344246,0.0,0.2,0.2,20.249999999999996,0.8,0.8,900.0,0.003,0.01,7,0.5,0.009360751,0.009996078221631078
2.781,986.3587447668538,40.054312717919345,0.0,0.2,0.2,20.249999999999996,0.8,0.8,900.0,0.003,0.01,8,0.5,0.011148051,0.009965038750252252
2.7840000000000003,986.4577167266824,39.748132670846694,0.0,0.2,0.2,20.249999999999996,0.8,0.8,900.0,0.003,0.01,7,0.5,0.009139339,0.009991502164605858
2.787,986.55696549629,40.00397017205285,0.0,0.2,0.2,20.249999999999996,0.8,0.8,900.0,0.003,0.01,8,0.5,0.009920844,0.009959883430974637
2.79,986.6559081745849,39.69912224095725,0.0,0.2,0.2,20.249999999999996,0.8,0.8,900.0,0.003,0.01,7,0.5,0.010620548,0.009986107305443158
2.793,986.7551259264327,39.95544205843993,0.0,0.2,0.2,20.249999999999996,0.8,0.8,900.0,0.003,0.01,8,0.5,0.010298556,0.009954369568418255
2.7960000000000003,986.8540367704978,39.651673485776435,0.0,0.2,0.2,20.249999999999996,0.8,0.8,900.0,0.003,0.01,7,0.5,0.00909377,0.009980597040175518
2.799,986.953223002323,39.90832274145936,0.0,0.2,0.2,20.249999999999996,0.8,0.8,900.0,0.003,0.01,8,0.5,0.011422782,0.009948896045123215
2.802,987.0521028103359,39.60546944527325,0.0,0.2,0.2,20.249999999999996,0.8,0.8,900.0,0.003,0.01,7,0.5,0.009303991,0.009975204210271609
2.805,987.1512589518447,39.862338364260225,0.0,0.2,0.2,20.249999999999996,0.8,0.8,900.0,0.003,0.01,8,0.5,0.010096865,0.00994358532079386
2.8080000000000003,987.2501095043293,39.56027318507932,0.0,0.2,0.2,20.249999999999996,0.8,0.8,900.0,0.003,0.01,7,0.5,0.010231306,0.009969991610064243
2.811,987.3492374456133,39.81727267357531,0.0,0.2,0.2,20.249999999999996,0.8,0.8,900.0,0.003,0.01,7,0.5,0.009040889,0.00999790185086915
2.814,987.4486565750817,40.05819270026219,0.0,0.2,0.2,20.249999999999996,0.8,0.8,900.0,0.003,0.01,8,0.5,0.010339076,0.009966741524146316
2.817,987.5477726938798,39.73800838221975,0.0,0.2,0.2,20.249999999999996,0.8,0.8,900.0,0.003,0.01,7,0.5,0.010402307,0.009992930057114543
2.82,987.6471625797816,39.981184270975916,0.0,0.2,0.2,20.249999999999996,0.8,0.8,900.0,0.003,0.01,8,0.5,0.009745233,0.009960537188849585
2.823,987.7462380473503,39.6641799545436,0.0,0.2,0.2,20.249999999999996,0.8,0.8,900.0,0.003,0.01,7,0.5,0.00925929,0.009985994490692563
2.826,987.8455812021632,39.909128818563964,0.0,0.2,0.2,20.249999999999996,0.8,0.8,900.0,0.003,0.01,8,0.5,0.011459352,0.009953153548502205
2.829,987.9446063617784,39.59472382883399,0.0,0.2,0.2,20.249999999999996,0.8,0.8,900.0,0.003,0.01,7,0.5,0.009084029,0.009978481436490882
2.832,988.0438984586658,39.84110418676831,0.0,0.2,0.2,20.249999999999996,0.8,0.8,900.0,0.003,0.01,8,0.5,0.009985424,0.009945636007696617
2.835,988.1428727544466,39.528929623710106,0.0,0.2,0.2,20.249999999999996,0.8,0.8,900.0,0.003,0.01,7,0.5,0.010574988,0.009971064595419058
2.838,988.2421151436882,39.77650368951937,0.0,0.2,0.2,20.249999999999996,0.8,0.8,900.0,0.003,0.01,7,0.5,0.00912598,0.009998020932913194
2.841,988.3416396806642,40.00841488015832,0.0,0.2,0.2,20.249999999999996,0.8,0.8,900.0,0.003,0.01,8,0.5,0.010013355,0.009965723442642488
2.844,988.4408498322855,39.67990266489086,0.0,0.2,0.2,20.249999999999996,0.8,0.8,900.0,0.003,0.01,7,0.5,0.010760489,0.009991038503508754
2.847,988.5403253982901,39.91498118657972,0.0,0.2,0.2,20.249999999999996,0.8,0.8,900.0,0.003,0.01,8,0.5,0.010122146,0.009957599669170866
2.85,988.6394759892676,39.59073629041104,0.0,0.2,0.2,20.249999999999996,0.8,0.8,900.0,0.003,0.01,7,0.5,0.009655193,0.009982269809635664
2.853,988.7388866897478,39.828403254231674,0.0,0.2,0.2,20.249999999999996,0.8,0.8,900.0,0.003,0.01,8,0.5,0.011844685,0.00994847992107945
2.856,988.8379696900402,39.507726880967965,0.0,0.2,0.2,20.249999999999996,0.8,0.8,900.0,0.003,0.01,7,0.5,0.009294021,0.009973104361690764
2.859,988.9373127798636,39.74755587955931,0.0,0.2,0.2,20.249999999999996,0.8,0.8,900.0,0.003,0.01,7,0.5,0.00909154,0.009999247672899314
2.862,989.0369299915586,39.97209427434254,0.0,0.2,0.2,20.249999999999996,0.8,0.8,900.0,0.003,0.01,8,0.5,0.011543603,0.009965967947890378
2.865,989.1362227023404,39.636667964575224,0.0,0.2,0.2,20.249999999999996,0.8,0.8,900.0,0.003,0.01,7,0.5,0.009020799,0.009990514194284537
2.868,989.23577320796,39.865177576102596,0.0,0.2,0.2,20.249999999999996,0.8,0.8,900.0,0.003,0.01,8,0.5,0.009778343,0.009956159493656939
2.871,989.3349892499768,39.53496517154536,0.0,0.2,0.2,20.249999999999996,0.8,0.8,900.0,0.003,0.01,7,0.5,0.010411877,0.009980131258742315
2.874,989.4344584478603,39.76677164163129,0.0,0.2,0.2,20.249999999999996,0.8,0.8,900.0,0.003,0.01,8,0.5,0.009687563,0.00994551218333533
2.8770000000000002,989.5335912711644,39.44095775531385,0.0,0.2,0.2,20.249999999999996,0.8,0.8,900.0,0.003,0.01,7,0.5,0.008972799,0.009969519961124667
2.88,989.6329779917158,39.67554538210087,0.0,0.2,0.2,20.249999999999996,0.8,0.8,900.0,0.003,0.01,7,0.5,0.010547767,0.009995080294287353
2.883,989.7326329672256,39.89508428075757,0.0,0.2,0.2,20.249999999999996,0.8,0.8,900.0,0.003,0.01,8,0.5,0.009867114,0.009961097362870344
2.886,989.831955907715,39.555526570558214,0.0,0.2,0.2,20.249999999999996,0.8,0.8,900.0,0.003,0.01,7,0.5,0.009037039,0.009985132442626977
2.8890000000000002,989.9315314081043,39.779546766853585,0.0,0.2,0.2,20.249999999999996,0.8,0.8,900.0,0.003,0.01,8,0.5,0.011622804,0.009950148127012214
2.892,990.0307655905577,39.44579346581665,0.0,0.2,0.2,20.249999999999996,0.8,0.8,900.0,0.003,0.01,7,0.5,0.009563232,0.009973673952637036
2.895,990.1302483015616,39.67355253889719,0.0,0.2,0.2,20.249999999999996,0.8,0.8,900.0,0.003,0.01,7,0.5,0.008992129,0.009998642077377797
2.898,990.2299930265187,39.88660096863533,0.0,0.2,0.2,20.249999999999996,0.8,0.8,900.0,0.003,0.01,8,0.5,0.011401422,0.009963872442437459
2.9010000000000002,990.329397332623,39.5405953283063,0.0,0.2,0.2,20.249999999999996,0.8,0.8,900.0,0.003,0.01,7,0.5,0.009299971,0.009987257038171079
2.904,990.4290475701728,39.75885095790485,0.0,0.2,0.2,20.249999999999996,0.8,0.8,900.0,0.003,0.01,8,0.5,0.009761893,0.009951489984851536
2.907,990.528348297092,39.41949027686493,0.0,0.2,0.2,20.249999999999996,0.8,0.8,900.0,0.003,0.01,7,0.5,0.010710918,0.009974407632341984
2.91,990.6278914323312,39.64209780313547,0.0,0.2,0.2,20.249999999999996,0.8,0.8,900.0,0.003,0.01,7,0.5,0.009346741,0.009998797849007828
2.9130000000000003,990.7276907993092,39.8502216707354,0.0,0.2,0.2,20.249999999999996,0.8,0.8,900.0,0.003,0.01,8,0.5,0.009862514,0.009963352350028595
2.916,990.8271426910817,39.49959350377904,0.0,0.2,0.2,20.249999999999996,0.8,0.8,900.0,0.003,0.01,7,0.5,0.010364107,0.009986232297634996
2.919,990.9268354852858,39.71341872016289,0.0,0.2,0.2,20.249999999999996,0.8,0.8,900.0,0.003,0.01,8,0.5,0.009797833,0.009949873743427165
2.922,991.0261726089786,39.37000680085645,0.0,0.2,0.2,20.249999999999996,0.8,0.8,900.0,0.003,0.01,7,0.5,0.00921277,0.009972364512368779
2.9250000000000003,991.1257479347292,39.58859589664425,0.0,0.2,0.2,20.249999999999996,0.8,0.8,900.0,0.003,0.01,7,0.5,0.010375657,0.009996361240844657
2.928,991.2255756698844,39.792848136541046,0.0,0.2,0.2,20.249999999999996,0.8,0.8,900.0,0.003,0.01,8,0.5,0.009973675,0.009960447252079457
2.931,991.3250510847147,39.43881595806547,0.0,0.2,0.2,20.249999999999996,0.8,0.8,900.0,0.003,0.01,7,0.5,0.008936779,0.009983006412544074
2.934,991.4247643440805,39.64908091950791,0.0,0.2,0.2,20.249999999999996,0.8,0.8,900.0,0.003,0.01,8,0.5,0.011449502,0.009946256000507475
2.9370000000000003,991.5241179265362,39.3026215509788,0.0,0.2,0.2,20.249999999999996,0.8,0.8,900.0,0.003,0.01,7,0.5,0.009745263,0.009968493335787653
2.94,991.6237074064328,39.51789659689048,0.0,0.2,0.2,20.249999999999996,0.8,0.8,900.0,0.003,0.01,7,0.5,0.00910379,0.00999226719269342
2.943,991.7235473479965,39.71891143210114,0.0,0.2,0.2,20.249999999999996,0.8,0.8,900.0,0.003,0.01,8,0.5,0.011442063,0.009956065988471468
2.946,991.8230321290104,39.36220413512425,0.0,0.2,0.2,20.249999999999996,0.8,0.8,900.0,0.003,0.01,7,0.5,0.00922298,0.009978459854544224
2.949,991.9227534473849,39.5693962532813,0.0,0.2,0.2,20.249999999999996,0.8,0.8,900.0,0.003,0.01,8,0.5,0.009651303,0.009941484272333163
2.952,992.0221129653465,39.220448752808494,0.0,0.2,0.2,20.249999999999996,0.8,0.8,900.0,0.003,0.01,7,0.5,0.010559598,0.00996360985644788
2.955,992.1217076862887,39.43276088195281,0.0,0.2,0.2,20.249999999999996,0.8,0.8,900.0,0.003,0.01,7,0.5,0.00918277,0.009987293100063542
2.958,992.2215524452174,39.630836636985094,0.0,0.2,0.2,20.249999999999996,0.8,0.8,900.0,0.003,0.01,8,0.5,0.009718743,0.009950939229263291
2.961,992.3210407594817,39.27180953567734,0.0,0.2,0.2,20.249999999999996,0.8,0.8,900.0,0.003,0.01,7,0.5,0.010443677,0.009973274412505591
2.964,992.4207655466762,39.47613092109575,0.0,0.2,0.2,20.249999999999996,0.8,0.8,900.0,0.003,0.01,7,0.5,0.00905948,0.00999682151566318
2.967,992.5207385893591,39.66660310340264,0.0,0.2,0.2,20.249999999999996,0.8,0.8,900.0,0.003,0.01,8,0.5,0.009873004,0.009959999924220975
2.97,992.6203502737169,39.299320725195834,0.0,0.2,0.2,20.249999999999996,0.8,0.8,900.0,0.003,0.01,7,0.5,0.010499618,0.009981822271919762
2.973,992.7201935366874,39.496882231621974,0.0,0.2,0.2,20.249999999999996,0.8,0.8,900.0,0.003,0.01,8,0.5,0.009840124,0.009944035605660557
2.976,992.8196674675967,39.13845013993197,0.0,0.2,0.2,20.249999999999996,0.8,0.8,900.0,0.003,0.01,7,0.5,0.008872128,0.00996553048867286
2.979,992.9193713962977,39.34190287990179,0.0,0.2,0.2,20.249999999999996,0.8,0.8,900.0,0.003,0.01,7,0.5,0.010329206,0.009988596096780916
2.982,993.0193204242322,39.53140323448135,0.0,0.2,0.2,20.249999999999996,0.8,0.8,900.0,0.003,0.01,8,0.5,0.010106435,0.009951465300716335
2.985,993.1189061554315,39.16420664069453,0.0,0.2,0.2,20.249999999999996,0.8,0.8,900.0,0.003,0.01,7,0.5,0.009068599,0.009973236608734911
2.988,993.2187240374219,39.360615746338155,0.0,0.2,0.2,20.249999999999996,0.8,0.8,900.0,0.003,0.01,7,0.5,0.010360786,0.00999625146749733
2.991,993.3187862536571,39.54343074360262,0.0,0.2,0.2,20.249999999999996,0.8,0.8,900.0,0.003,0.01,8,0.5,0.010094745,0.009958760271512677
2.994,993.4184814719367,39.169131483999365,0.0,0.2,0.2,20.249999999999996,0.8,0.8,900.0,0.003,0.01,7,0.5,0.009425771,0.009980115693761612
2.997,993.5184050110727,39.3596161855411,0.0,0.2,0.2,20.249999999999996,0.8,0.8,900.0,0.003,0.01,8,0.5,0.011234141,0.009941729917616417
3.0,993.6179543263485,38.99489363763332,0.0,0.2,0.2,20.249999999999996,0.8,0.8,900.0,0.003,0.01,7,0.5,0.009017059,0.009962817978470472
3.003,993.7177310131857,39.19179872960075,0.0,0.2,0.2,20.249999999999996,0.8,0.8,900.0,0.003,0.01,7,0.5,0.009095699,0.009985502197451252
3.0060000000000002,993.8177504586089,39.37496577371456,0.0,0.2,0.2,20.249999999999996,0.8,0.8,900.0,0.003,0.01,8,0.5,0.011340882,0.009947856738164226
3.009,993.9174025470057,39.00241640183943,0.0,0.2,0.2,20.249999999999996,0.8,0.8,900.0,0.003,0.01,7,0.5,0.009587782,0.00996928244243618
3.012,994.0172847232467,39.19296436886329,0.0,0.2,0.2,20.249999999999996,0.8,0.8,900.0,0.003,0.01,7,0.5,0.009170751,0.009991963140932567
3.015,994.1174092942304,39.370123927379105,0.0,0.2,0.2,20.249999999999996,0.8,0.8,900.0,0.003,0.01,8,0.5,0.011380242,0.009953997738770733
3.0180000000000002,994.2171631080365,38.99134083767675,0.0,0.2,0.2,20.249999999999996,0.8,0.8,900.0,0.003,0.01,7,0.5,0.009080039,0.009975033898732838
3.021,994.3171433214512,39.17661401260203,0.0,0.2,0.2,20.249999999999996,0.8,0.8,900.0,0.003,0.01,7,0.5,0.009026349,0.009997255541701269
3.024,994.4173616694911,39.348773062722486,0.0,0.2,0.2,20.249999999999996,0.8,0.8,900.0,0.003,0.01,8,0.5,0.011539862,0.009958696034934477
3.027,994.5172035445008,38.964944469697784,0.0,0.2,0.2,20.249999999999996,0.8,0.8,900.0,0.003,0.01,7,0.5,0.009119009,0.009979230601365902
3.0300000000000002,994.6172671862829,39.145806992679255,0.0,0.2,0.2,20.249999999999996,0.8,0.8,900.0,0.003,0.01,8,0.5,0.010089155,0.009939783566863812
3.033,994.7169471040177,38.77283849720905,0.0,0.2,0.2,20.249999999999996,0.8,0.8,900.0,0.003,0.01,7,0.5,0.010617358,0.009960077236433072
3.036,994.8168479592131,38.96108697797608,0.0,0.2,0.2,20.249999999999996,0.8,0.8,900.0,0.003,0.01,7,0.5,0.009205731,0.00998197861908679
3.039,994.9169852118373,39.136025437591975,0.0,0.2,0.2,20.249999999999996,0.8,0.8,900.0,0.003,0.01,8,0.5,0.009915814,0.009943321824816736
3.0420000000000003,995.0167457810232,38.75695220820776,0.0,0.2,0.2,20.249999999999996,0.8,0.8,900.0,0.003,0.01,7,0.5,0.010254046,0.00996399325013754
3.045,995.1167300747172,38.94016131986863,0.0,0.2,0.2,20.249999999999996,0.8,0.8,900.0,0.003,0.01,7,0.5,0.0092259,0.00998592640674866
3.048,995.2169503969435,39.11039769546499,0.0,0.2,0.2,20.249999999999996,0.8,0.8,900.0,0.003,0.01,8,0.5,0.010341547,0.009946985324831749
3.051,995.316790569841,38.726703900324516,0.0,0.2,0.2,20.249999999999996,0.8,0.8,900.0,0.003,0.01,7,0.5,0.010530798,0.009967293297852122
3.0540000000000003,995.4168506445899,38.9058953147941,0.0,0.2,0.2,20.249999999999996,0.8,0.8,900.0,0.003,0.01,7,0.5,0.00904913,0.00998878854186216
3.057,995.5171422935656,39.072382432754516,0.0,0.2,0.2,20.249999999999996,0.8,0.8,900.0,0.003,0.01,8,0.5,0.010055845,0.009949276500070053
3.06,995.6170478667632,38.685174636143785,0.0,0.2,0.2,20.249999999999996,0.8,0.8,900.0,0.003,0.01,7,0.5,0.010627888,0.009969103654691046
3.063,995.717168524301,38.86116752124129,0.0,0.2,0.2,20.249999999999996,0.8,0.8,900.0,0.003,0.01,7,0.5,0.009180481,0.009990122436611081
3.0660000000000003,995.8175159883572,39.024683101769504,0.0,0.2,0.2,20.249999999999996,0.8,0.8,900.0,0.003,0.01,8,0.5,0.010241716,0.009950050202182353
3.069,995.9174715526918,38.63486765266035,0.0,0.2,0.2,20.249999999999996,0.8,0.8,900.0,0.003,0.01,7,0.5,0.010711098,0.009969432113742491
3.072,996.0176376846089,38.80834488138454,0.0,0.2,0.2,20.249999999999996,0.8,0.8,900.0,0.003,0.01,7,0.5,0.009106799,0.00999002004960658
3.075,996.1180262381721,38.96954059927705,0.0,0.2,0.2,20.249999999999996,0.8,0.8,900.0,0.003,0.01,8,0.5,0.010270316,0.009949444292829587
3.078,996.2180175387558,38.577880083778346,0.0,0.2,0.2,20.249999999999996,0.8,0.8,900.0,0.003,0.01,7,0.5,0.010455717,0.009968432905045153
3.081,996.3182153264072,38.749428708422066,0.0,0.2,0.2,20.249999999999996,0.8,0.8,900.0,0.003,0.01,7,0.5,0.009024749,0.009988642883274768
3.084,996.4186315959755,38.908867525817776,0.0,0.2,0.2,20.249999999999996,0.8,0.8,900.0,0.003,0.01,8,0.5,0.009898924,0.009947624100571269
3.087,996.5186457914172,38.51601284788998,0.0,0.2,0.2,20.249999999999996,0.8,0.8,900.0,0.003,0.01,7,0.5,0.010700849,0.009966277003316657
3.09,996.6188629081817,38.686131157038936,0.0,0.2,0.2,20.249999999999996,0.8,0.8,900.0,0.003,0.01,7,0.5,0.009040179,0.009986168882544898
3.093,996.7192951111867,38.84427978847785,0.0,0.2,0.2,20.249999999999996,0.8,0.8,900.0,0.003,0.01,8,0.5,0.009919144,0.009944774289920029
3.096,996.819321020145,38.45075421625895,0.0,0.2,0.2,20.249999999999996,0.8,0.8,900.0,0.003,0.01,7,0.5,0.010530698,0.009963149814606312
3.099,996.9195468093878,38.61984065352028,0.0,0.2,0.2,20.249999999999996,0.8,0.8,900.0,0.003,0.01,7,0.5,0.008977189,0.009982778354779266
3.102,997.0199847791678,38.777072018942285,0.0,0.2,0.2,20.249999999999996,0.8,0.8,900.0,0.003,0.01,8,0.5,0.010467717,0.00994106413723609
3.105,997.1200127488787,38.38329353899115,0.0,0.2,0.2,20.249999999999996,0.8,0.8,900.0,0.003,0.01,7,0.5,0.010591147,0.00995921096224036
3.108,997.2202380130817,38.55166895010919,0.0,0.2,0.2,20.249999999999996,0.8,0.8,900.0,0.003,0.01,7,0.5,0.00921419,0.009978625498939386
3.111,997.3206730338334,38.70827732933582,0.0,0.2,0.2,20.249999999999996,0.8,0.8,900.0,0.003,0.01,7,0.5,0.009253061,0.009998432702065949
3.114,997.4213203366006,38.85379828735722,0.0,0.2,0.2,20.249999999999996,0.8,0.8,900.0,0.003,0.01,8,0.5,0.011785824,0.00995630107088776
3.117,997.5215511565489,38.44734278909331,0.0,0.2,0.2,20.249999999999996,0.8,0.8,900.0,0.003,0.01,7,0.5,0.00906111,0.009973706612340982
3.12,997.6219705472269,38.60577937083657,0.0,0.2,0.2,20.249999999999996,0.8,0.8,900.0,0.003,0.01,7,0.5,0.009779574,0.009992136008951392
3.123,997.7225889758554,38.753062755572124,0.0,0.2,0.2,20.249999999999996,0.8,0.8,900.0,0.003,0.01,8,0.5,0.011518623,0.009948852988382682
3.126,997.8227802761895,38.34935773698043,0.0,0.2,0.2,20.249999999999996,0.8,0.8,900.0,0.003,0.01,7,0.5,0.00911302,0.00996567714362833
3.129,997.9231549133855,38.50921192562574,0.0,0.2,0.2,20.249999999999996,0.8,0.8,900.0,0.003,0.01,7,0.5,0.00907529,0.009983786969569926
3.132,998.0237256450702,38.657834600595585,0.0,0.2,0.2,20.249999999999996,0.8,0.8,900.0,0.003,0.01,8,0.5,0.011792854,0.009940295315933729
3.1350000000000002,998.1238669601239,38.25644251621436,0.0,0.2,0.2,20.249999999999996,0.8,0.8,900.0,0.003,0.01,7,0.5,0.009306801,0.009957073567958762
3.138,998.2241909764033,38.41746852788548,0.0,0.2,0.2,20.249999999999996,0.8,0.8,900.0,0.003,0.01,7,0.5,0.00915228,0.009975187035693956
3.141,998.3247108760361,38.56722355539676,0.0,0.2,0.2,20.249999999999996,0.8,0.8,900.0,0.003,0.01,7,0.5,0.01093887,0.009993763400077661
3.144,998.4254298773792,38.70635729680994,0.0,0.2,0.2,20.249999999999996,0.8,0.8,900.0,0.003,0.01,8,0.5,0.010287326,0.009950187400164602
3.1470000000000002,998.5257163212211,38.29484995577019,0.0,0.2,0.2,20.249999999999996,0.8,0.8,900.0,0.003,0.01,7,0.5,0.00917124,0.00996651844828059
3.15,998.6261796848427,38.44785805807892,0.0,0.2,0.2,20.249999999999996,0.8,0.8,900.0,0.003,0.01,7,0.5,0.01105034,0.009983935505668229
3.153,998.7268311196913,38.59009772753042,0.0,0.2,0.2,20.249999999999996,0.8,0.8,900.0,0.003,0.01,8,0.5,0.009952734,0.009939452302764246
3.156,998.8270418350048,38.18287335960923,0.0,0.2,0.2,20.249999999999996,0.8,0.8,900.0,0.003,0.01,7,0.5,0.010303666,0.00995541204955135
3.1590000000000003,998.9274263696918,38.338457242517,0.0,0.2,0.2,20.249999999999996,0.8,0.8,900.0,0.003,0.01,7,0.5,0.010449127,0.009972709874777556
3.162,999.0279980663788,38.48312221108609,0.0,0.2,0.2,20.249999999999996,0.8,0.8,900.0,0.003,0.01,7,0.5,0.009638353,0.0099904956939339
3.165,999.1287604520552,38.61749636131927,0.0,0.2,0.2,20.249999999999996,0.8,0.8,900.0,0.003,0.01,8,0.5,0.010347766,0.009945974891351819
3.168,999.2290798476323,38.20200300681042,0.0,0.2,0.2,20.249999999999996,0.8,0.8,900.0,0.003,0.01,7,0.5,0.010755478,0.009961603214592538
3.1710000000000003,999.3295686638288,38.35094168346983,0.0,0.2,0.2,20.249999999999996,0.8,0.8,900.0,0.003,0.01,7,0.5,0.008976058,0.009978356774312937
3.174,999.4302385075753,38.48938065437845,0.0,0.2,0.2,20.249999999999996,0.8,0.8,900.0,0.003,0.01,7,0.5,0.009273741,0.00999548714615589
3.177,999.5310920460512,38.61791774478817,0.0,0.2,0.2,20.249999999999996,0.8,0.8,900.0,0.003,0.01,8,0.5,0.011687544,0.009950119330572426
3.18,999.6314935523792,38.1964426092774,0.0,0.2,0.2,20.249999999999996,0.8,0.8,900.0,0.003,0.01,7,0.5,0.00907501,0.009965043178088946
3.1830000000000003,999.7320572433713,38.34036031622014,0.0,0.2,0.2,20.249999999999996,0.8,0.8,900.0,0.003,0.01,7,0.5,0.009390131,0.00998110779066009
3.186,999.8327949658049,38.47407771058424,0.0,0.2,0.2,20.249999999999996,0.8,0.8,900.0,0.003,0.01,7,0.5,0.010521038,0.00999757723482142
3.189,999.9337096998437,38.59817678641991,0.0,0.2,0.2,20.249999999999996,0.8,0.8,900.0,0.003,0.01,8,0.5,0.010233166,0.009951447760942558
3.192,1000.0341644644267,38.17233675874334,0.0,0.2,0.2,20.249999999999996,0.8,0.8,900.0,0.003,0.01,7,0.5,0.009458762,0.009965786383156747
3.1950000000000003,1000.1347755176032,38.31242975204085,0.0,0.2,0.2,20.249999999999996,0.8,0.8,900.0,0.003,0.01,7,0.5,0.010647388,0.00998130144760527
3.198,1000.2355550995798,38.442550424157766,0.0,0.2,0.2,20.249999999999996,0.8,0.8,900.0,0.003,0.01,7,0.5,0.00918572,0.00999725739642265
3.201,1000.3365065656841,38.56326846263375,0.0,0.2,0.2,20.249999999999996,0.8,0.8,900.0,0.003,0.01,8,0.5,0.010418607,0.009950534818418611
3.204,1000.4369918720513,38.13428451433393,0.0,0.2,0.2,20.249999999999996,0.8,0.8,900.0,0.003,0.01,7,0.5,0.01103428,0.009964433973802454
3.207,1000.5376290554614,38.27145945544517,0.0,0.2,0.2,20.249999999999996,0.8,0.8,900.0,0.003,0.01,7,0.5,0.009586613,0.009979536811820547
3.21,1000.6384306558018,38.39883660416093,0.0,0.2,0.2,20.249999999999996,0.8,0.8,900.0,0.003,0.01,7,0.5,0.009375021,0.00999510768671446
3.213,1000.7394002973491,38.516979117075,0.0,0.2,0.2,20.249999999999996,0.8,0.8,900.0,0.003,0.01,8,0.5,0.011511832,0.00994792477877785
3.216,1000.839898918662,38.08579033985853,0.0,0.2,0.2,20.249999999999996,0.8,0.8,900.0,0.003,0.01,7,0.5,0.009077969,0.009961493889360865
3.219,1000.9405461117922,38.22075757966668,0.0,0.2,0.2,20.249999999999996,0.8,0.8,900.0,0.003,0.01,7,0.5,0.009343542,0.009976289160581638
3.222,1001.0413546689548,38.34606630533173,0.0,0.2,0.2,20.249999999999996,0.8,0.8,900.0,0.003,0.01,7,0.5,0.010707388,0.009991574251840142
3.225,1001.1423284248174,38.46227486916107,0.0,0.2,0.2,20.249999999999996,0.8,0.8,900.0,0.003,0.01,8,0.5,0.009825373,0.009944034046947292
3.228,1001.2428273168425,38.02962728054217,0.0,0.2,0.2,20.249999999999996,0.8,0.8,900.0,0.003,0.01,7,0.5,0.009052819,0.009957353846846869
3.231,1001.3434722589845,38.16296096333691,0.0,0.2,0.2,20.249999999999996,0.8,0.8,900.0,0.003,0.01,7,0.5,0.010846939,0.009971911989688316
3.234,1001.4442761887626,38.28675749435984,0.0,0.2,0.2,20.249999999999996,0.8,0.8,900.0,0.003,0.01,7,0.5,0.00925289,0.009986972653645062
3.237,1001.5452430677062,38.40157463220659,0.0,0.2,0.2,20.249999999999996,0.8,0.8,900.0,0.003,0.01,8,0.5,0.010060434,0.009939140525892877
3.24,1001.6457318994204,37.96810481654854,0.0,0.2,0.2,20.249999999999996,0.8,0.8,900.0,0.003,0.01,7,0.5,0.010689778,0.009952269400059275
3.243,1001.7463648547609,38.10030475462143,0.0,0.2,0.2,20.249999999999996,0.8,0.8,900.0,0.003,0.01,7,0.5,0.009256721,0.009966650366172525
3.246,1001.8471550365738,38.22306664432462,0.0,0.2,0.2,20.249999999999996,0.8,0.8,900.0,0.003,0.01,7,0.5,0.009009719,0.009981548659638783
3.249,1001.9481065540905,38.33694356958604,0.0,0.2,0.2,20.249999999999996,0.8,0.8,900.0,0.003,0.01,7,0.5,0.010466917,0.009996537137475081
3.2520000000000002,1002.0492189610504,38.44253953415505,0.0,0.2,0.2,20.249999999999996,0.8,0.8,900.0,0.003,0.01,8,0.5,0.009951314,0.009948100697973283
3.255,1002.1498459204987,37.99927692978575,0.0,0.2,0.2,20.249999999999996,0.8,0.8,900.0,0.003,0.01,7,0.5,0.009316641,0.009960508583831375
3.258,1002.2506093082244,38.123682372311464,0.0,0.2,0.2,20.249999999999996,0.8,0.8,900.0,0.003,0.01,7,0.5,0.010661918,0.009974051865508374
3.261,1002.3515213618275,38.23914633065778,0.0,0.2,0.2,20.249999999999996,0.8,0.8,900.0,0.003,0.01,7,0.5,0.009216991,0.009988068460432507
3.2640000000000002,1002.4525859158808,38.34619199160122,0.0,0.2,0.2,20.249999999999996,0.8,0.8,900.0,0.003,0.01,8,0.5,0.010275656,0.00993894877243924
3.267,1002.5531590250753,37.90533172637463,0.0,0.2,0.2,20.249999999999996,0.8,0.8,900.0,0.003,0.01,7,0.5,0.010580938,0.0099510921374697
3.27,1002.6538665179846,38.030952566905334,0.0,0.2,0.2,20.249999999999996,0.8,0.8,900.0,0.003,0.01,7,0.5,0.00912914,0.00996453817768238
3.273,1002.754722094211,38.14757209334491,0.0,0.2,0.2,20.249999999999996,0.8,0.8,900.0,0.003,0.01,7,0.5,0.009325261,0.0099785578320463
3.2760000000000002,1002.8557304394325,38.255719819326146,0.0,0.2,0.2,20.249999999999996,0.8,0.8,900.0,0.003,0.01,7,0.5,0.010761938,0.00999272197123591
3.279,1002.9568916559773,38.355975307349794,0.0,0.2,0.2,20.249999999999996,0.8,0.8,900.0,0.003,0.01,8,0.5,0.009797313,0.009943291657837678
3.282,1003.0575571129339,37.9081284733672,0.0,0.2,0.2,20.249999999999996,0.8,0.8,900.0,0.003,0.01,7,0.5,0.009046769,0.00995499363064571
3.285,1003.1583521352054,38.02802033311946,0.0,0.2,0.2,20.249999999999996,0.8,0.8,900.0,0.003,0.01,7,0.5,0.010635258,0.009967883178081656
3.2880000000000003,1003.259289552939,38.139270910250474,0.0,0.2,0.2,20.249999999999996,0.8,0.8,900.0,0.003,0.01,7,0.5,0.009174869,0.009981297213702651
3.291,1003.3603737165654,38.24238620018255,0.0,0.2,0.2,20.249999999999996,0.8,0.8,900.0,0.003,0.01,7,0.5,0.009401851,0.009994843529742342
3.294,1003.4616047018673,38.33792305440918,0.0,0.2,0.2,20.249999999999996,0.8,0.8,900.0,0.003,0.01,8,0.5,0.011538413,0.009944656776545144
3.297,1003.5623322187461,37.88545361336492,0.0,0.2,0.2,20.249999999999996,0.8,0.8,900.0,0.003,0.01,7,0.5,0.008901458,0.009955779445884069
3.3000000000000003,1003.6631837180695,38.00130059378104,0.0,0.2,0.2,20.249999999999996,0.8,0.8,900.0,0.003,0.01,7,0.5,0.00923174,0.009968120659445998
3.303,1003.7641724013346,38.108749906196685,0.0,0.2,0.2,20.249999999999996,0.8,0.8,900.0,0.003,0.01,7,0.5,0.010517397,0.009981020057723432
3.306,1003.865302976709,38.2082948060687,0.0,0.2,0.2,20.249999999999996,0.8,0.8,900.0,0.003,0.01,7,0.5,0.00916039,0.00999408445337337
3.309,1003.9665758563616,38.30047805905092,0.0,0.2,0.2,20.249999999999996,0.8,0.8,900.0,0.003,0.01,8,0.5,0.010147886,0.009943318627365614
3.3120000000000003,1004.067339462392,37.844989104751114,0.0,0.2,0.2,20.249999999999996,0.8,0.8,900.0,0.003,0.01,7,0.5,0.010804519,0.009954026703959225
3.315,1004.1682232035766,37.957950966931314,0.0,0.2,0.2,20.249999999999996,0.8,0.8,900.0,0.003,0.01,7,0.5,0.009370732,0.00996598372242403
3.318,1004.2692406328114,38.06268359483838,0.0,0.2,0.2,20.249999999999996,0.8,0.8,900.0,0.003,0.01,7,0.5,0.009305561,0.00997852901251832
3.321,1004.3703967671802,38.159669912305546,0.0,0.2,0.2,20.249999999999996,0.8,0.8,900.0,0.003,0.01,7,0.5,0.010530847,0.009991266006199621
3.3240000000000003,1004.4716922973743,38.24944162848299,0.0,0.2,0.2,20.249999999999996,0.8,0.8,900.0,0.003,0.01,8,0.5,0.009999735,0.009940088023703953
3.327,1004.5724744958771,37.792043857095955,0.0,0.2,0.2,20.249999999999996,0.8,0.8,900.0,0.003,0.01,7,0.5,0.009445372,0.009950525346169014
3.33,1004.6733744942452,37.90290340716243,0.0,0.2,0.2,20.249999999999996,0.8,0.8,900.0,0.003,0.01,7,0.5,0.010575668,0.009962236900388697
3.333,1004.7744061451351,38.00563866307792,0.0,0.2,0.2,20.249999999999996,0.8,0.8,900.0,0.003,0.01,7,0.5,0.00919538,0.009974560424074979
3.336,1004.875574712737,38.10072432223929,0.0,0.2,0.2,20.249999999999996,0.8,0.8,900.0,0.003,0.01,7,0.5,0.009664662,0.009987095122541471
3.339,1004.9768810874217,38.18868384909655,0.0,0.2,0.2,20.249999999999996,0.8,0.8,900.0,0.003,0.01,7,0.5,0.01108283,0.00999945595682869
3.342,1005.0783226954438,38.269989469461336,0.0,0.2,0.2,20.249999999999996,0.8,0.8,900.0,0.003,0.01,8,0.5,0.010252256,0.009947487166101455
3.345,1005.1792426435014,37.803825118135656,0.0,0.2,0.2,20.249999999999996,0.8,0.8,900.0,0.003,0.01,7,0.5,0.009096579,0.00995717861188835
3.348,1005.2802732263032,37.90736402516185,0.0,0.2,0.2,20.249999999999996,0.8,0.8,900.0,0.003,0.01,7,0.5,0.01107154,0.00996810154441397
3.351,1005.3814280817073,38.00317584296326,0.0,0.2,0.2,20.249999999999996,0.8,0.8,900.0,0.003,0.01,7,0.5,0.009529982,0.009979634391817245
3.354,1005.4827125606934,38.091711057752185,0.0,0.2,0.2,20.249999999999996,0.8,0.8,900.0,0.003,0.01,7,0.5,0.009418002,0.009991396763515435
3.357,1005.5841278031227,38.17346946500205,0.0,0.2,0.2,20.249999999999996,0.8,0.8,900.0,0.003,0.01,8,0.5,0.011601813,0.009939016299692915
3.36,1005.6850181887826,37.70877020894182,0.0,0.2,0.2,20.249999999999996,0.8,0.8,900.0,0.003,0.01,7,0.5,0.00920799,0.009948589461758523
3.363,1005.786018893303,37.81255917588226,0.0,0.2,0.2,20.249999999999996,0.8,0.8,900.0,0.003,0.01,7,0.5,0.00913854,0.009959494888410329
3.366,1005.8871444751692,37.908559819333675,0.0,0.2,0.2,20.249999999999996,0.8,0.8,900.0,0.003,0.01,7,0.5,0.010673719,0.009971073749359712
3.369,1005.9884008422787,37.99722218779197,0.0,0.2,0.2,20.249999999999996,0.8,0.8,900.0,0.003,0.01,7,0.5,0.009520852,0.009982918582812587
3.372,1006.0897894527203,38.07904386417989,0.0,0.2,0.2,20.249999999999996,0.8,0.8,900.0,0.003,0.01,7,0.5,0.009220731,0.009994639562671446
3.375,1006.1913082457584,38.1544725905545,0.0,0.2,0.2,20.249999999999996,0.8,0.8,900.0,0.003,0.01,8,0.5,0.012432368,0.00994184661836389
3.378,1006.2922978535506,37.6835920256274,0.0,0.2,0.2,20.249999999999996,0.8,0.8,900.0,0.003,0.01,7,0.5,0.009314231,0.009951000993516848
3.3810000000000002,1006.3933940459393,37.78179605308316,0.0,0.2,0.2,20.249999999999996,0.8,0.8,900.0,0.003,0.01,7,0.5,0.00921184,0.00996143164385187
3.384,1006.4946109831321,37.872454279167364,0.0,0.2,0.2,20.249999999999996,0.8,0.8,900.0,0.003,0.01,7,0.5,0.010750468,0.009972514465098066
3.387,1006.5959544265935,37.95599884398198,0.0,0.2,0.2,20.249999999999996,0.8,0.8,900.0,0.003,0.01,7,0.5,0.00913827,0.009983860561581296
3.39,1006.6974258301402,38.032911155821644,0.0,0.2,0.2,20.249999999999996,0.8,0.8,900.0,0.003,0.01,7,0.5,0.00909756,0.009995089679887974
3.3930000000000002,1006.7990232034626,38.10362572199805,0.0,0.2,0.2,20.249999999999996,0.8,0.8,900.0,0.003,0.01,8,0.5,0.012011716,0.009941673255550076
3.396,1006.900085489824,37.628498295951175,0.0,0.2,0.2,20.249999999999996,0.8,0.8,900.0,0.003,0.01,7,0.5,0.009086059,0.009950371613310787
3.399,1007.0012504377222,37.722414086636554,0.0,0.2,0.2,20.249999999999996,0.8,0.8,900.0,0.003,0.01,7,0.5,0.009131221,0.009960364447960834
3.402,1007.1025323899678,37.80894166023216,0.0,0.2,0.2,20.249999999999996,0.8,0.8,900.0,0.003,0.01,7,0.5,0.010509417,0.009971027361949282
3.4050000000000002,1007.203937239793,37.88850719338958,0.0,0.2,0.2,20.249999999999996,0.8,0.8,900.0,0.003,0.01,7,0.5,0.009276701,0.009981968205673337
3.408,1007.3054665290584,37.96158677206753,0.0,0.2,0.2,20.249999999999996,0.8,0.8,900.0,0.003,0.01,7,0.5,0.009302231,0.009992803539795939
3.411,1007.4071183198101,38.02861129035411,0.0,0.2,0.2,20.249999999999996,0.8,0.8,900.0,0.003,0.01,8,0.5,0.011781344,0.009938873685621848
3.414,1007.5082299266674,37.55054975453665,0.0,0.2,0.2,20.249999999999996,0.8,0.8,900.0,0.003,0.01,7,0.5,0.00915853,0.009947205267017109
3.4170000000000003,1007.6094408634854,37.64109165502884,0.0,0.2,0.2,20.249999999999996,0.8,0.8,900.0,0.003,0.01,7,0.5,0.009286871,0.009956841161472512
3.42,1007.7107655442735,37.724375626065424,0.0,0.2,0.2,20.249999999999996,0.8,0.8,900.0,0.003,0.01,7,0.5,0.010780289,0.009967157024590506
3.423,1007.8122098981687,37.80082682366447,0.0,0.2,0.2,20.249999999999996,0.8,0.8,900.0,0.003,0.01,7,0.5,0.009523732,0.009977756846157872
3.426,1007.9137754424329,37.87092051722849,0.0,0.2,0.2,20.249999999999996,0.8,0.8,900.0,0.003,0.01,7,0.5,0.00920242,0.009988250453983112
3.4290000000000003,1008.0154601548073,37.935092031447105,0.0,0.2,0.2,20.249999999999996,0.8,0.8,900.0,0.003,0.01,7,0.5,0.010548658,0.009998381896594207
3.432,1008.1172598386104,37.99373289816753,0.0,0.2,0.2,20.249999999999996,0.8,0.8,900.0,0.003,0.01,8,0.5,0.010190395,0.009943402144196593
3.435,1008.2185080362929,37.50763292231629,0.0,0.2,0.2,20.249999999999996,0.8,0.8,900.0,0.003,0.01,7,0.5,0.00918553,0.009950822646923504
3.438,1008.3198462517776,37.590884753883216,0.0,0.2,0.2,20.249999999999996,0.8,0.8,900.0,0.003,0.01,7,0.5,0.010671009,0.009959528152849246
3.4410000000000003,1008.4212887743664,37.6673069818985,0.0,0.2,0.2,20.249999999999996,0.8,0.8,900.0,0.003,0.01,7,0.5,0.009497802,0.009968921245780749
3.444,1008.5228415954028,37.73731036594538,0.0,0.2,0.2,20.249999999999996,0.8,0.8,900.0,0.003,0.01,7,0.5,0.009328601,0.009978617094557177
3.447,1008.6245064122376,37.80135576125869,0.0,0.2,0.2,20.249999999999996,0.8,0.8,900.0,0.003,0.01,7,0.5,0.010529408,0.009988236701510576
3.45,1008.7262814800926,37.85986024944087,0.0,0.2,0.2,20.249999999999996,0.8,0.8,900.0,0.003,0.01,7,0.5,0.009279161,0.00999752814983534
3.4530000000000003,1008.8281629067158,37.91319749325979,0.0,0.2,0.2,20.249999999999996,0.8,0.8,900.0,0.003,0.01,8,0.5,0.009889134,0.009941559701909363
3.456,1008.9294822131841,37.422699287346376,0.0,0.2,0.2,20.249999999999996,0.8,0.8,900.0,0.003,0.01,7,0.5,0.010490427,0.009948227045066916
3.459,1009.0308837138865,37.5013942798753,0.0,0.2,0.2,20.249999999999996,0.8,0.8,900.0,0.003,0.01,7,0.5,0.00920215,0.009956214657580623
3.462,1009.1323820566768,37.573564594594565,0.0,0.2,0.2,20.249999999999996,0.8,0.8,900.0,0.003,0.01,7,0.5,0.00911042,0.009964928188171155
3.465,1009.2339835818041,37.6396073798272,0.0,0.2,0.2,20.249999999999996,0.8,0.8,900.0,0.003,0.01,7,0.5,0.010842709,0.00997397992338998
3.468,1009.3356903059981,37.6999680624228,0.0,0.2,0.2,20.249999999999996,0.8,0.8,900.0,0.003,0.01,7,0.5,0.00931806,0.009982988845251888
3.471,1009.4375007877395,37.755048039830506,0.0,0.2,0.2,20.249999999999996,0.8,0.8,900.0,0.003,0.01,7,0.5,0.009410861,0.009991701590401995
3.474,1009.5394114272281,37.80520576282479,0.0,0.2,0.2,20.249999999999996,0.8,0.8,900.0,0.003,0.01,7,0.5,0.010751208,0.009999975676913226
3.477,1009.6414174605128,37.85076513101703,0.0,0.2,0.2,20.249999999999996,0.8,0.8,900.0,0.003,0.01,8,0.5,0.009951945,0.00994272035609157
3.48,1009.7428472408908,37.35319967978426,0.0,0.2,0.2,20.249999999999996,0.8,0.8,900.0,0.003,0.01,7,0.5,0.009300541,0.009948353520853126
3.483,1009.8443483014197,37.42526008663436,0.0,0.2,0.2,20.249999999999996,0.8,0.8,900.0,0.003,0.01,7,0.5,0.010847199,0.009955336656810122
3.486,1009.9459356646121,37.49123045866565,0.0,0.2,0.2,20.249999999999996,0.8,0.8,900.0,0.003,0.01,7,0.5,0.010115395,0.009963091393552793
3.489,1010.0476161433832,37.55148365501652,0.0,0.2,0.2,20.249999999999996,0.8,0.8,900.0,0.003,0.01,7,0.5,0.00900704,0.009971233642570281
3.492,1010.1493922611453,37.60643860828966,0.0,0.2,0.2,20.249999999999996,0.8,0.8,900.0,0.003,0.01,7,0.5,0.010690058,0.0099793851902533
3.495,1010.251263113093,37.65646971701122,0.0,0.2,0.2,20.249999999999996,0.8,0.8,900.0,0.003,0.01,7,0.5,0.009416531,0.00998729420873471
3.498,1010.3532256504153,37.70190826828114,0.0,0.2,0.2,20.249999999999996,0.8,0.8,900.0,0.003,0.01,7,0.5,0.009206311,0.009994818333372213
3.501,1010.455275663537,37.74305138701696,0.0,0.2,0.2,20.249999999999996,0.8,0.8,900.0,0.003,0.01,8,0.5,0.011413842,0.009936678891782912
3.504,1010.5567395850178,37.242233682437096,0.0,0.2,0.2,20.249999999999996,0.8,0.8,900.0,0.003,0.01,7,0.5,0.00924422,0.009941686301693156
3.507,1010.6582681439304,37.31046953928812,0.0,0.2,0.2,20.249999999999996,0.8,0.8,900.0,0.003,0.01,7,0.5,0.009299611,0.009948091066911429
3.5100000000000002,1010.7598769004283,37.37282870351442,0.0,0.2,0.2,20.249999999999996,0.8,0.8,900.0,0.003,0.01,7,0.5,0.010622898,0.009955317321127503
3.513,1010.8615731829474,37.42966792103496,0.0,0.2,0.2,20.249999999999996,0.8,0.8,900.0,0.003,0.01,7,0.5,0.009380692,0.009962975214735263
3.516,1010.963359968746,37.481387527553586,0.0,0.2,0.2,20.249999999999996,0.8,0.8,900.0,0.003,0.01,7,0.5,0.00919224,0.009970680204975834
3.519,1011.0652367478389,37.52834609477206,0.0,0.2,0.2,20.249999999999996,0.8,0.8,900.0,0.003,0.01,7,0.5,0.010521508,0.009978176514313703
3.5220000000000002,1011.1672008338415,37.57086102067869,0.0,0.2,0.2,20.249999999999996,0.8,0.8,900.0,0.003,0.01,7,0.5,0.009332591,0.009985319563923177
3.525,1011.26924835621,37.60921657721524,0.0,0.2,0.2,20.249999999999996,0.8,0.8,900.0,0.003,0.01,7,0.5,0.00911779,0.009992036867293072
3.528,1011.3713748878232,37.64367146583613,0.0,0.2,0.2,20.249999999999996,0.8,0.8,900.0,0.003,0.01,7,0.5,0.010694109,0.009998300147606172
3.531,1011.4735758244946,37.67446318187666,0.0,0.2,0.2,20.249999999999996,0.8,0.8,900.0,0.003,0.01,8,0.5,0.010450267,0.009938607971491457
3.5340000000000003,1011.5751741422682,37.163841283684,0.0,0.2,0.2,20.249999999999996,0.8,0.8,900.0,0.003,0.01,7,0.5,0.009416772,0.00994241325203218
3.537,1011.6768249405134,37.223027519337094,0.0,0.2,0.2,20.249999999999996,0.8,0.8,900.0,0.003,0.01,7,0.5,0.010764139,0.009947673142653192
3.54,1011.7785444982661,37.27679561978928,0.0,0.2,0.2,20.249999999999996,0.8,0.8,900.0,0.003,0.01,7,0.5,0.00922247,0.009953826636822326
3.543,1011.8803409321662,37.325474454448916,0.0,0.2,0.2,20.249999999999996,0.8,0.8,900.0,0.003,0.01,7,0.5,0.00916289,0.009960483740927152
3.5460000000000003,1011.9822179884409,37.36943136589177,0.0,0.2,0.2,20.249999999999996,0.8,0.8,900.0,0.003,0.01,7,0.5,0.010460257,0.009967257488014258
3.549,1012.0841759102475,37.40899349777285,0.0,0.2,0.2,20.249999999999996,0.8,0.8,900.0,0.003,0.01,7,0.5,0.009383202,0.009973890366635003
3.552,1012.1862127401671,37.444447802490465,0.0,0.2,0.2,20.249999999999996,0.8,0.8,900.0,0.003,0.01,7,0.5,0.009112969,0.009980234088949347
3.555,1012.2883253039412,37.47605115387954,0.0,0.2,0.2,20.249999999999996,0.8,0.8,900.0,0.003,0.01,7,0.5,0.010879479,0.009986213799241124
3.5580000000000003,1012.3905098443803,37.50403610497484,0.0,0.2,0.2,20.249999999999996,0.8,0.8,900.0,0.003,0.01,7,0.5,0.009170911,0.009991797866336341
3.561,1012.4927623917175,37.528615732177805,0.0,0.2,0.2,20.249999999999996,0.8,0.8,900.0,0.003,0.01,7,0.5,0.009468752,0.00999698003266337
3.564,1012.5950789711593,37.54998653614866,0.0,0.2,0.2,20.249999999999996,0.8,0.8,900.0,0.003,0.01,8,0.5,0.011694874,0.009935992653887985
3.567,1012.6967797716452,37.030824605932736,0.0,0.2,0.2,20.249999999999996,0.8,0.8,900.0,0.003,0.01,7,0.5,0.009366481,0.009938866225399058
3.5700000000000003,1012.7985243035594,37.0815470851922,0.0,0.2,0.2,20.249999999999996,0.8,0.8,900.0,0.003,0.01,7,0.5,0.00908527,0.009943256248230701
3.573,1012.9003295756148,37.12718214827549,0.0,0.2,0.2,20.249999999999996,0.8,0.8,900.0,0.003,0.01,7,0.5,0.010699479,0.009948604348305842
3.576,1013.0022043851945,37.16804465003175,0.0,0.2,0.2,20.249999999999996,0.8,0.8,900.0,0.003,0.01,7,0.5,0.00922925,0.00995451251147935
3.579,1013.1041530726218,37.20448392194366,0.0,0.2,0.2,20.249999999999996,0.8,0.8,900.0,0.003,0.01,7,0.5,0.00911971,0.009960586706905313
3.5820000000000003,1013.206176383084,37.23681016930719,0.0,0.2,0.2,20.249999999999996,0.8,0.8,900.0,0.003,0.01,7,0.5,0.010844099,0.009966561983507462
3.585,1013.3082727876148,37.26529763946007,0.0,0.2,0.2,20.249999999999996,0.8,0.8,900.0,0.003,0.01,7,0.5,0.009293761,0.009972285590707333
3.588,1013.4104394900153,37.29019211255136,0.0,0.2,0.2,20.249999999999996,0.8,0.8,900.0,0.003,0.01,7,0.5,0.00916708,0.009977678232858639
3.591,1013.512673060071,37.31171711032509,0.0,0.2,0.2,20.249999999999996,0.8,0.8,900.0,0.003,0.01,7,0.5,0.01098247,0.00998270399563777
3.594,1013.6149698003658,37.33007902031611,0.0,0.2,0.2,20.249999999999996,0.8,0.8,900.0,0.003,0.01,7,0.5,0.00919235,0.009987352496419228
3.597,1013.7173259664802,37.34546986494574,0.0,0.2,0.2,20.249999999999996,0.8,0.8,900.0,0.003,0.01,7,0.5,0.009078359,0.009991628239668046
3.6,1013.8197378905987,37.35806853155546,0.0,0.2,0.2,20.249999999999996,0.8,0.8,900.0,0.003,0.01,7,0.5,0.010792269,0.009995543200809967
3.603,1013.9222020370377,37.36804226176431,0.0,0.2,0.2,20.249999999999996,0.8,0.8,900.0,0.003,0.01,7,0.5,0.00904079,0.009999112575954754
3.606,1014.0247150304294,37.375548672527046,0.0,0.2,0.2,20.249999999999996,0.8,0.8,900.0,0.003,0.01,8,0.5,0.010113606,0.00993620716259562
3.609,1014.1265931135339,36.8435467703115,0.0,0.2,0.2,20.249999999999996,0.8,0.8,900.0,0.003,0.01,7,0.5,0.010471017,0.009937638473979934
3.612,1014.2285014099663,36.88199441678392,0.0,0.2,0.2,20.249999999999996,0.8,0.8,900.0,0.003,0.01,7,0.5,0.009356031,0.00994065595348779
3.615,1014.330457681378,36.91596683250781,0.0,0.2,0.2,20.249999999999996,0.8,0.8,900.0,0.003,0.01,7,0.5,0.00909439,0.009944705790090734
3.618,1014.4324714230348,36.94576220949787,0.0,0.2,0.2,20.249999999999996,0.8,0.8,900.0,0.003,0.01,7,0.5,0.010578287,0.00994938074758679
3.621,1014.5345475769553,36.971711272290875,0.0,0.2,0.2,20.249999999999996,0.8,0.8,900.0,0.003,0.01,7,0.5,0.009429252,0.009954279693300153
3.624,1014.6366874256663,36.99410722397263,0.0,0.2,0.2,20.249999999999996,0.8,0.8,900.0,0.003,0.01,7,0.5,0.009458302,0.009959133627481489
3.6270000000000002,1014.7388899367755,37.013207893731824,0.0,0.2,0.2,20.249999999999996,0.8,0.8,900.0,0.003,0.01,7,0.5,0.010584658,0.009963786428442756
3.63,1014.841152773957,37.029243505924256,0.0,0.2,0.2,20.249999999999996,0.8,0.8,900.0,0.003,0.01,7,0.5,0.00919523,0.009968155389027095
3.633,1014.9434729297907,37.04242323524595,0.0,0.2,0.2,20.249999999999996,0.8,0.8,900.0,0.003,0.01,7,0.5,0.009035399,0.009972202016562504
3.636,1015.0458471030634,37.052939714198786,0.0,0.2,0.2,20.249999999999996,0.8,0.8,900.0,0.003,0.01,7,0.5,0.0108327,0.009975913737252859
3.6390000000000002,1015.1482719201891,37.06097195083762,0.0,0.2,0.2,20.249999999999996,0.8,0.8,900.0,0.003,0.01,7,0.5,0.009131259,0.009979292117564865
3.642,1015.2507440526712,37.066687382465346,0.0,0.2,0.2,20.249999999999996,0.8,0.8,900.0,0.003,0.01,7,0.5,0.009458051,0.009982347002723685
3.645,1015.3532602876454,37.07024265174049,0.0,0.2,0.2,20.249999999999996,0.8,0.8,900.0,0.003,0.01,7,0.5,0.010781929,0.009985092215128008
3.648,1015.4558175551689,37.07178475631875,0.0,0.2,0.2,20.249999999999996,0.8,0.8,900.0,0.003,0.01,7,0.5,0.009278871,0.009987542601329209
3.6510000000000002,1015.558412932557,37.071452466866965,0.0,0.2,0.2,20.249999999999996,0.8,0.8,900.0,0.003,0.01,7,0.5,0.009473481,0.009989713101983813
3.654,1015.6610436454298,37.069377423529396,0.0,0.2,0.2,20.249999999999996,0.8,0.8,900.0,0.003,0.01,7,0.5,0.010852249,0.009991618803202517
3.657,1015.7637070709104,37.06568444050466,0.0,0.2,0.2,20.249999999999996,0.8,0.8,900.0,0.003,0.01,7,0.5,0.00909402,0.009993274837359662
3.66,1015.8664007299983,37.06049148004088,0.0,0.2,0.2,20.249999999999996,0.8,0.8,900.0,0.003,0.01,7,0.5,0.00905077,0.009994695032204516
3.6630000000000003,1015.9691222824229,37.05391060618823,0.0,0.2,0.2,20.249999999999996,0.8,0.8,900.0,0.003,0.01,7,0.5,0.010833499,0.009995893798878408
3.666,1016.0718695259549,37.04604719709041,0.0,0.2,0.2,20.249999999999996,0.8,0.8,900.0,0.003,0.01,7,0.5,0.00915651,0.009996884249511624
3.669,1016.1746403854611,37.03700095863628,0.0,0.2,0.2,20.249999999999996,0.8,0.8,900.0,0.003,0.01,7,0.5,0.010178586,0.00999767900641871
3.672,1016.2774329061688,37.02686598969594,0.0,0.2,0.2,20.249999999999996,0.8,0.8,900.0,0.003,0.01,7,0.5,0.010857109,0.009998289659157241
3.6750000000000003,1016.3802452473443,37.01573138222722,0.0,0.2,0.2,20.249999999999996,0.8,0.8,900.0,0.003,0.01,7,0.5,0.009374431,0.009998727701045174
3.678,1016.4830756828278,37.00368061426063,0.0,0.2,0.2,20.249999999999996,0.8,0.8,900.0,0.003,0.01,7,0.5,0.009334961,0.009999004314577545
3.681,1016.5859225900994,36.99079176609859,0.0,0.2,0.2,20.249999999999996,0.8,0.8,900.0,0.003,0.01,7,0.5,0.010688058,0.009999129467947987
3.684,1016.6887844384211,36.97713837784012,0.0,0.2,0.2,20.249999999999996,0.8,0.8,900.0,0.003,0.01,7,0.5,0.00924634,0.009999111768880542
3.6870000000000003,1016.7916597774242,36.96279013546667,0.0,0.2,0.2,20.249999999999996,0.8,0.8,900.0,0.003,0.01,7,0.5,0.009085079,0.009998959053956341
3.69,1016.894547233338,36.947813426508056,0.0,0.2,0.2,20.249999999999996,0.8,0.8,900.0,0.003,0.01,7,0.5,0.010820639,0.009998679295971645
3.693,1016.997445507354,36.932270845208286,0.0,0.2,0.2,20.249999999999996,0.8,0.8,900.0,0.003,0.01,7,0.5,0.009107439,0.009998279714901801
3.696,1017.1003533669351,36.91622160323417,0.0,0.2,0.2,20.249999999999996,0.8,0.8,900.0,0.003,0.01,7,0.5,0.00921807,0.009997767073313882
3.6990000000000003,1017.2032696408119,36.89972180710517,0.0,0.2,0.2,20.249999999999996,0.8,0.8,900.0,0.003,0.01,7,0.5,0.010587588,0.009997147499851833
3.702,1017.3061932120526,36.88282487576212,0.0,0.2,0.2,20.249999999999996,0.8,0.8,900.0,0.003,0.01,7,0.5,0.00920653,0.009996426374424895
3.705,1017.4091230092247,36.86558200545153,0.0,0.2,0.2,20.249999999999996,0.8,0.8,900.0,0.003,0.01,7,0.5,0.009801713,0.009995608723170202
3.708,1017.5120580065246,36.84804230640518,0.0,0.2,0.2,20.249999999999996,0.8,0.8,900.0,0.003,0.01,7,0.5,0.010607098,0.009994699639055901
3.7110000000000003,1017.6149972241686,36.83025267204891,0.0,0.2,0.2,20.249999999999996,0.8,0.8,900.0,0.003,0.01,7,0.5,0.009046789,0.009993704318045091
3.714,1017.717939732096,36.812257532925315,0.0,0.2,0.2,20.249999999999996,0.8,0.8,900.0,0.003,0.01,7,0.5,0.009385992,0.009992628471066184
3.717,1017.8208846477655,36.794098083961735,0.0,0.2,0.2,20.249999999999996,0.8,0.8,900.0,0.003,0.01,7,0.5,0.010819989,0.009991475986916246
3.72,1017.9238311166785,36.77581386101758,0.0,0.2,0.2,20.249999999999996,0.8,0.8,900.0,0.003,0.01,7,0.5,0.00909903,0.009990249897547784
3.723,1018.026778312757,36.75744350798442,0.0,0.2,0.2,20.249999999999996,0.8,0.8,900.0,0.003,0.01,7,0.5,0.009466132,0.009988954352162774
3.726,1018.1297254492902,36.73902373497061,0.0,0.2,0.2,20.249999999999996,0.8,0.8,900.0,0.003,0.01,7,0.5,0.010555198,0.009987593913350233
3.729,1018.232671778088,36.7205886439446,0.0,0.2,0.2,20.249999999999996,0.8,0.8,900.0,0.003,0.01,7,0.5,0.009389171,0.009986172362028508
3.732,1018.3356165841393,36.70217043439488,0.0,0.2,0.2,20.249999999999996,0.8,0.8,900.0,0.003,0.01,7,0.5,0.009294161,0.009984693286531166
3.735,1018.4385591778876,36.683799254735646,0.0,0.2,0.2,20.249999999999996,0.8,0.8,900.0,0.003,0.01,7,0.5,0.010434297,0.009983159275972386
3.738,1018.5414988944606,36.66550404838735,0.0,0.2,0.2,20.249999999999996,0.8,0.8,900.0,0.003,0.01,7,0.5,0.009295071,0.009981573842902467
3.741,1018.6444351050861,36.64731191195946,0.0,0.2,0.2,20.249999999999996,0.8,0.8,900.0,0.003,0.01,7,0.5,0.009425611,0.009979941305299158
3.744,1018.7473672195815,36.62924704706421,0.0,0.2,0.2,20.249999999999996,0.8,0.8,900.0,0.003,0.01,7,0.5,0.010790079,0.00997826506627183
3.747,1018.850294671646,36.61133160558301,0.0,0.2,0.2,20.249999999999996,0.8,0.8,900.0,0.003,0.01,7,0.5,0.009076989,0.009976547100829045
3.75,1018.9532169130724,36.593586853308786,0.0,0.2,0.2,20.249999999999996,0.8,0.8,900.0,0.003,0.01,7,0.5,0.00922087,0.009974789946162445
3.753,1019.0561334190588,36.57603258355967,0.0,0.2,0.2,20.249999999999996,0.8,0.8,900.0,0.003,0.01,7,0.5,0.010797779,0.009972995984613726
3.7560000000000002,1019.1590436847247,36.55868749400376,0.0,0.2,0.2,20.249999999999996,0.8,0.8,900.0,0.003,0.01,7,0.5,0.00930102,0.009971167314736776
3.759,1019.2619472242918,36.54156941429329,0.0,0.2,0.2,20.249999999999996,0.8,0.8,900.0,0.003,0.01,7,0.5,0.00912448,0.009969306066249177
3.762,1019.3648435733938,36.524695102482895,0.0,0.2,0.2,20.249999999999996,0.8,0.8,900.0,0.003,0.01,7,0.5,0.011180711,0.009967414372859834
3.765,1019.4677322856875,36.508080153874225,0.0,0.2,0.2,20.249999999999996,0.8,0.8,900.0,0.003,0.01,7,0.5,0.009340291,0.009965493782307338
3.7680000000000002,1019.5706129295605,36.49173961484117,0.0,0.2,0.2,20.249999999999996,0.8,0.8,900.0,0.003,0.01,7,0.5,0.009468772,0.009963545747636054
3.771,1019.6734850900879,36.47568811184828,0.0,0.2,0.2,20.249999999999996,0.8,0.8,900.0,0.003,0.01,7,0.5,0.010806639,0.009961572235298161
3.774,1019.7763483735554,36.459939358533006,0.0,0.2,0.2,20.249999999999996,0.8,0.8,900.0,0.003,0.01,7,0.5,0.009295671,0.00995957541557993
3.777,1019.8792024120983,36.44450603862309,0.0,0.2,0.2,20.249999999999996,0.8,0.8,900.0,0.003,0.01,7,0.5,0.009123069,0.00995755759525456
3.7800000000000002,1019.9820468606551,36.429399733771085,0.0,0.2,0.2,20.249999999999996,0.8,0.8,900.0,0.003,0.01,7,0.5,0.010803729,0.00995552083473078
3.783,1020.0848814018367,36.41463101745688,0.0,0.2,0.2,20.249999999999996,0.8,0.8,900.0,0.003,0.01,7,0.5,0.009427151,0.009953468340018874
3.786,1020.1877057504269,36.40020867019682,0.0,0.2,0.2,20.249999999999996,0.8,0.8,900.0,0.003,0.01,7,0.5,0.009317391,0.009951402265406415
3.789,1020.290519652277,36.38614015742406,0.0,0.2,0.2,20.249999999999996,0.8,0.8,900.0,0.003,0.01,7,0.5,0.010764659,0.009949325983149326
3.7920000000000003,1020.3933228890018,36.37243050284261,0.0,0.2,0.2,20.249999999999996,0.8,0.8,900.0,0.003,0.01,7,0.5,0.009574782,0.009947242222814881
3.795,1020.4961152745275,36.359082927985085,0.0,0.2,0.2,20.249999999999996,0.8,0.8,900.0,0.003,0.01,7,0.5,0.009198601,0.009945153286821527
3.798,1020.5988966502862,36.346099111178,0.0,0.2,0.2,20.249999999999996,0.8,0.8,900.0,0.003,0.01,7,0.5,0.010712878,0.009943061617167672
3.801,1020.7016668887338,36.3334790206547,0.0,0.2,0.2,20.249999999999996,0.8,0.8,900.0,0.003,0.01,7,0.5,0.009212571,0.00994096949716303
3.8040000000000003,1020.8044258882452,36.32122103058521,0.0,0.2,0.2,20.249999999999996,0.8,0.8,900.0,0.003,0.01,7,0.5,0.009470572,0.009938878607706581
3.807,1020.9071735645858,36.30932260395566,0.0,0.2,0.2,20.249999999999996,0.8,0.8,900.0,0.003,0.01,7,0.5,0.010793859,0.0099367898230705
3.81,1021.0099098462116,36.29778093918308,0.0,0.2,0.2,20.249999999999996,0.8,0.8,900.0,0.003,0.01,7,0.5,0.009325781,0.009934703960043804
3.813,1021.1126346730168,36.28659295644805,0.0,0.2,0.2,20.249999999999996,0.8,0.8,900.0,0.003,0.01,6,0.5,0.008416305,0.009999605502380845
3.8160000000000003,1021.2160438113249,36.813562553049636,0.0,0.2,0.2,20.249999999999996,0.8,0.8,900.0,0.003,0.01,7,0.5,0.010809929,0.009999445081344992
3.819,1021.3194570978337,36.76612825195703,0.0,0.2,0.2,20.249999999999996,0.8,0.8,900.0,0.003,0.01,7,0.5,0.009416962,0.00999701860976732
3.822,1021.4228505054949,36.721817834622954,0.0,0.2,0.2,20.249999999999996,0.8,0.8,900.0,0.003,0.01,7,0.5,0.00915126,0.00999322135525454
3.825,1021.526211022556,36.680326523530034,0.0,0.2,0.2,20.249999999999996,0.8,0.8,900.0,0.003,0.01,7,0.5,0.01090283,0.00998848630910395
3.8280000000000003,1021.6295306745035,36.641380127771406,0.0,0.2,0.2,20.249999999999996,0.8,0.8,900.0,0.003,0.01,7,0.5,0.00926708,0.009983260416573657
3.831,1021.7328056045824,36.60476017365687,0.0,0.2,0.2,20.249999999999996,0.8,0.8,900.0,0.003,0.01,7,0.5,0.009115419,0.009977848956320005
3.834,1021.8360346082623,36.570287616927736,0.0,0.2,0.2,20.249999999999996,0.8,0.8,900.0,0.003,0.01,7,0.5,0.011238461,0.00997243353716639
3.837,1021.9392180176845,36.537809528629964,0.0,0.2,0.2,20.249999999999996,0.8,0.8,900.0,0.003,0.01,7,0.5,0.009282401,0.009967114961288395
3.84,1022.0423570011023,36.50719112777076,0.0,0.2,0.2,20.249999999999996,0.8,0.8,900.0,0.003,0.01,7,0.5,0.009460102,0.009961945849289878
3.843,1022.1454531524986,36.47831091087414,0.0,0.2,0.2,20.249999999999996,0.8,0.8,900.0,0.003,0.01,7,0.5,0.01101228,0.009956950867100639
3.846,1022.2485082538849,36.45105772196031,0.0,0.2,0.2,20.249999999999996,0.8,0.8,900.0,0.003,0.01,7,0.5,0.009303071,0.009952138486245215
3.849,1022.3515241375777,36.42532889579544,0.0,0.2,0.2,20.249999999999996,0.8,0.8,900.0,0.003,0.01,7,0.5,0.009046829,0.00994750821569836
3.852,1022.4545026111609,36.40102898628542,0.0,0.2,0.2,20.249999999999996,0.8,0.8,900.0,0.003,0.01,7,0.5,0.01096556,0.009943055085714756
3.855,1022.557445421147,36.37806889783413,0.0,0.2,0.2,20.249999999999996,0.8,0.8,900.0,0.003,0.01,7,0.5,0.009666043,0.009938771650678259
3.858,1022.6603542328036,36.35636524296755,0.0,0.2,0.2,20.249999999999996,0.8,0.8,900.0,0.003,0.01,7,0.5,0.009393411,0.009934649299009982
3.861,1022.7632306223388,36.33584014076964,0.0,0.2,0.2,20.249999999999996,0.8,0.8,900.0,0.003,0.01,6,0.5,0.009695953,0.00999812275569495
3.864,1022.8667778216108,36.854239127518966,0.0,0.2,0.2,20.249999999999996,0.8,0.8,900.0,0.003,0.01,7,0.5,0.00915609,0.009996168398455008
3.867,1022.9703107003784,36.79863017485549,0.0,0.2,0.2,20.249999999999996,0.8,0.8,900.0,0.003,0.01,7,0.5,0.009525742,0.009992077545954011
3.87,1023.0738064562855,36.74682259964055,0.0,0.2,0.2,20.249999999999996,0.8,0.8,900.0,0.003,0.01,7,0.5,0.010894349,0.00998672671359719
3.873,1023.1772532212084,36.69844898457014,0.0,0.2,0.2,20.249999999999996,0.8,0.8,900.0,0.003,0.01,7,0.5,0.00934164,0.00998054638616199
3.876,1023.2806441409151,36.65317977003259,0.0,0.2,0.2,20.249999999999996,0.8,0.8,900.0,0.003,0.01,7,0.5,0.009537812,0.009973979061455134
3.879,1023.3839764191175,36.610746407880114,0.0,0.2,0.2,20.249999999999996,0.8,0.8,900.0,0.003,0.01,7,0.5,0.010751149,0.009967323358650491
3.882,1023.4872498324823,36.57092428099512,0.0,0.2,0.2,20.249999999999996,0.8,0.8,900.0,0.003,0.01,7,0.5,0.009464422,0.009960753586626236
3.8850000000000002,1023.5904656147335,36.53351919681248,0.0,0.2,0.2,20.249999999999996,0.8,0.8,900.0,0.003,0.01,7,0.5,0.00927261,0.009954363574036933
3.888,1023.6936257608749,36.49835869175852,0.0,0.2,0.2,20.249999999999996,0.8,0.8,900.0,0.003,0.01,7,0.5,0.010766869,0.009948198904370459
3.891,1023.7967326149073,36.46528696516721,0.0,0.2,0.2,20.249999999999996,0.8,0.8,900.0,0.003,0.01,7,0.5,0.00915968,0.009942277459281341
3.894,1023.8997886369082,36.43416178027469,0.0,0.2,0.2,20.249999999999996,0.8,0.8,900.0,0.003,0.01,7,0.5,0.00919465,0.009936602037857834
3.8970000000000002,1024.0027962782924,36.40485203069988,0.0,0.2,0.2,20.249999999999996,0.8,0.8,900.0,0.003,0.01,6,0.5,0.009677433,0.009998966803508582
3.9,1024.1064642292613,36.9152882354474,0.0,0.2,0.2,20.249999999999996,0.8,0.8,900.0,0.003,0.01,7,0.5,0.009085599,0.00999560302800256
3.903,1024.210103327696,36.85179788490839,0.0,0.2,0.2,20.249999999999996,0.8,0.8,900.0,0.003,0.01,7,0.5,0.009530172,0.009990185696328997
3.906,1024.3136915122313,36.79265031798477,0.0,0.2,0.2,20.249999999999996,0.8,0.8,900.0,0.003,0.01,7,0.5,0.010513927,0.009983583166582127
3.9090000000000003,1024.4172176597742,36.73743514354325,0.0,0.2,0.2,20.249999999999996,0.8,0.8,900.0,0.003,0.01,7,0.5,0.009388721,0.009976227309213947
3.912,1024.5206756739792,36.68578420143785,0.0,0.2,0.2,20.249999999999996,0.8,0.8,900.0,0.003,0.01,7,0.5,0.00929055,0.009968559365479124
3.915,1024.6240634934763,36.63739373850327,0.0,0.2,0.2,20.249999999999996,0.8,0.8,900.0,0.003,0.01,7,0.5,0.010697669,0.009960873917338582
3.918,1024.7273815828341,36.59200709921325,0.0,0.2,0.2,20.249999999999996,0.8,0.8,900.0,0.003,0.01,7,0.5,0.009539512,0.009953340060857466
3.9210000000000003,1024.8306318071423,36.54940107972616,0.0,0.2,0.2,20.249999999999996,0.8,0.8,900.0,0.003,0.01,7,0.5,0.009366122,0.00994604655132837
3.924,1024.9338167408957,36.50937693200829,0.0,0.2,0.2,20.249999999999996,0.8,0.8,900.0,0.003,0.01,7,0.5,0.010506367,0.009939034339173975
3.927,1025.0369392638445,36.47175490660621,0.0,0.2,0.2,20.249999999999996,0.8,0.8,900.0,0.003,0.01,7,0.5,0.0093118,0.009932317900328828
3.93,1025.140002338243,36.43636998287503,0.0,0.2,0.2,20.249999999999996,0.8,0.8,900.0,0.003,0.01,6,0.5,0.008489256,0.00999397834444674
3.9330000000000003,1025.243718987079,36.94075153329769,0.0,0.2,0.2,20.249999999999996,0.8,0.8,900.0,0.003,0.01,7,0.5,0.01096922,0.009989656774277034
3.936,1025.3473965174037,36.87178621613587,0.0,0.2,0.2,20.249999999999996,0.8,0.8,900.0,0.003,0.01,7,0.5,0.009457092,0.009983331158481152
3.939,1025.4510132724406,36.807531435,0.0,0.2,0.2,20.249999999999996,0.8,0.8,900.0,0.003,0.01,7,0.5,0.00908795,0.009975865116844998
3.942,1025.5545585726534,36.74755044137035,0.0,0.2,0.2,20.249999999999996,0.8,0.8,900.0,0.003,0.01,7,0.5,0.010609098,0.0099676934091746
3.9450000000000003,1025.6580267932634,36.691451646204314,0.0,0.2,0.2,20.249999999999996,0.8,0.8,900.0,0.003,0.01,7,0.5,0.009354951,0.009959257393853352
3.948,1025.761416344381,36.63891052720351,0.0,0.2,0.2,20.249999999999996,0.8,0.8,900.0,0.003,0.01,7,0.5,0.010101585,0.00995085070003593
3.951,1025.8647281516608,36.58965107821415,0.0,0.2,0.2,20.249999999999996,0.8,0.8,900.0,0.003,0.01,7,0.5,0.01088068,0.00994264015799187
3.954,1025.9679645119486,36.54343215087914,0.0,0.2,0.2,20.249999999999996,0.8,0.8,900.0,0.003,0.01,7,0.5,0.009324931,0.00993471079377171
3.9570000000000003,1026.0711284003644,36.500039465502084,0.0,0.2,0.2,20.249999999999996,0.8,0.8,900.0,0.003,0.01,6,0.5,0.008390286,0.009995460197250828
3.96,1026.1749367954542,36.99730538129583,0.0,0.2,0.2,20.249999999999996,0.8,0.8,900.0,0.003,0.01,7,0.5,0.010455507,0.009989977026131816
3.963,1026.278693708185,36.92119211304713,0.0,0.2,0.2,20.249999999999996,0.8,0.8,900.0,0.003,0.01,7,0.5,0.009387382,0.009982541398595921
3.966,1026.3823779721185,36.85029752206965,0.0,0.2,0.2,20.249999999999996,0.8,0.8,900.0,0.003,0.01,7,0.5,0.0091916,0.009974019952598624
3.969,1026.485979494622,36.78414811092617,0.0,0.2,0.2,20.249999999999996,0.8,0.8,900.0,0.003,0.01,7,0.5,0.010857349,0.009964853485922028
3.972,1026.5894932959102,36.72231983517764,0.0,0.2,0.2,20.249999999999996,0.8,0.8,900.0,0.003,0.01,7,0.5,0.00925624,0.009955484861735186
3.975,1026.6929184365633,36.664458855382314,0.0,0.2,0.2,20.249999999999996,0.8,0.8,900.0,0.003,0.01,7,0.5,0.008999619,0.009946205593263828
3.978,1026.7962564664483,36.610262918941146,0.0,0.2,0.2,20.249999999999996,0.8,0.8,900.0,0.003,0.01,7,0.5,0.01098623,0.009937179541545093
3.981,1026.8995102857232,36.55946715967425,0.0,0.2,0.2,20.249999999999996,0.8,0.8,900.0,0.003,0.01,6,0.5,0.008456295,0.009997095985251989
3.984,1027.0034004006998,37.05024206830832,0.0,0.2,0.2,20.249999999999996,0.8,0.8,900.0,0.003,0.01,7,0.5,0.009734283,0.00999055408242018
3.987,1027.1072278847175,36.967566901932194,0.0,0.2,0.2,20.249999999999996,0.8,0.8,900.0,0.003,0.01,7,0.5,0.010938539,0.009982103529973991
3.99,1027.2109720161152,36.89060796745485,0.0,0.2,0.2,20.249999999999996,0.8,0.8,900.0,0.003,0.01,7,0.5,0.009457762,0.009972616717748583
3.993,1027.314623258638,36.818856754283644,0.0,0.2,0.2,20.249999999999996,0.8,0.8,900.0,0.003,0.01,7,0.5,0.009512402,0.009962540021804649
3.996,1027.4181772488676,36.75186014703398,0.0,0.2,0.2,20.249999999999996,0.8,0.8,900.0,0.003,0.01,7,0.5,0.011787114,0.009952320053351131
3.999,1027.5216336917772,36.68923700532909,0.0,0.2,0.2,20.249999999999996,0.8,0.8,900.0,0.003,0.01,7,0.5,0.009290111,0.009942248296830157
4.002,1027.6249947785086,36.630659415809916,0.0,0.2,0.2,20.249999999999996,0.8,0.8,900.0,0.003,0.01,7,0.5,0.00912612,0.009932486702992729
4.005,1027.7282640326341,36.575838512912455,0.0,0.2,0.2,20.249999999999996,0.8,0.8,900.0,0.003,0.01,6,0.5,0.009603533,0.009991916239455736
4.008,1027.8321652364125,37.06258172304953,0.0,0.2,0.2,20.249999999999996,0.8,0.8,900.0,0.003,0.01,7,0.5,0.00909718,0.009984733260019257
4.011,1027.935997269633,36.976410243224535,0.0,0.2,0.2,20.249999999999996,0.8,0.8,900.0,0.003,0.01,7,0.5,0.009389721,0.009975689849378841
4.014,1028.0397399066362,36.896266061075785,0.0,0.2,0.2,20.249999999999996,0.8,0.8,900.0,0.003,0.01,7,0.5,0.01091129,0.009965658954384999
4.017,1028.1433841863238,36.82160888160884,0.0,0.2,0.2,20.249999999999996,0.8,0.8,900.0,0.003,0.01,7,0.5,0.00904063,0.009955089176690409
4.0200000000000005,1028.2469263396329,36.75195816150196,0.0,0.2,0.2,20.249999999999996,0.8,0.8,900.0,0.003,0.01,7,0.5,0.009287461,0.009944425843038831
4.023,1028.3503666543138,36.686908391435395,0.0,0.2,0.2,20.249999999999996,0.8,0.8,900.0,0.003,0.01,7,0.5,0.011302512,0.009933959089200164
4.026,1028.4537078984004,36.62610874573634,0.0,0.2,0.2,20.249999999999996,0.8,0.8,900.0,0.003,0.01,6,0.5,0.008476026,0.009992843417886931
4.029,1028.5576763457113,37.1076119372766,0.0,0.2,0.2,20.249999999999996,0.8,0.8,900.0,0.003,0.01,7,0.5,0.00901816,0.009984928658373417
4.032,1028.6615685790066,37.016136128775166,0.0,0.2,0.2,20.249999999999996,0.8,0.8,900.0,0.003,0.01,7,0.5,0.010721008,0.00997518287478944
4.035,1028.7653647650595,36.93107269694775,0.0,0.2,0.2,20.249999999999996,0.8,0.8,900.0,0.003,0.01,7,0.5,0.009364851,0.009964494538292555
4.038,1028.8690565301151,36.851834873266355,0.0,0.2,0.2,20.249999999999996,0.8,0.8,900.0,0.003,0.01,7,0.5,0.009001689,0.00995332182464827
4.041,1028.9726407755957,36.777903218318,0.0,0.2,0.2,20.249999999999996,0.8,0.8,900.0,0.003,0.01,7,0.5,0.010971219,0.00994211305551393
4.0440000000000005,1029.0761184825983,36.70883801811099,0.0,0.2,0.2,20.249999999999996,0.8,0.8,900.0,0.003,0.01,7,0.5,0.00919274,0.009931157462086107
4.047,1029.1794930922458,36.644257448193514,0.0,0.2,0.2,20.249999999999996,0.8,0.8,900.0,0.003,0.01,6,0.5,0.008587787,0.009989762564938354
4.05,1029.28349360982,37.12197020251842,0.0,0.2,0.2,20.249999999999996,0.8,0.8,900.0,0.003,0.01,7,0.5,0.01095399,0.009981456484437812
4.053,1029.3874150862089,37.02699643044163,0.0,0.2,0.2,20.249999999999996,0.8,0.8,900.0,0.003,0.01,7,0.5,0.009672483,0.009971360457834887
4.056,1029.4912381375016,36.938613843230605,0.0,0.2,0.2,20.249999999999996,0.8,0.8,900.0,0.003,0.01,7,0.5,0.009545022,0.009960362231245424
4.059,1029.594954897633,36.85620689283864,0.0,0.2,0.2,20.249999999999996,0.8,0.8,900.0,0.003,0.01,7,0.5,0.010795909,0.0099489208968263
4.062,1029.6985627867934,36.77923191359133,0.0,0.2,0.2,20.249999999999996,0.8,0.8,900.0,0.003,0.01,7,0.5,0.009337211,0.009937484234538857
4.065,1029.8020632912378,36.707227142816144,0.0,0.2,0.2,20.249999999999996,0.8,0.8,900.0,0.003,0.01,6,0.5,0.008301215,0.009995657918068447
4.0680000000000005,1029.906186740976,37.17861829847308,0.0,0.2,0.2,20.249999999999996,0.8,0.8,900.0,0.003,0.01,7,0.5,0.01087122,0.00998671245005923
4.071,1030.0102259213998,37.07683877233957,0.0,0.2,0.2,20.249999999999996,0.8,0.8,900.0,0.003,0.01,7,0.5,0.009299601,0.009975968788440037
4.074,1030.1141614992293,36.98201128095538,0.0,0.2,0.2,20.249999999999996,0.8,0.8,900.0,0.003,0.01,7,0.5,0.009330041,0.00996434357603471
4.077,1030.2179859581352,36.89347627990422,0.0,0.2,0.2,20.249999999999996,0.8,0.8,900.0,0.003,0.01,7,0.5,0.010843759,0.009952312064320533
4.08,1030.3216971963386,36.810653661245624,0.0,0.2,0.2,20.249999999999996,0.8,0.8,900.0,0.003,0.01,7,0.5,0.009382581,0.009940328523149274
4.083,1030.4252972173642,36.73305035117064,0.0,0.2,0.2,20.249999999999996,0.8,0.8,900.0,0.003,0.01,6,0.5,0.008335016,0.009998151229485507
4.086,1030.5295187359002,37.19921366409402,0.0,0.2,0.2,20.249999999999996,0.8,0.8,900.0,0.003,0.01,7,0.5,0.010656688,0.009988742031234676
4.089,1030.633653144056,37.092140216397034,0.0,0.2,0.2,20.249999999999996,0.8,0.8,900.0,0.003,0.01,7,0.5,0.009655723,0.009977568648641152
4.0920000000000005,1030.7376814406357,36.9922117269502,0.0,0.2,0.2,20.249999999999996,0.8,0.8,900.0,0.003,0.01,7,0.5,0.009255111,0.009965547068613025
4.095,1030.8415964860599,36.898745395462704,0.0,0.2,0.2,20.249999999999996,0.8,0.8,900.0,0.003,0.01,7,0.5,0.010921829,0.00995315348312661
4.098,1030.9453965623923,36.811140228140296,0.0,0.2,0.2,20.249999999999996,0.8,0.8,900.0,0.003,0.01,7,0.5,0.009458652,0.009940841542471032
4.101,1031.0490840455905,36.72888395874661,0.0,0.2,0.2,20.249999999999996,0.8,0.8,900.0,0.003,0.01,6,0.5,0.008584437,0.00999849493451024
4.104,1031.1533936005146,37.1902821965489,0.0,0.2,0.2,20.249999999999996,0.8,0.8,900.0,0.003,0.01,7,0.5,0.010750989,0.009988818493533756
4.107,1031.257615375609,37.07868606696364,0.0,0.2,0.2,20.249999999999996,0.8,0.8,900.0,0.003,0.01,7,0.5,0.009351101,0.009977398719820632
4.11,1031.3617305363746,36.97432094427308,0.0,0.2,0.2,20.249999999999996,0.8,0.8,900.0,0.003,0.01,7,0.5,0.009448762,0.009965151971982254
4.113,1031.4657321628467,36.8764876059557,0.0,0.2,0.2,20.249999999999996,0.8,0.8,900.0,0.003,0.01,7,0.5,0.010738339,0.009952554551878292
4.116,1031.5696187516048,36.78456989816479,0.0,0.2,0.2,20.249999999999996,0.8,0.8,900.0,0.003,0.01,7,0.5,0.009260691,0.009940058115253527
4.119,1031.6733928647197,36.69804303307869,0.0,0.2,0.2,20.249999999999996,0.8,0.8,900.0,0.003,0.01,6,0.5,0.009006829,0.009997657192543889
4.122,1031.7777907667462,37.15470445946772,0.0,0.2,0.2,20.249999999999996,0.8,0.8,900.0,0.003,0.01,7,0.5,0.010645478,0.009987824712771005
4.125,1031.8821012817818,37.03884891667115,0.0,0.2,0.2,20.249999999999996,0.8,0.8,900.0,0.003,0.01,7,0.5,0.00918666,0.009976250993452365
4.128,1031.9863055057665,36.93024532345738,0.0,0.2,0.2,20.249999999999996,0.8,0.8,900.0,0.003,0.01,7,0.5,0.009300411,0.009963851625446421
4.131,1032.0903964938452,36.828193602876965,0.0,0.2,0.2,20.249999999999996,0.8,0.8,900.0,0.003,0.01,7,0.5,0.011062571,0.009951103053386435
4.134,1032.194372724736,36.732077133972716,0.0,0.2,0.2,20.249999999999996,0.8,0.8,900.0,0.003,0.01,7,0.5,0.009419281,0.009938456586554428
4.1370000000000005,1032.2982367344905,36.64137152709295,0.0,0.2,0.2,20.249999999999996,0.8,0.8,900.0,0.003,0.01,6,0.5,0.008594267,0.009996015072388774
4.14,1032.4027261657461,37.093149986336485,0.0,0.2,0.2,20.249999999999996,0.8,0.8,900.0,0.003,0.01,7,0.5,0.01096343,0.009986030040986608
4.143,1032.5071283831328,36.97314098284574,0.0,0.2,0.2,20.249999999999996,0.8,0.8,900.0,0.003,0.01,7,0.5,0.00918781,0.009974296375128576
4.146,1032.6114242923875,36.86040642778513,0.0,0.2,0.2,20.249999999999996,0.8,0.8,900.0,0.003,0.01,7,0.5,0.009737243,0.009961730346428381
4.149,1032.7156068236957,36.75425423248124,0.0,0.2,0.2,20.249999999999996,0.8,0.8,900.0,0.003,0.01,7,0.5,0.010916449,0.009948810947205613
4.152,1032.8196743509493,36.65407154487424,0.0,0.2,0.2,20.249999999999996,0.8,0.8,900.0,0.003,0.01,7,0.5,0.00906185,0.009935990648971707
4.155,1032.9236293032793,36.55933727441755,0.0,0.2,0.2,20.249999999999996,0.8,0.8,900.0,0.003,0.01,6,0.5,0.009265301,0.009993480043627616
4.158,1033.0282106394495,37.0061870992299,0.0,0.2,0.2,20.249999999999996,0.8,0.8,900.0,0.003,0.01,7,0.5,0.010440547,0.009983305242464996
4.1610000000000005,1033.1327040987019,36.882244183303484,0.0,0.2,0.2,20.249999999999996,0.8,0.8,900.0,0.003,0.01,7,0.5,0.00909404,0.009971365728366922
4.164,1033.237090280139,36.76562536283268,0.0,0.2,0.2,20.249999999999996,0.8,0.8,900.0,0.003,0.01,7,0.5,0.009368591,0.009958578969065046
4.167,1033.3413618767806,36.65565449194543,0.0,0.2,0.2,20.249999999999996,0.8,0.8,900.0,0.003,0.01,7,0.5,0.010704748,0.009945427727006172
4.17,1033.4455170519905,36.55172771170591,0.0,0.2,0.2,20.249999999999996,0.8,0.8,900.0,0.003,0.01,7,0.5,0.009252011,0.009932365268271286
4.173,1033.549558032401,36.45333238801432,0.0,0.2,0.2,20.249999999999996,0.8,0.8,900.0,0.003,0.01,6,0.5,0.008619677,0.00998971630912662
4.176,1033.6542251236501,36.89545166185516,0.0,0.2,0.2,20.249999999999996,0.8,0.8,900.0,0.003,0.01,7,0.5,0.010328506,0.009979278415953136
4.179,1033.7588023245169,36.76805643251886,0.0,0.2,0.2,20.249999999999996,0.8,0.8,900.0,0.003,0.01,7,0.5,0.009329851,0.009967063462285767
4.182,1033.8632699478123,36.64807483848474,0.0,0.2,0.2,20.249999999999996,0.8,0.8,900.0,0.003,0.01,7,0.5,0.010155146,0.009953989364048572
4.1850000000000005,1033.9676204511218,36.53484714811311,0.0,0.2,0.2,20.249999999999996,0.8,0.8,900.0,0.003,0.01,7,0.5,0.01098856,0.009940542682542231
4.188,1034.0718518135504,36.427777693479385,0.0,0.2,0.2,20.249999999999996,0.8,0.8,900.0,0.003,0.01,6,0.5,0.008405825,0.009997379926850637
4.191,1034.1767038853536,36.862019529411185,0.0,0.2,0.2,20.249999999999996,0.8,0.8,900.0,0.003,0.01,7,0.5,0.00925252,0.009986124981542256
4.194,1034.281457351586,36.72691939190843,0.0,0.2,0.2,20.249999999999996,0.8,0.8,900.0,0.003,0.01,7,0.5,0.01083633,0.009973014053377765
4.197,1034.386091793689,36.599725623958896,0.0,0.2,0.2,20.249999999999996,0.8,0.8,900.0,0.003,0.01,7,0.5,0.009324891,0.009959017144492845
4.2,1034.4905994246008,36.47975434946322,0.0,0.2,0.2,20.249999999999996,0.8,0.8,900.0,0.003,0.01,7,0.5,0.009505582,0.009944652329757931
4.203,1034.5949782511611,36.366385655098604,0.0,0.2,0.2,20.249999999999996,0.8,0.8,900.0,0.003,0.01,7,0.5,0.01103254,0.009930393368589946
4.206,1034.699230514069,36.2590894273788,0.0,0.2,0.2,20.249999999999996,0.8,0.8,900.0,0.003,0.01,6,0.5,0.008741028,0.009986855081378634
4.2090000000000005,1034.804100332416,36.691067113833505,0.0,0.2,0.2,20.249999999999996,0.8,0.8,900.0,0.003,0.01,7,0.5,0.009311301,0.009975255529779181
4.212,1034.908867887924,36.55580106666568,0.0,0.2,0.2,20.249999999999996,0.8,0.8,900.0,0.003,0.01,7,0.5,0.01095546,0.00996190453641777
4.215,1035.0135134841528,36.428425919760365,0.0,0.2,0.2,20.249999999999996,0.8,0.8,900.0,0.003,0.01,7,0.5,0.00922433,0.009947720003978583
4.218,1035.1180296600282,36.30828894784916,0.0,0.2,0.2,20.249999999999996,0.8,0.8,900.0,0.003,0.01,7,0.5,0.009371531,0.009933193510202297
4.221,1035.222414526049,36.19478684160563,0.0,0.2,0.2,20.249999999999996,0.8,0.8,900.0,0.003,0.01,6,0.5,0.010029035,0.009989241639466684
4.224,1035.3274116679788,36.62077623590017,0.0,0.2,0.2,20.249999999999996,0.8,0.8,900.0,0.003,0.01,7,0.5,0.009652733,0.009976943976645683
4.227,1035.4322980560955,36.480215756899234,0.0,0.2,0.2,20.249999999999996,0.8,0.8,900.0,0.003,0.01,7,0.5,0.009479362,0.009962817675455952
4.23,1035.5370533075052,36.347989259006276,0.0,0.2,0.2,20.249999999999996,0.8,0.8,900.0,0.003,0.01,7,0.5,0.01089273,0.009947829395057133
4.233,1035.6416697253724,36.22342422232014,0.0,0.2,0.2,20.249999999999996,0.8,0.8,900.0,0.003,0.01,7,0.5,0.009858234,0.009932502103168423
4.236,1035.7461454536021,36.105895568148235,0.0,0.2,0.2,20.249999999999996,0.8,0.8,900.0,0.003,0.01,6,0.5,0.008437796,0.009987920338721694
4.239,1035.8512262863571,36.527531817539185,0.0,0.2,0.2,20.249999999999996,0.8,0.8,900.0,0.003,0.01,7,0.5,0.010636748,0.009974855560225713
4.242,1035.9561872400477,36.38366965781435,0.0,0.2,0.2,20.249999999999996,0.8,0.8,900.0,0.003,0.01,7,0.5,0.009059389,0.009959994950573675
4.245,1036.06100819342,36.2484818111407,0.0,0.2,0.2,20.249999999999996,0.8,0.8,900.0,0.003,0.01,7,0.5,0.00914359,0.009944305393968091
4.248,1036.1656817388578,36.12128573476427,0.0,0.2,0.2,20.249999999999996,0.8,0.8,900.0,0.003,0.01,6,0.5,0.009938465,0.009999082929130725
4.251,1036.270951938724,36.5350385633021,0.0,0.2,0.2,20.249999999999996,0.8,0.8,900.0,0.003,0.01,7,0.5,0.00906054,0.009984972222445597
4.2540000000000004,1036.376089558465,36.38294727103471,0.0,0.2,0.2,20.249999999999996,0.8,0.8,900.0,0.003,0.01,7,0.5,0.009491412,0.009968935100737914
4.257,1036.4810734683151,36.240261371613045,0.0,0.2,0.2,20.249999999999996,0.8,0.8,900.0,0.003,0.01,7,0.5,0.010835549,0.009952028527190801
4.26,1036.5858960523915,36.10624036037467,0.0,0.2,0.2,20.249999999999996,0.8,0.8,900.0,0.003,0.01,7,0.5,0.009087199,0.009934830915564862
4.263,1036.6905559835945,35.98019395108448,0.0,0.2,0.2,20.249999999999996,0.8,0.8,900.0,0.003,0.01,6,0.5,0.008417656,0.009988769730488824
4.266,1036.7958040171713,36.39345688077559,0.0,0.2,0.2,20.249999999999996,0.8,0.8,900.0,0.003,0.01,7,0.5,0.010597248,0.009973962043184416
4.269,1036.900911465193,36.24269522677456,0.0,0.2,0.2,20.249999999999996,0.8,0.8,900.0,0.003,0.01,7,0.5,0.009272011,0.009957452706722691
4.272,1037.0058591055829,36.10139594627353,0.0,0.2,0.2,20.249999999999996,0.8,0.8,900.0,0.003,0.01,7,0.5,0.009591022,0.009940204368028803
4.275,1037.1106404332063,35.96884210534322,0.0,0.2,0.2,20.249999999999996,0.8,0.8,900.0,0.003,0.01,6,0.5,0.010040534,0.009993786284826278
4.2780000000000005,1037.2160041810828,36.376684542142385,0.0,0.2,0.2,20.249999999999996,0.8,0.8,900.0,0.003,0.01,7,0.5,0.010018805,0.009978258155419343
4.281,1037.3212178132508,36.22058964060168,0.0,0.2,0.2,20.249999999999996,0.8,0.8,900.0,0.003,0.01,7,0.5,0.009448381,0.009960893072987146
4.284,1037.4262610654762,36.07454508440019,0.0,0.2,0.2,20.249999999999996,0.8,0.8,900.0,0.003,0.01,7,0.5,0.010873029,0.009942740802219512
4.287,1037.531127174411,35.93778255636124,0.0,0.2,0.2,20.249999999999996,0.8,0.8,900.0,0.003,0.01,6,0.5,0.008562337,0.00999558066641179
4.29,1037.6365671425726,36.341889944610124,0.0,0.2,0.2,20.249999999999996,0.8,0.8,900.0,0.003,0.01,7,0.5,0.009226201,0.009979181644189997
4.293,1037.7418467190303,36.18243678189095,0.0,0.2,0.2,20.249999999999996,0.8,0.8,900.0,0.003,0.01,7,0.5,0.01090975,0.009960995592628363
4.296,1037.8469461949262,36.033446371497945,0.0,0.2,0.2,20.249999999999996,0.8,0.8,900.0,0.003,0.01,7,0.5,0.009449471,0.009942074278156193
4.299,1037.9518594025894,35.8941170513516,0.0,0.2,0.2,20.249999999999996,0.8,0.8,900.0,0.003,0.01,6,0.5,0.008507586,0.009994332554232183
4.3020000000000005,1038.0573397474654,36.295713776368274,0.0,0.2,0.2,20.249999999999996,0.8,0.8,900.0,0.003,0.01,7,0.5,0.010661839,0.009977256672920343
4.305,1038.1626515946646,36.13430906384731,0.0,0.2,0.2,20.249999999999996,0.8,0.8,900.0,0.003,0.01,7,0.5,0.009701503,0.009958449412159471
4.308,1038.2677758408174,35.9836632485282,0.0,0.2,0.2,20.249999999999996,0.8,0.8,900.0,0.003,0.01,7,0.5,0.00921269,0.009938959922743516
4.311,1038.3727069020417,35.84294648785071,0.0,0.2,0.2,20.249999999999996,0.8,0.8,900.0,0.003,0.01,6,0.5,0.010220946,0.009990812521300059
4.314,1038.4782003117461,36.24292008346343,0.0,0.2,0.2,20.249999999999996,0.8,0.8,900.0,0.003,0.01,7,0.5,0.009339711,0.009973252598878171
4.317,1038.5835192226186,36.080556649218636,0.0,0.2,0.2,20.249999999999996,0.8,0.8,900.0,0.003,0.01,7,0.5,0.009324521,0.00995400812189733
4.32,1038.688645030578,35.92915406502139,0.0,0.2,0.2,20.249999999999996,0.8,0.8,900.0,0.003,0.01,7,0.5,0.011364692,0.009934120469441815
4.323,1038.7935725966822,35.78786436484419,0.0,0.2,0.2,20.249999999999996,0.8,0.8,900.0,0.003,0.01,6,0.5,0.008440957,0.00998570672074745
4.3260000000000005,1038.8990592740106,36.18683569583249,0.0,0.2,0.2,20.249999999999996,0.8,0.8,900.0,0.003,0.01,7,0.5,0.00923746,0.009967806007735133
4.329,1039.0043670638274,36.02420126676075,0.0,0.2,0.2,20.249999999999996,0.8,0.8,900.0,0.003,0.01,7,0.5,0.010778699,0.009948254730928394
4.332,1039.1094777530557,35.87267135671945,0.0,0.2,0.2,20.249999999999996,0.8,0.8,900.0,0.003,0.01,6,0.5,0.008464726,0.009999725665224281
4.335,1039.2151442913962,36.264080444475724,0.0,0.2,0.2,20.249999999999996,0.8,0.8,900.0,0.003,0.01,7,0.5,0.009354631,0.009981186957099547
4.338,1039.3206234278982,36.09268653110124,0.0,0.2,0.2,20.249999999999996,0.8,0.8,900.0,0.003,0.01,7,0.5,0.011203112,0.009960709909552322
4.341,1039.4258946678083,35.93317222460705,0.0,0.2,0.2,20.249999999999996,0.8,0.8,900.0,0.003,0.01,7,0.5,0.00932342,0.00993949000755092
4.344,1039.5309523838025,35.78458256463325,0.0,0.2,0.2,20.249999999999996,0.8,0.8,900.0,0.003,0.01,6,0.5,0.008488796,0.0099900012344523
4.347,1039.6365576363223,36.1774421641389,0.0,0.2,0.2,20.249999999999996,0.8,0.8,900.0,0.003,0.01,7,0.5,0.01098296,0.009970794384499491
4.3500000000000005,1039.7419695540914,36.00869987337487,0.0,0.2,0.2,20.249999999999996,0.8,0.8,900.0,0.003,0.01,7,0.5,0.009117129,0.009950015005188379
4.353,1039.8471708866612,35.851682809905164,0.0,0.2,0.2,20.249999999999996,0.8,0.8,900.0,0.003,0.01,7,0.5,0.009495552,0.00992870928058873
4.356,1039.9521579376583,35.70546356195038,0.0,0.2,0.2,20.249999999999996,0.8,0.8,900.0,0.003,0.01,6,0.5,0.009869244,0.00997930629411581
4.359,1040.0576937226695,36.0994450807074,0.0,0.2,0.2,20.249999999999996,0.8,0.8,900.0,0.003,0.01,7,0.5,0.009077,0.009960197739471752
4.362,1040.1630371015526,35.93289618640798,0.0,0.2,0.2,20.249999999999996,0.8,0.8,900.0,0.003,0.01,7,0.5,0.009407971,0.00993956412319962
4.365,1040.268171286684,35.77796541512685,0.0,0.2,0.2,20.249999999999996,0.8,0.8,900.0,0.003,0.01,6,0.5,0.009755323,0.009990332724234352
4.368,1040.3738543336672,36.16547066260613,0.0,0.2,0.2,20.249999999999996,0.8,0.8,900.0,0.003,0.01,7,0.5,0.0092271,0.009970896163943168
4.371,1040.4793401432862,35.99141061959668,0.0,0.2,0.2,20.249999999999996,0.8,0.8,900.0,0.003,0.01,7,0.5,0.009337801,0.009949629440069817
4.374,1040.584609474558,35.829599962309395,0.0,0.2,0.2,20.249999999999996,0.8,0.8,900.0,0.003,0.01,6,0.5,0.009671423,0.009999763169516073
4.377,1040.690421122902,36.21183729526195,0.0,0.2,0.2,20.249999999999996,0.8,0.8,900.0,0.003,0.01,7,0.5,0.00913189,0.009979493796179023
4.38,1040.7960269409502,36.031760989673415,0.0,0.2,0.2,20.249999999999996,0.8,0.8,900.0,0.003,0.01,7,0.5,0.00917361,0.00995739478920462
4.383,1040.90140787869,35.86439790053183,0.0,0.2,0.2,20.249999999999996,0.8,0.8,900.0,0.003,0.01,7,0.5,0.010549207,0.009934677784350615
4.386,1041.0065599375632,35.708689472822265,0.0,0.2,0.2,20.249999999999996,0.8,0.8,900.0,0.003,0.01,6,0.5,0.008601916,0.00998419390571364
4.389,1041.1122507816362,36.09452564516334,0.0,0.2,0.2,20.249999999999996,0.8,0.8,900.0,0.003,0.01,7,0.5,0.009531552,0.009963725489299486
4.392,1041.217735884378,35.919664177521994,0.0,0.2,0.2,20.249999999999996,0.8,0.8,900.0,0.003,0.01,7,0.5,0.01093153,0.009941825596082225
4.3950000000000005,1041.3229996179875,35.757058019118716,0.0,0.2,0.2,20.249999999999996,0.8,0.8,900.0,0.003,0.01,6,0.5,0.008499866,0.009991715444601283
4.398,1041.4288049732402,36.1376113337202,0.0,0.2,0.2,20.249999999999996,0.8,0.8,900.0,0.003,0.01,7,0.5,0.009609942,0.009971185263961077
4.401,1041.5344030820456,35.95673588344113,0.0,0.2,0.2,20.249999999999996,0.8,0.8,900.0,0.003,0.01,7,0.5,0.010639309,0.009948930166369573
4.404,1041.6397759048652,35.78858362033432,0.0,0.2,0.2,20.249999999999996,0.8,0.8,900.0,0.003,0.01,6,0.5,0.008508626,0.009998427792005458
4.407,1041.745686709152,36.164717180123105,0.0,0.2,0.2,20.249999999999996,0.8,0.8,900.0,0.003,0.01,7,0.5,0.009387082,0.009977331525173041
4.41,1041.8513848391422,35.978917946842735,0.0,0.2,0.2,20.249999999999996,0.8,0.8,900.0,0.003,0.01,7,0.5,0.011039501,0.009954495206462664
4.413,1041.9568522353443,35.80617662133291,0.0,0.2,0.2,20.249999999999996,0.8,0.8,900.0,0.003,0.01,7,0.5,0.009117539,0.009931118554264035
4.416,1042.0620858225777,35.64538652839624,0.0,0.2,0.2,20.249999999999996,0.8,0.8,900.0,0.003,0.01,6,0.5,0.008602587,0.009980270121561448
4.4190000000000005,1042.1678570434851,36.025862701219594,0.0,0.2,0.2,20.249999999999996,0.8,0.8,900.0,0.003,0.01,7,0.5,0.010541208,0.009959260656905888
4.422,1042.273419019505,35.84628049765764,0.0,0.2,0.2,20.249999999999996,0.8,0.8,900.0,0.003,0.01,7,0.5,0.009400501,0.009936882495558054
4.425,1042.3787567904737,35.67916339389269,0.0,0.2,0.2,20.249999999999996,0.8,0.8,900.0,0.003,0.01,6,0.5,0.008578017,0.009986549267483566
4.428,1042.4846366508852,36.054639511645334,0.0,0.2,0.2,20.249999999999996,0.8,0.8,900.0,0.003,0.01,7,0.5,0.010668509,0.009965619839849045
4.431,1042.5903073884383,35.869486975138436,0.0,0.2,0.2,20.249999999999996,0.8,0.8,900.0,0.003,0.01,7,0.5,0.009398191,0.009943012654101994
4.434,1042.695751428095,35.69719631977211,0.0,0.2,0.2,20.249999999999996,0.8,0.8,900.0,0.003,0.01,6,0.5,0.008488176,0.009992386800034347
4.437,1042.801735013852,36.068385421885125,0.0,0.2,0.2,20.249999999999996,0.8,0.8,900.0,0.003,0.01,7,0.5,0.01106175,0.009970991187778756
4.44,1042.9075051339153,35.87858246438596,0.0,0.2,0.2,20.249999999999996,0.8,0.8,900.0,0.003,0.01,7,0.5,0.009322411,0.009947889019327917
4.4430000000000005,1043.0130440166683,35.70192330057588,0.0,0.2,0.2,20.249999999999996,0.8,0.8,900.0,0.003,0.01,6,0.5,0.008489316,0.009996874121359666
4.446,1043.1191192334113,36.069335415315194,0.0,0.2,0.2,20.249999999999996,0.8,0.8,900.0,0.003,0.01,7,0.5,0.010598818,0.00997498665458434
4.449,1043.2249765648396,35.87556237487251,0.0,0.2,0.2,20.249999999999996,0.8,0.8,900.0,0.003,0.01,7,0.5,0.009534103,0.00995141330395606
4.452,1043.3305984382139,35.695154285650744,0.0,0.2,0.2,20.249999999999996,0.8,0.8,900.0,0.003,0.01,7,0.5,0.00916209,0.009927348474145607
4.455,1043.4359822737904,35.52696620005587,0.0,0.2,0.2,20.249999999999996,0.8,0.8,900.0,0.003,0.01,6,0.5,0.010028145,0.009976138646457945
4.458,1043.5419036008436,35.89927103443625,0.0,0.2,0.2,20.249999999999996,0.8,0.8,900.0,0.003,0.01,7,0.5,0.00918535,0.009954505403769551
4.461,1043.6476120474392,35.712629677902086,0.0,0.2,0.2,20.249999999999996,0.8,0.8,900.0,0.003,0.01,7,0.5,0.009380101,0.00993154305064589
4.464,1043.7530929000366,35.53865611091594,0.0,0.2,0.2,20.249999999999996,0.8,0.8,900.0,0.003,0.01,6,0.5,0.010221176,0.009980922018864932
4.4670000000000005,1043.859116216015,35.90618255012152,0.0,0.2,0.2,20.249999999999996,0.8,0.8,900.0,0.003,0.01,7,0.5,0.009272151,0.009959438278373528
4.47,1043.964927198133,35.71444416300355,0.0,0.2,0.2,20.249999999999996,0.8,0.8,900.0,0.003,0.01,7,0.5,0.009370201,0.009936304376546209
4.473,1044.0705083629257,35.535727010058224,0.0,0.2,0.2,20.249999999999996,0.8,0.8,900.0,0.003,0.01,6,0.5,0.010243525,0.009985431875830068
4.476,1044.1766295360999,35.8991198999786,0.0,0.2,0.2,20.249999999999996,0.8,0.8,900.0,0.003,0.01,7,0.5,0.009297711,0.009963518154233875
4.479,1044.2825339983285,35.70311977473944,0.0,0.2,0.2,20.249999999999996,0.8,0.8,900.0,0.003,0.01,7,0.5,0.009630512,0.009939914397099365
4.482,1044.388203921295,35.52039664460855,0.0,0.2,0.2,20.249999999999996,0.8,0.8,900.0,0.003,0.01,6,0.5,0.009806433,0.009988665295917364
4.485,1044.4944103439248,35.88013765205135,0.0,0.2,0.2,20.249999999999996,0.8,0.8,900.0,0.003,0.01,7,0.5,0.009577262,0.009966266380438394
4.488,1044.600395199515,35.68051931885648,0.0,0.2,0.2,20.249999999999996,0.8,0.8,900.0,0.003,0.01,7,0.5,0.009508882,0.009942189838155022
4.491,1044.7061407438073,35.49438915531349,0.0,0.2,0.2,20.249999999999996,0.8,0.8,900.0,0.003,0.01,6,0.5,0.009783764,0.009990583805328922
4.494,1044.812419408047,35.85088507323854,0.0,0.2,0.2,20.249999999999996,0.8,0.8,900.0,0.003,0.01,7,0.5,0.009446481,0.009967736718505761
4.497,1044.9184719184996,35.64819639242712,0.0,0.2,0.2,20.249999999999996,0.8,0.8,900.0,0.003,0.01,7,0.5,0.009358051,0.009943231067206227
4.5,1045.0242806640067,35.459177895749065,0.0,0.2,0.2,20.249999999999996,0.8,0.8,900.0,0.003,0.01,6,0.5,0.009944755,0.00999130711815324
4.503,1045.1306194169895,35.812789719292915,0.0,0.2,0.2,20.249999999999996,0.8,0.8,900.0,0.003,0.01,7,0.5,0.009857283,0.009968055993075028
4.506,1045.2367277165206,35.607513739532216,0.0,0.2,0.2,20.249999999999996,0.8,0.8,900.0,0.003,0.01,7,0.5,0.00924533,0.009943162428908327
4.509,1045.3425880456655,35.416069460588275,0.0,0.2,0.2,20.249999999999996,0.8,0.8,900.0,0.003,0.01,6,0.5,0.010551498,0.009990952481236942
4.5120000000000005,1045.4489754441397,35.76713040929528,0.0,0.2,0.2,20.249999999999996,0.8,0.8,900.0,0.003,0.01,7,0.5,0.009438642,0.0099673332221068
4.515,1045.5551283143209,35.55970901820979,0.0,0.2,0.2,20.249999999999996,0.8,0.8,900.0,0.003,0.01,7,0.5,0.009438502,0.009942088669925082
4.518,1045.6610292581026,35.366263959343975,0.0,0.2,0.2,20.249999999999996,0.8,0.8,900.0,0.003,0.01,6,0.5,0.010119715,0.00998962500938508
4.521,1045.7674545522038,35.71508530047485,0.0,0.2,0.2,20.249999999999996,0.8,0.8,900.0,0.003,0.01,7,0.5,0.009711034,0.009965675211536008
4.524,1045.8736414985053,35.5059157720993,0.0,0.2,0.2,20.249999999999996,0.8,0.8,900.0,0.003,0.01,7,0.5,0.009437921,0.009940115985138479
4.527,1045.9795728041279,35.31084869606929,0.0,0.2,0.2,20.249999999999996,0.8,0.8,900.0,0.003,0.01,6,0.5,0.010402196,0.009987429262891522
4.53,1046.0860259338524,35.657711649222456,0.0,0.2,0.2,20.249999999999996,0.8,0.8,900.0,0.003,0.01,7,0.5,0.009405061,0.009963182681300572
4.533,1046.1922371019625,35.44714408783821,0.0,0.2,0.2,20.249999999999996,0.8,0.8,900.0,0.003,0.01,7,0.5,0.009358451,0.009937341308962625
4.5360000000000005,1046.2981891080606,35.25078919279746,0.0,0.2,0.2,20.249999999999996,0.8,0.8,900.0,0.003,0.01,6,0.5,0.010063205,0.00998445787175928
4.539,1046.4046605630306,35.59594993959316,0.0,0.2,0.2,20.249999999999996,0.8,0.8,900.0,0.003,0.01,7,0.5,0.009435771,0.009959942934182741
4.542,1046.5108866243663,35.38429905201299,0.0,0.2,0.2,20.249999999999996,0.8,0.8,900.0,0.003,0.01,7,0.5,0.009119659,0.009933847706219249
4.545,1046.6168502020378,35.18695872935689,0.0,0.2,0.2,20.249999999999996,0.8,0.8,900.0,0.003,0.01,6,0.5,0.009856253,0.0099807933899967
4.548,1046.7233310510837,35.530652972060444,0.0,0.2,0.2,20.249999999999996,0.8,0.8,900.0,0.003,0.01,7,0.5,0.009521752,0.009956041591494363
4.551,1046.829563311694,35.318192926531935,0.0,0.2,0.2,20.249999999999996,0.8,0.8,900.0,0.003,0.01,7,0.5,0.009741593,0.009929725084936466
4.554,1046.9355300103973,35.120123498145176,0.0,0.2,0.2,20.249999999999996,0.8,0.8,900.0,0.003,0.01,6,0.5,0.010180995,0.009976528325394895
4.557,1047.0420120098786,35.46255236246837,0.0,0.2,0.2,20.249999999999996,0.8,0.8,900.0,0.003,0.01,7,0.5,0.009369361,0.009951569189357828
4.5600000000000005,1047.1482424491244,35.249511176776686,0.0,0.2,0.2,20.249999999999996,0.8,0.8,900.0,0.003,0.01,6,0.5,0.008971009,0.00999861146445113
4.563,1047.2549882679068,35.580984472115034,0.0,0.2,0.2,20.249999999999996,0.8,0.8,900.0,0.003,0.01,7,0.5,0.01088659,0.009973245837352656
4.566,1047.3614751726977,35.35499401085581,0.0,0.2,0.2,20.249999999999996,0.8,0.8,900.0,0.003,0.01,7,0.5,0.009093929,0.009945763557790331
4.569,1047.467681352865,35.14456900766645,0.0,0.2,0.2,20.249999999999996,0.8,0.8,900.0,0.003,0.01,6,0.5,0.008594477,0.00999135691570592
4.572,1047.5743885917238,35.47711416391786,0.0,0.2,0.2,20.249999999999996,0.8,0.8,900.0,0.003,0.01,7,0.5,0.010658598,0.009964792251302826
4.575,1047.680825726286,35.253403700305,0.0,0.2,0.2,20.249999999999996,0.8,0.8,900.0,0.003,0.01,7,0.5,0.009414631,0.009936650514491675
4.578,1047.7869758889365,35.045040847564714,0.0,0.2,0.2,20.249999999999996,0.8,0.8,900.0,0.003,0.01,6,0.5,0.008479026,0.009982001922803274
4.581,1047.8936248150465,35.37832932496802,0.0,0.2,0.2,20.249999999999996,0.8,0.8,900.0,0.003,0.01,7,0.5,0.010840269,0.009955306052580059
4.5840000000000005,1048.0000019183512,35.15646513837894,0.0,0.2,0.2,20.249999999999996,0.8,0.8,900.0,0.003,0.01,7,0.5,0.00914944,0.009927158174850261
4.587,1048.106091379456,34.94983147261204,0.0,0.2,0.2,20.249999999999996,0.8,0.8,900.0,0.003,0.01,6,0.5,0.00919317,0.009972599429438922
4.59,1048.2126800970002,35.283681130258444,0.0,0.2,0.2,20.249999999999996,0.8,0.8,900.0,0.003,0.01,7,0.5,0.010683078,0.00994598204692379
4.593,1048.3189970021544,35.06340376948827,0.0,0.2,0.2,20.249999999999996,0.8,0.8,900.0,0.003,0.01,6,0.5,0.008637108,0.009991818576628914
4.596,1048.4258148177084,35.387307456813595,0.0,0.2,0.2,20.249999999999996,0.8,0.8,900.0,0.003,0.01,7,0.5,0.00919784,0.009964965877009367
4.599,1048.5323552087366,35.155277522596705,0.0,0.2,0.2,20.249999999999996,0.8,0.8,900.0,0.003,0.01,7,0.5,0.01100495,0.009936105867125363
4.602,1048.6385974792092,34.93943067711984,0.0,0.2,0.2,20.249999999999996,0.8,0.8,900.0,0.003,0.01,6,0.5,0.008593917,0.009980721663324893
4.605,1048.7453287435565,35.26579340544825,0.0,0.2,0.2,20.249999999999996,0.8,0.8,900.0,0.003,0.01,7,0.5,0.009562622,0.00995292705836295
4.6080000000000005,1048.8517741264213,35.03764224206237,0.0,0.2,0.2,20.249999999999996,0.8,0.8,900.0,0.003,0.01,6,0.5,0.010149615,0.009997763866460244
4.611,1048.9587090055988,35.35501235681632,0.0,0.2,0.2,20.249999999999996,0.8,0.8,900.0,0.003,0.01,7,0.5,0.009631503,0.009969689120836562
4.614,1049.0653523775622,35.116260772848676,0.0,0.2,0.2,20.249999999999996,0.8,0.8,900.0,0.003,0.01,7,0.5,0.009437642,0.00993965600000867
4.617,1049.171684138941,34.89430051628588,0.0,0.2,0.2,20.249999999999996,0.8,0.8,900.0,0.003,0.01,6,0.5,0.009904924,0.0099833598516325
4.62,1049.2784946814863,35.215404688419625,0.0,0.2,0.2,20.249999999999996,0.8,0.8,900.0,0.003,0.01,7,0.5,0.00914601,0.009954496137967858
4.623,1049.3850070524647,34.982052242358975,0.0,0.2,0.2,20.249999999999996,0.8,0.8,900.0,0.003,0.01,6,0.5,0.008692528,0.009998524850428181
4.626,1049.4919998256719,35.29484101311607,0.0,0.2,0.2,20.249999999999996,0.8,0.8,900.0,0.003,0.01,7,0.5,0.01088503,0.00996950179828989
4.6290000000000004,1049.5986900757625,35.05169806389581,0.0,0.2,0.2,20.249999999999996,0.8,0.8,900.0,0.003,0.01,7,0.5,0.00918079,0.009938593421717335
4.632,1049.7050584628437,34.825777604630574,0.0,0.2,0.2,20.249999999999996,0.8,0.8,900.0,0.003,0.01,6,0.5,0.008730808,0.009981650915421983
4.635,1049.8118982633334,35.143217034579465,0.0,0.2,0.2,20.249999999999996,0.8,0.8,900.0,0.003,0.01,7,0.5,0.010665148,0.009952018666800603
4.638,1049.9184307957603,34.90654324768586,0.0,0.2,0.2,20.249999999999996,0.8,0.8,900.0,0.003,0.01,6,0.5,0.008790247,0.009995492896677815
4.641,1050.0254373166122,35.216147729712404,0.0,0.2,0.2,20.249999999999996,0.8,0.8,900.0,0.003,0.01,7,0.5,0.00920796,0.00996579722555818
4.644,1050.1321332154587,34.970246423407126,0.0,0.2,0.2,20.249999999999996,0.8,0.8,900.0,0.003,0.01,7,0.5,0.01100365,0.009934272644746481
4.647,1050.23849972527,34.74186844562736,0.0,0.2,0.2,20.249999999999996,0.8,0.8,900.0,0.003,0.01,6,0.5,0.008609116,0.009976895792165567
4.65,1050.345332488366,35.05676724739326,0.0,0.2,0.2,20.249999999999996,0.8,0.8,900.0,0.003,0.01,7,0.5,0.009324461,0.009946718475370073
4.6530000000000005,1050.4518511833712,34.81807290987397,0.0,0.2,0.2,20.249999999999996,0.8,0.8,900.0,0.003,0.01,6,0.5,0.010627238,0.009989817023156553
4.656,1050.558839274566,35.125478003221986,0.0,0.2,0.2,20.249999999999996,0.8,0.8,900.0,0.003,0.01,7,0.5,0.009611523,0.00995963569146779
4.659,1050.6655105154239,34.87795455540069,0.0,0.2,0.2,20.249999999999996,0.8,0.8,900.0,0.003,0.01,7,0.5,0.009285501,0.009927663809802617
4.662,1050.7718464963402,34.64817506293542,0.0,0.2,0.2,20.249999999999996,0.8,0.8,900.0,0.003,0.01,6,0.5,0.010056075,0.009969983842850971
4.665,1050.8786448349483,34.961354928837586,0.0,0.2,0.2,20.249999999999996,0.8,0.8,900.0,0.003,0.01,7,0.5,0.009532202,0.009939397724404596
4.668,1050.9851236237118,34.7215875059053,0.0,0.2,0.2,20.249999999999996,0.8,0.8,900.0,0.003,0.01,6,0.5,0.008890608,0.009982228735879395
4.671,1051.0920682386136,35.027546961774206,0.0,0.2,0.2,20.249999999999996,0.8,0.8,900.0,0.003,0.01,7,0.5,0.011097431,0.009951675593672557
4.674,1051.198690872726,34.77926682385454,0.0,0.2,0.2,20.249999999999996,0.8,0.8,900.0,0.003,0.01,6,0.5,0.008511207,0.009994141419238321
4.6770000000000005,1051.3057738796513,35.07903959621213,0.0,0.2,0.2,20.249999999999996,0.8,0.8,900.0,0.003,0.01,7,0.5,0.009547592,0.009962844028189161
4.68,1051.4125257944231,34.82351954841116,0.0,0.2,0.2,20.249999999999996,0.8,0.8,900.0,0.003,0.01,7,0.5,0.011135711,0.009929636888330021
4.683,1051.518927437635,34.58657594207722,0.0,0.2,0.2,20.249999999999996,0.8,0.8,900.0,0.003,0.01,6,0.5,0.008566337,0.009970940938844335
4.686,1051.6257797046067,34.89384253690493,0.0,0.2,0.2,20.249999999999996,0.8,0.8,900.0,0.003,0.01,7,0.5,0.009233591,0.009939100242202247
4.689,1051.7322976865794,34.64810051911535,0.0,0.2,0.2,20.249999999999996,0.8,0.8,900.0,0.003,0.01,6,0.5,0.009766013,0.009980973655312024
4.692,1051.8392705973401,34.94902923944212,0.0,0.2,0.2,20.249999999999996,0.8,0.8,900.0,0.003,0.01,7,0.5,0.009420761,0.009949272110743557
4.695,1051.9459080684553,34.69582275831692,0.0,0.2,0.2,20.249999999999996,0.8,0.8,900.0,0.003,0.01,6,0.5,0.008528777,0.009990890106620975
4.698,1052.0529962553967,34.99134327378237,0.0,0.2,0.2,20.249999999999996,0.8,0.8,900.0,0.003,0.01,7,0.5,0.01104,0.00995857533334595
4.7010000000000005,1052.1597413344296,34.731812242698396,0.0,0.2,0.2,20.249999999999996,0.8,0.8,900.0,0.003,0.01,6,0.5,0.008637077,0.009999554117079671
4.704,1052.2669298686487,35.02269390215444,0.0,0.2,0.2,20.249999999999996,0.8,0.8,900.0,0.003,0.01,7,0.5,0.009608673,0.0099664185677332
4.707,1052.37376616552,34.75776753587499,0.0,0.2,0.2,20.249999999999996,0.8,0.8,900.0,0.003,0.01,7,0.5,0.010871209,0.009931455854776405
4.71,1052.4802320780798,34.512406425634026,0.0,0.2,0.2,20.249999999999996,0.8,0.8,900.0,0.003,0.01,6,0.5,0.008684097,0.009971415977537038
4.713,1052.5871337408037,34.81282604821819,0.0,0.2,0.2,20.249999999999996,0.8,0.8,900.0,0.003,0.01,7,0.5,0.009535662,0.009937988198937573
4.716,1052.693682996057,34.56008470190614,0.0,0.2,0.2,20.249999999999996,0.8,0.8,900.0,0.003,0.01,6,0.5,0.010144975,0.009978685940533558
4.719,1052.8006741601462,34.85522091130446,0.0,0.2,0.2,20.249999999999996,0.8,0.8,900.0,0.003,0.01,7,0.5,0.009688712,0.009945588742655151
4.722,1052.907313839894,34.59627350337118,0.0,0.2,0.2,20.249999999999996,0.8,0.8,900.0,0.003,0.01,6,0.5,0.008762148,0.009986192273568905
4.7250000000000005,1053.014392958245,34.88693702638183,0.0,0.2,0.2,20.249999999999996,0.8,0.8,900.0,0.003,0.01,7,0.5,0.011301041,0.009952658414996084
4.728,1053.1211148300717,34.62277253571719,0.0,0.2,0.2,20.249999999999996,0.8,0.8,900.0,0.003,0.01,6,0.5,0.00928097,0.009992769042183386
4.731,1053.2282704555091,34.9096249073295,0.0,0.2,0.2,20.249999999999996,0.8,0.8,900.0,0.003,0.01,7,0.5,0.009526942,0.009958571626702165
4.734,1053.3350614072808,34.64103944052162,0.0,0.2,0.2,20.249999999999996,0.8,0.8,900.0,0.003,0.01,6,0.5,0.010081275,0.009998115211711246
4.737,1053.442280027781,34.92463359719828,0.0,0.2,0.2,20.249999999999996,0.8,0.8,900.0,0.003,0.01,7,0.5,0.009438992,0.00996324953819621
4.74,1053.5491267447026,34.65229365417741,0.0,0.2,0.2,20.249999999999996,0.8,0.8,900.0,0.003,0.01,7,0.5,0.009395921,0.009926687788524492
4.743,1053.6555848446928,34.400414290268046,0.0,0.2,0.2,20.249999999999996,0.8,0.8,900.0,0.003,0.01,6,0.5,0.010066065,0.009965482816457724
4.746,1053.7624660076742,34.6953946200015,0.0,0.2,0.2,20.249999999999996,0.8,0.8,900.0,0.003,0.01,7,0.5,0.009968574,0.009930649019741509
4.749,1053.8689787181593,34.43739831182925,0.0,0.2,0.2,20.249999999999996,0.8,0.8,900.0,0.003,0.01,6,0.5,0.008710348,0.00997035900492561
4.752,1053.9759225703458,34.72803782183565,0.0,0.2,0.2,20.249999999999996,0.8,0.8,900.0,0.003,0.01,7,0.5,0.011029971,0.009936047386302932
4.755,1054.082500967683,34.46494862880777,0.0,0.2,0.2,20.249999999999996,0.8,0.8,900.0,0.003,0.01,6,0.5,0.008694127,0.00997582254328223
4.758,1054.189509773067,34.75193852937581,0.0,0.2,0.2,20.249999999999996,0.8,0.8,900.0,0.003,0.01,7,0.5,0.009402342,0.009941245652529726
4.761,1054.2961492340064,34.484593687204786,0.0,0.2,0.2,20.249999999999996,0.8,0.8,900.0,0.003,0.01,6,0.5,0.009973865,0.009980670688239785
4.764,1054.403214984109,34.768482144630184,0.0,0.2,0.2,20.249999999999996,0.8,0.8,900.0,0.003,0.01,7,0.5,0.009602512,0.009945582152544638
4.767,1054.5099056274196,34.49753962145128,0.0,0.2,0.2,20.249999999999996,0.8,0.8,900.0,0.003,0.01,6,0.5,0.008569767,0.009984564781590615
4.7700000000000005,1054.6170178460359,34.77877911374857,0.0,0.2,0.2,20.249999999999996,0.8,0.8,900.0,0.003,0.01,7,0.5,0.011191611,0.00994893870700016
4.773,1054.723749177381,34.504787995791496,0.0,0.2,0.2,20.249999999999996,0.8,0.8,900.0,0.003,0.01,6,0.5,0.008528637,0.009987495328130947
4.776,1054.8308976774154,34.783764283475165,0.0,0.2,0.2,20.249999999999996,0.8,0.8,900.0,0.003,0.01,7,0.5,0.009370161,0.00995137426249175
4.779,1054.9376600515939,34.507193262687466,0.0,0.2,0.2,20.249999999999996,0.8,0.8,900.0,0.003,0.01,6,0.5,0.009805283,0.009989551758950306
4.782,1055.0448357339571,34.78423797561519,0.0,0.2,0.2,20.249999999999996,0.8,0.8,900.0,0.003,0.01,7,0.5,0.009420652,0.009952992956436972
4.785,1055.1516206982062,34.50549177109605,0.0,0.2,0.2,20.249999999999996,0.8,0.8,900.0,0.003,0.01,6,0.5,0.008704958,0.009990842372793525
4.788,1055.2588156769473,34.780892687866995,0.0,0.2,0.2,20.249999999999996,0.8,0.8,900.0,0.003,0.01,7,0.5,0.01103381,0.009953903293736943
4.791,1055.3656159699144,34.500321536028714,0.0,0.2,0.2,20.249999999999996,0.8,0.8,900.0,0.003,0.01,6,0.5,0.008747548,0.009991472789959955
4.7940000000000005,1055.472823504758,34.77432724785907,0.0,0.2,0.2,20.249999999999996,0.8,0.8,900.0,0.003,0.01,7,0.5,0.009632123,0.009954205150077517
4.797,1055.5796329469142,34.49223373237722,0.0,0.2,0.2,20.249999999999996,0.8,0.8,900.0,0.003,0.01,6,0.5,0.010064705,0.009991537540716734
4.8,1055.6868473237794,34.76505841155416,0.0,0.2,0.2,20.249999999999996,0.8,0.8,900.0,0.003,0.01,7,0.5,0.009512211,0.009953987693614512
4.803,1055.7936607112817,34.48170250448327,0.0,0.2,0.2,20.249999999999996,0.8,0.8,900.0,0.003,0.01,6,0.5,0.008690817,0.009991122432856476
4.806,1055.9008771632384,34.75352843733297,0.0,0.2,0.2,20.249999999999996,0.8,0.8,900.0,0.003,0.01,7,0.5,0.011110021,0.009953332623002568
4.809,1056.0076901878513,34.46913089814925,0.0,0.2,0.2,20.249999999999996,0.8,0.8,900.0,0.003,0.01,6,0.5,0.008510537,0.00999030373324728
4.812,1056.1149047829035,34.74011198014152,0.0,0.2,0.2,20.249999999999996,0.8,0.8,900.0,0.003,0.01,7,0.5,0.009256,0.009952310164790774
4.815,1056.221713922539,34.45485987997348,0.0,0.2,0.2,20.249999999999996,0.8,0.8,900.0,0.003,0.01,6,0.5,0.010031425,0.009989147711707724
4.8180000000000005,1056.3289234803444,34.725125221037096,0.0,0.2,0.2,20.249999999999996,0.8,0.8,900.0,0.003,0.01,7,0.5,0.009600042,0.009950982113399258
4.821,1056.4357259181381,34.439176744186035,0.0,0.2,0.2,20.249999999999996,0.8,0.8,900.0,0.003,0.01,6,0.5,0.008827997,0.009987711902668832
4.824,1056.5429279156845,34.70883497280124,0.0,0.2,0.2,20.249999999999996,0.8,0.8,900.0,0.003,0.01,7,0.5,0.0109809,0.009949400553597883
4.827,1056.6497214268209,34.42232491773586,0.0,0.2,0.2,20.249999999999996,0.8,0.8,900.0,0.003,0.01,6,0.5,0.008743968,0.009986043300972464
4.83,1056.7569138903577,34.691468614003185,0.0,0.2,0.2,20.249999999999996,0.8,0.8,900.0,0.003,0.01,7,0.5,0.009626573,0.009947609449028089
4.833,1056.8636967871007,34.4045120994248,0.0,0.2,0.2,20.249999999999996,0.8,0.8,900.0,0.003,0.01,6,0.5,0.010453767,0.009984185652075137
4.836,1056.9708782756356,34.67321774263934,0.0,0.2,0.2,20.249999999999996,0.8,0.8,900.0,0.003,0.01,7,0.5,0.009267301,0.009945651203153516
4.839,1057.0776493782923,34.38591004099773,0.0,0.2,0.2,20.249999999999996,0.8,0.8,900.0,0.003,0.01,6,0.5,0.008687428,0.009982178412694743
4.8420000000000005,1057.1848189233065,34.65423947496553,0.0,0.2,0.2,20.249999999999996,0.8,0.8,900.0,0.003,0.01,7,0.5,0.011883345,0.009943561487258305
4.845,1057.291577486558,34.36665894639374,0.0,0.2,0.2,20.249999999999996,0.8,0.8,900.0,0.003,0.01,6,0.5,0.008443276,0.009980054628410815
4.848,1057.3987345346181,34.63466151702386,0.0,0.2,0.2,20.249999999999996,0.8,0.8,900.0,0.003,0.01,7,0.5,0.010155156,0.009941371571741162
4.851,1057.5054802225636,34.34687211433475,0.0,0.2,0.2,20.249999999999996,0.8,0.8,900.0,0.003,0.01,6,0.5,0.009938485,0.009977845991304142
4.854,1057.6126246407653,34.614583779598895,0.0,0.2,0.2,20.249999999999996,0.8,0.8,900.0,0.003,0.01,7,0.5,0.009449351,0.009939113933400669
4.857,1057.7193575305353,34.32663019518993,0.0,0.2,0.2,20.249999999999996,0.8,0.8,900.0,0.003,0.01,6,0.5,0.008632177,0.009975582715918266
4.86,1057.8264895572242,34.594071936477874,0.0,0.2,0.2,20.249999999999996,0.8,0.8,900.0,0.003,0.01,7,0.5,0.010759979,0.009936814561664991
4.863,1057.9332100505983,34.30598534065043,0.0,0.2,0.2,20.249999999999996,0.8,0.8,900.0,0.003,0.01,6,0.5,0.008899128,0.009973287473339242
4.866,1058.040330213836,34.57316903642699,0.0,0.2,0.2,20.249999999999996,0.8,0.8,900.0,0.003,0.01,7,0.5,0.009535982,0.00993449238482686
4.869,1058.1470389689548,34.28497177942084,0.0,0.2,0.2,20.249999999999996,0.8,0.8,900.0,0.003,0.01,6,0.5,0.009817434,0.009970976919110442
4.872,1058.2541480373472,34.551902732331605,0.0,0.2,0.2,20.249999999999996,0.8,0.8,900.0,0.003,0.01,7,0.5,0.009803624,0.0099321626415392
4.875,1058.360845933049,34.26360975035343,0.0,0.2,0.2,20.249999999999996,0.8,0.8,900.0,0.003,0.01,6,0.5,0.008515906,0.009968664765632622
4.878,1058.4679448733432,34.53028756712266,0.0,0.2,0.2,20.249999999999996,0.8,0.8,900.0,0.003,0.01,7,0.5,0.011389333,0.009929837334032738
4.881,1058.5746329645938,34.24190782721853,0.0,0.2,0.2,20.249999999999996,0.8,0.8,900.0,0.003,0.01,6,0.5,0.008702078,0.009966361532527439
4.884,1058.6817228975215,34.5083276102461,0.0,0.2,0.2,20.249999999999996,0.8,0.8,900.0,0.003,0.01,7,0.5,0.009634622,0.009927525064926439
4.8870000000000005,1058.788402364455,34.21986642273364,0.0,0.2,0.2,20.249999999999996,0.8,0.8,900.0,0.003,0.01,6,0.5,0.010071045,0.009964073584658333
4.89,1058.8954845081246,34.48602179456381,0.0,0.2,0.2,20.249999999999996,0.8,0.8,900.0,0.003,0.01,7,0.5,0.009584522,0.009925229968638725
4.893,1059.0021566066005,34.197484721856824,0.0,0.2,0.2,20.249999999999996,0.8,0.8,900.0,0.003,0.01,6,0.5,0.008402136,0.009961803966113597
4.896,1059.1092322442046,34.46337026577563,0.0,0.2,0.2,20.249999999999996,0.8,0.8,900.0,0.003,0.01,6,0.5,0.010292506,0.009999614456193053
4.899,1059.216724100839,34.71179005048912,0.0,0.2,0.2,20.249999999999996,0.8,0.8,900.0,0.003,0.01,7,0.5,0.009231781,0.009960718359304017
4.902,1059.3238024153143,34.401995652421064,0.0,0.2,0.2,20.249999999999996,0.8,0.8,900.0,0.003,0.01,6,0.5,0.008832018,0.009996508555424515
4.905,1059.4312739097961,34.65271081379836,0.0,0.2,0.2,20.249999999999996,0.8,0.8,900.0,0.003,0.01,7,0.5,0.011118261,0.00995602857452306
4.908,1059.538317355968,34.34599897832858,0.0,0.2,0.2,20.249999999999996,0.8,0.8,900.0,0.003,0.01,6,0.5,0.008707838,0.009990922528610103
4.9110000000000005,1059.6457473453954,34.598509519389175,0.0,0.2,0.2,20.249999999999996,0.8,0.8,900.0,0.003,0.01,7,0.5,0.009637153,0.00994991640659004
4.914,1059.7527460223823,34.29424605957926,0.0,0.2,0.2,20.249999999999996,0.8,0.8,900.0,0.003,0.01,6,0.5,0.010031625,0.009984691568309093
4.917,1059.8601315101237,34.548185007339214,0.0,0.2,0.2,20.249999999999996,0.8,0.8,900.0,0.003,0.01,7,0.5,0.009386811,0.009943714939121115
4.92,1059.967087092915,34.24596811485926,0.0,0.2,0.2,20.249999999999996,0.8,0.8,900.0,0.003,0.01,6,0.5,0.008839299,0.009978642389554575
4.923,1060.074431954354,34.501073245261615,0.0,0.2,0.2,20.249999999999996,0.8,0.8,900.0,0.003,0.01,7,0.5,0.011215251,0.009937855781539068
4.926,1060.1813495566835,34.2006064446067,0.0,0.2,0.2,20.249999999999996,0.8,0.8,900.0,0.003,0.01,6,0.5,0.008773017,0.009972999175430878
4.929,1060.2886593394655,34.4566687836069,0.0,0.2,0.2,20.249999999999996,0.8,0.8,900.0,0.003,0.01,7,0.5,0.009633712,0.009932425877319073
4.932,1060.3955445877916,34.15771471645398,0.0,0.2,0.2,20.249999999999996,0.8,0.8,900.0,0.003,0.01,6,0.5,0.009923095,0.009967781561470473
4.9350000000000005,1060.5028247892058,34.414562466795395,0.0,0.2,0.2,20.249999999999996,0.8,0.8,900.0,0.003,0.01,7,0.5,0.009965244,0.009927403791938978
4.938,1060.6096829234427,34.11692658156549,0.0,0.2,0.2,20.249999999999996,0.8,0.8,900.0,0.003,0.01,6,0.5,0.008718777,0.009962950285171527
4.941,1060.716938507222,34.37441595269798,0.0,0.2,0.2,20.249999999999996,0.8,0.8,900.0,0.003,0.01,6,0.5,0.009816093,0.009999782307222649
4.944,1060.82460475059,34.61475949102625,0.0,0.2,0.2,20.249999999999996,0.8,0.8,900.0,0.003,0.01,7,0.5,0.009598513,0.009959585022853028
4.947,1060.9318476059605,34.29754794265703,0.0,0.2,0.2,20.249999999999996,0.8,0.8,900.0,0.003,0.01,6,0.5,0.008557217,0.009994525779719312
4.95,1061.0394791451376,34.540951085646164,0.0,0.2,0.2,20.249999999999996,0.8,0.8,900.0,0.003,0.01,7,0.5,0.010803169,0.009952865326874337
4.953,1061.1466738363658,34.22787835754963,0.0,0.2,0.2,20.249999999999996,0.8,0.8,900.0,0.003,0.01,6,0.5,0.008579146,0.009987010958854674
4.956,1061.2542514245442,34.47376518490669,0.0,0.2,0.2,20.249999999999996,0.8,0.8,900.0,0.003,0.01,7,0.5,0.009589422,0.00994493260195432
4.9590000000000005,1061.3613897687874,34.16409182471063,0.0,0.2,0.2,20.249999999999996,0.8,0.8,900.0,0.003,0.01,6,0.5,0.009846704,0.009979045185368447
4.962,1061.4689119171169,34.41202396933112,0.0,0.2,0.2,20.249999999999996,0.8,0.8,900.0,0.003,0.01,7,0.5,0.009451712,0.009937083648566426
4.965,1061.575996829063,34.1052585046048,0.0,0.2,0.2,20.249999999999996,0.8,0.8,900.0,0.003,0.01,6,0.5,0.008650207,0.009971414719496252
4.968,1061.6834684109742,34.35491743424201,0.0,0.2,0.2,20.249999999999996,0.8,0.8,900.0,0.003,0.01,7,0.5,0.010800979,0.009929710574448001
4.971,1061.7905057568166,34.05069234170498,0.0,0.2,0.2,20.249999999999996,0.8,0.8,900.0,0.003,0.01,6,0.5,0.008621557,0.009964308947972143
4.974,1061.8979328823048,34.30182522775723,0.0,0.2,0.2,20.249999999999996,0.8,0.8,900.0,0.003,0.01,7,0.5,0.010111895,0.009922870642625186
4.977,1062.0049286624544,33.99984423983633,0.0,0.2,0.2,20.249999999999996,0.8,0.8,900.0,0.003,0.01,6,0.5,0.010293036,0.009957721275739632
4.98,1062.112317060522,34.25224339300203,0.0,0.2,0.2,20.249999999999996,0.8,0.8,900.0,0.003,0.01,6,0.5,0.009019769,0.009993867188727676
4.9830000000000005,1062.2201112878067,34.48776310254348,0.0,0.2,0.2,20.249999999999996,0.8,0.8,900.0,0.003,0.01,7,0.5,0.010328886,0.009952697140731671
4.986,1062.3274731883103,34.167404758550916,0.0,0.2,0.2,20.249999999999996,0.8,0.8,900.0,0.003,0.01,6,0.5,0.009908894,0.009987008798644736
4.989,1062.4352190951367,34.40652773033386,0.0,0.2,0.2,20.249999999999996,0.8,0.8,900.0,0.003,0.01,7,0.5,0.009600482,0.009944425681601147
4.992,1062.5425193401527,34.091055576973574,0.0,0.2,0.2,20.249999999999996,0.8,0.8,900.0,0.003,0.01,6,0.5,0.008863909,0.00997798609263464
4.995,1062.6501979173904,34.33317755653155,0.0,0.2,0.2,20.249999999999996,0.8,0.8,900.0,0.003,0.01,7,0.5,0.01093048,0.009935036155444294
4.998,1062.7574285776177,34.02179780957738,0.0,0.2,0.2,20.249999999999996,0.8,0.8,900.0,0.003,0.01,6,0.5,0.008803628,0.009968606605514052
5.001,1062.865038581197,34.266443422287594,0.0,0.2,0.2,20.249999999999996,0.8,0.8,900.0,0.003,0.01,7,0.5,0.010038505,0.009925822344362968
