time,density,kinetic_energy,fluid_viscosity,boundary_viscosity,fluid_depth,rest_density_grid_spacing,smoothing_length,rest_density,time_step_size,solver_iterations,relaxation_factor,time_step_wall_clock_time,predicted_density_error
5.0,902.0708493045729,200.98414031365968,0.2,0.2,20.249999999999996,0.8,0.8,900.0,0.01,10,0.2,0.013808094,0.23289357506714295
5.01,902.0980749862546,201.77475032804745,0.2,0.2,20.249999999999996,0.8,0.8,900.0,0.01,10,0.2,0.018447091,0.23556775755135326
5.0200000000000005,902.121985575524,202.62758892385745,0.2,0.2,20.249999999999996,0.8,0.8,900.0,0.01,10,0.2,0.0148003,0.23803456817971738
5.03,902.1425128625601,203.38258601997768,0.2,0.2,20.249999999999996,0.8,0.8,900.0,0.01,10,0.2,0.014475668,0.2395634233583043
5.04,902.1578167966024,204.05851613010435,0.2,0.2,20.249999999999996,0.8,0.8,900.0,0.01,10,0.2,0.015575584,0.24055421314288142
5.05,902.1662189180245,204.66665628257275,0.2,0.2,20.249999999999996,0.8,0.8,900.0,0.01,10,0.2,0.013770773,0.2405916611406646
5.0600000000000005,902.1670012680928,205.2226120115409,0.2,0.2,20.249999999999996,0.8,0.8,900.0,0.01,10,0.2,0.014293166,0.24007503204831485
5.07,902.1626165130031,205.60842600852044,0.2,0.2,20.249999999999996,0.8,0.8,900.0,0.01,10,0.2,0.015544594,0.23889683978886947
5.08,902.1522049560364,206.0197976720533,0.2,0.2,20.249999999999996,0.8,0.8,900.0,0.01,10,0.2,0.015021431,0.23730424430126723
5.09,902.1381649102588,206.2482939476061,0.2,0.2,20.249999999999996,0.8,0.8,900.0,0.01,10,0.2,0.013854423,0.23564105031258914
5.1000000000000005,902.1232516599196,206.12888461521888,0.2,0.2,20.249999999999996,0.8,0.8,900.0,0.01,10,0.2,0.014491518,0.23426773054353306
5.11,902.1112578801249,205.30134851848,0.2,0.2,20.249999999999996,0.8,0.8,900.0,0.01,10,0.2,0.014235546,0.23321894902530974
5.12,902.1013110427842,204.6270633830637,0.2,0.2,20.249999999999996,0.8,0.8,900.0,0.01,10,0.2,0.013624722,0.23219462372027042
5.13,902.0923329129981,204.0770960698866,0.2,0.2,20.249999999999996,0.8,0.8,900.0,0.01,10,0.2,0.015280362,0.23140412748891867
5.14,902.0851754147906,203.55247369336644,0.2,0.2,20.249999999999996,0.8,0.8,900.0,0.01,10,0.2,0.013445241,0.23108257282640127
5.15,902.0818582171299,202.70939759608473,0.2,0.2,20.249999999999996,0.8,0.8,900.0,0.01,10,0.2,0.014395768,0.23093613526979812
5.16,902.0806779115392,202.18489472218673,0.2,0.2,20.249999999999996,0.8,0.8,900.0,0.01,10,0.2,0.015299713,0.23071567182121616
5.17,902.0784073791857,202.07611228831266,0.2,0.2,20.249999999999996,0.8,0.8,900.0,0.01,10,0.2,0.013441531,0.23033019065096244
5.18,902.0753476398991,202.24311763904282,0.2,0.2,20.249999999999996,0.8,0.8,900.0,0.01,10,0.2,0.016083647,0.2301983626402896
5.19,902.0737269791955,202.44277879825287,0.2,0.2,20.249999999999996,0.8,0.8,900.0,0.01,10,0.2,0.015136181,0.22990225517684815
5.2,902.0710952301082,202.59819522768984,0.2,0.2,20.249999999999996,0.8,0.8,900.0,0.01,10,0.2,0.014339377,0.2294944037534248
5.21,902.0677178475802,202.63922989410304,0.2,0.2,20.249999999999996,0.8,0.8,900.0,0.01,10,0.2,0.013858124,0.2291920896837142
5.22,902.065031744554,202.4790395203312,0.2,0.2,20.249999999999996,0.8,0.8,900.0,0.01,10,0.2,0.015492473,0.22898545496368544
5.23,902.0630449287218,202.150044928036,0.2,0.2,20.249999999999996,0.8,0.8,900.0,0.01,10,0.2,0.014176116,0.22901005739043206
5.24,902.0630832839237,201.62122484098106,0.2,0.2,20.249999999999996,0.8,0.8,900.0,0.01,10,0.2,0.014452397,0.22933694736302174
5.25,902.0664927660321,200.97477765082283,0.2,0.2,20.249999999999996,0.8,0.8,900.0,0.01,10,0.2,0.01482861,0.23013182643284746
5.26,902.0732112540555,200.43480914552785,0.2,0.2,20.249999999999996,0.8,0.8,900.0,0.01,10,0.2,0.013445182,0.23099251500246512
5.2700000000000005,902.081137219938,200.21622304123142,0.2,0.2,20.249999999999996,0.8,0.8,900.0,0.01,10,0.2,0.013919975,0.23204611757954344
5.28,902.0906997522455,200.16036880228592,0.2,0.2,20.249999999999996,0.8,0.8,900.0,0.01,10,0.2,0.01655433,0.23344696345367913
5.29,902.1033728430151,200.2479735030529,0.2,0.2,20.249999999999996,0.8,0.8,900.0,0.01,10,0.2,0.014291756,0.2350978986563515
5.3,902.1182999927106,200.522316726068,0.2,0.2,20.249999999999996,0.8,0.8,900.0,0.01,10,0.2,0.013344161,0.2369937958998142
5.3100000000000005,902.1355177050094,200.95629718963283,0.2,0.2,20.249999999999996,0.8,0.8,900.0,0.01,10,0.2,0.015409193,0.23914530612461773
5.32,902.1546283600691,201.56637788334245,0.2,0.2,20.249999999999996,0.8,0.8,900.0,0.01,10,0.2,0.01322943,0.24141957075922313
5.33,902.1751661866953,202.28639575221467,0.2,0.2,20.249999999999996,0.8,0.8,900.0,0.01,10,0.2,0.013454861,0.24354499013559747
5.34,902.194117674133,203.167588639184,0.2,0.2,20.249999999999996,0.8,0.8,900.0,0.01,10,0.2,0.01487579,0.24518742963845733
5.3500000000000005,902.2085074314045,204.2156879399404,0.2,0.2,20.249999999999996,0.8,0.8,900.0,0.01,10,0.2,0.014374147,0.24595968240134639
5.36,902.2152060457574,205.3956527022852,0.2,0.2,20.249999999999996,0.8,0.8,900.0,0.01,10,0.2,0.01321286,0.24563433764992781
5.37,902.2123567405612,206.55649474049363,0.2,0.2,20.249999999999996,0.8,0.8,900.0,0.01,10,0.2,0.015542463,0.2442645190081652
5.38,902.2000924346643,207.4615073729162,0.2,0.2,20.249999999999996,0.8,0.8,900.0,0.01,10,0.2,0.013953835,0.24187180367521025
5.39,902.1788689450242,207.99153789877576,0.2,0.2,20.249999999999996,0.8,0.8,900.0,0.01,10,0.2,0.015734965,0.23879390380805815
5.4,902.1515098491786,208.084722156917,0.2,0.2,20.249999999999996,0.8,0.8,900.0,0.01,10,0.2,0.014746519,0.2353522137587197
5.41,902.1205686397416,207.80947874997707,0.2,0.2,20.249999999999996,0.8,0.8,900.0,0.01,10,0.2,0.013728933,0.23170409635897854
5.42,902.0878139235696,207.3528434379515,0.2,0.2,20.249999999999996,0.8,0.8,900.0,0.01,10,0.2,0.013556172,0.2279195064258862
5.43,902.053556055112,206.89834883175516,0.2,0.2,20.249999999999996,0.8,0.8,900.0,0.01,10,0.2,0.014952481,0.2239395353027924
5.44,902.0175547563076,206.55965653585508,0.2,0.2,20.249999999999996,0.8,0.8,900.0,0.01,10,0.2,0.013961625,0.21973274642209986
5.45,901.9795205793914,206.35682662376377,0.2,0.2,20.249999999999996,0.8,0.8,900.0,0.01,10,0.2,0.014411108,0.21535498985466767
5.46,901.9398542271919,206.19999950818303,0.2,0.2,20.249999999999996,0.8,0.8,900.0,0.01,10,0.2,0.015432334,0.21091525901206948
5.47,901.8998723935172,205.9851117161107,0.2,0.2,20.249999999999996,0.8,0.8,900.0,0.01,10,0.2,0.013568112,0.2066103035763076
5.48,901.8610189072942,205.7593899519929,0.2,0.2,20.249999999999996,0.8,0.8,900.0,0.01,10,0.2,0.013678103,0.20263881294903235
5.49,901.825461600885,205.52613349849483,0.2,0.2,20.249999999999996,0.8,0.8,900.0,0.01,10,0.2,0.014825599,0.1994100582956566
5.5,901.7963568649708,205.23241958436498,0.2,0.2,20.249999999999996,0.8,0.8,900.0,0.01,10,0.2,0.013942944,0.19714774678804692
5.51,901.7762665272979,204.89979523475154,0.2,0.2,20.249999999999996,0.8,0.8,900.0,0.01,10,0.2,0.015294552,0.19601473449215406
5.5200000000000005,901.7661896495229,204.55448849429223,0.2,0.2,20.249999999999996,0.8,0.8,900.0,0.01,10,0.2,0.015548434,0.19615267258284416
5.53,901.7677655832882,204.18618731883814,0.2,0.2,20.249999999999996,0.8,0.8,900.0,0.01,10,0.2,0.014395787,0.1976498470171802
5.54,901.7813117893536,203.81137483914534,0.2,0.2,20.249999999999996,0.8,0.8,900.0,0.01,10,0.2,0.014062425,0.2004136515764332
5.55,901.8063002074485,203.43588124837598,0.2,0.2,20.249999999999996,0.8,0.8,900.0,0.01,10,0.2,0.016214598,0.2043181791080726
5.5600000000000005,901.8413694076121,203.07552145005522,0.2,0.2,20.249999999999996,0.8,0.8,900.0,0.01,10,0.2,0.014039255,0.20907050548798456
5.57,901.8841814202389,202.78812526117676,0.2,0.2,20.249999999999996,0.8,0.8,900.0,0.01,10,0.2,0.014217996,0.21442404357897007
5.58,901.9323203451324,202.61151887339588,0.2,0.2,20.249999999999996,0.8,0.8,900.0,0.01,10,0.2,0.015205492,0.2201911559451738
5.59,901.9843018425271,202.5068322007425,0.2,0.2,20.249999999999996,0.8,0.8,900.0,0.01,10,0.2,0.01498745,0.22632581153620504
5.6000000000000005,902.0391518663251,202.44304337041672,0.2,0.2,20.249999999999996,0.8,0.8,900.0,0.01,10,0.2,0.014722809,0.23245759704571853
5.61,902.0950331152055,202.52941863402376,0.2,0.2,20.249999999999996,0.8,0.8,900.0,0.01,10,0.2,0.015120051,0.23869244203423998
5.62,902.1512595629458,202.78181512362568,0.2,0.2,20.249999999999996,0.8,0.8,900.0,0.01,10,0.2,0.013848994,0.24484870596651864
5.63,902.206699591318,203.18987345608159,0.2,0.2,20.249999999999996,0.8,0.8,900.0,0.01,10,0.2,0.014468027,0.2508659972456205
5.64,902.2606965780137,203.28427303285082,0.2,0.2,20.249999999999996,0.8,0.8,900.0,0.01,10,0.2,0.015120381,0.2564965730763269
5.65,902.3109710268409,203.61827738915292,0.2,0.2,20.249999999999996,0.8,0.8,900.0,0.01,10,0.2,0.013696993,0.2608713875648151
5.66,902.3501320975436,204.35478426095335,0.2,0.2,20.249999999999996,0.8,0.8,900.0,0.01,10,0.2,0.013771133,0.263913752402573
5.67,902.3775291954115,205.08834220928352,0.2,0.2,20.249999999999996,0.8,0.8,900.0,0.01,10,0.2,0.015410873,0.2654526540942877
5.68,902.3910653911503,205.8335415560348,0.2,0.2,20.249999999999996,0.8,0.8,900.0,0.01,10,0.2,0.013975525,0.26533582921562876
5.69,902.390013184802,206.3677179804181,0.2,0.2,20.249999999999996,0.8,0.8,900.0,0.01,10,0.2,0.015135721,0.263571718020507
5.7,902.3741285894885,206.6553428906424,0.2,0.2,20.249999999999996,0.8,0.8,900.0,0.01,10,0.2,0.016012447,0.2602017091283284
5.71,902.3441188409957,206.79837961821724,0.2,0.2,20.249999999999996,0.8,0.8,900.0,0.01,10,0.2,0.014241376,0.2554909914675295
5.72,902.3022016970754,206.90630405361566,0.2,0.2,20.249999999999996,0.8,0.8,900.0,0.01,10,0.2,0.014214126,0.24980005223340226
5.73,902.2513349637794,207.00222485070665,0.2,0.2,20.249999999999996,0.8,0.8,900.0,0.01,10,0.2,0.015303303,0.24340583957958659
5.74,902.1938621974404,207.02017835726554,0.2,0.2,20.249999999999996,0.8,0.8,900.0,0.01,10,0.2,0.014383057,0.23658638842673688
5.75,902.1324330533297,206.8199845105542,0.2,0.2,20.249999999999996,0.8,0.8,900.0,0.01,10,0.2,0.014074385,0.22943570467284985
5.76,902.068098940305,206.31933068790428,0.2,0.2,20.249999999999996,0.8,0.8,900.0,0.01,10,0.2,0.01490181,0.2221903818402034
5.7700000000000005,902.0027349725372,205.45963056646798,0.2,0.2,20.249999999999996,0.8,0.8,900.0,0.01,10,0.2,0.014636458,0.2150399246873455
5.78,901.938189442177,204.264947310661,0.2,0.2,20.249999999999996,0.8,0.8,900.0,0.01,10,0.2,0.014229236,0.20814701875671113
5.79,901.8760831993609,202.85322007953462,0.2,0.2,20.249999999999996,0.8,0.8,900.0,0.01,10,0.2,0.015727005,0.20196531388035982
5.8,901.8190183770996,201.29412823488346,0.2,0.2,20.249999999999996,0.8,0.8,900.0,0.01,10,0.2,0.014068255,0.196229596516363
5.8100000000000005,901.7691133240209,199.64076740830467,0.2,0.2,20.249999999999996,0.8,0.8,900.0,0.01,10,0.2,0.013761153,0.19183650270428965
5.82,901.7298040442935,198.11181433435272,0.2,0.2,20.249999999999996,0.8,0.8,900.0,0.01,10,0.2,0.01497228,0.18866354054191378
5.83,901.7013365009598,196.89929372776282,0.2,0.2,20.249999999999996,0.8,0.8,900.0,0.01,10,0.2,0.013776023,0.18681963948075014
5.84,901.685181106185,195.9030333669161,0.2,0.2,20.249999999999996,0.8,0.8,900.0,0.01,10,0.2,0.013842154,0.18673232746411875
5.8500000000000005,901.6846433546116,194.9463412179965,0.2,0.2,20.249999999999996,0.8,0.8,900.0,0.01,10,0.2,0.016129647,0.18844372513768243
5.86,901.7001078951856,194.20748545235688,0.2,0.2,20.249999999999996,0.8,0.8,900.0,0.01,10,0.2,0.015143141,0.19198719898120442
5.87,901.731447861032,193.5492724873326,0.2,0.2,20.249999999999996,0.8,0.8,900.0,0.01,10,0.2,0.014619478,0.19717414676621944
5.88,901.7773437734876,192.9065977792414,0.2,0.2,20.249999999999996,0.8,0.8,900.0,0.01,10,0.2,0.015040281,0.2032498234695429
5.89,901.832294660831,192.57229315070057,0.2,0.2,20.249999999999996,0.8,0.8,900.0,0.01,10,0.2,0.015104661,0.2102711854434047
5.9,901.8946653867558,192.28351872955974,0.2,0.2,20.249999999999996,0.8,0.8,900.0,0.01,10,0.2,0.014663909,0.21752951105643903
5.91,901.9598412761154,192.18375823996763,0.2,0.2,20.249999999999996,0.8,0.8,900.0,0.01,10,0.2,0.015609314,0.22479603627524325
5.92,902.0252299948644,192.32648467731232,0.2,0.2,20.249999999999996,0.8,0.8,900.0,0.01,10,0.2,0.014458777,0.23198032358036522
5.93,902.0895226362724,192.66595109512843,0.2,0.2,20.249999999999996,0.8,0.8,900.0,0.01,10,0.2,0.014443487,0.23855897437416004
5.94,902.1487037692538,193.26677231730224,0.2,0.2,20.249999999999996,0.8,0.8,900.0,0.01,10,0.2,0.015446383,0.2444539813459737
5.95,902.201995437122,194.08193760514243,0.2,0.2,20.249999999999996,0.8,0.8,900.0,0.01,10,0.2,0.013749673,0.24964463538778942
5.96,902.2489311253039,195.05793280754742,0.2,0.2,20.249999999999996,0.8,0.8,900.0,0.01,10,0.2,0.014389037,0.25410744481877134
5.97,902.2894179552444,196.11168851249485,0.2,0.2,20.249999999999996,0.8,0.8,900.0,0.01,10,0.2,0.015895946,0.25787008848032855
5.98,902.3233515319631,197.1444122369467,0.2,0.2,20.249999999999996,0.8,0.8,900.0,0.01,10,0.2,0.013529902,0.2609684179124485
5.99,902.351458145686,198.04483766901203,0.2,0.2,20.249999999999996,0.8,0.8,900.0,0.01,10,0.2,0.013813703,0.2633759395720474
6.0,902.3730925564703,198.77938423276413,0.2,0.2,20.249999999999996,0.8,0.8,900.0,0.01,10,0.2,0.015814426,0.2650685970557203
6.01,902.3882848895236,199.42194036959515,0.2,0.2,20.249999999999996,0.8,0.8,900.0,0.01,10,0.2,0.013540102,0.266035386644559
6.0200000000000005,902.3969347832831,200.11919462302038,0.2,0.2,20.249999999999996,0.8,0.8,900.0,0.01,10,0.2,0.014320787,0.26613997854592053
6.03,902.3972469740131,200.9819103616064,0.2,0.2,20.249999999999996,0.8,0.8,900.0,0.01,10,0.2,0.014776069,0.26513722382487426
6.04,902.3885546031139,202.10849997854828,0.2,0.2,20.249999999999996,0.8,0.8,900.0,0.01,10,0.2,0.014629709,0.2632195450299023
6.05,902.3708224464049,203.29636977678862,0.2,0.2,20.249999999999996,0.8,0.8,900.0,0.01,10,0.2,0.014782319,0.26026152152246296
6.0600000000000005,902.3443461566386,204.51933751020348,0.2,0.2,20.249999999999996,0.8,0.8,900.0,0.01,10,0.2,0.01495022,0.25630148930925784
6.07,902.3087539297564,205.66292717907413,0.2,0.2,20.249999999999996,0.8,0.8,900.0,0.01,10,0.2,0.013960564,0.25146805590608245
6.08,902.2649541565767,206.52859735143224,0.2,0.2,20.249999999999996,0.8,0.8,900.0,0.01,10,0.2,0.013872374,0.2457260441563094
6.09,902.2138715515089,207.03346548351337,0.2,0.2,20.249999999999996,0.8,0.8,900.0,0.01,10,0.2,0.01501581,0.2394944334583256
6.1000000000000005,902.1579829731174,207.11483211037873,0.2,0.2,20.249999999999996,0.8,0.8,900.0,0.01,10,0.2,0.01487568,0.2331198413446992
6.11,902.1004980990139,206.76632673362565,0.2,0.2,20.249999999999996,0.8,0.8,900.0,0.01,10,0.2,0.014328716,0.2265354493704215
6.12,902.0417271861751,206.18281654966833,0.2,0.2,20.249999999999996,0.8,0.8,900.0,0.01,10,0.2,0.01493753,0.2200385383647519
6.13,901.9833921507937,205.32167088098913,0.2,0.2,20.249999999999996,0.8,0.8,900.0,0.01,10,0.2,0.015378643,0.21381548414839097
6.140000000000001,901.927293241146,204.13133636855997,0.2,0.2,20.249999999999996,0.8,0.8,900.0,0.01,10,0.2,0.014391267,0.2079001792500189
6.15,901.8743604658215,202.74485891102339,0.2,0.2,20.249999999999996,0.8,0.8,900.0,0.01,10,0.2,0.016331288,0.2026379608602926
6.16,901.8268392803309,201.17984393487808,0.2,0.2,20.249999999999996,0.8,0.8,900.0,0.01,10,0.2,0.01485915,0.1980972809043421
6.17,901.7862352477185,199.50437043209695,0.2,0.2,20.249999999999996,0.8,0.8,900.0,0.01,10,0.2,0.013990834,0.1946972695674626
6.18,901.7554129229409,197.6274941063584,0.2,0.2,20.249999999999996,0.8,0.8,900.0,0.01,10,0.2,0.014474677,0.1921936152739761
6.19,901.7327192692048,195.92250587911045,0.2,0.2,20.249999999999996,0.8,0.8,900.0,0.01,10,0.2,0.013894674,0.19066942055385225
6.2,901.7188407728232,194.35192971271638,0.2,0.2,20.249999999999996,0.8,0.8,900.0,0.01,10,0.2,0.014274616,0.19023233195859776
6.21,901.7146655425771,192.95285033978797,0.2,0.2,20.249999999999996,0.8,0.8,900.0,0.01,10,0.2,0.015172362,0.19108982371152602
6.22,901.7217910938414,191.58050399270783,0.2,0.2,20.249999999999996,0.8,0.8,900.0,0.01,10,0.2,0.014160876,0.1929279248903241
6.23,901.7387703078177,190.514677094883,0.2,0.2,20.249999999999996,0.8,0.8,900.0,0.01,10,0.2,0.014015784,0.19584787986110025
6.24,901.7650750899892,189.8121591183865,0.2,0.2,20.249999999999996,0.8,0.8,900.0,0.01,10,0.2,0.015257982,0.19989912495984985
6.25,901.801551808249,189.38418929079498,0.2,0.2,20.249999999999996,0.8,0.8,900.0,0.01,10,0.2,0.013676973,0.20501304666538248
6.26,901.8473830196199,189.3433154915643,0.2,0.2,20.249999999999996,0.8,0.8,900.0,0.01,10,0.2,0.014752269,0.21105000330172127
6.2700000000000005,901.9017364731059,189.67366554693578,0.2,0.2,20.249999999999996,0.8,0.8,900.0,0.01,10,0.2,0.014638388,0.21786453363710742
6.28,901.9628445601853,190.37821948397507,0.2,0.2,20.249999999999996,0.8,0.8,900.0,0.01,10,0.2,0.013882804,0.22517195142257254
6.29,902.0284102326364,191.29347902509397,0.2,0.2,20.249999999999996,0.8,0.8,900.0,0.01,10,0.2,0.014027835,0.23266227660102132
6.3,902.0951864414109,192.36418903021794,0.2,0.2,20.249999999999996,0.8,0.8,900.0,0.01,10,0.2,0.015708725,0.23936318631851353
6.3100000000000005,902.1552462452746,194.0350197098665,0.2,0.2,20.249999999999996,0.8,0.8,900.0,0.01,10,0.2,0.013728823,0.24487356616067266
6.32,902.2046332562991,195.9086895888372,0.2,0.2,20.249999999999996,0.8,0.8,900.0,0.01,10,0.2,0.014134045,0.24891294771366687
6.33,902.2408975933013,197.72866828711608,0.2,0.2,20.249999999999996,0.8,0.8,900.0,0.01,10,0.2,0.015093861,0.25137149505158524
6.34,902.2631599431687,199.27799159603296,0.2,0.2,20.249999999999996,0.8,0.8,900.0,0.01,10,0.2,0.014533738,0.25239204492253614
6.3500000000000005,902.2725863386202,200.35095409726472,0.2,0.2,20.249999999999996,0.8,0.8,900.0,0.01,10,0.2,0.013727833,0.2521360693930122
6.36,902.2706905142127,201.1422709661854,0.2,0.2,20.249999999999996,0.8,0.8,900.0,0.01,10,0.2,0.015180831,0.2510248115337285
6.37,902.2609860507481,201.68957769939365,0.2,0.2,20.249999999999996,0.8,0.8,900.0,0.01,10,0.2,0.014301736,0.24956004254320913
6.38,902.248492644532,201.6821457672793,0.2,0.2,20.249999999999996,0.8,0.8,900.0,0.01,10,0.2,0.013931444,0.2480922197754224
6.390000000000001,902.2356648397736,201.63982896080574,0.2,0.2,20.249999999999996,0.8,0.8,900.0,0.01,10,0.2,0.016150968,0.24677350106047471
6.4,902.2237080750263,201.6105941972867,0.2,0.2,20.249999999999996,0.8,0.8,900.0,0.01,10,0.2,0.014038534,0.245649051136709
6.41,902.2140330699843,201.6550082955848,0.2,0.2,20.249999999999996,0.8,0.8,900.0,0.01,10,0.2,0.015613204,0.24498484418387975
6.42,902.2081496539548,201.77810834123807,0.2,0.2,20.249999999999996,0.8,0.8,900.0,0.01,10,0.2,0.014668309,0.24473458386103242
6.43,902.2059213395131,201.9490283342892,0.2,0.2,20.249999999999996,0.8,0.8,900.0,0.01,10,0.2,0.014754569,0.24483904754886038
6.44,902.2068841000929,202.11831527594853,0.2,0.2,20.249999999999996,0.8,0.8,900.0,0.01,10,0.2,0.014608669,0.24539770622924126
6.45,902.2115606125902,202.10976259674567,0.2,0.2,20.249999999999996,0.8,0.8,900.0,0.01,10,0.2,0.015343752,0.24601084232486395
6.46,902.2170388391243,202.25469055720572,0.2,0.2,20.249999999999996,0.8,0.8,900.0,0.01,10,0.2,0.013449721,0.24634429641665237
6.47,902.2197023388618,202.55432150573327,0.2,0.2,20.249999999999996,0.8,0.8,900.0,0.01,10,0.2,0.014060485,0.2461153550775909
6.48,902.2173270018641,202.95922558816267,0.2,0.2,20.249999999999996,0.8,0.8,900.0,0.01,10,0.2,0.015405113,0.24510871061396558
6.49,902.2079969856295,203.30998662741345,0.2,0.2,20.249999999999996,0.8,0.8,900.0,0.01,10,0.2,0.014509227,0.24314265293034357
6.5,902.1896291179684,203.61100887072212,0.2,0.2,20.249999999999996,0.8,0.8,900.0,0.01,10,0.2,0.014161236,0.23969356201432573
6.51,902.1582847523314,203.8915966279811,0.2,0.2,20.249999999999996,0.8,0.8,900.0,0.01,10,0.2,0.0166724,0.23465533606611025
6.5200000000000005,902.112798477777,204.10497653357797,0.2,0.2,20.249999999999996,0.8,0.8,900.0,0.01,10,0.2,0.014254536,0.22844208230094212
6.53,902.0563310203504,204.06034336255078,0.2,0.2,20.249999999999996,0.8,0.8,900.0,0.01,10,0.2,0.013943344,0.22116044776734517
6.54,901.9912895452246,203.69546331427043,0.2,0.2,20.249999999999996,0.8,0.8,900.0,0.01,10,0.2,0.015069501,0.2133653405087846
6.55,901.9216372883437,203.0991857602517,0.2,0.2,20.249999999999996,0.8,0.8,900.0,0.01,10,0.2,0.013574582,0.20569066465099262
6.5600000000000005,901.8530090563095,202.21284979110794,0.2,0.2,20.249999999999996,0.8,0.8,900.0,0.01,10,0.2,0.013803533,0.1987664912774217
6.57,901.7908840700973,200.9809593506226,0.2,0.2,20.249999999999996,0.8,0.8,900.0,0.01,10,0.2,0.015197882,0.19316937584605126
6.58,901.739665572094,199.29616969923137,0.2,0.2,20.249999999999996,0.8,0.8,900.0,0.01,10,0.2,0.014519577,0.18861310616675195
6.59,901.6997863160003,197.61481086162303,0.2,0.2,20.249999999999996,0.8,0.8,900.0,0.01,10,0.2,0.013999935,0.18565850112793827
6.6000000000000005,901.6734293938175,196.00191423760245,0.2,0.2,20.249999999999996,0.8,0.8,900.0,0.01,10,0.2,0.014813289,0.18434972103378647
6.61,901.6617386773328,194.61383799114648,0.2,0.2,20.249999999999996,0.8,0.8,900.0,0.01,10,0.2,0.015840936,0.18467804401531704
6.62,901.6644851821754,193.51079886280593,0.2,0.2,20.249999999999996,0.8,0.8,900.0,0.01,10,0.2,0.014242366,0.18662924507575954
6.63,901.6815688741764,192.58719682721832,0.2,0.2,20.249999999999996,0.8,0.8,900.0,0.01,10,0.2,0.016205798,0.1897455722563935
6.640000000000001,901.7096828583948,192.12571256906438,0.2,0.2,20.249999999999996,0.8,0.8,900.0,0.01,10,0.2,0.014126025,0.1937644845259515
6.65,901.7460801678774,192.06431690953394,0.2,0.2,20.249999999999996,0.8,0.8,900.0,0.01,10,0.2,0.014802099,0.19869428148230206
6.66,901.7903955050575,192.19320091015123,0.2,0.2,20.249999999999996,0.8,0.8,900.0,0.01,10,0.2,0.015197062,0.20430564142144753
6.67,901.8404484075827,192.45966473865897,0.2,0.2,20.249999999999996,0.8,0.8,900.0,0.01,10,0.2,0.014513017,0.20999748097818002
6.68,901.8918697096829,192.82939175554247,0.2,0.2,20.249999999999996,0.8,0.8,900.0,0.01,10,0.2,0.014193016,0.2156730076982955
6.69,901.9428688570481,193.1478140559689,0.2,0.2,20.249999999999996,0.8,0.8,900.0,0.01,10,0.2,0.016005467,0.22123164335692255
6.7,901.9929325690224,193.37903003470825,0.2,0.2,20.249999999999996,0.8,0.8,900.0,0.01,10,0.2,0.013519762,0.22668816277572434
6.71,902.0419514480028,193.44598375418494,0.2,0.2,20.249999999999996,0.8,0.8,900.0,0.01,10,0.2,0.014758029,0.23181430775580983
6.72,902.0882098107099,193.58459658340823,0.2,0.2,20.249999999999996,0.8,0.8,900.0,0.01,10,0.2,0.015407843,0.2366928785314224
6.73,902.1322486259012,193.77342129920666,0.2,0.2,20.249999999999996,0.8,0.8,900.0,0.01,10,0.2,0.014715489,0.24138127170222137
6.74,902.1745933442538,194.12194613432555,0.2,0.2,20.249999999999996,0.8,0.8,900.0,0.01,10,0.2,0.013871124,0.24611083989442908
6.75,902.2171543939448,194.62296837045858,0.2,0.2,20.249999999999996,0.8,0.8,900.0,0.01,10,0.2,0.014641408,0.2505890726350156
6.76,902.2576414625039,195.6227878851803,0.2,0.2,20.249999999999996,0.8,0.8,900.0,0.01,10,0.2,0.013653862,0.25488139303306107
6.7700000000000005,902.296676505326,196.93341937423617,0.2,0.2,20.249999999999996,0.8,0.8,900.0,0.01,10,0.2,0.013130159,0.2590799771945178
6.78,902.3345503481661,198.36774974161528,0.2,0.2,20.249999999999996,0.8,0.8,900.0,0.01,10,0.2,0.01480671,0.2630323573904759
6.79,902.3701613070659,199.81260407697326,0.2,0.2,20.249999999999996,0.8,0.8,900.0,0.01,10,0.2,0.013720513,0.26644977221746663
6.8,902.4007845484387,201.2257790886102,0.2,0.2,20.249999999999996,0.8,0.8,900.0,0.01,10,0.2,0.013657763,0.2690388565809051
6.8100000000000005,902.4239051921642,202.51820775245614,0.2,0.2,20.249999999999996,0.8,0.8,900.0,0.01,10,0.2,0.015338392,0.2704625778776601
6.82,902.4363212122945,203.6388871377846,0.2,0.2,20.249999999999996,0.8,0.8,900.0,0.01,10,0.2,0.014101205,0.27044825592037186
6.83,902.4356957667637,204.57956514755463,0.2,0.2,20.249999999999996,0.8,0.8,900.0,0.01,10,0.2,0.014432157,0.268927621101589
6.84,902.4216703926754,205.26538716310975,0.2,0.2,20.249999999999996,0.8,0.8,900.0,0.01,10,0.2,0.014469167,0.2658589382678439
6.8500000000000005,902.3941186037657,205.79983790447423,0.2,0.2,20.249999999999996,0.8,0.8,900.0,0.01,10,0.2,0.013539142,0.2615814041113214
6.86,902.3558235258403,206.25057979973465,0.2,0.2,20.249999999999996,0.8,0.8,900.0,0.01,10,0.2,0.013493111,0.25656406784682756
6.87,902.3109531119472,206.62509140359333,0.2,0.2,20.249999999999996,0.8,0.8,900.0,0.01,10,0.2,0.015068781,0.25123506495238845
6.88,902.2633114000226,206.94651869737643,0.2,0.2,20.249999999999996,0.8,0.8,900.0,0.01,10,0.2,0.014145555,0.24594757315154117
6.890000000000001,902.2161125728845,207.23435923212264,0.2,0.2,20.249999999999996,0.8,0.8,900.0,0.01,10,0.2,0.013588422,0.2409350949321347
6.9,902.1712763950006,207.42279247687603,0.2,0.2,20.249999999999996,0.8,0.8,900.0,0.01,10,0.2,0.01489117,0.23639072841162312
6.91,902.1296274227836,207.37032193276457,0.2,0.2,20.249999999999996,0.8,0.8,900.0,0.01,10,0.2,0.014616158,0.23187429845085714
6.92,902.0895985694943,207.11211344734346,0.2,0.2,20.249999999999996,0.8,0.8,900.0,0.01,10,0.2,0.014125775,0.22762359719729852
6.93,902.051306891847,206.56755476532462,0.2,0.2,20.249999999999996,0.8,0.8,900.0,0.01,10,0.2,0.015338253,0.2234907098059012
6.94,902.0141075187138,205.82990478455122,0.2,0.2,20.249999999999996,0.8,0.8,900.0,0.01,10,0.2,0.01328156,0.21948408762917193
6.95,901.97785081938,204.88800401186015,0.2,0.2,20.249999999999996,0.8,0.8,900.0,0.01,10,0.2,0.013674332,0.21556813163594907
6.96,901.942565655525,203.75456892397168,0.2,0.2,20.249999999999996,0.8,0.8,900.0,0.01,10,0.2,0.015336703,0.2118364741136214
6.97,901.908898462261,202.48467271568532,0.2,0.2,20.249999999999996,0.8,0.8,900.0,0.01,10,0.2,0.013603792,0.20843446112059433
6.98,901.8781523838721,201.13156459233974,0.2,0.2,20.249999999999996,0.8,0.8,900.0,0.01,10,0.2,0.014417407,0.2054306298434114
6.99,901.851307082028,199.831084175698,0.2,0.2,20.249999999999996,0.8,0.8,900.0,0.01,10,0.2,0.014467508,0.20299108299076746
7.0,901.8293588382228,198.63545153283582,0.2,0.2,20.249999999999996,0.8,0.8,900.0,0.01,10,0.2,0.014155645,0.2012231361851384
7.01,901.8132138533715,197.53510927332002,0.2,0.2,20.249999999999996,0.8,0.8,900.0,0.01,10,0.2,0.013408401,0.200048873956175
7.0200000000000005,901.8026125055683,196.5637837335107,0.2,0.2,20.249999999999996,0.8,0.8,900.0,0.01,10,0.2,0.015457823,0.19963877988042641
7.03,901.7986647948982,195.4982912082017,0.2,0.2,20.249999999999996,0.8,0.8,900.0,0.01,10,0.2,0.01322625,0.19981895363290628
7.04,901.8004726940841,194.4462329987807,0.2,0.2,20.249999999999996,0.8,0.8,900.0,0.01,10,0.2,0.013556572,0.20032538910657333
7.05,901.8048821569325,193.87328361895598,0.2,0.2,20.249999999999996,0.8,0.8,900.0,0.01,10,0.2,0.014625448,0.20124207260408217
7.0600000000000005,901.8133034246149,193.24445956488378,0.2,0.2,20.249999999999996,0.8,0.8,900.0,0.01,10,0.2,0.013583132,0.2028606679895976
7.07,901.8274386651899,192.35876251737884,0.2,0.2,20.249999999999996,0.8,0.8,900.0,0.01,10,0.2,0.013331581,0.20455010628720452
7.08,901.8424831569404,192.18684058628526,0.2,0.2,20.249999999999996,0.8,0.8,900.0,0.01,10,0.2,0.014332447,0.20652135364010957
7.09,901.859942063461,192.27470045093244,0.2,0.2,20.249999999999996,0.8,0.8,900.0,0.01,10,0.2,0.013224709,0.20877685110272823
7.1000000000000005,901.8807267722012,192.64929856682414,0.2,0.2,20.249999999999996,0.8,0.8,900.0,0.01,10,0.2,0.013689753,0.21143339606719586
7.11,901.9048588180448,193.28011392595644,0.2,0.2,20.249999999999996,0.8,0.8,900.0,0.01,10,0.2,0.014391407,0.21453431902012482
7.12,901.9328818667857,194.11538932044854,0.2,0.2,20.249999999999996,0.8,0.8,900.0,0.01,10,0.2,0.013036719,0.2181779686229623
7.13,901.9658716955361,194.93899981067472,0.2,0.2,20.249999999999996,0.8,0.8,900.0,0.01,10,0.2,0.013908934,0.22236662169536195
7.140000000000001,902.0031770217361,195.87692352729886,0.2,0.2,20.249999999999996,0.8,0.8,900.0,0.01,10,0.2,0.014333617,0.2266975925887206
7.15,902.0425287864541,196.92041760988434,0.2,0.2,20.249999999999996,0.8,0.8,900.0,0.01,10,0.2,0.013833324,0.23125172069541566
7.16,902.0839052407435,197.9377677612701,0.2,0.2,20.249999999999996,0.8,0.8,900.0,0.01,10,0.2,0.013588142,0.23614115045601877
7.17,902.128037716617,198.9214791577013,0.2,0.2,20.249999999999996,0.8,0.8,900.0,0.01,10,0.2,0.014666149,0.2411357531454546
7.18,902.172918880898,199.91470662435682,0.2,0.2,20.249999999999996,0.8,0.8,900.0,0.01,10,0.2,0.013821753,0.24619930006572902
7.19,902.2180021900678,200.54167756125486,0.2,0.2,20.249999999999996,0.8,0.8,900.0,0.01,10,0.2,0.013398691,0.2504909003698188
7.2,902.256493514027,201.42439912157917,0.2,0.2,20.249999999999996,0.8,0.8,900.0,0.01,10,0.2,0.014331867,0.2537256411067601
7.21,902.2854519747851,202.25726985140616,0.2,0.2,20.249999999999996,0.8,0.8,900.0,0.01,10,0.2,0.013201309,0.2559714782128353
7.22,902.3049614914298,202.8234381410684,0.2,0.2,20.249999999999996,0.8,0.8,900.0,0.01,10,0.2,0.013136479,0.25688811778917076
7.23,902.3133845766054,203.24140931553887,0.2,0.2,20.249999999999996,0.8,0.8,900.0,0.01,10,0.2,0.01492184,0.2562965265094174
7.24,902.3081093786211,203.71831674031327,0.2,0.2,20.249999999999996,0.8,0.8,900.0,0.01,10,0.2,0.015189842,0.2544155726302117
7.25,902.2911864114164,204.1431963646481,0.2,0.2,20.249999999999996,0.8,0.8,900.0,0.01,10,0.2,0.01325761,0.25156523714710766
7.26,902.2655535501468,204.4135287922695,0.2,0.2,20.249999999999996,0.8,0.8,900.0,0.01,10,0.2,0.014641698,0.24794367222391664
7.2700000000000005,902.2331601609317,204.75455585183056,0.2,0.2,20.249999999999996,0.8,0.8,900.0,0.01,10,0.2,0.01331314,0.24366357705345
7.28,902.1946143061635,205.04369020323026,0.2,0.2,20.249999999999996,0.8,0.8,900.0,0.01,10,0.2,0.013404321,0.23912755032560654
7.29,902.1536254376433,205.29502548843743,0.2,0.2,20.249999999999996,0.8,0.8,900.0,0.01,10,0.2,0.014671859,0.2345101429537738
7.3,902.1126296736844,205.43791596362692,0.2,0.2,20.249999999999996,0.8,0.8,900.0,0.01,10,0.2,0.01320136,0.23025164424352904
7.3100000000000005,902.0748859987137,205.39926929691367,0.2,0.2,20.249999999999996,0.8,0.8,900.0,0.01,10,0.2,0.013198569,0.22675018127994903
7.32,902.0436748361151,205.16378189712344,0.2,0.2,20.249999999999996,0.8,0.8,900.0,0.01,10,0.2,0.014369877,0.22419506773704773
7.33,902.0209523713113,204.85976193149344,0.2,0.2,20.249999999999996,0.8,0.8,900.0,0.01,10,0.2,0.015244272,0.2226722405784469
7.34,902.0073494992604,204.58167412300764,0.2,0.2,20.249999999999996,0.8,0.8,900.0,0.01,10,0.2,0.016951503,0.2220954593588597
7.3500000000000005,902.0020918621709,204.35683707579406,0.2,0.2,20.249999999999996,0.8,0.8,900.0,0.01,10,0.2,0.01826242,0.22230754841642497
7.36,902.0038482237007,204.16358746023528,0.2,0.2,20.249999999999996,0.8,0.8,900.0,0.01,10,0.2,0.013426291,0.22305378704922715
7.37,902.0103765054863,203.96384929717377,0.2,0.2,20.249999999999996,0.8,0.8,900.0,0.01,10,0.2,0.013687613,0.22411414705721142
7.38,902.0193716628752,203.70040810727292,0.2,0.2,20.249999999999996,0.8,0.8,900.0,0.01,10,0.2,0.014775169,0.22508904842823413
7.390000000000001,902.0278037373067,203.39168957473075,0.2,0.2,20.249999999999996,0.8,0.8,900.0,0.01,10,0.2,0.013473851,0.22603856221759558
7.4,902.0358552908702,202.67107302272927,0.2,0.2,20.249999999999996,0.8,0.8,900.0,0.01,10,0.2,0.013735932,0.22621468471150785
7.41,902.0373217945863,202.40942610878054,0.2,0.2,20.249999999999996,0.8,0.8,900.0,0.01,10,0.2,0.015136032,0.2257653088831255
7.42,902.0331750487917,202.13271356104727,0.2,0.2,20.249999999999996,0.8,0.8,900.0,0.01,10,0.2,0.013002209,0.22474055461792386
7.43,902.0244375979519,201.90948521345234,0.2,0.2,20.249999999999996,0.8,0.8,900.0,0.01,10,0.2,0.013532561,0.2235705815923344
7.44,902.0136001365689,201.63998122759477,0.2,0.2,20.249999999999996,0.8,0.8,900.0,0.01,10,0.2,0.014791459,0.22230964142877035
7.45,902.0027787185539,201.23305676719247,0.2,0.2,20.249999999999996,0.8,0.8,900.0,0.01,10,0.2,0.014291386,0.22115727647642477
7.46,901.992752663025,200.85084112691743,0.2,0.2,20.249999999999996,0.8,0.8,900.0,0.01,10,0.2,0.013437691,0.22030085034132857
7.47,901.9849760361833,200.42784412938346,0.2,0.2,20.249999999999996,0.8,0.8,900.0,0.01,10,0.2,0.014617879,0.21966586763897422
7.48,901.9793875739974,199.9405716655759,0.2,0.2,20.249999999999996,0.8,0.8,900.0,0.01,10,0.2,0.013780284,0.2192359161279507
7.49,901.975474174986,199.46656724350012,0.2,0.2,20.249999999999996,0.8,0.8,900.0,0.01,10,0.2,0.014066245,0.21917054335877714
7.5,901.9747406332186,198.7748579357949,0.2,0.2,20.249999999999996,0.8,0.8,900.0,0.01,10,0.2,0.014587868,0.21941192502180326
7.51,901.9766699827615,198.10649942231663,0.2,0.2,20.249999999999996,0.8,0.8,900.0,0.01,10,0.2,0.01330012,0.21951331435883406
7.5200000000000005,901.9774172770701,197.79890931897842,0.2,0.2,20.249999999999996,0.8,0.8,900.0,0.01,10,0.2,0.013919284,0.21949002514476784
7.53,901.9770514960588,197.6996717002848,0.2,0.2,20.249999999999996,0.8,0.8,900.0,0.01,10,0.2,0.014377507,0.21930590415827805
7.54,901.9752347899038,197.74467424319442,0.2,0.2,20.249999999999996,0.8,0.8,900.0,0.01,10,0.2,0.013426941,0.21903190045943557
7.55,901.9728705335078,197.81558526118548,0.2,0.2,20.249999999999996,0.8,0.8,900.0,0.01,10,0.2,0.01489761,0.21875850491578447
7.5600000000000005,901.9706446662849,197.84060269183095,0.2,0.2,20.249999999999996,0.8,0.8,900.0,0.01,10,0.2,0.014457428,0.21886708261295343
7.57,901.970641882266,197.7257023956693,0.2,0.2,20.249999999999996,0.8,0.8,900.0,0.01,10,0.2,0.014364867,0.21878561390573253
7.58,901.9707273388291,197.78741913614883,0.2,0.2,20.249999999999996,0.8,0.8,900.0,0.01,10,0.2,0.013404091,0.218803397676824
7.59,901.9708246611257,197.7973890836804,0.2,0.2,20.249999999999996,0.8,0.8,900.0,0.01,10,0.2,0.014478687,0.21893315332128363
7.6000000000000005,901.9717558868138,197.75572059516287,0.2,0.2,20.249999999999996,0.8,0.8,900.0,0.01,10,0.2,0.01326023,0.2190747996845622
7.61,901.9731299939203,197.8234639550775,0.2,0.2,20.249999999999996,0.8,0.8,900.0,0.01,10,0.2,0.013408261,0.2191794436585065
7.62,901.9741472250724,198.09212808301896,0.2,0.2,20.249999999999996,0.8,0.8,900.0,0.01,10,0.2,0.01493257,0.21931064903592
7.63,901.9752290713517,198.48595162767575,0.2,0.2,20.249999999999996,0.8,0.8,900.0,0.01,10,0.2,0.013854774,0.21952674724770577
7.640000000000001,901.9771517889611,198.93853280471612,0.2,0.2,20.249999999999996,0.8,0.8,900.0,0.01,10,0.2,0.013532572,0.2199268339910196
7.65,901.9810173862663,199.36572810025189,0.2,0.2,20.249999999999996,0.8,0.8,900.0,0.01,10,0.2,0.014560148,0.22093276839940507
7.66,901.9899134945988,199.39264895606885,0.2,0.2,20.249999999999996,0.8,0.8,900.0,0.01,10,0.2,0.01480685,0.2226336174330782
7.67,902.0055549685038,199.14963869443537,0.2,0.2,20.249999999999996,0.8,0.8,900.0,0.01,10,0.2,0.01338318,0.2246706632719286
7.68,902.0240711145498,199.09834202409934,0.2,0.2,20.249999999999996,0.8,0.8,900.0,0.01,10,0.2,0.015240242,0.2272355429435264
7.69,902.0460595238202,198.89071346381414,0.2,0.2,20.249999999999996,0.8,0.8,900.0,0.01,10,0.2,0.01339125,0.2296480957737345
7.7,902.068618276199,198.75845303873854,0.2,0.2,20.249999999999996,0.8,0.8,900.0,0.01,10,0.2,0.013336541,0.2320993833156599
7.71,902.0907247599163,198.66341174877084,0.2,0.2,20.249999999999996,0.8,0.8,900.0,0.01,10,0.2,0.014639908,0.2342926745023204
7.72,902.1103801566886,198.67739644327798,0.2,0.2,20.249999999999996,0.8,0.8,900.0,0.01,10,0.2,0.013054048,0.23599058833863087
7.73,902.1255353755773,198.8061895320924,0.2,0.2,20.249999999999996,0.8,0.8,900.0,0.01,10,0.2,0.013687133,0.23712315111051868
7.74,902.1355402245756,198.94580745015796,0.2,0.2,20.249999999999996,0.8,0.8,900.0,0.01,10,0.2,0.014983731,0.23736940818854593
7.75,902.1377704906026,199.2268969462107,0.2,0.2,20.249999999999996,0.8,0.8,900.0,0.01,10,0.2,0.013543851,0.2368198671455368
7.76,902.1329749718938,199.5742197858083,0.2,0.2,20.249999999999996,0.8,0.8,900.0,0.01,10,0.2,0.013642172,0.23575770950799144
7.7700000000000005,902.1234913292286,199.95186124112496,0.2,0.2,20.249999999999996,0.8,0.8,900.0,0.01,10,0.2,0.01497958,0.23449905919147424
7.78,902.1125174945631,200.31206217844095,0.2,0.2,20.249999999999996,0.8,0.8,900.0,0.01,10,0.2,0.013763303,0.23332377201386628
7.79,902.1020133741534,200.67892200542795,0.2,0.2,20.249999999999996,0.8,0.8,900.0,0.01,10,0.2,0.013716933,0.2323454532170977
7.8,902.0935311265247,200.96129232372007,0.2,0.2,20.249999999999996,0.8,0.8,900.0,0.01,10,0.2,0.014146466,0.23174050338034244
7.8100000000000005,902.0881836521481,201.24368274576426,0.2,0.2,20.249999999999996,0.8,0.8,900.0,0.01,10,0.2,0.013611592,0.23171121592055263
7.82,902.0877334943453,201.2248159618964,0.2,0.2,20.249999999999996,0.8,0.8,900.0,0.01,10,0.2,0.013517531,0.23198888506794274
7.83,902.0906326274967,201.17424431230558,0.2,0.2,20.249999999999996,0.8,0.8,900.0,0.01,10,0.2,0.01488441,0.23223866532546777
7.84,902.0929143453695,201.4239982050456,0.2,0.2,20.249999999999996,0.8,0.8,900.0,0.01,10,0.2,0.013705023,0.23250017876966228
7.8500000000000005,902.0952985696674,201.70845537909858,0.2,0.2,20.249999999999996,0.8,0.8,900.0,0.01,10,0.2,0.014498077,0.23279890300629055
7.86,902.098036318047,201.94488968993488,0.2,0.2,20.249999999999996,0.8,0.8,900.0,0.01,10,0.2,0.014420707,0.23318065297312693
7.87,902.1016719002746,202.0848426953813,0.2,0.2,20.249999999999996,0.8,0.8,900.0,0.01,10,0.2,0.014288876,0.23388288509470284
7.88,902.107806892589,201.94438143121184,0.2,0.2,20.249999999999996,0.8,0.8,900.0,0.01,10,0.2,0.013627712,0.2350721105905779
7.890000000000001,902.1179031849289,201.29460084980292,0.2,0.2,20.249999999999996,0.8,0.8,900.0,0.01,10,0.2,0.014696449,0.23643842049773425
7.9,902.1302693349411,200.9654697939904,0.2,0.2,20.249999999999996,0.8,0.8,900.0,0.01,10,0.2,0.013675603,0.23763258093009498
7.91,902.1411272584994,201.22622518031545,0.2,0.2,20.249999999999996,0.8,0.8,900.0,0.01,10,0.2,0.014148205,0.2386171567499607
7.92,902.1495837747638,201.6776265476674,0.2,0.2,20.249999999999996,0.8,0.8,900.0,0.01,10,0.2,0.015090341,0.2392176197573549
7.930000000000001,902.155054250436,202.21855741860128,0.2,0.2,20.249999999999996,0.8,0.8,900.0,0.01,10,0.2,0.013542742,0.2396219506551857
7.94,902.1587163074029,202.61056056608874,0.2,0.2,20.249999999999996,0.8,0.8,900.0,0.01,10,0.2,0.013486261,0.23973728201770778
7.95,902.1593785114,202.7927619612004,0.2,0.2,20.249999999999996,0.8,0.8,900.0,0.01,10,0.2,0.014684499,0.23913203747457035
7.96,902.154218306737,203.1885533896711,0.2,0.2,20.249999999999996,0.8,0.8,900.0,0.01,10,0.2,0.01327419,0.23786860667519305
7.97,902.1428607490758,203.56055865973823,0.2,0.2,20.249999999999996,0.8,0.8,900.0,0.01,10,0.2,0.013571472,0.23608624870487513
7.98,902.1269304806748,203.78973345203528,0.2,0.2,20.249999999999996,0.8,0.8,900.0,0.01,10,0.2,0.015566714,0.23391354260376332
7.99,902.1074352284938,203.77941714155392,0.2,0.2,20.249999999999996,0.8,0.8,900.0,0.01,10,0.2,0.013587082,0.2315572878250796
8.0,902.0864695660724,203.35738964740483,0.2,0.2,20.249999999999996,0.8,0.8,900.0,0.01,10,0.2,0.01325268,0.229251606551067
8.01,902.065429513701,202.73472805696994,0.2,0.2,20.249999999999996,0.8,0.8,900.0,0.01,10,0.2,0.015386513,0.22673715214367535
8.02,902.0432004922701,202.15630633692476,0.2,0.2,20.249999999999996,0.8,0.8,900.0,0.01,10,0.2,0.013976834,0.22442611500840692
8.03,902.0224045692333,201.42280043261846,0.2,0.2,20.249999999999996,0.8,0.8,900.0,0.01,10,0.2,0.014413747,0.22222510069558926
8.040000000000001,902.002587242524,200.53671234500496,0.2,0.2,20.249999999999996,0.8,0.8,900.0,0.01,10,0.2,0.01493897,0.22005903409496055
8.05,901.9831894656987,199.72188259542992,0.2,0.2,20.249999999999996,0.8,0.8,900.0,0.01,10,0.2,0.01481132,0.21809425176801128
8.06,901.9655058634283,198.9206510762665,0.2,0.2,20.249999999999996,0.8,0.8,900.0,0.01,10,0.2,0.013519951,0.21640226296831674
8.07,901.9501882914861,198.22096294692776,0.2,0.2,20.249999999999996,0.8,0.8,900.0,0.01,10,0.2,0.014742669,0.21503800819905866
8.08,901.937939672797,197.71370363985207,0.2,0.2,20.249999999999996,0.8,0.8,900.0,0.01,10,0.2,0.015499904,0.2141408490827711
8.09,901.9297600414676,197.46231754558463,0.2,0.2,20.249999999999996,0.8,0.8,900.0,0.01,10,0.2,0.013579492,0.21382576651550125
8.1,901.9267325307411,197.41779949096002,0.2,0.2,20.249999999999996,0.8,0.8,900.0,0.01,10,0.2,0.015017591,0.2140929639364355
8.11,901.9285807903317,197.6226213949048,0.2,0.2,20.249999999999996,0.8,0.8,900.0,0.01,10,0.2,0.013441221,0.21468692228102715
8.120000000000001,901.9343126968679,198.05345039502325,0.2,0.2,20.249999999999996,0.8,0.8,900.0,0.01,10,0.2,0.013811743,0.21580050618618982
8.13,901.9444192653538,198.62260341325543,0.2,0.2,20.249999999999996,0.8,0.8,900.0,0.01,10,0.2,0.015522363,0.217504824661521
8.14,901.9593868582767,199.08154531713157,0.2,0.2,20.249999999999996,0.8,0.8,900.0,0.01,10,0.2,0.013670822,0.2194900660308124
8.15,901.977232336998,199.44225866105003,0.2,0.2,20.249999999999996,0.8,0.8,900.0,0.01,10,0.2,0.014337547,0.22166342562916258
8.16,901.996673160639,199.49078328975972,0.2,0.2,20.249999999999996,0.8,0.8,900.0,0.01,10,0.2,0.014656098,0.22428152902274476
8.17,902.0199624467334,198.8799538668347,0.2,0.2,20.249999999999996,0.8,0.8,900.0,0.01,10,0.2,0.013975684,0.22713664434203598
8.18,902.0458670044812,198.27840494400945,0.2,0.2,20.249999999999996,0.8,0.8,900.0,0.01,10,0.2,0.013524112,0.2298790324539096
8.19,902.0706537572798,197.84444508678556,0.2,0.2,20.249999999999996,0.8,0.8,900.0,0.01,10,0.2,0.01499476,0.23267961509177967
8.2,902.095030746729,197.4132940074032,0.2,0.2,20.249999999999996,0.8,0.8,900.0,0.01,10,0.2,0.013462441,0.2351728042505425
8.21,902.1181076384339,197.04752696563236,0.2,0.2,20.249999999999996,0.8,0.8,900.0,0.01,10,0.2,0.01331698,0.23757093270030638
8.22,902.1400737929613,196.54943583800102,0.2,0.2,20.249999999999996,0.8,0.8,900.0,0.01,10,0.2,0.015265412,0.23973179906758854
8.23,902.1597693357458,196.28333725864735,0.2,0.2,20.249999999999996,0.8,0.8,900.0,0.01,10,0.2,0.014184485,0.24170631862646821
8.24,902.1782262101583,196.25151489225058,0.2,0.2,20.249999999999996,0.8,0.8,900.0,0.01,10,0.2,0.013556892,0.24365311244168375
8.25,902.1963315825818,196.5327768686975,0.2,0.2,20.249999999999996,0.8,0.8,900.0,0.01,10,0.2,0.01495404,0.245646443152387
8.26,902.2142015434538,197.08151128594506,0.2,0.2,20.249999999999996,0.8,0.8,900.0,0.01,10,0.2,0.013466371,0.24746718988089655
8.27,902.2303243541895,197.87505992513374,0.2,0.2,20.249999999999996,0.8,0.8,900.0,0.01,10,0.2,0.01320078,0.24882055820672588
8.28,902.2422705383518,198.85954693384036,0.2,0.2,20.249999999999996,0.8,0.8,900.0,0.01,10,0.2,0.014683629,0.24933893455453796
8.290000000000001,902.2465198773392,199.942174297631,0.2,0.2,20.249999999999996,0.8,0.8,900.0,0.01,10,0.2,0.01497463,0.24859545929727217
8.3,902.2394284305487,200.94292103188604,0.2,0.2,20.249999999999996,0.8,0.8,900.0,0.01,10,0.2,0.013794903,0.24647704997816594
8.31,902.2189467991587,201.59616106348395,0.2,0.2,20.249999999999996,0.8,0.8,900.0,0.01,10,0.2,0.014338556,0.2425446966177985
8.32,902.1839906148881,201.93450997936444,0.2,0.2,20.249999999999996,0.8,0.8,900.0,0.01,10,0.2,0.014300346,0.2370890376672403
8.33,902.1348815867561,201.87579951013694,0.2,0.2,20.249999999999996,0.8,0.8,900.0,0.01,10,0.2,0.014015475,0.2304189794762681
8.34,902.0751850925702,201.47279131681128,0.2,0.2,20.249999999999996,0.8,0.8,900.0,0.01,10,0.2,0.014576498,0.22315262540424144
8.35,902.0101328737125,200.7885599071864,0.2,0.2,20.249999999999996,0.8,0.8,900.0,0.01,10,0.2,0.013474862,0.21617547751933644
8.36,901.9466158944123,199.73784626779076,0.2,0.2,20.249999999999996,0.8,0.8,900.0,0.01,10,0.2,0.014663209,0.20946243985318735
8.370000000000001,901.8880279860281,198.74232572480162,0.2,0.2,20.249999999999996,0.8,0.8,900.0,0.01,10,0.2,0.014894579,0.20398871101714985
8.38,901.8392561798996,197.70451436516004,0.2,0.2,20.249999999999996,0.8,0.8,900.0,0.01,10,0.2,0.014035305,0.20008547291273335
8.39,901.8041453228855,196.59925161296252,0.2,0.2,20.249999999999996,0.8,0.8,900.0,0.01,10,0.2,0.014407367,0.1980504176262204
8.4,901.785581507275,195.3243017989398,0.2,0.2,20.249999999999996,0.8,0.8,900.0,0.01,10,0.2,0.015362683,0.19767968866787447
8.41,901.7828648915273,194.12721698374529,0.2,0.2,20.249999999999996,0.8,0.8,900.0,0.01,10,0.2,0.014342846,0.1990567857808427
8.42,901.7948045516148,193.05449341211644,0.2,0.2,20.249999999999996,0.8,0.8,900.0,0.01,10,0.2,0.014117725,0.20185669032116066
8.43,901.8200137170496,192.1428102734981,0.2,0.2,20.249999999999996,0.8,0.8,900.0,0.01,10,0.2,0.015699805,0.20597863182709006
8.44,901.8567827023318,191.45036107328232,0.2,0.2,20.249999999999996,0.8,0.8,900.0,0.01,10,0.2,0.013852363,0.21101216676852383
8.45,901.9017705206777,191.11994332307214,0.2,0.2,20.249999999999996,0.8,0.8,900.0,0.01,10,0.2,0.013999104,0.2167082542044356
8.46,901.9526260975655,191.13177820058516,0.2,0.2,20.249999999999996,0.8,0.8,900.0,0.01,10,0.2,0.015502404,0.2225176622234279
8.47,902.004554420718,191.58224581274632,0.2,0.2,20.249999999999996,0.8,0.8,900.0,0.01,10,0.2,0.014505458,0.22801597280424626
8.48,902.053647473645,192.36246853525196,0.2,0.2,20.249999999999996,0.8,0.8,900.0,0.01,10,0.2,0.013804843,0.2328261737697737
8.49,902.0969369452949,193.3419891588457,0.2,0.2,20.249999999999996,0.8,0.8,900.0,0.01,10,0.2,0.015417383,0.23675618397881992
8.5,902.1323287952667,194.3819544643762,0.2,0.2,20.249999999999996,0.8,0.8,900.0,0.01,10,0.2,0.013905924,0.23945358245943082
8.51,902.1564211165559,195.42219165997412,0.2,0.2,20.249999999999996,0.8,0.8,900.0,0.01,10,0.2,0.014510118,0.24075260706194146
8.52,902.1679561884786,196.33122241824285,0.2,0.2,20.249999999999996,0.8,0.8,900.0,0.01,10,0.2,0.015246822,0.2406075243881567
8.53,902.1666205787781,197.03911710511656,0.2,0.2,20.249999999999996,0.8,0.8,900.0,0.01,10,0.2,0.01495533,0.23931963668510273
8.540000000000001,902.154540626153,197.3601414586295,0.2,0.2,20.249999999999996,0.8,0.8,900.0,0.01,10,0.2,0.013594042,0.23690334546066869
8.55,902.1334195413073,197.47616194655822,0.2,0.2,20.249999999999996,0.8,0.8,900.0,0.01,10,0.2,0.015553634,0.23410423446126033
8.56,902.1083033391284,197.265923070642,0.2,0.2,20.249999999999996,0.8,0.8,900.0,0.01,10,0.2,0.014079625,0.23092935522782834
8.57,902.0800993346072,197.12659219783654,0.2,0.2,20.249999999999996,0.8,0.8,900.0,0.01,10,0.2,0.013628753,0.22764107739978892
8.58,902.0510353120261,197.0092944952433,0.2,0.2,20.249999999999996,0.8,0.8,900.0,0.01,10,0.2,0.015913286,0.2248329573147246
8.59,902.0258507587675,196.74400135537758,0.2,0.2,20.249999999999996,0.8,0.8,900.0,0.01,10,0.2,0.013966884,0.22267623253384
8.6,902.0068337395811,196.29811119565463,0.2,0.2,20.249999999999996,0.8,0.8,900.0,0.01,10,0.2,0.016128217,0.22176065073036896
8.61,901.9984152759021,195.5430508805418,0.2,0.2,20.249999999999996,0.8,0.8,900.0,0.01,10,0.2,0.014781509,0.221373736365808
8.620000000000001,901.9948810017898,195.55271094827128,0.2,0.2,20.249999999999996,0.8,0.8,900.0,0.01,10,0.2,0.013668733,0.22139816235897058
8.63,901.9951023189573,195.8878781598164,0.2,0.2,20.249999999999996,0.8,0.8,900.0,0.01,10,0.2,0.013773614,0.2218750644939053
8.64,901.9987499081802,196.35707999961423,0.2,0.2,20.249999999999996,0.8,0.8,900.0,0.01,10,0.2,0.0149177,0.22230693725506062
8.65,902.0026474602831,197.0615246550467,0.2,0.2,20.249999999999996,0.8,0.8,900.0,0.01,10,0.2,0.013344551,0.22243503887855223
8.66,902.0037181387873,197.93910286946178,0.2,0.2,20.249999999999996,0.8,0.8,900.0,0.01,10,0.2,0.014060835,0.2220874968602236
8.67,902.0005120970578,198.84008384708676,0.2,0.2,20.249999999999996,0.8,0.8,900.0,0.01,10,0.2,0.015223532,0.22124730595763073
8.68,901.9929099350425,199.6052926105256,0.2,0.2,20.249999999999996,0.8,0.8,900.0,0.01,10,0.2,0.014649688,0.22002433687287912
8.69,901.9815657008129,200.10832112963652,0.2,0.2,20.249999999999996,0.8,0.8,900.0,0.01,10,0.2,0.013992024,0.2183009220471105
8.700000000000001,901.9666251109941,200.32587198140237,0.2,0.2,20.249999999999996,0.8,0.8,900.0,0.01,10,0.2,0.016365828,0.21650727297695707
8.71,901.9507245038095,200.06164011010048,0.2,0.2,20.249999999999996,0.8,0.8,900.0,0.01,10,0.2,0.014371987,0.21496383964027832
8.72,901.9366290396791,199.36336987494624,0.2,0.2,20.249999999999996,0.8,0.8,900.0,0.01,10,0.2,0.013729782,0.21379025312752786
8.73,901.9268801593197,198.45679852851643,0.2,0.2,20.249999999999996,0.8,0.8,900.0,0.01,10,0.2,0.015514044,0.2136289183065978
8.74,901.9252278600836,197.4363213926261,0.2,0.2,20.249999999999996,0.8,0.8,900.0,0.01,10,0.2,0.014103886,0.21457907849976365
8.75,901.9348869365999,196.52563252587606,0.2,0.2,20.249999999999996,0.8,0.8,900.0,0.01,10,0.2,0.013866504,0.21699880242554628
8.76,901.9569864303886,195.85676788223614,0.2,0.2,20.249999999999996,0.8,0.8,900.0,0.01,10,0.2,0.015344672,0.2210000375549554
8.77,901.9931564261523,195.38606682374316,0.2,0.2,20.249999999999996,0.8,0.8,900.0,0.01,10,0.2,0.013150669,0.22650644849578774
8.78,902.0422989447111,195.1027819551584,0.2,0.2,20.249999999999996,0.8,0.8,900.0,0.01,10,0.2,0.014375657,0.23301929294465493
8.790000000000001,902.1010002376391,195.0020281759428,0.2,0.2,20.249999999999996,0.8,0.8,900.0,0.01,10,0.2,0.014549487,0.24035019623102663
8.8,902.1666345110888,195.05769836102266,0.2,0.2,20.249999999999996,0.8,0.8,900.0,0.01,10,0.2,0.014673099,0.24819863259743488
8.81,902.236854566765,195.03407551566875,0.2,0.2,20.249999999999996,0.8,0.8,900.0,0.01,10,0.2,0.014177025,0.255780791046339
8.82,902.3042898403339,195.53875469733674,0.2,0.2,20.249999999999996,0.8,0.8,900.0,0.01,10,0.2,0.01489771,0.2622443194806207
8.83,902.3621515094761,196.33734679742022,0.2,0.2,20.249999999999996,0.8,0.8,900.0,0.01,10,0.2,0.014263206,0.26730184019958647
8.84,902.4070647358451,197.2047649835954,0.2,0.2,20.249999999999996,0.8,0.8,900.0,0.01,10,0.2,0.014212835,0.27030416131178525
8.85,902.4338812740325,198.32819265953185,0.2,0.2,20.249999999999996,0.8,0.8,900.0,0.01,10,0.2,0.015418513,0.271066881609746
8.86,902.4405643151081,199.51546417408966,0.2,0.2,20.249999999999996,0.8,0.8,900.0,0.01,10,0.2,0.013530982,0.2695045585469169
8.870000000000001,902.4264736557897,200.58481533849346,0.2,0.2,20.249999999999996,0.8,0.8,900.0,0.01,10,0.2,0.014393986,0.2657713336675869
8.88,902.3930984988592,201.39767876341688,0.2,0.2,20.249999999999996,0.8,0.8,900.0,0.01,10,0.2,0.015278422,0.26028480798037096
8.89,902.3439800529028,201.85943849016448,0.2,0.2,20.249999999999996,0.8,0.8,900.0,0.01,10,0.2,0.014362586,0.253284873259248
8.9,902.2814727911318,202.07091777288022,0.2,0.2,20.249999999999996,0.8,0.8,900.0,0.01,10,0.2,0.014596378,0.24533872868170242
8.91,902.2102997485914,202.0926305028699,0.2,0.2,20.249999999999996,0.8,0.8,900.0,0.01,10,0.2,0.015504784,0.23704160264798735
8.92,902.1354958979558,201.85771533027344,0.2,0.2,20.249999999999996,0.8,0.8,900.0,0.01,10,0.2,0.013460611,0.22864633436587342
8.93,902.0610298536183,201.37738612437897,0.2,0.2,20.249999999999996,0.8,0.8,900.0,0.01,10,0.2,0.013826183,0.22084751828742455
8.94,901.9910023794916,200.50903558828432,0.2,0.2,20.249999999999996,0.8,0.8,900.0,0.01,10,0.2,0.015458223,0.2141585377344141
8.950000000000001,901.9310594236641,199.49019719716688,0.2,0.2,20.249999999999996,0.8,0.8,900.0,0.01,10,0.2,0.013923134,0.20849512436151488
8.96,901.8802158768075,198.6523978742583,0.2,0.2,20.249999999999996,0.8,0.8,900.0,0.01,10,0.2,0.014623989,0.20421405978526433
8.97,901.8417788276245,197.7104594501347,0.2,0.2,20.249999999999996,0.8,0.8,900.0,0.01,10,0.2,0.014973971,0.20158724986598792
8.98,901.8181287328265,196.6718842082968,0.2,0.2,20.249999999999996,0.8,0.8,900.0,0.01,10,0.2,0.014681069,0.20065806416359983
8.99,901.8093590270857,195.58798464417012,0.2,0.2,20.249999999999996,0.8,0.8,900.0,0.01,10,0.2,0.014197196,0.20112539178506134
9.0,901.8133302161128,194.52780203515795,0.2,0.2,20.249999999999996,0.8,0.8,900.0,0.01,10,0.2,0.014669848,0.2028038761243463
9.01,901.8281323014309,193.4943624571561,0.2,0.2,20.249999999999996,0.8,0.8,900.0,0.01,10,0.2,0.014656678,0.205441650397572
9.02,901.8516109982038,192.4947387964578,0.2,0.2,20.249999999999996,0.8,0.8,900.0,0.01,10,0.2,0.01481383,0.20885597764645608
9.03,901.8822722683374,191.47157691225976,0.2,0.2,20.249999999999996,0.8,0.8,900.0,0.01,10,0.2,0.015929626,0.2127754665866846
9.040000000000001,901.9174238500362,190.5348552133594,0.2,0.2,20.249999999999996,0.8,0.8,900.0,0.01,10,0.2,0.014525628,0.2168937429228343
9.05,901.9545389904019,189.75888530677275,0.2,0.2,20.249999999999996,0.8,0.8,900.0,0.01,10,0.2,0.013896574,0.22111023377134886
9.06,901.9926010956784,189.17766739560966,0.2,0.2,20.249999999999996,0.8,0.8,900.0,0.01,10,0.2,0.015107261,0.22536583333801494
9.07,902.0309699776569,188.82013047862043,0.2,0.2,20.249999999999996,0.8,0.8,900.0,0.01,10,0.2,0.013916804,0.2296062666732545
9.08,902.0691979497226,188.67116561028698,0.2,0.2,20.249999999999996,0.8,0.8,900.0,0.01,10,0.2,0.014582998,0.23389643124383505
9.09,902.107045952926,188.58594659375711,0.2,0.2,20.249999999999996,0.8,0.8,900.0,0.01,10,0.2,0.015261292,0.2377072760449355
9.1,902.1410691860408,188.8291291584509,0.2,0.2,20.249999999999996,0.8,0.8,900.0,0.01,10,0.2,0.014181855,0.24078223014917383
9.11,902.1689591268296,189.3349374464099,0.2,0.2,20.249999999999996,0.8,0.8,900.0,0.01,10,0.2,0.014399047,0.2431493075049091
9.120000000000001,902.1901828858229,190.03613208978666,0.2,0.2,20.249999999999996,0.8,0.8,900.0,0.01,10,0.2,0.014772009,0.24481980933921169
9.13,902.204963049652,190.73394582160878,0.2,0.2,20.249999999999996,0.8,0.8,900.0,0.01,10,0.2,0.013445271,0.2454512420182034
9.14,902.2105685848737,191.79386319727504,0.2,0.2,20.249999999999996,0.8,0.8,900.0,0.01,10,0.2,0.013749173,0.24507261768817903
9.15,902.2071995774429,192.96237905357728,0.2,0.2,20.249999999999996,0.8,0.8,900.0,0.01,10,0.2,0.015712244,0.24389272962672065
9.16,902.1965857570794,194.0803191760505,0.2,0.2,20.249999999999996,0.8,0.8,900.0,0.01,10,0.2,0.014515458,0.24194125236853856
9.17,902.1785272492584,195.0007070072602,0.2,0.2,20.249999999999996,0.8,0.8,900.0,0.01,10,0.2,0.014156916,0.23908699242990286
9.18,902.1535507572956,195.55588135070002,0.2,0.2,20.249999999999996,0.8,0.8,900.0,0.01,10,0.2,0.014786749,0.235779176989516
9.19,902.1237732781248,195.63135025276148,0.2,0.2,20.249999999999996,0.8,0.8,900.0,0.01,10,0.2,0.013652413,0.2320140221500651
9.200000000000001,902.0898304937548,195.4124800024115,0.2,0.2,20.249999999999996,0.8,0.8,900.0,0.01,10,0.2,0.013935884,0.22797453448272198
9.21,902.0529176491219,194.9562872666567,0.2,0.2,20.249999999999996,0.8,0.8,900.0,0.01,10,0.2,0.015307703,0.22360690546247874
9.22,902.0134544526244,194.28213833205243,0.2,0.2,20.249999999999996,0.8,0.8,900.0,0.01,10,0.2,0.013862453,0.21906279605593704
9.23,901.9728483905812,193.45205184629165,0.2,0.2,20.249999999999996,0.8,0.8,900.0,0.01,10,0.2,0.014256396,0.21471030762505658
9.24,901.9337235190974,192.58716134587627,0.2,0.2,20.249999999999996,0.8,0.8,900.0,0.01,10,0.2,0.01496078,0.21092591410328074
9.25,901.8998206235058,191.68482770267238,0.2,0.2,20.249999999999996,0.8,0.8,900.0,0.01,10,0.2,0.013524662,0.20818532326890704
9.26,901.8749380953176,190.8058897443079,0.2,0.2,20.249999999999996,0.8,0.8,900.0,0.01,10,0.2,0.013918633,0.20620314623339964
9.27,901.8574528437304,190.40715372748457,0.2,0.2,20.249999999999996,0.8,0.8,900.0,0.01,10,0.2,0.014436537,0.20547625793007426
9.28,901.851111710568,189.996471917163,0.2,0.2,20.249999999999996,0.8,0.8,900.0,0.01,10,0.2,0.013890084,0.2061422577300884
9.290000000000001,901.857302906949,189.9079077294777,0.2,0.2,20.249999999999996,0.8,0.8,900.0,0.01,10,0.2,0.01329324,0.2080280496016349
9.3,901.8739635089456,190.15527281643963,0.2,0.2,20.249999999999996,0.8,0.8,900.0,0.01,10,0.2,0.01488288,0.21093608067131878
9.31,901.9004013410264,190.54625141657962,0.2,0.2,20.249999999999996,0.8,0.8,900.0,0.01,10,0.2,0.013827783,0.21486055616625244
9.32,901.9355492974507,191.04824157524774,0.2,0.2,20.249999999999996,0.8,0.8,900.0,0.01,10,0.2,0.013953934,0.21944547036258003
9.33,901.9768795893358,191.67057886144536,0.2,0.2,20.249999999999996,0.8,0.8,900.0,0.01,10,0.2,0.015211322,0.22469030786630953
9.34,902.0238600085253,192.16077992386087,0.2,0.2,20.249999999999996,0.8,0.8,900.0,0.01,10,0.2,0.013398981,0.23014487453401428
9.35,902.0731628995195,192.50963447185657,0.2,0.2,20.249999999999996,0.8,0.8,900.0,0.01,10,0.2,0.013854043,0.23556798514230526
9.36,902.1219731402306,192.76546950850363,0.2,0.2,20.249999999999996,0.8,0.8,900.0,0.01,10,0.2,0.01495715,0.24073400510919138
9.370000000000001,902.1682233524521,192.9910040434583,0.2,0.2,20.249999999999996,0.8,0.8,900.0,0.01,10,0.2,0.013666672,0.24535000013089647
9.38,902.2098396640223,193.1450060908087,0.2,0.2,20.249999999999996,0.8,0.8,900.0,0.01,10,0.2,0.013450551,0.2493216785407631
9.39,902.2450697598977,193.46860052134363,0.2,0.2,20.249999999999996,0.8,0.8,900.0,0.01,10,0.2,0.015132001,0.2518148373711765
9.4,902.2675955754835,194.3191185752663,0.2,0.2,20.249999999999996,0.8,0.8,900.0,0.01,10,0.2,0.013485601,0.2528505277240581
9.41,902.2766476491308,195.40223582312566,0.2,0.2,20.249999999999996,0.8,0.8,900.0,0.01,10,0.2,0.013719803,0.25236941790313044
9.42,902.2724235840623,196.7104098477528,0.2,0.2,20.249999999999996,0.8,0.8,900.0,0.01,10,0.2,0.016128998,0.2508098883622474
9.43,902.2579034610557,197.85811548361755,0.2,0.2,20.249999999999996,0.8,0.8,900.0,0.01,10,0.2,0.013949764,0.2478525139614308
9.44,902.2314132450488,198.95763341231816,0.2,0.2,20.249999999999996,0.8,0.8,900.0,0.01,10,0.2,0.013355211,0.24349910889033774
9.450000000000001,902.1931107925675,200.09464236100376,0.2,0.2,20.249999999999996,0.8,0.8,900.0,0.01,10,0.2,0.014556468,0.23867387324915693
9.46,902.1497219660673,200.7563210811677,0.2,0.2,20.249999999999996,0.8,0.8,900.0,0.01,10,0.2,0.013380081,0.23296657363969628
9.47,902.0972025699377,201.4571296897128,0.2,0.2,20.249999999999996,0.8,0.8,900.0,0.01,10,0.2,0.013847114,0.22619838759420685
9.48,902.0373505632178,201.78231776048463,0.2,0.2,20.249999999999996,0.8,0.8,900.0,0.01,10,0.2,0.014428697,0.2192021131494882
9.49,901.9744728984621,201.56678266321845,0.2,0.2,20.249999999999996,0.8,0.8,900.0,0.01,10,0.2,0.013395791,0.21217254330771518
9.5,901.9118970540965,200.88048103848183,0.2,0.2,20.249999999999996,0.8,0.8,900.0,0.01,10,0.2,0.013889314,0.20544456112858356
9.51,901.8512773933415,199.90262294084135,0.2,0.2,20.249999999999996,0.8,0.8,900.0,0.01,10,0.2,0.015360453,0.1994545415078596
9.52,901.7978561435166,198.6397910714609,0.2,0.2,20.249999999999996,0.8,0.8,900.0,0.01,10,0.2,0.013547621,0.19474142275678272
9.53,901.7559091783626,197.2298269318889,0.2,0.2,20.249999999999996,0.8,0.8,900.0,0.01,10,0.2,0.013570152,0.1916583988910434
9.540000000000001,901.7284725875503,195.91211176793956,0.2,0.2,20.249999999999996,0.8,0.8,900.0,0.01,10,0.2,0.014581307,0.19046191754004355
9.55,901.7177092784566,194.81052102630542,0.2,0.2,20.249999999999996,0.8,0.8,900.0,0.01,10,0.2,0.013694693,0.19114094681766505
9.56,901.7239131848428,193.97111036015792,0.2,0.2,20.249999999999996,0.8,0.8,900.0,0.01,10,0.2,0.013914013,0.19382505714949194
9.57,901.7481413661965,193.2313359229846,0.2,0.2,20.249999999999996,0.8,0.8,900.0,0.01,10,0.2,0.01487819,0.1984114472678882
9.58,901.7893585175555,192.6657778605351,0.2,0.2,20.249999999999996,0.8,0.8,900.0,0.01,10,0.2,0.013434231,0.2045355969391936
9.59,901.8442979670837,192.43702863228967,0.2,0.2,20.249999999999996,0.8,0.8,900.0,0.01,10,0.2,0.013507182,0.21184531433230835
9.6,901.9099256629149,192.53391513825238,0.2,0.2,20.249999999999996,0.8,0.8,900.0,0.01,10,0.2,0.014208946,0.22004278368886865
9.61,901.9833901932677,192.91133248245595,0.2,0.2,20.249999999999996,0.8,0.8,900.0,0.01,10,0.2,0.013443661,0.228742183279038
9.620000000000001,902.0609169766137,193.54649595484167,0.2,0.2,20.249999999999996,0.8,0.8,900.0,0.01,10,0.2,0.01336508,0.2371835852110035
9.63,902.137206540703,194.4485073904863,0.2,0.2,20.249999999999996,0.8,0.8,900.0,0.01,10,0.2,0.015837375,0.2450884996650824
9.64,902.2080150573331,195.5592580099873,0.2,0.2,20.249999999999996,0.8,0.8,900.0,0.01,10,0.2,0.013666702,0.2518692133845991
9.65,902.2686745507309,196.82989886691942,0.2,0.2,20.249999999999996,0.8,0.8,900.0,0.01,10,0.2,0.013459431,0.25708334830497337
9.66,902.3153054476245,198.19493966542626,0.2,0.2,20.249999999999996,0.8,0.8,900.0,0.01,10,0.2,0.01493626,0.2605341167393628
9.67,902.3459817395915,199.56937474289467,0.2,0.2,20.249999999999996,0.8,0.8,900.0,0.01,10,0.2,0.013680962,0.2621143232008314
9.68,902.3600821321774,200.94825149214142,0.2,0.2,20.249999999999996,0.8,0.8,900.0,0.01,10,0.2,0.013824413,0.26179038791007603
9.69,902.3574581861916,202.2892983721553,0.2,0.2,20.249999999999996,0.8,0.8,900.0,0.01,10,0.2,0.015115901,0.25986026750233826
9.700000000000001,902.3406239920686,203.52556874311753,0.2,0.2,20.249999999999996,0.8,0.8,900.0,0.01,10,0.2,0.01331358,0.2567152588971412
9.71,902.312813180886,204.57684875594617,0.2,0.2,20.249999999999996,0.8,0.8,900.0,0.01,10,0.2,0.013648842,0.2527853595010158
9.72,902.2778109504114,205.32993622079167,0.2,0.2,20.249999999999996,0.8,0.8,900.0,0.01,10,0.2,0.014866269,0.24857422644229504
9.73,902.2400752688854,205.5653253088217,0.2,0.2,20.249999999999996,0.8,0.8,900.0,0.01,10,0.2,0.013697053,0.24426531967157156
9.74,902.2012778935039,205.6736246818818,0.2,0.2,20.249999999999996,0.8,0.8,900.0,0.01,10,0.2,0.015112941,0.23995273518170546
9.75,902.1626066934881,205.7102434550207,0.2,0.2,20.249999999999996,0.8,0.8,900.0,0.01,10,0.2,0.014631429,0.2358716075203752
9.76,902.1256541717125,205.64033081791405,0.2,0.2,20.249999999999996,0.8,0.8,900.0,0.01,10,0.2,0.013887084,0.23201383241968926
9.77,902.0907368462068,205.49980669696794,0.2,0.2,20.249999999999996,0.8,0.8,900.0,0.01,10,0.2,0.013623302,0.22847924700200312
9.78,902.0585096379615,205.238289270072,0.2,0.2,20.249999999999996,0.8,0.8,900.0,0.01,10,0.2,0.014446597,0.22513060942666863
9.790000000000001,902.0284259296031,204.86515094149567,0.2,0.2,20.249999999999996,0.8,0.8,900.0,0.01,10,0.2,0.013944104,0.22189274678008525
9.8,901.9991662657824,204.39786700593731,0.2,0.2,20.249999999999996,0.8,0.8,900.0,0.01,10,0.2,0.014387386,0.2188920892136368
9.81,901.9723157994449,203.56932607095305,0.2,0.2,20.249999999999996,0.8,0.8,900.0,0.01,10,0.2,0.015102391,0.2164662977065158
9.82,901.950362814325,202.42455986545912,0.2,0.2,20.249999999999996,0.8,0.8,900.0,0.01,10,0.2,0.013752073,0.21391541042567208
9.83,901.9276194247693,201.7242443831467,0.2,0.2,20.249999999999996,0.8,0.8,900.0,0.01,10,0.2,0.013442801,0.2113567369652418
9.84,901.9045363212022,201.09513961253697,0.2,0.2,20.249999999999996,0.8,0.8,900.0,0.01,10,0.2,0.01662476,0.20893763228717396
9.85,901.8828856519356,200.45132258827246,0.2,0.2,20.249999999999996,0.8,0.8,900.0,0.01,10,0.2,0.013799943,0.2067902942386979
9.86,901.8637069587169,199.7376398623494,0.2,0.2,20.249999999999996,0.8,0.8,900.0,0.01,10,0.2,0.014083314,0.20509081143758184
9.870000000000001,901.8484144065458,198.92319815112307,0.2,0.2,20.249999999999996,0.8,0.8,900.0,0.01,10,0.2,0.014616208,0.20390153650472945
9.88,901.8377877089505,198.0418337954549,0.2,0.2,20.249999999999996,0.8,0.8,900.0,0.01,10,0.2,0.013661332,0.2034255060746883
9.89,901.8335672461376,197.11865320711723,0.2,0.2,20.249999999999996,0.8,0.8,900.0,0.01,10,0.2,0.013811443,0.2037771330322016
9.9,901.8368666801337,196.22678409950007,0.2,0.2,20.249999999999996,0.8,0.8,900.0,0.01,10,0.2,0.014598898,0.20501787231578633
9.91,901.8480353627059,195.42699243029782,0.2,0.2,20.249999999999996,0.8,0.8,900.0,0.01,10,0.2,0.014191355,0.20714712814457353
9.92,901.867346080437,194.71125257131877,0.2,0.2,20.249999999999996,0.8,0.8,900.0,0.01,10,0.2,0.013732183,0.2102494111807097
9.93,901.8949465670996,193.99027213052983,0.2,0.2,20.249999999999996,0.8,0.8,900.0,0.01,10,0.2,0.014821439,0.21418558401617385
9.94,901.9303497620275,193.31225367253597,0.2,0.2,20.249999999999996,0.8,0.8,900.0,0.01,10,0.2,0.013840093,0.21887838035558388
9.950000000000001,901.9724918264254,192.64727302476464,0.2,0.2,20.249999999999996,0.8,0.8,900.0,0.01,10,0.2,0.01322892,0.22416726305309237
9.96,902.019957435854,192.01079798985245,0.2,0.2,20.249999999999996,0.8,0.8,900.0,0.01,10,0.2,0.014781629,0.2299332364040165
9.97,902.0717966377363,191.46515420151218,0.2,0.2,20.249999999999996,0.8,0.8,900.0,0.01,10,0.2,0.013514381,0.23622242744905614
9.98,902.128045253139,190.8930397780713,0.2,0.2,20.249999999999996,0.8,0.8,900.0,0.01,10,0.2,0.013471641,0.24254965084049715
9.99,902.1845269183162,190.76814089323,0.2,0.2,20.249999999999996,0.8,0.8,900.0,0.01,10,0.2,0.015251412,0.24847619762822037
10.0,902.238002484297,191.0685059906108,0.2,0.2,20.249999999999996,0.8,0.8,900.0,0.01,10,0.2,0.013791904,0.2538186323071436
10.01,902.2858736934764,191.72346185753253,0.2,0.2,20.249999999999996,0.8,0.8,900.0,0.01,10,0.2,0.013818594,0.2582323513635212
10.02,902.3255107609687,192.6383641975373,0.2,0.2,20.249999999999996,0.8,0.8,900.0,0.01,10,0.2,0.015437233,0.26173332017987133
10.03,902.3567235814432,193.44007985974773,0.2,0.2,20.249999999999996,0.8,0.8,900.0,0.01,10,0.2,0.013624112,0.2639668932713738
10.040000000000001,902.3771132558041,194.4514576985818,0.2,0.2,20.249999999999996,0.8,0.8,900.0,0.01,10,0.2,0.014270096,0.2650022377584561
10.05,902.3867052785381,195.42256622462767,0.2,0.2,20.249999999999996,0.8,0.8,900.0,0.01,10,0.2,0.016081187,0.26482817178842616
10.06,902.3853865581517,196.411681977424,0.2,0.2,20.249999999999996,0.8,0.8,900.0,0.01,10,0.2,0.014507627,0.26350023862646355
10.07,902.3733720964489,197.30213344786713,0.2,0.2,20.249999999999996,0.8,0.8,900.0,0.01,10,0.2,0.014232586,0.26081267822005516
10.08,902.34921723867,198.2402939003193,0.2,0.2,20.249999999999996,0.8,0.8,900.0,0.01,10,0.2,0.015189472,0.2567305465418738
10.09,902.3124736141166,199.12614895025814,0.2,0.2,20.249999999999996,0.8,0.8,900.0,0.01,10,0.2,0.014007644,0.2513433836373592
10.1,902.2638266497762,199.86276784230566,0.2,0.2,20.249999999999996,0.8,0.8,900.0,0.01,10,0.2,0.014081275,0.24479463733539253
10.11,902.2048963613304,200.35644242406687,0.2,0.2,20.249999999999996,0.8,0.8,900.0,0.01,10,0.2,0.015400632,0.2373038788170569
10.120000000000001,902.1374731934145,200.561707877786,0.2,0.2,20.249999999999996,0.8,0.8,900.0,0.01,10,0.2,0.01485332,0.22938425245599509
10.13,902.0649117362592,200.4360705397411,0.2,0.2,20.249999999999996,0.8,0.8,900.0,0.01,10,0.2,0.014133375,0.2208336802202704
10.14,901.9894527396337,199.97308069812084,0.2,0.2,20.249999999999996,0.8,0.8,900.0,0.01,10,0.2,0.014739209,0.2125100858857372
10.15,901.914712291295,199.08433969517847,0.2,0.2,20.249999999999996,0.8,0.8,900.0,0.01,10,0.2,0.015548484,0.20477244400083586
10.16,901.8452621641399,197.7845975480937,0.2,0.2,20.249999999999996,0.8,0.8,900.0,0.01,10,0.2,0.013615543,0.19810368421049568
10.17,901.7854267029077,196.18260442569547,0.2,0.2,20.249999999999996,0.8,0.8,900.0,0.01,10,0.2,0.01492249,0.1928425749806033
10.18,901.7384178354679,194.45324028796435,0.2,0.2,20.249999999999996,0.8,0.8,900.0,0.01,10,0.2,0.014769789,0.18928576804458105
10.19,901.7064404731707,192.74949111279298,0.2,0.2,20.249999999999996,0.8,0.8,900.0,0.01,10,0.2,0.013969294,0.1880543601483336
10.200000000000001,901.6952998947017,190.69658698112474,0.2,0.2,20.249999999999996,0.8,0.8,900.0,0.01,10,0.2,0.015706584,0.18849039699886788
10.21,901.698994564647,189.29598958771328,0.2,0.2,20.249999999999996,0.8,0.8,900.0,0.01,10,0.2,0.014217266,0.19041935021110432
10.22,901.716196675867,187.99738344593763,0.2,0.2,20.249999999999996,0.8,0.8,900.0,0.01,10,0.2,0.013766933,0.1935654945660201
10.23,901.7445067721867,186.9374694738658,0.2,0.2,20.249999999999996,0.8,0.8,900.0,0.01,10,0.2,0.01492667,0.19794767386431297
10.24,901.7830923473168,186.13344886500107,0.2,0.2,20.249999999999996,0.8,0.8,900.0,0.01,10,0.2,0.013659372,0.20314331889180023
10.25,901.8289930668711,185.67447049214374,0.2,0.2,20.249999999999996,0.8,0.8,900.0,0.01,10,0.2,0.013910984,0.20853850482246447
10.26,901.8783823761976,185.6255776752342,0.2,0.2,20.249999999999996,0.8,0.8,900.0,0.01,10,0.2,0.016712,0.214214514371874
10.27,901.9292945638142,185.91562719909018,0.2,0.2,20.249999999999996,0.8,0.8,900.0,0.01,10,0.2,0.013684173,0.21981335440478905
10.28,901.9794421688315,186.52151803326498,0.2,0.2,20.249999999999996,0.8,0.8,900.0,0.01,10,0.2,0.014319037,0.22506229409839165
10.290000000000001,902.0266562695059,187.41824720804266,0.2,0.2,20.249999999999996,0.8,0.8,900.0,0.01,10,0.2,0.015838806,0.22982274987447077
10.3,902.0695804168818,188.53553479056794,0.2,0.2,20.249999999999996,0.8,0.8,900.0,0.01,10,0.2,0.015149381,0.23397088845628333
10.31,902.106906765806,189.81283164357137,0.2,0.2,20.249999999999996,0.8,0.8,900.0,0.01,10,0.2,0.014215615,0.23746319690738657
10.32,902.1380041493819,191.13319420636535,0.2,0.2,20.249999999999996,0.8,0.8,900.0,0.01,10,0.2,0.015056851,0.23999835534311686
10.33,902.1614318457763,192.4983125263645,0.2,0.2,20.249999999999996,0.8,0.8,900.0,0.01,10,0.2,0.01494712,0.24176447758083755
10.34,902.1773229494038,193.82522299430562,0.2,0.2,20.249999999999996,0.8,0.8,900.0,0.01,10,0.2,0.014139255,0.2426582232729959
10.35,902.1853497987786,195.03225897909164,0.2,0.2,20.249999999999996,0.8,0.8,900.0,0.01,10,0.2,0.01494383,0.24269571239621013
10.36,902.1856310429393,196.06890988869952,0.2,0.2,20.249999999999996,0.8,0.8,900.0,0.01,10,0.2,0.015493924,0.242064747795575
10.370000000000001,902.179644870857,196.6989267657375,0.2,0.2,20.249999999999996,0.8,0.8,900.0,0.01,10,0.2,0.013697322,0.24107981191743422
10.38,902.1695907784891,196.6759877692819,0.2,0.2,20.249999999999996,0.8,0.8,900.0,0.01,10,0.2,0.015567004,0.23914302908874552
10.39,902.1534189226064,196.67612654456858,0.2,0.2,20.249999999999996,0.8,0.8,900.0,0.01,10,0.2,0.01340708,0.2370453019107252
10.4,902.1349008381893,196.33525009377001,0.2,0.2,20.249999999999996,0.8,0.8,900.0,0.01,10,0.2,0.01488675,0.23492032704048632
10.41,902.115877076176,195.85102973317933,0.2,0.2,20.249999999999996,0.8,0.8,900.0,0.01,10,0.2,0.015113731,0.2330410299187602
10.42,902.0990499275911,195.10836639423528,0.2,0.2,20.249999999999996,0.8,0.8,900.0,0.01,10,0.2,0.013947604,0.23146944055070956
10.43,902.0852206884164,194.4439357368178,0.2,0.2,20.249999999999996,0.8,0.8,900.0,0.01,10,0.2,0.014175846,0.2303514249843969
10.44,902.07516624264,194.01733410156075,0.2,0.2,20.249999999999996,0.8,0.8,900.0,0.01,10,0.2,0.014564637,0.2296570806337169
10.450000000000001,902.0690560550438,193.67924103823958,0.2,0.2,20.249999999999996,0.8,0.8,900.0,0.01,10,0.2,0.013698023,0.22977309626454426
10.46,902.070251087676,192.88063747108745,0.2,0.2,20.249999999999996,0.8,0.8,900.0,0.01,10,0.2,0.014390097,0.23035916867208914
10.47,902.0752918543833,192.54552830905448,0.2,0.2,20.249999999999996,0.8,0.8,900.0,0.01,10,0.2,0.015281572,0.2312441108335477
10.48,902.0834544120379,192.43737612549904,0.2,0.2,20.249999999999996,0.8,0.8,900.0,0.01,10,0.2,0.013643232,0.23291254478157386
10.49,902.0968633089682,192.30600465054587,0.2,0.2,20.249999999999996,0.8,0.8,900.0,0.01,10,0.2,0.013879814,0.23444659618356736
10.5,902.1120800062962,192.3992272131471,0.2,0.2,20.249999999999996,0.8,0.8,900.0,0.01,10,0.2,0.015465603,0.23577538142598728
10.51,902.1240989053839,192.9750491296758,0.2,0.2,20.249999999999996,0.8,0.8,900.0,0.01,10,0.2,0.014135046,0.2367674022169676
10.52,902.1319630827098,193.5556513127175,0.2,0.2,20.249999999999996,0.8,0.8,900.0,0.01,10,0.2,0.013927593,0.2368221602608826
10.53,902.1329888846744,194.21556410567942,0.2,0.2,20.249999999999996,0.8,0.8,900.0,0.01,10,0.2,0.014657108,0.236030896117666
10.540000000000001,902.124542988839,194.74975001509958,0.2,0.2,20.249999999999996,0.8,0.8,900.0,0.01,10,0.2,0.014044695,0.23403974105179834
10.55,902.1067869658058,194.83081998008385,0.2,0.2,20.249999999999996,0.8,0.8,900.0,0.01,10,0.2,0.014236915,0.230886656602786
10.56,902.0791797265049,195.074654895557,0.2,0.2,20.249999999999996,0.8,0.8,900.0,0.01,10,0.2,0.015591394,0.22713566099416224
10.57,902.0457037026863,195.12298250116538,0.2,0.2,20.249999999999996,0.8,0.8,900.0,0.01,10,0.2,0.013991394,0.22320145135838765
10.58,902.010946296968,194.95711427031395,0.2,0.2,20.249999999999996,0.8,0.8,900.0,0.01,10,0.2,0.013743953,0.21955566385846031
10.59,901.9782747856606,194.57919397031654,0.2,0.2,20.249999999999996,0.8,0.8,900.0,0.01,10,0.2,0.015447733,0.21651528641338214
10.6,901.9509655752013,193.97758448567834,0.2,0.2,20.249999999999996,0.8,0.8,900.0,0.01,10,0.2,0.013637492,0.21421469034619486
10.61,901.9303351289831,193.3147317199827,0.2,0.2,20.249999999999996,0.8,0.8,900.0,0.01,10,0.2,0.013642843,0.21284138248061124
10.620000000000001,901.9181819435645,192.66129263118376,0.2,0.2,20.249999999999996,0.8,0.8,900.0,0.01,10,0.2,0.014697999,0.2125586501825383
10.63,901.9158787449137,191.99374075906215,0.2,0.2,20.249999999999996,0.8,0.8,900.0,0.01,10,0.2,0.013718292,0.21347563690944832
10.64,901.9243122405272,191.42718657360632,0.2,0.2,20.249999999999996,0.8,0.8,900.0,0.01,10,0.2,0.013815173,0.21548803822938287
10.65,901.9420584420326,191.10926559235853,0.2,0.2,20.249999999999996,0.8,0.8,900.0,0.01,10,0.2,0.015244842,0.21819734854414807
10.66,901.9667937666371,191.15889199436415,0.2,0.2,20.249999999999996,0.8,0.8,900.0,0.01,10,0.2,0.014249326,0.22161291006156783
10.67,901.9975968059072,191.48796082834883,0.2,0.2,20.249999999999996,0.8,0.8,900.0,0.01,10,0.2,0.015889735,0.22556005455470649
10.68,902.032828050952,192.01200006134187,0.2,0.2,20.249999999999996,0.8,0.8,900.0,0.01,10,0.2,0.015868026,0.22984233975632717
10.69,902.07119418761,192.50687509884074,0.2,0.2,20.249999999999996,0.8,0.8,900.0,0.01,10,0.2,0.014401947,0.23400666367576645
10.700000000000001,902.1082648975664,192.95420977289268,0.2,0.2,20.249999999999996,0.8,0.8,900.0,0.01,10,0.2,0.013651002,0.23784136760364025
10.71,902.1426639167432,193.25121131811926,0.2,0.2,20.249999999999996,0.8,0.8,900.0,0.01,10,0.2,0.015167031,0.24131357451826022
10.72,902.1729585839583,193.21994298332822,0.2,0.2,20.249999999999996,0.8,0.8,900.0,0.01,10,0.2,0.013801263,0.24385866504947107
10.73,902.1959308455441,193.01256715935023,0.2,0.2,20.249999999999996,0.8,0.8,900.0,0.01,10,0.2,0.013360291,0.2454615027393608
10.74,902.2100734930583,192.73410812441193,0.2,0.2,20.249999999999996,0.8,0.8,900.0,0.01,10,0.2,0.015865015,0.24605096501873888
10.75,902.2151493223391,192.45230340009658,0.2,0.2,20.249999999999996,0.8,0.8,900.0,0.01,10,0.2,0.014488357,0.24560889724002613
10.76,902.2111119844828,192.22508658692936,0.2,0.2,20.249999999999996,0.8,0.8,900.0,0.01,10,0.2,0.013862183,0.24424296153811
10.77,902.1991524671708,192.06350356285793,0.2,0.2,20.249999999999996,0.8,0.8,900.0,0.01,10,0.2,0.016076147,0.2422338897129605
10.78,902.1813987651798,191.93207487765062,0.2,0.2,20.249999999999996,0.8,0.8,900.0,0.01,10,0.2,0.013477071,0.24002420207956932
10.790000000000001,902.161292286553,191.79928398634794,0.2,0.2,20.249999999999996,0.8,0.8,900.0,0.01,10,0.2,0.013874174,0.23768208351984985
10.8,902.1413506848437,191.70804762045546,0.2,0.2,20.249999999999996,0.8,0.8,900.0,0.01,10,0.2,0.015649304,0.23584999757515815
10.81,902.1249950865607,191.61889070468828,0.2,0.2,20.249999999999996,0.8,0.8,900.0,0.01,10,0.2,0.013462001,0.23479212129476115
10.82,902.1151379668719,191.26568526698733,0.2,0.2,20.249999999999996,0.8,0.8,900.0,0.01,10,0.2,0.014555157,0.23424766596736624
10.83,902.1109910212263,191.16927755338102,0.2,0.2,20.249999999999996,0.8,0.8,900.0,0.01,10,0.2,0.014706458,0.23452251194823184
10.84,902.1129939562798,191.13036912605628,0.2,0.2,20.249999999999996,0.8,0.8,900.0,0.01,10,0.2,0.015100231,0.23526513455470927
10.85,902.1196831081311,191.2664563921727,0.2,0.2,20.249999999999996,0.8,0.8,900.0,0.01,10,0.2,0.014498887,0.23623229700497983
10.86,902.1284381987685,191.58128074098985,0.2,0.2,20.249999999999996,0.8,0.8,900.0,0.01,10,0.2,0.015882645,0.23721289466674422
10.870000000000001,902.1368231629637,192.05471432816762,0.2,0.2,20.249999999999996,0.8,0.8,900.0,0.01,10,0.2,0.014055695,0.2377621102578113
10.88,902.1412731741292,192.66694015084386,0.2,0.2,20.249999999999996,0.8,0.8,900.0,0.01,10,0.2,0.013751832,0.2374056023209676
10.89,902.1375381302495,193.36161118742632,0.2,0.2,20.249999999999996,0.8,0.8,900.0,0.01,10,0.2,0.014778459,0.2359644831554244
10.9,902.1237278390081,193.87683456019158,0.2,0.2,20.249999999999996,0.8,0.8,900.0,0.01,10,0.2,0.013961984,0.2329427850276477
10.91,902.0965587755657,194.32865651224108,0.2,0.2,20.249999999999996,0.8,0.8,900.0,0.01,10,0.2,0.013034869,0.22846806261981964
10.92,902.0563541064307,194.55656428503772,0.2,0.2,20.249999999999996,0.8,0.8,900.0,0.01,10,0.2,0.015478303,0.22281800421555872
10.93,902.0057254014255,194.44852894012126,0.2,0.2,20.249999999999996,0.8,0.8,900.0,0.01,10,0.2,0.014009434,0.21636975129940947
10.94,901.9482424627524,193.99332211876262,0.2,0.2,20.249999999999996,0.8,0.8,900.0,0.01,10,0.2,0.014783429,0.20966981873063273
10.950000000000001,901.8883902042638,193.25296511178786,0.2,0.2,20.249999999999996,0.8,0.8,900.0,0.01,10,0.2,0.015341302,0.20319418864197794
10.96,901.8306245786215,192.38731884906036,0.2,0.2,20.249999999999996,0.8,0.8,900.0,0.01,10,0.2,0.014579648,0.19745258073072158
10.97,901.7795391727051,191.51300366567298,0.2,0.2,20.249999999999996,0.8,0.8,900.0,0.01,10,0.2,0.01490703,0.19304222290565923
10.98,901.7401839150256,190.37122040788762,0.2,0.2,20.249999999999996,0.8,0.8,900.0,0.01,10,0.2,0.015231242,0.18996875547521
10.99,901.7127283807663,189.3842845819467,0.2,0.2,20.249999999999996,0.8,0.8,900.0,0.01,10,0.2,0.014484777,0.18826634292194083
11.0,901.6974892715551,188.53543918691983,0.2,0.2,20.249999999999996,0.8,0.8,900.0,0.01,10,0.2,0.014131425,0.18806769345611213
11.01,901.6957485181722,187.71738366153988,0.2,0.2,20.249999999999996,0.8,0.8,900.0,0.01,10,0.2,0.014595518,0.18949919652941027
11.02,901.7084181221869,186.92242325683478,0.2,0.2,20.249999999999996,0.8,0.8,900.0,0.01,10,0.2,0.01327756,0.19239122446685744
11.03,901.7345128031917,186.18292893949172,0.2,0.2,20.249999999999996,0.8,0.8,900.0,0.01,10,0.2,0.014084144,0.19665728382171707
11.040000000000001,901.7726867576688,185.55074103829332,0.2,0.2,20.249999999999996,0.8,0.8,900.0,0.01,10,0.2,0.015334802,0.20215004107213805
11.05,901.8219197293045,185.05378131935092,0.2,0.2,20.249999999999996,0.8,0.8,900.0,0.01,10,0.2,0.014231006,0.2086824653860021
11.06,901.880404053203,184.72535806912782,0.2,0.2,20.249999999999996,0.8,0.8,900.0,0.01,10,0.2,0.014403966,0.21601150465082475
11.07,901.9461179609762,184.6049731660955,0.2,0.2,20.249999999999996,0.8,0.8,900.0,0.01,10,0.2,0.015835345,0.22387377148282836
11.08,902.0166558304219,184.73152089677376,0.2,0.2,20.249999999999996,0.8,0.8,900.0,0.01,10,0.2,0.014044095,0.23197454472562604
11.09,902.0894820895962,185.11237753277354,0.2,0.2,20.249999999999996,0.8,0.8,900.0,0.01,10,0.2,0.013921573,0.2400505014971599
11.1,902.162074772426,185.75507495823564,0.2,0.2,20.249999999999996,0.8,0.8,900.0,0.01,10,0.2,0.01493985,0.2478417208318936
11.11,902.2321940394099,186.6678064828854,0.2,0.2,20.249999999999996,0.8,0.8,900.0,0.01,10,0.2,0.01340041,0.25513197858468045
11.120000000000001,902.2978551261419,187.83850128974993,0.2,0.2,20.249999999999996,0.8,0.8,900.0,0.01,10,0.2,0.014356497,0.2616669667323099
11.13,902.3568536647864,189.25907204097106,0.2,0.2,20.249999999999996,0.8,0.8,900.0,0.01,10,0.2,0.014771629,0.26729094366725425
11.14,902.40753711448,190.88017844116655,0.2,0.2,20.249999999999996,0.8,0.8,900.0,0.01,10,0.2,0.014223776,0.2717919446572648
11.15,902.4482435711667,192.6273474524251,0.2,0.2,20.249999999999996,0.8,0.8,900.0,0.01,10,0.2,0.013650792,0.2750492012835229
11.16,902.4775204153657,194.4027234665929,0.2,0.2,20.249999999999996,0.8,0.8,900.0,0.01,10,0.2,0.014906689,0.2768703200237391
11.17,902.4938117004314,196.1143403468642,0.2,0.2,20.249999999999996,0.8,0.8,900.0,0.01,10,0.2,0.014041975,0.27713547973228375
11.18,902.4961706402133,197.6033321927636,0.2,0.2,20.249999999999996,0.8,0.8,900.0,0.01,10,0.2,0.014476857,0.27577005127268517
11.19,902.4837532623907,198.77653945328322,0.2,0.2,20.249999999999996,0.8,0.8,900.0,0.01,10,0.2,0.015020141,0.27265677472611966
11.200000000000001,902.4554966814488,199.77151253157868,0.2,0.2,20.249999999999996,0.8,0.8,900.0,0.01,10,0.2,0.013764083,0.2676758394036288
11.21,902.4105892577113,200.59983067867483,0.2,0.2,20.249999999999996,0.8,0.8,900.0,0.01,10,0.2,0.013952524,0.26100816196657534
11.22,902.3505322006237,201.18328146320093,0.2,0.2,20.249999999999996,0.8,0.8,900.0,0.01,10,0.2,0.015103191,0.2529229598799748
11.23,902.2777762951832,201.45984375507203,0.2,0.2,20.249999999999996,0.8,0.8,900.0,0.01,10,0.2,0.015185541,0.24382867915776063
11.24,902.1959544832571,201.19099489283192,0.2,0.2,20.249999999999996,0.8,0.8,900.0,0.01,10,0.2,0.014005305,0.2341726950595761
11.25,902.1091935054493,200.30672841499458,0.2,0.2,20.249999999999996,0.8,0.8,900.0,0.01,10,0.2,0.014666149,0.22446096422186324
11.26,902.0221572947179,199.04368223173603,0.2,0.2,20.249999999999996,0.8,0.8,900.0,0.01,10,0.2,0.013561672,0.21497112579780403
11.27,901.9370792657846,197.65303341269848,0.2,0.2,20.249999999999996,0.8,0.8,900.0,0.01,10,0.2,0.014511327,0.2062975658468847
11.28,901.8593353198378,196.03212427474855,0.2,0.2,20.249999999999996,0.8,0.8,900.0,0.01,10,0.2,0.015506883,0.19878431346873715
11.290000000000001,901.792007596751,194.1633158840604,0.2,0.2,20.249999999999996,0.8,0.8,900.0,0.01,10,0.2,0.014269776,0.19258733493896313
11.3,901.7362610247246,192.23431369013073,0.2,0.2,20.249999999999996,0.8,0.8,900.0,0.01,10,0.2,0.014459007,0.18794109373639203
11.31,901.6936958570086,190.35592982421477,0.2,0.2,20.249999999999996,0.8,0.8,900.0,0.01,10,0.2,0.01499815,0.18481856102599695
11.32,901.6652554757035,188.459836151052,0.2,0.2,20.249999999999996,0.8,0.8,900.0,0.01,10,0.2,0.014104394,0.1831282719884872
11.33,901.6503957967552,186.72319001493412,0.2,0.2,20.249999999999996,0.8,0.8,900.0,0.01,10,0.2,0.013704983,0.18278950474883954
11.34,901.647563280349,185.56677378552126,0.2,0.2,20.249999999999996,0.8,0.8,900.0,0.01,10,0.2,0.014956071,0.18400452973449516
11.35,901.6582969440026,184.7594372843463,0.2,0.2,20.249999999999996,0.8,0.8,900.0,0.01,10,0.2,0.014232556,0.18691952807114517
11.36,901.6844371061879,183.93847329097184,0.2,0.2,20.249999999999996,0.8,0.8,900.0,0.01,10,0.2,0.014037724,0.19132505339855996
11.370000000000001,901.7231439344112,183.58235988967158,0.2,0.2,20.249999999999996,0.8,0.8,900.0,0.01,10,0.2,0.015197342,0.196560895743873
11.38,901.7705481852646,183.54730077755073,0.2,0.2,20.249999999999996,0.8,0.8,900.0,0.01,10,0.2,0.013506212,0.2024571658854106
11.39,901.8234455051161,183.9011999810717,0.2,0.2,20.249999999999996,0.8,0.8,900.0,0.01,10,0.2,0.014852859,0.20902418030147563
11.4,901.8821359986628,184.33248630556966,0.2,0.2,20.249999999999996,0.8,0.8,900.0,0.01,10,0.2,0.015753294,0.21587020945097063
11.41,901.9437847189212,185.0513677063979,0.2,0.2,20.249999999999996,0.8,0.8,900.0,0.01,10,0.2,0.015002381,0.22260356902298767
11.42,902.0046691285262,186.13517108187716,0.2,0.2,20.249999999999996,0.8,0.8,900.0,0.01,10,0.2,0.013959924,0.22918656013275404
11.43,902.0640023087215,187.32154411704875,0.2,0.2,20.249999999999996,0.8,0.8,900.0,0.01,10,0.2,0.015038371,0.2355922692767585
11.44,902.1211243369257,188.5051909938838,0.2,0.2,20.249999999999996,0.8,0.8,900.0,0.01,10,0.2,0.014378006,0.24130971791016748
11.450000000000001,902.1730971496847,189.63751720823737,0.2,0.2,20.249999999999996,0.8,0.8,900.0,0.01,10,0.2,0.014428287,0.24651867666539395
11.46,902.2203234098437,190.5535022745466,0.2,0.2,20.249999999999996,0.8,0.8,900.0,0.01,10,0.2,0.015714604,0.25136634569055777
11.47,902.2630464714531,191.1787762268384,0.2,0.2,20.249999999999996,0.8,0.8,900.0,0.01,10,0.2,0.014388576,0.2550951953335736
11.48,902.2979183064688,191.90341531379295,0.2,0.2,20.249999999999996,0.8,0.8,900.0,0.01,10,0.2,0.014804129,0.2580673365974602
11.49,902.3247577118661,192.81172909049448,0.2,0.2,20.249999999999996,0.8,0.8,900.0,0.01,10,0.2,0.01651382,0.2602035489405419
11.5,902.3439232087193,193.94444583849037,0.2,0.2,20.249999999999996,0.8,0.8,900.0,0.01,10,0.2,0.012982519,0.26161793247954596
11.51,902.356662744886,194.9752200975192,0.2,0.2,20.249999999999996,0.8,0.8,900.0,0.01,10,0.2,0.013818593,0.2623224620711481
11.52,902.3632445701209,195.91921195172137,0.2,0.2,20.249999999999996,0.8,0.8,900.0,0.01,10,0.2,0.014720789,0.26186939669870324
11.53,902.3593056634352,196.9298097794735,0.2,0.2,20.249999999999996,0.8,0.8,900.0,0.01,10,0.2,0.013562922,0.2602677287477875
11.540000000000001,902.3447097669753,197.83435035710698,0.2,0.2,20.249999999999996,0.8,0.8,900.0,0.01,10,0.2,0.013805923,0.25759214240531764
11.55,902.3205061546221,198.49153849246116,0.2,0.2,20.249999999999996,0.8,0.8,900.0,0.01,10,0.2,0.015476853,0.25367792540183337
11.56,902.2851471145544,199.1184364894906,0.2,0.2,20.249999999999996,0.8,0.8,900.0,0.01,10,0.2,0.013801713,0.24846748433676558
11.57,902.2385003839818,199.59651338244353,0.2,0.2,20.249999999999996,0.8,0.8,900.0,0.01,10,0.2,0.014224915,0.2422517018309782
11.58,902.1826805562976,199.65923755867797,0.2,0.2,20.249999999999996,0.8,0.8,900.0,0.01,10,0.2,0.015137261,0.23500977191954464
11.59,902.1174322801944,199.4412709867331,0.2,0.2,20.249999999999996,0.8,0.8,900.0,0.01,10,0.2,0.01503794,0.22705468212430666
11.6,902.0458261341745,198.8653364124323,0.2,0.2,20.249999999999996,0.8,0.8,900.0,0.01,10,0.2,0.013991444,0.21880271908703747
11.61,901.9715645476551,197.94041303345418,0.2,0.2,20.249999999999996,0.8,0.8,900.0,0.01,10,0.2,0.015526973,0.21070277058749887
11.620000000000001,901.8988927781469,196.71287172424954,0.2,0.2,20.249999999999996,0.8,0.8,900.0,0.01,10,0.2,0.013732973,0.20327567514538775
11.63,901.832256351731,195.27673102977096,0.2,0.2,20.249999999999996,0.8,0.8,900.0,0.01,10,0.2,0.013935834,0.19698157438101227
11.64,901.7756965720332,193.76223614786244,0.2,0.2,20.249999999999996,0.8,0.8,900.0,0.01,10,0.2,0.015215031,0.19221623347292102
11.65,901.7330021933597,192.28220018634696,0.2,0.2,20.249999999999996,0.8,0.8,900.0,0.01,10,0.2,0.014490187,0.18931453104503662
11.66,901.7070850683748,190.95518916300367,0.2,0.2,20.249999999999996,0.8,0.8,900.0,0.01,10,0.2,0.014083505,0.18850527973815653
11.67,901.6999123473992,189.87536437222798,0.2,0.2,20.249999999999996,0.8,0.8,900.0,0.01,10,0.2,0.014447117,0.18981839022955233
11.68,901.7116779824532,189.08545705266863,0.2,0.2,20.249999999999996,0.8,0.8,900.0,0.01,10,0.2,0.013732503,0.1931167250562962
11.69,901.7411188202638,188.60908471452004,0.2,0.2,20.249999999999996,0.8,0.8,900.0,0.01,10,0.2,0.014051904,0.19808704190898158
11.700000000000001,901.785819173533,188.3271311557796,0.2,0.2,20.249999999999996,0.8,0.8,900.0,0.01,10,0.2,0.015879946,0.20445905293265584
11.71,901.8429700426424,188.1349013212115,0.2,0.2,20.249999999999996,0.8,0.8,900.0,0.01,10,0.2,0.017103932,0.21203726661308503
11.72,901.9107471706419,187.8246873316504,0.2,0.2,20.249999999999996,0.8,0.8,900.0,0.01,10,0.2,0.015613394,0.22000734187283774
11.73,901.982012368323,188.0098479925558,0.2,0.2,20.249999999999996,0.8,0.8,900.0,0.01,10,0.2,0.015091061,0.2280061940479308
11.74,902.0538715534003,188.50053493726702,0.2,0.2,20.249999999999996,0.8,0.8,900.0,0.01,10,0.2,0.014033624,0.23594724271168602
11.75,902.1254038085269,189.22364180168205,0.2,0.2,20.249999999999996,0.8,0.8,900.0,0.01,10,0.2,0.014037595,0.24378387588798103
11.76,902.1956448278875,190.05583960282925,0.2,0.2,20.249999999999996,0.8,0.8,900.0,0.01,10,0.2,0.015626684,0.25120461226272744
11.77,902.2625438825492,191.04174918801877,0.2,0.2,20.249999999999996,0.8,0.8,900.0,0.01,10,0.2,0.013755933,0.258115680295756
11.78,902.324957979772,192.19348677592515,0.2,0.2,20.249999999999996,0.8,0.8,900.0,0.01,10,0.2,0.014628188,0.26437004545941123
11.790000000000001,902.381613940976,193.5199012290552,0.2,0.2,20.249999999999996,0.8,0.8,900.0,0.01,10,0.2,0.016914951,0.2699104317144943
11.8,902.4312655623153,194.94654810262873,0.2,0.2,20.249999999999996,0.8,0.8,900.0,0.01,10,0.2,0.014125265,0.27437210344254415
11.81,902.4715632890687,196.45021607821468,0.2,0.2,20.249999999999996,0.8,0.8,900.0,0.01,10,0.2,0.014100085,0.2775878674252083
11.82,902.5004773206655,197.99107520640885,0.2,0.2,20.249999999999996,0.8,0.8,900.0,0.01,10,0.2,0.014873189,0.279270676829704
11.83,902.5154783740473,199.5659785586514,0.2,0.2,20.249999999999996,0.8,0.8,900.0,0.01,10,0.2,0.013730093,0.27922776630725854
11.84,902.514842611803,201.13406507782278,0.2,0.2,20.249999999999996,0.8,0.8,900.0,0.01,10,0.2,0.013567572,0.2773655242811702
11.85,902.4975700420913,202.6186183430939,0.2,0.2,20.249999999999996,0.8,0.8,900.0,0.01,10,0.2,0.01504284,0.27350169175324207
11.86,902.4631710746903,203.98412540715626,0.2,0.2,20.249999999999996,0.8,0.8,900.0,0.01,10,0.2,0.013678283,0.2679586979662021
11.870000000000001,902.4132232619361,205.11853999151614,0.2,0.2,20.249999999999996,0.8,0.8,900.0,0.01,10,0.2,0.014103045,0.26092859438775245
11.88,902.3499976652971,205.90493249614863,0.2,0.2,20.249999999999996,0.8,0.8,900.0,0.01,10,0.2,0.014572738,0.2527380696276956
11.89,902.2764030737961,206.24869116644194,0.2,0.2,20.249999999999996,0.8,0.8,900.0,0.01,10,0.2,0.01342774,0.2436468977602177
11.9,902.1952670008166,206.05472929907413,0.2,0.2,20.249999999999996,0.8,0.8,900.0,0.01,10,0.2,0.015263812,0.23413329397055518
11.91,902.1095453154529,205.3098452244515,0.2,0.2,20.249999999999996,0.8,0.8,900.0,0.01,10,0.2,0.01487988,0.22465067880444112
11.92,902.0243341935864,203.8811874915951,0.2,0.2,20.249999999999996,0.8,0.8,900.0,0.01,10,0.2,0.013945284,0.21596991976492774
11.93,901.9463263680383,201.32115292404293,0.2,0.2,20.249999999999996,0.8,0.8,900.0,0.01,10,0.2,0.014183065,0.2078840192701294
11.94,901.8733958138994,199.21697355043116,0.2,0.2,20.249999999999996,0.8,0.8,900.0,0.01,10,0.2,0.015110461,0.20055119575260028
11.950000000000001,901.8080894304865,197.00602529270566,0.2,0.2,20.249999999999996,0.8,0.8,900.0,0.01,10,0.2,0.013508651,0.19473928395105847
11.96,901.7554341534532,194.50521947834883,0.2,0.2,20.249999999999996,0.8,0.8,900.0,0.01,10,0.2,0.013541682,0.19042128238206468
11.97,901.7170657311327,192.01175092432712,0.2,0.2,20.249999999999996,0.8,0.8,900.0,0.01,10,0.2,0.015041051,0.18755595070034853
11.98,901.6912045385217,189.82952387402491,0.2,0.2,20.249999999999996,0.8,0.8,900.0,0.01,10,0.2,0.013577261,0.18623490989783947
11.99,901.6791762888221,187.75403540112467,0.2,0.2,20.249999999999996,0.8,0.8,900.0,0.01,10,0.2,0.014050375,0.18675640896548923
12.0,901.6826872146768,185.7580861869572,0.2,0.2,20.249999999999996,0.8,0.8,900.0,0.01,10,0.2,0.015587274,0.18817640185518902
12.01,901.6959141017595,184.2068530275122,0.2,0.2,20.249999999999996,0.8,0.8,900.0,0.01,10,0.2,0.013517751,0.19053594998556
12.02,901.7169327736965,183.0181733788686,0.2,0.2,20.249999999999996,0.8,0.8,900.0,0.01,10,0.2,0.013816313,0.19371582263551387
12.030000000000001,901.745360275215,182.1652400117835,0.2,0.2,20.249999999999996,0.8,0.8,900.0,0.01,10,0.2,0.01490581,0.19748059277487198
12.040000000000001,901.7790556274268,181.64211449216805,0.2,0.2,20.249999999999996,0.8,0.8,900.0,0.01,10,0.2,0.013518532,0.20174075862199795
12.05,901.8172585495624,181.3969554035517,0.2,0.2,20.249999999999996,0.8,0.8,900.0,0.01,10,0.2,0.014136325,0.20647810458945337
12.06,901.8599604152248,181.31416271296413,0.2,0.2,20.249999999999996,0.8,0.8,900.0,0.01,10,0.2,0.015256461,0.21165706907353282
12.07,901.9065683484124,181.35600087531807,0.2,0.2,20.249999999999996,0.8,0.8,900.0,0.01,10,0.2,0.014505397,0.21718026297683782
12.08,901.9562530958544,181.56876393963017,0.2,0.2,20.249999999999996,0.8,0.8,900.0,0.01,10,0.2,0.013695073,0.2229664168856539
12.09,902.0081665867037,181.9734278117034,0.2,0.2,20.249999999999996,0.8,0.8,900.0,0.01,10,0.2,0.016536059,0.22868815425936934
12.1,902.0598122218038,182.6379768805394,0.2,0.2,20.249999999999996,0.8,0.8,900.0,0.01,10,0.2,0.014176855,0.2342722043594547
12.11,902.1099858150409,183.57899842921745,0.2,0.2,20.249999999999996,0.8,0.8,900.0,0.01,10,0.2,0.014156265,0.23937917962082236
12.120000000000001,902.155800897986,184.81599945486053,0.2,0.2,20.249999999999996,0.8,0.8,900.0,0.01,10,0.2,0.014753969,0.24372258003623556
12.13,902.1947828144662,186.33091169718318,0.2,0.2,20.249999999999996,0.8,0.8,900.0,0.01,10,0.2,0.014079465,0.2472011742440666
12.14,902.2258777619917,187.7848212598535,0.2,0.2,20.249999999999996,0.8,0.8,900.0,0.01,10,0.2,0.013936204,0.24958033563761492
12.15,902.2471569088268,189.24868511257637,0.2,0.2,20.249999999999996,0.8,0.8,900.0,0.01,10,0.2,0.014362896,0.25041720574602216
12.16,902.2546724584581,191.0502914342135,0.2,0.2,20.249999999999996,0.8,0.8,900.0,0.01,10,0.2,0.0134029,0.24967691722549432
12.17,902.2481423692307,192.85016642598345,0.2,0.2,20.249999999999996,0.8,0.8,900.0,0.01,10,0.2,0.013500191,0.24751466238522538
12.18,902.229020949116,194.45993400339913,0.2,0.2,20.249999999999996,0.8,0.8,900.0,0.01,10,0.2,0.014430367,0.2442945225066686
12.19,902.2002397362378,195.71922133717882,0.2,0.2,20.249999999999996,0.8,0.8,900.0,0.01,10,0.2,0.013099079,0.24037789173629973
12.200000000000001,902.1653550456853,196.51714586798417,0.2,0.2,20.249999999999996,0.8,0.8,900.0,0.01,10,0.2,0.013995944,0.23617569754584228
12.21,902.1277441228762,196.816373777766,0.2,0.2,20.249999999999996,0.8,0.8,900.0,0.01,10,0.2,0.015116121,0.23207308736732435
12.22,902.0911626323744,196.64063065693327,0.2,0.2,20.249999999999996,0.8,0.8,900.0,0.01,10,0.2,0.013712502,0.22846031606202172
12.23,902.0587829295821,196.07477377632392,0.2,0.2,20.249999999999996,0.8,0.8,900.0,0.01,10,0.2,0.013563862,0.22564390431119227
12.24,902.0333238909415,195.18572651600383,0.2,0.2,20.249999999999996,0.8,0.8,900.0,0.01,10,0.2,0.01499177,0.22371226016493886
12.25,902.0156772777187,193.84341525665403,0.2,0.2,20.249999999999996,0.8,0.8,900.0,0.01,10,0.2,0.013928014,0.2225522000918279
12.26,902.0049565029005,192.56483628429058,0.2,0.2,20.249999999999996,0.8,0.8,900.0,0.01,10,0.2,0.013581672,0.22163835905440404
12.27,901.9965296921831,191.55798948184892,0.2,0.2,20.249999999999996,0.8,0.8,900.0,0.01,10,0.2,0.01498196,0.22086817739641992
12.280000000000001,901.9893590678225,190.6417680466669,0.2,0.2,20.249999999999996,0.8,0.8,900.0,0.01,10,0.2,0.013707772,0.22006035966820348
12.290000000000001,901.9817288188159,189.87752913712026,0.2,0.2,20.249999999999996,0.8,0.8,900.0,0.01,10,0.2,0.013455811,0.21895927960811187
12.3,901.9717669064898,189.26834495398413,0.2,0.2,20.249999999999996,0.8,0.8,900.0,0.01,10,0.2,0.01504261,0.21745171573969627
12.31,901.9580507777898,188.7723742001928,0.2,0.2,20.249999999999996,0.8,0.8,900.0,0.01,10,0.2,0.013780483,0.21549517381339883
12.32,901.9404552486754,188.41207534383346,0.2,0.2,20.249999999999996,0.8,0.8,900.0,0.01,10,0.2,0.013773653,0.2131977246080569
12.33,901.9199147507733,188.18114358833623,0.2,0.2,20.249999999999996,0.8,0.8,900.0,0.01,10,0.2,0.015401872,0.2107259842815937
12.34,901.8978193772175,188.06149419450298,0.2,0.2,20.249999999999996,0.8,0.8,900.0,0.01,10,0.2,0.013597232,0.2082834123175145
12.35,901.8761342110248,188.01807633266978,0.2,0.2,20.249999999999996,0.8,0.8,900.0,0.01,10,0.2,0.013740363,0.2061538022132909
12.36,901.8564063023745,187.98139752688556,0.2,0.2,20.249999999999996,0.8,0.8,900.0,0.01,10,0.2,0.014585198,0.20421046386534747
12.370000000000001,901.8398300850973,187.96826883743137,0.2,0.2,20.249999999999996,0.8,0.8,900.0,0.01,10,0.2,0.013562372,0.20278591774564855
12.38,901.8271666392163,187.92585610368616,0.2,0.2,20.249999999999996,0.8,0.8,900.0,0.01,10,0.2,0.014161065,0.201916435673497
12.39,901.8194417774283,187.82155997738218,0.2,0.2,20.249999999999996,0.8,0.8,900.0,0.01,10,0.2,0.014750559,0.20173835144827712
12.4,901.8179737368242,187.65254201328287,0.2,0.2,20.249999999999996,0.8,0.8,900.0,0.01,10,0.2,0.013583232,0.2026034033784452
12.41,901.8257437449251,187.28694430587817,0.2,0.2,20.249999999999996,0.8,0.8,900.0,0.01,10,0.2,0.013583002,0.20435206477038473
12.42,901.8413646382226,187.09851462146872,0.2,0.2,20.249999999999996,0.8,0.8,900.0,0.01,10,0.2,0.014422767,0.20692454354995765
12.43,901.8640477937475,186.99028801467207,0.2,0.2,20.249999999999996,0.8,0.8,900.0,0.01,10,0.2,0.014167435,0.21014921591106026
12.44,901.8934025839017,187.01713946725067,0.2,0.2,20.249999999999996,0.8,0.8,900.0,0.01,10,0.2,0.013900354,0.21413763612569714
12.450000000000001,901.9291650826332,187.24338277184592,0.2,0.2,20.249999999999996,0.8,0.8,900.0,0.01,10,0.2,0.014838779,0.2187638490615667
12.46,901.9708093141336,187.63205866207159,0.2,0.2,20.249999999999996,0.8,0.8,900.0,0.01,10,0.2,0.014016844,0.22404736616954368
12.47,902.0180913807172,188.1460663347306,0.2,0.2,20.249999999999996,0.8,0.8,900.0,0.01,10,0.2,0.014119915,0.22985309335345172
12.48,902.0705968576411,188.64278441808932,0.2,0.2,20.249999999999996,0.8,0.8,900.0,0.01,10,0.2,0.014258046,0.23634238653087808
12.49,902.128040401707,189.11284233489016,0.2,0.2,20.249999999999996,0.8,0.8,900.0,0.01,10,0.2,0.013381181,0.2425734340255792
12.5,902.1850655833397,190.08708241043985,0.2,0.2,20.249999999999996,0.8,0.8,900.0,0.01,10,0.2,0.013509742,0.24874068603878596
12.51,902.2405958305267,191.30125334017163,0.2,0.2,20.249999999999996,0.8,0.8,900.0,0.01,10,0.2,0.014885659,0.25460386747998126
12.52,902.2931933071667,192.60372875840204,0.2,0.2,20.249999999999996,0.8,0.8,900.0,0.01,10,0.2,0.013208639,0.25978632102181803
12.530000000000001,902.339683636421,194.1455423660888,0.2,0.2,20.249999999999996,0.8,0.8,900.0,0.01,10,0.2,0.014185665,0.26397300160180326
12.540000000000001,902.3773633818049,195.7492613013661,0.2,0.2,20.249999999999996,0.8,0.8,900.0,0.01,10,0.2,0.014798069,0.26715363588281665
12.55,902.4054576834452,197.1682546171523,0.2,0.2,20.249999999999996,0.8,0.8,900.0,0.01,10,0.2,0.013634162,0.2687101190054598
12.56,902.419440617841,198.5397765003583,0.2,0.2,20.249999999999996,0.8,0.8,900.0,0.01,10,0.2,0.013999954,0.26860413654604964
12.57,902.4186240335029,199.57029101061195,0.2,0.2,20.249999999999996,0.8,0.8,900.0,0.01,10,0.2,0.015320942,0.26702561727194885
12.58,902.4045254752888,200.0710028032241,0.2,0.2,20.249999999999996,0.8,0.8,900.0,0.01,10,0.2,0.013881534,0.2642100800544831
12.59,902.3794237646392,200.10394363013307,0.2,0.2,20.249999999999996,0.8,0.8,900.0,0.01,10,0.2,0.014073594,0.26047529716848106
12.6,902.3459956049791,199.89487632324912,0.2,0.2,20.249999999999996,0.8,0.8,900.0,0.01,10,0.2,0.01495923,0.25604305406914996
12.61,902.3062662428969,199.69855960257962,0.2,0.2,20.249999999999996,0.8,0.8,900.0,0.01,10,0.2,0.013471001,0.2510871660828653
12.620000000000001,902.2618274093006,199.59033225805476,0.2,0.2,20.249999999999996,0.8,0.8,900.0,0.01,10,0.2,0.013352061,0.24582811708100888
12.63,902.2144165992721,199.44163884541553,0.2,0.2,20.249999999999996,0.8,0.8,900.0,0.01,10,0.2,0.01669341,0.24041753938834715
12.64,902.1659795687467,199.05904715069957,0.2,0.2,20.249999999999996,0.8,0.8,900.0,0.01,10,0.2,0.0149053,0.23517435604885226
12.65,902.1187378277158,198.55853556986253,0.2,0.2,20.249999999999996,0.8,0.8,900.0,0.01,10,0.2,0.014499668,0.2301823093495951
12.66,902.074013807586,197.9754267258066,0.2,0.2,20.249999999999996,0.8,0.8,900.0,0.01,10,0.2,0.015697095,0.22567763769031995
12.67,902.0335575157625,197.3447511635374,0.2,0.2,20.249999999999996,0.8,0.8,900.0,0.01,10,0.2,0.014145225,0.22177212384711345
12.68,901.9983828483741,196.66571695581897,0.2,0.2,20.249999999999996,0.8,0.8,900.0,0.01,10,0.2,0.014086134,0.21858387337667945
12.69,901.9697113663367,195.93129426766674,0.2,0.2,20.249999999999996,0.8,0.8,900.0,0.01,10,0.2,0.01484084,0.2161266932831089
12.700000000000001,901.9472273958615,194.91434512639185,0.2,0.2,20.249999999999996,0.8,0.8,900.0,0.01,10,0.2,0.014601898,0.21419433492241338
12.71,901.9296959937691,193.94687312741917,0.2,0.2,20.249999999999996,0.8,0.8,900.0,0.01,10,0.2,0.013417901,0.2127450764901602
12.72,901.9165799052697,193.0138114857157,0.2,0.2,20.249999999999996,0.8,0.8,900.0,0.01,10,0.2,0.015144371,0.21170860740400482
12.73,901.9073411733239,192.12564429696903,0.2,0.2,20.249999999999996,0.8,0.8,900.0,0.01,10,0.2,0.013668633,0.21128961101418356
12.74,901.9030089072843,191.21960639856675,0.2,0.2,20.249999999999996,0.8,0.8,900.0,0.01,10,0.2,0.014358836,0.211098609487239
12.75,901.901497219928,190.53383233779107,0.2,0.2,20.249999999999996,0.8,0.8,900.0,0.01,10,0.2,0.014901539,0.21130932265688174
12.76,901.9034963271091,190.0247953091379,0.2,0.2,20.249999999999996,0.8,0.8,900.0,0.01,10,0.2,0.014026904,0.2119363577455033
12.77,901.9090552865251,189.66883727807024,0.2,0.2,20.249999999999996,0.8,0.8,900.0,0.01,10,0.2,0.014125935,0.21293160927067187
12.780000000000001,901.9179591699198,189.3697290676451,0.2,0.2,20.249999999999996,0.8,0.8,900.0,0.01,10,0.2,0.016165977,0.21422362757475402
12.790000000000001,901.9296416026633,189.04732217212165,0.2,0.2,20.249999999999996,0.8,0.8,900.0,0.01,10,0.2,0.013672432,0.21566628114087233
12.8,901.9425903865836,188.6881693033699,0.2,0.2,20.249999999999996,0.8,0.8,900.0,0.01,10,0.2,0.014225936,0.2171109126400447
12.81,901.955642888491,188.47975770826548,0.2,0.2,20.249999999999996,0.8,0.8,900.0,0.01,10,0.2,0.014639308,0.21831898289168794
12.82,901.9660122941877,188.4112374966301,0.2,0.2,20.249999999999996,0.8,0.8,900.0,0.01,10,0.2,0.013487491,0.21924146940589298
12.83,901.9743518122019,188.36925706318203,0.2,0.2,20.249999999999996,0.8,0.8,900.0,0.01,10,0.2,0.013672502,0.22007187270398745
12.84,901.9817766824291,188.3170713617292,0.2,0.2,20.249999999999996,0.8,0.8,900.0,0.01,10,0.2,0.016156847,0.22088596594175364
12.85,901.9891146831827,188.21217530930423,0.2,0.2,20.249999999999996,0.8,0.8,900.0,0.01,10,0.2,0.013511771,0.2217781895318755
12.86,901.9967220758417,188.1330142053905,0.2,0.2,20.249999999999996,0.8,0.8,900.0,0.01,10,0.2,0.013695513,0.22253583971021565
12.870000000000001,902.0041688801622,188.144951343053,0.2,0.2,20.249999999999996,0.8,0.8,900.0,0.01,10,0.2,0.015387853,0.22339004831211898
12.88,902.0117762626976,188.19485604192346,0.2,0.2,20.249999999999996,0.8,0.8,900.0,0.01,10,0.2,0.013803793,0.2241878781339603
12.89,902.0187381081807,188.29386881224065,0.2,0.2,20.249999999999996,0.8,0.8,900.0,0.01,10,0.2,0.014189556,0.22463291603248703
12.9,902.0231279509688,188.4527644574027,0.2,0.2,20.249999999999996,0.8,0.8,900.0,0.01,10,0.2,0.014564027,0.22471636433934655
12.91,902.0235876448219,188.60499149838034,0.2,0.2,20.249999999999996,0.8,0.8,900.0,0.01,10,0.2,0.013977124,0.22417925474427536
12.92,902.0186924742901,188.72203841981286,0.2,0.2,20.249999999999996,0.8,0.8,900.0,0.01,10,0.2,0.014003574,0.22303312851996654
12.93,902.0081542098677,188.7301114967887,0.2,0.2,20.249999999999996,0.8,0.8,900.0,0.01,10,0.2,0.015070501,0.2213138013990653
12.94,901.993086991089,188.68429004276973,0.2,0.2,20.249999999999996,0.8,0.8,900.0,0.01,10,0.2,0.015612984,0.21963174263306134
12.950000000000001,901.9776289783015,188.38100131385042,0.2,0.2,20.249999999999996,0.8,0.8,900.0,0.01,10,0.2,0.013574342,0.21798210993195233
12.96,901.9631254360713,188.108908925922,0.2,0.2,20.249999999999996,0.8,0.8,900.0,0.01,10,0.2,0.01485744,0.21679253278853672
12.97,901.9532695009235,187.9783908985913,0.2,0.2,20.249999999999996,0.8,0.8,900.0,0.01,10,0.2,0.013663083,0.21691692519295577
12.98,901.9548657995659,187.7111191136137,0.2,0.2,20.249999999999996,0.8,0.8,900.0,0.01,10,0.2,0.013951954,0.21866080532229776
12.99,901.9708609412887,187.4604780958765,0.2,0.2,20.249999999999996,0.8,0.8,900.0,0.01,10,0.2,0.014793169,0.22211080288903456
13.0,902.0016433677068,187.32576727398546,0.2,0.2,20.249999999999996,0.8,0.8,900.0,0.01,10,0.2,0.013453621,0.22694815198042775
13.01,902.0453276619373,187.53633346703222,0.2,0.2,20.249999999999996,0.8,0.8,900.0,0.01,10,0.2,0.013652722,0.2329387518803891
13.02,902.0990260198449,188.02785517707864,0.2,0.2,20.249999999999996,0.8,0.8,900.0,0.01,10,0.2,0.014433986,0.23973773074723737
13.030000000000001,902.1604041752688,188.4066252340185,0.2,0.2,20.249999999999996,0.8,0.8,900.0,0.01,10,0.2,0.013579232,0.24662359840744202
13.040000000000001,902.2217140028933,189.23016722918746,0.2,0.2,20.249999999999996,0.8,0.8,900.0,0.01,10,0.2,0.014641238,0.25319578521587316
13.05,902.2797140125386,190.19952002718708,0.2,0.2,20.249999999999996,0.8,0.8,900.0,0.01,10,0.2,0.014448487,0.25854646742467857
13.06,902.32844721176,191.32276377515544,0.2,0.2,20.249999999999996,0.8,0.8,900.0,0.01,10,0.2,0.01344688,0.2624987418666257
13.07,902.3634996153355,192.50552663779203,0.2,0.2,20.249999999999996,0.8,0.8,900.0,0.01,10,0.2,0.01335435,0.2645951385979701
13.08,902.3822447931292,193.73927640134272,0.2,0.2,20.249999999999996,0.8,0.8,900.0,0.01,10,0.2,0.014181535,0.26479388036070406
13.09,902.3837998097015,194.95697841795456,0.2,0.2,20.249999999999996,0.8,0.8,900.0,0.01,10,0.2,0.01333826,0.2631698458027515
13.1,902.3692820408116,195.98762240800804,0.2,0.2,20.249999999999996,0.8,0.8,900.0,0.01,10,0.2,0.01333336,0.2599845197707131
13.11,902.3403720115014,196.7942547330254,0.2,0.2,20.249999999999996,0.8,0.8,900.0,0.01,10,0.2,0.014402397,0.2552534861677637
13.120000000000001,902.2984244852504,197.46754503528805,0.2,0.2,20.249999999999996,0.8,0.8,900.0,0.01,10,0.2,0.013551102,0.24940827869331694
13.13,902.2459867316613,197.92239439433928,0.2,0.2,20.249999999999996,0.8,0.8,900.0,0.01,10,0.2,0.01321043,0.24277039735718936
13.14,902.186574300627,198.2119910343847,0.2,0.2,20.249999999999996,0.8,0.8,900.0,0.01,10,0.2,0.014842239,0.2360308752931797
13.15,902.1256337017977,198.2369996660514,0.2,0.2,20.249999999999996,0.8,0.8,900.0,0.01,10,0.2,0.014382927,0.22921395255013238
13.16,902.0650271630208,198.06936690339313,0.2,0.2,20.249999999999996,0.8,0.8,900.0,0.01,10,0.2,0.013704492,0.22277479488805224
13.17,902.0071322781588,197.73502634685977,0.2,0.2,20.249999999999996,0.8,0.8,900.0,0.01,10,0.2,0.014530837,0.21702544036848598
13.18,901.9557124049247,197.31925226139026,0.2,0.2,20.249999999999996,0.8,0.8,900.0,0.01,10,0.2,0.01339657,0.2121932074806833
13.19,901.9124330489955,196.80568863744202,0.2,0.2,20.249999999999996,0.8,0.8,900.0,0.01,10,0.2,0.013631832,0.20842296879028457
13.200000000000001,901.8784873076161,196.27881553896947,0.2,0.2,20.249999999999996,0.8,0.8,900.0,0.01,10,0.2,0.014258526,0.2058560966693237
13.21,901.8554036023977,195.7761703468555,0.2,0.2,20.249999999999996,0.8,0.8,900.0,0.01,10,0.2,0.013415711,0.20445406597283822
13.22,901.8424093376324,195.3427184547664,0.2,0.2,20.249999999999996,0.8,0.8,900.0,0.01,10,0.2,0.014207605,0.2041512941496983
13.23,901.8394406029596,194.94518137737563,0.2,0.2,20.249999999999996,0.8,0.8,900.0,0.01,10,0.2,0.014574838,0.2047209385700647
13.24,901.8446302213678,194.647382944122,0.2,0.2,20.249999999999996,0.8,0.8,900.0,0.01,10,0.2,0.013444831,0.2063050925729309
13.25,901.8581819610665,194.23881539445975,0.2,0.2,20.249999999999996,0.8,0.8,900.0,0.01,10,0.2,0.013850273,0.2083278680439427
13.26,901.8768167637857,193.99598168981888,0.2,0.2,20.249999999999996,0.8,0.8,900.0,0.01,10,0.2,0.015386993,0.21090785432839654
13.27,901.8994383453434,193.68452052652177,0.2,0.2,20.249999999999996,0.8,0.8,900.0,0.01,10,0.2,0.013506471,0.21343115099924231
13.280000000000001,901.9223981008747,193.48965376166868,0.2,0.2,20.249999999999996,0.8,0.8,900.0,0.01,10,0.2,0.01319037,0.21583085371228544
13.290000000000001,901.943670753267,193.24103973664734,0.2,0.2,20.249999999999996,0.8,0.8,900.0,0.01,10,0.2,0.014268566,0.21804679643646635
13.3,901.9633377706023,192.8696835479927,0.2,0.2,20.249999999999996,0.8,0.8,900.0,0.01,10,0.2,0.013627252,0.21970719769024452
13.31,901.9787094885269,192.66692581726045,0.2,0.2,20.249999999999996,0.8,0.8,900.0,0.01,10,0.2,0.013620522,0.22091073731659142
13.32,901.9896216703318,192.60203529096555,0.2,0.2,20.249999999999996,0.8,0.8,900.0,0.01,10,0.2,0.015224322,0.2218194780010206
13.33,901.9972480545023,192.573323925751,0.2,0.2,20.249999999999996,0.8,0.8,900.0,0.01,10,0.2,0.016682281,0.22202587081540753
13.34,901.9995017114355,192.740879924013,0.2,0.2,20.249999999999996,0.8,0.8,900.0,0.01,10,0.2,0.018407991,0.22176423082685445
13.35,901.9971010945387,192.95084835697907,0.2,0.2,20.249999999999996,0.8,0.8,900.0,0.01,10,0.2,0.019000654,0.2211713467780444
13.36,901.9919041793287,193.08991086878882,0.2,0.2,20.249999999999996,0.8,0.8,900.0,0.01,10,0.2,0.01664799,0.22052966321273684
13.370000000000001,901.986475708273,193.07183968127057,0.2,0.2,20.249999999999996,0.8,0.8,900.0,0.01,10,0.2,0.017873167,0.22023184243846364
13.38,901.9841025818407,192.846831318187,0.2,0.2,20.249999999999996,0.8,0.8,900.0,0.01,10,0.2,0.01494888,0.22058892274502365
13.39,901.9872245886393,192.52457194736434,0.2,0.2,20.249999999999996,0.8,0.8,900.0,0.01,10,0.2,0.01325012,0.22150593624454118
13.4,901.9957902114666,192.2132476184795,0.2,0.2,20.249999999999996,0.8,0.8,900.0,0.01,10,0.2,0.013473251,0.22314361577802566
13.41,902.0105057630573,191.74883486515967,0.2,0.2,20.249999999999996,0.8,0.8,900.0,0.01,10,0.2,0.014982651,0.2256606027417249
13.42,902.0319465150948,190.80990216334337,0.2,0.2,20.249999999999996,0.8,0.8,900.0,0.01,10,0.2,0.013605872,0.2281676465900055
13.43,902.055239220664,190.06049083531076,0.2,0.2,20.249999999999996,0.8,0.8,900.0,0.01,10,0.2,0.013754112,0.23088199623116568
13.44,902.0794948088188,189.49333256788339,0.2,0.2,20.249999999999996,0.8,0.8,900.0,0.01,10,0.2,0.0149239,0.23366599248185785
13.450000000000001,902.104650543591,189.12056114418303,0.2,0.2,20.249999999999996,0.8,0.8,900.0,0.01,10,0.2,0.01344575,0.23656672616760135
13.46,902.1307834707065,188.9615263577166,0.2,0.2,20.249999999999996,0.8,0.8,900.0,0.01,10,0.2,0.015447523,0.23962641274966512
13.47,902.1584396468883,189.0200547555249,0.2,0.2,20.249999999999996,0.8,0.8,900.0,0.01,10,0.2,0.014620318,0.24283171001841494
13.48,902.1873884627742,189.2541117539147,0.2,0.2,20.249999999999996,0.8,0.8,900.0,0.01,10,0.2,0.013538152,0.24618004833926202
13.49,902.2173785405507,189.62738567050215,0.2,0.2,20.249999999999996,0.8,0.8,900.0,0.01,10,0.2,0.013664792,0.24943574361276574
13.5,902.2468792661639,190.17879981969654,0.2,0.2,20.249999999999996,0.8,0.8,900.0,0.01,10,0.2,0.014626038,0.2525494943411634
13.51,902.274761156657,190.8532434237465,0.2,0.2,20.249999999999996,0.8,0.8,900.0,0.01,10,0.2,0.013658242,0.25525600664917925
13.52,902.2990480834267,191.65652766597657,0.2,0.2,20.249999999999996,0.8,0.8,900.0,0.01,10,0.2,0.013234639,0.2573717644302814
13.530000000000001,902.3179515400559,192.50257717382493,0.2,0.2,20.249999999999996,0.8,0.8,900.0,0.01,10,0.2,0.014766309,0.2586106103060807
13.540000000000001,902.3289333668575,193.32264536959778,0.2,0.2,20.249999999999996,0.8,0.8,900.0,0.01,10,0.2,0.01333921,0.2586304932507691
13.55,902.3289660432888,194.11288556413103,0.2,0.2,20.249999999999996,0.8,0.8,900.0,0.01,10,0.2,0.013742762,0.2573952189028823
13.56,902.317596367254,194.7059885264142,0.2,0.2,20.249999999999996,0.8,0.8,900.0,0.01,10,0.2,0.015284132,0.25465636272398806
13.57,902.2929285141472,195.12913935039487,0.2,0.2,20.249999999999996,0.8,0.8,900.0,0.01,10,0.2,0.013762542,0.2503762092283024
13.58,902.2541365651065,195.56045445356224,0.2,0.2,20.249999999999996,0.8,0.8,900.0,0.01,10,0.2,0.01332269,0.24461561904673998
13.59,902.2026626225145,195.86686912584386,0.2,0.2,20.249999999999996,0.8,0.8,900.0,0.01,10,0.2,0.014335166,0.23792475504426155
13.6,902.1423846455706,195.69456994607444,0.2,0.2,20.249999999999996,0.8,0.8,900.0,0.01,10,0.2,0.013764763,0.23034744545698554
13.61,902.0743087192382,195.47976112865206,0.2,0.2,20.249999999999996,0.8,0.8,900.0,0.01,10,0.2,0.013527461,0.22242531246721922
13.620000000000001,902.0031247243691,194.96219256462336,0.2,0.2,20.249999999999996,0.8,0.8,900.0,0.01,10,0.2,0.014238905,0.21447532297364305
13.63,901.9323445096726,194.21459930829167,0.2,0.2,20.249999999999996,0.8,0.8,900.0,0.01,10,0.2,0.014115015,0.20713279328178646
13.64,901.8666435713953,193.20171923131082,0.2,0.2,20.249999999999996,0.8,0.8,900.0,0.01,10,0.2,0.01325253,0.20087437267338631
13.65,901.8104912196719,191.77030273434167,0.2,0.2,20.249999999999996,0.8,0.8,900.0,0.01,10,0.2,0.015505043,0.1961458307673804
13.66,901.7681061520445,190.06301188147395,0.2,0.2,20.249999999999996,0.8,0.8,900.0,0.01,10,0.2,0.014254845,0.19276999237969322
13.67,901.7380056942162,188.79183461495197,0.2,0.2,20.249999999999996,0.8,0.8,900.0,0.01,10,0.2,0.014327406,0.19099029338301443
13.68,901.7219223178655,187.5829176154061,0.2,0.2,20.249999999999996,0.8,0.8,900.0,0.01,10,0.2,0.015285282,0.19075960922162777
13.69,901.7199530711803,186.50686166770598,0.2,0.2,20.249999999999996,0.8,0.8,900.0,0.01,10,0.2,0.013538121,0.19216495944344977
13.700000000000001,901.7319643094436,185.57760662102407,0.2,0.2,20.249999999999996,0.8,0.8,900.0,0.01,10,0.2,0.014181125,0.1949001641679466
13.71,901.7567605623317,184.89393433402802,0.2,0.2,20.249999999999996,0.8,0.8,900.0,0.01,10,0.2,0.01495162,0.19898701603969296
13.72,901.7926685615702,184.40007481773955,0.2,0.2,20.249999999999996,0.8,0.8,900.0,0.01,10,0.2,0.013527732,0.20368496408026687
13.73,901.8352183753198,184.0496178952185,0.2,0.2,20.249999999999996,0.8,0.8,900.0,0.01,10,0.2,0.014201096,0.2090004223412579
13.74,901.8828561307112,183.84564983752517,0.2,0.2,20.249999999999996,0.8,0.8,900.0,0.01,10,0.2,0.014846839,0.21455970815057804
13.75,901.9325853195485,183.83610146859033,0.2,0.2,20.249999999999996,0.8,0.8,900.0,0.01,10,0.2,0.013904563,0.22002181733140133
13.76,901.9818496590898,183.97177223120562,0.2,0.2,20.249999999999996,0.8,0.8,900.0,0.01,10,0.2,0.014149435,0.22527526213436022
13.77,902.0289215222366,184.2188549087523,0.2,0.2,20.249999999999996,0.8,0.8,900.0,0.01,10,0.2,0.01671173,0.23007595494990313
13.780000000000001,902.0717982812981,184.6350764437951,0.2,0.2,20.249999999999996,0.8,0.8,900.0,0.01,10,0.2,0.014495267,0.23408286770768358
13.790000000000001,902.1079076534428,185.20372239371275,0.2,0.2,20.249999999999996,0.8,0.8,900.0,0.01,10,0.2,0.013750753,0.23726861898791876
13.8,902.1365860008405,185.8773491750536,0.2,0.2,20.249999999999996,0.8,0.8,900.0,0.01,10,0.2,0.015103641,0.23963778764779894
13.81,902.1577924503682,186.63072882869128,0.2,0.2,20.249999999999996,0.8,0.8,900.0,0.01,10,0.2,0.014793209,0.24112009338641194
13.82,902.1717084707998,187.48235932327128,0.2,0.2,20.249999999999996,0.8,0.8,900.0,0.01,10,0.2,0.014286466,0.2419903916190413
13.83,902.1796371896377,188.4335426595948,0.2,0.2,20.249999999999996,0.8,0.8,900.0,0.01,10,0.2,0.015545483,0.24241867106151077
13.84,902.1834943897468,189.43722490483566,0.2,0.2,20.249999999999996,0.8,0.8,900.0,0.01,10,0.2,0.013755322,0.24240738093140773
13.85,902.1837189089847,190.49973217561535,0.2,0.2,20.249999999999996,0.8,0.8,900.0,0.01,10,0.2,0.014079045,0.24208540929208855
13.86,902.1808121722162,191.6260723669952,0.2,0.2,20.249999999999996,0.8,0.8,900.0,0.01,10,0.2,0.014822609,0.24150357781451606
13.870000000000001,902.1758205191954,192.78246266265995,0.2,0.2,20.249999999999996,0.8,0.8,900.0,0.01,10,0.2,0.015625064,0.24076029624125997
13.88,902.169217196988,193.91509233708757,0.2,0.2,20.249999999999996,0.8,0.8,900.0,0.01,10,0.2,0.013783213,0.23999344448797896
13.89,902.1619109943098,194.88472446873305,0.2,0.2,20.249999999999996,0.8,0.8,900.0,0.01,10,0.2,0.014466286,0.2390173069166441
13.9,902.1531299921068,195.72271903232152,0.2,0.2,20.249999999999996,0.8,0.8,900.0,0.01,10,0.2,0.013673742,0.23805875448749017
13.91,902.1442160201036,196.0269270157921,0.2,0.2,20.249999999999996,0.8,0.8,900.0,0.01,10,0.2,0.013929044,0.23665518566426158
13.92,902.1315747731355,196.15717030287178,0.2,0.2,20.249999999999996,0.8,0.8,900.0,0.01,10,0.2,0.014502807,0.23478408224832475
13.93,902.1145781489334,196.04089295428247,0.2,0.2,20.249999999999996,0.8,0.8,900.0,0.01,10,0.2,0.013715813,0.23246260472358213
13.94,902.0933914301995,195.68159243471467,0.2,0.2,20.249999999999996,0.8,0.8,900.0,0.01,10,0.2,0.013348331,0.2297678258503163
13.950000000000001,902.0691692270206,195.08293502355087,0.2,0.2,20.249999999999996,0.8,0.8,900.0,0.01,10,0.2,0.014206496,0.22672706844625345
13.96,902.0418333499723,194.35759289538285,0.2,0.2,20.249999999999996,0.8,0.8,900.0,0.01,10,0.2,0.013446981,0.22354226446282885
13.97,902.0133338131313,193.3079299388347,0.2,0.2,20.249999999999996,0.8,0.8,900.0,0.01,10,0.2,0.014337436,0.2205918012912365
13.98,901.9866712716498,191.85659665574397,0.2,0.2,20.249999999999996,0.8,0.8,900.0,0.01,10,0.2,0.016718691,0.21743526695203
13.99,901.9582548959039,190.92816870958376,0.2,0.2,20.249999999999996,0.8,0.8,900.0,0.01,10,0.2,0.014172225,0.21450062141133924
14.0,901.9323577547332,190.10351985765766,0.2,0.2,20.249999999999996,0.8,0.8,900.0,0.01,10,0.2,0.013630862,0.21226264354504615
14.01,901.9123977928471,189.39223301633746,0.2,0.2,20.249999999999996,0.8,0.8,900.0,0.01,10,0.2,0.015523733,0.21117942351975508
14.02,901.9017458502432,188.72420489097817,0.2,0.2,20.249999999999996,0.8,0.8,900.0,0.01,10,0.2,0.013287549,0.21074703514687437
14.030000000000001,901.8989655976189,188.2749873655408,0.2,0.2,20.249999999999996,0.8,0.8,900.0,0.01,10,0.2,0.013749133,0.21142204912846088
14.040000000000001,901.9051285357586,187.97869661571457,0.2,0.2,20.249999999999996,0.8,0.8,900.0,0.01,10,0.2,0.014827549,0.2131088745137152
14.05,901.9202226586287,187.8212350737337,0.2,0.2,20.249999999999996,0.8,0.8,900.0,0.01,10,0.2,0.013499732,0.21569530889245142
14.06,901.9433477724335,187.79751175331418,0.2,0.2,20.249999999999996,0.8,0.8,900.0,0.01,10,0.2,0.014729099,0.2189817352672439
14.07,901.9729300364334,187.88575086302836,0.2,0.2,20.249999999999996,0.8,0.8,900.0,0.01,10,0.2,0.014793509,0.22283603486805856
14.08,902.0073828535039,188.0331693832791,0.2,0.2,20.249999999999996,0.8,0.8,900.0,0.01,10,0.2,0.015094231,0.22715734833782938
14.09,902.0460461938064,187.98692314508185,0.2,0.2,20.249999999999996,0.8,0.8,900.0,0.01,10,0.2,0.014625977,0.23149284123614297
14.1,902.0851559877607,188.11321093175337,0.2,0.2,20.249999999999996,0.8,0.8,900.0,0.01,10,0.2,0.015909656,0.2358152344175378
14.11,902.1238878821222,188.36748803842076,0.2,0.2,20.249999999999996,0.8,0.8,900.0,0.01,10,0.2,0.013844523,0.23992318120332512
14.120000000000001,902.160953339315,188.75582893767825,0.2,0.2,20.249999999999996,0.8,0.8,900.0,0.01,10,0.2,0.014253915,0.24380627748324266
14.13,902.1958826185668,189.28189476189823,0.2,0.2,20.249999999999996,0.8,0.8,900.0,0.01,10,0.2,0.014793859,0.2474244389899441
14.14,902.22831146176,189.94634660122736,0.2,0.2,20.249999999999996,0.8,0.8,900.0,0.01,10,0.2,0.014563277,0.25057416271701194
14.15,902.2566236982527,190.85533809393667,0.2,0.2,20.249999999999996,0.8,0.8,900.0,0.01,10,0.2,0.013707002,0.25323396649755303
14.16,902.2807131128228,191.88260878326565,0.2,0.2,20.249999999999996,0.8,0.8,900.0,0.01,10,0.2,0.014836739,0.2554546169481568
14.17,902.3003253631255,192.97234241539513,0.2,0.2,20.249999999999996,0.8,0.8,900.0,0.01,10,0.2,0.014402086,0.2567433940540228
14.18,902.3119599662717,194.36962046815955,0.2,0.2,20.249999999999996,0.8,0.8,900.0,0.01,10,0.2,0.013506331,0.2571691284767282
14.19,902.3158393648866,195.78329875201737,0.2,0.2,20.249999999999996,0.8,0.8,900.0,0.01,10,0.2,0.016789321,0.2569725964634471
14.200000000000001,902.314096536573,196.72989202913658,0.2,0.2,20.249999999999996,0.8,0.8,900.0,0.01,10,0.2,0.014186075,0.25581876221006866
14.21,902.3035565300901,197.87434153330437,0.2,0.2,20.249999999999996,0.8,0.8,900.0,0.01,10,0.2,0.01503221,0.2537318755072139
14.22,902.2848686882552,198.9639188300825,0.2,0.2,20.249999999999996,0.8,0.8,900.0,0.01,10,0.2,0.015128431,0.2509664767547709
14.23,902.2602854727651,199.81710904083977,0.2,0.2,20.249999999999996,0.8,0.8,900.0,0.01,10,0.2,0.013887603,0.247971209730058
14.24,902.2329248366456,199.79335126601433,0.2,0.2,20.249999999999996,0.8,0.8,900.0,0.01,10,0.2,0.013873713,0.24435752497143146
14.25,902.2007970818966,199.8000051811992,0.2,0.2,20.249999999999996,0.8,0.8,900.0,0.01,10,0.2,0.015391342,0.2402409823842624
14.26,902.1640493928837,199.84307088730026,0.2,0.2,20.249999999999996,0.8,0.8,900.0,0.01,10,0.2,0.013548542,0.2359519450985476
14.27,902.1250776090022,199.73716698228554,0.2,0.2,20.249999999999996,0.8,0.8,900.0,0.01,10,0.2,0.013781693,0.23163125484675184
14.280000000000001,902.085917653303,199.45541302937644,0.2,0.2,20.249999999999996,0.8,0.8,900.0,0.01,10,0.2,0.016283618,0.22712648143180741
14.290000000000001,902.0456358629611,199.29862531333072,0.2,0.2,20.249999999999996,0.8,0.8,900.0,0.01,10,0.2,0.013793942,0.2223532747475843
14.3,902.0032986910464,199.27328950475663,0.2,0.2,20.249999999999996,0.8,0.8,900.0,0.01,10,0.2,0.015043601,0.21761965330491403
14.31,901.960384173284,199.14509357003297,0.2,0.2,20.249999999999996,0.8,0.8,900.0,0.01,10,0.2,0.015104951,0.2129459967753966
14.32,901.9184004174259,198.86597586525752,0.2,0.2,20.249999999999996,0.8,0.8,900.0,0.01,10,0.2,0.014161105,0.20820890117156815
14.33,901.8760746596,198.654126026884,0.2,0.2,20.249999999999996,0.8,0.8,900.0,0.01,10,0.2,0.013686932,0.20371361537813654
14.34,901.8355797773434,198.1914479405543,0.2,0.2,20.249999999999996,0.8,0.8,900.0,0.01,10,0.2,0.015370662,0.19964961562007755
14.35,901.7986786557971,197.4300026144399,0.2,0.2,20.249999999999996,0.8,0.8,900.0,0.01,10,0.2,0.013980114,0.19599651026500647
14.36,901.7660387376887,196.52866272511523,0.2,0.2,20.249999999999996,0.8,0.8,900.0,0.01,10,0.2,0.013681422,0.19316437225581418
14.370000000000001,901.7406842393491,195.4649211870661,0.2,0.2,20.249999999999996,0.8,0.8,900.0,0.01,10,0.2,0.01502622,0.1917571418656266
14.38,901.7272479376672,193.8618467378448,0.2,0.2,20.249999999999996,0.8,0.8,900.0,0.01,10,0.2,0.013671462,0.1912012658116298
14.39,901.7230871784885,192.67863483753382,0.2,0.2,20.249999999999996,0.8,0.8,900.0,0.01,10,0.2,0.015243082,0.1916973541818221
14.4,901.7276733834402,191.75949716843826,0.2,0.2,20.249999999999996,0.8,0.8,900.0,0.01,10,0.2,0.014853199,0.19338742209966472
14.41,901.7429871874782,191.02359338373822,0.2,0.2,20.249999999999996,0.8,0.8,900.0,0.01,10,0.2,0.013966204,0.19640247204543937
14.42,901.7698150579827,190.47886606361354,0.2,0.2,20.249999999999996,0.8,0.8,900.0,0.01,10,0.2,0.01332083,0.20051834210362715
14.43,901.8065362076454,190.22883876047567,0.2,0.2,20.249999999999996,0.8,0.8,900.0,0.01,10,0.2,0.014753419,0.20550374542665284
14.44,901.8509458304584,190.2192802750013,0.2,0.2,20.249999999999996,0.8,0.8,900.0,0.01,10,0.2,0.01490511,0.21099359339832804
14.450000000000001,901.9003911033362,190.36908568584835,0.2,0.2,20.249999999999996,0.8,0.8,900.0,0.01,10,0.2,0.013537551,0.21685125965963842
14.46,901.9528116172913,190.5764468776692,0.2,0.2,20.249999999999996,0.8,0.8,900.0,0.01,10,0.2,0.015831365,0.2227060302143674
14.47,902.0050833106518,190.8969176803612,0.2,0.2,20.249999999999996,0.8,0.8,900.0,0.01,10,0.2,0.014678448,0.22824982422306392
14.48,902.0552715340281,191.3408525544607,0.2,0.2,20.249999999999996,0.8,0.8,900.0,0.01,10,0.2,0.014338056,0.23347549788915511
14.49,902.1022082046746,191.8581978215835,0.2,0.2,20.249999999999996,0.8,0.8,900.0,0.01,10,0.2,0.015496993,0.23802897058902006
14.5,902.1432231418399,192.39431009299068,0.2,0.2,20.249999999999996,0.8,0.8,900.0,0.01,10,0.2,0.013739763,0.24184525743103769
14.51,902.1775306571632,192.75660454561975,0.2,0.2,20.249999999999996,0.8,0.8,900.0,0.01,10,0.2,0.013909453,0.24469977667241294
14.52,902.2031993645462,192.9725645348035,0.2,0.2,20.249999999999996,0.8,0.8,900.0,0.01,10,0.2,0.01502949,0.2466555161352541
14.530000000000001,902.2210000131656,192.9663844290809,0.2,0.2,20.249999999999996,0.8,0.8,900.0,0.01,10,0.2,0.014281176,0.24795082792946743
14.540000000000001,902.2324283215436,192.7551990767439,0.2,0.2,20.249999999999996,0.8,0.8,900.0,0.01,10,0.2,0.013606551,0.24858267311735513
14.55,902.2385281325136,192.69231789642103,0.2,0.2,20.249999999999996,0.8,0.8,900.0,0.01,10,0.2,0.01504267,0.2488110655578203
14.56,902.24071293258,192.80834608356528,0.2,0.2,20.249999999999996,0.8,0.8,900.0,0.01,10,0.2,0.014091305,0.2487941475830946
14.57,902.2399020240263,193.17180429358015,0.2,0.2,20.249999999999996,0.8,0.8,900.0,0.01,10,0.2,0.014834939,0.24813949572248434
14.58,902.2348723121444,194.0172205278552,0.2,0.2,20.249999999999996,0.8,0.8,900.0,0.01,10,0.2,0.015480544,0.24717592413383654
14.59,902.2263411154324,195.10149740905246,0.2,0.2,20.249999999999996,0.8,0.8,900.0,0.01,10,0.2,0.014238876,0.24594828207188268
14.6,902.2152969441056,196.27355277865314,0.2,0.2,20.249999999999996,0.8,0.8,900.0,0.01,10,0.2,0.015091231,0.2445411224171947
14.61,902.2028135973642,197.1282167641479,0.2,0.2,20.249999999999996,0.8,0.8,900.0,0.01,10,0.2,0.015256811,0.24302378893846355
14.620000000000001,902.1892625116004,197.8698590411893,0.2,0.2,20.249999999999996,0.8,0.8,900.0,0.01,10,0.2,0.013667792,0.24145032886942916
14.63,902.1747663913906,198.53209839679727,0.2,0.2,20.249999999999996,0.8,0.8,900.0,0.01,10,0.2,0.014431467,0.23984190279931814
14.64,902.1604732373863,199.03880850483395,0.2,0.2,20.249999999999996,0.8,0.8,900.0,0.01,10,0.2,0.015534724,0.23811773029417524
14.65,902.1451775811644,199.48098661911175,0.2,0.2,20.249999999999996,0.8,0.8,900.0,0.01,10,0.2,0.014172536,0.23642204499387168
14.66,902.1293903426921,199.66376559512992,0.2,0.2,20.249999999999996,0.8,0.8,900.0,0.01,10,0.2,0.014342647,0.23416366202894615
14.67,902.1092225154807,200.1418655642934,0.2,0.2,20.249999999999996,0.8,0.8,900.0,0.01,10,0.2,0.014438797,0.23141149079446804
14.68,902.0841614252529,200.3823101858002,0.2,0.2,20.249999999999996,0.8,0.8,900.0,0.01,10,0.2,0.013841763,0.22800270994204835
14.69,902.0530401618529,200.5723197368925,0.2,0.2,20.249999999999996,0.8,0.8,900.0,0.01,10,0.2,0.014031304,0.2237109009514924
14.700000000000001,902.0145103907411,200.73851069283123,0.2,0.2,20.249999999999996,0.8,0.8,900.0,0.01,10,0.2,0.016490599,0.21894724294145004
14.71,901.9715294654225,200.5635143585086,0.2,0.2,20.249999999999996,0.8,0.8,900.0,0.01,10,0.2,0.013615132,0.21397015545994166
14.72,901.9271832284933,200.01526481140525,0.2,0.2,20.249999999999996,0.8,0.8,900.0,0.01,10,0.2,0.014090294,0.20924602273487558
14.73,901.8852875240411,199.17268301269212,0.2,0.2,20.249999999999996,0.8,0.8,900.0,0.01,10,0.2,0.015426203,0.20527206006387627
14.74,901.8499968837098,198.16181432595906,0.2,0.2,20.249999999999996,0.8,0.8,900.0,0.01,10,0.2,0.013696322,0.20225278494933438
14.75,901.8232299474981,197.1409945822823,0.2,0.2,20.249999999999996,0.8,0.8,900.0,0.01,10,0.2,0.014301996,0.2004400287872103
14.76,901.8069349156955,196.12614658531973,0.2,0.2,20.249999999999996,0.8,0.8,900.0,0.01,10,0.2,0.01484481,0.19988572327347284
14.77,901.802103394848,195.13671211762673,0.2,0.2,20.249999999999996,0.8,0.8,900.0,0.01,10,0.2,0.013665983,0.2006590563384883
14.780000000000001,901.8089754024087,194.19663795369988,0.2,0.2,20.249999999999996,0.8,0.8,900.0,0.01,10,0.2,0.013779433,0.20269197253745358
14.790000000000001,901.8271456404382,193.3195313866882,0.2,0.2,20.249999999999996,0.8,0.8,900.0,0.01,10,0.2,0.015117501,0.20587869873224451
14.8,901.8555931120907,192.51081496281657,0.2,0.2,20.249999999999996,0.8,0.8,900.0,0.01,10,0.2,0.014675178,0.21008730271902895
14.81,901.8930415667171,191.73578624639183,0.2,0.2,20.249999999999996,0.8,0.8,900.0,0.01,10,0.2,0.013916864,0.21501561836298624
14.82,901.9371243429478,191.0119695162775,0.2,0.2,20.249999999999996,0.8,0.8,900.0,0.01,10,0.2,0.016388539,0.22071257872619854
14.83,901.9881686174112,190.10220968630563,0.2,0.2,20.249999999999996,0.8,0.8,900.0,0.01,10,0.2,0.01346713,0.22650283596490836
14.84,902.0399168664629,189.77416766434146,0.2,0.2,20.249999999999996,0.8,0.8,900.0,0.01,10,0.2,0.014455177,0.23212178327478403
14.85,902.0906026723374,189.8474507750039,0.2,0.2,20.249999999999996,0.8,0.8,900.0,0.01,10,0.2,0.014741408,0.23763071797972085
14.86,902.1401601138534,190.28821647268944,0.2,0.2,20.249999999999996,0.8,0.8,900.0,0.01,10,0.2,0.013987314,0.24284953952073873
14.870000000000001,902.1872029532984,191.15756407398132,0.2,0.2,20.249999999999996,0.8,0.8,900.0,0.01,10,0.2,0.014215325,0.2476518285619223
14.88,902.2304151268313,192.45945887479232,0.2,0.2,20.249999999999996,0.8,0.8,900.0,0.01,10,0.2,0.015261512,0.2518510584483579
14.89,902.2682754990315,194.16219958443256,0.2,0.2,20.249999999999996,0.8,0.8,900.0,0.01,10,0.2,0.013982264,0.25539364927125235
14.9,902.2999205934702,196.14703151437516,0.2,0.2,20.249999999999996,0.8,0.8,900.0,0.01,10,0.2,0.013884223,0.25813279889094715
14.91,902.324658812294,198.30498450041176,0.2,0.2,20.249999999999996,0.8,0.8,900.0,0.01,10,0.2,0.015414473,0.2600398744702259
14.92,902.3419774046191,200.5264914835814,0.2,0.2,20.249999999999996,0.8,0.8,900.0,0.01,10,0.2,0.013763333,0.2612078306282492
14.93,902.3526859823065,202.66886546756098,0.2,0.2,20.249999999999996,0.8,0.8,900.0,0.01,10,0.2,0.014159325,0.26161440659423685
14.94,902.3558345185304,204.69519447297458,0.2,0.2,20.249999999999996,0.8,0.8,900.0,0.01,10,0.2,0.015588043,0.26119624778676764
14.950000000000001,902.3519344239812,206.27790068644848,0.2,0.2,20.249999999999996,0.8,0.8,900.0,0.01,10,0.2,0.013721922,0.260188221382312
14.96,902.3427808867988,207.0776187665218,0.2,0.2,20.249999999999996,0.8,0.8,900.0,0.01,10,0.2,0.014676988,0.25835104153168736
14.97,902.3260364126755,207.78990110615536,0.2,0.2,20.249999999999996,0.8,0.8,900.0,0.01,10,0.2,0.014539097,0.25515257124534096
14.98,902.297065422673,208.5696355029126,0.2,0.2,20.249999999999996,0.8,0.8,900.0,0.01,10,0.2,0.014241876,0.2506879628302986
14.99,902.2570465574287,209.0767788053687,0.2,0.2,20.249999999999996,0.8,0.8,900.0,0.01,10,0.2,0.014163055,0.2453496927837504
15.0,902.2092853263571,209.28475858146376,0.2,0.2,20.249999999999996,0.8,0.8,900.0,0.01,10,0.2,0.015074451,0.23947822493235313
