time,density,kinetic_energy,stiffness,fluid_viscosity,boundary_viscosity,fluid_depth,rest_density_grid_spacing,smoothing_length,rest_density,time_step_size,target_density_error,solver_iterations,relaxation_factor,time_step_wall_clock_time,predicted_density_error
5.0,900.6418209990801,0.047259068849355636,0.0,0.2,0.2,20.249999999999996,0.8,0.8,900.0,0.01,0.0,10,0.7,0.011033063,0.07131841291907413
5.01,900.6422464719104,0.04721127979567873,0.0,0.2,0.2,20.249999999999996,0.8,0.8,900.0,0.01,0.0,10,0.7,0.013814858,0.07138267151208828
5.0200000000000005,900.6418244790311,0.0471598135060904,0.0,0.2,0.2,20.249999999999996,0.8,0.8,900.0,0.01,0.0,10,0.7,0.011994597,0.07130518996170263
5.03,900.6422480410006,0.047118533008270146,0.0,0.2,0.2,20.249999999999996,0.8,0.8,900.0,0.01,0.0,10,0.7,0.011480085,0.0713837286324044
5.04,900.641823615442,0.04707322516542526,0.0,0.2,0.2,20.249999999999996,0.8,0.8,900.0,0.01,0.0,10,0.7,0.012979913,0.07130491606345934
5.05,900.6422454863861,0.047038436477796604,0.0,0.2,0.2,20.249999999999996,0.8,0.8,900.0,0.01,0.0,10,0.7,0.012109498,0.07138328936792768
5.0600000000000005,900.6418192532093,0.04699929503270761,0.0,0.2,0.2,20.249999999999996,0.8,0.8,900.0,0.01,0.0,10,0.7,0.011517445,0.07130434507151757
5.07,900.6422402763363,0.046971007844490875,0.0,0.2,0.2,20.249999999999996,0.8,0.8,900.0,0.01,0.0,10,0.7,0.013081704,0.07138267009033863
5.08,900.6418133084837,0.04693812016458149,0.0,0.2,0.2,20.249999999999996,0.8,0.8,900.0,0.01,0.0,10,0.7,0.011698036,0.07130372421622475
5.09,900.6422346340021,0.046916375526331607,0.0,0.2,0.2,20.249999999999996,0.8,0.8,900.0,0.01,0.0,10,0.7,0.011573995,0.07138212636095259
5.1000000000000005,900.6418080772864,0.04688987772167829,0.0,0.2,0.2,20.249999999999996,0.8,0.8,900.0,0.01,0.0,10,0.7,0.013567587,0.0713032940701267
5.11,900.6422307201592,0.04687474695461191,0.0,0.2,0.2,20.249999999999996,0.8,0.8,900.0,0.01,0.0,10,0.7,0.011104363,0.0713818631858978
5.12,900.6418053967882,0.046854791834136364,0.0,0.2,0.2,20.249999999999996,0.8,0.8,900.0,0.01,0.0,10,0.7,0.010841571,0.07130320684290144
5.13,900.6422298982613,0.04684635146151764,0.0,0.2,0.2,20.249999999999996,0.8,0.8,900.0,0.01,0.0,10,0.7,0.012768542,0.07138196914440412
5.14,900.6418060552414,0.04683307226419656,0.0,0.2,0.2,20.249999999999996,0.8,0.8,900.0,0.01,0.0,10,0.7,0.01071381,0.07130348216302422
5.15,900.6422323384344,0.046831382866152724,0.0,0.2,0.2,20.249999999999996,0.8,0.8,900.0,0.01,0.0,10,0.7,0.010970842,0.07138239697572131
5.16,900.6418096207572,0.04682486338157564,0.0,0.2,0.2,20.249999999999996,0.8,0.8,900.0,0.01,0.0,10,0.7,0.012361389,0.07130401341503828
5.17,900.6422370946221,0.04682994313410603,0.0,0.2,0.2,20.249999999999996,0.8,0.8,900.0,0.01,0.0,10,0.7,0.010891082,0.07138299370239698
5.18,900.6418147138909,0.046830207120333436,0.0,0.2,0.2,20.249999999999996,0.8,0.8,900.0,0.01,0.0,10,0.7,0.011135513,0.07130461767143215
5.19,900.6422425015269,0.046842050472037794,0.0,0.2,0.2,20.249999999999996,0.8,0.8,900.0,0.01,0.0,10,0.7,0.01240554,0.07138356467614439
5.2,900.6418196127656,0.04684909748895396,0.0,0.2,0.2,20.249999999999996,0.8,0.8,900.0,0.01,0.0,10,0.7,0.011044613,0.07130510733306146
5.21,900.6422468692472,0.046867701456104374,0.0,0.2,0.2,20.249999999999996,0.8,0.8,900.0,0.01,0.0,10,0.7,0.010908351,0.07138394597097847
5.22,900.6418228596696,0.046881528691013585,0.0,0.2,0.2,20.249999999999996,0.8,0.8,900.0,0.01,0.0,10,0.7,0.012601521,0.0713053562847357
5.23,900.642249066118,0.046906906170938956,0.0,0.2,0.2,20.249999999999996,0.8,0.8,900.0,0.01,0.0,10,0.7,0.011064243,0.07138405843073728
5.24,900.6418237077183,0.04692752624293193,0.0,0.2,0.2,20.249999999999996,0.8,0.8,900.0,0.01,0.0,10,0.7,0.011097573,0.0713061117590491
5.25,900.6422488500594,0.04695971856021208,0.0,0.2,0.2,20.249999999999996,0.8,0.8,900.0,0.01,0.0,10,0.7,0.013086124,0.07138392578684821
5.26,900.641822374339,0.04698717325668883,0.0,0.2,0.2,20.249999999999996,0.8,0.8,900.0,0.01,0.0,10,0.7,0.01068309,0.07130589662597686
5.2700000000000005,900.6422468508678,0.047026255346510004,0.0,0.2,0.2,20.249999999999996,0.8,0.8,900.0,0.01,0.0,10,0.7,0.011342254,0.07138365429655184
5.28,900.6418198164106,0.04706061731607512,0.0,0.2,0.2,20.249999999999996,0.8,0.8,900.0,0.01,0.0,10,0.7,0.012583181,0.07130561368222145
5.29,900.6422442447355,0.0471066957817572,0.0,0.2,0.2,20.249999999999996,0.8,0.8,900.0,0.01,0.0,10,0.7,0.010912202,0.07138338538098951
5.3,900.6418173045871,0.04714806236676391,0.0,0.2,0.2,20.249999999999996,0.8,0.8,900.0,0.01,0.0,10,0.7,0.011198833,0.07130540109764712
5.3100000000000005,900.6422422745491,0.04720125913667034,0.0,0.2,0.2,20.249999999999996,0.8,0.8,900.0,0.01,0.0,10,0.7,0.012906692,0.0713832415770978
5.32,900.6418159373289,0.047249733218300796,0.0,0.2,0.2,20.249999999999996,0.8,0.8,900.0,0.01,0.0,10,0.7,0.011057982,0.0713053549288073
5.33,900.6422418026604,0.04731016966054616,0.0,0.2,0.2,20.249999999999996,0.8,0.8,900.0,0.01,0.0,10,0.7,0.010908152,0.07138328548782777
5.34,900.6418162736069,0.04736585028719667,0.0,0.2,0.2,20.249999999999996,0.8,0.8,900.0,0.01,0.0,10,0.7,0.012830603,0.07130550029799458
5.3500000000000005,900.64224305299,0.04743363472138872,0.0,0.2,0.2,20.249999999999996,0.8,0.8,900.0,0.01,0.0,10,0.7,0.01063443,0.07138350503154256
5.36,900.6418182017543,0.04749660668762498,0.0,0.2,0.2,20.249999999999996,0.8,0.8,900.0,0.01,0.0,10,0.7,0.010769371,0.07130579124369636
5.37,900.6422456103863,0.04757182723622023,0.0,0.2,0.2,20.249999999999996,0.8,0.8,900.0,0.01,0.0,10,0.7,0.012997154,0.07138382685382474
5.38,900.6418210610822,0.04764216285732689,0.0,0.2,0.2,20.249999999999996,0.8,0.8,900.0,0.01,0.0,10,0.7,0.0106594,0.07130613557306271
5.39,900.6422486450066,0.04772489072313786,0.0,0.2,0.2,20.249999999999996,0.8,0.8,900.0,0.01,0.0,10,0.7,0.010712211,0.07138414953934966
5.4,900.6418239407021,0.047802654754956764,0.0,0.2,0.2,20.249999999999996,0.8,0.8,900.0,0.01,0.0,10,0.7,0.012808152,0.07130643275186913
5.41,900.6422512532423,0.04789294956084896,0.0,0.2,0.2,20.249999999999996,0.8,0.8,900.0,0.01,0.0,10,0.7,0.010862641,0.07138438240142383
5.42,900.6418260279446,0.04797820222455205,0.0,0.2,0.2,20.249999999999996,0.8,0.8,900.0,0.01,0.0,10,0.7,0.010944412,0.07130559237473798
5.43,900.6422527805352,0.04807610324782958,0.0,0.2,0.2,20.249999999999996,0.8,0.8,900.0,0.01,0.0,10,0.7,0.013633156,0.07138447544876284
5.44,900.6418268762407,0.0481688888655853,0.0,0.2,0.2,20.249999999999996,0.8,0.8,900.0,0.01,0.0,10,0.7,0.011771176,0.07130562428218458
5.45,900.6422530142149,0.048274433393521825,0.0,0.2,0.2,20.249999999999996,0.8,0.8,900.0,0.01,0.0,10,0.7,0.011256383,0.0713844312765837
5.46,900.6418265109994,0.04837480515521318,0.0,0.2,0.2,20.249999999999996,0.8,0.8,900.0,0.01,0.0,10,0.7,0.013355456,0.07130553952927057
5.47,900.6422522010024,0.0484880442609567,0.0,0.2,0.2,20.249999999999996,0.8,0.8,900.0,0.01,0.0,10,0.7,0.011240233,0.07138429770290049
5.48,900.6418253628569,0.048596068198397485,0.0,0.2,0.2,20.249999999999996,0.8,0.8,900.0,0.01,0.0,10,0.7,0.011572685,0.07130540084816832
5.49,900.6422509064001,0.04871706885505009,0.0,0.2,0.2,20.249999999999996,0.8,0.8,900.0,0.01,0.0,10,0.7,0.012971464,0.07138414597492426
5.5,900.6418240715293,0.04883282084685404,0.0,0.2,0.2,20.249999999999996,0.8,0.8,900.0,0.01,0.0,10,0.7,0.011341074,0.0713068555047767
5.51,900.6422497841834,0.04896166118762576,0.0,0.2,0.2,20.249999999999996,0.8,0.8,900.0,0.01,0.0,10,0.7,0.011318274,0.07138404386803278
5.5200000000000005,900.641823243643,0.049085221130015066,0.0,0.2,0.2,20.249999999999996,0.8,0.8,900.0,0.01,0.0,10,0.7,0.014693073,0.07130681321150185
5.53,900.642249346092,0.04922198423210837,0.0,0.2,0.2,20.249999999999996,0.8,0.8,900.0,0.01,0.0,10,0.7,0.01423013,0.07138251413765541
5.54,900.641823254369,0.049353429560514694,0.0,0.2,0.2,20.249999999999996,0.8,0.8,900.0,0.01,0.0,10,0.7,0.014590573,0.07130687053647707
5.55,900.6422498072668,0.04949819412705912,0.0,0.2,0.2,20.249999999999996,0.8,0.8,900.0,0.01,0.0,10,0.7,0.016519013,0.07138260248508294
5.5600000000000005,900.6418241494905,0.04963759340799243,0.0,0.2,0.2,20.249999999999996,0.8,0.8,900.0,0.01,0.0,10,0.7,0.015334267,0.07130701427574473
5.57,900.6422510465906,0.04979042242833216,0.0,0.2,0.2,20.249999999999996,0.8,0.8,900.0,0.01,0.0,10,0.7,0.015826179,0.07138275844010886
5.58,900.6418256660372,0.0499378257658909,0.0,0.2,0.2,20.249999999999996,0.8,0.8,900.0,0.01,0.0,10,0.7,0.016962346,0.0713072026375422
5.59,900.6422526876626,0.050098743553353774,0.0,0.2,0.2,20.249999999999996,0.8,0.8,900.0,0.01,0.0,10,0.7,0.015461358,0.07138293184392736
5.6000000000000005,900.641827350531,0.05025416215596443,0.0,0.2,0.2,20.249999999999996,0.8,0.8,900.0,0.01,0.0,10,0.7,0.016224741,0.07130738148325089
5.61,900.642254243453,0.05042316772759159,0.0,0.2,0.2,20.249999999999996,0.8,0.8,900.0,0.01,0.0,10,0.7,0.017030686,0.07138438737571579
5.62,900.6418287128796,0.050586594893116156,0.0,0.2,0.2,20.249999999999996,0.8,0.8,900.0,0.01,0.0,10,0.7,0.015836769,0.07130750230730218
5.63,900.6422552852588,0.0507636816999698,0.0,0.2,0.2,20.249999999999996,0.8,0.8,900.0,0.01,0.0,10,0.7,0.016302742,0.07138445458604437
5.64,900.6418294101902,0.05093511693245221,0.0,0.2,0.2,20.249999999999996,0.8,0.8,900.0,0.01,0.0,10,0.7,0.016909065,0.07130753842858474
5.65,900.6422555711823,0.051120281026792266,0.0,0.2,0.2,20.249999999999996,0.8,0.8,900.0,0.01,0.0,10,0.7,0.01593563,0.07138443380897622
5.66,900.641829326292,0.051299723033493616,0.0,0.2,0.2,20.249999999999996,0.8,0.8,900.0,0.01,0.0,10,0.7,0.015871289,0.07130749079876349
5.67,900.6422551084701,0.05149296771846286,0.0,0.2,0.2,20.249999999999996,0.8,0.8,900.0,0.01,0.0,10,0.7,0.019318119,0.07138433925533755
5.68,900.6418285921475,0.051680414114052886,0.0,0.2,0.2,20.249999999999996,0.8,0.8,900.0,0.01,0.0,10,0.7,0.011772517,0.07130738566997455
5.69,900.6422541330292,0.05188175136692732,0.0,0.2,0.2,20.249999999999996,0.8,0.8,900.0,0.01,0.0,10,0.7,0.011257373,0.07138420636144198
5.7,900.6418275283402,0.05207719514963607,0.0,0.2,0.2,20.249999999999996,0.8,0.8,900.0,0.01,0.0,10,0.7,0.014002599,0.07130726467165552
5.71,900.6422530190208,0.052286635121233244,0.0,0.2,0.2,20.249999999999996,0.8,0.8,900.0,0.01,0.0,10,0.7,0.011636355,0.07138407913850624
5.72,900.6418265308293,0.052490060054623935,0.0,0.2,0.2,20.249999999999996,0.8,0.8,900.0,0.01,0.0,10,0.7,0.011284803,0.07130717046922397
5.73,900.6422521498583,0.05270762157866903,0.0,0.2,0.2,20.249999999999996,0.8,0.8,900.0,0.01,0.0,10,0.7,0.012964153,0.07138399545221737
5.74,900.6418259394221,0.052919016548856355,0.0,0.2,0.2,20.249999999999996,0.8,0.8,900.0,0.01,0.0,10,0.7,0.011668766,0.07130713307066856
5.75,900.6422517949687,0.05314472698632343,0.0,0.2,0.2,20.249999999999996,0.8,0.8,900.0,0.01,0.0,10,0.7,0.011275774,0.0713839752549175
5.76,900.641825932424,0.053364085576798094,0.0,0.2,0.2,20.249999999999996,0.8,0.8,900.0,0.01,0.0,10,0.7,0.013150064,0.07130716087999657
5.7700000000000005,900.6422520293638,0.05359797334046268,0.0,0.2,0.2,20.249999999999996,0.8,0.8,900.0,0.01,0.0,10,0.7,0.011255754,0.07138401509729904
5.78,900.641826477729,0.05382528624272908,0.0,0.2,0.2,20.249999999999996,0.8,0.8,900.0,0.01,0.0,10,0.7,0.01235441,0.07130723911425255
5.79,900.642252719343,0.05406736920814255,0.0,0.2,0.2,20.249999999999996,0.8,0.8,900.0,0.01,0.0,10,0.7,0.013131655,0.07138409038729812
5.8,900.6418273529853,0.05430262660908154,0.0,0.2,0.2,20.249999999999996,0.8,0.8,900.0,0.01,0.0,10,0.7,0.011416794,0.07130733562877578
5.8100000000000005,900.6422535749736,0.05455292529728701,0.0,0.2,0.2,20.249999999999996,0.8,0.8,900.0,0.01,0.0,10,0.7,0.011381434,0.0713841643716461
5.82,900.6418282273372,0.05479612910768361,0.0,0.2,0.2,20.249999999999996,0.8,0.8,900.0,0.01,0.0,10,0.7,0.013224995,0.07130741243805111
5.83,900.642254254407,0.05505466062437732,0.0,0.2,0.2,20.249999999999996,0.8,0.8,900.0,0.01,0.0,10,0.7,0.011823737,0.07138420110257981
5.84,900.6418287773972,0.055305808860171814,0.0,0.2,0.2,20.249999999999996,0.8,0.8,900.0,0.01,0.0,10,0.7,0.011108063,0.0713074387033344
5.8500000000000005,900.6422544799988,0.05557258682001716,0.0,0.2,0.2,20.249999999999996,0.8,0.8,900.0,0.01,0.0,10,0.7,0.013525426,0.0713841773036769
5.86,900.641828793985,0.05583169409691973,0.0,0.2,0.2,20.249999999999996,0.8,0.8,900.0,0.01,0.0,10,0.7,0.011233633,0.07130740061837902
5.87,900.6422541278104,0.05610674917629675,0.0,0.2,0.2,20.249999999999996,0.8,0.8,900.0,0.01,0.0,10,0.7,0.011148973,0.07138408955546335
5.88,900.6418282465546,0.05637384876794967,0.0,0.2,0.2,20.249999999999996,0.8,0.8,900.0,0.01,0.0,10,0.7,0.013479326,0.07130730512028435
5.89,900.642253260402,0.05665722182218474,0.0,0.2,0.2,20.249999999999996,0.8,0.8,900.0,0.01,0.0,10,0.7,0.011528215,0.07138395423302972
5.9,900.6418272818722,0.056932362394236054,0.0,0.2,0.2,20.249999999999996,0.8,0.8,900.0,0.01,0.0,10,0.7,0.011583675,0.07130717624091586
5.91,900.6422520936964,0.05722411305486117,0.0,0.2,0.2,20.249999999999996,0.8,0.8,900.0,0.01,0.0,10,0.7,0.013146924,0.07138380075784634
5.92,900.641826163303,0.05750736908089912,0.0,0.2,0.2,20.249999999999996,0.8,0.8,900.0,0.01,0.0,10,0.7,0.011140573,0.07130704590242375
5.93,900.6422509143929,0.05780758009280666,0.0,0.2,0.2,20.249999999999996,0.8,0.8,900.0,0.01,0.0,10,0.7,0.012253428,0.07138366082435209
5.94,900.6418251739345,0.05809905013889804,0.0,0.2,0.2,20.249999999999996,0.8,0.8,900.0,0.01,0.0,10,0.7,0.012971603,0.07130694262347935
5.95,900.6422499781847,0.058407826631398374,0.0,0.2,0.2,20.249999999999996,0.8,0.8,900.0,0.01,0.0,10,0.7,0.011036763,0.07138355761059957
5.96,900.6418245201069,0.058707634499639935,0.0,0.2,0.2,20.249999999999996,0.8,0.8,900.0,0.01,0.0,10,0.7,0.011274583,0.07130688229760429
5.97,900.6422494271449,0.05902509758303211,0.0,0.2,0.2,20.249999999999996,0.8,0.8,900.0,0.01,0.0,10,0.7,0.013684667,0.07138349890499414
5.98,900.6418242701919,0.059333381670475145,0.0,0.2,0.2,20.249999999999996,0.8,0.8,900.0,0.01,0.0,10,0.7,0.011222623,0.07130686432920164
5.99,900.6422492551017,0.05965965313067512,0.0,0.2,0.2,20.249999999999996,0.8,0.8,900.0,0.01,0.0,10,0.7,0.011560535,0.07138347643285815
6.0,900.6418243486268,0.059976536856762235,0.0,0.2,0.2,20.249999999999996,0.8,0.8,900.0,0.01,0.0,10,0.7,0.013158524,0.07130687400409422
6.01,900.6422493289031,0.060311700563627536,0.0,0.2,0.2,20.249999999999996,0.8,0.8,900.0,0.01,0.0,10,0.7,0.011609495,0.07138347089018426
6.0200000000000005,900.6418245817845,0.060637235089375664,0.0,0.2,0.2,20.249999999999996,0.8,0.8,900.0,0.01,0.0,10,0.7,0.01234254,0.07130688959644084
6.03,900.6422494523928,0.06098124379085922,0.0,0.2,0.2,20.249999999999996,0.8,0.8,900.0,0.01,0.0,10,0.7,0.013288375,0.07138346013570415
6.04,900.6418247698584,0.06131533949246833,0.0,0.2,0.2,20.249999999999996,0.8,0.8,900.0,0.01,0.0,10,0.7,0.010946332,0.07130689072812099
6.05,900.6422494415144,0.061668053260674205,0.0,0.2,0.2,20.249999999999996,0.8,0.8,900.0,0.01,0.0,10,0.7,0.011008733,0.07138342755603323
6.0600000000000005,900.6418247636178,0.06201056619064728,0.0,0.2,0.2,20.249999999999996,0.8,0.8,900.0,0.01,0.0,10,0.7,0.012647741,0.0713068660511292
6.07,900.6422491941374,0.06237182516752181,0.0,0.2,0.2,20.249999999999996,0.8,0.8,900.0,0.01,0.0,10,0.7,0.010807101,0.0713816530736746
6.08,900.6418245125086,0.06272258476282047,0.0,0.2,0.2,20.249999999999996,0.8,0.8,900.0,0.01,0.0,10,0.7,0.011026801,0.07130681571513003
6.09,900.6422487122588,0.06309219809786465,0.0,0.2,0.2,20.249999999999996,0.8,0.8,900.0,0.01,0.0,10,0.7,0.012666211,0.0713815725026322
6.1000000000000005,900.6418240707377,0.06345100404729541,0.0,0.2,0.2,20.249999999999996,0.8,0.8,900.0,0.01,0.0,10,0.7,0.0107826,0.071306750221554
6.11,900.6422480897793,0.06382874894887267,0.0,0.2,0.2,20.249999999999996,0.8,0.8,900.0,0.01,0.0,10,0.7,0.011248303,0.07138148374310703
6.12,900.6418235577162,0.06419536006785612,0.0,0.2,0.2,20.249999999999996,0.8,0.8,900.0,0.01,0.0,10,0.7,0.012941763,0.071306684068632
6.13,900.6422474564253,0.06458100106141257,0.0,0.2,0.2,20.249999999999996,0.8,0.8,900.0,0.01,0.0,10,0.7,0.010910871,0.0713814007855674
6.140000000000001,900.641823098188,0.06495515638568955,0.0,0.2,0.2,20.249999999999996,0.8,0.8,900.0,0.01,0.0,10,0.7,0.011403914,0.07130662930823008
6.15,900.6422469199732,0.06534842430423446,0.0,0.2,0.2,20.249999999999996,0.8,0.8,900.0,0.01,0.0,10,0.7,0.013184334,0.07137999386976973
6.16,900.6418227712594,0.06572982846853014,0.0,0.2,0.2,20.249999999999996,0.8,0.8,900.0,0.01,0.0,10,0.7,0.010926282,0.07130659108696392
6.17,900.6422465262722,0.06613042997566207,0.0,0.2,0.2,20.249999999999996,0.8,0.8,900.0,0.01,0.0,10,0.7,0.010910941,0.07137994143690533
6.18,900.6418225864126,0.06651876580557352,0.0,0.2,0.2,20.249999999999996,0.8,0.8,900.0,0.01,0.0,10,0.7,0.012946673,0.07130656677972197
6.19,900.6422462505673,0.06692639269687434,0.0,0.2,0.2,20.249999999999996,0.8,0.8,900.0,0.01,0.0,10,0.7,0.011145023,0.07137989936852764
6.2,900.6418224925775,0.06732134835992362,0.0,0.2,0.2,20.249999999999996,0.8,0.8,900.0,0.01,0.0,10,0.7,0.010830171,0.07130654885747444
6.21,900.6422460246456,0.06773570347912405,0.0,0.2,0.2,20.249999999999996,0.8,0.8,900.0,0.01,0.0,10,0.7,0.012215579,0.07137985938430957
6.22,900.6418224148927,0.0681369937450575,0.0,0.2,0.2,20.249999999999996,0.8,0.8,900.0,0.01,0.0,10,0.7,0.011245223,0.07130652934120318
6.23,900.6422457763658,0.06855781751158858,0.0,0.2,0.2,20.249999999999996,0.8,0.8,900.0,0.01,0.0,10,0.7,0.011371224,0.07137981476468744
6.24,900.6418222934527,0.06896519621263877,0.0,0.2,0.2,20.249999999999996,0.8,0.8,900.0,0.01,0.0,10,0.7,0.012628671,0.07130650366424712
6.25,900.6422454648305,0.06939222617082225,0.0,0.2,0.2,20.249999999999996,0.8,0.8,900.0,0.01,0.0,10,0.7,0.010943771,0.07137976352096324
6.26,900.6418221110017,0.06980541547133744,0.0,0.2,0.2,20.249999999999996,0.8,0.8,900.0,0.01,0.0,10,0.7,0.011148502,0.07130647250883144
6.2700000000000005,900.6422450949186,0.07023836692964111,0.0,0.2,0.2,20.249999999999996,0.8,0.8,900.0,0.01,0.0,10,0.7,0.013244414,0.07137970834767399
6.28,900.6418218916134,0.07065710656256456,0.0,0.2,0.2,20.249999999999996,0.8,0.8,900.0,0.01,0.0,10,0.7,0.010832491,0.07130643992219424
6.29,900.6422447024395,0.07109573077459383,0.0,0.2,0.2,20.249999999999996,0.8,0.8,900.0,0.01,0.0,10,0.7,0.011336444,0.07137965373783724
6.3,900.6418216753223,0.07151978757701333,0.0,0.2,0.2,20.249999999999996,0.8,0.8,900.0,0.01,0.0,10,0.7,0.012695081,0.07130640993560859
6.3100000000000005,900.642244322427,0.0719638544072476,0.0,0.2,0.2,20.249999999999996,0.8,0.8,900.0,0.01,0.0,10,0.7,0.0107073,0.07137960246300516
6.32,900.641821485948,0.07239301435076037,0.0,0.2,0.2,20.249999999999996,0.8,0.8,900.0,0.01,0.0,10,0.7,0.011271754,0.0713103286794612
6.33,900.6422439585635,0.07284231855743115,0.0,0.2,0.2,20.249999999999996,0.8,0.8,900.0,0.01,0.0,10,0.7,0.012676682,0.07137955326844522
6.34,900.6418213136387,0.07327639801492955,0.0,0.2,0.2,20.249999999999996,0.8,0.8,900.0,0.01,0.0,10,0.7,0.010910172,0.07130004032322565
6.3500000000000005,900.6422435757299,0.07373070763702311,0.0,0.2,0.2,20.249999999999996,0.8,0.8,900.0,0.01,0.0,10,0.7,0.010806461,0.07137950091556224
6.36,900.6418211193709,0.07416950991313001,0.0,0.2,0.2,20.249999999999996,0.8,0.8,900.0,0.01,0.0,10,0.7,0.012911253,0.07130001854059516
6.37,900.6422431420264,0.07462859960195505,0.0,0.2,0.2,20.249999999999996,0.8,0.8,900.0,0.01,0.0,10,0.7,0.010923502,0.07137944201640514
6.38,900.6418209167911,0.07507172107263173,0.0,0.2,0.2,20.249999999999996,0.8,0.8,900.0,0.01,0.0,10,0.7,0.010692181,0.07129998953364824
6.390000000000001,900.6422426267493,0.0755351285515117,0.0,0.2,0.2,20.249999999999996,0.8,0.8,900.0,0.01,0.0,10,0.7,0.013175045,0.07137937449359132
6.4,900.6418206345359,0.07598209187574848,0.0,0.2,0.2,20.249999999999996,0.8,0.8,900.0,0.01,0.0,10,0.7,0.011059922,0.07129995288728079
6.41,900.6422420248107,0.07644936932468312,0.0,0.2,0.2,20.249999999999996,0.8,0.8,900.0,0.01,0.0,10,0.7,0.011039553,0.07137930035779023
6.42,900.6418202907607,0.07689974489337084,0.0,0.2,0.2,20.249999999999996,0.8,0.8,900.0,0.01,0.0,10,0.7,0.01244041,0.07129991315167677
6.43,900.6422413784978,0.07737048188163616,0.0,0.2,0.2,20.249999999999996,0.8,0.8,900.0,0.01,0.0,10,0.7,0.011143893,0.0713792266470626
6.44,900.6418199536705,0.07782372827206732,0.0,0.2,0.2,20.249999999999996,0.8,0.8,900.0,0.01,0.0,10,0.7,0.011134362,0.07129987955913614
6.45,900.6422408350018,0.07829706181011692,0.0,0.2,0.2,20.249999999999996,0.8,0.8,900.0,0.01,0.0,10,0.7,0.012628681,0.07137916257683193
6.46,900.6418197029744,0.0787520758945018,0.0,0.2,0.2,20.249999999999996,0.8,0.8,900.0,0.01,0.0,10,0.7,0.010966201,0.07129985884885458
6.47,900.6422404072179,0.07922685856776208,0.0,0.2,0.2,20.249999999999996,0.8,0.8,900.0,0.01,0.0,10,0.7,0.011067062,0.07137911167966177
6.48,900.6418195706799,0.07968250828687849,0.0,0.2,0.2,20.249999999999996,0.8,0.8,900.0,0.01,0.0,10,0.7,0.01249079,0.07129985208526365
6.49,900.6422400859892,0.08015763780532743,0.0,0.2,0.2,20.249999999999996,0.8,0.8,900.0,0.01,0.0,10,0.7,0.010919342,0.07137907239181711
6.5,900.6418195445223,0.08061284325253923,0.0,0.2,0.2,20.249999999999996,0.8,0.8,900.0,0.01,0.0,10,0.7,0.011043442,0.07129985504986393
6.51,900.642239833988,0.08108724612477704,0.0,0.2,0.2,20.249999999999996,0.8,0.8,900.0,0.01,0.0,10,0.7,0.012934952,0.07137903777282095
6.5200000000000005,900.6418195650496,0.0815409103186904,0.0,0.2,0.2,20.249999999999996,0.8,0.8,900.0,0.01,0.0,10,0.7,0.010846561,0.071299858900198
6.53,900.6422395715223,0.08201345821740279,0.0,0.2,0.2,20.249999999999996,0.8,0.8,900.0,0.01,0.0,10,0.7,0.011022392,0.07137899770566672
6.54,900.6418195402763,0.08246446298218256,0.0,0.2,0.2,20.249999999999996,0.8,0.8,900.0,0.01,0.0,10,0.7,0.012878912,0.07129985349638422
6.55,900.6422392054737,0.08293405991879807,0.0,0.2,0.2,20.249999999999996,0.8,0.8,900.0,0.01,0.0,10,0.7,0.0107838,0.0713789433764004
6.5600000000000005,900.6418193922945,0.08338134151306548,0.0,0.2,0.2,20.249999999999996,0.8,0.8,900.0,0.01,0.0,10,0.7,0.010863941,0.07129983292001212
6.57,900.6422386828046,0.08384691271192277,0.0,0.2,0.2,20.249999999999996,0.8,0.8,900.0,0.01,0.0,10,0.7,0.012624331,0.07139204334645226
6.58,900.6418190988338,0.08428938766338166,0.0,0.2,0.2,20.249999999999996,0.8,0.8,900.0,0.01,0.0,10,0.7,0.010961652,0.0712997981080513
6.59,900.6422380105828,0.08474985478324647,0.0,0.2,0.2,20.249999999999996,0.8,0.8,900.0,0.01,0.0,10,0.7,0.01069246,0.07139195558099493
6.6000000000000005,900.6418186955677,0.08518649280521547,0.0,0.2,0.2,20.249999999999996,0.8,0.8,900.0,0.01,0.0,10,0.7,0.013164264,0.07129975550660114
6.61,900.6422372466661,0.08564088293414938,0.0,0.2,0.2,20.249999999999996,0.8,0.8,900.0,0.01,0.0,10,0.7,0.011087083,0.0713918629383167
6.62,900.6418182601151,0.0860708209650607,0.0,0.2,0.2,20.249999999999996,0.8,0.8,900.0,0.01,0.0,10,0.7,0.010770701,0.07129971501853563
6.63,900.6422364813737,0.08651825894369544,0.0,0.2,0.2,20.249999999999996,0.8,0.8,900.0,0.01,0.0,10,0.7,0.013450636,0.0713917759756359
6.640000000000001,900.6418178870749,0.08694058757227963,0.0,0.2,0.2,20.249999999999996,0.8,0.8,900.0,0.01,0.0,10,0.7,0.010908001,0.0712996865790911
6.65,900.6422358016537,0.08738015002941947,0.0,0.2,0.2,20.249999999999996,0.8,0.8,900.0,0.01,0.0,10,0.7,0.010892962,0.07139170234454167
6.66,900.6418176431443,0.08779400900855497,0.0,0.2,0.2,20.249999999999996,0.8,0.8,900.0,0.01,0.0,10,0.7,0.012574961,0.07130107289176155
6.67,900.6422352426092,0.08822488070194504,0.0,0.2,0.2,20.249999999999996,0.8,0.8,900.0,0.01,0.0,10,0.7,0.011073182,0.07139164171749039
6.68,900.6418175225452,0.08862955376038248,0.0,0.2,0.2,20.249999999999996,0.8,0.8,900.0,0.01,0.0,10,0.7,0.010849401,0.07130107517621714
6.69,900.6422347584568,0.08905111881005456,0.0,0.2,0.2,20.249999999999996,0.8,0.8,900.0,0.01,0.0,10,0.7,0.01244369,0.07139158497422168
6.7,900.6418174411195,0.08944608264997297,0.0,0.2,0.2,20.249999999999996,0.8,0.8,900.0,0.01,0.0,10,0.7,0.011068022,0.07130018708671378
6.71,900.6422342294493,0.08985791946551747,0.0,0.2,0.2,20.249999999999996,0.8,0.8,900.0,0.01,0.0,10,0.7,0.011356534,0.07139151706040336
6.72,900.6418172657548,0.09024286868165916,0.0,0.2,0.2,20.249999999999996,0.8,0.8,900.0,0.01,0.0,10,0.7,0.012592171,0.07130017740093392
6.73,900.6422335132603,0.09064481826259647,0.0,0.2,0.2,20.249999999999996,0.8,0.8,900.0,0.01,0.0,10,0.7,0.010900452,0.07139142053939762
6.74,900.641816862472,0.09101969892170624,0.0,0.2,0.2,20.249999999999996,0.8,0.8,900.0,0.01,0.0,10,0.7,0.011334874,0.07130013849655253
6.75,900.6422325060969,0.0914118204251935,0.0,0.2,0.2,20.249999999999996,0.8,0.8,900.0,0.01,0.0,10,0.7,0.012742292,0.07139128831765863
6.76,900.6418161643968,0.09177675330895692,0.0,0.2,0.2,20.249999999999996,0.8,0.8,900.0,0.01,0.0,10,0.7,0.01056549,0.07130006812222009
6.7700000000000005,900.6422311872553,0.09215930354804455,0.0,0.2,0.2,20.249999999999996,0.8,0.8,900.0,0.01,0.0,10,0.7,0.011099992,0.07139112627106572
6.78,900.6418152048874,0.09251467193074646,0.0,0.2,0.2,20.249999999999996,0.8,0.8,900.0,0.01,0.0,10,0.7,0.012587341,0.07129997571482163
6.79,900.642229642701,0.09288819359193108,0.0,0.2,0.2,20.249999999999996,0.8,0.8,900.0,0.01,0.0,10,0.7,0.01065882,0.07139094901311506
6.8,900.641814118275,0.0932346177967173,0.0,0.2,0.2,20.249999999999996,0.8,0.8,900.0,0.01,0.0,10,0.7,0.011334774,0.07129988100103597
6.8100000000000005,900.6422280543958,0.09359972983490628,0.0,0.2,0.2,20.249999999999996,0.8,0.8,900.0,0.01,0.0,10,0.7,0.012861543,0.07139078000639741
6.82,900.6418131153438,0.09393773646897573,0.0,0.2,0.2,20.249999999999996,0.8,0.8,900.0,0.01,0.0,10,0.7,0.011022382,0.07129980828870382
6.83,900.6422266403999,0.094294989028805,0.0,0.2,0.2,20.249999999999996,0.8,0.8,900.0,0.01,0.0,10,0.7,0.010799851,0.07139064190030907
6.84,900.6418124010656,0.09462507539920519,0.0,0.2,0.2,20.249999999999996,0.8,0.8,900.0,0.01,0.0,10,0.7,0.012653661,0.07129606422191231
6.8500000000000005,900.6422255712922,0.0949748897892371,0.0,0.2,0.2,20.249999999999996,0.8,0.8,900.0,0.01,0.0,10,0.7,0.010962792,0.07139054810345064
6.86,900.6418120927268,0.09529747760862034,0.0,0.2,0.2,20.249999999999996,0.8,0.8,900.0,0.01,0.0,10,0.7,0.01070849,0.07129608612455653
6.87,900.6422248962534,0.09564036778903642,0.0,0.2,0.2,20.249999999999996,0.8,0.8,900.0,0.01,0.0,10,0.7,0.013147745,0.07139049642195905
6.88,900.6418121730534,0.09595607094829926,0.0,0.2,0.2,20.249999999999996,0.8,0.8,900.0,0.01,0.0,10,0.7,0.010908551,0.07129614591465468
6.890000000000001,900.642224532912,0.09629279934300047,0.0,0.2,0.2,20.249999999999996,0.8,0.8,900.0,0.01,0.0,10,0.7,0.010935032,0.07139047126884555
6.9,900.6418124992919,0.09660246581832714,0.0,0.2,0.2,20.249999999999996,0.8,0.8,900.0,0.01,0.0,10,0.7,0.012365079,0.07129622258160108
6.91,900.6422242917516,0.09693397764282688,0.0,0.2,0.2,20.249999999999996,0.8,0.8,900.0,0.01,0.0,10,0.7,0.011085452,0.0713904482409344
6.92,900.6418128512212,0.09723862573231612,0.0,0.2,0.2,20.249999999999996,0.8,0.8,900.0,0.01,0.0,10,0.7,0.011361425,0.0712962902402414
6.93,900.6422239414062,0.09756599560293172,0.0,0.2,0.2,20.249999999999996,0.8,0.8,900.0,0.01,0.0,10,0.7,0.012867972,0.0713904024683014
6.94,900.6418130061879,0.09786670007891903,0.0,0.2,0.2,20.249999999999996,0.8,0.8,900.0,0.01,0.0,10,0.7,0.011383404,0.07129632722808732
6.95,900.6422232872143,0.09819101123793797,0.0,0.2,0.2,20.249999999999996,0.8,0.8,900.0,0.01,0.0,10,0.7,0.011092533,0.07139031746810257
6.96,900.6418128164354,0.09848886238691232,0.0,0.2,0.2,20.249999999999996,0.8,0.8,900.0,0.01,0.0,10,0.7,0.012703742,0.07129632400331551
6.97,900.6422222446303,0.0988111882536218,0.0,0.2,0.2,20.249999999999996,0.8,0.8,900.0,0.01,0.0,10,0.7,0.010551759,0.0713901914889672
6.98,900.641812267932,0.09910723386040333,0.0,0.2,0.2,20.249999999999996,0.8,0.8,900.0,0.01,0.0,10,0.7,0.011059613,0.0712962865873192
6.99,900.6422208684749,0.09942859037957769,0.0,0.2,0.2,20.249999999999996,0.8,0.8,900.0,0.01,0.0,10,0.7,0.012614161,0.07140135797817176
7.0,900.6418114765884,0.09972377686005884,0.0,0.2,0.2,20.249999999999996,0.8,0.8,900.0,0.01,0.0,10,0.7,0.01065468,0.07129623318087679
7.01,900.6422193256805,0.10004510626490651,0.0,0.2,0.2,20.249999999999996,0.8,0.8,900.0,0.01,0.0,10,0.7,0.010899521,0.07140120259901932
7.0200000000000005,900.6418106408254,0.10034040358844604,0.0,0.2,0.2,20.249999999999996,0.8,0.8,900.0,0.01,0.0,10,0.7,0.012534591,0.07129618727741663
7.03,900.6422178284643,0.10066266109424,0.0,0.2,0.2,20.249999999999996,0.8,0.8,900.0,0.01,0.0,10,0.7,0.010714791,0.07140698417029927
7.04,900.6418099729581,0.10095900490618183,0.0,0.2,0.2,20.249999999999996,0.8,0.8,900.0,0.01,0.0,10,0.7,0.011179603,0.07129616927485442
7.05,900.6422165615769,0.1012831255051225,0.0,0.2,0.2,20.249999999999996,0.8,0.8,900.0,0.01,0.0,10,0.7,0.012542021,0.07140688306935013
7.0600000000000005,900.6418096231043,0.10158145863258358,0.0,0.2,0.2,20.249999999999996,0.8,0.8,900.0,0.01,0.0,10,0.7,0.011155803,0.07129619006394353
7.07,900.6422156254113,0.10190834125659186,0.0,0.2,0.2,20.249999999999996,0.8,0.8,900.0,0.01,0.0,10,0.7,0.011364964,0.07140812992473398
7.08,900.6418096354748,0.1022095401679443,0.0,0.2,0.2,20.249999999999996,0.8,0.8,900.0,0.01,0.0,10,0.7,0.012719762,0.07129624849781128
7.09,900.642215015673,0.10253993386750813,0.0,0.2,0.2,20.249999999999996,0.8,0.8,900.0,0.01,0.0,10,0.7,0.010988292,0.0714081067852514
7.1000000000000005,900.6418099549193,0.10284464320222925,0.0,0.2,0.2,20.249999999999996,0.8,0.8,900.0,0.01,0.0,10,0.7,0.010891631,0.07129633336237441
7.11,900.6422146308311,0.10317896452945188,0.0,0.2,0.2,20.249999999999996,0.8,0.8,900.0,0.01,0.0,10,0.7,0.012780653,0.0713997635206572
7.12,900.6418104320677,0.103487406398682,0.0,0.2,0.2,20.249999999999996,0.8,0.8,900.0,0.01,0.0,10,0.7,0.011191203,0.07129642470289511
7.13,900.6422142926481,0.10382579768404297,0.0,0.2,0.2,20.249999999999996,0.8,0.8,900.0,0.01,0.0,10,0.7,0.010875082,0.07139977128538486
7.140000000000001,900.6418108697064,0.10413791168433668,0.0,0.2,0.2,20.249999999999996,0.8,0.8,900.0,0.01,0.0,10,0.7,0.012245449,0.07129650066192134
7.15,900.6422138106819,0.10448030112191053,0.0,0.2,0.2,20.249999999999996,0.8,0.8,900.0,0.01,0.0,10,0.7,0.011012171,0.07139975494337761
7.16,900.6418111166736,0.10479621459492496,0.0,0.2,0.2,20.249999999999996,0.8,0.8,900.0,0.01,0.0,10,0.7,0.01070597,0.0712965492170163
7.17,900.6422130779379,0.10514256976711266,0.0,0.2,0.2,20.249999999999996,0.8,0.8,900.0,0.01,0.0,10,0.7,0.012360339,0.07139970716650526
7.18,900.6418111064361,0.10546222749796552,0.0,0.2,0.2,20.249999999999996,0.8,0.8,900.0,0.01,0.0,10,0.7,0.011230833,0.07129656815605123
7.19,900.6422120858891,0.10581213176944339,0.0,0.2,0.2,20.249999999999996,0.8,0.8,900.0,0.01,0.0,10,0.7,0.010921712,0.07138233017780896
7.2,900.6418108734379,0.10613444634892605,0.0,0.2,0.2,20.249999999999996,0.8,0.8,900.0,0.01,0.0,10,0.7,0.012622051,0.07129656442163208
7.21,900.6422109155186,0.1064867308002916,0.0,0.2,0.2,20.249999999999996,0.8,0.8,900.0,0.01,0.0,10,0.7,0.01058644,0.07138226137818618
7.22,900.6418105509462,0.10681073369127102,0.0,0.2,0.2,20.249999999999996,0.8,0.8,900.0,0.01,0.0,10,0.7,0.011058921,0.07129655618727208
7.23,900.6422097370555,0.10716416818701252,0.0,0.2,0.2,20.249999999999996,0.8,0.8,900.0,0.01,0.0,10,0.7,0.012459067,0.07138219735446302
7.24,900.6418103179409,0.107488655688727,0.0,0.2,0.2,20.249999999999996,0.8,0.8,900.0,0.01,0.0,10,0.7,0.010659967,0.07129764634035296
7.25,900.6422087398563,0.10784168955809978,0.0,0.2,0.2,20.249999999999996,0.8,0.8,900.0,0.01,0.0,10,0.7,0.010985259,0.07138215426243014
7.26,900.6418103107792,0.10816496427343282,0.0,0.2,0.2,20.249999999999996,0.8,0.8,900.0,0.01,0.0,10,0.7,0.012408496,0.07129768157969645
7.2700000000000005,900.6422080803861,0.10851570012101483,0.0,0.2,0.2,20.249999999999996,0.8,0.8,900.0,0.01,0.0,10,0.7,0.010893418,0.07138213882078265
7.28,900.6418105825821,0.10883589342329467,0.0,0.2,0.2,20.249999999999996,0.8,0.8,900.0,0.01,0.0,10,0.7,0.01111991,0.071297745137201
7.29,900.6422076905668,0.10918240897502274,0.0,0.2,0.2,20.249999999999996,0.8,0.8,900.0,0.01,0.0,10,0.7,0.012719168,0.07138214805498139
7.3,900.6418111075492,0.10949764190740181,0.0,0.2,0.2,20.249999999999996,0.8,0.8,900.0,0.01,0.0,10,0.7,0.010592377,0.07129782993288887
7.3100000000000005,900.6422075071542,0.10983793672265649,0.0,0.2,0.2,20.249999999999996,0.8,0.8,900.0,0.01,0.0,10,0.7,0.011128109,0.07138217129730232
7.32,900.6418117911902,0.11014622976226542,0.0,0.2,0.2,20.249999999999996,0.8,0.8,900.0,0.01,0.0,10,0.7,0.012777739,0.07129792290537454
7.33,900.6422074140219,0.11047822563618198,0.0,0.2,0.2,20.249999999999996,0.8,0.8,900.0,0.01,0.0,10,0.7,0.011393301,0.0713821933542375
7.34,900.6418125085097,0.11077754519470337,0.0,0.2,0.2,20.249999999999996,0.8,0.8,900.0,0.01,0.0,10,0.7,0.011022319,0.0712980100632712
7.3500000000000005,900.642207291108,0.11109912682819806,0.0,0.2,0.2,20.249999999999996,0.8,0.8,900.0,0.01,0.0,10,0.7,0.012858829,0.0714037269128084
7.36,900.6418131362108,0.11138728080051934,0.0,0.2,0.2,20.249999999999996,0.8,0.8,900.0,0.01,0.0,10,0.7,0.011023989,0.07129807972280583
7.37,900.6422070301808,0.11169624975955722,0.0,0.2,0.2,20.249999999999996,0.8,0.8,900.0,0.01,0.0,10,0.7,0.010724368,0.07140370985166347
7.38,900.6418136363716,0.11197098886565156,0.0,0.2,0.2,20.249999999999996,0.8,0.8,900.0,0.01,0.0,10,0.7,0.012572617,0.0712981282282453
7.390000000000001,900.6422066209497,0.11226520660094093,0.0,0.2,0.2,20.249999999999996,0.8,0.8,900.0,0.01,0.0,10,0.7,0.01129684,0.07140367275024367
7.4,900.6418140122103,0.11252482177049371,0.0,0.2,0.2,20.249999999999996,0.8,0.8,900.0,0.01,0.0,10,0.7,0.010806108,0.07129816060539089
7.41,900.6422061017274,0.11280241201614906,0.0,0.2,0.2,20.249999999999996,0.8,0.8,900.0,0.01,0.0,10,0.7,0.012314406,0.07140362261363067
7.42,900.6418143170583,0.1130452000488188,0.0,0.2,0.2,20.249999999999996,0.8,0.8,900.0,0.01,0.0,10,0.7,0.01112554,0.07129818478713618
7.43,900.6422055416568,0.11330446864826285,0.0,0.2,0.2,20.249999999999996,0.8,0.8,900.0,0.01,0.0,10,0.7,0.010868028,0.07139534329148642
7.44,900.6418146276595,0.11352885689512798,0.0,0.2,0.2,20.249999999999996,0.8,0.8,900.0,0.01,0.0,10,0.7,0.012205775,0.0712982086094982
7.45,900.6422050135185,0.11376822962175057,0.0,0.2,0.2,20.249999999999996,0.8,0.8,900.0,0.01,0.0,10,0.7,0.011048019,0.07139528595559648
7.46,900.6418150049776,0.11397281391629004,0.0,0.2,0.2,20.249999999999996,0.8,0.8,900.0,0.01,0.0,10,0.7,0.010894028,0.0713024858289713
7.47,900.642204559465,0.11419089102335758,0.0,0.2,0.2,20.249999999999996,0.8,0.8,900.0,0.01,0.0,10,0.7,0.012776208,0.07139523239706203
7.48,900.6418155223731,0.1143744548641114,0.0,0.2,0.2,20.249999999999996,0.8,0.8,900.0,0.01,0.0,10,0.7,0.010739638,0.07130251281241892
7.49,900.6422041662519,0.1145700243779536,0.0,0.2,0.2,20.249999999999996,0.8,0.8,900.0,0.01,0.0,10,0.7,0.011399831,0.07139517890063095
7.5,900.6418160989459,0.11473154949572717,0.0,0.2,0.2,20.249999999999996,0.8,0.8,900.0,0.01,0.0,10,0.7,0.012738099,0.07130253683392884
7.51,900.6422037917073,0.11490368114578582,0.0,0.2,0.2,20.249999999999996,0.8,0.8,900.0,0.01,0.0,10,0.7,0.010722757,0.07139511839706975
7.5200000000000005,900.641816657937,0.11504237662794556,0.0,0.2,0.2,20.249999999999996,0.8,0.8,900.0,0.01,0.0,10,0.7,0.011043649,0.07130255016998265
7.53,900.6422033584209,0.11519029848215989,0.0,0.2,0.2,20.249999999999996,0.8,0.8,900.0,0.01,0.0,10,0.7,0.012815318,0.07138843521099487
7.54,900.6418171254874,0.11530552660849805,0.0,0.2,0.2,20.249999999999996,0.8,0.8,900.0,0.01,0.0,10,0.7,0.010620997,0.07130397500123109
7.55,900.6422027892277,0.11542864748153084,0.0,0.2,0.2,20.249999999999996,0.8,0.8,900.0,0.01,0.0,10,0.7,0.011219259,0.07138833948538188
7.5600000000000005,900.6418174462915,0.11551994988096242,0.0,0.2,0.2,20.249999999999996,0.8,0.8,900.0,0.01,0.0,10,0.7,0.012917359,0.07130395156816124
7.57,900.6422020389041,0.11561788626123064,0.0,0.2,0.2,20.249999999999996,0.8,0.8,900.0,0.01,0.0,10,0.7,0.010805708,0.07138821820350656
7.58,900.6418176005722,0.11568503185140948,0.0,0.2,0.2,20.249999999999996,0.8,0.8,900.0,0.01,0.0,10,0.7,0.010866348,0.07130390563636987
7.59,900.6422011136506,0.11575757860011711,0.0,0.2,0.2,20.249999999999996,0.8,0.8,900.0,0.01,0.0,10,0.7,0.012890149,0.07138807415980603
7.6000000000000005,900.6418176088891,0.11580047563068309,0.0,0.2,0.2,20.249999999999996,0.8,0.8,900.0,0.01,0.0,10,0.7,0.010999688,0.07130509656358708
7.61,900.6422000452116,0.11584759773837364,0.0,0.2,0.2,20.249999999999996,0.8,0.8,900.0,0.01,0.0,10,0.7,0.010690007,0.07138791335678919
7.62,900.6418175290245,0.11586633071709407,0.0,0.2,0.2,20.249999999999996,0.8,0.8,900.0,0.01,0.0,10,0.7,0.012863869,0.07129317952631939
7.63,900.6421989059112,0.11588817323353788,0.0,0.2,0.2,20.249999999999996,0.8,0.8,900.0,0.01,0.0,10,0.7,0.01114684,0.07138774445615988
7.640000000000001,900.6418174408016,0.11588295810553896,0.0,0.2,0.2,20.249999999999996,0.8,0.8,900.0,0.01,0.0,10,0.7,0.011042859,0.07129311998541461
7.65,900.642197782465,0.11587944059957302,0.0,0.2,0.2,20.249999999999996,0.8,0.8,900.0,0.01,0.0,10,0.7,0.012538567,0.07138757734110299
7.66,900.6418174417431,0.11584982235995571,0.0,0.2,0.2,20.249999999999996,0.8,0.8,900.0,0.01,0.0,10,0.7,0.011167899,0.07129230839527748
7.67,900.6421967580201,0.11582031562606411,0.0,0.2,0.2,20.249999999999996,0.8,0.8,900.0,0.01,0.0,10,0.7,0.01110522,0.07138742026564546
7.68,900.6418175940747,0.11576565836648475,0.0,0.2,0.2,20.249999999999996,0.8,0.8,900.0,0.01,0.0,10,0.7,0.012609137,0.07129089865841423
7.69,900.6421960130906,0.11570957572277366,0.0,0.2,0.2,20.249999999999996,0.8,0.8,900.0,0.01,0.0,10,0.7,0.011074569,0.07138596821961529
7.7,900.6418179110191,0.1156293467747203,0.0,0.2,0.2,20.249999999999996,0.8,0.8,900.0,0.01,0.0,10,0.7,0.011424151,0.07129089068749925
7.71,900.6421955239796,0.11554620282802591,0.0,0.2,0.2,20.249999999999996,0.8,0.8,900.0,0.01,0.0,10,0.7,0.012578268,0.0713858377289843
7.72,900.6418183576471,0.11543993014300763,0.0,0.2,0.2,20.249999999999996,0.8,0.8,900.0,0.01,0.0,10,0.7,0.010845848,0.07129089160731766
7.73,900.642195137576,0.11532928171718275,0.0,0.2,0.2,20.249999999999996,0.8,0.8,900.0,0.01,0.0,10,0.7,0.011126109,0.07138571223106092
7.74,900.6418188960084,0.11519652932184238,0.0,0.2,0.2,20.249999999999996,0.8,0.8,900.0,0.01,0.0,10,0.7,0.012733438,0.07129089602377198
7.75,900.6421948006677,0.11505797124981049,0.0,0.2,0.2,20.249999999999996,0.8,0.8,900.0,0.01,0.0,10,0.7,0.010645677,0.0713855863898597
7.76,900.6418194825221,0.1148982661592844,0.0,0.2,0.2,20.249999999999996,0.8,0.8,900.0,0.01,0.0,10,0.7,0.011356681,0.07129090132248539
7.7700000000000005,900.6421944874155,0.11473116970315653,0.0,0.2,0.2,20.249999999999996,0.8,0.8,900.0,0.01,0.0,10,0.7,0.013029259,0.07138546279829956
7.78,900.6418201114268,0.1145437634178666,0.0,0.2,0.2,20.249999999999996,0.8,0.8,900.0,0.01,0.0,10,0.7,0.010608597,0.07129090890839415
7.79,900.6421942069966,0.11434739823023314,0.0,0.2,0.2,20.249999999999996,0.8,0.8,900.0,0.01,0.0,10,0.7,0.010863258,0.07138534720358386
7.8,900.6418207958866,0.11413156963532861,0.0,0.2,0.2,20.249999999999996,0.8,0.8,900.0,0.01,0.0,10,0.7,0.012988289,0.07129020553212831
7.8100000000000005,900.6421940029672,0.11390523147545575,0.0,0.2,0.2,20.249999999999996,0.8,0.8,900.0,0.01,0.0,10,0.7,0.010800408,0.07138523897438168
7.82,900.6418215784277,0.11366011256813958,0.0,0.2,0.2,20.249999999999996,0.8,0.8,900.0,0.01,0.0,10,0.7,0.010805508,0.07129378417931145
7.83,900.6421939227133,0.11340285468152145,0.0,0.2,0.2,20.249999999999996,0.8,0.8,900.0,0.01,0.0,10,0.7,0.012885489,0.07138514638915677
7.84,900.6418225453195,0.11312742056037035,0.0,0.2,0.2,20.249999999999996,0.8,0.8,900.0,0.01,0.0,10,0.7,0.01127283,0.07129757711300133
7.8500000000000005,900.6421940472025,0.11283821127295096,0.0,0.2,0.2,20.249999999999996,0.8,0.8,900.0,0.01,0.0,10,0.7,0.010829617,0.07138033139398316
7.86,900.6418237876524,0.1125312866237186,0.0,0.2,0.2,20.249999999999996,0.8,0.8,900.0,0.01,0.0,10,0.7,0.012948149,0.07129766875372819
7.87,900.6421944529027,0.11220895002850372,0.0,0.2,0.2,20.249999999999996,0.8,0.8,900.0,0.01,0.0,10,0.7,0.010805728,0.071378719965774
7.88,900.6418253702998,0.11186930496241015,0.0,0.2,0.2,20.249999999999996,0.8,0.8,900.0,0.01,0.0,10,0.7,0.010915868,0.07130858448376724
7.890000000000001,900.642195119054,0.11151241225048589,0.0,0.2,0.2,20.249999999999996,0.8,0.8,900.0,0.01,0.0,10,0.7,0.012548557,0.07137872004054688
7.9,900.6418273396476,0.1111390045747338,0.0,0.2,0.2,20.249999999999996,0.8,0.8,900.0,0.01,0.0,10,0.7,0.01132195,0.07131038192464137
7.91,900.6421961008809,0.11074703257292458,0.0,0.2,0.2,20.249999999999996,0.8,0.8,900.0,0.01,0.0,10,0.7,0.011341071,0.07137875214549173
7.92,900.6418296853583,0.11033925571759545,0.0,0.2,0.2,20.249999999999996,0.8,0.8,900.0,0.01,0.0,10,0.7,0.012526507,0.07131060748920338
7.930000000000001,900.642197394594,0.10991199127916534,0.0,0.2,0.2,20.249999999999996,0.8,0.8,900.0,0.01,0.0,10,0.7,0.011107589,0.07137881346126192
7.94,900.6418323556485,0.10946960789027878,0.0,0.2,0.2,20.249999999999996,0.8,0.8,900.0,0.01,0.0,10,0.7,0.011070124,0.07131086196529604
7.95,900.642198944387,0.1090071021302315,0.0,0.2,0.2,20.249999999999996,0.8,0.8,900.0,0.01,0.0,10,0.7,0.012835208,0.07137495406536407
7.96,900.6418352784932,0.10853025303485993,0.0,0.2,0.2,20.249999999999996,0.8,0.8,900.0,0.01,0.0,10,0.7,0.011191962,0.07131113711754722
7.97,900.6422006784568,0.10803295726081837,0.0,0.2,0.2,20.249999999999996,0.8,0.8,900.0,0.01,0.0,10,0.7,0.011619723,0.07140638566846773
7.98,900.6418383815188,0.10752140775501029,0.0,0.2,0.2,20.249999999999996,0.8,0.8,900.0,0.01,0.0,10,0.7,0.012772447,0.0713085423127604
7.99,900.6422025057122,0.10698984466359711,0.0,0.2,0.2,20.249999999999996,0.8,0.8,900.0,0.01,0.0,10,0.7,0.01058754,0.0714065037859421
8.0,900.6418416095348,0.10644501263775959,0.0,0.2,0.2,20.249999999999996,0.8,0.8,900.0,0.01,0.0,10,0.7,0.011626924,0.0713223510553854
8.01,900.6422043752373,0.10588058187688927,0.0,0.2,0.2,20.249999999999996,0.8,0.8,900.0,0.01,0.0,10,0.7,0.012417517,0.07141324151853767
8.02,900.6418449183271,0.10530410206389428,0.0,0.2,0.2,20.249999999999996,0.8,0.8,900.0,0.01,0.0,10,0.7,0.010806741,0.07134346944827293
8.03,900.6422062865455,0.10470870913096444,0.0,0.2,0.2,20.249999999999996,0.8,0.8,900.0,0.01,0.0,10,0.7,0.010996221,0.07141202583606557
8.040000000000001,900.6418483334257,0.10410265754256702,0.0,0.2,0.2,20.249999999999996,0.8,0.8,900.0,0.01,0.0,10,0.7,0.012716688,0.07134379830371833
8.05,900.6422082558638,0.1034785150623348,0.0,0.2,0.2,20.249999999999996,0.8,0.8,900.0,0.01,0.0,10,0.7,0.011396473,0.07141215693431896
8.06,900.6418518498785,0.10284531400336608,0.0,0.2,0.2,20.249999999999996,0.8,0.8,900.0,0.01,0.0,10,0.7,0.010902641,0.07134413220085095
8.07,900.642210308335,0.10219539660024628,0.0,0.2,0.2,20.249999999999996,0.8,0.8,900.0,0.01,0.0,10,0.7,0.012876018,0.07142795173803643
8.08,900.6418554734136,0.10153792042770118,0.0,0.2,0.2,20.249999999999996,0.8,0.8,900.0,0.01,0.0,10,0.7,0.01090103,0.0713444742529722
8.09,900.6422124665538,0.10086538913823317,0.0,0.2,0.2,20.249999999999996,0.8,0.8,900.0,0.01,0.0,10,0.7,0.010798441,0.07142810390165004
8.1,900.6418592275742,0.10018643589861267,0.0,0.2,0.2,20.249999999999996,0.8,0.8,900.0,0.01,0.0,10,0.7,0.012545457,0.07134913421479021
8.11,900.6422147095038,0.09949443649144334,0.0,0.2,0.2,20.249999999999996,0.8,0.8,900.0,0.01,0.0,10,0.7,0.011178952,0.07142825849177387
8.120000000000001,900.6418631103645,0.09879780844448767,0.0,0.2,0.2,20.249999999999996,0.8,0.8,900.0,0.01,0.0,10,0.7,0.01078824,0.07134949162328262
8.13,900.6422170379282,0.09809005995886304,0.0,0.2,0.2,20.249999999999996,0.8,0.8,900.0,0.01,0.0,10,0.7,0.012549687,0.07142841545353815
8.14,900.6418671324165,0.097379642489079,0.0,0.2,0.2,20.249999999999996,0.8,0.8,900.0,0.01,0.0,10,0.7,0.010908141,0.07134985062343899
8.15,900.64221941296,0.096660123570339,0.0,0.2,0.2,20.249999999999996,0.8,0.8,900.0,0.01,0.0,10,0.7,0.01088683,0.07142857037759215
8.16,900.64187126338,0.0959399665779994,0.0,0.2,0.2,20.249999999999996,0.8,0.8,900.0,0.01,0.0,10,0.7,0.012555857,0.07133673408277523
8.17,900.6422217481894,0.09521209718901465,0.0,0.2,0.2,20.249999999999996,0.8,0.8,900.0,0.01,0.0,10,0.7,0.010808911,0.07142976041744947
8.18,900.6418753289767,0.09448609541154333,0.0,0.2,0.2,20.249999999999996,0.8,0.8,900.0,0.01,0.0,10,0.7,0.010906092,0.07133708009067793
8.19,900.642224014695,0.09375421190573534,0.0,0.2,0.2,20.249999999999996,0.8,0.8,900.0,0.01,0.0,10,0.7,0.012648617,0.07142988774019964
8.2,900.641879270073,0.09302662712954572,0.0,0.2,0.2,20.249999999999996,0.8,0.8,900.0,0.01,0.0,10,0.7,0.010802241,0.0713374005951698
8.21,900.6422261933121,0.09229542828797556,0.0,0.2,0.2,20.249999999999996,0.8,0.8,900.0,0.01,0.0,10,0.7,0.011080231,0.0714290831841577
8.22,900.6418830390819,0.0915707969379062,0.0,0.2,0.2,20.249999999999996,0.8,0.8,900.0,0.01,0.0,10,0.7,0.012651887,0.07133769467127964
8.23,900.6422282453141,0.09084460858704257,0.0,0.2,0.2,20.249999999999996,0.8,0.8,900.0,0.01,0.0,10,0.7,0.01075286,0.0714291805607783
8.24,900.6418866116313,0.09012720683664498,0.0,0.2,0.2,20.249999999999996,0.8,0.8,900.0,0.01,0.0,10,0.7,0.011243803,0.07133796257442152
8.25,900.6422301578614,0.08941007638458545,0.0,0.2,0.2,20.249999999999996,0.8,0.8,900.0,0.01,0.0,10,0.7,0.012683268,0.0714444749117446
8.26,900.641889999291,0.08870378924166641,0.0,0.2,0.2,20.249999999999996,0.8,0.8,900.0,0.01,0.0,10,0.7,0.010835561,0.07133820498426323
8.27,900.6422319257262,0.0879994705477484,0.0,0.2,0.2,20.249999999999996,0.8,0.8,900.0,0.01,0.0,10,0.7,0.011225522,0.0714484829253939
8.28,900.6418932082642,0.08730753064922575,0.0,0.2,0.2,20.249999999999996,0.8,0.8,900.0,0.01,0.0,10,0.7,0.012859808,0.07133841821268477
8.290000000000001,900.6422335225794,0.08661928045564987,0.0,0.2,0.2,20.249999999999996,0.8,0.8,900.0,0.01,0.0,10,0.7,0.01082324,0.07144853674644991
8.3,900.6418962394761,0.08594554615011384,0.0,0.2,0.2,20.249999999999996,0.8,0.8,900.0,0.01,0.0,10,0.7,0.010841291,0.07133860487681147
8.31,900.6422349562122,0.0852766410418891,0.0,0.2,0.2,20.249999999999996,0.8,0.8,900.0,0.01,0.0,10,0.7,0.012958838,0.07144856649195189
8.32,900.6418990785069,0.08462435478121609,0.0,0.2,0.2,20.249999999999996,0.8,0.8,900.0,0.01,0.0,10,0.7,0.011022251,0.071338764234863
8.33,900.6422362095021,0.08397767715666217,0.0,0.2,0.2,20.249999999999996,0.8,0.8,900.0,0.01,0.0,10,0.7,0.01077283,0.07144857152325655
8.34,900.6419017008277,0.08334962981071564,0.0,0.2,0.2,20.249999999999996,0.8,0.8,900.0,0.01,0.0,10,0.7,0.012867128,0.07133889504198897
8.35,900.6422372627691,0.08272762326739615,0.0,0.2,0.2,20.249999999999996,0.8,0.8,900.0,0.01,0.0,10,0.7,0.01061665,0.07144855098406652
8.36,900.6419040861756,0.08212615057575075,0.0,0.2,0.2,20.249999999999996,0.8,0.8,900.0,0.01,0.0,10,0.7,0.010887971,0.07132589832087327
8.370000000000001,900.642238094811,0.08153068827574102,0.0,0.2,0.2,20.249999999999996,0.8,0.8,900.0,0.01,0.0,10,0.7,0.012256666,0.07144850324554032
8.38,900.6419062209995,0.08095760908936239,0.0,0.2,0.2,20.249999999999996,0.8,0.8,900.0,0.01,0.0,10,0.7,0.011241162,0.07132597449294469
8.39,900.6422387117801,0.08039028779388412,0.0,0.2,0.2,20.249999999999996,0.8,0.8,900.0,0.01,0.0,10,0.7,0.01065377,0.07144843086996573
8.4,900.6419081117402,0.07984703425235813,0.0,0.2,0.2,20.249999999999996,0.8,0.8,900.0,0.01,0.0,10,0.7,0.013040529,0.07132575493768725
8.41,900.642239124902,0.07930895705179493,0.0,0.2,0.2,20.249999999999996,0.8,0.8,900.0,0.01,0.0,10,0.7,0.011129941,0.07144833717486025
8.42,900.6419097821074,0.07879652249891987,0.0,0.2,0.2,20.249999999999996,0.8,0.8,900.0,0.01,0.0,10,0.7,0.010968751,0.07132578933850839
8.43,900.642239372223,0.0782883834682676,0.0,0.2,0.2,20.249999999999996,0.8,0.8,900.0,0.01,0.0,10,0.7,0.012757058,0.07144822805454662
8.44,900.6419112736744,0.07780734878249473,0.0,0.2,0.2,20.249999999999996,0.8,0.8,900.0,0.01,0.0,10,0.7,0.01090186,0.07132580773672785
8.45,900.6422395102012,0.0773294475104459,0.0,0.2,0.2,20.249999999999996,0.8,0.8,900.0,0.01,0.0,10,0.7,0.01330481,0.07144811132361602
8.46,900.6419126476924,0.0768799617649085,0.0,0.2,0.2,20.249999999999996,0.8,0.8,900.0,0.01,0.0,10,0.7,0.015465068,0.07132581813174756
8.47,900.6422396059045,0.07643216727498386,0.0,0.2,0.2,20.249999999999996,0.8,0.8,900.0,0.01,0.0,10,0.7,0.014429324,0.07144799495576
8.48,900.6419139668837,0.07601396703493508,0.0,0.2,0.2,20.249999999999996,0.8,0.8,900.0,0.01,0.0,10,0.7,0.015520208,0.07132582744260846
8.49,900.6422397162291,0.07559581946171404,0.0,0.2,0.2,20.249999999999996,0.8,0.8,900.0,0.01,0.0,10,0.7,0.016733372,0.07144788463878064
8.5,900.6419152750291,0.07520833079615093,0.0,0.2,0.2,20.249999999999996,0.8,0.8,900.0,0.01,0.0,10,0.7,0.015783829,0.07132583963624202
8.51,900.6422398714413,0.07481910119898118,0.0,0.2,0.2,20.249999999999996,0.8,0.8,900.0,0.01,0.0,10,0.7,0.016223491,0.07144778263463711
8.52,900.6419165852834,0.07446148588819938,0.0,0.2,0.2,20.249999999999996,0.8,0.8,900.0,0.01,0.0,10,0.7,0.017065263,0.07132585493563393
8.53,900.6422400687316,0.07410024007569212,0.0,0.2,0.2,20.249999999999996,0.8,0.8,900.0,0.01,0.0,10,0.7,0.015707649,0.07144768748089159
8.540000000000001,900.6419178783776,0.07377143350928435,0.0,0.2,0.2,20.249999999999996,0.8,0.8,900.0,0.01,0.0,10,0.7,0.01622037,0.07135337543731127
8.55,900.6422402750054,0.07343679683737768,0.0,0.2,0.2,20.249999999999996,0.8,0.8,900.0,0.01,0.0,10,0.7,0.017383965,0.0714475939648594
8.56,900.641919112067,0.07313537239109236,0.0,0.2,0.2,20.249999999999996,0.8,0.8,900.0,0.01,0.0,10,0.7,0.015777849,0.07135339011950663
8.57,900.6422404396261,0.07282582182456256,0.0,0.2,0.2,20.249999999999996,0.8,0.8,900.0,0.01,0.0,10,0.7,0.01599133,0.07144749546419817
8.58,900.6419202315233,0.07255022236063313,0.0,0.2,0.2,20.249999999999996,0.8,0.8,900.0,0.01,0.0,10,0.7,0.017135784,0.0713545156163587
8.59,900.6422405078355,0.0722645353772758,0.0,0.2,0.2,20.249999999999996,0.8,0.8,900.0,0.01,0.0,10,0.7,0.015754978,0.07144738830563126
8.6,900.6419211883413,0.07201327859986092,0.0,0.2,0.2,20.249999999999996,0.8,0.8,900.0,0.01,0.0,10,0.7,0.015678588,0.07135450808271346
8.61,900.6422404445656,0.07175005340111218,0.0,0.2,0.2,20.249999999999996,0.8,0.8,900.0,0.01,0.0,10,0.7,0.017447716,0.07144727152870409
8.620000000000001,900.6419219645248,0.0715216020931956,0.0,0.2,0.2,20.249999999999996,0.8,0.8,900.0,0.01,0.0,10,0.7,0.016278601,0.07135448671185389
8.63,900.6422402532265,0.07127941421549394,0.0,0.2,0.2,20.249999999999996,0.8,0.8,900.0,0.01,0.0,10,0.7,0.01613117,0.07144714848374753
8.64,900.6419225842653,0.07107222648799,0.0,0.2,0.2,20.249999999999996,0.8,0.8,900.0,0.01,0.0,10,0.7,0.016954344,0.07135445680848124
8.65,900.6422399774182,0.07084968637295688,0.0,0.2,0.2,20.249999999999996,0.8,0.8,900.0,0.01,0.0,10,0.7,0.016255401,0.07144702624186125
8.66,900.6419231067682,0.07066225979711713,0.0,0.2,0.2,20.249999999999996,0.8,0.8,900.0,0.01,0.0,10,0.7,0.01609479,0.07135531660011547
8.67,900.6422396836927,0.07045804529409101,0.0,0.2,0.2,20.249999999999996,0.8,0.8,900.0,0.01,0.0,10,0.7,0.017444326,0.07144691341394743
8.68,900.6419236058268,0.07028894205662303,0.0,0.2,0.2,20.249999999999996,0.8,0.8,900.0,0.01,0.0,10,0.7,0.015525189,0.071355299762692
8.69,900.6422394422283,0.0701018154139996,0.0,0.2,0.2,20.249999999999996,0.8,0.8,900.0,0.01,0.0,10,0.7,0.017413006,0.07144681749352383
8.700000000000001,900.6419241462401,0.06994967702012032,0.0,0.2,0.2,20.249999999999996,0.8,0.8,900.0,0.01,0.0,10,0.7,0.013697412,0.07135529679059528
8.71,900.6422393084302,0.069778493065237,0.0,0.2,0.2,20.249999999999996,0.8,0.8,900.0,0.01,0.0,10,0.7,0.010917791,0.071446743055269
8.72,900.6419247675544,0.0696420300629166,0.0,0.2,0.2,20.249999999999996,0.8,0.8,900.0,0.01,0.0,10,0.7,0.011274812,0.07135531057137713
8.73,900.642239306447,0.06948572194882513,0.0,0.2,0.2,20.249999999999996,0.8,0.8,900.0,0.01,0.0,10,0.7,0.012661548,0.07144669119280588
8.74,900.6419254786696,0.06936374362383232,0.0,0.2,0.2,20.249999999999996,0.8,0.8,900.0,0.01,0.0,10,0.7,0.010830041,0.0713553405219651
8.75,900.6422394294177,0.06922135780200529,0.0,0.2,0.2,20.249999999999996,0.8,0.8,900.0,0.01,0.0,10,0.7,0.010960131,0.07144665967578995
8.76,900.6419262590791,0.06911278704866322,0.0,0.2,0.2,20.249999999999996,0.8,0.8,900.0,0.01,0.0,10,0.7,0.012683068,0.07135440777220198
8.77,900.6422396410343,0.06898348109599432,0.0,0.2,0.2,20.249999999999996,0.8,0.8,900.0,0.01,0.0,10,0.7,0.010921701,0.07144002508241512
8.78,900.6419270691968,0.06888733271860982,0.0,0.2,0.2,20.249999999999996,0.8,0.8,900.0,0.01,0.0,10,0.7,0.01095027,0.071354460115842
8.790000000000001,900.6422398930476,0.06877034538185393,0.0,0.2,0.2,20.249999999999996,0.8,0.8,900.0,0.01,0.0,10,0.7,0.012663787,0.07144002303860329
8.8,900.6419278637045,0.06868570849296657,0.0,0.2,0.2,20.249999999999996,0.8,0.8,900.0,0.01,0.0,10,0.7,0.011077001,0.07135451457873744
8.81,900.6422401377199,0.06858033034894542,0.0,0.2,0.2,20.249999999999996,0.8,0.8,900.0,0.01,0.0,10,0.7,0.0106969,0.07144002647520661
8.82,900.6419286023668,0.06850635146907559,0.0,0.2,0.2,20.249999999999996,0.8,0.8,900.0,0.01,0.0,10,0.7,0.012996739,0.07135456811760962
8.83,900.6422403477545,0.06841187693603233,0.0,0.2,0.2,20.249999999999996,0.8,0.8,900.0,0.01,0.0,10,0.7,0.010849361,0.07144003341442232
8.84,900.6419292665569,0.06834766233371016,0.0,0.2,0.2,20.249999999999996,0.8,0.8,900.0,0.01,0.0,10,0.7,0.01077354,0.07135461961938461
8.85,900.6422405131368,0.0682632622496902,0.0,0.2,0.2,20.249999999999996,0.8,0.8,900.0,0.01,0.0,10,0.7,0.012770958,0.07144004330589596
8.86,900.6419298512885,0.06820780486857166,0.0,0.2,0.2,20.249999999999996,0.8,0.8,900.0,0.01,0.0,10,0.7,0.011036551,0.07133779221310142
8.870000000000001,900.6422406199794,0.06813238929076441,0.0,0.2,0.2,20.249999999999996,0.8,0.8,900.0,0.01,0.0,10,0.7,0.011065251,0.07143874186702845
8.88,900.6419303510149,0.06808465039504409,0.0,0.2,0.2,20.249999999999996,0.8,0.8,900.0,0.01,0.0,10,0.7,0.012427516,0.07133784845923967
8.89,900.6422406653061,0.06801755431087132,0.0,0.2,0.2,20.249999999999996,0.8,0.8,900.0,0.01,0.0,10,0.7,0.011158892,0.07143875350849428
8.9,900.6419307657835,0.06797668043764726,0.0,0.2,0.2,20.249999999999996,0.8,0.8,900.0,0.01,0.0,10,0.7,0.010952101,0.07133790097040385
8.91,900.6422406522595,0.0679172092675458,0.0,0.2,0.2,20.249999999999996,0.8,0.8,900.0,0.01,0.0,10,0.7,0.012649737,0.07143876617371511
8.92,900.6419310966237,0.06788238081619091,0.0,0.2,0.2,20.249999999999996,0.8,0.8,900.0,0.01,0.0,10,0.7,0.010983521,0.0713379506281501
8.93,900.6422405881613,0.06782980101432212,0.0,0.2,0.2,20.249999999999996,0.8,0.8,900.0,0.01,0.0,10,0.7,0.011294212,0.07143878148467268
8.94,900.641931386706,0.06780020944273556,0.0,0.2,0.2,20.249999999999996,0.8,0.8,900.0,0.01,0.0,10,0.7,0.012675178,0.07133799982864321
8.950000000000001,900.6422404947308,0.06775378987712559,0.0,0.2,0.2,20.249999999999996,0.8,0.8,900.0,0.01,0.0,10,0.7,0.011349813,0.07143880211628595
8.96,900.6419316516445,0.06772865827435202,0.0,0.2,0.2,20.249999999999996,0.8,0.8,900.0,0.01,0.0,10,0.7,0.012585457,0.07133805152603491
8.97,900.6422403995236,0.0676876837380041,0.0,0.2,0.2,20.249999999999996,0.8,0.8,900.0,0.01,0.0,10,0.7,0.012872368,0.07143883089792412
8.98,900.6419319036089,0.06766627481928908,0.0,0.2,0.2,20.249999999999996,0.8,0.8,900.0,0.01,0.0,10,0.7,0.010752161,0.07133810858509265
8.99,900.6422403294907,0.06763005311822981,0.0,0.2,0.2,20.249999999999996,0.8,0.8,900.0,0.01,0.0,10,0.7,0.010851941,0.07143887025588476
9.0,900.641932168183,0.06761167553821976,0.0,0.2,0.2,20.249999999999996,0.8,0.8,900.0,0.01,0.0,10,0.7,0.013019539,0.0713381730973604
9.01,900.6422403051662,0.06757953242134634,0.0,0.2,0.2,20.249999999999996,0.8,0.8,900.0,0.01,0.0,10,0.7,0.011188452,0.07143892141606105
9.02,900.6419324607335,0.06756350596661062,0.0,0.2,0.2,20.249999999999996,0.8,0.8,900.0,0.01,0.0,10,0.7,0.010885292,0.07133824559340639
9.03,900.6422403331907,0.06753469280026769,0.0,0.2,0.2,20.249999999999996,0.8,0.8,900.0,0.01,0.0,10,0.7,0.013120569,0.07143898383701788
9.040000000000001,900.641932780624,0.06752022771699961,0.0,0.2,0.2,20.249999999999996,0.8,0.8,900.0,0.01,0.0,10,0.7,0.01103073,0.07133832476952577
9.05,900.642240402852,0.06749389125977703,0.0,0.2,0.2,20.249999999999996,0.8,0.8,900.0,0.01,0.0,10,0.7,0.010780461,0.07143905500184901
9.06,900.6419331094145,0.0674801769594117,0.0,0.2,0.2,20.249999999999996,0.8,0.8,900.0,0.01,0.0,10,0.7,0.012458017,0.07133840757599368
9.07,900.6422404884213,0.06745543760611539,0.0,0.2,0.2,20.249999999999996,0.8,0.8,900.0,0.01,0.0,10,0.7,0.011287012,0.0714333212068666
9.08,900.6419334208401,0.06744165367268716,0.0,0.2,0.2,20.249999999999996,0.8,0.8,900.0,0.01,0.0,10,0.7,0.011110891,0.07133707796348092
9.09,900.6422405638488,0.06741762944798779,0.0,0.2,0.2,20.249999999999996,0.8,0.8,900.0,0.01,0.0,10,0.7,0.012596297,0.07143339895964534
9.1,900.6419336976719,0.06740298943098136,0.0,0.2,0.2,20.249999999999996,0.8,0.8,900.0,0.01,0.0,10,0.7,0.011512133,0.07133716177661843
9.11,900.6422406191354,0.06737882628081068,0.0,0.2,0.2,20.249999999999996,0.8,0.8,900.0,0.01,0.0,10,0.7,0.011092452,0.07143347942116045
9.120000000000001,900.6419339439622,0.06736260337341761,0.0,0.2,0.2,20.249999999999996,0.8,0.8,900.0,0.01,0.0,10,0.7,0.012908978,0.0713363470728172
9.13,900.6422406689661,0.06733748112758497,0.0,0.2,0.2,20.249999999999996,0.8,0.8,900.0,0.01,0.0,10,0.7,0.010829061,0.07143356529746099
9.14,900.6419341892647,0.06731899198467645,0.0,0.2,0.2,20.249999999999996,0.8,0.8,900.0,0.01,0.0,10,0.7,0.011399803,0.07133516494719185
9.15,900.6422407495987,0.06729212941545573,0.0,0.2,0.2,20.249999999999996,0.8,0.8,900.0,0.01,0.0,10,0.7,0.012704487,0.07142880506447963
9.16,900.6419344762321,0.06727072415956985,0.0,0.2,0.2,20.249999999999996,0.8,0.8,900.0,0.01,0.0,10,0.7,0.010875241,0.07133527475590894
9.17,900.642240889606,0.06724133587866343,0.0,0.2,0.2,20.249999999999996,0.8,0.8,900.0,0.01,0.0,10,0.7,0.011322393,0.07142892308511126
9.18,900.6419348421431,0.06721636694468033,0.0,0.2,0.2,20.249999999999996,0.8,0.8,900.0,0.01,0.0,10,0.7,0.012411516,0.0713353987460769
9.19,900.642241148335,0.06718370327994394,0.0,0.2,0.2,20.249999999999996,0.8,0.8,900.0,0.01,0.0,10,0.7,0.011010531,0.07142905893005813
9.200000000000001,900.6419353347598,0.0671546057773806,0.0,0.2,0.2,20.249999999999996,0.8,0.8,900.0,0.01,0.0,10,0.7,0.0108087,0.07133553949650547
9.21,900.6422415492108,0.06711798425925714,0.0,0.2,0.2,20.249999999999996,0.8,0.8,900.0,0.01,0.0,10,0.7,0.012812338,0.07142921264038424
9.22,900.6419359582251,0.06708425735644993,0.0,0.2,0.2,20.249999999999996,0.8,0.8,900.0,0.01,0.0,10,0.7,0.010954261,0.0713356955699079
9.23,900.6422420806957,0.06704305914659088,0.0,0.2,0.2,20.249999999999996,0.8,0.8,900.0,0.01,0.0,10,0.7,0.011130721,0.07142759211689842
9.24,900.6419366839987,0.06700426922608729,0.0,0.2,0.2,20.249999999999996,0.8,0.8,900.0,0.01,0.0,10,0.7,0.012763838,0.0713358622837875
9.25,900.6422427030976,0.06695794510631844,0.0,0.2,0.2,20.249999999999996,0.8,0.8,900.0,0.01,0.0,10,0.7,0.010919131,0.0714277697434393
9.26,900.6419374649129,0.06691373425342824,0.0,0.2,0.2,20.249999999999996,0.8,0.8,900.0,0.01,0.0,10,0.7,0.01085767,0.07132446773610465
9.27,900.642243356994,0.06686175412143208,0.0,0.2,0.2,20.249999999999996,0.8,0.8,900.0,0.01,0.0,10,0.7,0.013216,0.07142794957444318
9.28,900.6419382490452,0.06681181200219369,0.0,0.2,0.2,20.249999999999996,0.8,0.8,900.0,0.01,0.0,10,0.7,0.011039101,0.07132465457407362
9.290000000000001,900.6422439774108,0.06675361300519797,0.0,0.2,0.2,20.249999999999996,0.8,0.8,900.0,0.01,0.0,10,0.7,0.010941861,0.07142812534197032
9.3,900.6419390013085,0.06669765053449207,0.0,0.2,0.2,20.249999999999996,0.8,0.8,900.0,0.01,0.0,10,0.7,0.012637007,0.07132483776709092
9.31,900.6422445620443,0.06663303362853179,0.0,0.2,0.2,20.249999999999996,0.8,0.8,900.0,0.01,0.0,10,0.7,0.011017031,0.07142829803526717
9.32,900.6419397229453,0.0665709237815767,0.0,0.2,0.2,20.249999999999996,0.8,0.8,900.0,0.01,0.0,10,0.7,0.011016852,0.07132501890818997
9.33,900.6422451272823,0.06649966548958428,0.0,0.2,0.2,20.249999999999996,0.8,0.8,900.0,0.01,0.0,10,0.7,0.012753598,0.07142847054966531
9.34,900.641940438148,0.06643133916391122,0.0,0.2,0.2,20.249999999999996,0.8,0.8,900.0,0.01,0.0,10,0.7,0.011102922,0.07132520174998178
9.35,900.6422457085034,0.0663532885602819,0.0,0.2,0.2,20.249999999999996,0.8,0.8,900.0,0.01,0.0,10,0.7,0.011248352,0.07142864736804243
9.36,900.6419411875546,0.06627874961677906,0.0,0.2,0.2,20.249999999999996,0.8,0.8,900.0,0.01,0.0,10,0.7,0.012775847,0.07132539095289689
9.370000000000001,900.6422463495124,0.06619383487728797,0.0,0.2,0.2,20.249999999999996,0.8,0.8,900.0,0.01,0.0,10,0.7,0.0107502,0.07140325048545189
9.38,900.6419420099579,0.06611294828798583,0.0,0.2,0.2,20.249999999999996,0.8,0.8,900.0,0.01,0.0,10,0.7,0.011239932,0.07132558878495443
9.39,900.6422470818751,0.0660210703743078,0.0,0.2,0.2,20.249999999999996,0.8,0.8,900.0,0.01,0.0,10,0.7,0.012490437,0.07140345043288548
9.4,900.6419429243398,0.06593380848962,0.0,0.2,0.2,20.249999999999996,0.8,0.8,900.0,0.01,0.0,10,0.7,0.01073073,0.07133613515998807
9.41,900.6422479076754,0.06583491765091905,0.0,0.2,0.2,20.249999999999996,0.8,0.8,900.0,0.01,0.0,10,0.7,0.011167292,0.07138849395370093
9.42,900.6419439171151,0.06574139031461286,0.0,0.2,0.2,20.249999999999996,0.8,0.8,900.0,0.01,0.0,10,0.7,0.012899909,0.07133635508950528
9.43,900.6422487919955,0.06563539654791968,0.0,0.2,0.2,20.249999999999996,0.8,0.8,900.0,0.01,0.0,10,0.7,0.010824891,0.07138870807037599
9.44,900.6419449384699,0.06553575661442795,0.0,0.2,0.2,20.249999999999996,0.8,0.8,900.0,0.01,0.0,10,0.7,0.010804621,0.07133657214870047
9.450000000000001,900.6422496963842,0.06542299263389979,0.0,0.2,0.2,20.249999999999996,0.8,0.8,900.0,0.01,0.0,10,0.7,0.012698497,0.07138891899216984
9.46,900.6419459511987,0.06531769124662705,0.0,0.2,0.2,20.249999999999996,0.8,0.8,900.0,0.01,0.0,10,0.7,0.011213162,0.07133678381841409
9.47,900.6422505768529,0.06519844967129955,0.0,0.2,0.2,20.249999999999996,0.8,0.8,900.0,0.01,0.0,10,0.7,0.010941071,0.0713891230805685
9.48,900.6419469126022,0.06508781256626456,0.0,0.2,0.2,20.249999999999996,0.8,0.8,900.0,0.01,0.0,10,0.7,0.013094089,0.07133698690798837
9.49,900.6422513981346,0.06496239168080822,0.0,0.2,0.2,20.249999999999996,0.8,0.8,900.0,0.01,0.0,10,0.7,0.01090215,0.07139576445291339
9.5,900.6419478028834,0.06484672125091905,0.0,0.2,0.2,20.249999999999996,0.8,0.8,900.0,0.01,0.0,10,0.7,0.010923551,0.07133718117813406
9.51,900.6422521561328,0.06471544761493624,0.0,0.2,0.2,20.249999999999996,0.8,0.8,900.0,0.01,0.0,10,0.7,0.012555487,0.07139595902657032
9.52,900.6419486326696,0.06459511820759775,0.0,0.2,0.2,20.249999999999996,0.8,0.8,900.0,0.01,0.0,10,0.7,0.011081182,0.07133736933778942
9.53,900.6422528750591,0.06445836456553711,0.0,0.2,0.2,20.249999999999996,0.8,0.8,900.0,0.01,0.0,10,0.7,0.011202212,0.07139614995930298
9.540000000000001,900.6419494372656,0.06433375955873298,0.0,0.2,0.2,20.249999999999996,0.8,0.8,900.0,0.01,0.0,10,0.7,0.012859548,0.07133755601705344
9.55,900.642253597209,0.06419193298337891,0.0,0.2,0.2,20.249999999999996,0.8,0.8,900.0,0.01,0.0,10,0.7,0.011159282,0.07139634219155995
9.56,900.6419502616496,0.0640634495072483,0.0,0.2,0.2,20.249999999999996,0.8,0.8,900.0,0.01,0.0,10,0.7,0.011253072,0.07133774595792523
9.57,900.6422543661164,0.06391698129781773,0.0,0.2,0.2,20.249999999999996,0.8,0.8,900.0,0.01,0.0,10,0.7,0.012470907,0.07139653970448495
9.58,900.6419511425987,0.06378502078998527,0.0,0.2,0.2,20.249999999999996,0.8,0.8,900.0,0.01,0.0,10,0.7,0.010887211,0.07133794198569153
9.59,900.6422552081847,0.0636343612963014,0.0,0.2,0.2,20.249999999999996,0.8,0.8,900.0,0.01,0.0,10,0.7,0.011166602,0.07139674381594888
9.6,900.6419520931862,0.06349933410035773,0.0,0.2,0.2,20.249999999999996,0.8,0.8,900.0,0.01,0.0,10,0.7,0.012711977,0.07130925930015053
9.61,900.6422561178513,0.06334418577971507,0.0,0.2,0.2,20.249999999999996,0.8,0.8,900.0,0.01,0.0,10,0.7,0.010775901,0.07139694773008601
9.620000000000001,900.6419530875047,0.06320616361126727,0.0,0.2,0.2,20.249999999999996,0.8,0.8,900.0,0.01,0.0,10,0.7,0.011362443,0.07130947402919617
9.63,900.6422570590511,0.06304677000457308,0.0,0.2,0.2,20.249999999999996,0.8,0.8,900.0,0.01,0.0,10,0.7,0.012665498,0.07139714475288131
9.64,900.6419540793971,0.06290595775025945,0.0,0.2,0.2,20.249999999999996,0.8,0.8,900.0,0.01,0.0,10,0.7,0.010613869,0.07129357416044595
9.65,900.6422579862082,0.06274331259581364,0.0,0.2,0.2,20.249999999999996,0.8,0.8,900.0,0.01,0.0,10,0.7,0.011058712,0.0713973328388098
9.66,900.641955027965,0.06260026642218768,0.0,0.2,0.2,20.249999999999996,0.8,0.8,900.0,0.01,0.0,10,0.7,0.012762687,0.07129377513470551
9.67,900.6422588570572,0.06243492639916978,0.0,0.2,0.2,20.249999999999996,0.8,0.8,900.0,0.01,0.0,10,0.7,0.010838611,0.07139750828024602
9.68,900.6419558923742,0.06229009718802773,0.0,0.2,0.2,20.249999999999996,0.8,0.8,900.0,0.01,0.0,10,0.7,0.01082848,0.07129395992976968
9.69,900.6422596328688,0.06212272563535243,0.0,0.2,0.2,20.249999999999996,0.8,0.8,900.0,0.01,0.0,10,0.7,0.012736597,0.07139661364336482
9.700000000000001,900.6419566307324,0.06197655812557884,0.0,0.2,0.2,20.249999999999996,0.8,0.8,900.0,0.01,0.0,10,0.7,0.010959551,0.07129412517526348
9.71,900.6422602793153,0.06180767685076676,0.0,0.2,0.2,20.249999999999996,0.8,0.8,900.0,0.01,0.0,10,0.7,0.01081862,0.07139675665830625
9.72,900.6419572164093,0.061660561188034216,0.0,0.2,0.2,20.249999999999996,0.8,0.8,900.0,0.01,0.0,10,0.7,0.013019479,0.07129426918732937
9.73,900.6422607788974,0.06149065019003803,0.0,0.2,0.2,20.249999999999996,0.8,0.8,900.0,0.01,0.0,10,0.7,0.011063551,0.0713968804206851
9.74,900.6419576444208,0.0613429461568186,0.0,0.2,0.2,20.249999999999996,0.8,0.8,900.0,0.01,0.0,10,0.7,0.010775571,0.0712943927234617
9.75,900.6422611386527,0.06117246085694497,0.0,0.2,0.2,20.249999999999996,0.8,0.8,900.0,0.01,0.0,10,0.7,0.012485847,0.07137583754586704
9.76,900.6419579319223,0.06102421518066777,0.0,0.2,0.2,20.249999999999996,0.8,0.8,900.0,0.01,0.0,10,0.7,0.011472593,0.07129449712770689
9.77,900.6422613842238,0.060853475383538365,0.0,0.2,0.2,20.249999999999996,0.8,0.8,900.0,0.01,0.0,10,0.7,0.011181232,0.07137594019695828
9.78,900.6419581693274,0.0607051035176466,0.0,0.2,0.2,20.249999999999996,0.8,0.8,900.0,0.01,0.0,10,0.7,0.012514507,0.07129314731764158
9.790000000000001,900.6422615495543,0.06053450758089741,0.0,0.2,0.2,20.249999999999996,0.8,0.8,900.0,0.01,0.0,10,0.7,0.011228202,0.07137603202423226
9.8,900.6419583525011,0.06038638199257913,0.0,0.2,0.2,20.249999999999996,0.8,0.8,900.0,0.01,0.0,10,0.7,0.010771651,0.07129323063815474
9.81,900.642261672572,0.06021632981870905,0.0,0.2,0.2,20.249999999999996,0.8,0.8,900.0,0.01,0.0,10,0.7,0.012656078,0.07137611642096686
9.82,900.6419585009462,0.06006873326443715,0.0,0.2,0.2,20.249999999999996,0.8,0.8,900.0,0.01,0.0,10,0.7,0.010962972,0.07129330573921332
9.83,900.6422617744353,0.05989958440726099,0.0,0.2,0.2,20.249999999999996,0.8,0.8,900.0,0.01,0.0,10,0.7,0.011409742,0.07137619425440597
9.84,900.6419586186606,0.05975276435569918,0.0,0.2,0.2,20.249999999999996,0.8,0.8,900.0,0.01,0.0,10,0.7,0.012589207,0.07129337186635495
9.85,900.6422618488748,0.059584847453114265,0.0,0.2,0.2,20.249999999999996,0.8,0.8,900.0,0.01,0.0,10,0.7,0.010778071,0.07137626369018116
9.86,900.6419586884016,0.0594390299676808,0.0,0.2,0.2,20.249999999999996,0.8,0.8,900.0,0.01,0.0,10,0.7,0.011245072,0.07129342622935382
9.870000000000001,900.6422618715527,0.05927265189120756,0.0,0.2,0.2,20.249999999999996,0.8,0.8,900.0,0.01,0.0,10,0.7,0.012791818,0.07137632142693265
9.88,900.6419586811672,0.059128043456082524,0.0,0.2,0.2,20.249999999999996,0.8,0.8,900.0,0.01,0.0,10,0.7,0.010800431,0.07129346531629142
9.89,900.6422618115364,0.05896348765236717,0.0,0.2,0.2,20.249999999999996,0.8,0.8,900.0,0.01,0.0,10,0.7,0.010925081,0.07137636402856648
9.9,900.6419585676992,0.05882027625324075,0.0,0.2,0.2,20.249999999999996,0.8,0.8,900.0,0.01,0.0,10,0.7,0.012635627,0.07129508963542182
9.91,900.6422616359068,0.05865780054733036,0.0,0.2,0.2,20.249999999999996,0.8,0.8,900.0,0.01,0.0,10,0.7,0.011092641,0.07137638884331068
9.92,900.6419583313782,0.058516154102443256,0.0,0.2,0.2,20.249999999999996,0.8,0.8,900.0,0.01,0.0,10,0.7,0.010802071,0.07129509621425692
9.93,900.6422613376405,0.05835599544542999,0.0,0.2,0.2,20.249999999999996,0.8,0.8,900.0,0.01,0.0,10,0.7,0.012719137,0.07137639561163503
9.94,900.6419579687463,0.05821606330833724,0.0,0.2,0.2,20.249999999999996,0.8,0.8,900.0,0.01,0.0,10,0.7,0.010997592,0.07129508378947003
9.950000000000001,900.6422609457584,0.058058433370573266,0.0,0.2,0.2,20.249999999999996,0.8,0.8,900.0,0.01,0.0,10,0.7,0.01078514,0.071376391520898
9.96,900.6419574956037,0.05792038412199279,0.0,0.2,0.2,20.249999999999996,0.8,0.8,900.0,0.01,0.0,10,0.7,0.013090349,0.07129505557432292
9.97,900.6422604761091,0.05776549924910528,0.0,0.2,0.2,20.249999999999996,0.8,0.8,900.0,0.01,0.0,10,0.7,0.01082363,0.07137637298759032
9.98,900.6419569313567,0.05762943386059672,0.0,0.2,0.2,20.249999999999996,0.8,0.8,900.0,0.01,0.0,10,0.7,0.010887311,0.071295013646233
9.99,900.6422599392987,0.0574774534617426,0.0,0.2,0.2,20.249999999999996,0.8,0.8,900.0,0.01,0.0,10,0.7,0.012563787,0.07135768984862635
10.0,900.6419563051423,0.0573434549974085,0.0,0.2,0.2,20.249999999999996,0.8,0.8,900.0,0.01,0.0,10,0.7,0.011115292,0.07129496037746938
10.01,900.6422593571391,0.05719451619441198,0.0,0.2,0.2,20.249999999999996,0.8,0.8,900.0,0.01,0.0,10,0.7,0.011200252,0.07135765597008947
10.02,900.6419556360212,0.057062609451513015,0.0,0.2,0.2,20.249999999999996,0.8,0.8,900.0,0.01,0.0,10,0.7,0.012215785,0.07129489654857164
10.03,900.6422587391961,0.056916816370256244,0.0,0.2,0.2,20.249999999999996,0.8,0.8,900.0,0.01,0.0,10,0.7,0.011873015,0.07135761270462505
10.040000000000001,900.64195492818,0.05678718813674419,0.0,0.2,0.2,20.249999999999996,0.8,0.8,900.0,0.01,0.0,10,0.7,0.010990241,0.07129482195345274
10.05,900.6422580793069,0.05664466969709923,0.0,0.2,0.2,20.249999999999996,0.8,0.8,900.0,0.01,0.0,10,0.7,0.012786798,0.07135755881240916
10.06,900.641954169019,0.056517429800148324,0.0,0.2,0.2,20.249999999999996,0.8,0.8,900.0,0.01,0.0,10,0.7,0.010824441,0.07129473474763777
10.07,900.6422573585965,0.05637829229882862,0.0,0.2,0.2,20.249999999999996,0.8,0.8,900.0,0.01,0.0,10,0.7,0.011215142,0.07134262290322599
10.08,900.6419533392889,0.05625346451996204,0.0,0.2,0.2,20.249999999999996,0.8,0.8,900.0,0.01,0.0,10,0.7,0.012725848,0.07129463219093574
10.09,900.6422565526618,0.056117773247168504,0.0,0.2,0.2,20.249999999999996,0.8,0.8,900.0,0.01,0.0,10,0.7,0.01062151,0.07134254272999979
10.1,900.64195242044,0.05599543102327265,0.0,0.2,0.2,20.249999999999996,0.8,0.8,900.0,0.01,0.0,10,0.7,0.011110352,0.07129451263411472
10.11,900.6422556456088,0.055863246374630596,0.0,0.2,0.2,20.249999999999996,0.8,0.8,900.0,0.01,0.0,10,0.7,0.012735277,0.07134244591503776
10.120000000000001,900.6419514045047,0.05574353324460981,0.0,0.2,0.2,20.249999999999996,0.8,0.8,900.0,0.01,0.0,10,0.7,0.010904191,0.0712943766816682
10.13,900.6422546394932,0.05561491415965649,0.0,0.2,0.2,20.249999999999996,0.8,0.8,900.0,0.01,0.0,10,0.7,0.010834321,0.0713423338734916
10.14,900.6419503011042,0.05549789423009198,0.0,0.2,0.2,20.249999999999996,0.8,0.8,900.0,0.01,0.0,10,0.7,0.012794648,0.07129422674400285
10.15,900.6422535533595,0.0553728678092398,0.0,0.2,0.2,20.249999999999996,0.8,0.8,900.0,0.01,0.0,10,0.7,0.010965151,0.07134220987949155
10.16,900.641949138555,0.05525859145957725,0.0,0.2,0.2,20.249999999999996,0.8,0.8,900.0,0.01,0.0,10,0.7,0.011163402,0.07129406691300037
10.17,900.6422524217079,0.05513717166778476,0.0,0.2,0.2,20.249999999999996,0.8,0.8,900.0,0.01,0.0,10,0.7,0.012672438,0.07134207832340239
10.18,900.6419479561447,0.055025685115261604,0.0,0.2,0.2,20.249999999999996,0.8,0.8,900.0,0.01,0.0,10,0.7,0.011020641,0.07129239580745413
10.19,900.642251283633,0.054907877320967816,0.0,0.2,0.2,20.249999999999996,0.8,0.8,900.0,0.01,0.0,10,0.7,0.011036191,0.07134194340582307
10.200000000000001,900.6419467923212,0.054799219923328146,0.0,0.2,0.2,20.249999999999996,0.8,0.8,900.0,0.01,0.0,10,0.7,0.012765218,0.07129222979533449
10.21,900.6422501693601,0.054685008252304906,0.0,0.2,0.2,20.249999999999996,0.8,0.8,900.0,0.01,0.0,10,0.7,0.01074428,0.07134279728732844
10.22,900.6419456710901,0.05457920189971186,0.0,0.2,0.2,20.249999999999996,0.8,0.8,900.0,0.01,0.0,10,0.7,0.011053221,0.07129206427704878
10.23,900.6422490957112,0.05446856447538789,0.0,0.2,0.2,20.249999999999996,0.8,0.8,900.0,0.01,0.0,10,0.7,0.012540187,0.07134266552857495
10.24,900.6419445966428,0.05436563131076877,0.0,0.2,0.2,20.249999999999996,0.8,0.8,900.0,0.01,0.0,10,0.7,0.011150902,0.07128846154873744
10.25,900.6422480607808,0.054258532227895576,0.0,0.2,0.2,20.249999999999996,0.8,0.8,900.0,0.01,0.0,10,0.7,0.011137802,0.07134253263684805
10.26,900.6419435580777,0.05415847549378657,0.0,0.2,0.2,20.249999999999996,0.8,0.8,900.0,0.01,0.0,10,0.7,0.012299106,0.07128829989438926
10.27,900.6422470466152,0.05405482089766248,0.0,0.2,0.2,20.249999999999996,0.8,0.8,900.0,0.01,0.0,10,0.7,0.011498033,0.07134239618586902
10.28,900.641942529577,0.053957591572169006,0.0,0.2,0.2,20.249999999999996,0.8,0.8,900.0,0.01,0.0,10,0.7,0.011066621,0.07128813386589475
10.290000000000001,900.6422460192076,0.05385728247591096,0.0,0.2,0.2,20.249999999999996,0.8,0.8,900.0,0.01,0.0,10,0.7,0.013028189,0.07133297991956451
10.3,900.6419414840495,0.053762806432138245,0.0,0.2,0.2,20.249999999999996,0.8,0.8,900.0,0.01,0.0,10,0.7,0.010964241,0.07128796061403396
10.31,900.6422449868768,0.053665726249940544,0.0,0.2,0.2,20.249999999999996,0.8,0.8,900.0,0.01,0.0,10,0.7,0.011151811,0.07133283392846441
10.32,900.6419403994586,0.053573906049005346,0.0,0.2,0.2,20.249999999999996,0.8,0.8,900.0,0.01,0.0,10,0.7,0.012787048,0.07128777840868858
10.33,900.6422439448677,0.053479920954260934,0.0,0.2,0.2,20.249999999999996,0.8,0.8,900.0,0.01,0.0,10,0.7,0.010746581,0.07133267868344816
10.34,900.641939277346,0.05339073538092927,0.0,0.2,0.2,20.249999999999996,0.8,0.8,900.0,0.01,0.0,10,0.7,0.011563883,0.07128658905818551
10.35,900.6422428609981,0.05329972220124519,0.0,0.2,0.2,20.249999999999996,0.8,0.8,900.0,0.01,0.0,10,0.7,0.012872468,0.0713325164929695
10.36,900.6419381358646,0.05321310159444306,0.0,0.2,0.2,20.249999999999996,0.8,0.8,900.0,0.01,0.0,10,0.7,0.01076921,0.07128639534605129
10.370000000000001,900.6422417574104,0.05312491946292306,0.0,0.2,0.2,20.249999999999996,0.8,0.8,900.0,0.01,0.0,10,0.7,0.01084818,0.07133235100070857
10.38,900.6419370071703,0.05304078608250264,0.0,0.2,0.2,20.249999999999996,0.8,0.8,900.0,0.01,0.0,10,0.7,0.012833468,0.07128620175831733
10.39,900.6422406702541,0.05295529677858462,0.0,0.2,0.2,20.249999999999996,0.8,0.8,900.0,0.01,0.0,10,0.7,0.011141293,0.0713321863549231
10.4,900.6419359278368,0.05287357350985583,0.0,0.2,0.2,20.249999999999996,0.8,0.8,900.0,0.01,0.0,10,0.7,0.010784781,0.07128601231979866
10.41,900.6422396325369,0.05279063865882569,0.0,0.2,0.2,20.249999999999996,0.8,0.8,900.0,0.01,0.0,10,0.7,0.012867518,0.07133202578100002
10.42,900.641934926302,0.052711250415841515,0.0,0.2,0.2,20.249999999999996,0.8,0.8,900.0,0.01,0.0,10,0.7,0.010883891,0.07128582952721445
10.43,900.6422386640102,0.05263073333055189,0.0,0.2,0.2,20.249999999999996,0.8,0.8,900.0,0.01,0.0,10,0.7,0.011234403,0.07133187063204384
10.44,900.6419340148094,0.05255360118882384,0.0,0.2,0.2,20.249999999999996,0.8,0.8,900.0,0.01,0.0,10,0.7,0.012328126,0.07128565384363249
10.450000000000001,900.6422377666163,0.05247535014802506,0.0,0.2,0.2,20.249999999999996,0.8,0.8,900.0,0.01,0.0,10,0.7,0.011112011,0.07133172031136334
10.46,900.6419331866041,0.05240037512962417,0.0,0.2,0.2,20.249999999999996,0.8,0.8,900.0,0.01,0.0,10,0.7,0.010834231,0.07128548389161736
10.47,900.6422369245747,0.052324228536990154,0.0,0.2,0.2,20.249999999999996,0.8,0.8,900.0,0.01,0.0,10,0.7,0.012489727,0.07133157259077051
10.48,900.6419324209888,0.05225130848817057,0.0,0.2,0.2,20.249999999999996,0.8,0.8,900.0,0.01,0.0,10,0.7,0.011193972,0.07128531707487616
10.49,900.6422361118103,0.052177101387033534,0.0,0.2,0.2,20.249999999999996,0.8,0.8,900.0,0.01,0.0,10,0.7,0.01076899,0.07133142451930008
10.5,900.6419317432569,0.05210612925718219,0.0,0.2,0.2,20.249999999999996,0.8,0.8,900.0,0.01,0.0,10,0.7,0.012551787,0.07128515066982587
10.51,900.6422353013415,0.052033698045718266,0.0,0.2,0.2,20.249999999999996,0.8,0.8,900.0,0.01,0.0,10,0.7,0.011093982,0.07133127360506375
10.52,900.6419310858187,0.05196456746255723,0.0,0.2,0.2,20.249999999999996,0.8,0.8,900.0,0.01,0.0,10,0.7,0.01079937,0.07128498288422962
10.53,900.6422344747957,0.05189375405156732,0.0,0.2,0.2,20.249999999999996,0.8,0.8,900.0,0.01,0.0,10,0.7,0.012620317,0.0713311186910078
10.540000000000001,900.6419304313805,0.051826359092667224,0.0,0.2,0.2,20.249999999999996,0.8,0.8,900.0,0.01,0.0,10,0.7,0.01067647,0.07128666718284532
10.55,900.642233621691,0.051757001288007094,0.0,0.2,0.2,20.249999999999996,0.8,0.8,900.0,0.01,0.0,10,0.7,0.011154582,0.07133096001851638
10.56,900.6419297870465,0.051691228949428444,0.0,0.2,0.2,20.249999999999996,0.8,0.8,900.0,0.01,0.0,10,0.7,0.012864208,0.07128650130880729
10.57,900.6422327583607,0.05162317548261417,0.0,0.2,0.2,20.249999999999996,0.8,0.8,900.0,0.01,0.0,10,0.7,0.010930481,0.07133079992220911
10.58,900.641929171477,0.05155891810085647,0.0,0.2,0.2,20.249999999999996,0.8,0.8,900.0,0.01,0.0,10,0.7,0.011215012,0.07128785289794558
10.59,900.6422319097888,0.05149202345715175,0.0,0.2,0.2,20.249999999999996,0.8,0.8,900.0,0.01,0.0,10,0.7,0.012750968,0.07133064141120792
10.6,900.6419286094443,0.05142917540887042,0.0,0.2,0.2,20.249999999999996,0.8,0.8,900.0,0.01,0.0,10,0.7,0.011053852,0.07128769697209182
10.61,900.6422311010602,0.0513632966648197,0.0,0.2,0.2,20.249999999999996,0.8,0.8,900.0,0.01,0.0,10,0.7,0.01076759,0.07133048712297978
10.620000000000001,900.6419281238742,0.051301749977863104,0.0,0.2,0.2,20.249999999999996,0.8,0.8,900.0,0.01,0.0,10,0.7,0.012715328,0.07128754895112675
10.63,900.6422303513373,0.051236753454571966,0.0,0.2,0.2,20.249999999999996,0.8,0.8,900.0,0.01,0.0,10,0.7,0.011238332,0.07133033878286174
10.64,900.6419277297724,0.051176391174023804,0.0,0.2,0.2,20.249999999999996,0.8,0.8,900.0,0.01,0.0,10,0.7,0.010973681,0.07128741000814098
10.65,900.6422296686762,0.05111211590853297,0.0,0.2,0.2,20.249999999999996,0.8,0.8,900.0,0.01,0.0,10,0.7,0.012684067,0.071330196690436
10.66,900.6419274290538,0.05105279110212222,0.0,0.2,0.2,20.249999999999996,0.8,0.8,900.0,0.01,0.0,10,0.7,0.010972041,0.07128727959493264
10.67,900.64222904612,0.05098907381633759,0.0,0.2,0.2,20.249999999999996,0.8,0.8,900.0,0.01,0.0,10,0.7,0.01060087,0.07133005936661166
10.68,900.6419272077582,0.05093064525321193,0.0,0.2,0.2,20.249999999999996,0.8,0.8,900.0,0.01,0.0,10,0.7,0.012826898,0.07128715562827792
10.69,900.6422284633608,0.0508673363428046,0.0,0.2,0.2,20.249999999999996,0.8,0.8,900.0,0.01,0.0,10,0.7,0.011418283,0.07132992428749568
10.700000000000001,900.641927042468,0.05080967385790956,0.0,0.2,0.2,20.249999999999996,0.8,0.8,900.0,0.01,0.0,10,0.7,0.010959741,0.07128703542665933
10.71,900.642227894656,0.05074664152698951,0.0,0.2,0.2,20.249999999999996,0.8,0.8,900.0,0.01,0.0,10,0.7,0.012398746,0.07132978872443937
10.72,900.6419269087132,0.050689628457848045,0.0,0.2,0.2,20.249999999999996,0.8,0.8,900.0,0.01,0.0,10,0.7,0.011150042,0.07128691651612852
10.73,900.6422273170149,0.05062675657804626,0.0,0.2,0.2,20.249999999999996,0.8,0.8,900.0,0.01,0.0,10,0.7,0.011225892,0.07132965056550727
10.74,900.6419267874637,0.05057028555806143,0.0,0.2,0.2,20.249999999999996,0.8,0.8,900.0,0.01,0.0,10,0.7,0.012888718,0.0712972504259775
10.75,900.642226714384,0.05050746302228375,0.0,0.2,0.2,20.249999999999996,0.8,0.8,900.0,0.01,0.0,10,0.7,0.0107562,0.07132950871431164
10.76,900.6419266696885,0.05045143603536081,0.0,0.2,0.2,20.249999999999996,0.8,0.8,900.0,0.01,0.0,10,0.7,0.011284823,0.07128674302705407
10.77,900.6422260693079,0.050388447654263833,0.0,0.2,0.2,20.249999999999996,0.8,0.8,900.0,0.01,0.0,10,0.7,0.012253516,0.07132936194996763
10.78,900.6419265600706,0.05033273633144107,0.0,0.2,0.2,20.249999999999996,0.8,0.8,900.0,0.01,0.0,10,0.7,0.011156531,0.07128663428682874
10.790000000000001,900.6422254001604,0.05026961509982987,0.0,0.2,0.2,20.249999999999996,0.8,0.8,900.0,0.01,0.0,10,0.7,0.011139492,0.07132921287277973
10.8,900.6419264745704,0.050214180370698955,0.0,0.2,0.2,20.249999999999996,0.8,0.8,900.0,0.01,0.0,10,0.7,0.012890348,0.07128652790798731
10.81,900.6422247266715,0.050150918117649025,0.0,0.2,0.2,20.249999999999996,0.8,0.8,900.0,0.01,0.0,10,0.7,0.010908091,0.07132906389045435
10.82,900.6419264305753,0.05009573096611464,0.0,0.2,0.2,20.249999999999996,0.8,0.8,900.0,0.01,0.0,10,0.7,0.011237812,0.07128642617935214
10.83,900.6422240690014,0.05003232410145636,0.0,0.2,0.2,20.249999999999996,0.8,0.8,900.0,0.01,0.0,10,0.7,0.013045369,0.0713289174978148
10.84,900.6419264482876,0.04997736942555809,0.0,0.2,0.2,20.249999999999996,0.8,0.8,900.0,0.01,0.0,10,0.7,0.011668044,0.07128633146327414
10.85,900.6422234480121,0.0499138351702384,0.0,0.2,0.2,20.249999999999996,0.8,0.8,900.0,0.01,0.0,10,0.7,0.011618014,0.0713287759156211
10.86,900.6419265460358,0.04985911681489494,0.0,0.2,0.2,20.249999999999996,0.8,0.8,900.0,0.01,0.0,10,0.7,0.013048259,0.071286245497282
10.870000000000001,900.6422228910815,0.049795495866606386,0.0,0.2,0.2,20.249999999999996,0.8,0.8,900.0,0.01,0.0,10,0.7,0.011072232,0.07132864039584048
10.88,900.6419267336322,0.0497410383683904,0.0,0.2,0.2,20.249999999999996,0.8,0.8,900.0,0.01,0.0,10,0.7,0.01091888,0.07128616881467717
10.89,900.6422223899527,0.04967739523897093,0.0,0.2,0.2,20.249999999999996,0.8,0.8,900.0,0.01,0.0,10,0.7,0.012356097,0.07134586685473701
10.9,900.6419270072523,0.04962313333930461,0.0,0.2,0.2,20.249999999999996,0.8,0.8,900.0,0.01,0.0,10,0.7,0.011353852,0.07128609954767784
10.91,900.6422219338652,0.049559507014649576,0.0,0.2,0.2,20.249999999999996,0.8,0.8,900.0,0.01,0.0,10,0.7,0.010925751,0.07134575329301136
10.92,900.6419273555776,0.0495055539447078,0.0,0.2,0.2,20.249999999999996,0.8,0.8,900.0,0.01,0.0,10,0.7,0.012659257,0.07128603638291324
10.93,900.6422215097157,0.04944206110528717,0.0,0.2,0.2,20.249999999999996,0.8,0.8,900.0,0.01,0.0,10,0.7,0.011366243,0.07134564198357246
10.94,900.6419277595688,0.0493885278894846,0.0,0.2,0.2,20.249999999999996,0.8,0.8,900.0,0.01,0.0,10,0.7,0.010936782,0.07128597711867202
10.950000000000001,900.6422210957394,0.049325310246985395,0.0,0.2,0.2,20.249999999999996,0.8,0.8,900.0,0.01,0.0,10,0.7,0.012700907,0.07131710209983452
10.96,900.6419281924395,0.04927207708794971,0.0,0.2,0.2,20.249999999999996,0.8,0.8,900.0,0.01,0.0,10,0.7,0.010948391,0.07128591778771994
10.97,900.6422206672152,0.0492091919746372,0.0,0.2,0.2,20.249999999999996,0.8,0.8,900.0,0.01,0.0,10,0.7,0.011263352,0.07131699101949125
10.98,900.6419286321116,0.049156441318797296,0.0,0.2,0.2,20.249999999999996,0.8,0.8,900.0,0.01,0.0,10,0.7,0.012965789,0.0712858566464454
10.99,900.642220208364,0.049094062696928266,0.0,0.2,0.2,20.249999999999996,0.8,0.8,900.0,0.01,0.0,10,0.7,0.010759051,0.07131687567469384
11.0,900.6419290679288,0.049042050215308115,0.0,0.2,0.2,20.249999999999996,0.8,0.8,900.0,0.01,0.0,10,0.7,0.011203382,0.07128579359958398
11.01,900.6422197133651,0.04898041617852958,0.0,0.2,0.2,20.249999999999996,0.8,0.8,900.0,0.01,0.0,10,0.7,0.012654217,0.07131675644047812
11.02,900.6419294974335,0.04892935405156363,0.0,0.2,0.2,20.249999999999996,0.8,0.8,900.0,0.01,0.0,10,0.7,0.010979461,0.07128572916753313
11.03,900.6422191842267,0.04886870679832771,0.0,0.2,0.2,20.249999999999996,0.8,0.8,900.0,0.01,0.0,10,0.7,0.011012222,0.07131663435417838
11.040000000000001,900.64192992642,0.04881880718386957,0.0,0.2,0.2,20.249999999999996,0.8,0.8,900.0,0.01,0.0,10,0.7,0.012856708,0.07128566471365233
11.05,900.6422186319462,0.04875938960406749,0.0,0.2,0.2,20.249999999999996,0.8,0.8,900.0,0.01,0.0,10,0.7,0.010921241,0.07131651126954469
11.06,900.641930368846,0.048710861986907196,0.0,0.2,0.2,20.249999999999996,0.8,0.8,900.0,0.01,0.0,10,0.7,0.010844801,0.07128560219133288
11.07,900.6422180734442,0.04865291684040376,0.0,0.2,0.2,20.249999999999996,0.8,0.8,900.0,0.01,0.0,10,0.7,0.012867829,0.07131638931796344
11.08,900.641930841798,0.04860597726503796,0.0,0.2,0.2,20.249999999999996,0.8,0.8,900.0,0.01,0.0,10,0.7,0.01087788,0.07128554360016115
11.09,900.6422175263597,0.0485497553366874,0.0,0.2,0.2,20.249999999999996,0.8,0.8,900.0,0.01,0.0,10,0.7,0.011087521,0.0713162704489723
11.1,900.6419313608097,0.04850463070701468,0.0,0.2,0.2,20.249999999999996,0.8,0.8,900.0,0.01,0.0,10,0.7,0.013018378,0.07128388997304902
11.11,900.6422170053545,0.04845039355066045,0.0,0.2,0.2,20.249999999999996,0.8,0.8,900.0,0.01,0.0,10,0.7,0.011248123,0.07131615591360868
11.120000000000001,900.6419319344883,0.04840732406534658,0.0,0.2,0.2,20.249999999999996,0.8,0.8,900.0,0.01,0.0,10,0.7,0.011082691,0.07128384260085706
11.13,900.6422165160994,0.04835534835959247,0.0,0.2,0.2,20.249999999999996,0.8,0.8,900.0,0.01,0.0,10,0.7,0.012513037,0.07131604597603901
11.14,900.6419325638323,0.04831458801020785,0.0,0.2,0.2,20.249999999999996,0.8,0.8,900.0,0.01,0.0,10,0.7,0.010992341,0.07128380084878326
11.15,900.6422160552013,0.048265156551138375,0.0,0.2,0.2,20.249999999999996,0.8,0.8,900.0,0.01,0.0,10,0.7,0.011041841,0.07131593987297856
11.16,900.6419332408708,0.04822696189453668,0.0,0.2,0.2,20.249999999999996,0.8,0.8,900.0,0.01,0.0,10,0.7,0.012372747,0.07128376349988354
11.17,900.6422156120949,0.048180352513217076,0.0,0.2,0.2,20.249999999999996,0.8,0.8,900.0,0.01,0.0,10,0.7,0.010866141,0.0713158362747725
11.18,900.6419339518833,0.04814497738284428,0.0,0.2,0.2,20.249999999999996,0.8,0.8,900.0,0.01,0.0,10,0.7,0.011080271,0.07128372901538384
11.19,900.6422151732052,0.04810146779811877,0.0,0.2,0.2,20.249999999999996,0.8,0.8,900.0,0.01,0.0,10,0.7,0.012376886,0.07131573377196081
11.200000000000001,900.6419346824731,0.04806917075098305,0.0,0.2,0.2,20.249999999999996,0.8,0.8,900.0,0.01,0.0,10,0.7,0.010776701,0.07128369601512972
11.21,900.6422147265382,0.04802904225603055,0.0,0.2,0.2,20.249999999999996,0.8,0.8,900.0,0.01,0.0,10,0.7,0.011218562,0.07131563134717796
11.22,900.641935422003,0.04800008762594721,0.0,0.2,0.2,20.249999999999996,0.8,0.8,900.0,0.01,0.0,10,0.7,0.012605347,0.07128366370220292
11.23,900.642214265334,0.04796362468012622,0.0,0.2,0.2,20.249999999999996,0.8,0.8,900.0,0.01,0.0,10,0.7,0.011212622,0.07131552864289122
11.24,900.6419361657925,0.047938281869571074,0.0,0.2,0.2,20.249999999999996,0.8,0.8,900.0,0.01,0.0,10,0.7,0.011410833,0.07128363195469821
11.25,900.6422137888665,0.047905772980427426,0.0,0.2,0.2,20.249999999999996,0.8,0.8,900.0,0.01,0.0,10,0.7,0.012455077,0.07131542593467612
11.26,900.6419369155551,0.0478843124289203,0.0,0.2,0.2,20.249999999999996,0.8,0.8,900.0,0.01,0.0,10,0.7,0.010901941,0.0712836013060748
11.27,900.6422133029371,0.04785601919442744,0.0,0.2,0.2,20.249999999999996,0.8,0.8,900.0,0.01,0.0,10,0.7,0.0107518,0.07129172855963614
11.28,900.6419376753082,0.04783812404957001,0.0,0.2,0.2,20.249999999999996,0.8,0.8,900.0,0.01,0.0,10,0.7,0.013045209,0.07128356924432802
11.290000000000001,900.6422128116756,0.04781406266354033,0.0,0.2,0.2,20.249999999999996,0.8,0.8,900.0,0.01,0.0,10,0.7,0.010836641,0.0712901038162906
11.3,900.6419384470129,0.04780018707014351,0.0,0.2,0.2,20.249999999999996,0.8,0.8,900.0,0.01,0.0,10,0.7,0.011139172,0.07128353741386033
11.31,900.6422123248949,0.047780608310131034,0.0,0.2,0.2,20.249999999999996,0.8,0.8,900.0,0.01,0.0,10,0.7,0.013036789,0.07129000971867329
11.32,900.6419392346062,0.047771138173508365,0.0,0.2,0.2,20.249999999999996,0.8,0.8,900.0,0.01,0.0,10,0.7,0.010814991,0.07128350740240526
11.33,900.6422118501765,0.047756331888203774,0.0,0.2,0.2,20.249999999999996,0.8,0.8,900.0,0.01,0.0,10,0.7,0.010886041,0.07128078769848348
11.34,900.6419400399053,0.047751488850625606,0.0,0.2,0.2,20.249999999999996,0.8,0.8,900.0,0.01,0.0,10,0.7,0.012966648,0.07128347953580075
11.35,900.642211392181,0.04774170221922692,0.0,0.2,0.2,20.249999999999996,0.8,0.8,900.0,0.01,0.0,10,0.7,0.011198233,0.07128070861732623
11.36,900.6419408481154,0.04774159480419715,0.0,0.2,0.2,20.249999999999996,0.8,0.8,900.0,0.01,0.0,10,0.7,0.011407034,0.07128345221603422
11.370000000000001,900.6422109525893,0.04773702125099945,0.0,0.2,0.2,20.249999999999996,0.8,0.8,900.0,0.01,0.0,10,0.7,0.012752198,0.07130670462561048
11.38,900.6419416708334,0.047741937466147945,0.0,0.2,0.2,20.249999999999996,0.8,0.8,900.0,0.01,0.0,10,0.7,0.011648784,0.07125796565256552
11.39,900.64221053179,0.04774281001854582,0.0,0.2,0.2,20.249999999999996,0.8,0.8,900.0,0.01,0.0,10,0.7,0.013648281,0.07130663497548964
11.4,900.6419425063223,0.047752969252315626,0.0,0.2,0.2,20.249999999999996,0.8,0.8,900.0,0.01,0.0,10,0.7,0.016320781,0.07126074647471592
11.41,900.6422101220464,0.04775936033159966,0.0,0.2,0.2,20.249999999999996,0.8,0.8,900.0,0.01,0.0,10,0.7,0.014904966,0.07130656504279591
11.42,900.6419433537436,0.047775020515202715,0.0,0.2,0.2,20.249999999999996,0.8,0.8,900.0,0.01,0.0,10,0.7,0.015176256,0.0712607404667017
11.43,900.6422097125029,0.04778730834012012,0.0,0.2,0.2,20.249999999999996,0.8,0.8,900.0,0.01,0.0,10,0.7,0.016937004,0.07130649575818561
11.44,900.6419442234616,0.04780877273830061,0.0,0.2,0.2,20.249999999999996,0.8,0.8,900.0,0.01,0.0,10,0.7,0.015487758,0.07126073561940616
11.450000000000001,900.6422093242312,0.04782728410932705,0.0,0.2,0.2,20.249999999999996,0.8,0.8,900.0,0.01,0.0,10,0.7,0.015848879,0.07130642869578568
11.46,900.6419451184925,0.04785483070275021,0.0,0.2,0.2,20.249999999999996,0.8,0.8,900.0,0.01,0.0,10,0.7,0.017376075,0.07126073356697663
11.47,900.6422089646388,0.047879821442976186,0.0,0.2,0.2,20.249999999999996,0.8,0.8,900.0,0.01,0.0,10,0.7,0.016084631,0.07130636498840572
11.48,900.641946043358,0.04791365386288371,0.0,0.2,0.2,20.249999999999996,0.8,0.8,900.0,0.01,0.0,10,0.7,0.015968929,0.0712607351394502
11.49,900.6422086375283,0.0479452882928085,0.0,0.2,0.2,20.249999999999996,0.8,0.8,900.0,0.01,0.0,10,0.7,0.017264545,0.07130630484996428
11.5,900.6419469972666,0.047985544111381326,0.0,0.2,0.2,20.249999999999996,0.8,0.8,900.0,0.01,0.0,10,0.7,0.01583183,0.07126074008941967
11.51,900.6422083386889,0.04802395480404206,0.0,0.2,0.2,20.249999999999996,0.8,0.8,900.0,0.01,0.0,10,0.7,0.016027939,0.07130624750669827
11.52,900.6419479724321,0.048070764771437756,0.0,0.2,0.2,20.249999999999996,0.8,0.8,900.0,0.01,0.0,10,0.7,0.016915704,0.07125710029151675
11.53,900.6422080556578,0.04811606650870797,0.0,0.2,0.2,20.249999999999996,0.8,0.8,900.0,0.01,0.0,10,0.7,0.01593118,0.0713061914303375
11.540000000000001,900.6419489562838,0.04816953499909768,0.0,0.2,0.2,20.249999999999996,0.8,0.8,900.0,0.01,0.0,10,0.7,0.016106441,0.07125711040215234
11.55,900.6422077767265,0.048221820814849964,0.0,0.2,0.2,20.249999999999996,0.8,0.8,900.0,0.01,0.0,10,0.7,0.018040587,0.07130613516452013
11.56,900.6419499353204,0.048282027299001336,0.0,0.2,0.2,20.249999999999996,0.8,0.8,900.0,0.01,0.0,10,0.7,0.015734849,0.07125846236494009
11.57,900.6422074871508,0.04834137520196574,0.0,0.2,0.2,20.249999999999996,0.8,0.8,900.0,0.01,0.0,10,0.7,0.016622313,0.07130607714549468
11.58,900.641950896885,0.04840839430948007,0.0,0.2,0.2,20.249999999999996,0.8,0.8,900.0,0.01,0.0,10,0.7,0.016646442,0.07125847218985043
11.59,900.6422071769713,0.048474878247738995,0.0,0.2,0.2,20.249999999999996,0.8,0.8,900.0,0.01,0.0,10,0.7,0.01593668,0.07130601641846092
11.6,900.6419518325506,0.04854877887474128,0.0,0.2,0.2,20.249999999999996,0.8,0.8,900.0,0.01,0.0,10,0.7,0.016255411,0.07126022854993924
11.61,900.6422068409219,0.04862246310523893,0.0,0.2,0.2,20.249999999999996,0.8,0.8,900.0,0.01,0.0,10,0.7,0.016767803,0.07130595258119289
11.620000000000001,900.6419527382684,0.048703305800251256,0.0,0.2,0.2,20.249999999999996,0.8,0.8,900.0,0.01,0.0,10,0.7,0.01605634,0.07126137810208266
11.63,900.6422064752836,0.04878424374815288,0.0,0.2,0.2,20.249999999999996,0.8,0.8,900.0,0.01,0.0,10,0.7,0.01619961,0.07130588570634755
11.64,900.6419536145612,0.048872079988850695,0.0,0.2,0.2,20.249999999999996,0.8,0.8,900.0,0.01,0.0,10,0.7,0.016996074,0.07126139157253349
11.65,900.6422060827058,0.04896032319839255,0.0,0.2,0.2,20.249999999999996,0.8,0.8,900.0,0.01,0.0,10,0.7,0.016551672,0.07130581648623147
11.66,900.6419544678689,0.04905520349234119,0.0,0.2,0.2,20.249999999999996,0.8,0.8,900.0,0.01,0.0,10,0.7,0.01607974,0.07126140313940392
11.67,900.6422056756284,0.04915080756002372,0.0,0.2,0.2,20.249999999999996,0.8,0.8,900.0,0.01,0.0,10,0.7,0.017129204,0.07130574602901511
11.68,900.6419553096223,0.04925278225866028,0.0,0.2,0.2,20.249999999999996,0.8,0.8,900.0,0.01,0.0,10,0.7,0.01577389,0.07126141430270327
11.69,900.6422052684645,0.0493557893589773,0.0,0.2,0.2,20.249999999999996,0.8,0.8,900.0,0.01,0.0,10,0.7,0.016179531,0.07130567592659329
11.700000000000001,900.6419561551129,0.049464887946330326,0.0,0.2,0.2,20.249999999999996,0.8,0.8,900.0,0.01,0.0,10,0.7,0.017294655,0.071260203608901
11.71,900.6422048762284,0.049575317476000164,0.0,0.2,0.2,20.249999999999996,0.8,0.8,900.0,0.01,0.0,10,0.7,0.01603247,0.07131054270239354
11.72,900.6419570207976,0.04969155258715172,0.0,0.2,0.2,20.249999999999996,0.8,0.8,900.0,0.01,0.0,10,0.7,0.01594141,0.07126022000985995
11.73,900.6422045090118,0.049809417671181716,0.0,0.2,0.2,20.249999999999996,0.8,0.8,900.0,0.01,0.0,10,0.7,0.017169085,0.07131047882345543
11.74,900.6419579184429,0.04993282378456339,0.0,0.2,0.2,20.249999999999996,0.8,0.8,900.0,0.01,0.0,10,0.7,0.015852329,0.07126023967583651
11.75,900.6422041755667,0.05005814437635877,0.0,0.2,0.2,20.249999999999996,0.8,0.8,900.0,0.01,0.0,10,0.7,0.016200401,0.07131041775812849
11.76,900.6419588457865,0.05018874692305015,0.0,0.2,0.2,20.249999999999996,0.8,0.8,900.0,0.01,0.0,10,0.7,0.017168484,0.0712602617404215
11.77,900.6422038695168,0.050321535912970554,0.0,0.2,0.2,20.249999999999996,0.8,0.8,900.0,0.01,0.0,10,0.7,0.015800719,0.071310358046628
11.78,900.6419597894808,0.050459341752660564,0.0,0.2,0.2,20.249999999999996,0.8,0.8,900.0,0.01,0.0,10,0.7,0.016241541,0.07127176784274772
11.790000000000001,900.6422035584111,0.050599477786874875,0.0,0.2,0.2,20.249999999999996,0.8,0.8,900.0,0.01,0.0,10,0.7,0.017159045,0.07131029546540568
11.8,900.6419607269805,0.05074444068802763,0.0,0.2,0.2,20.249999999999996,0.8,0.8,900.0,0.01,0.0,10,0.7,0.016139031,0.07127179114272059
11.81,900.6422032280187,0.05089198328250671,0.0,0.2,0.2,20.249999999999996,0.8,0.8,900.0,0.01,0.0,10,0.7,0.016499072,0.07131022789581222
11.82,900.6419616339683,0.051044132590752835,0.0,0.2,0.2,20.249999999999996,0.8,0.8,900.0,0.01,0.0,10,0.7,0.017034154,0.07127180863888449
11.83,900.6422028525866,0.05119909705222697,0.0,0.2,0.2,20.249999999999996,0.8,0.8,900.0,0.01,0.0,10,0.7,0.016706822,0.07131015247978889
11.84,900.6419624831317,0.05135845571315792,0.0,0.2,0.2,20.249999999999996,0.8,0.8,900.0,0.01,0.0,10,0.7,0.015681589,0.07127181783479986
11.85,900.6422024103163,0.051520826800515826,0.0,0.2,0.2,20.249999999999996,0.8,0.8,900.0,0.01,0.0,10,0.7,0.016918474,0.07131006766013251
11.86,900.6419632604986,0.051687371719117095,0.0,0.2,0.2,20.249999999999996,0.8,0.8,900.0,0.01,0.0,10,0.7,0.015680848,0.07127181830000082
11.870000000000001,900.6422018980685,0.05185706356638692,0.0,0.2,0.2,20.249999999999996,0.8,0.8,900.0,0.01,0.0,10,0.7,0.016385842,0.0713087006298198
11.88,900.6419639679862,0.05203069602979101,0.0,0.2,0.2,20.249999999999996,0.8,0.8,900.0,0.01,0.0,10,0.7,0.017107984,0.07127333840187688
11.89,900.6422013326505,0.05220757504560357,0.0,0.2,0.2,20.249999999999996,0.8,0.8,900.0,0.01,0.0,10,0.7,0.01587638,0.07130860212044558
11.9,900.6419646325902,0.05238819085321749,0.0,0.2,0.2,20.249999999999996,0.8,0.8,900.0,0.01,0.0,10,0.7,0.016376222,0.07127332841874336
11.91,900.6422007409998,0.05257212051455504,0.0,0.2,0.2,20.249999999999996,0.8,0.8,900.0,0.01,0.0,10,0.7,0.017114104,0.07130850080260459
11.92,900.6419652851883,0.05275961697095497,0.0,0.2,0.2,20.249999999999996,0.8,0.8,900.0,0.01,0.0,10,0.7,0.015648509,0.07127331786502973
11.93,900.6422001530859,0.052950470337895975,0.0,0.2,0.2,20.249999999999996,0.8,0.8,900.0,0.01,0.0,10,0.7,0.01597803,0.07130839958582615
11.94,900.6419659528897,0.05314475289056029,0.0,0.2,0.2,20.249999999999996,0.8,0.8,900.0,0.01,0.0,10,0.7,0.017111574,0.07127330904943924
11.950000000000001,900.6421995888547,0.053342408291668704,0.0,0.2,0.2,20.249999999999996,0.8,0.8,900.0,0.01,0.0,10,0.7,0.016261222,0.07130829975494982
11.96,900.6419666480369,0.05354338914824049,0.0,0.2,0.2,20.249999999999996,0.8,0.8,900.0,0.01,0.0,10,0.7,0.016014851,0.07127330233333594
11.97,900.6421990510305,0.05374772940774658,0.0,0.2,0.2,20.249999999999996,0.8,0.8,900.0,0.01,0.0,10,0.7,0.017169634,0.07130820057531462
11.98,900.6419673647184,0.05395532085906126,0.0,0.2,0.2,20.249999999999996,0.8,0.8,900.0,0.01,0.0,10,0.7,0.016151911,0.07127329616323685
11.99,900.6421985252659,0.05416621833545145,0.0,0.2,0.2,20.249999999999996,0.8,0.8,900.0,0.01,0.0,10,0.7,0.01583564,0.07130809974138608
12.0,900.6419680827105,0.05438029735910687,0.0,0.2,0.2,20.249999999999996,0.8,0.8,900.0,0.01,0.0,10,0.7,0.017461496,0.07127494416404845
12.01,900.6421979867365,0.05459757971039432,0.0,0.2,0.2,20.249999999999996,0.8,0.8,900.0,0.01,0.0,10,0.7,0.015892029,0.07130799421970181
12.02,900.6419687746906,0.05481799534548609,0.0,0.2,0.2,20.249999999999996,0.8,0.8,900.0,0.01,0.0,10,0.7,0.016994754,0.07127493125202958
12.030000000000001,900.6421974083402,0.055041482568316286,0.0,0.2,0.2,20.249999999999996,0.8,0.8,900.0,0.01,0.0,10,0.7,0.016850643,0.07130788133431623
12.040000000000001,900.6419694167673,0.055268085323029306,0.0,0.2,0.2,20.249999999999996,0.8,0.8,900.0,0.01,0.0,10,0.7,0.01603696,0.07127598540398833
12.05,900.6421967676638,0.05549760254549401,0.0,0.2,0.2,20.249999999999996,0.8,0.8,900.0,0.01,0.0,10,0.7,0.01609614,0.07130775937264229
12.06,900.6419699946707,0.055730252173901845,0.0,0.2,0.2,20.249999999999996,0.8,0.8,900.0,0.01,0.0,10,0.7,0.016658153,0.07127595969410512
12.07,900.6421960566629,0.05596563434013762,0.0,0.2,0.2,20.249999999999996,0.8,0.8,900.0,0.01,0.0,10,0.7,0.01601268,0.07130762809116126
12.08,900.6419705067929,0.05620418609953419,0.0,0.2,0.2,20.249999999999996,0.8,0.8,900.0,0.01,0.0,10,0.7,0.01599391,0.0712759263414615
12.09,900.6421952788988,0.05644526027735753,0.0,0.2,0.2,20.249999999999996,0.8,0.8,900.0,0.01,0.0,10,0.7,0.017244985,0.07131311398287722
12.1,900.6419709628913,0.056689531628340874,0.0,0.2,0.2,20.249999999999996,0.8,0.8,900.0,0.01,0.0,10,0.7,0.01582063,0.07127588643386848
12.11,900.642194443823,0.056936125090812216,0.0,0.2,0.2,20.249999999999996,0.8,0.8,900.0,0.01,0.0,10,0.7,0.015784899,0.07131297590702779
12.120000000000001,900.6419713756317,0.05718599321457058,0.0,0.2,0.2,20.249999999999996,0.8,0.8,900.0,0.01,0.0,10,0.7,0.017247715,0.07127584163828364
12.13,900.6421935659746,0.057437947007842494,0.0,0.2,0.2,20.249999999999996,0.8,0.8,900.0,0.01,0.0,10,0.7,0.01591327,0.07131283239418781
12.14,900.6419717611141,0.05769327304793826,0.0,0.2,0.2,20.249999999999996,0.8,0.8,900.0,0.01,0.0,10,0.7,0.01618435,0.07127579391920834
12.15,900.6421926606371,0.057950384470704455,0.0,0.2,0.2,20.249999999999996,0.8,0.8,900.0,0.01,0.0,10,0.7,0.017370076,0.07131268513660433
12.16,900.6419721316447,0.05821097508092606,0.0,0.2,0.2,20.249999999999996,0.8,0.8,900.0,0.01,0.0,10,0.7,0.016052761,0.07127574419471888
12.17,900.6421917336852,0.058473027827005725,0.0,0.2,0.2,20.249999999999996,0.8,0.8,900.0,0.01,0.0,10,0.7,0.015895569,0.0713125344478501
12.18,900.6419724897112,0.05873867488120148,0.0,0.2,0.2,20.249999999999996,0.8,0.8,900.0,0.01,0.0,10,0.7,0.017413825,0.07127569258941252
12.19,900.6421907849427,0.05900541021749666,0.0,0.2,0.2,20.249999999999996,0.8,0.8,900.0,0.01,0.0,10,0.7,0.01587517,0.0713123803533781
12.200000000000001,900.6419728349234,0.05927583586576264,0.0,0.2,0.2,20.249999999999996,0.8,0.8,900.0,0.01,0.0,10,0.7,0.01599341,0.07127563905323062
12.21,900.6421898117438,0.05954695048836836,0.0,0.2,0.2,20.249999999999996,0.8,0.8,900.0,0.01,0.0,10,0.7,0.018940301,0.07131222253243527
12.22,900.6419731643736,0.059821843754098734,0.0,0.2,0.2,20.249999999999996,0.8,0.8,900.0,0.01,0.0,10,0.7,0.011353013,0.07127558328579593
12.23,900.642188809607,0.06009697007494731,0.0,0.2,0.2,20.249999999999996,0.8,0.8,900.0,0.01,0.0,10,0.7,0.01075789,0.07131206061447574
12.24,900.6419734742365,0.060375935129302,0.0,0.2,0.2,20.249999999999996,0.8,0.8,900.0,0.01,0.0,10,0.7,0.012641288,0.07130423338341005
12.25,900.6421877610244,0.0606537476285998,0.0,0.2,0.2,20.249999999999996,0.8,0.8,900.0,0.01,0.0,10,0.7,0.011302303,0.07131188661604608
12.26,900.6419737605719,0.06093600317779783,0.0,0.2,0.2,20.249999999999996,0.8,0.8,900.0,0.01,0.0,10,0.7,0.01090534,0.07129042210241664
12.27,900.642186656527,0.061216164081489964,0.0,0.2,0.2,20.249999999999996,0.8,0.8,900.0,0.01,0.0,10,0.7,0.012905108,0.07131169984924686
12.280000000000001,900.6419740183001,0.06150122380426761,0.0,0.2,0.2,20.249999999999996,0.8,0.8,900.0,0.01,0.0,10,0.7,0.010973611,0.07129036164253266
12.290000000000001,900.6421854940946,0.061783691579708595,0.0,0.2,0.2,20.249999999999996,0.8,0.8,900.0,0.01,0.0,10,0.7,0.010707691,0.0713115027075456
12.3,900.6419742393713,0.06207125055465918,0.0,0.2,0.2,20.249999999999996,0.8,0.8,900.0,0.01,0.0,10,0.7,0.012452677,0.07129029426072417
12.31,900.642184267474,0.06235577076882473,0.0,0.2,0.2,20.249999999999996,0.8,0.8,900.0,0.01,0.0,10,0.7,0.011106521,0.07131129666613299
12.32,900.6419744217817,0.06264546922311824,0.0,0.2,0.2,20.249999999999996,0.8,0.8,900.0,0.01,0.0,10,0.7,0.010801301,0.07131578331336759
12.33,900.6421829781873,0.06293138210676781,0.0,0.2,0.2,20.249999999999996,0.8,0.8,900.0,0.01,0.0,10,0.7,0.012463747,0.07131108228542003
12.34,900.641974578653,0.06322261901442698,0.0,0.2,0.2,20.249999999999996,0.8,0.8,900.0,0.01,0.0,10,0.7,0.011489264,0.07131575121359993
12.35,900.6421816274849,0.06350840855776438,0.0,0.2,0.2,20.249999999999996,0.8,0.8,900.0,0.01,0.0,10,0.7,0.011168761,0.07131085355242132
12.36,900.6419747278486,0.06380025232911092,0.0,0.2,0.2,20.249999999999996,0.8,0.8,900.0,0.01,0.0,10,0.7,0.012909369,0.07131571262903046
12.370000000000001,900.6421802297542,0.06408611909741163,0.0,0.2,0.2,20.249999999999996,0.8,0.8,900.0,0.01,0.0,10,0.7,0.011051531,0.07131061640618906
12.38,900.6419748865337,0.06437816867564781,0.0,0.2,0.2,20.249999999999996,0.8,0.8,900.0,0.01,0.0,10,0.7,0.011250362,0.07132732211892101
12.39,900.6421787818964,0.06466359074183842,0.0,0.2,0.2,20.249999999999996,0.8,0.8,900.0,0.01,0.0,10,0.7,0.012729968,0.07131037139632555
12.4,900.6419750604268,0.06495528149905384,0.0,0.2,0.2,20.249999999999996,0.8,0.8,900.0,0.01,0.0,10,0.7,0.010895301,0.07132729748430755
12.41,900.642177251461,0.06523957825657598,0.0,0.2,0.2,20.249999999999996,0.8,0.8,900.0,0.01,0.0,10,0.7,0.011178992,0.0713101154668951
12.42,900.6419752468167,0.06553027626841353,0.0,0.2,0.2,20.249999999999996,0.8,0.8,900.0,0.01,0.0,10,0.7,0.013120859,0.07132727346477764
12.43,900.6421757187688,0.06581310306653876,0.0,0.2,0.2,20.249999999999996,0.8,0.8,900.0,0.01,0.0,10,0.7,0.010844921,0.07130985216138469
12.44,900.6419754506921,0.06610235177623697,0.0,0.2,0.2,20.249999999999996,0.8,0.8,900.0,0.01,0.0,10,0.7,0.011139952,0.0713272521194918
12.450000000000001,900.6421741308562,0.06638323933952087,0.0,0.2,0.2,20.249999999999996,0.8,0.8,900.0,0.01,0.0,10,0.7,0.012687097,0.07133288618791164
12.46,900.6419756808009,0.06667002855970829,0.0,0.2,0.2,20.249999999999996,0.8,0.8,900.0,0.01,0.0,10,0.7,0.011020421,0.07132571000312853
12.47,900.6421724423692,0.06694647991610428,0.0,0.2,0.2,20.249999999999996,0.8,0.8,900.0,0.01,0.0,10,0.7,0.010943462,0.07133261607124088
12.48,900.6419759081938,0.06722900917427894,0.0,0.2,0.2,20.249999999999996,0.8,0.8,900.0,0.01,0.0,10,0.7,0.013054619,0.07132572854367109
12.49,900.6421706749894,0.06750057147019646,0.0,0.2,0.2,20.249999999999996,0.8,0.8,900.0,0.01,0.0,10,0.7,0.011267053,0.07131291207212867
12.5,900.6419761678427,0.06777851457440531,0.0,0.2,0.2,20.249999999999996,0.8,0.8,900.0,0.01,0.0,10,0.7,0.010895492,0.07132976141588805
12.51,900.6421688944432,0.06804522865756475,0.0,0.2,0.2,20.249999999999996,0.8,0.8,900.0,0.01,0.0,10,0.7,0.012886458,0.0713040694462973
12.52,900.641976502551,0.06831821424374226,0.0,0.2,0.2,20.249999999999996,0.8,0.8,900.0,0.01,0.0,10,0.7,0.011081422,0.07132979345389237
12.530000000000001,900.642167106044,0.06857957702521564,0.0,0.2,0.2,20.249999999999996,0.8,0.8,900.0,0.01,0.0,10,0.7,0.011093481,0.07130377324260462
12.540000000000001,900.6419769402186,0.06884723841172495,0.0,0.2,0.2,20.249999999999996,0.8,0.8,900.0,0.01,0.0,10,0.7,0.012469167,0.07132820211031984
12.55,900.6421653369356,0.06910280096910441,0.0,0.2,0.2,20.249999999999996,0.8,0.8,900.0,0.01,0.0,10,0.7,0.011021071,0.07130249304260902
12.56,900.6419774885483,0.06936462392357437,0.0,0.2,0.2,20.249999999999996,0.8,0.8,900.0,0.01,0.0,10,0.7,0.01077564,0.07132826192003947
12.57,900.6421635905159,0.0696139196109902,0.0,0.2,0.2,20.249999999999996,0.8,0.8,900.0,0.01,0.0,10,0.7,0.012522848,0.07132614959579044
12.58,900.6419781447795,0.06986891780779338,0.0,0.2,0.2,20.249999999999996,0.8,0.8,900.0,0.01,0.0,10,0.7,0.011267512,0.07133019444779073
12.59,900.6421618267215,0.07011122672331951,0.0,0.2,0.2,20.249999999999996,0.8,0.8,900.0,0.01,0.0,10,0.7,0.010944371,0.07132586631243695
12.6,900.6419788870326,0.07035876348688141,0.0,0.2,0.2,20.249999999999996,0.8,0.8,900.0,0.01,0.0,10,0.7,0.012809128,0.07134159616292238
12.61,900.6421599484123,0.07059333215496165,0.0,0.2,0.2,20.249999999999996,0.8,0.8,900.0,0.01,0.0,10,0.7,0.011044701,0.0713255647558034
12.620000000000001,900.6419796805087,0.07083378774991504,0.0,0.2,0.2,20.249999999999996,0.8,0.8,900.0,0.01,0.0,10,0.7,0.011418062,0.07132029702508147
12.63,900.6421579713958,0.07106130471820604,0.0,0.2,0.2,20.249999999999996,0.8,0.8,900.0,0.01,0.0,10,0.7,0.012771018,0.07132524847223949
12.64,900.6419804998666,0.0712951159063607,0.0,0.2,0.2,20.249999999999996,0.8,0.8,900.0,0.01,0.0,10,0.7,0.010795131,0.07132042376387573
12.65,900.6421558332697,0.07151442253861802,0.0,0.2,0.2,20.249999999999996,0.8,0.8,900.0,0.01,0.0,10,0.7,0.011065072,0.07132490225110574
12.66,900.6419812880333,0.07174146297034757,0.0,0.2,0.2,20.249999999999996,0.8,0.8,900.0,0.01,0.0,10,0.7,0.012768378,0.07132054098823792
12.67,900.6421535307408,0.07195429563839312,0.0,0.2,0.2,20.249999999999996,0.8,0.8,900.0,0.01,0.0,10,0.7,0.011069341,0.0713290964205678
12.68,900.6419820208604,0.0721753660099216,0.0,0.2,0.2,20.249999999999996,0.8,0.8,900.0,0.01,0.0,10,0.7,0.010957772,0.07131558083659875
12.69,900.6421510779784,0.07238234871959455,0.0,0.2,0.2,20.249999999999996,0.8,0.8,900.0,0.01,0.0,10,0.7,0.012831098,0.07132871239686334
12.700000000000001,900.6419827100611,0.07259809154710915,0.0,0.2,0.2,20.249999999999996,0.8,0.8,900.0,0.01,0.0,10,0.7,0.010829171,0.07131466331501375
12.71,900.6421484949909,0.07280001463354617,0.0,0.2,0.2,20.249999999999996,0.8,0.8,900.0,0.01,0.0,10,0.7,0.010832721,0.0713520834532901
12.72,900.6419834213901,0.07300965520515376,0.0,0.2,0.2,20.249999999999996,0.8,0.8,900.0,0.01,0.0,10,0.7,0.012768148,0.07131478288435263
12.73,900.6421457899417,0.07320680360931882,0.0,0.2,0.2,20.249999999999996,0.8,0.8,900.0,0.01,0.0,10,0.7,0.010993751,0.07135169731570308
12.74,900.6419842000944,0.0734114473424827,0.0,0.2,0.2,20.249999999999996,0.8,0.8,900.0,0.01,0.0,10,0.7,0.010831351,0.07131901692040456
12.75,900.6421430269261,0.07360447248455591,0.0,0.2,0.2,20.249999999999996,0.8,0.8,900.0,0.01,0.0,10,0.7,0.013446651,0.07135130450912766
12.76,900.6419851454208,0.07380540340938078,0.0,0.2,0.2,20.249999999999996,0.8,0.8,900.0,0.01,0.0,10,0.7,0.010652271,0.07131531802088475
12.77,900.6421402893158,0.07399492010208272,0.0,0.2,0.2,20.249999999999996,0.8,0.8,900.0,0.01,0.0,10,0.7,0.010893001,0.07135091619675216
12.780000000000001,900.6419863291658,0.07419265882551225,0.0,0.2,0.2,20.249999999999996,0.8,0.8,900.0,0.01,0.0,10,0.7,0.012392087,0.07131551649806941
12.790000000000001,900.6421376313086,0.0743790398351166,0.0,0.2,0.2,20.249999999999996,0.8,0.8,900.0,0.01,0.0,10,0.7,0.011192882,0.07135053439065006
12.8,900.641987738327,0.0745739840320937,0.0,0.2,0.2,20.249999999999996,0.8,0.8,900.0,0.01,0.0,10,0.7,0.010886821,0.0713157414387158
12.81,900.6421350291188,0.07475770341946442,0.0,0.2,0.2,20.249999999999996,0.8,0.8,900.0,0.01,0.0,10,0.7,0.012534117,0.07136508689442576
12.82,900.6419894848541,0.07495015354971094,0.0,0.2,0.2,20.249999999999996,0.8,0.8,900.0,0.01,0.0,10,0.7,0.011261603,0.071319297699994
12.83,900.6421324207037,0.07513163541659379,0.0,0.2,0.2,20.249999999999996,0.8,0.8,900.0,0.01,0.0,10,0.7,0.011153651,0.07136472462675506
12.84,900.6419913918203,0.07532157848162398,0.0,0.2,0.2,20.249999999999996,0.8,0.8,900.0,0.01,0.0,10,0.7,0.012722338,0.0713195640738488
12.85,900.6421297208661,0.07550115034626792,0.0,0.2,0.2,20.249999999999996,0.8,0.8,900.0,0.01,0.0,10,0.7,0.0106384,0.07136305033853135
12.86,900.6419933488728,0.0756897087204502,0.0,0.2,0.2,20.249999999999996,0.8,0.8,900.0,0.01,0.0,10,0.7,0.011225032,0.07131983647713751
12.870000000000001,900.6421268595191,0.07586826251229123,0.0,0.2,0.2,20.249999999999996,0.8,0.8,900.0,0.01,0.0,10,0.7,0.012981649,0.07136265581193815
12.88,900.6419953160595,0.0760563875543729,0.0,0.2,0.2,20.249999999999996,0.8,0.8,900.0,0.01,0.0,10,0.7,0.010908131,0.07132011338226298
12.89,900.6421238019408,0.07623487739886162,0.0,0.2,0.2,20.249999999999996,0.8,0.8,900.0,0.01,0.0,10,0.7,0.011033591,0.07136224135961036
12.9,900.6419972850476,0.07642362077248299,0.0,0.2,0.2,20.249999999999996,0.8,0.8,900.0,0.01,0.0,10,0.7,0.013001549,0.07132039667865896
12.91,900.6421205573898,0.07660314096972527,0.0,0.2,0.2,20.249999999999996,0.8,0.8,900.0,0.01,0.0,10,0.7,0.01081906,0.0713447783042179
12.92,900.6419992845603,0.07679328287501316,0.0,0.2,0.2,20.249999999999996,0.8,0.8,900.0,0.01,0.0,10,0.7,0.010831751,0.07132069153229116
12.93,900.6421172037074,0.07697479845704225,0.0,0.2,0.2,20.249999999999996,0.8,0.8,900.0,0.01,0.0,10,0.7,0.012923199,0.07134435004423278
12.94,900.6420014149606,0.07716744782174563,0.0,0.2,0.2,20.249999999999996,0.8,0.8,900.0,0.01,0.0,10,0.7,0.01084581,0.07132101104353068
12.950000000000001,900.6421138631363,0.07735184935459893,0.0,0.2,0.2,20.249999999999996,0.8,0.8,900.0,0.01,0.0,10,0.7,0.010791851,0.07134393254891176
12.96,900.642003811931,0.07754801415883876,0.0,0.2,0.2,20.249999999999996,0.8,0.8,900.0,0.01,0.0,10,0.7,0.012882668,0.07132347625318398
12.97,900.642110659598,0.0777362187357043,0.0,0.2,0.2,20.249999999999996,0.8,0.8,900.0,0.01,0.0,10,0.7,0.011208532,0.07133387210602499
12.98,900.6420066518597,0.07793664651375135,0.0,0.2,0.2,20.249999999999996,0.8,0.8,900.0,0.01,0.0,10,0.7,0.011207062,0.07132390174497928
12.99,900.6421076456941,0.07812963898207897,0.0,0.2,0.2,20.249999999999996,0.8,0.8,900.0,0.01,0.0,10,0.7,0.012368337,0.07133352310196267
13.0,900.6420099727961,0.07833555457221061,0.0,0.2,0.2,20.249999999999996,0.8,0.8,900.0,0.01,0.0,10,0.7,0.011138892,0.07133663793160361
13.01,900.6421048305831,0.07853424216548151,0.0,0.2,0.2,20.249999999999996,0.8,0.8,900.0,0.01,0.0,10,0.7,0.011156702,0.07133319115796544
13.02,900.64201370901,0.07874700453543462,0.0,0.2,0.2,20.249999999999996,0.8,0.8,900.0,0.01,0.0,10,0.7,0.012418236,0.07133719104336875
13.030000000000001,900.6421021451391,0.07895307926381381,0.0,0.2,0.2,20.249999999999996,0.8,0.8,900.0,0.01,0.0,10,0.7,0.011224372,0.07133286733792946
13.040000000000001,900.6420177393381,0.07917429107688778,0.0,0.2,0.2,20.249999999999996,0.8,0.8,900.0,0.01,0.0,10,0.7,0.011131342,0.07133777297100319
13.05,900.64209946162,0.07938947944228009,0.0,0.2,0.2,20.249999999999996,0.8,0.8,900.0,0.01,0.0,10,0.7,0.012464017,0.07133253880153324
13.06,900.6420219242776,0.07962066345612782,0.0,0.2,0.2,20.249999999999996,0.8,0.8,900.0,0.01,0.0,10,0.7,0.011027381,0.07133968116071533
13.07,900.6420966468401,0.0798464286731936,0.0,0.2,0.2,20.249999999999996,0.8,0.8,900.0,0.01,0.0,10,0.7,0.011263522,0.07130681172970683
13.08,900.6420261156804,0.08008603090508157,0.0,0.2,0.2,20.249999999999996,0.8,0.8,900.0,0.01,0.0,10,0.7,0.012707908,0.07133684944675787
13.09,900.6420935748822,0.08032163534364023,0.0,0.2,0.2,20.249999999999996,0.8,0.8,900.0,0.01,0.0,10,0.7,0.01063585,0.07132023634401508
13.1,900.6420301828119,0.08057082032767904,0.0,0.2,0.2,20.249999999999996,0.8,0.8,900.0,0.01,0.0,10,0.7,0.011459163,0.07133655297828434
13.11,900.642090250377,0.08081432991904103,0.0,0.2,0.2,20.249999999999996,0.8,0.8,900.0,0.01,0.0,10,0.7,0.01323834,0.07129543665061588
13.120000000000001,900.6420341590111,0.08107249195138341,0.0,0.2,0.2,20.249999999999996,0.8,0.8,900.0,0.01,0.0,10,0.7,0.011181512,0.07133715500925
13.13,900.6420867059704,0.08132828977492086,0.0,0.2,0.2,20.249999999999996,0.8,0.8,900.0,0.01,0.0,10,0.7,0.010877041,0.07129381057956044
13.14,900.6420381151221,0.08159950331082466,0.0,0.2,0.2,20.249999999999996,0.8,0.8,900.0,0.01,0.0,10,0.7,0.013165119,0.07132476023239362
13.15,900.6420830732976,0.081870134969996,0.0,0.2,0.2,20.249999999999996,0.8,0.8,900.0,0.01,0.0,10,0.7,0.011029141,0.07131462737514029
13.16,900.6420421779842,0.08215563886903766,0.0,0.2,0.2,20.249999999999996,0.8,0.8,900.0,0.01,0.0,10,0.7,0.010797651,0.07133392806743612
13.17,900.6420794535056,0.08244274685556832,0.0,0.2,0.2,20.249999999999996,0.8,0.8,900.0,0.01,0.0,10,0.7,0.013081479,0.07131431534533286
13.18,900.642046469666,0.0827465825189049,0.0,0.2,0.2,20.249999999999996,0.8,0.8,900.0,0.01,0.0,10,0.7,0.010945481,0.07133603991108901
13.19,900.6420760246934,0.08305379146224329,0.0,0.2,0.2,20.249999999999996,0.8,0.8,900.0,0.01,0.0,10,0.7,0.010925301,0.07128960639168237
13.200000000000001,900.6420510841623,0.0833767651031048,0.0,0.2,0.2,20.249999999999996,0.8,0.8,900.0,0.01,0.0,10,0.7,0.012657818,0.07134045033045897
13.21,900.6420727927815,0.08370600209845783,0.0,0.2,0.2,20.249999999999996,0.8,0.8,900.0,0.01,0.0,10,0.7,0.011164032,0.07128941403812593
13.22,900.6420559844784,0.08404983061853197,0.0,0.2,0.2,20.249999999999996,0.8,0.8,900.0,0.01,0.0,10,0.7,0.010883971,0.07134118070286627
13.23,900.6420697223937,0.08440271865336157,0.0,0.2,0.2,20.249999999999996,0.8,0.8,900.0,0.01,0.0,10,0.7,0.012530107,0.07129628639144255
13.24,900.6420611670829,0.08477082177853255,0.0,0.2,0.2,20.249999999999996,0.8,0.8,900.0,0.01,0.0,10,0.7,0.011329733,0.07132133752618239
13.25,900.6420665931377,0.08514803363707549,0.0,0.2,0.2,20.249999999999996,0.8,0.8,900.0,0.01,0.0,10,0.7,0.010983671,0.07128538863090025
13.26,900.6420664445887,0.08554275260384236,0.0,0.2,0.2,20.249999999999996,0.8,0.8,900.0,0.01,0.0,10,0.7,0.012736308,0.07130671579867559
13.27,900.6420631708338,0.08594430292308104,0.0,0.2,0.2,20.249999999999996,0.8,0.8,900.0,0.01,0.0,10,0.7,0.0109175,0.07127620414183121
13.280000000000001,900.6420712009067,0.08636429189142152,0.0,0.2,0.2,20.249999999999996,0.8,0.8,900.0,0.01,0.0,10,0.7,0.011374973,0.07130752219037972
13.290000000000001,900.6420594770253,0.08679204353576701,0.0,0.2,0.2,20.249999999999996,0.8,0.8,900.0,0.01,0.0,10,0.7,0.012646938,0.07125982092970766
13.3,900.6420755195674,0.0872398367784986,0.0,0.2,0.2,20.249999999999996,0.8,0.8,900.0,0.01,0.0,10,0.7,0.010930412,0.07130822848126368
13.31,900.642055546084,0.08769819535546665,0.0,0.2,0.2,20.249999999999996,0.8,0.8,900.0,0.01,0.0,10,0.7,0.011332492,0.07125956998550417
13.32,900.6420795293103,0.08817762818588586,0.0,0.2,0.2,20.249999999999996,0.8,0.8,900.0,0.01,0.0,10,0.7,0.012962279,0.07130726505112032
13.33,900.6420514551688,0.08866972825730514,0.0,0.2,0.2,20.249999999999996,0.8,0.8,900.0,0.01,0.0,10,0.7,0.01064613,0.07125928990535758
13.34,900.642083406506,0.08918395777885428,0.0,0.2,0.2,20.249999999999996,0.8,0.8,900.0,0.01,0.0,10,0.7,0.01077393,0.07130967596068051
13.35,900.6420473747368,0.08971188946191509,0.0,0.2,0.2,20.249999999999996,0.8,0.8,900.0,0.01,0.0,10,0.7,0.013039529,0.07127552634862455
13.36,900.6420873537207,0.09026110723988998,0.0,0.2,0.2,20.249999999999996,0.8,0.8,900.0,0.01,0.0,10,0.7,0.011055582,0.07131200129392581
13.370000000000001,900.6420435078509,0.09082537527232246,0.0,0.2,0.2,20.249999999999996,0.8,0.8,900.0,0.01,0.0,10,0.7,0.010928491,0.07127533066933672
13.38,900.64209158226,0.09141011791201886,0.0,0.2,0.2,20.249999999999996,0.8,0.8,900.0,0.01,0.0,10,0.7,0.012943078,0.07132291172686675
13.39,900.6420400200669,0.09201114578596058,0.0,0.2,0.2,20.249999999999996,0.8,0.8,900.0,0.01,0.0,10,0.7,0.011186172,0.071275169401424
13.4,900.6420962839882,0.09263327804199575,0.0,0.2,0.2,20.249999999999996,0.8,0.8,900.0,0.01,0.0,10,0.7,0.011095492,0.07130570012507728
13.41,900.6420370375901,0.09327213206252472,0.0,0.2,0.2,20.249999999999996,0.8,0.8,900.0,0.01,0.0,10,0.7,0.012828508,0.07127550115135117
13.42,900.6421014996652,0.09393315961034905,0.0,0.2,0.2,20.249999999999996,0.8,0.8,900.0,0.01,0.0,10,0.7,0.010968291,0.07130101097032725
13.43,900.6420346630132,0.09460994350676649,0.0,0.2,0.2,20.249999999999996,0.8,0.8,900.0,0.01,0.0,10,0.7,0.010873491,0.07125827099248183
13.44,900.6421068815998,0.09530812431540794,0.0,0.2,0.2,20.249999999999996,0.8,0.8,900.0,0.01,0.0,10,0.7,0.012473987,0.07130187923515918
13.450000000000001,900.6420326237079,0.09602422778361046,0.0,0.2,0.2,20.249999999999996,0.8,0.8,900.0,0.01,0.0,10,0.7,0.011813224,0.07127224375414272
13.46,900.6421122188226,0.09676111662733863,0.0,0.2,0.2,20.249999999999996,0.8,0.8,900.0,0.01,0.0,10,0.7,0.011050092,0.07132186924396984
13.47,900.6420305257315,0.09751650486052998,0.0,0.2,0.2,20.249999999999996,0.8,0.8,900.0,0.01,0.0,10,0.7,0.012884588,0.07127535396568191
13.48,900.6421173078987,0.0982946526637781,0.0,0.2,0.2,20.249999999999996,0.8,0.8,900.0,0.01,0.0,10,0.7,0.010917871,0.07129244144279467
13.49,900.6420282081319,0.09909132167494752,0.0,0.2,0.2,20.249999999999996,0.8,0.8,900.0,0.01,0.0,10,0.7,0.011346523,0.07127524188140928
13.5,900.6421220748573,0.09991303346625091,0.0,0.2,0.2,20.249999999999996,0.8,0.8,900.0,0.01,0.0,10,0.7,0.012551457,0.07129318741743271
13.51,900.6420256967874,0.10075354004261143,0.0,0.2,0.2,20.249999999999996,0.8,0.8,900.0,0.01,0.0,10,0.7,0.01066901,0.0712737272861373
13.52,900.642126610921,0.10162118325427284,0.0,0.2,0.2,20.249999999999996,0.8,0.8,900.0,0.01,0.0,10,0.7,0.011257192,0.07127901503893097
13.530000000000001,900.6420232053459,0.10250875470090699,0.0,0.2,0.2,20.249999999999996,0.8,0.8,900.0,0.01,0.0,10,0.7,0.012777118,0.0712615717695142
13.540000000000001,900.642131143372,0.10342460339968418,0.0,0.2,0.2,20.249999999999996,0.8,0.8,900.0,0.01,0.0,10,0.7,0.010811781,0.07127468198195112
13.55,900.642021141687,0.10435895679830742,0.0,0.2,0.2,20.249999999999996,0.8,0.8,900.0,0.01,0.0,10,0.7,0.011224312,0.07126291460409985
13.56,900.6421359810606,0.105323471208632,0.0,0.2,0.2,20.249999999999996,0.8,0.8,900.0,0.01,0.0,10,0.7,0.012750568,0.07127548430658455
13.57,900.6420198468686,0.10630822556681978,0.0,0.2,0.2,20.249999999999996,0.8,0.8,900.0,0.01,0.0,10,0.7,0.011059451,0.07126296813605593
13.58,900.6421415399976,0.10732394886445988,0.0,0.2,0.2,20.249999999999996,0.8,0.8,900.0,0.01,0.0,10,0.7,0.010933812,0.07127205363239897
13.59,900.6420196073727,0.10836071370734554,0.0,0.2,0.2,20.249999999999996,0.8,0.8,900.0,0.01,0.0,10,0.7,0.013127119,0.0712450682785217
13.6,900.642148027948,0.10942833700981273,0.0,0.2,0.2,20.249999999999996,0.8,0.8,900.0,0.01,0.0,10,0.7,0.011192552,0.07125786124832646
13.61,900.6420206250124,0.11051729155347191,0.0,0.2,0.2,20.249999999999996,0.8,0.8,900.0,0.01,0.0,10,0.7,0.010876391,0.07123447170192762
13.620000000000001,900.6421553633819,0.11163465400349695,0.0,0.2,0.2,20.249999999999996,0.8,0.8,900.0,0.01,0.0,10,0.7,0.012987549,0.07125767739181485
13.63,900.6420228724955,0.1127738061925857,0.0,0.2,0.2,20.249999999999996,0.8,0.8,900.0,0.01,0.0,10,0.7,0.011003312,0.07123492072658602
13.64,900.6421635121319,0.1139395365220375,0.0,0.2,0.2,20.249999999999996,0.8,0.8,900.0,0.01,0.0,10,0.7,0.010927822,0.07125294941182068
13.65,900.6420262379045,0.11512560986714511,0.0,0.2,0.2,20.249999999999996,0.8,0.8,900.0,0.01,0.0,10,0.7,0.012586067,0.07123545004261354
13.66,900.6421724016388,0.11633568749636225,0.0,0.2,0.2,20.249999999999996,0.8,0.8,900.0,0.01,0.0,10,0.7,0.011194402,0.07126686450913765
13.67,900.6420305732028,0.11756325187114093,0.0,0.2,0.2,20.249999999999996,0.8,0.8,900.0,0.01,0.0,10,0.7,0.010966161,0.07124289392370857
13.68,900.6421819105478,0.11881085407019616,0.0,0.2,0.2,20.249999999999996,0.8,0.8,900.0,0.01,0.0,10,0.7,0.012637898,0.0712680845910905
13.69,900.6420356584224,0.12007213802335699,0.0,0.2,0.2,20.249999999999996,0.8,0.8,900.0,0.01,0.0,10,0.7,0.011162522,0.07124357742179721
13.700000000000001,900.6421918875634,0.12134896336078542,0.0,0.2,0.2,20.249999999999996,0.8,0.8,900.0,0.01,0.0,10,0.7,0.011095411,0.07127264748720548
13.71,900.6420413934179,0.12263414342501786,0.0,0.2,0.2,20.249999999999996,0.8,0.8,900.0,0.01,0.0,10,0.7,0.012457367,0.07124430695928462
13.72,900.6422022705658,0.12393031283831102,0.0,0.2,0.2,20.249999999999996,0.8,0.8,900.0,0.01,0.0,10,0.7,0.010926131,0.07127396641443175
13.73,900.6420476899348,0.12522818837432656,0.0,0.2,0.2,20.249999999999996,0.8,0.8,900.0,0.01,0.0,10,0.7,0.011083532,0.07123704859794562
13.74,900.642213076278,0.12653284999963116,0.0,0.2,0.2,20.249999999999996,0.8,0.8,900.0,0.01,0.0,10,0.7,0.012668987,0.07124626222294234
13.75,900.6420545968758,0.12783414654753888,0.0,0.2,0.2,20.249999999999996,0.8,0.8,900.0,0.01,0.0,10,0.7,0.010804951,0.07122686987581558
13.76,900.6422243695305,0.1291352616049961,0.0,0.2,0.2,20.249999999999996,0.8,0.8,900.0,0.01,0.0,10,0.7,0.011301033,0.07124765769642356
13.77,900.6420622785937,0.13042509778370037,0.0,0.2,0.2,20.249999999999996,0.8,0.8,900.0,0.01,0.0,10,0.7,0.012585068,0.07122983785793666
13.780000000000001,900.64223631993,0.13170663295288196,0.0,0.2,0.2,20.249999999999996,0.8,0.8,900.0,0.01,0.0,10,0.7,0.010971772,0.07124303870116531
13.790000000000001,900.6420709364505,0.13296916827074357,0.0,0.2,0.2,20.249999999999996,0.8,0.8,900.0,0.01,0.0,10,0.7,0.01069586,0.07123825275531832
13.8,900.6422490975754,0.13421440044436928,0.0,0.2,0.2,20.249999999999996,0.8,0.8,900.0,0.01,0.0,10,0.7,0.012998779,0.07126352104072388
13.81,900.6420806054372,0.13543237654708518,0.0,0.2,0.2,20.249999999999996,0.8,0.8,900.0,0.01,0.0,10,0.7,0.01074152,0.07123944462172421
13.82,900.6422627759696,0.13662437274949377,0.0,0.2,0.2,20.249999999999996,0.8,0.8,900.0,0.01,0.0,10,0.7,0.01079246,0.07125889195823129
13.83,900.6420912119397,0.13777911405249488,0.0,0.2,0.2,20.249999999999996,0.8,0.8,900.0,0.01,0.0,10,0.7,0.012667628,0.07124070603219895
13.84,900.6422772043891,0.1389005577691398,0.0,0.2,0.2,20.249999999999996,0.8,0.8,900.0,0.01,0.0,10,0.7,0.010882651,0.07126058183163556
13.85,900.6421025609661,0.13997650697071445,0.0,0.2,0.2,20.249999999999996,0.8,0.8,900.0,0.01,0.0,10,0.7,0.010831341,0.07123913461892166
13.86,900.6422921009575,0.14100994464146457,0.0,0.2,0.2,20.249999999999996,0.8,0.8,900.0,0.01,0.0,10,0.7,0.013076689,0.07125707968729511
13.870000000000001,900.6421142751915,0.14198843418454268,0.0,0.2,0.2,20.249999999999996,0.8,0.8,900.0,0.01,0.0,10,0.7,0.011076211,0.07123892303498792
13.88,900.6423070314813,0.14291525689575707,0.0,0.2,0.2,20.249999999999996,0.8,0.8,900.0,0.01,0.0,10,0.7,0.011137442,0.07125875266785239
13.89,900.6421258521251,0.14377868582053133,0.0,0.2,0.2,20.249999999999996,0.8,0.8,900.0,0.01,0.0,10,0.7,0.012432807,0.07123882051237385
13.9,900.6423215084419,0.14458215503782892,0.0,0.2,0.2,20.249999999999996,0.8,0.8,900.0,0.01,0.0,10,0.7,0.010909971,0.07126033974034786
13.91,900.6421367962669,0.1453149539930752,0.0,0.2,0.2,20.249999999999996,0.8,0.8,900.0,0.01,0.0,10,0.7,0.01095612,0.07129037445219256
13.92,900.6423350081742,0.14597888703645678,0.0,0.2,0.2,20.249999999999996,0.8,0.8,900.0,0.01,0.0,10,0.7,0.012377297,0.07126177094021006
13.93,900.6421465862379,0.14656837580428853,0.0,0.2,0.2,20.249999999999996,0.8,0.8,900.0,0.01,0.0,10,0.7,0.011453803,0.07129014935476921
13.94,900.6423470343346,0.14708382971237324,0.0,0.2,0.2,20.249999999999996,0.8,0.8,900.0,0.01,0.0,10,0.7,0.011018001,0.07126299459373615
13.950000000000001,900.6421547204277,0.14752277075699696,0.0,0.2,0.2,20.249999999999996,0.8,0.8,900.0,0.01,0.0,10,0.7,0.012400867,0.07129100441043129
13.96,900.6423571488854,0.14788555440939669,0.0,0.2,0.2,20.249999999999996,0.8,0.8,900.0,0.01,0.0,10,0.7,0.01071188,0.07126397571308754
13.97,900.6421608035027,0.148171474706145,0.0,0.2,0.2,20.249999999999996,0.8,0.8,900.0,0.01,0.0,10,0.7,0.011111692,0.07129032945608228
13.98,900.6423650355395,0.14838168944462493,0.0,0.2,0.2,20.249999999999996,0.8,0.8,900.0,0.01,0.0,10,0.7,0.012661757,0.07126469188721594
13.99,900.6421645969281,0.14851717279357268,0.0,0.2,0.2,20.249999999999996,0.8,0.8,900.0,0.01,0.0,10,0.7,0.010722531,0.07129066666554616
14.0,900.6423705650561,0.14857999537927902,0.0,0.2,0.2,20.249999999999996,0.8,0.8,900.0,0.01,0.0,10,0.7,0.010990611,0.07129312381052705
14.01,900.6421660474525,0.14857258063173903,0.0,0.2,0.2,20.249999999999996,0.8,0.8,900.0,0.01,0.0,10,0.7,0.012615907,0.07129646199160711
14.02,900.6423738030052,0.14849833248474487,0.0,0.2,0.2,20.249999999999996,0.8,0.8,900.0,0.01,0.0,10,0.7,0.010757781,0.07129335249506458
14.030000000000001,900.6421652662428,0.14836072781657805,0.0,0.2,0.2,20.249999999999996,0.8,0.8,900.0,0.01,0.0,10,0.7,0.011055631,0.07131041676644292
14.040000000000001,900.6423749600118,0.14816501925029552,0.0,0.2,0.2,20.249999999999996,0.8,0.8,900.0,0.01,0.0,10,0.7,0.012452627,0.0712933572519245
14.05,900.642162594985,0.14791646286829718,0.0,0.2,0.2,20.249999999999996,0.8,0.8,900.0,0.01,0.0,10,0.7,0.010988061,0.07129249539963103
14.06,900.6423744079998,0.14761907036154814,0.0,0.2,0.2,20.249999999999996,0.8,0.8,900.0,0.01,0.0,10,0.7,0.011023461,0.0712931823210113
14.07,900.6421586142525,0.14728118791123596,0.0,0.2,0.2,20.249999999999996,0.8,0.8,900.0,0.01,0.0,10,0.7,0.013513721,0.07129202445240693
14.08,900.6423726429136,0.14690483692737666,0.0,0.2,0.2,20.249999999999996,0.8,0.8,900.0,0.01,0.0,10,0.7,0.011050302,0.07128028092298758
14.09,900.6421536064938,0.146500558417548,0.0,0.2,0.2,20.249999999999996,0.8,0.8,900.0,0.01,0.0,10,0.7,0.010980831,0.07129145411652649
14.1,900.6423701096734,0.14606968440313703,0.0,0.2,0.2,20.249999999999996,0.8,0.8,900.0,0.01,0.0,10,0.7,0.013017349,0.07130433553187726
14.11,900.6421479303127,0.14562246452382563,0.0,0.2,0.2,20.249999999999996,0.8,0.8,900.0,0.01,0.0,10,0.7,0.010954011,0.07129208539383733
14.120000000000001,900.6423670687283,0.14516147655832148,0.0,0.2,0.2,20.249999999999996,0.8,0.8,900.0,0.01,0.0,10,0.7,0.010988361,0.07129897733171338
14.13,900.6421417699403,0.1446971703468988,0.0,0.2,0.2,20.249999999999996,0.8,0.8,900.0,0.01,0.0,10,0.7,0.012616478,0.07129138058294493
14.14,900.642363554033,0.1442312627266853,0.0,0.2,0.2,20.249999999999996,0.8,0.8,900.0,0.01,0.0,10,0.7,0.011032581,0.07129851992767718
14.15,900.6421350821328,0.1437744185180671,0.0,0.2,0.2,20.249999999999996,0.8,0.8,900.0,0.01,0.0,10,0.7,0.011133242,0.0712888730442052
14.16,900.6423594748483,0.14332650003047737,0.0,0.2,0.2,20.249999999999996,0.8,0.8,900.0,0.01,0.0,10,0.7,0.012436077,0.07131405190865067
14.17,900.6421277140495,0.142897746730683,0.0,0.2,0.2,20.249999999999996,0.8,0.8,900.0,0.01,0.0,10,0.7,0.011020361,0.07130863829971346
14.18,900.642354682196,0.1424863152871204,0.0,0.2,0.2,20.249999999999996,0.8,0.8,900.0,0.01,0.0,10,0.7,0.010932101,0.07128445710761756
14.19,900.6421195075511,0.14210203363282847,0.0,0.2,0.2,20.249999999999996,0.8,0.8,900.0,0.01,0.0,10,0.7,0.012699628,0.07130772287659726
14.200000000000001,900.6423490698909,0.14174245954645798,0.0,0.2,0.2,20.249999999999996,0.8,0.8,900.0,0.01,0.0,10,0.7,0.011394623,0.07128378535464167
14.21,900.6421104457723,0.14141544302112039,0.0,0.2,0.2,20.249999999999996,0.8,0.8,900.0,0.01,0.0,10,0.7,0.011119182,0.07132046702293408
14.22,900.6423427571015,0.14112024727894676,0.0,0.2,0.2,20.249999999999996,0.8,0.8,900.0,0.01,0.0,10,0.7,0.013014529,0.07128406638696431
14.23,900.6421008572529,0.14086392142545343,0.0,0.2,0.2,20.249999999999996,0.8,0.8,900.0,0.01,0.0,10,0.7,0.01059652,0.07131815576788177
14.24,900.6423362474249,0.14064208193892047,0.0,0.2,0.2,20.249999999999996,0.8,0.8,900.0,0.01,0.0,10,0.7,0.011066562,0.07128332176104278
14.25,900.6420913467005,0.14046346766959664,0.0,0.2,0.2,20.249999999999996,0.8,0.8,900.0,0.01,0.0,10,0.7,0.012580227,0.07130682219417725
14.26,900.6423302944208,0.14031839199172635,0.0,0.2,0.2,20.249999999999996,0.8,0.8,900.0,0.01,0.0,10,0.7,0.010661,0.07130678653084672
14.27,900.6420827884917,0.14021750728022883,0.0,0.2,0.2,20.249999999999996,0.8,0.8,900.0,0.01,0.0,10,0.7,0.010978562,0.0712885465224473
14.280000000000001,900.642325744512,0.14014480886577751,0.0,0.2,0.2,20.249999999999996,0.8,0.8,900.0,0.01,0.0,10,0.7,0.012494118,0.07130157685096776
14.290000000000001,900.6420760582417,0.14011789385850895,0.0,0.2,0.2,20.249999999999996,0.8,0.8,900.0,0.01,0.0,10,0.7,0.011218622,0.07128805689344667
14.3,900.6423234699226,0.1401175121559339,0.0,0.2,0.2,20.249999999999996,0.8,0.8,900.0,0.01,0.0,10,0.7,0.010847261,0.0713014029645005
14.31,900.6420719554176,0.14016074449867635,0.0,0.2,0.2,20.249999999999996,0.8,0.8,900.0,0.01,0.0,10,0.7,0.01327579,0.07130317352136448
14.32,900.6423240159666,0.1402265798539975,0.0,0.2,0.2,20.249999999999996,0.8,0.8,900.0,0.01,0.0,10,0.7,0.011012922,0.07130153918609397
14.33,900.6420706720238,0.1403327664937055,0.0,0.2,0.2,20.249999999999996,0.8,0.8,900.0,0.01,0.0,10,0.7,0.01062353,0.07130329917483022
14.34,900.642327209903,0.1404564152470544,0.0,0.2,0.2,20.249999999999996,0.8,0.8,900.0,0.01,0.0,10,0.7,0.013062919,0.07130192876333544
14.35,900.6420717314495,0.14061716074962213,0.0,0.2,0.2,20.249999999999996,0.8,0.8,900.0,0.01,0.0,10,0.7,0.010924381,0.07130362535683914
14.36,900.6423322031125,0.14079071042269622,0.0,0.2,0.2,20.249999999999996,0.8,0.8,900.0,0.01,0.0,10,0.7,0.010887301,0.07130245509023396
14.370000000000001,900.6420740170314,0.14099844958182492,0.0,0.2,0.2,20.249999999999996,0.8,0.8,900.0,0.01,0.0,10,0.7,0.012584177,0.07130401381723654
14.38,900.6423377140504,0.1412151023462653,0.0,0.2,0.2,20.249999999999996,0.8,0.8,900.0,0.01,0.0,10,0.7,0.011210462,0.07128823935477091
14.39,900.6420761019443,0.1414640288375992,0.0,0.2,0.2,20.249999999999996,0.8,0.8,900.0,0.01,0.0,10,0.7,0.010876381,0.07131010150476035
14.4,900.642342407818,0.1417185703917717,0.0,0.2,0.2,20.249999999999996,0.8,0.8,900.0,0.01,0.0,10,0.7,0.012358236,0.07128860951465699
14.41,900.642076824695,0.14200508817485946,0.0,0.2,0.2,20.249999999999996,0.8,0.8,900.0,0.01,0.0,10,0.7,0.011091052,0.07131029439171821
14.42,900.6423453381143,0.14229342852149823,0.0,0.2,0.2,20.249999999999996,0.8,0.8,900.0,0.01,0.0,10,0.7,0.010832371,0.07130246054931123
14.43,900.6420755022009,0.14261491914341737,0.0,0.2,0.2,20.249999999999996,0.8,0.8,900.0,0.01,0.0,10,0.7,0.012287666,0.07131025935043409
14.44,900.6423463223081,0.14293758328661008,0.0,0.2,0.2,20.249999999999996,0.8,0.8,900.0,0.01,0.0,10,0.7,0.010934581,0.07130247137102523
14.450000000000001,900.6420723746742,0.14329395683952484,0.0,0.2,0.2,20.249999999999996,0.8,0.8,900.0,0.01,0.0,10,0.7,0.011142282,0.07131131022249611
14.46,900.6423460304245,0.14365095822397347,0.0,0.2,0.2,20.249999999999996,0.8,0.8,900.0,0.01,0.0,10,0.7,0.012539127,0.07132307174108607
14.47,900.6420684356465,0.1440436908783723,0.0,0.2,0.2,20.249999999999996,0.8,0.8,900.0,0.01,0.0,10,0.7,0.010862831,0.07131111513148349
14.48,900.6423456759195,0.1444376421982578,0.0,0.2,0.2,20.249999999999996,0.8,0.8,900.0,0.01,0.0,10,0.7,0.011156942,0.0713029483852511
14.49,900.6420648779081,0.14486851574392628,0.0,0.2,0.2,20.249999999999996,0.8,0.8,900.0,0.01,0.0,10,0.7,0.012781028,0.07133309264507191
14.5,900.642346402902,0.14530332771612925,0.0,0.2,0.2,20.249999999999996,0.8,0.8,900.0,0.01,0.0,10,0.7,0.010949612,0.07126972777811016
14.51,900.6420627702826,0.14577403541531025,0.0,0.2,0.2,20.249999999999996,0.8,0.8,900.0,0.01,0.0,10,0.7,0.011329923,0.07131660697699321
14.52,900.6423488549259,0.1462540825783603,0.0,0.2,0.2,20.249999999999996,0.8,0.8,900.0,0.01,0.0,10,0.7,0.013012079,0.07127029354905566
14.530000000000001,900.6420626963185,0.14677606261265144,0.0,0.2,0.2,20.249999999999996,0.8,0.8,900.0,0.01,0.0,10,0.7,0.011154712,0.071316913416578
14.540000000000001,900.6423531818093,0.14731281217846956,0.0,0.2,0.2,20.249999999999996,0.8,0.8,900.0,0.01,0.0,10,0.7,0.010926831,0.07127101857963862
14.55,900.6420645265312,0.1479001885632973,0.0,0.2,0.2,20.249999999999996,0.8,0.8,900.0,0.01,0.0,10,0.7,0.012959069,0.07132536548323833
14.56,900.6423589954156,0.14850711753206705,0.0,0.2,0.2,20.249999999999996,0.8,0.8,900.0,0.01,0.0,10,0.7,0.010878281,0.07127185740484872
14.57,900.6420675926553,0.14917054031145102,0.0,0.2,0.2,20.249999999999996,0.8,0.8,900.0,0.01,0.0,10,0.7,0.010928461,0.0713259111568747
14.58,900.6423654348312,0.14985758274864117,0.0,0.2,0.2,20.249999999999996,0.8,0.8,900.0,0.01,0.0,10,0.7,0.012668228,0.07127592271250593
14.59,900.6420708791838,0.1506062093810544,0.0,0.2,0.2,20.249999999999996,0.8,0.8,900.0,0.01,0.0,10,0.7,0.010927471,0.07132642421638895
14.6,900.6423714472046,0.15138216651829087,0.0,0.2,0.2,20.249999999999996,0.8,0.8,900.0,0.01,0.0,10,0.7,0.011138012,0.0712766846916928
14.61,900.6420734087982,0.15222330358195274,0.0,0.2,0.2,20.249999999999996,0.8,0.8,900.0,0.01,0.0,10,0.7,0.012612887,0.0713268161737273
14.620000000000001,900.6423761907184,0.1530946121654917,0.0,0.2,0.2,20.249999999999996,0.8,0.8,900.0,0.01,0.0,10,0.7,0.010985792,0.07127728850944205
14.63,900.6420745655245,0.15403375879269485,0.0,0.2,0.2,20.249999999999996,0.8,0.8,900.0,0.01,0.0,10,0.7,0.011090781,0.07131780851695305
14.64,900.6423792432711,0.1550035639335931,0.0,0.2,0.2,20.249999999999996,0.8,0.8,900.0,0.01,0.0,10,0.7,0.012746748,0.0712816134036371
14.65,900.6420743321261,0.15604407374056425,0.0,0.2,0.2,20.249999999999996,0.8,0.8,900.0,0.01,0.0,10,0.7,0.011115212,0.07131796151992707
14.66,900.6423809750505,0.1571171936615091,0.0,0.2,0.2,20.249999999999996,0.8,0.8,900.0,0.01,0.0,10,0.7,0.011237542,0.07128192515661327
14.67,900.6420732687212,0.15826143042905555,0.0,0.2,0.2,20.249999999999996,0.8,0.8,900.0,0.01,0.0,10,0.7,0.012526627,0.07131806204246353
14.68,900.6423820914424,0.1594394932875272,0.0,0.2,0.2,20.249999999999996,0.8,0.8,900.0,0.01,0.0,10,0.7,0.010842681,0.07128221792374388
14.69,900.642072188236,0.1606869332421509,0.0,0.2,0.2,20.249999999999996,0.8,0.8,900.0,0.01,0.0,10,0.7,0.011236072,0.07131820537933588
14.700000000000001,900.6423834356643,0.16196731231020778,0.0,0.2,0.2,20.249999999999996,0.8,0.8,900.0,0.01,0.0,10,0.7,0.012758398,0.07126491494982297
14.71,900.6420718953577,0.1633117538377606,0.0,0.2,0.2,20.249999999999996,0.8,0.8,900.0,0.01,0.0,10,0.7,0.010963781,0.07129451739443189
14.72,900.6423855853131,0.1646852696312986,0.0,0.2,0.2,20.249999999999996,0.8,0.8,900.0,0.01,0.0,10,0.7,0.011028282,0.07126540936727907
14.73,900.6420728444541,0.16611685207977903,0.0,0.2,0.2,20.249999999999996,0.8,0.8,900.0,0.01,0.0,10,0.7,0.012735568,0.0712949536453372
14.74,900.642388778369,0.16757527328122684,0.0,0.2,0.2,20.249999999999996,0.8,0.8,900.0,0.01,0.0,10,0.7,0.01071756,0.07126600199489905
14.75,900.6420750703236,0.16908538502364476,0.0,0.2,0.2,20.249999999999996,0.8,0.8,900.0,0.01,0.0,10,0.7,0.01075744,0.07131024025940229
14.76,900.6423928918638,0.1706193777395665,0.0,0.2,0.2,20.249999999999996,0.8,0.8,900.0,0.01,0.0,10,0.7,0.012912809,0.07126814626350549
14.77,900.6420782058324,0.17219765271935975,0.0,0.2,0.2,20.249999999999996,0.8,0.8,900.0,0.01,0.0,10,0.7,0.011004191,0.07131086985243543
14.780000000000001,900.6423974441002,0.17379766506703936,0.0,0.2,0.2,20.249999999999996,0.8,0.8,900.0,0.01,0.0,10,0.7,0.011084952,0.07126882865904743
14.790000000000001,900.6420816880573,0.17543308715184455,0.0,0.2,0.2,20.249999999999996,0.8,0.8,900.0,0.01,0.0,10,0.7,0.012868199,0.07130351409636608
14.8,900.6424018520786,0.17708815465149358,0.0,0.2,0.2,20.249999999999996,0.8,0.8,900.0,0.01,0.0,10,0.7,0.010863401,0.07125699157809025
14.81,900.6420849265379,0.17876883940896923,0.0,0.2,0.2,20.249999999999996,0.8,0.8,900.0,0.01,0.0,10,0.7,0.010866261,0.07129664788662499
14.82,900.6424056558426,0.18046797350827368,0.0,0.2,0.2,20.249999999999996,0.8,0.8,900.0,0.01,0.0,10,0.7,0.01313157,0.0712379243535536
14.83,900.6420875452911,0.1821817174370174,0.0,0.2,0.2,20.249999999999996,0.8,0.8,900.0,0.01,0.0,10,0.7,0.011319453,0.07128414713691889
14.84,900.6424086415086,0.1839142915266794,0.0,0.2,0.2,20.249999999999996,0.8,0.8,900.0,0.01,0.0,10,0.7,0.010844501,0.07123843918827594
14.85,900.6420895339593,0.18565250567250566,0.0,0.2,0.2,20.249999999999996,0.8,0.8,900.0,0.01,0.0,10,0.7,0.012470837,0.0712845922416472
14.86,900.6424109526497,0.18740987145965926,0.0,0.2,0.2,20.249999999999996,0.8,0.8,900.0,0.01,0.0,10,0.7,0.010931501,0.07123889956832911
14.870000000000001,900.6420911640279,0.18916383042495757,0.0,0.2,0.2,20.249999999999996,0.8,0.8,900.0,0.01,0.0,10,0.7,0.011307033,0.07126856834832669
14.88,900.6424129083623,0.1909366788457713,0.0,0.2,0.2,20.249999999999996,0.8,0.8,900.0,0.01,0.0,10,0.7,0.012981499,0.07123934206508238
14.89,900.6420927944881,0.19269766687788512,0.0,0.2,0.2,20.249999999999996,0.8,0.8,900.0,0.01,0.0,10,0.7,0.010739151,0.07126905141276935
14.9,900.6424149057381,0.19447915705828742,0.0,0.2,0.2,20.249999999999996,0.8,0.8,900.0,0.01,0.0,10,0.7,0.011186852,0.07123980841535063
14.91,900.642094726784,0.19624033052234346,0.0,0.2,0.2,20.249999999999996,0.8,0.8,900.0,0.01,0.0,10,0.7,0.012448337,0.07126957546534313
14.92,900.6424171567795,0.19802482140687308,0.0,0.2,0.2,20.249999999999996,0.8,0.8,900.0,0.01,0.0,10,0.7,0.01081321,0.07124031372640624
14.93,900.6420970691927,0.19978110808786897,0.0,0.2,0.2,20.249999999999996,0.8,0.8,900.0,0.01,0.0,10,0.7,0.011199582,0.07127014428116955
14.94,900.6424196841758,0.20156441846028542,0.0,0.2,0.2,20.249999999999996,0.8,0.8,900.0,0.01,0.0,10,0.7,0.012687097,0.07124085143511172
14.950000000000001,900.6420997478554,0.20331231355180587,0.0,0.2,0.2,20.249999999999996,0.8,0.8,900.0,0.01,0.0,10,0.7,0.010746621,0.07127074199706616
14.96,900.6424223444702,0.20509165942480828,0.0,0.2,0.2,20.249999999999996,0.8,0.8,900.0,0.01,0.0,10,0.7,0.011334803,0.0712414005876458
14.97,900.6421025717137,0.20682877070296019,0.0,0.2,0.2,20.249999999999996,0.8,0.8,900.0,0.01,0.0,10,0.7,0.012443706,0.07127134636215517
14.98,900.6424249371813,0.2086022823159662,0.0,0.2,0.2,20.249999999999996,0.8,0.8,900.0,0.01,0.0,10,0.7,0.010965951,0.07124194017583342
14.99,900.6421053493946,0.21032743450664435,0.0,0.2,0.2,20.249999999999996,0.8,0.8,900.0,0.01,0.0,10,0.7,0.010748731,0.07127194029101222
15.0,900.6424273128993,0.21209456700878235,0.0,0.2,0.2,20.249999999999996,0.8,0.8,900.0,0.01,0.0,10,0.7,0.013200779,0.0712424598096107
