time,density,kinetic_energy,stiffness,fluid_viscosity,boundary_viscosity,fluid_depth,rest_density_grid_spacing,smoothing_length,rest_density,time_step_size,target_density_error,solver_iterations,relaxation_factor,time_step_wall_clock_time,predicted_density_error
15.0007,900.1387794699212,30.300707034521327,640000000.0,0.2,0.2,20.249999999999996,0.8,0.8,900.0,0.0013,0.0,0,0.0,0.01003971,0.0
15.001999999999999,900.1380194836363,31.562034816355922,640000000.0,0.2,0.2,20.249999999999996,0.8,0.8,900.0,0.0013,0.0,0,0.0,0.010747353,0.0
15.0033,900.1383634191357,32.13525963469312,640000000.0,0.2,0.2,20.249999999999996,0.8,0.8,900.0,0.0013,0.0,0,0.0,0.01331324,0.0
15.0046,900.1395645816733,31.62719579574742,640000000.0,0.2,0.2,20.249999999999996,0.8,0.8,900.0,0.0013,0.0,0,0.0,0.010069489,0.0
15.005899999999999,900.1384644064782,30.88196098632148,640000000.0,0.2,0.2,20.249999999999996,0.8,0.8,900.0,0.0013,0.0,0,0.0,0.010219551,0.0
15.0072,900.1321782215571,30.616559994959058,640000000.0,0.2,0.2,20.249999999999996,0.8,0.8,900.0,0.0013,0.0,0,0.0,0.013158968,0.0
15.0085,900.1261796556134,30.925376313247085,640000000.0,0.2,0.2,20.249999999999996,0.8,0.8,900.0,0.0013,0.0,0,0.0,0.010129711,0.0
15.009799999999998,900.1264859432488,30.134950743555308,640000000.0,0.2,0.2,20.249999999999996,0.8,0.8,900.0,0.0013,0.0,0,0.0,0.01019743,0.0
15.011099999999999,900.1250206473624,30.775991254554523,640000000.0,0.2,0.2,20.249999999999996,0.8,0.8,900.0,0.0013,0.0,0,0.0,0.013071567,0.0
15.0124,900.1200535475263,31.539231262055555,640000000.0,0.2,0.2,20.249999999999996,0.8,0.8,900.0,0.0013,0.0,0,0.0,0.009974529,0.0
15.0137,900.119488167402,32.007521117434855,640000000.0,0.2,0.2,20.249999999999996,0.8,0.8,900.0,0.0013,0.0,0,0.0,0.010282241,0.0
15.014999999999999,900.1219281837018,31.981550149757204,640000000.0,0.2,0.2,20.249999999999996,0.8,0.8,900.0,0.0013,0.0,0,0.0,0.013164478,0.0
15.0163,900.1201242629857,30.558534624544894,640000000.0,0.2,0.2,20.249999999999996,0.8,0.8,900.0,0.0013,0.0,0,0.0,0.009980719,0.0
15.0176,900.1175586167498,29.571674455208406,640000000.0,0.2,0.2,20.249999999999996,0.8,0.8,900.0,0.0013,0.0,0,0.0,0.01015477,0.0
15.018899999999999,900.1146763572759,29.905434329258767,640000000.0,0.2,0.2,20.249999999999996,0.8,0.8,900.0,0.0013,0.0,0,0.0,0.013091538,0.0
15.020199999999999,900.1145124691448,29.785165622669943,640000000.0,0.2,0.2,20.249999999999996,0.8,0.8,900.0,0.0013,0.0,0,0.0,0.009969839,0.0
15.0215,900.1130328045372,28.777409389599615,640000000.0,0.2,0.2,20.249999999999996,0.8,0.8,900.0,0.0013,0.0,0,0.0,0.01014505,0.0
15.0228,900.1089258766709,28.045192326859183,640000000.0,0.2,0.2,20.249999999999996,0.8,0.8,900.0,0.0013,0.0,0,0.0,0.013109578,0.0
15.024099999999999,900.1046343150126,28.88079243459348,640000000.0,0.2,0.2,20.249999999999996,0.8,0.8,900.0,0.0013,0.0,0,0.0,0.009951549,0.0
15.0254,900.105522371003,29.232910709539325,640000000.0,0.2,0.2,20.249999999999996,0.8,0.8,900.0,0.0013,0.0,0,0.0,0.01014251,0.0
15.0267,900.1081051509764,27.962226126742177,640000000.0,0.2,0.2,20.249999999999996,0.8,0.8,900.0,0.0013,0.0,0,0.0,0.013106678,0.0
15.027999999999999,900.1085649744227,27.557003286680704,640000000.0,0.2,0.2,20.249999999999996,0.8,0.8,900.0,0.0013,0.0,0,0.0,0.00997318,0.0
15.0293,900.1073237630279,27.453989859647514,640000000.0,0.2,0.2,20.249999999999996,0.8,0.8,900.0,0.0013,0.0,0,0.0,0.01015482,0.0
15.0306,900.1018720679457,27.832324818799428,640000000.0,0.2,0.2,20.249999999999996,0.8,0.8,900.0,0.0013,0.0,0,0.0,0.013280429,0.0
15.031899999999998,900.0982463647431,28.49110518072982,640000000.0,0.2,0.2,20.249999999999996,0.8,0.8,900.0,0.0013,0.0,0,0.0,0.009984469,0.0
15.033199999999999,900.0989651585384,27.767493484737372,640000000.0,0.2,0.2,20.249999999999996,0.8,0.8,900.0,0.0013,0.0,0,0.0,0.01010767,0.0
15.0345,900.0971506688395,26.996587811565707,640000000.0,0.2,0.2,20.249999999999996,0.8,0.8,900.0,0.0013,0.0,0,0.0,0.013143428,0.0
15.0358,900.0946820931063,26.918538042022277,640000000.0,0.2,0.2,20.249999999999996,0.8,0.8,900.0,0.0013,0.0,0,0.0,0.009992359,0.0
15.037099999999999,900.0948001220672,26.921285815652002,640000000.0,0.2,0.2,20.249999999999996,0.8,0.8,900.0,0.0013,0.0,0,0.0,0.0101509,0.0
15.0384,900.0960198711921,26.63598911724228,640000000.0,0.2,0.2,20.249999999999996,0.8,0.8,900.0,0.0013,0.0,0,0.0,0.013094008,0.0
15.0397,900.0947298639369,26.64049156607346,640000000.0,0.2,0.2,20.249999999999996,0.8,0.8,900.0,0.0013,0.0,0,0.0,0.01001987,0.0
15.040999999999999,900.0958105206475,26.474594899108244,640000000.0,0.2,0.2,20.249999999999996,0.8,0.8,900.0,0.0013,0.0,0,0.0,0.01012387,0.0
15.0423,900.0948221460543,26.136977641581595,640000000.0,0.2,0.2,20.249999999999996,0.8,0.8,900.0,0.0013,0.0,0,0.0,0.013089477,0.0
15.0436,900.0918567193467,26.718570256581078,640000000.0,0.2,0.2,20.249999999999996,0.8,0.8,900.0,0.0013,0.0,0,0.0,0.009964999,0.0
15.0449,900.0907099309372,26.379519745023604,640000000.0,0.2,0.2,20.249999999999996,0.8,0.8,900.0,0.0013,0.0,0,0.0,0.01018018,0.0
15.046199999999999,900.0925459821119,26.301632549651288,640000000.0,0.2,0.2,20.249999999999996,0.8,0.8,900.0,0.0013,0.0,0,0.0,0.013076997,0.0
15.0475,900.0906159501924,25.744474244107597,640000000.0,0.2,0.2,20.249999999999996,0.8,0.8,900.0,0.0013,0.0,0,0.0,0.009993989,0.0
15.0488,900.0901901678786,25.760455643987356,640000000.0,0.2,0.2,20.249999999999996,0.8,0.8,900.0,0.0013,0.0,0,0.0,0.010419842,0.0
15.050099999999999,900.0907769779283,25.043949616434045,640000000.0,0.2,0.2,20.249999999999996,0.8,0.8,900.0,0.0013,0.0,0,0.0,0.013141158,0.0
15.0514,900.0898173700126,24.995529863548413,640000000.0,0.2,0.2,20.249999999999996,0.8,0.8,900.0,0.0013,0.0,0,0.0,0.009984759,0.0
15.0527,900.0879789673056,24.96326670714458,640000000.0,0.2,0.2,20.249999999999996,0.8,0.8,900.0,0.0013,0.0,0,0.0,0.010149451,0.0
15.053999999999998,900.086824683838,24.439057824812412,640000000.0,0.2,0.2,20.249999999999996,0.8,0.8,900.0,0.0013,0.0,0,0.0,0.013115618,0.0
15.055299999999999,900.0878704572872,24.163561904597362,640000000.0,0.2,0.2,20.249999999999996,0.8,0.8,900.0,0.0013,0.0,0,0.0,0.010004309,0.0
15.0566,900.0907631288634,23.475722864066586,640000000.0,0.2,0.2,20.249999999999996,0.8,0.8,900.0,0.0013,0.0,0,0.0,0.01017022,0.0
15.0579,900.0886576159025,24.103441547463575,640000000.0,0.2,0.2,20.249999999999996,0.8,0.8,900.0,0.0013,0.0,0,0.0,0.013123307,0.0
15.059199999999999,900.0878505681052,24.292981839815464,640000000.0,0.2,0.2,20.249999999999996,0.8,0.8,900.0,0.0013,0.0,0,0.0,0.010028669,0.0
15.0605,900.0901745033982,24.22308475271661,640000000.0,0.2,0.2,20.249999999999996,0.8,0.8,900.0,0.0013,0.0,0,0.0,0.010815693,0.0
15.0618,900.0902521116417,24.384627776470587,640000000.0,0.2,0.2,20.249999999999996,0.8,0.8,900.0,0.0013,0.0,0,0.0,0.013126108,0.0
15.063099999999999,900.0877363354296,24.12265321445065,640000000.0,0.2,0.2,20.249999999999996,0.8,0.8,900.0,0.0013,0.0,0,0.0,0.009914369,0.0
15.0644,900.0893928527292,24.250163294478234,640000000.0,0.2,0.2,20.249999999999996,0.8,0.8,900.0,0.0013,0.0,0,0.0,0.01007372,0.0
15.0657,900.0886620271401,23.567692381723806,640000000.0,0.2,0.2,20.249999999999996,0.8,0.8,900.0,0.0013,0.0,0,0.0,0.013030927,0.0
15.067,900.0851245371352,23.94583713927842,640000000.0,0.2,0.2,20.249999999999996,0.8,0.8,900.0,0.0013,0.0,0,0.0,0.010021069,0.0
15.068299999999999,900.0832673107802,23.835458433807755,640000000.0,0.2,0.2,20.249999999999996,0.8,0.8,900.0,0.0013,0.0,0,0.0,0.01019707,0.0
15.0696,900.0819791688508,23.36434094689068,640000000.0,0.2,0.2,20.249999999999996,0.8,0.8,900.0,0.0013,0.0,0,0.0,0.013034167,0.0
15.0709,900.0800723264227,23.834801785412107,640000000.0,0.2,0.2,20.249999999999996,0.8,0.8,900.0,0.0013,0.0,0,0.0,0.01001815,0.0
15.072199999999999,900.0852740158933,23.656896906022222,640000000.0,0.2,0.2,20.249999999999996,0.8,0.8,900.0,0.0013,0.0,0,0.0,0.01008557,0.0
15.0735,900.0882502994835,22.6988895533605,640000000.0,0.2,0.2,20.249999999999996,0.8,0.8,900.0,0.0013,0.0,0,0.0,0.013046667,0.0
15.0748,900.0870507593194,23.056156281338655,640000000.0,0.2,0.2,20.249999999999996,0.8,0.8,900.0,0.0013,0.0,0,0.0,0.009918058,0.0
15.076099999999999,900.0871000087297,23.746856434763423,640000000.0,0.2,0.2,20.249999999999996,0.8,0.8,900.0,0.0013,0.0,0,0.0,0.01009845,0.0
15.077399999999999,900.0874000400281,23.03682033260439,640000000.0,0.2,0.2,20.249999999999996,0.8,0.8,900.0,0.0013,0.0,0,0.0,0.013083428,0.0
15.0787,900.0866786231668,23.46674870602042,640000000.0,0.2,0.2,20.249999999999996,0.8,0.8,900.0,0.0013,0.0,0,0.0,0.009936619,0.0
15.08,900.0883678699684,23.721584716041853,640000000.0,0.2,0.2,20.249999999999996,0.8,0.8,900.0,0.0013,0.0,0,0.0,0.010082309,0.0
15.081299999999999,900.0884375099866,23.28150917320408,640000000.0,0.2,0.2,20.249999999999996,0.8,0.8,900.0,0.0013,0.0,0,0.0,0.013020428,0.0
15.0826,900.087063176973,23.60004948509728,640000000.0,0.2,0.2,20.249999999999996,0.8,0.8,900.0,0.0013,0.0,0,0.0,0.009902529,0.0
15.0839,900.0900616307513,23.678008145751143,640000000.0,0.2,0.2,20.249999999999996,0.8,0.8,900.0,0.0013,0.0,0,0.0,0.01009482,0.0
15.085199999999999,900.0901449176426,23.960105244250187,640000000.0,0.2,0.2,20.249999999999996,0.8,0.8,900.0,0.0013,0.0,0,0.0,0.013040378,0.0
15.0865,900.0895656140779,24.125346172000732,640000000.0,0.2,0.2,20.249999999999996,0.8,0.8,900.0,0.0013,0.0,0,0.0,0.010000159,0.0
15.0878,900.0875790980168,24.05704478571416,640000000.0,0.2,0.2,20.249999999999996,0.8,0.8,900.0,0.0013,0.0,0,0.0,0.010096289,0.0
15.0891,900.0882614232503,24.83585573032324,640000000.0,0.2,0.2,20.249999999999996,0.8,0.8,900.0,0.0013,0.0,0,0.0,0.013022117,0.0
15.090399999999999,900.0932107243545,23.77295138799185,640000000.0,0.2,0.2,20.249999999999996,0.8,0.8,900.0,0.0013,0.0,0,0.0,0.01001727,0.0
15.0917,900.0905697568386,23.797163732801614,640000000.0,0.2,0.2,20.249999999999996,0.8,0.8,900.0,0.0013,0.0,0,0.0,0.01012411,0.0
15.093,900.0851897280731,24.866150642773615,640000000.0,0.2,0.2,20.249999999999996,0.8,0.8,900.0,0.0013,0.0,0,0.0,0.013063777,0.0
15.094299999999999,900.0843962545589,24.896909427461075,640000000.0,0.2,0.2,20.249999999999996,0.8,0.8,900.0,0.0013,0.0,0,0.0,0.009935898,0.0
15.0956,900.0871082360816,24.88431042901226,640000000.0,0.2,0.2,20.249999999999996,0.8,0.8,900.0,0.0013,0.0,0,0.0,0.010078619,0.0
15.0969,900.0943061597036,24.753568668240288,640000000.0,0.2,0.2,20.249999999999996,0.8,0.8,900.0,0.0013,0.0,0,0.0,0.013092607,0.0
15.098199999999999,900.0973890064926,24.165291500317036,640000000.0,0.2,0.2,20.249999999999996,0.8,0.8,900.0,0.0013,0.0,0,0.0,0.009959689,0.0
15.099499999999999,900.0947147069111,23.997899493110957,640000000.0,0.2,0.2,20.249999999999996,0.8,0.8,900.0,0.0013,0.0,0,0.0,0.010232991,0.0
15.1008,900.0919373883094,24.381936204782367,640000000.0,0.2,0.2,20.249999999999996,0.8,0.8,900.0,0.0013,0.0,0,0.0,0.013099078,0.0
15.1021,900.0888729874945,25.061567267976198,640000000.0,0.2,0.2,20.249999999999996,0.8,0.8,900.0,0.0013,0.0,0,0.0,0.009970658,0.0
15.103399999999999,900.091932793802,24.919829536972987,640000000.0,0.2,0.2,20.249999999999996,0.8,0.8,900.0,0.0013,0.0,0,0.0,0.01018887,0.0
15.1047,900.0960730508766,24.658509333186355,640000000.0,0.2,0.2,20.249999999999996,0.8,0.8,900.0,0.0013,0.0,0,0.0,0.013146287,0.0
15.106,900.0994417680641,24.50353908398238,640000000.0,0.2,0.2,20.249999999999996,0.8,0.8,900.0,0.0013,0.0,0,0.0,0.010007949,0.0
15.107299999999999,900.100083344537,24.83093070078549,640000000.0,0.2,0.2,20.249999999999996,0.8,0.8,900.0,0.0013,0.0,0,0.0,0.01021636,0.0
15.1086,900.1014746944683,25.141368058513923,640000000.0,0.2,0.2,20.249999999999996,0.8,0.8,900.0,0.0013,0.0,0,0.0,0.013096848,0.0
15.1099,900.1028589285052,24.79266646993514,640000000.0,0.2,0.2,20.249999999999996,0.8,0.8,900.0,0.0013,0.0,0,0.0,0.01004575,0.0
15.1112,900.1040538299894,24.64090592797619,640000000.0,0.2,0.2,20.249999999999996,0.8,0.8,900.0,0.0013,0.0,0,0.0,0.010112279,0.0
15.112499999999999,900.1008394369851,25.210315464495423,640000000.0,0.2,0.2,20.249999999999996,0.8,0.8,900.0,0.0013,0.0,0,0.0,0.013150048,0.0
15.1138,900.1040391055731,25.96962480627745,640000000.0,0.2,0.2,20.249999999999996,0.8,0.8,900.0,0.0013,0.0,0,0.0,0.009950899,0.0
15.1151,900.1054004496591,26.01667693285789,640000000.0,0.2,0.2,20.249999999999996,0.8,0.8,900.0,0.0013,0.0,0,0.0,0.01012245,0.0
15.116399999999999,900.1034766672718,26.39004911126772,640000000.0,0.2,0.2,20.249999999999996,0.8,0.8,900.0,0.0013,0.0,0,0.0,0.013170328,0.0
15.1177,900.1020884103026,26.904311749006297,640000000.0,0.2,0.2,20.249999999999996,0.8,0.8,900.0,0.0013,0.0,0,0.0,0.01001302,0.0
15.119,900.1060787380047,26.492617749180155,640000000.0,0.2,0.2,20.249999999999996,0.8,0.8,900.0,0.0013,0.0,0,0.0,0.01019281,0.0
15.120299999999999,900.1118945301506,26.179770345421122,640000000.0,0.2,0.2,20.249999999999996,0.8,0.8,900.0,0.0013,0.0,0,0.0,0.013101997,0.0
15.121599999999999,900.1139184393357,25.599812983532264,640000000.0,0.2,0.2,20.249999999999996,0.8,0.8,900.0,0.0013,0.0,0,0.0,0.010060589,0.0
15.1229,900.1153615009918,26.912774887026508,640000000.0,0.2,0.2,20.249999999999996,0.8,0.8,900.0,0.0013,0.0,0,0.0,0.010204151,0.0
15.1242,900.1165671705994,27.772034915383838,640000000.0,0.2,0.2,20.249999999999996,0.8,0.8,900.0,0.0013,0.0,0,0.0,0.013077097,0.0
15.125499999999999,900.1152630158724,27.628157215881327,640000000.0,0.2,0.2,20.249999999999996,0.8,0.8,900.0,0.0013,0.0,0,0.0,0.009939608,0.0
15.1268,900.1154955869043,27.821293580296363,640000000.0,0.2,0.2,20.249999999999996,0.8,0.8,900.0,0.0013,0.0,0,0.0,0.010275831,0.0
15.1281,900.1125383166014,28.471134633174,640000000.0,0.2,0.2,20.249999999999996,0.8,0.8,900.0,0.0013,0.0,0,0.0,0.013098988,0.0
15.129399999999999,900.1169118210992,28.344097622884405,640000000.0,0.2,0.2,20.249999999999996,0.8,0.8,900.0,0.0013,0.0,0,0.0,0.010251891,0.0
15.1307,900.1206975950674,27.873441891508584,640000000.0,0.2,0.2,20.249999999999996,0.8,0.8,900.0,0.0013,0.0,0,0.0,0.010359122,0.0
15.132,900.1139664739159,28.721031364605132,640000000.0,0.2,0.2,20.249999999999996,0.8,0.8,900.0,0.0013,0.0,0,0.0,0.013253159,0.0
15.133299999999998,900.1148694778775,29.652181304951817,640000000.0,0.2,0.2,20.249999999999996,0.8,0.8,900.0,0.0013,0.0,0,0.0,0.01009864,0.0
15.134599999999999,900.1174392763534,28.749618581629196,640000000.0,0.2,0.2,20.249999999999996,0.8,0.8,900.0,0.0013,0.0,0,0.0,0.012225232,0.0
15.1359,900.116979573592,28.819265990056337,640000000.0,0.2,0.2,20.249999999999996,0.8,0.8,900.0,0.0013,0.0,0,0.0,0.01518877,0.0
15.1372,900.117639189321,29.368708063843894,640000000.0,0.2,0.2,20.249999999999996,0.8,0.8,900.0,0.0013,0.0,0,0.0,0.010039639,0.0
15.138499999999999,900.1254906747436,29.546731023107853,640000000.0,0.2,0.2,20.249999999999996,0.8,0.8,900.0,0.0013,0.0,0,0.0,0.010206191,0.0
15.1398,900.1301073784418,29.101761241924386,640000000.0,0.2,0.2,20.249999999999996,0.8,0.8,900.0,0.0013,0.0,0,0.0,0.013059627,0.0
15.1411,900.126890914937,29.237702030723586,640000000.0,0.2,0.2,20.249999999999996,0.8,0.8,900.0,0.0013,0.0,0,0.0,0.009999439,0.0
15.142399999999999,900.1299751762774,30.537218589980927,640000000.0,0.2,0.2,20.249999999999996,0.8,0.8,900.0,0.0013,0.0,0,0.0,0.01014487,0.0
15.143699999999999,900.1361446678865,29.568597008680626,640000000.0,0.2,0.2,20.249999999999996,0.8,0.8,900.0,0.0013,0.0,0,0.0,0.013151508,0.0
15.145,900.1345190504417,29.32399936468495,640000000.0,0.2,0.2,20.249999999999996,0.8,0.8,900.0,0.0013,0.0,0,0.0,0.009933559,0.0
15.1463,900.1379908127304,30.257883671937044,640000000.0,0.2,0.2,20.249999999999996,0.8,0.8,900.0,0.0013,0.0,0,0.0,0.010099209,0.0
15.147599999999999,900.1434379952364,29.47149091232386,640000000.0,0.2,0.2,20.249999999999996,0.8,0.8,900.0,0.0013,0.0,0,0.0,0.013078517,0.0
15.1489,900.1424503779712,29.14142263274754,640000000.0,0.2,0.2,20.249999999999996,0.8,0.8,900.0,0.0013,0.0,0,0.0,0.009934238,0.0
15.1502,900.1368607457118,30.467351722096605,640000000.0,0.2,0.2,20.249999999999996,0.8,0.8,900.0,0.0013,0.0,0,0.0,0.01010731,0.0
15.151499999999999,900.1342799060536,31.32139150663317,640000000.0,0.2,0.2,20.249999999999996,0.8,0.8,900.0,0.0013,0.0,0,0.0,0.013074408,0.0
15.1528,900.1352157137183,32.242575364202175,640000000.0,0.2,0.2,20.249999999999996,0.8,0.8,900.0,0.0013,0.0,0,0.0,0.009910869,0.0
15.1541,900.1419585222435,31.11623817859254,640000000.0,0.2,0.2,20.249999999999996,0.8,0.8,900.0,0.0013,0.0,0,0.0,0.01009669,0.0
15.155399999999998,900.1398893259626,30.216330853430154,640000000.0,0.2,0.2,20.249999999999996,0.8,0.8,900.0,0.0013,0.0,0,0.0,0.013067058,0.0
15.156699999999999,900.1395580293267,31.43323717093369,640000000.0,0.2,0.2,20.249999999999996,0.8,0.8,900.0,0.0013,0.0,0,0.0,0.009933089,0.0
15.158,900.1419310727999,32.49418427697772,640000000.0,0.2,0.2,20.249999999999996,0.8,0.8,900.0,0.0013,0.0,0,0.0,0.01007866,0.0
15.1593,900.1428101915524,32.948043116560676,640000000.0,0.2,0.2,20.249999999999996,0.8,0.8,900.0,0.0013,0.0,0,0.0,0.013084767,0.0
15.160599999999999,900.1437301194403,32.856871569903575,640000000.0,0.2,0.2,20.249999999999996,0.8,0.8,900.0,0.0013,0.0,0,0.0,0.009888318,0.0
15.1619,900.1466994141722,32.69443681077933,640000000.0,0.2,0.2,20.249999999999996,0.8,0.8,900.0,0.0013,0.0,0,0.0,0.010113999,0.0
15.1632,900.1502949070685,32.76400281143657,640000000.0,0.2,0.2,20.249999999999996,0.8,0.8,900.0,0.0013,0.0,0,0.0,0.013050297,0.0
15.164499999999999,900.1537204187929,32.769919199199606,640000000.0,0.2,0.2,20.249999999999996,0.8,0.8,900.0,0.0013,0.0,0,0.0,0.009920929,0.0
15.165799999999999,900.1568062896043,32.38999035895803,640000000.0,0.2,0.2,20.249999999999996,0.8,0.8,900.0,0.0013,0.0,0,0.0,0.01009361,0.0
15.1671,900.1568825035358,32.22422813760344,640000000.0,0.2,0.2,20.249999999999996,0.8,0.8,900.0,0.0013,0.0,0,0.0,0.013031017,0.0
15.1684,900.1582609469291,31.94068959632407,640000000.0,0.2,0.2,20.249999999999996,0.8,0.8,900.0,0.0013,0.0,0,0.0,0.009914458,0.0
15.169699999999999,900.1544446749624,31.02161318943949,640000000.0,0.2,0.2,20.249999999999996,0.8,0.8,900.0,0.0013,0.0,0,0.0,0.01010571,0.0
15.171,900.1495059803586,31.484883246318503,640000000.0,0.2,0.2,20.249999999999996,0.8,0.8,900.0,0.0013,0.0,0,0.0,0.013049997,0.0
15.1723,900.1480135417708,32.74900886769796,640000000.0,0.2,0.2,20.249999999999996,0.8,0.8,900.0,0.0013,0.0,0,0.0,0.009941669,0.0
15.173599999999999,900.147893125082,31.840862284662595,640000000.0,0.2,0.2,20.249999999999996,0.8,0.8,900.0,0.0013,0.0,0,0.0,0.01008463,0.0
15.1749,900.1469809148281,32.818897374250504,640000000.0,0.2,0.2,20.249999999999996,0.8,0.8,900.0,0.0013,0.0,0,0.0,0.013051957,0.0
15.1762,900.1502100484158,32.578349602222,640000000.0,0.2,0.2,20.249999999999996,0.8,0.8,900.0,0.0013,0.0,0,0.0,0.009907369,0.0
15.177499999999998,900.1514287698627,32.10660623834163,640000000.0,0.2,0.2,20.249999999999996,0.8,0.8,900.0,0.0013,0.0,0,0.0,0.01009238,0.0
15.178799999999999,900.1497463594009,31.75781884820939,640000000.0,0.2,0.2,20.249999999999996,0.8,0.8,900.0,0.0013,0.0,0,0.0,0.013053838,0.0
15.1801,900.1441513429917,31.463952661081468,640000000.0,0.2,0.2,20.249999999999996,0.8,0.8,900.0,0.0013,0.0,0,0.0,0.009931529,0.0
15.1814,900.1349302032087,33.096323091828985,640000000.0,0.2,0.2,20.249999999999996,0.8,0.8,900.0,0.0013,0.0,0,0.0,0.01008539,0.0
15.182699999999999,900.1325898975014,33.58442619811598,640000000.0,0.2,0.2,20.249999999999996,0.8,0.8,900.0,0.0013,0.0,0,0.0,0.013060408,0.0
15.184,900.1376495297775,32.49689200332899,640000000.0,0.2,0.2,20.249999999999996,0.8,0.8,900.0,0.0013,0.0,0,0.0,0.009912639,0.0
15.1853,900.1397784331517,32.13348074487765,640000000.0,0.2,0.2,20.249999999999996,0.8,0.8,900.0,0.0013,0.0,0,0.0,0.01009534,0.0
15.186599999999999,900.1410036189562,31.57022593212887,640000000.0,0.2,0.2,20.249999999999996,0.8,0.8,900.0,0.0013,0.0,0,0.0,0.013038478,0.0
15.187899999999999,900.1362005038523,32.178759422764884,640000000.0,0.2,0.2,20.249999999999996,0.8,0.8,900.0,0.0013,0.0,0,0.0,0.009923769,0.0
15.1892,900.1364248712766,32.764377155130894,640000000.0,0.2,0.2,20.249999999999996,0.8,0.8,900.0,0.0013,0.0,0,0.0,0.01007444,0.0
15.1905,900.1436134712429,32.10364357625853,640000000.0,0.2,0.2,20.249999999999996,0.8,0.8,900.0,0.0013,0.0,0,0.0,0.013078207,0.0
15.191799999999999,900.1441369038471,31.02073640561964,640000000.0,0.2,0.2,20.249999999999996,0.8,0.8,900.0,0.0013,0.0,0,0.0,0.009913419,0.0
15.1931,900.1422419889049,32.41945874308256,640000000.0,0.2,0.2,20.249999999999996,0.8,0.8,900.0,0.0013,0.0,0,0.0,0.010087319,0.0
15.1944,900.1433077454603,31.7459762361551,640000000.0,0.2,0.2,20.249999999999996,0.8,0.8,900.0,0.0013,0.0,0,0.0,0.013030917,0.0
15.195699999999999,900.1397251846985,31.925359113475558,640000000.0,0.2,0.2,20.249999999999996,0.8,0.8,900.0,0.0013,0.0,0,0.0,0.009912479,0.0
15.197,900.1421548734429,31.930430665604415,640000000.0,0.2,0.2,20.249999999999996,0.8,0.8,900.0,0.0013,0.0,0,0.0,0.01007955,0.0
15.1983,900.1412058333822,30.284645022669185,640000000.0,0.2,0.2,20.249999999999996,0.8,0.8,900.0,0.0013,0.0,0,0.0,0.013053897,0.0
15.199599999999998,900.1370677323017,31.14126834870857,640000000.0,0.2,0.2,20.249999999999996,0.8,0.8,900.0,0.0013,0.0,0,0.0,0.009911949,0.0
15.200899999999999,900.1371439580192,31.715039502161307,640000000.0,0.2,0.2,20.249999999999996,0.8,0.8,900.0,0.0013,0.0,0,0.0,0.01008857,0.0
15.2022,900.1416201624872,31.519656228813243,640000000.0,0.2,0.2,20.249999999999996,0.8,0.8,900.0,0.0013,0.0,0,0.0,0.013017057,0.0
15.2035,900.1445300335524,31.12373220030201,640000000.0,0.2,0.2,20.249999999999996,0.8,0.8,900.0,0.0013,0.0,0,0.0,0.009915259,0.0
15.204799999999999,900.1424656995973,29.84746158166586,640000000.0,0.2,0.2,20.249999999999996,0.8,0.8,900.0,0.0013,0.0,0,0.0,0.01007998,0.0
15.2061,900.1370390487416,30.95066508387907,640000000.0,0.2,0.2,20.249999999999996,0.8,0.8,900.0,0.0013,0.0,0,0.0,0.013045698,0.0
15.2074,900.1351648875607,31.496226558708397,640000000.0,0.2,0.2,20.249999999999996,0.8,0.8,900.0,0.0013,0.0,0,0.0,0.009921839,0.0
15.208699999999999,900.1302199376064,31.663094959782903,640000000.0,0.2,0.2,20.249999999999996,0.8,0.8,900.0,0.0013,0.0,0,0.0,0.01010171,0.0
15.209999999999999,900.1268407709289,31.511282674515066,640000000.0,0.2,0.2,20.249999999999996,0.8,0.8,900.0,0.0013,0.0,0,0.0,0.013043467,0.0
15.2113,900.1258444109343,31.072374096703335,640000000.0,0.2,0.2,20.249999999999996,0.8,0.8,900.0,0.0013,0.0,0,0.0,0.009904959,0.0
15.2126,900.1268788407007,31.0222729209594,640000000.0,0.2,0.2,20.249999999999996,0.8,0.8,900.0,0.0013,0.0,0,0.0,0.010086729,0.0
15.213899999999999,900.1238756324094,30.16878890210167,640000000.0,0.2,0.2,20.249999999999996,0.8,0.8,900.0,0.0013,0.0,0,0.0,0.013048558,0.0
15.2152,900.1235273145404,30.039994898571365,640000000.0,0.2,0.2,20.249999999999996,0.8,0.8,900.0,0.0013,0.0,0,0.0,0.009897299,0.0
15.2165,900.1269728109277,28.715340722859374,640000000.0,0.2,0.2,20.249999999999996,0.8,0.8,900.0,0.0013,0.0,0,0.0,0.0100924,0.0
15.217799999999999,900.1262883746103,29.024015635498248,640000000.0,0.2,0.2,20.249999999999996,0.8,0.8,900.0,0.0013,0.0,0,0.0,0.013053357,0.0
15.2191,900.1245526510484,29.404452966791776,640000000.0,0.2,0.2,20.249999999999996,0.8,0.8,900.0,0.0013,0.0,0,0.0,0.009931179,0.0
15.2204,900.1201826343384,29.37996454846567,640000000.0,0.2,0.2,20.249999999999996,0.8,0.8,900.0,0.0013,0.0,0,0.0,0.01010923,0.0
15.221699999999998,900.115195433278,29.52940795659162,640000000.0,0.2,0.2,20.249999999999996,0.8,0.8,900.0,0.0013,0.0,0,0.0,0.013075377,0.0
15.222999999999999,900.1105308792103,30.454218607935527,640000000.0,0.2,0.2,20.249999999999996,0.8,0.8,900.0,0.0013,0.0,0,0.0,0.009957199,0.0
15.2243,900.1123563741816,29.876392413662426,640000000.0,0.2,0.2,20.249999999999996,0.8,0.8,900.0,0.0013,0.0,0,0.0,0.01016741,0.0
15.2256,900.113841603761,28.586871107236615,640000000.0,0.2,0.2,20.249999999999996,0.8,0.8,900.0,0.0013,0.0,0,0.0,0.013081137,0.0
15.226899999999999,900.111908641064,29.049219500513857,640000000.0,0.2,0.2,20.249999999999996,0.8,0.8,900.0,0.0013,0.0,0,0.0,0.009943829,0.0
15.2282,900.1101059566245,29.462387297858196,640000000.0,0.2,0.2,20.249999999999996,0.8,0.8,900.0,0.0013,0.0,0,0.0,0.01010427,0.0
15.2295,900.1098174733021,29.371748957976262,640000000.0,0.2,0.2,20.249999999999996,0.8,0.8,900.0,0.0013,0.0,0,0.0,0.013092348,0.0
15.230799999999999,900.110381625417,28.669262123716194,640000000.0,0.2,0.2,20.249999999999996,0.8,0.8,900.0,0.0013,0.0,0,0.0,0.009914469,0.0
15.232099999999999,900.1069029892074,27.26982529797626,640000000.0,0.2,0.2,20.249999999999996,0.8,0.8,900.0,0.0013,0.0,0,0.0,0.01009529,0.0
15.2334,900.1022948947655,27.275706968432473,640000000.0,0.2,0.2,20.249999999999996,0.8,0.8,900.0,0.0013,0.0,0,0.0,0.013049017,0.0
15.2347,900.1025743406191,26.93018291191418,640000000.0,0.2,0.2,20.249999999999996,0.8,0.8,900.0,0.0013,0.0,0,0.0,0.009927399,0.0
15.235999999999999,900.1038013173458,27.143684422724526,640000000.0,0.2,0.2,20.249999999999996,0.8,0.8,900.0,0.0013,0.0,0,0.0,0.010078249,0.0
15.2373,900.1045977388495,26.990665912630597,640000000.0,0.2,0.2,20.249999999999996,0.8,0.8,900.0,0.0013,0.0,0,0.0,0.013059577,0.0
15.2386,900.1017467839822,26.48116659331662,640000000.0,0.2,0.2,20.249999999999996,0.8,0.8,900.0,0.0013,0.0,0,0.0,0.009907509,0.0
15.239899999999999,900.099919498988,26.54218854761611,640000000.0,0.2,0.2,20.249999999999996,0.8,0.8,900.0,0.0013,0.0,0,0.0,0.010092899,0.0
15.2412,900.0974565110612,26.394061880065273,640000000.0,0.2,0.2,20.249999999999996,0.8,0.8,900.0,0.0013,0.0,0,0.0,0.013040217,0.0
15.2425,900.095573886219,26.43434983902444,640000000.0,0.2,0.2,20.249999999999996,0.8,0.8,900.0,0.0013,0.0,0,0.0,0.009929959,0.0
15.243799999999998,900.0957529130735,26.200007234768115,640000000.0,0.2,0.2,20.249999999999996,0.8,0.8,900.0,0.0013,0.0,0,0.0,0.01011329,0.0
15.245099999999999,900.0933893210935,25.96623173097537,640000000.0,0.2,0.2,20.249999999999996,0.8,0.8,900.0,0.0013,0.0,0,0.0,0.013057187,0.0
15.2464,900.09445057285,26.20425004007815,640000000.0,0.2,0.2,20.249999999999996,0.8,0.8,900.0,0.0013,0.0,0,0.0,0.009907818,0.0
15.2477,900.0926319780503,25.586261956196093,640000000.0,0.2,0.2,20.249999999999996,0.8,0.8,900.0,0.0013,0.0,0,0.0,0.010109799,0.0
15.248999999999999,900.0907755652863,25.62920969610738,640000000.0,0.2,0.2,20.249999999999996,0.8,0.8,900.0,0.0013,0.0,0,0.0,0.013063007,0.0
15.2503,900.0900510197089,25.676481100588585,640000000.0,0.2,0.2,20.249999999999996,0.8,0.8,900.0,0.0013,0.0,0,0.0,0.009924079,0.0
15.2516,900.0877232328268,25.271157048521395,640000000.0,0.2,0.2,20.249999999999996,0.8,0.8,900.0,0.0013,0.0,0,0.0,0.01011095,0.0
15.252899999999999,900.0821282584927,25.369220517717682,640000000.0,0.2,0.2,20.249999999999996,0.8,0.8,900.0,0.0013,0.0,0,0.0,0.013073118,0.0
15.254199999999999,900.0816788293117,25.74553282498849,640000000.0,0.2,0.2,20.249999999999996,0.8,0.8,900.0,0.0013,0.0,0,0.0,0.009927239,0.0
15.2555,900.08655028432,24.979900233391366,640000000.0,0.2,0.2,20.249999999999996,0.8,0.8,900.0,0.0013,0.0,0,0.0,0.01011912,0.0
15.2568,900.0877690683881,24.383088688038164,640000000.0,0.2,0.2,20.249999999999996,0.8,0.8,900.0,0.0013,0.0,0,0.0,0.013063997,0.0
15.258099999999999,900.0886053505426,25.14335766339697,640000000.0,0.2,0.2,20.249999999999996,0.8,0.8,900.0,0.0013,0.0,0,0.0,0.009946168,0.0
15.2594,900.0910281982287,24.332585769500803,640000000.0,0.2,0.2,20.249999999999996,0.8,0.8,900.0,0.0013,0.0,0,0.0,0.010108,0.0
15.2607,900.0909882603556,23.530701426585086,640000000.0,0.2,0.2,20.249999999999996,0.8,0.8,900.0,0.0013,0.0,0,0.0,0.013082358,0.0
15.261999999999999,900.0920375080327,23.501232526049698,640000000.0,0.2,0.2,20.249999999999996,0.8,0.8,900.0,0.0013,0.0,0,0.0,0.009926809,0.0
15.2633,900.0901779986345,23.752712927556647,640000000.0,0.2,0.2,20.249999999999996,0.8,0.8,900.0,0.0013,0.0,0,0.0,0.01012086,0.0
15.2646,900.0851976977915,24.429245765252688,640000000.0,0.2,0.2,20.249999999999996,0.8,0.8,900.0,0.0013,0.0,0,0.0,0.013043637,0.0
15.265899999999998,900.0842100442577,25.10225510699733,640000000.0,0.2,0.2,20.249999999999996,0.8,0.8,900.0,0.0013,0.0,0,0.0,0.009912059,0.0
15.267199999999999,900.0881662331713,24.19965818288693,640000000.0,0.2,0.2,20.249999999999996,0.8,0.8,900.0,0.0013,0.0,0,0.0,0.01011097,0.0
15.2685,900.0895602899585,23.2390640732062,640000000.0,0.2,0.2,20.249999999999996,0.8,0.8,900.0,0.0013,0.0,0,0.0,0.013069227,0.0
15.2698,900.0896756413729,23.429180314218907,640000000.0,0.2,0.2,20.249999999999996,0.8,0.8,900.0,0.0013,0.0,0,0.0,0.009924509,0.0
15.271099999999999,900.0908071977111,23.376247908558064,640000000.0,0.2,0.2,20.249999999999996,0.8,0.8,900.0,0.0013,0.0,0,0.0,0.01010286,0.0
15.2724,900.0881512932898,23.692129693254934,640000000.0,0.2,0.2,20.249999999999996,0.8,0.8,900.0,0.0013,0.0,0,0.0,0.013055747,0.0
15.2737,900.0841531414793,23.826035257169984,640000000.0,0.2,0.2,20.249999999999996,0.8,0.8,900.0,0.0013,0.0,0,0.0,0.009938079,0.0
15.274999999999999,900.0853475746134,23.73790628759287,640000000.0,0.2,0.2,20.249999999999996,0.8,0.8,900.0,0.0013,0.0,0,0.0,0.01010225,0.0
15.276299999999999,900.0874047316904,23.132594105873192,640000000.0,0.2,0.2,20.249999999999996,0.8,0.8,900.0,0.0013,0.0,0,0.0,0.013054298,0.0
15.2776,900.0882502918654,23.183902235984775,640000000.0,0.2,0.2,20.249999999999996,0.8,0.8,900.0,0.0013,0.0,0,0.0,0.009935449,0.0
15.2789,900.0891082706806,22.66073473519815,640000000.0,0.2,0.2,20.249999999999996,0.8,0.8,900.0,0.0013,0.0,0,0.0,0.010154001,0.0
15.280199999999999,900.0879752195597,22.766752660296,640000000.0,0.2,0.2,20.249999999999996,0.8,0.8,900.0,0.0013,0.0,0,0.0,0.013066847,0.0
15.2815,900.0863980723421,23.008515859455184,640000000.0,0.2,0.2,20.249999999999996,0.8,0.8,900.0,0.0013,0.0,0,0.0,0.009936998,0.0
15.2828,900.0848905792873,23.27982322551603,640000000.0,0.2,0.2,20.249999999999996,0.8,0.8,900.0,0.0013,0.0,0,0.0,0.01010249,0.0
15.284099999999999,900.0862133792622,23.4773258966643,640000000.0,0.2,0.2,20.249999999999996,0.8,0.8,900.0,0.0013,0.0,0,0.0,0.013080608,0.0
15.2854,900.0853513253236,23.47010052299358,640000000.0,0.2,0.2,20.249999999999996,0.8,0.8,900.0,0.0013,0.0,0,0.0,0.009930189,0.0
15.2867,900.0823893630455,24.096251214521157,640000000.0,0.2,0.2,20.249999999999996,0.8,0.8,900.0,0.0013,0.0,0,0.0,0.010106479,0.0
15.287999999999998,900.08106540092,23.93055489823117,640000000.0,0.2,0.2,20.249999999999996,0.8,0.8,900.0,0.0013,0.0,0,0.0,0.013067367,0.0
15.289299999999999,900.0817990705629,23.781085136634086,640000000.0,0.2,0.2,20.249999999999996,0.8,0.8,900.0,0.0013,0.0,0,0.0,0.009949328,0.0
15.2906,900.0820456189656,23.578375038285543,640000000.0,0.2,0.2,20.249999999999996,0.8,0.8,900.0,0.0013,0.0,0,0.0,0.01011095,0.0
15.2919,900.0800601739945,23.46417280087442,640000000.0,0.2,0.2,20.249999999999996,0.8,0.8,900.0,0.0013,0.0,0,0.0,0.013086608,0.0
15.293199999999999,900.0820032869317,23.608607446156558,640000000.0,0.2,0.2,20.249999999999996,0.8,0.8,900.0,0.0013,0.0,0,0.0,0.009924809,0.0
15.2945,900.0879680407204,22.32427133384045,640000000.0,0.2,0.2,20.249999999999996,0.8,0.8,900.0,0.0013,0.0,0,0.0,0.01010573,0.0
15.2958,900.087527669562,21.824182187562815,640000000.0,0.2,0.2,20.249999999999996,0.8,0.8,900.0,0.0013,0.0,0,0.0,0.013065377,0.0
15.297099999999999,900.0857009168162,22.371289762554067,640000000.0,0.2,0.2,20.249999999999996,0.8,0.8,900.0,0.0013,0.0,0,0.0,0.009952079,0.0
15.298399999999999,900.0866598754073,22.586094872921993,640000000.0,0.2,0.2,20.249999999999996,0.8,0.8,900.0,0.0013,0.0,0,0.0,0.01009524,0.0
15.2997,900.0865782228224,23.251655859389064,640000000.0,0.2,0.2,20.249999999999996,0.8,0.8,900.0,0.0013,0.0,0,0.0,0.013073007,0.0
15.301,900.0870339230423,23.81247546414266,640000000.0,0.2,0.2,20.249999999999996,0.8,0.8,900.0,0.0013,0.0,0,0.0,0.009912858,0.0
15.302299999999999,900.0872729600266,23.56717151250032,640000000.0,0.2,0.2,20.249999999999996,0.8,0.8,900.0,0.0013,0.0,0,0.0,0.01010767,0.0
15.3036,900.0836233510166,24.53520703806515,640000000.0,0.2,0.2,20.249999999999996,0.8,0.8,900.0,0.0013,0.0,0,0.0,0.013068258,0.0
15.3049,900.0840263886449,24.69038253391915,640000000.0,0.2,0.2,20.249999999999996,0.8,0.8,900.0,0.0013,0.0,0,0.0,0.009945499,0.0
15.306199999999999,900.0872962403979,24.355104996770613,640000000.0,0.2,0.2,20.249999999999996,0.8,0.8,900.0,0.0013,0.0,0,0.0,0.01008971,0.0
15.3075,900.0910502585323,24.48473308546131,640000000.0,0.2,0.2,20.249999999999996,0.8,0.8,900.0,0.0013,0.0,0,0.0,0.013070287,0.0
15.3088,900.0949369039886,24.31534718690647,640000000.0,0.2,0.2,20.249999999999996,0.8,0.8,900.0,0.0013,0.0,0,0.0,0.009937369,0.0
15.310099999999998,900.0926167668979,24.698555346168455,640000000.0,0.2,0.2,20.249999999999996,0.8,0.8,900.0,0.0013,0.0,0,0.0,0.010126349,0.0
15.311399999999999,900.0905243533009,25.53129484903219,640000000.0,0.2,0.2,20.249999999999996,0.8,0.8,900.0,0.0013,0.0,0,0.0,0.013066667,0.0
15.3127,900.0937384204045,25.731168956712974,640000000.0,0.2,0.2,20.249999999999996,0.8,0.8,900.0,0.0013,0.0,0,0.0,0.009944329,0.0
15.314,900.0971156065472,25.04651642524752,640000000.0,0.2,0.2,20.249999999999996,0.8,0.8,900.0,0.0013,0.0,0,0.0,0.01013304,0.0
15.315299999999999,900.0987432593552,25.845856826189504,640000000.0,0.2,0.2,20.249999999999996,0.8,0.8,900.0,0.0013,0.0,0,0.0,0.013064127,0.0
15.3166,900.0979210019309,26.615222207027614,640000000.0,0.2,0.2,20.249999999999996,0.8,0.8,900.0,0.0013,0.0,0,0.0,0.009919418,0.0
15.3179,900.0991761761093,26.213961615547987,640000000.0,0.2,0.2,20.249999999999996,0.8,0.8,900.0,0.0013,0.0,0,0.0,0.010104829,0.0
15.319199999999999,900.0983436304028,26.430823471360195,640000000.0,0.2,0.2,20.249999999999996,0.8,0.8,900.0,0.0013,0.0,0,0.0,0.013058297,0.0
15.3205,900.1020279489068,27.082868828079942,640000000.0,0.2,0.2,20.249999999999996,0.8,0.8,900.0,0.0013,0.0,0,0.0,0.009921669,0.0
15.3218,900.1061294997405,26.812964151394837,640000000.0,0.2,0.2,20.249999999999996,0.8,0.8,900.0,0.0013,0.0,0,0.0,0.01007217,0.0
15.3231,900.1085339543395,27.21483839760377,640000000.0,0.2,0.2,20.249999999999996,0.8,0.8,900.0,0.0013,0.0,0,0.0,0.013049867,0.0
15.324399999999999,900.1079361326373,27.908987332737997,640000000.0,0.2,0.2,20.249999999999996,0.8,0.8,900.0,0.0013,0.0,0,0.0,0.009921588,0.0
15.3257,900.1091845349633,28.258482557176695,640000000.0,0.2,0.2,20.249999999999996,0.8,0.8,900.0,0.0013,0.0,0,0.0,0.01010374,0.0
15.327,900.112462830612,27.739409816186498,640000000.0,0.2,0.2,20.249999999999996,0.8,0.8,900.0,0.0013,0.0,0,0.0,0.013057318,0.0
15.328299999999999,900.1158512545574,27.751088338532632,640000000.0,0.2,0.2,20.249999999999996,0.8,0.8,900.0,0.0013,0.0,0,0.0,0.009897558,0.0
15.3296,900.1179552949673,28.494467962223023,640000000.0,0.2,0.2,20.249999999999996,0.8,0.8,900.0,0.0013,0.0,0,0.0,0.01010615,0.0
15.3309,900.1201072220556,28.130140381844218,640000000.0,0.2,0.2,20.249999999999996,0.8,0.8,900.0,0.0013,0.0,0,0.0,0.013071358,0.0
15.332199999999998,900.124098481864,28.27444317963249,640000000.0,0.2,0.2,20.249999999999996,0.8,0.8,900.0,0.0013,0.0,0,0.0,0.009940279,0.0
15.333499999999999,900.1224806911213,29.156848995475357,640000000.0,0.2,0.2,20.249999999999996,0.8,0.8,900.0,0.0013,0.0,0,0.0,0.010102629,0.0
15.3348,900.1222780059903,29.891948788182617,640000000.0,0.2,0.2,20.249999999999996,0.8,0.8,900.0,0.0013,0.0,0,0.0,0.013069677,0.0
15.3361,900.1259800334949,29.47155271358505,640000000.0,0.2,0.2,20.249999999999996,0.8,0.8,900.0,0.0013,0.0,0,0.0,0.009918799,0.0
15.337399999999999,900.1263939932097,29.51637742221181,640000000.0,0.2,0.2,20.249999999999996,0.8,0.8,900.0,0.0013,0.0,0,0.0,0.01009604,0.0
15.3387,900.12599843222,30.131016133240955,640000000.0,0.2,0.2,20.249999999999996,0.8,0.8,900.0,0.0013,0.0,0,0.0,0.013058247,0.0
15.34,900.1266967762122,30.394221077327863,640000000.0,0.2,0.2,20.249999999999996,0.8,0.8,900.0,0.0013,0.0,0,0.0,0.009894238,0.0
15.341299999999999,900.1299577367555,30.2232980306187,640000000.0,0.2,0.2,20.249999999999996,0.8,0.8,900.0,0.0013,0.0,0,0.0,0.01008558,0.0
15.3426,900.130477916993,31.667116035409105,640000000.0,0.2,0.2,20.249999999999996,0.8,0.8,900.0,0.0013,0.0,0,0.0,0.013026597,0.0
15.3439,900.1340391431906,31.440783708175715,640000000.0,0.2,0.2,20.249999999999996,0.8,0.8,900.0,0.0013,0.0,0,0.0,0.009910709,0.0
15.3452,900.1381238784144,30.157320023476654,640000000.0,0.2,0.2,20.249999999999996,0.8,0.8,900.0,0.0013,0.0,0,0.0,0.010075139,0.0
15.346499999999999,900.143037264788,29.948679423097143,640000000.0,0.2,0.2,20.249999999999996,0.8,0.8,900.0,0.0013,0.0,0,0.0,0.013056578,0.0
15.3478,900.1471474365356,30.09656894602723,640000000.0,0.2,0.2,20.249999999999996,0.8,0.8,900.0,0.0013,0.0,0,0.0,0.009933579,0.0
15.3491,900.1451030166495,30.245435354718392,640000000.0,0.2,0.2,20.249999999999996,0.8,0.8,900.0,0.0013,0.0,0,0.0,0.010105959,0.0
15.350399999999999,900.1444132797691,31.690282188512736,640000000.0,0.2,0.2,20.249999999999996,0.8,0.8,900.0,0.0013,0.0,0,0.0,0.013067117,0.0
15.3517,900.1410695496437,31.89188768123299,640000000.0,0.2,0.2,20.249999999999996,0.8,0.8,900.0,0.0013,0.0,0,0.0,0.009929219,0.0
15.353,900.1385682575399,32.39005626438721,640000000.0,0.2,0.2,20.249999999999996,0.8,0.8,900.0,0.0013,0.0,0,0.0,0.01011283,0.0
15.354299999999999,900.1395658632139,33.56480505822501,640000000.0,0.2,0.2,20.249999999999996,0.8,0.8,900.0,0.0013,0.0,0,0.0,0.013071668,0.0
15.355599999999999,900.146096772314,32.973901014481434,640000000.0,0.2,0.2,20.249999999999996,0.8,0.8,900.0,0.0013,0.0,0,0.0,0.009942399,0.0
15.3569,900.1471959688056,31.836883820276256,640000000.0,0.2,0.2,20.249999999999996,0.8,0.8,900.0,0.0013,0.0,0,0.0,0.01013522,0.0
15.3582,900.1488758968769,31.209426698463353,640000000.0,0.2,0.2,20.249999999999996,0.8,0.8,900.0,0.0013,0.0,0,0.0,0.013065737,0.0
15.359499999999999,900.1484130728754,31.07548368775074,640000000.0,0.2,0.2,20.249999999999996,0.8,0.8,900.0,0.0013,0.0,0,0.0,0.009945119,0.0
15.3608,900.1454633094728,31.85097328189555,640000000.0,0.2,0.2,20.249999999999996,0.8,0.8,900.0,0.0013,0.0,0,0.0,0.010081039,0.0
15.3621,900.148181681522,31.37397538426093,640000000.0,0.2,0.2,20.249999999999996,0.8,0.8,900.0,0.0013,0.0,0,0.0,0.013056737,0.0
15.363399999999999,900.1498873774923,31.22706894043369,640000000.0,0.2,0.2,20.249999999999996,0.8,0.8,900.0,0.0013,0.0,0,0.0,0.009908238,0.0
15.3647,900.1494802729402,32.15286559605808,640000000.0,0.2,0.2,20.249999999999996,0.8,0.8,900.0,0.0013,0.0,0,0.0,0.01011129,0.0
15.366,900.1462961974419,32.335484290188994,640000000.0,0.2,0.2,20.249999999999996,0.8,0.8,900.0,0.0013,0.0,0,0.0,0.013030807,0.0
15.3673,900.1457130870308,32.510948029049075,640000000.0,0.2,0.2,20.249999999999996,0.8,0.8,900.0,0.0013,0.0,0,0.0,0.009907559,0.0
15.368599999999999,900.1474725987508,32.787200724810354,640000000.0,0.2,0.2,20.249999999999996,0.8,0.8,900.0,0.0013,0.0,0,0.0,0.01009092,0.0
15.3699,900.1542053085859,32.19445573066443,640000000.0,0.2,0.2,20.249999999999996,0.8,0.8,900.0,0.0013,0.0,0,0.0,0.013051917,0.0
15.3712,900.1527020978926,31.694379269331524,640000000.0,0.2,0.2,20.249999999999996,0.8,0.8,900.0,0.0013,0.0,0,0.0,0.009900778,0.0
15.372499999999999,900.1483604370117,32.65284868230884,640000000.0,0.2,0.2,20.249999999999996,0.8,0.8,900.0,0.0013,0.0,0,0.0,0.010097869,0.0
15.3738,900.1437642971873,32.08779323514906,640000000.0,0.2,0.2,20.249999999999996,0.8,0.8,900.0,0.0013,0.0,0,0.0,0.013072487,0.0
15.3751,900.1442228722295,32.154175251455285,640000000.0,0.2,0.2,20.249999999999996,0.8,0.8,900.0,0.0013,0.0,0,0.0,0.009934159,0.0
15.376399999999999,900.146756774944,32.06736482880787,640000000.0,0.2,0.2,20.249999999999996,0.8,0.8,900.0,0.0013,0.0,0,0.0,0.01010872,0.0
15.377699999999999,900.1441201484741,31.997106379108097,640000000.0,0.2,0.2,20.249999999999996,0.8,0.8,900.0,0.0013,0.0,0,0.0,0.013059488,0.0
15.379,900.1495339955463,32.24400708090263,640000000.0,0.2,0.2,20.249999999999996,0.8,0.8,900.0,0.0013,0.0,0,0.0,0.009927689,0.0
15.3803,900.1534579357296,32.14498521430004,640000000.0,0.2,0.2,20.249999999999996,0.8,0.8,900.0,0.0013,0.0,0,0.0,0.01010698,0.0
15.381599999999999,900.1503229958109,32.87047933818357,640000000.0,0.2,0.2,20.249999999999996,0.8,0.8,900.0,0.0013,0.0,0,0.0,0.013038807,0.0
15.3829,900.1462494885519,33.403191124841776,640000000.0,0.2,0.2,20.249999999999996,0.8,0.8,900.0,0.0013,0.0,0,0.0,0.009941169,0.0
15.3842,900.1489283814059,33.53188166213432,640000000.0,0.2,0.2,20.249999999999996,0.8,0.8,900.0,0.0013,0.0,0,0.0,0.0101107,0.0
15.385499999999999,900.1500367092528,33.81305150342474,640000000.0,0.2,0.2,20.249999999999996,0.8,0.8,900.0,0.0013,0.0,0,0.0,0.013067127,0.0
15.3868,900.1549036413743,33.288760884841416,640000000.0,0.2,0.2,20.249999999999996,0.8,0.8,900.0,0.0013,0.0,0,0.0,0.009915289,0.0
15.3881,900.1554587661406,31.165483425265315,640000000.0,0.2,0.2,20.249999999999996,0.8,0.8,900.0,0.0013,0.0,0,0.0,0.0101104,0.0
15.389399999999998,900.1478938484387,32.07064938783585,640000000.0,0.2,0.2,20.249999999999996,0.8,0.8,900.0,0.0013,0.0,0,0.0,0.013035827,0.0
15.390699999999999,900.1462797160384,33.32092759873755,640000000.0,0.2,0.2,20.249999999999996,0.8,0.8,900.0,0.0013,0.0,0,0.0,0.009892028,0.0
15.392,900.1462365106642,32.16194260685529,640000000.0,0.2,0.2,20.249999999999996,0.8,0.8,900.0,0.0013,0.0,0,0.0,0.010068899,0.0
15.3933,900.1427068127985,32.55458995723402,640000000.0,0.2,0.2,20.249999999999996,0.8,0.8,900.0,0.0013,0.0,0,0.0,0.013012687,0.0
15.394599999999999,900.1418696970851,32.82762699434215,640000000.0,0.2,0.2,20.249999999999996,0.8,0.8,900.0,0.0013,0.0,0,0.0,0.009895269,0.0
15.3959,900.1394047321768,33.0755623868672,640000000.0,0.2,0.2,20.249999999999996,0.8,0.8,900.0,0.0013,0.0,0,0.0,0.01010796,0.0
15.3972,900.1386213106952,32.37586372952184,640000000.0,0.2,0.2,20.249999999999996,0.8,0.8,900.0,0.0013,0.0,0,0.0,0.013049097,0.0
15.398499999999999,900.139995719547,31.663050478971662,640000000.0,0.2,0.2,20.249999999999996,0.8,0.8,900.0,0.0013,0.0,0,0.0,0.009915319,0.0
15.399799999999999,900.141178850664,31.41150288093461,640000000.0,0.2,0.2,20.249999999999996,0.8,0.8,900.0,0.0013,0.0,0,0.0,0.01011219,0.0
15.4011,900.1408710550487,31.324215086505582,640000000.0,0.2,0.2,20.249999999999996,0.8,0.8,900.0,0.0013,0.0,0,0.0,0.013060237,0.0
15.4024,900.1417282735487,30.72962943082859,640000000.0,0.2,0.2,20.249999999999996,0.8,0.8,900.0,0.0013,0.0,0,0.0,0.009934299,0.0
15.403699999999999,900.1403955693703,30.77747813293876,640000000.0,0.2,0.2,20.249999999999996,0.8,0.8,900.0,0.0013,0.0,0,0.0,0.010090339,0.0
15.405,900.1368002459102,32.12699900103052,640000000.0,0.2,0.2,20.249999999999996,0.8,0.8,900.0,0.0013,0.0,0,0.0,0.013038267,0.0
15.4063,900.1339166979599,32.63379695195635,640000000.0,0.2,0.2,20.249999999999996,0.8,0.8,900.0,0.0013,0.0,0,0.0,0.009925559,0.0
15.407599999999999,900.1329843820259,31.688696361628665,640000000.0,0.2,0.2,20.249999999999996,0.8,0.8,900.0,0.0013,0.0,0,0.0,0.01010285,0.0
15.4089,900.1298774664981,31.20483118579228,640000000.0,0.2,0.2,20.249999999999996,0.8,0.8,900.0,0.0013,0.0,0,0.0,0.013065677,0.0
15.4102,900.1283941959721,30.569998811111088,640000000.0,0.2,0.2,20.249999999999996,0.8,0.8,900.0,0.0013,0.0,0,0.0,0.009935448,0.0
15.411499999999998,900.1305967484985,31.12271087786331,640000000.0,0.2,0.2,20.249999999999996,0.8,0.8,900.0,0.0013,0.0,0,0.0,0.01009251,0.0
15.412799999999999,900.1318987490157,30.987635769268707,640000000.0,0.2,0.2,20.249999999999996,0.8,0.8,900.0,0.0013,0.0,0,0.0,0.013047048,0.0
15.4141,900.1301274949138,30.580018072565025,640000000.0,0.2,0.2,20.249999999999996,0.8,0.8,900.0,0.0013,0.0,0,0.0,0.009897538,0.0
15.4154,900.1292750152732,29.956937755511284,640000000.0,0.2,0.2,20.249999999999996,0.8,0.8,900.0,0.0013,0.0,0,0.0,0.010060909,0.0
15.416699999999999,900.1288494866391,29.138717888451225,640000000.0,0.2,0.2,20.249999999999996,0.8,0.8,900.0,0.0013,0.0,0,0.0,0.013040487,0.0
15.418,900.1226543646618,29.001897172317147,640000000.0,0.2,0.2,20.249999999999996,0.8,0.8,900.0,0.0013,0.0,0,0.0,0.009894638,0.0
15.4193,900.1208381184073,29.905831805506573,640000000.0,0.2,0.2,20.249999999999996,0.8,0.8,900.0,0.0013,0.0,0,0.0,0.010099569,0.0
15.420599999999999,900.1228335570183,29.456071094943557,640000000.0,0.2,0.2,20.249999999999996,0.8,0.8,900.0,0.0013,0.0,0,0.0,0.013027397,0.0
15.421899999999999,900.1180702082578,28.919704368887682,640000000.0,0.2,0.2,20.249999999999996,0.8,0.8,900.0,0.0013,0.0,0,0.0,0.009924549,0.0
15.4232,900.1131731901995,30.009527718753464,640000000.0,0.2,0.2,20.249999999999996,0.8,0.8,900.0,0.0013,0.0,0,0.0,0.010068489,0.0
15.4245,900.1146753596803,29.930496048289573,640000000.0,0.2,0.2,20.249999999999996,0.8,0.8,900.0,0.0013,0.0,0,0.0,0.013045397,0.0
15.425799999999999,900.1116418338468,28.95193330588698,640000000.0,0.2,0.2,20.249999999999996,0.8,0.8,900.0,0.0013,0.0,0,0.0,0.009894509,0.0
15.4271,900.1078030310186,28.692310565477985,640000000.0,0.2,0.2,20.249999999999996,0.8,0.8,900.0,0.0013,0.0,0,0.0,0.0101004,0.0
15.4284,900.1075834608353,28.486045914157376,640000000.0,0.2,0.2,20.249999999999996,0.8,0.8,900.0,0.0013,0.0,0,0.0,0.013053897,0.0
15.429699999999999,900.104730381218,29.0042061998487,640000000.0,0.2,0.2,20.249999999999996,0.8,0.8,900.0,0.0013,0.0,0,0.0,0.009905319,0.0
15.431,900.1046333252739,29.082851926026724,640000000.0,0.2,0.2,20.249999999999996,0.8,0.8,900.0,0.0013,0.0,0,0.0,0.01007052,0.0
15.4323,900.1075220329219,27.769139816902037,640000000.0,0.2,0.2,20.249999999999996,0.8,0.8,900.0,0.0013,0.0,0,0.0,0.013049278,0.0
15.433599999999998,900.1048406313689,27.978515282706276,640000000.0,0.2,0.2,20.249999999999996,0.8,0.8,900.0,0.0013,0.0,0,0.0,0.009906319,0.0
15.434899999999999,900.1039865666565,27.541642304011898,640000000.0,0.2,0.2,20.249999999999996,0.8,0.8,900.0,0.0013,0.0,0,0.0,0.01007797,0.0
15.4362,900.1046891549303,26.714404864090735,640000000.0,0.2,0.2,20.249999999999996,0.8,0.8,900.0,0.0013,0.0,0,0.0,0.013039217,0.0
15.4375,900.102318110481,26.61248235684178,640000000.0,0.2,0.2,20.249999999999996,0.8,0.8,900.0,0.0013,0.0,0,0.0,0.009905389,0.0
15.438799999999999,900.0999092470418,26.26997918419627,640000000.0,0.2,0.2,20.249999999999996,0.8,0.8,900.0,0.0013,0.0,0,0.0,0.01007608,0.0
15.4401,900.097848964718,26.272767660110926,640000000.0,0.2,0.2,20.249999999999996,0.8,0.8,900.0,0.0013,0.0,0,0.0,0.013076108,0.0
15.4414,900.0977251728178,26.5235550889922,640000000.0,0.2,0.2,20.249999999999996,0.8,0.8,900.0,0.0013,0.0,0,0.0,0.009904338,0.0
15.442699999999999,900.099391155028,26.068595831156212,640000000.0,0.2,0.2,20.249999999999996,0.8,0.8,900.0,0.0013,0.0,0,0.0,0.0101142,0.0
15.443999999999999,900.0970410088902,25.062220911799997,640000000.0,0.2,0.2,20.249999999999996,0.8,0.8,900.0,0.0013,0.0,0,0.0,0.013056568,0.0
15.4453,900.0945564798451,25.189796605550075,640000000.0,0.2,0.2,20.249999999999996,0.8,0.8,900.0,0.0013,0.0,0,0.0,0.009929399,0.0
15.4466,900.0904387226457,25.59673183139135,640000000.0,0.2,0.2,20.249999999999996,0.8,0.8,900.0,0.0013,0.0,0,0.0,0.010085619,0.0
15.447899999999999,900.0886639919704,24.688275772903772,640000000.0,0.2,0.2,20.249999999999996,0.8,0.8,900.0,0.0013,0.0,0,0.0,0.013063428,0.0
15.4492,900.0898995685576,24.6378707909728,640000000.0,0.2,0.2,20.249999999999996,0.8,0.8,900.0,0.0013,0.0,0,0.0,0.009918289,0.0
15.4505,900.087760382272,24.91175111237806,640000000.0,0.2,0.2,20.249999999999996,0.8,0.8,900.0,0.0013,0.0,0,0.0,0.010116149,0.0
15.451799999999999,900.0860772266649,24.52518980249105,640000000.0,0.2,0.2,20.249999999999996,0.8,0.8,900.0,0.0013,0.0,0,0.0,0.013040027,0.0
15.4531,900.0845880034454,24.59750344084823,640000000.0,0.2,0.2,20.249999999999996,0.8,0.8,900.0,0.0013,0.0,0,0.0,0.009927779,0.0
15.4544,900.0847784766337,23.7902372033431,640000000.0,0.2,0.2,20.249999999999996,0.8,0.8,900.0,0.0013,0.0,0,0.0,0.01009696,0.0
15.455699999999998,900.0856725031072,23.36342702784644,640000000.0,0.2,0.2,20.249999999999996,0.8,0.8,900.0,0.0013,0.0,0,0.0,0.013065037,0.0
15.456999999999999,900.0845614402416,23.51825177352457,640000000.0,0.2,0.2,20.249999999999996,0.8,0.8,900.0,0.0013,0.0,0,0.0,0.009932548,0.0
15.4583,900.0831754940049,22.7328096201817,640000000.0,0.2,0.2,20.249999999999996,0.8,0.8,900.0,0.0013,0.0,0,0.0,0.01012173,0.0
15.4596,900.0810093601082,22.857920011284968,640000000.0,0.2,0.2,20.249999999999996,0.8,0.8,900.0,0.0013,0.0,0,0.0,0.013070858,0.0
15.460899999999999,900.0851611245721,22.40170216058408,640000000.0,0.2,0.2,20.249999999999996,0.8,0.8,900.0,0.0013,0.0,0,0.0,0.009934349,0.0
15.4622,900.0863509739488,21.680338133551576,640000000.0,0.2,0.2,20.249999999999996,0.8,0.8,900.0,0.0013,0.0,0,0.0,0.01008939,0.0
15.4635,900.085214861423,22.00219988864616,640000000.0,0.2,0.2,20.249999999999996,0.8,0.8,900.0,0.0013,0.0,0,0.0,0.013047708,0.0
15.464799999999999,900.0845861216587,21.81654302214077,640000000.0,0.2,0.2,20.249999999999996,0.8,0.8,900.0,0.0013,0.0,0,0.0,0.009876459,0.0
15.466099999999999,900.0793099573284,22.168457502820026,640000000.0,0.2,0.2,20.249999999999996,0.8,0.8,900.0,0.0013,0.0,0,0.0,0.01008496,0.0
15.4674,900.0778961863009,22.542945461679345,640000000.0,0.2,0.2,20.249999999999996,0.8,0.8,900.0,0.0013,0.0,0,0.0,0.013033457,0.0
15.4687,900.077564822221,22.38520811887968,640000000.0,0.2,0.2,20.249999999999996,0.8,0.8,900.0,0.0013,0.0,0,0.0,0.009905528,0.0
15.469999999999999,900.0768960581331,22.317985043584507,640000000.0,0.2,0.2,20.249999999999996,0.8,0.8,900.0,0.0013,0.0,0,0.0,0.01006296,0.0
15.4713,900.0784969501428,21.725463146386694,640000000.0,0.2,0.2,20.249999999999996,0.8,0.8,900.0,0.0013,0.0,0,0.0,0.013027697,0.0
15.4726,900.0764915933266,21.91107930713685,640000000.0,0.2,0.2,20.249999999999996,0.8,0.8,900.0,0.0013,0.0,0,0.0,0.009879509,0.0
15.473899999999999,900.0770844109729,21.99088592971014,640000000.0,0.2,0.2,20.249999999999996,0.8,0.8,900.0,0.0013,0.0,0,0.0,0.01006583,0.0
15.4752,900.0801841626516,21.18662661406881,640000000.0,0.2,0.2,20.249999999999996,0.8,0.8,900.0,0.0013,0.0,0,0.0,0.013053238,0.0
15.4765,900.080554115722,20.459384478601812,640000000.0,0.2,0.2,20.249999999999996,0.8,0.8,900.0,0.0013,0.0,0,0.0,0.009909629,0.0
15.477799999999998,900.0786928479592,21.504312357761425,640000000.0,0.2,0.2,20.249999999999996,0.8,0.8,900.0,0.0013,0.0,0,0.0,0.01008783,0.0
15.479099999999999,900.0781738452155,21.758544705838844,640000000.0,0.2,0.2,20.249999999999996,0.8,0.8,900.0,0.0013,0.0,0,0.0,0.013039968,0.0
15.4804,900.0765445259453,21.970554612605007,640000000.0,0.2,0.2,20.249999999999996,0.8,0.8,900.0,0.0013,0.0,0,0.0,0.009893319,0.0
15.4817,900.0772881810467,22.072134273696758,640000000.0,0.2,0.2,20.249999999999996,0.8,0.8,900.0,0.0013,0.0,0,0.0,0.01009018,0.0
15.482999999999999,900.0788440912067,21.94922325899808,640000000.0,0.2,0.2,20.249999999999996,0.8,0.8,900.0,0.0013,0.0,0,0.0,0.013016987,0.0
15.4843,900.0780489278355,21.446525253107925,640000000.0,0.2,0.2,20.249999999999996,0.8,0.8,900.0,0.0013,0.0,0,0.0,0.009908118,0.0
15.4856,900.0786320990943,21.660300987578765,640000000.0,0.2,0.2,20.249999999999996,0.8,0.8,900.0,0.0013,0.0,0,0.0,0.010078809,0.0
15.486899999999999,900.0780173429778,21.91312394251337,640000000.0,0.2,0.2,20.249999999999996,0.8,0.8,900.0,0.0013,0.0,0,0.0,0.013035617,0.0
15.488199999999999,900.0745901787294,22.422717321682143,640000000.0,0.2,0.2,20.249999999999996,0.8,0.8,900.0,0.0013,0.0,0,0.0,0.009894199,0.0
15.4895,900.0770449615951,22.446878354380644,640000000.0,0.2,0.2,20.249999999999996,0.8,0.8,900.0,0.0013,0.0,0,0.0,0.01008583,0.0
15.4908,900.0834720354136,21.68490439908094,640000000.0,0.2,0.2,20.249999999999996,0.8,0.8,900.0,0.0013,0.0,0,0.0,0.013020357,0.0
15.492099999999999,900.0831284304461,21.55066869495954,640000000.0,0.2,0.2,20.249999999999996,0.8,0.8,900.0,0.0013,0.0,0,0.0,0.009909209,0.0
15.4934,900.0843615371733,21.89388221134141,640000000.0,0.2,0.2,20.249999999999996,0.8,0.8,900.0,0.0013,0.0,0,0.0,0.01009347,0.0
15.4947,900.0857433411156,22.58159895013054,640000000.0,0.2,0.2,20.249999999999996,0.8,0.8,900.0,0.0013,0.0,0,0.0,0.013031968,0.0
15.495999999999999,900.0882021417275,22.589844262770878,640000000.0,0.2,0.2,20.249999999999996,0.8,0.8,900.0,0.0013,0.0,0,0.0,0.009888599,0.0
15.4973,900.0916863380262,22.710337938650994,640000000.0,0.2,0.2,20.249999999999996,0.8,0.8,900.0,0.0013,0.0,0,0.0,0.01007754,0.0
15.4986,900.0940306935541,22.82437854675753,640000000.0,0.2,0.2,20.249999999999996,0.8,0.8,900.0,0.0013,0.0,0,0.0,0.013024457,0.0
15.499899999999998,900.0940098547932,23.65779323890685,640000000.0,0.2,0.2,20.249999999999996,0.8,0.8,900.0,0.0013,0.0,0,0.0,0.009880498,0.0
15.501199999999999,900.0933676549276,23.810602100491046,640000000.0,0.2,0.2,20.249999999999996,0.8,0.8,900.0,0.0013,0.0,0,0.0,0.010040609,0.0
15.5025,900.0952614975727,24.024718121088625,640000000.0,0.2,0.2,20.249999999999996,0.8,0.8,900.0,0.0013,0.0,0,0.0,0.013034937,0.0
15.5038,900.0947880090743,24.36459511401054,640000000.0,0.2,0.2,20.249999999999996,0.8,0.8,900.0,0.0013,0.0,0,0.0,0.009886498,0.0
15.505099999999999,900.0983898597693,24.384429526146356,640000000.0,0.2,0.2,20.249999999999996,0.8,0.8,900.0,0.0013,0.0,0,0.0,0.01008759,0.0
15.5064,900.0999517329074,24.51005072014,640000000.0,0.2,0.2,20.249999999999996,0.8,0.8,900.0,0.0013,0.0,0,0.0,0.013013047,0.0
15.5077,900.0980760043315,24.81913879370671,640000000.0,0.2,0.2,20.249999999999996,0.8,0.8,900.0,0.0013,0.0,0,0.0,0.009905118,0.0
15.508999999999999,900.095163938641,25.44083566349856,640000000.0,0.2,0.2,20.249999999999996,0.8,0.8,900.0,0.0013,0.0,0,0.0,0.010060529,0.0
15.510299999999999,900.093552699888,26.147657429429685,640000000.0,0.2,0.2,20.249999999999996,0.8,0.8,900.0,0.0013,0.0,0,0.0,0.013014017,0.0
15.5116,900.0949248303833,25.786247786510465,640000000.0,0.2,0.2,20.249999999999996,0.8,0.8,900.0,0.0013,0.0,0,0.0,0.009882299,0.0
15.5129,900.0973900259131,25.852257048078823,640000000.0,0.2,0.2,20.249999999999996,0.8,0.8,900.0,0.0013,0.0,0,0.0,0.01007334,0.0
15.514199999999999,900.0959699884879,25.842404804402026,640000000.0,0.2,0.2,20.249999999999996,0.8,0.8,900.0,0.0013,0.0,0,0.0,0.013002867,0.0
15.5155,900.0953333892628,25.691947158169093,640000000.0,0.2,0.2,20.249999999999996,0.8,0.8,900.0,0.0013,0.0,0,0.0,0.009901369,0.0
15.5168,900.0986343445825,25.76584459860855,640000000.0,0.2,0.2,20.249999999999996,0.8,0.8,900.0,0.0013,0.0,0,0.0,0.010056019,0.0
15.518099999999999,900.1028330261765,26.00413464743164,640000000.0,0.2,0.2,20.249999999999996,0.8,0.8,900.0,0.0013,0.0,0,0.0,0.013044738,0.0
15.5194,900.1057203261331,26.012191949445207,640000000.0,0.2,0.2,20.249999999999996,0.8,0.8,900.0,0.0013,0.0,0,0.0,0.009880129,0.0
15.5207,900.105232813307,26.68228312263201,640000000.0,0.2,0.2,20.249999999999996,0.8,0.8,900.0,0.0013,0.0,0,0.0,0.01007155,0.0
15.521999999999998,900.1085669217389,26.554595326364808,640000000.0,0.2,0.2,20.249999999999996,0.8,0.8,900.0,0.0013,0.0,0,0.0,0.013030637,0.0
15.523299999999999,900.1092974193654,26.231882384017542,640000000.0,0.2,0.2,20.249999999999996,0.8,0.8,900.0,0.0013,0.0,0,0.0,0.009892988,0.0
15.5246,900.1113384187844,26.16694917201961,640000000.0,0.2,0.2,20.249999999999996,0.8,0.8,900.0,0.0013,0.0,0,0.0,0.010073499,0.0
15.5259,900.1116863106661,26.69447048922937,640000000.0,0.2,0.2,20.249999999999996,0.8,0.8,900.0,0.0013,0.0,0,0.0,0.013016697,0.0
15.527199999999999,900.1147666978043,27.396629447495343,640000000.0,0.2,0.2,20.249999999999996,0.8,0.8,900.0,0.0013,0.0,0,0.0,0.009874679,0.0
15.5285,900.1203653674883,27.05074863167576,640000000.0,0.2,0.2,20.249999999999996,0.8,0.8,900.0,0.0013,0.0,0,0.0,0.01008276,0.0
15.5298,900.1192455990331,27.54726874942308,640000000.0,0.2,0.2,20.249999999999996,0.8,0.8,900.0,0.0013,0.0,0,0.0,0.012983887,0.0
15.531099999999999,900.1141794910963,28.370751767346857,640000000.0,0.2,0.2,20.249999999999996,0.8,0.8,900.0,0.0013,0.0,0,0.0,0.009875118,0.0
15.532399999999999,900.1121138196006,28.61493267926275,640000000.0,0.2,0.2,20.249999999999996,0.8,0.8,900.0,0.0013,0.0,0,0.0,0.010057039,0.0
15.5337,900.1147783689879,28.500334665753645,640000000.0,0.2,0.2,20.249999999999996,0.8,0.8,900.0,0.0013,0.0,0,0.0,0.012999417,0.0
15.535,900.1221790900211,29.078390427811826,640000000.0,0.2,0.2,20.249999999999996,0.8,0.8,900.0,0.0013,0.0,0,0.0,0.009858008,0.0
15.536299999999999,900.1286332859921,29.220500491117683,640000000.0,0.2,0.2,20.249999999999996,0.8,0.8,900.0,0.0013,0.0,0,0.0,0.010005989,0.0
15.5376,900.1304082800262,29.318171292743106,640000000.0,0.2,0.2,20.249999999999996,0.8,0.8,900.0,0.0013,0.0,0,0.0,0.012984067,0.0
15.5389,900.1291598814842,29.471190040811155,640000000.0,0.2,0.2,20.249999999999996,0.8,0.8,900.0,0.0013,0.0,0,0.0,0.009842649,0.0
15.540199999999999,900.1313274284636,30.10829491458551,640000000.0,0.2,0.2,20.249999999999996,0.8,0.8,900.0,0.0013,0.0,0,0.0,0.01001983,0.0
15.5415,900.1340685215476,29.48117364961701,640000000.0,0.2,0.2,20.249999999999996,0.8,0.8,900.0,0.0013,0.0,0,0.0,0.012972347,0.0
15.5428,900.1332983738162,30.588969916321222,640000000.0,0.2,0.2,20.249999999999996,0.8,0.8,900.0,0.0013,0.0,0,0.0,0.009827878,0.0
15.544099999999998,900.1363613235161,30.09579729225851,640000000.0,0.2,0.2,20.249999999999996,0.8,0.8,900.0,0.0013,0.0,0,0.0,0.010016509,0.0
15.545399999999999,900.1352736731362,30.36684500988724,640000000.0,0.2,0.2,20.249999999999996,0.8,0.8,900.0,0.0013,0.0,0,0.0,0.012986217,0.0
15.5467,900.1357738911438,31.66807076233309,640000000.0,0.2,0.2,20.249999999999996,0.8,0.8,900.0,0.0013,0.0,0,0.0,0.009897118,0.0
15.548,900.1387086257253,31.906125088276806,640000000.0,0.2,0.2,20.249999999999996,0.8,0.8,900.0,0.0013,0.0,0,0.0,0.010019359,0.0
15.549299999999999,900.1442188769639,31.556368421308136,640000000.0,0.2,0.2,20.249999999999996,0.8,0.8,900.0,0.0013,0.0,0,0.0,0.012977177,0.0
15.5506,900.1455753520361,31.72798759116416,640000000.0,0.2,0.2,20.249999999999996,0.8,0.8,900.0,0.0013,0.0,0,0.0,0.009859098,0.0
15.5519,900.1471969488418,32.03247211431999,640000000.0,0.2,0.2,20.249999999999996,0.8,0.8,900.0,0.0013,0.0,0,0.0,0.01002488,0.0
15.553199999999999,900.1461842977635,31.2902642541861,640000000.0,0.2,0.2,20.249999999999996,0.8,0.8,900.0,0.0013,0.0,0,0.0,0.012973837,0.0
15.554499999999999,900.1495446539803,31.319644214760615,640000000.0,0.2,0.2,20.249999999999996,0.8,0.8,900.0,0.0013,0.0,0,0.0,0.009850848,0.0
15.5558,900.1526065447143,31.059662695798224,640000000.0,0.2,0.2,20.249999999999996,0.8,0.8,900.0,0.0013,0.0,0,0.0,0.01004461,0.0
15.5571,900.1587412886611,30.749580092168728,640000000.0,0.2,0.2,20.249999999999996,0.8,0.8,900.0,0.0013,0.0,0,0.0,0.013027417,0.0
15.558399999999999,900.1582909682879,30.99508439469263,640000000.0,0.2,0.2,20.249999999999996,0.8,0.8,900.0,0.0013,0.0,0,0.0,0.009883258,0.0
15.5597,900.156135968965,31.95577149916878,640000000.0,0.2,0.2,20.249999999999996,0.8,0.8,900.0,0.0013,0.0,0,0.0,0.01006207,0.0
15.561,900.159799806892,32.25881815281003,640000000.0,0.2,0.2,20.249999999999996,0.8,0.8,900.0,0.0013,0.0,0,0.0,0.013046888,0.0
15.562299999999999,900.161075818612,32.332859586244126,640000000.0,0.2,0.2,20.249999999999996,0.8,0.8,900.0,0.0013,0.0,0,0.0,0.009885589,0.0
15.5636,900.1583097090967,33.184909599046605,640000000.0,0.2,0.2,20.249999999999996,0.8,0.8,900.0,0.0013,0.0,0,0.0,0.01007482,0.0
15.5649,900.1593424654866,33.875449852137876,640000000.0,0.2,0.2,20.249999999999996,0.8,0.8,900.0,0.0013,0.0,0,0.0,0.013028017,0.0
15.566199999999998,900.1614838321511,33.22030066833735,640000000.0,0.2,0.2,20.249999999999996,0.8,0.8,900.0,0.0013,0.0,0,0.0,0.009830208,0.0
15.567499999999999,900.1603235408757,33.31920851960751,640000000.0,0.2,0.2,20.249999999999996,0.8,0.8,900.0,0.0013,0.0,0,0.0,0.01001559,0.0
15.5688,900.1598751252544,32.790217374238765,640000000.0,0.2,0.2,20.249999999999996,0.8,0.8,900.0,0.0013,0.0,0,0.0,0.012970087,0.0
15.5701,900.1605971774496,34.0116921037471,640000000.0,0.2,0.2,20.249999999999996,0.8,0.8,900.0,0.0013,0.0,0,0.0,0.009859028,0.0
15.571399999999999,900.1607541905558,33.701990519542235,640000000.0,0.2,0.2,20.249999999999996,0.8,0.8,900.0,0.0013,0.0,0,0.0,0.010021209,0.0
15.5727,900.1595987120005,33.72223002485709,640000000.0,0.2,0.2,20.249999999999996,0.8,0.8,900.0,0.0013,0.0,0,0.0,0.013001597,0.0
15.574,900.1607250418652,34.239008262630165,640000000.0,0.2,0.2,20.249999999999996,0.8,0.8,900.0,0.0013,0.0,0,0.0,0.009835598,0.0
15.575299999999999,900.1627033544531,34.27026117224794,640000000.0,0.2,0.2,20.249999999999996,0.8,0.8,900.0,0.0013,0.0,0,0.0,0.010044259,0.0
15.5766,900.1592838769624,33.78084164005111,640000000.0,0.2,0.2,20.249999999999996,0.8,0.8,900.0,0.0013,0.0,0,0.0,0.012975606,0.0
15.5779,900.1619239131313,33.779604206459325,640000000.0,0.2,0.2,20.249999999999996,0.8,0.8,900.0,0.0013,0.0,0,0.0,0.009863828,0.0
15.5792,900.1623975129161,32.972427800945134,640000000.0,0.2,0.2,20.249999999999996,0.8,0.8,900.0,0.0013,0.0,0,0.0,0.01001035,0.0
15.580499999999999,900.1639180761467,32.9324542465455,640000000.0,0.2,0.2,20.249999999999996,0.8,0.8,900.0,0.0013,0.0,0,0.0,0.012984807,0.0
15.5818,900.1665830211881,31.87964543968195,640000000.0,0.2,0.2,20.249999999999996,0.8,0.8,900.0,0.0013,0.0,0,0.0,0.009852889,0.0
15.5831,900.1602507138463,32.3130757383423,640000000.0,0.2,0.2,20.249999999999996,0.8,0.8,900.0,0.0013,0.0,0,0.0,0.01007873,0.0
15.584399999999999,900.156679217053,33.643726394672875,640000000.0,0.2,0.2,20.249999999999996,0.8,0.8,900.0,0.0013,0.0,0,0.0,0.013011687,0.0
15.5857,900.1583950295071,33.29117835517286,640000000.0,0.2,0.2,20.249999999999996,0.8,0.8,900.0,0.0013,0.0,0,0.0,0.009884798,0.0
15.587,900.1527538661188,33.367845649525165,640000000.0,0.2,0.2,20.249999999999996,0.8,0.8,900.0,0.0013,0.0,0,0.0,0.010054689,0.0
15.588299999999998,900.1478814293854,33.82037898434236,640000000.0,0.2,0.2,20.249999999999996,0.8,0.8,900.0,0.0013,0.0,0,0.0,0.013021557,0.0
15.589599999999999,900.1523120610619,32.52389670935437,640000000.0,0.2,0.2,20.249999999999996,0.8,0.8,900.0,0.0013,0.0,0,0.0,0.009896999,0.0
15.5909,900.1553053758857,31.725947863690926,640000000.0,0.2,0.2,20.249999999999996,0.8,0.8,900.0,0.0013,0.0,0,0.0,0.01004662,0.0
15.5922,900.1587662902913,31.982324326958416,640000000.0,0.2,0.2,20.249999999999996,0.8,0.8,900.0,0.0013,0.0,0,0.0,0.012990997,0.0
15.593499999999999,900.1582408408119,31.792966845520585,640000000.0,0.2,0.2,20.249999999999996,0.8,0.8,900.0,0.0013,0.0,0,0.0,0.009856409,0.0
15.5948,900.1560604837715,31.489610316162523,640000000.0,0.2,0.2,20.249999999999996,0.8,0.8,900.0,0.0013,0.0,0,0.0,0.01003648,0.0
15.5961,900.1477358165623,32.31713259593534,640000000.0,0.2,0.2,20.249999999999996,0.8,0.8,900.0,0.0013,0.0,0,0.0,0.013012537,0.0
15.597399999999999,900.1392156218552,34.53705157446828,640000000.0,0.2,0.2,20.249999999999996,0.8,0.8,900.0,0.0013,0.0,0,0.0,0.009851359,0.0
15.5987,900.140612909718,33.86399685088235,640000000.0,0.2,0.2,20.249999999999996,0.8,0.8,900.0,0.0013,0.0,0,0.0,0.01006005,0.0
15.6,900.1423209831007,32.22704655611565,640000000.0,0.2,0.2,20.249999999999996,0.8,0.8,900.0,0.0013,0.0,0,0.0,0.013031737,0.0
15.6013,900.1431870129874,31.844403008312156,640000000.0,0.2,0.2,20.249999999999996,0.8,0.8,900.0,0.0013,0.0,0,0.0,0.009886098,0.0
15.602599999999999,900.1377793488047,31.474940280568774,640000000.0,0.2,0.2,20.249999999999996,0.8,0.8,900.0,0.0013,0.0,0,0.0,0.010027439,0.0
15.6039,900.1317436395715,31.786681461162924,640000000.0,0.2,0.2,20.249999999999996,0.8,0.8,900.0,0.0013,0.0,0,0.0,0.013003507,0.0
15.6052,900.1300082335069,32.82572523643773,640000000.0,0.2,0.2,20.249999999999996,0.8,0.8,900.0,0.0013,0.0,0,0.0,0.009852028,0.0
15.606499999999999,900.1264671946522,32.92752887420985,640000000.0,0.2,0.2,20.249999999999996,0.8,0.8,900.0,0.0013,0.0,0,0.0,0.010036659,0.0
15.6078,900.1223899354745,32.80056115035236,640000000.0,0.2,0.2,20.249999999999996,0.8,0.8,900.0,0.0013,0.0,0,0.0,0.012998827,0.0
15.6091,900.1189877309433,32.43353600594853,640000000.0,0.2,0.2,20.249999999999996,0.8,0.8,900.0,0.0013,0.0,0,0.0,0.009872538,0.0
15.610399999999998,900.1201871483516,31.426781448421906,640000000.0,0.2,0.2,20.249999999999996,0.8,0.8,900.0,0.0013,0.0,0,0.0,0.010033129,0.0
15.611699999999999,900.1162980510078,30.97500229501997,640000000.0,0.2,0.2,20.249999999999996,0.8,0.8,900.0,0.0013,0.0,0,0.0,0.013013687,0.0
15.613,900.1161765055343,31.261743563151615,640000000.0,0.2,0.2,20.249999999999996,0.8,0.8,900.0,0.0013,0.0,0,0.0,0.009871878,0.0
15.6143,900.1186365417491,30.217169869242337,640000000.0,0.2,0.2,20.249999999999996,0.8,0.8,900.0,0.0013,0.0,0,0.0,0.010027009,0.0
15.615599999999999,900.1191322846098,29.62842657722449,640000000.0,0.2,0.2,20.249999999999996,0.8,0.8,900.0,0.0013,0.0,0,0.0,0.012980867,0.0
15.6169,900.1140919869714,29.464196952408418,640000000.0,0.2,0.2,20.249999999999996,0.8,0.8,900.0,0.0013,0.0,0,0.0,0.009837678,0.0
15.6182,900.1127660388628,29.432862072982807,640000000.0,0.2,0.2,20.249999999999996,0.8,0.8,900.0,0.0013,0.0,0,0.0,0.01005705,0.0
15.619499999999999,900.1105304240557,29.10174950339379,640000000.0,0.2,0.2,20.249999999999996,0.8,0.8,900.0,0.0013,0.0,0,0.0,0.013005576,0.0
15.6208,900.1066819058234,29.4328171651609,640000000.0,0.2,0.2,20.249999999999996,0.8,0.8,900.0,0.0013,0.0,0,0.0,0.009862058,0.0
15.6221,900.1048121296218,30.053454161574308,640000000.0,0.2,0.2,20.249999999999996,0.8,0.8,900.0,0.0013,0.0,0,0.0,0.01028659,0.0
15.623399999999998,900.1025903291397,29.479422537650358,640000000.0,0.2,0.2,20.249999999999996,0.8,0.8,900.0,0.0013,0.0,0,0.0,0.014408385,0.0
15.624699999999999,900.1051918494497,29.060653562928717,640000000.0,0.2,0.2,20.249999999999996,0.8,0.8,900.0,0.0013,0.0,0,0.0,0.009909878,0.0
15.626,900.1091394201226,27.986790467300086,640000000.0,0.2,0.2,20.249999999999996,0.8,0.8,900.0,0.0013,0.0,0,0.0,0.010056399,0.0
15.6273,900.105109962961,27.646581393947937,640000000.0,0.2,0.2,20.249999999999996,0.8,0.8,900.0,0.0013,0.0,0,0.0,0.013023847,0.0
15.628599999999999,900.1016084691619,27.86866060160832,640000000.0,0.2,0.2,20.249999999999996,0.8,0.8,900.0,0.0013,0.0,0,0.0,0.009923899,0.0
15.6299,900.1004158645931,27.350962270306344,640000000.0,0.2,0.2,20.249999999999996,0.8,0.8,900.0,0.0013,0.0,0,0.0,0.010057779,0.0
15.6312,900.0959902697646,26.898240123917017,640000000.0,0.2,0.2,20.249999999999996,0.8,0.8,900.0,0.0013,0.0,0,0.0,0.013013347,0.0
15.632499999999999,900.0928934278882,26.750611371752623,640000000.0,0.2,0.2,20.249999999999996,0.8,0.8,900.0,0.0013,0.0,0,0.0,0.009848078,0.0
15.633799999999999,900.0891497641663,27.740665346652655,640000000.0,0.2,0.2,20.249999999999996,0.8,0.8,900.0,0.0013,0.0,0,0.0,0.010039109,0.0
15.6351,900.0881328136425,28.014142035520088,640000000.0,0.2,0.2,20.249999999999996,0.8,0.8,900.0,0.0013,0.0,0,0.0,0.013154378,0.0
15.6364,900.0902771654164,27.282483370454703,640000000.0,0.2,0.2,20.249999999999996,0.8,0.8,900.0,0.0013,0.0,0,0.0,0.009930678,0.0
15.637699999999999,900.0935584802879,25.88932668852863,640000000.0,0.2,0.2,20.249999999999996,0.8,0.8,900.0,0.0013,0.0,0,0.0,0.010046849,0.0
15.639,900.0905142226973,26.169262885796194,640000000.0,0.2,0.2,20.249999999999996,0.8,0.8,900.0,0.0013,0.0,0,0.0,0.012993157,0.0
15.6403,900.0879340649304,26.44152065808628,640000000.0,0.2,0.2,20.249999999999996,0.8,0.8,900.0,0.0013,0.0,0,0.0,0.009870209,0.0
15.641599999999999,900.0867444406156,25.4882093633958,640000000.0,0.2,0.2,20.249999999999996,0.8,0.8,900.0,0.0013,0.0,0,0.0,0.01017473,0.0
15.6429,900.0878762592213,25.197075499037958,640000000.0,0.2,0.2,20.249999999999996,0.8,0.8,900.0,0.0013,0.0,0,0.0,0.013148218,0.0
15.6442,900.0880590859423,24.822567719666008,640000000.0,0.2,0.2,20.249999999999996,0.8,0.8,900.0,0.0013,0.0,0,0.0,0.009876468,0.0
15.645499999999998,900.0877087828553,24.154944729137462,640000000.0,0.2,0.2,20.249999999999996,0.8,0.8,900.0,0.0013,0.0,0,0.0,0.01006331,0.0
15.646799999999999,900.0822396484249,23.927363582885334,640000000.0,0.2,0.2,20.249999999999996,0.8,0.8,900.0,0.0013,0.0,0,0.0,0.012985687,0.0
15.6481,900.0830853493699,24.793362023635485,640000000.0,0.2,0.2,20.249999999999996,0.8,0.8,900.0,0.0013,0.0,0,0.0,0.009889759,0.0
15.6494,900.0861556468012,24.15618738472788,640000000.0,0.2,0.2,20.249999999999996,0.8,0.8,900.0,0.0013,0.0,0,0.0,0.010264141,0.0
15.650699999999999,900.0850720176186,23.218884566041446,640000000.0,0.2,0.2,20.249999999999996,0.8,0.8,900.0,0.0013,0.0,0,0.0,0.013084188,0.0
15.652,900.0836703849085,23.701721722424093,640000000.0,0.2,0.2,20.249999999999996,0.8,0.8,900.0,0.0013,0.0,0,0.0,0.009886359,0.0
15.6533,900.0840125532451,23.752936144187924,640000000.0,0.2,0.2,20.249999999999996,0.8,0.8,900.0,0.0013,0.0,0,0.0,0.0100847,0.0
15.654599999999999,900.0861928776399,22.751936556995837,640000000.0,0.2,0.2,20.249999999999996,0.8,0.8,900.0,0.0013,0.0,0,0.0,0.013016717,0.0
15.655899999999999,900.0830524204712,22.83197355425405,640000000.0,0.2,0.2,20.249999999999996,0.8,0.8,900.0,0.0013,0.0,0,0.0,0.009869858,0.0
15.6572,900.0813449518527,23.568745448376195,640000000.0,0.2,0.2,20.249999999999996,0.8,0.8,900.0,0.0013,0.0,0,0.0,0.010059159,0.0
15.6585,900.0813204082597,23.346210154850116,640000000.0,0.2,0.2,20.249999999999996,0.8,0.8,900.0,0.0013,0.0,0,0.0,0.013016467,0.0
15.659799999999999,900.0803277839206,23.619835097113818,640000000.0,0.2,0.2,20.249999999999996,0.8,0.8,900.0,0.0013,0.0,0,0.0,0.009882059,0.0
15.6611,900.0792561873162,24.25642700100563,640000000.0,0.2,0.2,20.249999999999996,0.8,0.8,900.0,0.0013,0.0,0,0.0,0.01002797,0.0
15.6624,900.0788971490807,23.040942350102572,640000000.0,0.2,0.2,20.249999999999996,0.8,0.8,900.0,0.0013,0.0,0,0.0,0.013012417,0.0
15.663699999999999,900.0752860050525,23.135159545903733,640000000.0,0.2,0.2,20.249999999999996,0.8,0.8,900.0,0.0013,0.0,0,0.0,0.009908549,0.0
15.665,900.0762101578291,23.015947775842967,640000000.0,0.2,0.2,20.249999999999996,0.8,0.8,900.0,0.0013,0.0,0,0.0,0.01003546,0.0
15.6663,900.0792138351129,21.764449503636694,640000000.0,0.2,0.2,20.249999999999996,0.8,0.8,900.0,0.0013,0.0,0,0.0,0.013105018,0.0
15.667599999999998,900.0787809732964,21.37079401488623,640000000.0,0.2,0.2,20.249999999999996,0.8,0.8,900.0,0.0013,0.0,0,0.0,0.01006418,0.0
15.668899999999999,900.0801203126312,22.097782605945753,640000000.0,0.2,0.2,20.249999999999996,0.8,0.8,900.0,0.0013,0.0,0,0.0,0.01004023,0.0
15.6702,900.077738844099,21.771188870970533,640000000.0,0.2,0.2,20.249999999999996,0.8,0.8,900.0,0.0013,0.0,0,0.0,0.012969997,0.0
15.6715,900.0740226216974,22.0591422401066,640000000.0,0.2,0.2,20.249999999999996,0.8,0.8,900.0,0.0013,0.0,0,0.0,0.009906649,0.0
15.672799999999999,900.0764020230326,22.334176686188663,640000000.0,0.2,0.2,20.249999999999996,0.8,0.8,900.0,0.0013,0.0,0,0.0,0.01004047,0.0
15.6741,900.0798818586611,21.5761320327355,640000000.0,0.2,0.2,20.249999999999996,0.8,0.8,900.0,0.0013,0.0,0,0.0,0.013022647,0.0
15.6754,900.0781443988872,21.40765671344568,640000000.0,0.2,0.2,20.249999999999996,0.8,0.8,900.0,0.0013,0.0,0,0.0,0.009865438,0.0
15.676699999999999,900.0744862604173,21.769385961178333,640000000.0,0.2,0.2,20.249999999999996,0.8,0.8,900.0,0.0013,0.0,0,0.0,0.010065039,0.0
15.677999999999999,900.0741044240403,22.158290098147532,640000000.0,0.2,0.2,20.249999999999996,0.8,0.8,900.0,0.0013,0.0,0,0.0,0.012990806,0.0
15.6793,900.0753287563513,22.31580807403964,640000000.0,0.2,0.2,20.249999999999996,0.8,0.8,900.0,0.0013,0.0,0,0.0,0.009871338,0.0
15.6806,900.0767860579925,22.621344127606097,640000000.0,0.2,0.2,20.249999999999996,0.8,0.8,900.0,0.0013,0.0,0,0.0,0.010062809,0.0
15.681899999999999,900.0782327609522,22.869792646555144,640000000.0,0.2,0.2,20.249999999999996,0.8,0.8,900.0,0.0013,0.0,0,0.0,0.013036717,0.0
15.6832,900.082318521818,22.590552062899818,640000000.0,0.2,0.2,20.249999999999996,0.8,0.8,900.0,0.0013,0.0,0,0.0,0.009895109,0.0
15.6845,900.0856779251276,22.398360587714233,640000000.0,0.2,0.2,20.249999999999996,0.8,0.8,900.0,0.0013,0.0,0,0.0,0.01010466,0.0
15.685799999999999,900.0861098863008,22.256980144310294,640000000.0,0.2,0.2,20.249999999999996,0.8,0.8,900.0,0.0013,0.0,0,0.0,0.013057338,0.0
15.6871,900.0839535306984,22.514937762156492,640000000.0,0.2,0.2,20.249999999999996,0.8,0.8,900.0,0.0013,0.0,0,0.0,0.009921479,0.0
15.6884,900.0852039272261,23.128452869556384,640000000.0,0.2,0.2,20.249999999999996,0.8,0.8,900.0,0.0013,0.0,0,0.0,0.010072059,0.0
15.689699999999998,900.090330083027,22.61459945567961,640000000.0,0.2,0.2,20.249999999999996,0.8,0.8,900.0,0.0013,0.0,0,0.0,0.013081288,0.0
15.690999999999999,900.089476646398,23.39238636664759,640000000.0,0.2,0.2,20.249999999999996,0.8,0.8,900.0,0.0013,0.0,0,0.0,0.009912929,0.0
15.6923,900.0919627490313,23.652427084626645,640000000.0,0.2,0.2,20.249999999999996,0.8,0.8,900.0,0.0013,0.0,0,0.0,0.01010951,0.0
15.6936,900.0936357600362,22.694404126507212,640000000.0,0.2,0.2,20.249999999999996,0.8,0.8,900.0,0.0013,0.0,0,0.0,0.013048647,0.0
15.694899999999999,900.0910873411742,22.710431867274835,640000000.0,0.2,0.2,20.249999999999996,0.8,0.8,900.0,0.0013,0.0,0,0.0,0.009924009,0.0
15.6962,900.0830192437177,23.811511690401463,640000000.0,0.2,0.2,20.249999999999996,0.8,0.8,900.0,0.0013,0.0,0,0.0,0.010072849,0.0
15.6975,900.0844101003327,25.314804447258233,640000000.0,0.2,0.2,20.249999999999996,0.8,0.8,900.0,0.0013,0.0,0,0.0,0.013028507,0.0
15.698799999999999,900.0895324936757,25.041929549927936,640000000.0,0.2,0.2,20.249999999999996,0.8,0.8,900.0,0.0013,0.0,0,0.0,0.009911599,0.0
15.700099999999999,900.090156837854,25.541262658322818,640000000.0,0.2,0.2,20.249999999999996,0.8,0.8,900.0,0.0013,0.0,0,0.0,0.01009455,0.0
15.7014,900.0894945267604,25.786303503730938,640000000.0,0.2,0.2,20.249999999999996,0.8,0.8,900.0,0.0013,0.0,0,0.0,0.013024887,0.0
15.7027,900.0923815789314,25.447383497276135,640000000.0,0.2,0.2,20.249999999999996,0.8,0.8,900.0,0.0013,0.0,0,0.0,0.009906248,0.0
15.703999999999999,900.093240375929,24.603176756419973,640000000.0,0.2,0.2,20.249999999999996,0.8,0.8,900.0,0.0013,0.0,0,0.0,0.01007746,0.0
15.7053,900.0935680320299,25.60523317746445,640000000.0,0.2,0.2,20.249999999999996,0.8,0.8,900.0,0.0013,0.0,0,0.0,0.013031577,0.0
15.7066,900.0962662232789,25.576373623973883,640000000.0,0.2,0.2,20.249999999999996,0.8,0.8,900.0,0.0013,0.0,0,0.0,0.009903658,0.0
15.707899999999999,900.0976087778215,25.34301838407712,640000000.0,0.2,0.2,20.249999999999996,0.8,0.8,900.0,0.0013,0.0,0,0.0,0.010095219,0.0
15.7092,900.1007643888771,25.363535762286162,640000000.0,0.2,0.2,20.249999999999996,0.8,0.8,900.0,0.0013,0.0,0,0.0,0.013001717,0.0
15.7105,900.1016304653053,25.018907920656122,640000000.0,0.2,0.2,20.249999999999996,0.8,0.8,900.0,0.0013,0.0,0,0.0,0.009887529,0.0
15.711799999999998,900.1026594302983,26.317016295106548,640000000.0,0.2,0.2,20.249999999999996,0.8,0.8,900.0,0.0013,0.0,0,0.0,0.010037329,0.0
15.713099999999999,900.1079443532577,27.208214698848415,640000000.0,0.2,0.2,20.249999999999996,0.8,0.8,900.0,0.0013,0.0,0,0.0,0.013006887,0.0
15.7144,900.1099146608404,26.90826778404449,640000000.0,0.2,0.2,20.249999999999996,0.8,0.8,900.0,0.0013,0.0,0,0.0,0.009846798,0.0
15.7157,900.107470043965,27.635449110694307,640000000.0,0.2,0.2,20.249999999999996,0.8,0.8,900.0,0.0013,0.0,0,0.0,0.01005299,0.0
15.716999999999999,900.1082655562508,28.167379733363,640000000.0,0.2,0.2,20.249999999999996,0.8,0.8,900.0,0.0013,0.0,0,0.0,0.012999777,0.0
15.7183,900.10934368531,28.312462266766833,640000000.0,0.2,0.2,20.249999999999996,0.8,0.8,900.0,0.0013,0.0,0,0.0,0.009858979,0.0
15.7196,900.1114301057513,29.201222631198277,640000000.0,0.2,0.2,20.249999999999996,0.8,0.8,900.0,0.0013,0.0,0,0.0,0.0100529,0.0
15.720899999999999,900.1132368555601,28.617815844179308,640000000.0,0.2,0.2,20.249999999999996,0.8,0.8,900.0,0.0013,0.0,0,0.0,0.012978247,0.0
15.722199999999999,900.1099654508326,28.867429817779676,640000000.0,0.2,0.2,20.249999999999996,0.8,0.8,900.0,0.0013,0.0,0,0.0,0.009839119,0.0
15.7235,900.1095280539633,29.624734056725337,640000000.0,0.2,0.2,20.249999999999996,0.8,0.8,900.0,0.0013,0.0,0,0.0,0.01002669,0.0
15.7248,900.1205701514028,29.450132917385645,640000000.0,0.2,0.2,20.249999999999996,0.8,0.8,900.0,0.0013,0.0,0,0.0,0.013000197,0.0
15.726099999999999,900.1269122734561,27.96571705913494,640000000.0,0.2,0.2,20.249999999999996,0.8,0.8,900.0,0.0013,0.0,0,0.0,0.009871099,0.0
15.7274,900.1243359284246,28.055699747531197,640000000.0,0.2,0.2,20.249999999999996,0.8,0.8,900.0,0.0013,0.0,0,0.0,0.010020709,0.0
15.7287,900.1217894448259,29.083755036119268,640000000.0,0.2,0.2,20.249999999999996,0.8,0.8,900.0,0.0013,0.0,0,0.0,0.013016997,0.0
15.729999999999999,900.1249638162693,28.9538733182512,640000000.0,0.2,0.2,20.249999999999996,0.8,0.8,900.0,0.0013,0.0,0,0.0,0.009864059,0.0
15.7313,900.1265758122909,28.017514131483768,640000000.0,0.2,0.2,20.249999999999996,0.8,0.8,900.0,0.0013,0.0,0,0.0,0.01004085,0.0
15.7326,900.1225814803203,29.751878908391276,640000000.0,0.2,0.2,20.249999999999996,0.8,0.8,900.0,0.0013,0.0,0,0.0,0.013017207,0.0
15.733899999999998,900.1224505448592,31.523362950741298,640000000.0,0.2,0.2,20.249999999999996,0.8,0.8,900.0,0.0013,0.0,0,0.0,0.009894438,0.0
15.735199999999999,900.1260720777832,31.468017618985662,640000000.0,0.2,0.2,20.249999999999996,0.8,0.8,900.0,0.0013,0.0,0,0.0,0.0100524,0.0
15.7365,900.1290375964559,31.703978185148895,640000000.0,0.2,0.2,20.249999999999996,0.8,0.8,900.0,0.0013,0.0,0,0.0,0.013019737,0.0
15.7378,900.1342361635427,30.96406323450438,640000000.0,0.2,0.2,20.249999999999996,0.8,0.8,900.0,0.0013,0.0,0,0.0,0.009883248,0.0
15.739099999999999,900.1405984461683,31.16185392685173,640000000.0,0.2,0.2,20.249999999999996,0.8,0.8,900.0,0.0013,0.0,0,0.0,0.010070529,0.0
15.7404,900.1414087056238,31.42438257332262,640000000.0,0.2,0.2,20.249999999999996,0.8,0.8,900.0,0.0013,0.0,0,0.0,0.013014347,0.0
15.7417,900.1391737012068,32.53349047765561,640000000.0,0.2,0.2,20.249999999999996,0.8,0.8,900.0,0.0013,0.0,0,0.0,0.009894039,0.0
15.742999999999999,900.1401796138529,32.540579998952474,640000000.0,0.2,0.2,20.249999999999996,0.8,0.8,900.0,0.0013,0.0,0,0.0,0.01010485,0.0
15.744299999999999,900.1393158451651,32.86125007575173,640000000.0,0.2,0.2,20.249999999999996,0.8,0.8,900.0,0.0013,0.0,0,0.0,0.013026888,0.0
15.7456,900.1407666403124,32.979893947206534,640000000.0,0.2,0.2,20.249999999999996,0.8,0.8,900.0,0.0013,0.0,0,0.0,0.009897999,0.0
15.7469,900.1449481158979,32.656066663016134,640000000.0,0.2,0.2,20.249999999999996,0.8,0.8,900.0,0.0013,0.0,0,0.0,0.01007151,0.0
15.748199999999999,900.1505367417997,31.662667033403796,640000000.0,0.2,0.2,20.249999999999996,0.8,0.8,900.0,0.0013,0.0,0,0.0,0.012999997,0.0
15.7495,900.152178434011,30.424096559692362,640000000.0,0.2,0.2,20.249999999999996,0.8,0.8,900.0,0.0013,0.0,0,0.0,0.009884479,0.0
15.7508,900.1475760494626,32.2526622373679,640000000.0,0.2,0.2,20.249999999999996,0.8,0.8,900.0,0.0013,0.0,0,0.0,0.010059269,0.0
15.752099999999999,900.1451895310532,32.81330662714326,640000000.0,0.2,0.2,20.249999999999996,0.8,0.8,900.0,0.0013,0.0,0,0.0,0.013018817,0.0
15.7534,900.1465739996615,32.16200055702269,640000000.0,0.2,0.2,20.249999999999996,0.8,0.8,900.0,0.0013,0.0,0,0.0,0.009875928,0.0
15.7547,900.1506913926942,32.78549548629822,640000000.0,0.2,0.2,20.249999999999996,0.8,0.8,900.0,0.0013,0.0,0,0.0,0.010067459,0.0
15.755999999999998,900.1490958291862,32.42222594227306,640000000.0,0.2,0.2,20.249999999999996,0.8,0.8,900.0,0.0013,0.0,0,0.0,0.013029947,0.0
15.757299999999999,900.1459662368728,33.53040425147528,640000000.0,0.2,0.2,20.249999999999996,0.8,0.8,900.0,0.0013,0.0,0,0.0,0.009893759,0.0
15.7586,900.1495537836015,32.77395488709971,640000000.0,0.2,0.2,20.249999999999996,0.8,0.8,900.0,0.0013,0.0,0,0.0,0.01003067,0.0
15.7599,900.1510721683785,30.97940967564322,640000000.0,0.2,0.2,20.249999999999996,0.8,0.8,900.0,0.0013,0.0,0,0.0,0.012996037,0.0
15.761199999999999,900.1492452509152,31.495217210367084,640000000.0,0.2,0.2,20.249999999999996,0.8,0.8,900.0,0.0013,0.0,0,0.0,0.009892108,0.0
15.7625,900.1460040210411,31.968737870048674,640000000.0,0.2,0.2,20.249999999999996,0.8,0.8,900.0,0.0013,0.0,0,0.0,0.01007088,0.0
15.7638,900.146946428261,32.15681454406317,640000000.0,0.2,0.2,20.249999999999996,0.8,0.8,900.0,0.0013,0.0,0,0.0,0.012979866,0.0
15.765099999999999,900.1506162463528,31.791819848857088,640000000.0,0.2,0.2,20.249999999999996,0.8,0.8,900.0,0.0013,0.0,0,0.0,0.009908128,0.0
15.766399999999999,900.1482194073336,31.026659615473637,640000000.0,0.2,0.2,20.249999999999996,0.8,0.8,900.0,0.0013,0.0,0,0.0,0.010065739,0.0
15.7677,900.1450747056825,32.17481010622067,640000000.0,0.2,0.2,20.249999999999996,0.8,0.8,900.0,0.0013,0.0,0,0.0,0.013048367,0.0
15.769,900.1468543126175,32.88393690855533,640000000.0,0.2,0.2,20.249999999999996,0.8,0.8,900.0,0.0013,0.0,0,0.0,0.009882418,0.0
15.770299999999999,900.1505850719137,33.40473343057112,640000000.0,0.2,0.2,20.249999999999996,0.8,0.8,900.0,0.0013,0.0,0,0.0,0.010056909,0.0
15.7716,900.1567727264213,31.914803902382694,640000000.0,0.2,0.2,20.249999999999996,0.8,0.8,900.0,0.0013,0.0,0,0.0,0.013048098,0.0
15.7729,900.1559219630037,30.73259677354493,640000000.0,0.2,0.2,20.249999999999996,0.8,0.8,900.0,0.0013,0.0,0,0.0,0.009923469,0.0
15.774199999999999,900.154706225156,32.50748491891388,640000000.0,0.2,0.2,20.249999999999996,0.8,0.8,900.0,0.0013,0.0,0,0.0,0.01009816,0.0
15.7755,900.1560088587268,31.96522586912948,640000000.0,0.2,0.2,20.249999999999996,0.8,0.8,900.0,0.0013,0.0,0,0.0,0.013057538,0.0
15.7768,900.1529528859973,32.08230244564045,640000000.0,0.2,0.2,20.249999999999996,0.8,0.8,900.0,0.0013,0.0,0,0.0,0.009895339,0.0
15.778099999999998,900.147555953468,33.07348374661081,640000000.0,0.2,0.2,20.249999999999996,0.8,0.8,900.0,0.0013,0.0,0,0.0,0.01007606,0.0
15.779399999999999,900.1477107672148,33.45414668028804,640000000.0,0.2,0.2,20.249999999999996,0.8,0.8,900.0,0.0013,0.0,0,0.0,0.013078528,0.0
15.7807,900.1545396444234,32.48271524074302,640000000.0,0.2,0.2,20.249999999999996,0.8,0.8,900.0,0.0013,0.0,0,0.0,0.009917289,0.0
15.782,900.1552595713262,31.177564431517023,640000000.0,0.2,0.2,20.249999999999996,0.8,0.8,900.0,0.0013,0.0,0,0.0,0.01007016,0.0
15.783299999999999,900.1509049368264,32.61676437474698,640000000.0,0.2,0.2,20.249999999999996,0.8,0.8,900.0,0.0013,0.0,0,0.0,0.013037607,0.0
15.7846,900.1471097829905,33.30052341416557,640000000.0,0.2,0.2,20.249999999999996,0.8,0.8,900.0,0.0013,0.0,0,0.0,0.009902998,0.0
15.7859,900.1478609666328,32.84477194003179,640000000.0,0.2,0.2,20.249999999999996,0.8,0.8,900.0,0.0013,0.0,0,0.0,0.01010125,0.0
15.787199999999999,900.147980291979,32.75506319096652,640000000.0,0.2,0.2,20.249999999999996,0.8,0.8,900.0,0.0013,0.0,0,0.0,0.013044957,0.0
15.788499999999999,900.1479942878875,32.6261143490517,640000000.0,0.2,0.2,20.249999999999996,0.8,0.8,900.0,0.0013,0.0,0,0.0,0.009923188,0.0
15.7898,900.1456274561051,33.00310491875346,640000000.0,0.2,0.2,20.249999999999996,0.8,0.8,900.0,0.0013,0.0,0,0.0,0.01009047,0.0
15.7911,900.1461329705587,32.79136090096801,640000000.0,0.2,0.2,20.249999999999996,0.8,0.8,900.0,0.0013,0.0,0,0.0,0.013043877,0.0
15.792399999999999,900.1468335604258,31.868620800513753,640000000.0,0.2,0.2,20.249999999999996,0.8,0.8,900.0,0.0013,0.0,0,0.0,0.009903548,0.0
15.7937,900.1419334071226,32.38665131794513,640000000.0,0.2,0.2,20.249999999999996,0.8,0.8,900.0,0.0013,0.0,0,0.0,0.01008532,0.0
15.795,900.1418727788513,32.54627827771173,640000000.0,0.2,0.2,20.249999999999996,0.8,0.8,900.0,0.0013,0.0,0,0.0,0.013045817,0.0
15.796299999999999,900.1403766263293,31.76863520374483,640000000.0,0.2,0.2,20.249999999999996,0.8,0.8,900.0,0.0013,0.0,0,0.0,0.009937048,0.0
15.7976,900.1382313361293,32.073519750813446,640000000.0,0.2,0.2,20.249999999999996,0.8,0.8,900.0,0.0013,0.0,0,0.0,0.01008092,0.0
15.7989,900.1380688306713,31.27732054626226,640000000.0,0.2,0.2,20.249999999999996,0.8,0.8,900.0,0.0013,0.0,0,0.0,0.013042807,0.0
15.800199999999998,900.1371514451927,30.87281195702642,640000000.0,0.2,0.2,20.249999999999996,0.8,0.8,900.0,0.0013,0.0,0,0.0,0.009895668,0.0
15.801499999999999,900.1328570368773,30.68727945920326,640000000.0,0.2,0.2,20.249999999999996,0.8,0.8,900.0,0.0013,0.0,0,0.0,0.01007962,0.0
15.8028,900.1276172123605,31.830217563739136,640000000.0,0.2,0.2,20.249999999999996,0.8,0.8,900.0,0.0013,0.0,0,0.0,0.013039737,0.0
15.8041,900.122994381679,31.79494925286458,640000000.0,0.2,0.2,20.249999999999996,0.8,0.8,900.0,0.0013,0.0,0,0.0,0.009913119,0.0
15.805399999999999,900.1206955851641,31.044216204634875,640000000.0,0.2,0.2,20.249999999999996,0.8,0.8,900.0,0.0013,0.0,0,0.0,0.0100849,0.0
15.8067,900.1190340346632,31.101466680813026,640000000.0,0.2,0.2,20.249999999999996,0.8,0.8,900.0,0.0013,0.0,0,0.0,0.013055757,0.0
15.808,900.1176719506436,30.202742988057455,640000000.0,0.2,0.2,20.249999999999996,0.8,0.8,900.0,0.0013,0.0,0,0.0,0.009890799,0.0
15.809299999999999,900.1201429863968,30.485304656578265,640000000.0,0.2,0.2,20.249999999999996,0.8,0.8,900.0,0.0013,0.0,0,0.0,0.01006316,0.0
15.810599999999999,900.121080078352,30.00819214482603,640000000.0,0.2,0.2,20.249999999999996,0.8,0.8,900.0,0.0013,0.0,0,0.0,0.013029137,0.0
15.8119,900.1178949075014,29.994580976087747,640000000.0,0.2,0.2,20.249999999999996,0.8,0.8,900.0,0.0013,0.0,0,0.0,0.009911358,0.0
15.8132,900.1174868007848,30.00245625526973,640000000.0,0.2,0.2,20.249999999999996,0.8,0.8,900.0,0.0013,0.0,0,0.0,0.010070329,0.0
15.814499999999999,900.1159690759785,30.22382818501425,640000000.0,0.2,0.2,20.249999999999996,0.8,0.8,900.0,0.0013,0.0,0,0.0,0.013072827,0.0
15.8158,900.113266945472,29.80016787073064,640000000.0,0.2,0.2,20.249999999999996,0.8,0.8,900.0,0.0013,0.0,0,0.0,0.009911078,0.0
15.8171,900.1175627700469,29.408135330741647,640000000.0,0.2,0.2,20.249999999999996,0.8,0.8,900.0,0.0013,0.0,0,0.0,0.01010582,0.0
15.818399999999999,900.1139616303944,28.539632307745993,640000000.0,0.2,0.2,20.249999999999996,0.8,0.8,900.0,0.0013,0.0,0,0.0,0.013037037,0.0
15.8197,900.1118031668483,28.993036225581328,640000000.0,0.2,0.2,20.249999999999996,0.8,0.8,900.0,0.0013,0.0,0,0.0,0.009920978,0.0
15.821,900.1087136834517,28.65681509927458,640000000.0,0.2,0.2,20.249999999999996,0.8,0.8,900.0,0.0013,0.0,0,0.0,0.010085859,0.0
15.822299999999998,900.1030842173445,29.142666170735247,640000000.0,0.2,0.2,20.249999999999996,0.8,0.8,900.0,0.0013,0.0,0,0.0,0.013043257,0.0
15.823599999999999,900.106478270748,28.04826040278963,640000000.0,0.2,0.2,20.249999999999996,0.8,0.8,900.0,0.0013,0.0,0,0.0,0.009900308,0.0
15.8249,900.1066645264574,27.318907717842634,640000000.0,0.2,0.2,20.249999999999996,0.8,0.8,900.0,0.0013,0.0,0,0.0,0.01008153,0.0
15.8262,900.103727905877,27.52700964151385,640000000.0,0.2,0.2,20.249999999999996,0.8,0.8,900.0,0.0013,0.0,0,0.0,0.013008447,0.0
15.827499999999999,900.0993278626868,27.571260574432802,640000000.0,0.2,0.2,20.249999999999996,0.8,0.8,900.0,0.0013,0.0,0,0.0,0.009894748,0.0
15.8288,900.0988849827738,27.973995701135348,640000000.0,0.2,0.2,20.249999999999996,0.8,0.8,900.0,0.0013,0.0,0,0.0,0.01007175,0.0
15.8301,900.1011203659482,27.02430762827718,640000000.0,0.2,0.2,20.249999999999996,0.8,0.8,900.0,0.0013,0.0,0,0.0,0.013022407,0.0
15.831399999999999,900.0997789642072,25.911323854096334,640000000.0,0.2,0.2,20.249999999999996,0.8,0.8,900.0,0.0013,0.0,0,0.0,0.009884818,0.0
15.832699999999999,900.0970939940192,26.37069831328748,640000000.0,0.2,0.2,20.249999999999996,0.8,0.8,900.0,0.0013,0.0,0,0.0,0.01009765,0.0
15.834,900.098217896365,25.993302631161423,640000000.0,0.2,0.2,20.249999999999996,0.8,0.8,900.0,0.0013,0.0,0,0.0,0.013017127,0.0
15.8353,900.0992142298111,24.602131473203656,640000000.0,0.2,0.2,20.249999999999996,0.8,0.8,900.0,0.0013,0.0,0,0.0,0.009905199,0.0
15.836599999999999,900.0960014994379,25.340430635689323,640000000.0,0.2,0.2,20.249999999999996,0.8,0.8,900.0,0.0013,0.0,0,0.0,0.0100651,0.0
15.8379,900.089720121742,25.797260505191137,640000000.0,0.2,0.2,20.249999999999996,0.8,0.8,900.0,0.0013,0.0,0,0.0,0.013037877,0.0
15.8392,900.0883295363521,26.03797790870751,640000000.0,0.2,0.2,20.249999999999996,0.8,0.8,900.0,0.0013,0.0,0,0.0,0.009872748,0.0
15.840499999999999,900.0931784139026,24.58067067714875,640000000.0,0.2,0.2,20.249999999999996,0.8,0.8,900.0,0.0013,0.0,0,0.0,0.010094559,0.0
15.8418,900.0962390530816,23.55545061443057,640000000.0,0.2,0.2,20.249999999999996,0.8,0.8,900.0,0.0013,0.0,0,0.0,0.013043027,0.0
15.8431,900.0958352171912,23.68703777403514,640000000.0,0.2,0.2,20.249999999999996,0.8,0.8,900.0,0.0013,0.0,0,0.0,0.009942229,0.0
15.844399999999998,900.0880329923002,24.226929457230554,640000000.0,0.2,0.2,20.249999999999996,0.8,0.8,900.0,0.0013,0.0,0,0.0,0.010101199,0.0
15.845699999999999,900.0823128987571,25.50812401166048,640000000.0,0.2,0.2,20.249999999999996,0.8,0.8,900.0,0.0013,0.0,0,0.0,0.013056297,0.0
15.847,900.0831720758574,24.691966389168076,640000000.0,0.2,0.2,20.249999999999996,0.8,0.8,900.0,0.0013,0.0,0,0.0,0.009917809,0.0
15.8483,900.0839351071227,24.362166723191827,640000000.0,0.2,0.2,20.249999999999996,0.8,0.8,900.0,0.0013,0.0,0,0.0,0.0101199,0.0
15.849599999999999,900.0849082988781,24.225976771833402,640000000.0,0.2,0.2,20.249999999999996,0.8,0.8,900.0,0.0013,0.0,0,0.0,0.013043137,0.0
15.8509,900.0879759403994,23.570053450925208,640000000.0,0.2,0.2,20.249999999999996,0.8,0.8,900.0,0.0013,0.0,0,0.0,0.009928718,0.0
15.8522,900.0853121603274,23.63841181088363,640000000.0,0.2,0.2,20.249999999999996,0.8,0.8,900.0,0.0013,0.0,0,0.0,0.01007897,0.0
15.853499999999999,900.0836807633151,23.836613960189386,640000000.0,0.2,0.2,20.249999999999996,0.8,0.8,900.0,0.0013,0.0,0,0.0,0.013039757,0.0
15.8548,900.0854438233812,23.968686693071444,640000000.0,0.2,0.2,20.249999999999996,0.8,0.8,900.0,0.0013,0.0,0,0.0,0.009904089,0.0
15.8561,900.089225281986,22.577276950258245,640000000.0,0.2,0.2,20.249999999999996,0.8,0.8,900.0,0.0013,0.0,0,0.0,0.010066539,0.0
15.857399999999998,900.0868714144102,22.267077266190338,640000000.0,0.2,0.2,20.249999999999996,0.8,0.8,900.0,0.0013,0.0,0,0.0,0.013029207,0.0
15.858699999999999,900.0829881274454,22.90759859563003,640000000.0,0.2,0.2,20.249999999999996,0.8,0.8,900.0,0.0013,0.0,0,0.0,0.009897669,0.0
15.86,900.0811639507607,22.795263678747272,640000000.0,0.2,0.2,20.249999999999996,0.8,0.8,900.0,0.0013,0.0,0,0.0,0.01006785,0.0
15.8613,900.0840807745192,22.679302797061236,640000000.0,0.2,0.2,20.249999999999996,0.8,0.8,900.0,0.0013,0.0,0,0.0,0.013043517,0.0
15.862599999999999,900.0850054002289,21.835447785052946,640000000.0,0.2,0.2,20.249999999999996,0.8,0.8,900.0,0.0013,0.0,0,0.0,0.009887608,0.0
15.8639,900.0853243838018,21.6447693539304,640000000.0,0.2,0.2,20.249999999999996,0.8,0.8,900.0,0.0013,0.0,0,0.0,0.01008594,0.0
15.8652,900.0846975519876,21.956771244742104,640000000.0,0.2,0.2,20.249999999999996,0.8,0.8,900.0,0.0013,0.0,0,0.0,0.013041647,0.0
15.866499999999998,900.0839018586371,21.809116545504903,640000000.0,0.2,0.2,20.249999999999996,0.8,0.8,900.0,0.0013,0.0,0,0.0,0.009894369,0.0
15.867799999999999,900.0816785176328,22.605747422295273,640000000.0,0.2,0.2,20.249999999999996,0.8,0.8,900.0,0.0013,0.0,0,0.0,0.01009753,0.0
15.8691,900.0833018514114,22.843625614411103,640000000.0,0.2,0.2,20.249999999999996,0.8,0.8,900.0,0.0013,0.0,0,0.0,0.013041987,0.0
15.8704,900.0861423891395,21.78131359659139,640000000.0,0.2,0.2,20.249999999999996,0.8,0.8,900.0,0.0013,0.0,0,0.0,0.009886099,0.0
15.871699999999999,900.0858761543611,21.296083263110493,640000000.0,0.2,0.2,20.249999999999996,0.8,0.8,900.0,0.0013,0.0,0,0.0,0.01007456,0.0
15.873,900.0854247499515,21.309677818045312,640000000.0,0.2,0.2,20.249999999999996,0.8,0.8,900.0,0.0013,0.0,0,0.0,0.013032707,0.0
15.8743,900.083705319965,21.579035918085363,640000000.0,0.2,0.2,20.249999999999996,0.8,0.8,900.0,0.0013,0.0,0,0.0,0.009916238,0.0
15.875599999999999,900.0786299689124,22.38625555659693,640000000.0,0.2,0.2,20.249999999999996,0.8,0.8,900.0,0.0013,0.0,0,0.0,0.01008006,0.0
15.8769,900.0804588389404,22.67429417569349,640000000.0,0.2,0.2,20.249999999999996,0.8,0.8,900.0,0.0013,0.0,0,0.0,0.013025507,0.0
15.8782,900.0880773240709,22.146134049289945,640000000.0,0.2,0.2,20.249999999999996,0.8,0.8,900.0,0.0013,0.0,0,0.0,0.009882429,0.0
15.879499999999998,900.088463146334,21.74646927889978,640000000.0,0.2,0.2,20.249999999999996,0.8,0.8,900.0,0.0013,0.0,0,0.0,0.01008633,0.0
15.880799999999999,900.0875630058758,22.537708389173886,640000000.0,0.2,0.2,20.249999999999996,0.8,0.8,900.0,0.0013,0.0,0,0.0,0.013012157,0.0
15.8821,900.0867686607577,22.549482805433918,640000000.0,0.2,0.2,20.249999999999996,0.8,0.8,900.0,0.0013,0.0,0,0.0,0.009900458,0.0
15.8834,900.0886846652432,22.788433857123724,640000000.0,0.2,0.2,20.249999999999996,0.8,0.8,900.0,0.0013,0.0,0,0.0,0.01008056,0.0
15.884699999999999,900.0888459113559,23.129031620735276,640000000.0,0.2,0.2,20.249999999999996,0.8,0.8,900.0,0.0013,0.0,0,0.0,0.013024797,0.0
15.886,900.0895205120688,22.506213059351722,640000000.0,0.2,0.2,20.249999999999996,0.8,0.8,900.0,0.0013,0.0,0,0.0,0.009907568,0.0
15.8873,900.0926743528803,22.66594347316409,640000000.0,0.2,0.2,20.249999999999996,0.8,0.8,900.0,0.0013,0.0,0,0.0,0.010077939,0.0
15.888599999999999,900.0922865023432,23.13150424212255,640000000.0,0.2,0.2,20.249999999999996,0.8,0.8,900.0,0.0013,0.0,0,0.0,0.013020187,0.0
15.889899999999999,900.0930120815087,23.69113610766618,640000000.0,0.2,0.2,20.249999999999996,0.8,0.8,900.0,0.0013,0.0,0,0.0,0.009899289,0.0
15.8912,900.0882058395289,24.19085614122404,640000000.0,0.2,0.2,20.249999999999996,0.8,0.8,900.0,0.0013,0.0,0,0.0,0.01006415,0.0
15.8925,900.0877134111487,24.763448523177534,640000000.0,0.2,0.2,20.249999999999996,0.8,0.8,900.0,0.0013,0.0,0,0.0,0.013038468,0.0
15.893799999999999,900.090413284688,24.792929638436508,640000000.0,0.2,0.2,20.249999999999996,0.8,0.8,900.0,0.0013,0.0,0,0.0,0.009871658,0.0
15.8951,900.0926861612604,24.490578136766704,640000000.0,0.2,0.2,20.249999999999996,0.8,0.8,900.0,0.0013,0.0,0,0.0,0.010053259,0.0
15.8964,900.0923408093328,24.884054527819465,640000000.0,0.2,0.2,20.249999999999996,0.8,0.8,900.0,0.0013,0.0,0,0.0,0.013000057,0.0
15.897699999999999,900.0918148908916,25.265216809211914,640000000.0,0.2,0.2,20.249999999999996,0.8,0.8,900.0,0.0013,0.0,0,0.0,0.009892589,0.0
15.899,900.093119875551,25.149372845195025,640000000.0,0.2,0.2,20.249999999999996,0.8,0.8,900.0,0.0013,0.0,0,0.0,0.010041229,0.0
15.9003,900.0914599846743,25.023060038969362,640000000.0,0.2,0.2,20.249999999999996,0.8,0.8,900.0,0.0013,0.0,0,0.0,0.013025527,0.0
15.901599999999998,900.0898346368875,25.605787947279048,640000000.0,0.2,0.2,20.249999999999996,0.8,0.8,900.0,0.0013,0.0,0,0.0,0.009881369,0.0
15.902899999999999,900.0990078336774,25.802755627497497,640000000.0,0.2,0.2,20.249999999999996,0.8,0.8,900.0,0.0013,0.0,0,0.0,0.01006715,0.0
15.9042,900.1042757807988,24.61895514731559,640000000.0,0.2,0.2,20.249999999999996,0.8,0.8,900.0,0.0013,0.0,0,0.0,0.013063118,0.0
15.9055,900.1040820344122,25.016576419641765,640000000.0,0.2,0.2,20.249999999999996,0.8,0.8,900.0,0.0013,0.0,0,0.0,0.009887459,0.0
15.906799999999999,900.1041694799233,26.452481420537808,640000000.0,0.2,0.2,20.249999999999996,0.8,0.8,900.0,0.0013,0.0,0,0.0,0.010079919,0.0
15.9081,900.106475270209,26.17761992079499,640000000.0,0.2,0.2,20.249999999999996,0.8,0.8,900.0,0.0013,0.0,0,0.0,0.013029307,0.0
15.9094,900.1033520186851,26.198404905741313,640000000.0,0.2,0.2,20.249999999999996,0.8,0.8,900.0,0.0013,0.0,0,0.0,0.009904848,0.0
15.910699999999999,900.1021794637415,27.296308734018247,640000000.0,0.2,0.2,20.249999999999996,0.8,0.8,900.0,0.0013,0.0,0,0.0,0.010091379,0.0
15.911999999999999,900.1067959220264,27.491755011692653,640000000.0,0.2,0.2,20.249999999999996,0.8,0.8,900.0,0.0013,0.0,0,0.0,0.013019247,0.0
15.9133,900.1100109448367,26.690222815086134,640000000.0,0.2,0.2,20.249999999999996,0.8,0.8,900.0,0.0013,0.0,0,0.0,0.009890279,0.0
15.9146,900.1077909418603,27.1708054386319,640000000.0,0.2,0.2,20.249999999999996,0.8,0.8,900.0,0.0013,0.0,0,0.0,0.01007689,0.0
15.915899999999999,900.1108714438673,27.717094814704893,640000000.0,0.2,0.2,20.249999999999996,0.8,0.8,900.0,0.0013,0.0,0,0.0,0.013024177,0.0
15.9172,900.1140847858164,27.621969912727657,640000000.0,0.2,0.2,20.249999999999996,0.8,0.8,900.0,0.0013,0.0,0,0.0,0.009895898,0.0
15.9185,900.1142488345696,27.900485117340036,640000000.0,0.2,0.2,20.249999999999996,0.8,0.8,900.0,0.0013,0.0,0,0.0,0.010084199,0.0
15.919799999999999,900.1152792267852,28.49713478626376,640000000.0,0.2,0.2,20.249999999999996,0.8,0.8,900.0,0.0013,0.0,0,0.0,0.013026877,0.0
15.9211,900.1153313142601,28.1993815696197,640000000.0,0.2,0.2,20.249999999999996,0.8,0.8,900.0,0.0013,0.0,0,0.0,0.009910079,0.0
15.9224,900.1166376054819,28.39746220979727,640000000.0,0.2,0.2,20.249999999999996,0.8,0.8,900.0,0.0013,0.0,0,0.0,0.01008951,0.0
15.923699999999998,900.1222908099323,29.03052673846572,640000000.0,0.2,0.2,20.249999999999996,0.8,0.8,900.0,0.0013,0.0,0,0.0,0.013053647,0.0
15.924999999999999,900.1231253755207,29.24640936383839,640000000.0,0.2,0.2,20.249999999999996,0.8,0.8,900.0,0.0013,0.0,0,0.0,0.009908599,0.0
15.9263,900.1192339276322,30.27136518372835,640000000.0,0.2,0.2,20.249999999999996,0.8,0.8,900.0,0.0013,0.0,0,0.0,0.0100855,0.0
15.9276,900.1182259051587,31.007927378897694,640000000.0,0.2,0.2,20.249999999999996,0.8,0.8,900.0,0.0013,0.0,0,0.0,0.013027928,0.0
15.928899999999999,900.1215049257822,30.83767769183139,640000000.0,0.2,0.2,20.249999999999996,0.8,0.8,900.0,0.0013,0.0,0,0.0,0.009918559,0.0
15.9302,900.1268919231228,30.267145060840942,640000000.0,0.2,0.2,20.249999999999996,0.8,0.8,900.0,0.0013,0.0,0,0.0,0.01006421,0.0
15.9315,900.1322765022646,30.618070446625484,640000000.0,0.2,0.2,20.249999999999996,0.8,0.8,900.0,0.0013,0.0,0,0.0,0.013051017,0.0
15.932799999999999,900.1353228184432,30.520525593494085,640000000.0,0.2,0.2,20.249999999999996,0.8,0.8,900.0,0.0013,0.0,0,0.0,0.009900618,0.0
15.934099999999999,900.1320095664809,30.563272778147184,640000000.0,0.2,0.2,20.249999999999996,0.8,0.8,900.0,0.0013,0.0,0,0.0,0.010102979,0.0
15.9354,900.1267143920057,31.475525841087748,640000000.0,0.2,0.2,20.249999999999996,0.8,0.8,900.0,0.0013,0.0,0,0.0,0.013012327,0.0
15.9367,900.1289033640929,31.98532212272946,640000000.0,0.2,0.2,20.249999999999996,0.8,0.8,900.0,0.0013,0.0,0,0.0,0.009919729,0.0
15.937999999999999,900.137738038229,31.166724430969687,640000000.0,0.2,0.2,20.249999999999996,0.8,0.8,900.0,0.0013,0.0,0,0.0,0.01007102,0.0
15.9393,900.1357598483398,31.09335443262678,640000000.0,0.2,0.2,20.249999999999996,0.8,0.8,900.0,0.0013,0.0,0,0.0,0.013069467,0.0
15.9406,900.13149910061,32.90559041490795,640000000.0,0.2,0.2,20.249999999999996,0.8,0.8,900.0,0.0013,0.0,0,0.0,0.009893209,0.0
15.941899999999999,900.130001299362,33.54907507133797,640000000.0,0.2,0.2,20.249999999999996,0.8,0.8,900.0,0.0013,0.0,0,0.0,0.01010404,0.0
15.9432,900.1320271069557,33.73675837852228,640000000.0,0.2,0.2,20.249999999999996,0.8,0.8,900.0,0.0013,0.0,0,0.0,0.013044107,0.0
15.9445,900.1335235720336,33.31021069943697,640000000.0,0.2,0.2,20.249999999999996,0.8,0.8,900.0,0.0013,0.0,0,0.0,0.009922429,0.0
15.945799999999998,900.1358417521382,32.92242910493102,640000000.0,0.2,0.2,20.249999999999996,0.8,0.8,900.0,0.0013,0.0,0,0.0,0.01005788,0.0
15.947099999999999,900.1379414265733,32.5764420448732,640000000.0,0.2,0.2,20.249999999999996,0.8,0.8,900.0,0.0013,0.0,0,0.0,0.013034437,0.0
15.9484,900.1429800563807,32.2346457839499,640000000.0,0.2,0.2,20.249999999999996,0.8,0.8,900.0,0.0013,0.0,0,0.0,0.009895939,0.0
15.9497,900.1496506621551,32.55738312597765,640000000.0,0.2,0.2,20.249999999999996,0.8,0.8,900.0,0.0013,0.0,0,0.0,0.010092609,0.0
15.950999999999999,900.1501320647976,32.19976407532141,640000000.0,0.2,0.2,20.249999999999996,0.8,0.8,900.0,0.0013,0.0,0,0.0,0.013053267,0.0
15.9523,900.1467401205308,32.95034776368304,640000000.0,0.2,0.2,20.249999999999996,0.8,0.8,900.0,0.0013,0.0,0,0.0,0.009894338,0.0
15.9536,900.1457490522134,33.57140721349324,640000000.0,0.2,0.2,20.249999999999996,0.8,0.8,900.0,0.0013,0.0,0,0.0,0.01007923,0.0
15.954899999999999,900.1520922616577,32.59754446796015,640000000.0,0.2,0.2,20.249999999999996,0.8,0.8,900.0,0.0013,0.0,0,0.0,0.013036087,0.0
15.956199999999999,900.1540419772515,32.570055979270776,640000000.0,0.2,0.2,20.249999999999996,0.8,0.8,900.0,0.0013,0.0,0,0.0,0.009886879,0.0
15.9575,900.1512955931495,32.582075473692626,640000000.0,0.2,0.2,20.249999999999996,0.8,0.8,900.0,0.0013,0.0,0,0.0,0.01009474,0.0
15.9588,900.1490118525609,33.09382376622971,640000000.0,0.2,0.2,20.249999999999996,0.8,0.8,900.0,0.0013,0.0,0,0.0,0.013048098,0.0
15.960099999999999,900.147600788598,34.91393553171037,640000000.0,0.2,0.2,20.249999999999996,0.8,0.8,900.0,0.0013,0.0,0,0.0,0.009897969,0.0
15.9614,900.1508793299826,35.28980517048302,640000000.0,0.2,0.2,20.249999999999996,0.8,0.8,900.0,0.0013,0.0,0,0.0,0.01008239,0.0
15.9627,900.1527914168427,34.985212826018184,640000000.0,0.2,0.2,20.249999999999996,0.8,0.8,900.0,0.0013,0.0,0,0.0,0.013034757,0.0
15.963999999999999,900.1563552230278,34.85571060426368,640000000.0,0.2,0.2,20.249999999999996,0.8,0.8,900.0,0.0013,0.0,0,0.0,0.009891508,0.0
15.9653,900.1561755468983,34.40980876582873,640000000.0,0.2,0.2,20.249999999999996,0.8,0.8,900.0,0.0013,0.0,0,0.0,0.010073599,0.0
15.9666,900.1589198807542,33.275463136829806,640000000.0,0.2,0.2,20.249999999999996,0.8,0.8,900.0,0.0013,0.0,0,0.0,0.013027767,0.0
15.967899999999998,900.1614057648444,33.15154994520974,640000000.0,0.2,0.2,20.249999999999996,0.8,0.8,900.0,0.0013,0.0,0,0.0,0.009908399,0.0
15.969199999999999,900.1603085001701,33.54567825167531,640000000.0,0.2,0.2,20.249999999999996,0.8,0.8,900.0,0.0013,0.0,0,0.0,0.0100718,0.0
15.9705,900.1576480750842,35.10357699635849,640000000.0,0.2,0.2,20.249999999999996,0.8,0.8,900.0,0.0013,0.0,0,0.0,0.013034847,0.0
15.9718,900.1515604427507,34.9585076796235,640000000.0,0.2,0.2,20.249999999999996,0.8,0.8,900.0,0.0013,0.0,0,0.0,0.009897018,0.0
15.973099999999999,900.1499447315284,37.05015721604802,640000000.0,0.2,0.2,20.249999999999996,0.8,0.8,900.0,0.0013,0.0,0,0.0,0.010075379,0.0
15.9744,900.1581611373906,36.63071231107136,640000000.0,0.2,0.2,20.249999999999996,0.8,0.8,900.0,0.0013,0.0,0,0.0,0.013027207,0.0
15.9757,900.1636357472611,34.34788436448417,640000000.0,0.2,0.2,20.249999999999996,0.8,0.8,900.0,0.0013,0.0,0,0.0,0.009927489,0.0
15.976999999999999,900.1644760997375,34.13451317167327,640000000.0,0.2,0.2,20.249999999999996,0.8,0.8,900.0,0.0013,0.0,0,0.0,0.010050079,0.0
15.978299999999999,900.1621425352058,33.73682246875325,640000000.0,0.2,0.2,20.249999999999996,0.8,0.8,900.0,0.0013,0.0,0,0.0,0.013025327,0.0
15.9796,900.159344868151,33.49241082706998,640000000.0,0.2,0.2,20.249999999999996,0.8,0.8,900.0,0.0013,0.0,0,0.0,0.009873898,0.0
15.9809,900.1555467899616,34.26569867180599,640000000.0,0.2,0.2,20.249999999999996,0.8,0.8,900.0,0.0013,0.0,0,0.0,0.010046039,0.0
15.982199999999999,900.1497582527721,34.744430558983716,640000000.0,0.2,0.2,20.249999999999996,0.8,0.8,900.0,0.0013,0.0,0,0.0,0.013016707,0.0
15.9835,900.1453157146738,35.17218011361107,640000000.0,0.2,0.2,20.249999999999996,0.8,0.8,900.0,0.0013,0.0,0,0.0,0.009888409,0.0
15.9848,900.1473916901612,34.955064757546005,640000000.0,0.2,0.2,20.249999999999996,0.8,0.8,900.0,0.0013,0.0,0,0.0,0.01006709,0.0
15.986099999999999,900.1464378076339,34.35426533984759,640000000.0,0.2,0.2,20.249999999999996,0.8,0.8,900.0,0.0013,0.0,0,0.0,0.013036937,0.0
15.9874,900.1427409348962,34.067898661048645,640000000.0,0.2,0.2,20.249999999999996,0.8,0.8,900.0,0.0013,0.0,0,0.0,0.009883958,0.0
15.9887,900.1415133613489,34.03653224995317,640000000.0,0.2,0.2,20.249999999999996,0.8,0.8,900.0,0.0013,0.0,0,0.0,0.010063049,0.0
15.989999999999998,900.1403009011325,34.36800234787273,640000000.0,0.2,0.2,20.249999999999996,0.8,0.8,900.0,0.0013,0.0,0,0.0,0.013016697,0.0
15.991299999999999,900.138627485403,35.47492108729465,640000000.0,0.2,0.2,20.249999999999996,0.8,0.8,900.0,0.0013,0.0,0,0.0,0.009904739,0.0
15.9926,900.1395684547206,35.22826653197189,640000000.0,0.2,0.2,20.249999999999996,0.8,0.8,900.0,0.0013,0.0,0,0.0,0.01008581,0.0
15.9939,900.1412177552091,34.18529602775776,640000000.0,0.2,0.2,20.249999999999996,0.8,0.8,900.0,0.0013,0.0,0,0.0,0.013051748,0.0
15.995199999999999,900.1399611377634,34.201544130599274,640000000.0,0.2,0.2,20.249999999999996,0.8,0.8,900.0,0.0013,0.0,0,0.0,0.009891228,0.0
15.9965,900.1413793076028,33.139547786396975,640000000.0,0.2,0.2,20.249999999999996,0.8,0.8,900.0,0.0013,0.0,0,0.0,0.01007518,0.0
15.9978,900.1371548651086,32.283389885854945,640000000.0,0.2,0.2,20.249999999999996,0.8,0.8,900.0,0.0013,0.0,0,0.0,0.012998047,0.0
15.999099999999999,900.1353140383937,33.211909657465434,640000000.0,0.2,0.2,20.249999999999996,0.8,0.8,900.0,0.0013,0.0,0,0.0,0.009889239,0.0
16.0004,900.1366755208824,33.29807610672923,640000000.0,0.2,0.2,20.249999999999996,0.8,0.8,900.0,0.0013,0.0,0,0.0,0.0100463,0.0
