time,density,kinetic_energy,stiffness,fluid_viscosity,boundary_viscosity,fluid_depth,rest_density_grid_spacing,smoothing_length,rest_density,time_step_size,target_density_error,solver_iterations,relaxation_factor,time_step_wall_clock_time,predicted_density_error
5.001,900.0335384064176,0.029787166130676754,0.0,0.2,0.2,20.249999999999996,0.8,0.8,900.0,0.003,0.0,25,0.5,0.023180873,0.0037428643503631715
5.0040000000000004,900.033538413375,0.029775882857018633,0.0,0.2,0.2,20.249999999999996,0.8,0.8,900.0,0.003,0.0,25,0.5,0.029327218,0.0037428651286618504
5.007,900.0335384203494,0.02976484611003284,0.0,0.2,0.2,20.249999999999996,0.8,0.8,900.0,0.003,0.0,25,0.5,0.024405071,0.0037428659089136906
5.01,900.0335384273469,0.0297540554280371,0.0,0.2,0.2,20.249999999999996,0.8,0.8,900.0,0.003,0.0,25,0.5,0.024839343,0.0037428666908668152
5.013,900.0335384343566,0.029743510339191884,0.0,0.2,0.2,20.249999999999996,0.8,0.8,900.0,0.003,0.0,25,0.5,0.028630655,0.003742867474147144
5.016,900.0335384413796,0.029733210393011095,0.0,0.2,0.2,20.249999999999996,0.8,0.8,900.0,0.003,0.0,25,0.5,0.024089539,0.003742868258387284
5.019,900.0335384484101,0.029723155153732993,0.0,0.2,0.2,20.249999999999996,0.8,0.8,900.0,0.003,0.0,25,0.5,0.024193509,0.0037428690431760532
5.022,900.0335384554475,0.02971334421044208,0.0,0.2,0.2,20.249999999999996,0.8,0.8,900.0,0.003,0.0,25,0.5,0.027233896,0.0037428698281182175
5.025,900.0335384624861,0.029703777177877387,0.0,0.2,0.2,20.249999999999996,0.8,0.8,900.0,0.003,0.0,25,0.5,0.023782907,0.003742870612862252
5.0280000000000005,900.0335384695244,0.029694453696324577,0.0,0.2,0.2,20.249999999999996,0.8,0.8,900.0,0.003,0.0,25,0.5,0.023783647,0.0037428713971087947
5.031,900.033538476554,0.029685373431764684,0.0,0.2,0.2,20.249999999999996,0.8,0.8,900.0,0.003,0.0,25,0.5,0.02776243,0.0037428721806353066
5.034,900.0335384835801,0.029676536073692368,0.0,0.2,0.2,20.249999999999996,0.8,0.8,900.0,0.003,0.0,25,0.5,0.023474145,0.003742872963304297
5.037,900.0335384905987,0.02966794133024961,0.0,0.2,0.2,20.249999999999996,0.8,0.8,900.0,0.003,0.0,25,0.5,0.023460625,0.0037428737450128082
5.04,900.0335384976073,0.02965958893494062,0.0,0.2,0.2,20.249999999999996,0.8,0.8,900.0,0.003,0.0,25,0.5,0.027339947,0.0037428745257016465
5.043,900.0335385046081,0.029651478647181553,0.0,0.2,0.2,20.249999999999996,0.8,0.8,900.0,0.003,0.0,25,0.5,0.024115699,0.0037428753053386555
5.046,900.0335385115992,0.02964361025156706,0.0,0.2,0.2,20.249999999999996,0.8,0.8,900.0,0.003,0.0,25,0.5,0.023890358,0.0037428760839119165
5.049,900.03353851858,0.029635983558602374,0.0,0.2,0.2,20.249999999999996,0.8,0.8,900.0,0.003,0.0,25,0.5,0.027228816,0.0037428768614027005
5.0520000000000005,900.0335385255518,0.02962859840486868,0.0,0.2,0.2,20.249999999999996,0.8,0.8,900.0,0.003,0.0,25,0.5,0.023736076,0.0037428776377797304
5.055,900.0335385325135,0.029621454653052895,0.0,0.2,0.2,20.249999999999996,0.8,0.8,900.0,0.003,0.0,25,0.5,0.022920302,0.003742878412998242
5.058,900.0335385394616,0.029614552192038804,0.0,0.2,0.2,20.249999999999996,0.8,0.8,900.0,0.003,0.0,25,0.5,0.027321087,0.0037428791869911727
5.061,900.0335385464026,0.029607890937419286,0.0,0.2,0.2,20.249999999999996,0.8,0.8,900.0,0.003,0.0,25,0.5,0.023894308,0.003742879959688027
5.064,900.0335385533267,0.029601470830978693,0.0,0.2,0.2,20.249999999999996,0.8,0.8,900.0,0.003,0.0,25,0.5,0.023973608,0.0037428807310345646
5.067,900.0335385602422,0.029595291837390583,0.0,0.2,0.2,20.249999999999996,0.8,0.8,900.0,0.003,0.0,25,0.5,0.027740639,0.0037428815010101604
5.07,900.0335385671452,0.029589353938183363,0.0,0.2,0.2,20.249999999999996,0.8,0.8,900.0,0.003,0.0,25,0.5,0.023175943,0.0037428822695770476
5.073,900.0335385740354,0.02958365714196652,0.0,0.2,0.2,20.249999999999996,0.8,0.8,900.0,0.003,0.0,25,0.5,0.023315604,0.003742883036746476
5.0760000000000005,900.033538580911,0.029578201473425336,0.0,0.2,0.2,20.249999999999996,0.8,0.8,900.0,0.003,0.0,25,0.5,0.02778579,0.00374288380258678
5.079,900.0335385877753,0.029572986974020117,0.0,0.2,0.2,20.249999999999996,0.8,0.8,900.0,0.003,0.0,25,0.5,0.023248884,0.0037428845671855847
5.082,900.0335385946295,0.029568013710594948,0.0,0.2,0.2,20.249999999999996,0.8,0.8,900.0,0.003,0.0,25,0.5,0.023278994,0.003742885330676149
5.085,900.033538601472,0.029563281770904472,0.0,0.2,0.2,20.249999999999996,0.8,0.8,900.0,0.003,0.0,25,0.5,0.027073666,0.003742886093211235
5.088,900.0335386083055,0.02955879126669024,0.0,0.2,0.2,20.249999999999996,0.8,0.8,900.0,0.003,0.0,25,0.5,0.023073593,0.0037428868549447642
5.091,900.033538615133,0.029554542335353925,0.0,0.2,0.2,20.249999999999996,0.8,0.8,900.0,0.003,0.0,25,0.5,0.023437975,0.0037428876160380785
5.094,900.0335386219515,0.029550535139971083,0.0,0.2,0.2,20.249999999999996,0.8,0.8,900.0,0.003,0.0,25,0.5,0.028218532,0.0037428883766494874
5.097,900.0335386287692,0.02954676986826083,0.0,0.2,0.2,20.249999999999996,0.8,0.8,900.0,0.003,0.0,25,0.5,0.022826671,0.0037428891370312268
5.1000000000000005,900.0335386355808,0.029543246708574666,0.0,0.2,0.2,20.249999999999996,0.8,0.8,900.0,0.003,0.0,25,0.5,0.023673946,0.0037428898974445775
5.103,900.0335386423977,0.02953996586216762,0.0,0.2,0.2,20.249999999999996,0.8,0.8,900.0,0.003,0.0,25,0.5,0.027079105,0.0037428906581182947
5.106,900.0335386492145,0.02953692755463776,0.0,0.2,0.2,20.249999999999996,0.8,0.8,900.0,0.003,0.0,25,0.5,0.024167408,0.0037428914192612927
5.109,900.0335386560342,0.029534132036999516,0.0,0.2,0.2,20.249999999999996,0.8,0.8,900.0,0.003,0.0,25,0.5,0.023991458,0.0037428921810596255
5.112,900.0335386628561,0.02953157958560185,0.0,0.2,0.2,20.249999999999996,0.8,0.8,900.0,0.003,0.0,25,0.5,0.027051845,0.0037428929436773666
5.115,900.03353866969,0.02952927050161583,0.0,0.2,0.2,20.249999999999996,0.8,0.8,900.0,0.003,0.0,25,0.5,0.023589205,0.0037428937072506736
5.118,900.0335386765305,0.029527205110724368,0.0,0.2,0.2,20.249999999999996,0.8,0.8,900.0,0.003,0.0,25,0.5,0.023372094,0.003742894471888513
5.121,900.0335386833784,0.02952538376344311,0.0,0.2,0.2,20.249999999999996,0.8,0.8,900.0,0.003,0.0,25,0.5,0.028612325,0.0037428952376707134
5.124,900.0335386902375,0.02952380683322894,0.0,0.2,0.2,20.249999999999996,0.8,0.8,900.0,0.003,0.0,25,0.5,0.02442654,0.0037428960046496994
5.127,900.033538697108,0.02952247471785146,0.0,0.2,0.2,20.249999999999996,0.8,0.8,900.0,0.003,0.0,25,0.5,0.023916267,0.0037428967728525752
5.13,900.0335387039883,0.02952138783822274,0.0,0.2,0.2,20.249999999999996,0.8,0.8,900.0,0.003,0.0,25,0.5,0.028660124,0.003742897542297936
5.133,900.0335387108798,0.02952054663654994,0.0,0.2,0.2,20.249999999999996,0.8,0.8,900.0,0.003,0.0,25,0.5,0.024403731,0.003742898313021869
5.136,900.0335387177824,0.02951995157755576,0.0,0.2,0.2,20.249999999999996,0.8,0.8,900.0,0.003,0.0,25,0.5,0.024149499,0.003742899085059797
5.139,900.033538724696,0.029519603135460187,0.0,0.2,0.2,20.249999999999996,0.8,0.8,900.0,0.003,0.0,25,0.5,0.028775526,0.0037428998584205135
5.142,900.0335387316201,0.029519501797003828,0.0,0.2,0.2,20.249999999999996,0.8,0.8,900.0,0.003,0.0,25,0.5,0.024282149,0.0037429006331008443
5.1450000000000005,900.0335387385561,0.02951964807313206,0.0,0.2,0.2,20.249999999999996,0.8,0.8,900.0,0.003,0.0,25,0.5,0.024791962,0.00374290140907594
5.148,900.0335387455082,0.029520042496506787,0.0,0.2,0.2,20.249999999999996,0.8,0.8,900.0,0.003,0.0,25,0.5,0.028363663,0.00374290218627585
5.151,900.0335387524653,0.029520685622031775,0.0,0.2,0.2,20.249999999999996,0.8,0.8,900.0,0.003,0.0,25,0.5,0.024606471,0.003742902964581279
5.154,900.0335387594333,0.029521578028508688,0.0,0.2,0.2,20.249999999999996,0.8,0.8,900.0,0.003,0.0,25,0.5,0.025193904,0.0037429037438351602
5.157,900.033538766408,0.029522720318373736,0.0,0.2,0.2,20.249999999999996,0.8,0.8,900.0,0.003,0.0,25,0.5,0.029189547,0.003742904523852587
5.16,900.0335387733896,0.02952411311495146,0.0,0.2,0.2,20.249999999999996,0.8,0.8,900.0,0.003,0.0,25,0.5,0.023920357,0.0037429053044335204
5.163,900.0335387803765,0.029525757059547752,0.0,0.2,0.2,20.249999999999996,0.8,0.8,900.0,0.003,0.0,25,0.5,0.024023028,0.0037429060853612557
5.166,900.0335387873673,0.029527652810460124,0.0,0.2,0.2,20.249999999999996,0.8,0.8,900.0,0.003,0.0,25,0.5,0.028064001,0.0037429068663615813
5.1690000000000005,900.033538794357,0.02952980104926676,0.0,0.2,0.2,20.249999999999996,0.8,0.8,900.0,0.003,0.0,25,0.5,0.023548645,0.003742907647140601
5.172,900.0335388013425,0.029532202480684156,0.0,0.2,0.2,20.249999999999996,0.8,0.8,900.0,0.003,0.0,25,0.5,0.023744906,0.0037429084273891294
5.175,900.0335388083237,0.029534857832441818,0.0,0.2,0.2,20.249999999999996,0.8,0.8,900.0,0.003,0.0,25,0.5,0.027946291,0.003742909206793536
5.178,900.0335388152955,0.02953776785516511,0.0,0.2,0.2,20.249999999999996,0.8,0.8,900.0,0.003,0.0,25,0.5,0.023930177,0.0037429099850280895
5.181,900.0335388222603,0.02954093332248624,0.0,0.2,0.2,20.249999999999996,0.8,0.8,900.0,0.003,0.0,25,0.5,0.023975878,0.0037429107617658656
5.184,900.033538829209,0.029544355031032327,0.0,0.2,0.2,20.249999999999996,0.8,0.8,900.0,0.003,0.0,25,0.5,0.027766379,0.003742911536675702
5.187,900.0335388361378,0.029548033799938422,0.0,0.2,0.2,20.249999999999996,0.8,0.8,900.0,0.003,0.0,25,0.5,0.023431604,0.0037429123094379867
5.19,900.0335388430482,0.029551970469807367,0.0,0.2,0.2,20.249999999999996,0.8,0.8,900.0,0.003,0.0,25,0.5,0.024908453,0.003742913079756253
5.1930000000000005,900.0335388499377,0.029556165894222126,0.0,0.2,0.2,20.249999999999996,0.8,0.8,900.0,0.003,0.0,25,0.5,0.02775662,0.0037429138473353543
5.196,900.0335388567993,0.029560620945811494,0.0,0.2,0.2,20.249999999999996,0.8,0.8,900.0,0.003,0.0,25,0.5,0.023688576,0.00374291461188315
5.199,900.033538863635,0.02956533651778671,0.0,0.2,0.2,20.249999999999996,0.8,0.8,900.0,0.003,0.0,25,0.5,0.023520565,0.003742915373108718
5.202,900.0335388704409,0.029570313518165275,0.0,0.2,0.2,20.249999999999996,0.8,0.8,900.0,0.003,0.0,25,0.5,0.02791813,0.003742916130694413
5.205,900.0335388772145,0.029575552866772957,0.0,0.2,0.2,20.249999999999996,0.8,0.8,900.0,0.003,0.0,25,0.5,0.023423324,0.00374291688430827
5.208,900.033538883948,0.02958105550049705,0.0,0.2,0.2,20.249999999999996,0.8,0.8,900.0,0.003,0.0,25,0.5,0.023803776,0.003742917633617723
5.211,900.0335388906446,0.029586822377304936,0.0,0.2,0.2,20.249999999999996,0.8,0.8,900.0,0.003,0.0,25,0.5,0.027543658,0.003742918378301768
5.214,900.033538897296,0.029592854475980635,0.0,0.2,0.2,20.249999999999996,0.8,0.8,900.0,0.003,0.0,25,0.5,0.024113149,0.003742919118060515
5.2170000000000005,900.0335389039088,0.029599152795937864,0.0,0.2,0.2,20.249999999999996,0.8,0.8,900.0,0.003,0.0,25,0.5,0.023814467,0.00374291985263773
5.22,900.0335389104706,0.02960571835713142,0.0,0.2,0.2,20.249999999999996,0.8,0.8,900.0,0.003,0.0,25,0.5,0.027586808,0.003742920581831453
5.223,900.0335389169811,0.029612552198817577,0.0,0.2,0.2,20.249999999999996,0.8,0.8,900.0,0.003,0.0,25,0.5,0.023966228,0.0037429213054954906
5.226,900.0335389234434,0.029619655379847773,0.0,0.2,0.2,20.249999999999996,0.8,0.8,900.0,0.003,0.0,25,0.5,0.023999188,0.0037429220235598738
5.229,900.0335389298533,0.029627028975890146,0.0,0.2,0.2,20.249999999999996,0.8,0.8,900.0,0.003,0.0,25,0.5,0.02782766,0.003742922736000357
5.232,900.0335389362144,0.029634674081439306,0.0,0.2,0.2,20.249999999999996,0.8,0.8,900.0,0.003,0.0,25,0.5,0.024247579,0.003742923442846365
5.235,900.033538942524,0.029642591804302572,0.0,0.2,0.2,20.249999999999996,0.8,0.8,900.0,0.003,0.0,25,0.5,0.022962513,0.0037429241442526757
5.238,900.0335389487843,0.02965078324639784,0.0,0.2,0.2,20.249999999999996,0.8,0.8,900.0,0.003,0.0,25,0.5,0.027357727,0.0037429248403124268
5.2410000000000005,900.0335389549965,0.029659249525305697,0.0,0.2,0.2,20.249999999999996,0.8,0.8,900.0,0.003,0.0,25,0.5,0.024226109,0.0037429255311067057
5.244,900.0335389611573,0.029667991777155966,0.0,0.2,0.2,20.249999999999996,0.8,0.8,900.0,0.003,0.0,25,0.5,0.024134659,0.003742926216728894
5.247,900.0335389672723,0.029677011155185756,0.0,0.2,0.2,20.249999999999996,0.8,0.8,900.0,0.003,0.0,25,0.5,0.028959586,0.003742926897271792
5.25,900.0335389733435,0.029686308831738704,0.0,0.2,0.2,20.249999999999996,0.8,0.8,900.0,0.003,0.0,25,0.5,0.023455624,0.0037429275728249867
5.253,900.0335389793689,0.02969588599800607,0.0,0.2,0.2,20.249999999999996,0.8,0.8,900.0,0.003,0.0,25,0.5,0.023401074,0.003742928243498256
5.256,900.0335389853477,0.02970574385769799,0.0,0.2,0.2,20.249999999999996,0.8,0.8,900.0,0.003,0.0,25,0.5,0.027071675,0.0037429289094812945
5.259,900.0335389912844,0.02971588360889436,0.0,0.2,0.2,20.249999999999996,0.8,0.8,900.0,0.003,0.0,25,0.5,0.023765557,0.003742929570922468
5.2620000000000005,900.0335389971779,0.029726306465334192,0.0,0.2,0.2,20.249999999999996,0.8,0.8,900.0,0.003,0.0,25,0.5,0.023950028,0.003742930227978687
5.265,900.0335390030342,0.029737013656607914,0.0,0.2,0.2,20.249999999999996,0.8,0.8,900.0,0.003,0.0,25,0.5,0.027998971,0.0037429308809319795
5.268,900.0335390088521,0.029748006400132358,0.0,0.2,0.2,20.249999999999996,0.8,0.8,900.0,0.003,0.0,25,0.5,0.023664896,0.003742931530044978
5.271,900.0335390146365,0.02975928590978692,0.0,0.2,0.2,20.249999999999996,0.8,0.8,900.0,0.003,0.0,25,0.5,0.023457624,0.0037429321755289555
5.274,900.0335390203869,0.029770853410805365,0.0,0.2,0.2,20.249999999999996,0.8,0.8,900.0,0.003,0.0,25,0.5,0.026970095,0.0037429328175923966
5.277,900.0335390261037,0.02978271014514654,0.0,0.2,0.2,20.249999999999996,0.8,0.8,900.0,0.003,0.0,25,0.5,0.024768032,0.003742933456449574
5.28,900.0335390317952,0.029794857369324256,0.0,0.2,0.2,20.249999999999996,0.8,0.8,900.0,0.003,0.0,25,0.5,0.023557685,0.003742934092457401
5.283,900.0335390374597,0.02980729631024868,0.0,0.2,0.2,20.249999999999996,0.8,0.8,900.0,0.003,0.0,25,0.5,0.028061621,0.003742934726630716
5.2860000000000005,900.03353904311,0.029820028022565528,0.0,0.2,0.2,20.249999999999996,0.8,0.8,900.0,0.003,0.0,25,0.5,0.024199619,0.003742935359284469
5.289,900.0335390487434,0.029833053549489837,0.0,0.2,0.2,20.249999999999996,0.8,0.8,900.0,0.003,0.0,25,0.5,0.024140328,0.0037429359904304137
5.292,900.0335390543668,0.029846373928456838,0.0,0.2,0.2,20.249999999999996,0.8,0.8,900.0,0.003,0.0,25,0.5,0.027534948,0.003742936619846141
5.295,900.0335390599688,0.029859990204846552,0.0,0.2,0.2,20.249999999999996,0.8,0.8,900.0,0.003,0.0,25,0.5,0.023983108,0.0037429372471600875
5.298,900.0335390655529,0.029873903435351807,0.0,0.2,0.2,20.249999999999996,0.8,0.8,900.0,0.003,0.0,25,0.5,0.023067463,0.0037429378719096877
5.301,900.0335390711152,0.029888114687753316,0.0,0.2,0.2,20.249999999999996,0.8,0.8,900.0,0.003,0.0,25,0.5,0.028220742,0.0037429384936332414
5.304,900.0335390766465,0.02990262503707901,0.0,0.2,0.2,20.249999999999996,0.8,0.8,900.0,0.003,0.0,25,0.5,0.023644546,0.0037429391119346367
5.307,900.0335390821468,0.02991743556651856,0.0,0.2,0.2,20.249999999999996,0.8,0.8,900.0,0.003,0.0,25,0.5,0.023396504,0.0037429397265557607
5.3100000000000005,900.0335390876128,0.029932547366033537,0.0,0.2,0.2,20.249999999999996,0.8,0.8,900.0,0.003,0.0,25,0.5,0.028349983,0.0037429403374129554
5.313,900.0335390930486,0.02994796153387396,0.0,0.2,0.2,20.249999999999996,0.8,0.8,900.0,0.003,0.0,25,0.5,0.023269923,0.003742940944600857
5.316,900.0335390984458,0.029963679178016865,0.0,0.2,0.2,20.249999999999996,0.8,0.8,900.0,0.003,0.0,25,0.5,0.023837697,0.0037429415483618317
5.319,900.0335391038135,0.029979701416293286,0.0,0.2,0.2,20.249999999999996,0.8,0.8,900.0,0.003,0.0,25,0.5,0.027077016,0.003742942149007989
5.322,900.0335391091508,0.029996029380612785,0.0,0.2,0.2,20.249999999999996,0.8,0.8,900.0,0.003,0.0,25,0.5,0.023542855,0.0037429427469331286
5.325,900.0335391144652,0.0300126642141214,0.0,0.2,0.2,20.249999999999996,0.8,0.8,900.0,0.003,0.0,25,0.5,0.023607645,0.003742943342617561
5.328,900.0335391197581,0.030029607048851926,0.0,0.2,0.2,20.249999999999996,0.8,0.8,900.0,0.003,0.0,25,0.5,0.026890424,0.003742943936869558
5.331,900.0335391250384,0.03004685893817725,0.0,0.2,0.2,20.249999999999996,0.8,0.8,900.0,0.003,0.0,25,0.5,0.023096953,0.003742944530164181
5.3340000000000005,900.0335391303099,0.030064420925833876,0.0,0.2,0.2,20.249999999999996,0.8,0.8,900.0,0.003,0.0,25,0.5,0.024055099,0.0037429451227887285
5.337,900.0335391355749,0.030082294041708164,0.0,0.2,0.2,20.249999999999996,0.8,0.8,900.0,0.003,0.0,25,0.5,0.027062085,0.0037429457149110827
5.34,900.0335391408341,0.030100479313789747,0.0,0.2,0.2,20.249999999999996,0.8,0.8,900.0,0.003,0.0,25,0.5,0.022928671,0.003742946306549853
5.343,900.0335391460893,0.03011897777583663,0.0,0.2,0.2,20.249999999999996,0.8,0.8,900.0,0.003,0.0,25,0.5,0.023500135,0.003742946897574026
5.346,900.0335391513373,0.030137790466401606,0.0,0.2,0.2,20.249999999999996,0.8,0.8,900.0,0.003,0.0,25,0.5,0.027631439,0.0037429474877084153
5.349,900.0335391565757,0.030156918425342606,0.0,0.2,0.2,20.249999999999996,0.8,0.8,900.0,0.003,0.0,25,0.5,0.023849697,0.0037429480765347003
5.352,900.0335391618041,0.030176362697185995,0.0,0.2,0.2,20.249999999999996,0.8,0.8,900.0,0.003,0.0,25,0.5,0.024185029,0.0037429486635497614
5.355,900.0335391670137,0.030196124331719934,0.0,0.2,0.2,20.249999999999996,0.8,0.8,900.0,0.003,0.0,25,0.5,0.028810206,0.0037429492482115535
5.3580000000000005,900.0335391722015,0.030216204383853397,0.0,0.2,0.2,20.249999999999996,0.8,0.8,900.0,0.003,0.0,25,0.5,0.024162949,0.003742949830000342
5.361,900.033539177362,0.03023660391346117,0.0,0.2,0.2,20.249999999999996,0.8,0.8,900.0,0.003,0.0,25,0.5,0.025218585,0.0037429504084378964
5.364,900.0335391824935,0.030257323985144233,0.0,0.2,0.2,20.249999999999996,0.8,0.8,900.0,0.003,0.0,25,0.5,0.029748901,0.003742950983125355
5.367,900.0335391875891,0.030278365668014392,0.0,0.2,0.2,20.249999999999996,0.8,0.8,900.0,0.003,0.0,25,0.5,0.025416386,0.003742951553743943
5.37,900.0335391926479,0.030299730035512652,0.0,0.2,0.2,20.249999999999996,0.8,0.8,900.0,0.003,0.0,25,0.5,0.025100154,0.0037429521200604983
5.373,900.0335391976695,0.030321418165228646,0.0,0.2,0.2,20.249999999999996,0.8,0.8,900.0,0.003,0.0,25,0.5,0.028429233,0.003742952681916476
5.376,900.0335392026458,0.030343431137204144,0.0,0.2,0.2,20.249999999999996,0.8,0.8,900.0,0.003,0.0,25,0.5,0.024200959,0.00374295323919124
5.3790000000000004,900.0335392075837,0.030365770032998642,0.0,0.2,0.2,20.249999999999996,0.8,0.8,900.0,0.003,0.0,25,0.5,0.02429607,0.0037429537917878348
5.382,900.0335392124782,0.03038843593590962,0.0,0.2,0.2,20.249999999999996,0.8,0.8,900.0,0.003,0.0,25,0.5,0.029703971,0.003742954339630823
5.385,900.0335392173281,0.030411429930342612,0.0,0.2,0.2,20.249999999999996,0.8,0.8,900.0,0.003,0.0,25,0.5,0.024545131,0.00374295488261811
5.388,900.0335392221356,0.030434753101718195,0.0,0.2,0.2,20.249999999999996,0.8,0.8,900.0,0.003,0.0,25,0.5,0.024518431,0.0037429554206111068
5.391,900.0335392268975,0.030458406539852795,0.0,0.2,0.2,20.249999999999996,0.8,0.8,900.0,0.003,0.0,25,0.5,0.027761879,0.00374295595343503
5.394,900.0335392316096,0.030482391338849304,0.0,0.2,0.2,20.249999999999996,0.8,0.8,900.0,0.003,0.0,25,0.5,0.024005338,0.003742956480882344
5.397,900.0335392362753,0.03050670859551754,0.0,0.2,0.2,20.249999999999996,0.8,0.8,900.0,0.003,0.0,25,0.5,0.022951082,0.0037429570027170413
5.4,900.0335392408871,0.030531359409175292,0.0,0.2,0.2,20.249999999999996,0.8,0.8,900.0,0.003,0.0,25,0.5,0.027082905,0.0037429575186878512
5.4030000000000005,900.0335392454464,0.03055634488164147,0.0,0.2,0.2,20.249999999999996,0.8,0.8,900.0,0.003,0.0,25,0.5,0.023464565,0.0037429580285487825
5.406,900.0335392499502,0.030581666117121032,0.0,0.2,0.2,20.249999999999996,0.8,0.8,900.0,0.003,0.0,25,0.5,0.023040162,0.0037429585320795625
5.409,900.0335392543983,0.030607324221890858,0.0,0.2,0.2,20.249999999999996,0.8,0.8,900.0,0.003,0.0,25,0.5,0.027475397,0.0037429590290967174
5.412,900.0335392587855,0.03063332030405422,0.0,0.2,0.2,20.249999999999996,0.8,0.8,900.0,0.003,0.0,25,0.5,0.023821176,0.0037429595194656056
5.415,900.0335392631124,0.030659655473070393,0.0,0.2,0.2,20.249999999999996,0.8,0.8,900.0,0.003,0.0,25,0.5,0.023495235,0.0037429600031028015
5.418,900.0335392673776,0.030686330839458667,0.0,0.2,0.2,20.249999999999996,0.8,0.8,900.0,0.003,0.0,25,0.5,0.028043951,0.003742960479977037
5.421,900.0335392715791,0.030713347514532544,0.0,0.2,0.2,20.249999999999996,0.8,0.8,900.0,0.003,0.0,25,0.5,0.024289179,0.003742960950099054
5.424,900.0335392757214,0.030740706611269895,0.0,0.2,0.2,20.249999999999996,0.8,0.8,900.0,0.003,0.0,25,0.5,0.024471401,0.003742961413524038
5.4270000000000005,900.0335392798064,0.030768409243944733,0.0,0.2,0.2,20.249999999999996,0.8,0.8,900.0,0.003,0.0,25,0.5,0.028339513,0.003742961870338251
5.43,900.0335392838278,0.03079645652761742,0.0,0.2,0.2,20.249999999999996,0.8,0.8,900.0,0.003,0.0,25,0.5,0.024334829,0.003742962320649382
5.433,900.0335392877911,0.03082484957847189,0.0,0.2,0.2,20.249999999999996,0.8,0.8,900.0,0.003,0.0,25,0.5,0.024577811,0.0037429627645816487
5.436,900.0335392916936,0.030853589514062963,0.0,0.2,0.2,20.249999999999996,0.8,0.8,900.0,0.003,0.0,25,0.5,0.028053661,0.0037429632022736125
5.439,900.0335392955409,0.03088267745266002,0.0,0.2,0.2,20.249999999999996,0.8,0.8,900.0,0.003,0.0,25,0.5,0.024488421,0.0037429636338668407
5.442,900.0335392993319,0.030912114513358284,0.0,0.2,0.2,20.249999999999996,0.8,0.8,900.0,0.003,0.0,25,0.5,0.023928748,0.0037429640595010405
5.445,900.033539303072,0.03094190181598541,0.0,0.2,0.2,20.249999999999996,0.8,0.8,900.0,0.003,0.0,25,0.5,0.028474963,0.003742964479315164
5.448,900.0335393067561,0.03097204048103429,0.0,0.2,0.2,20.249999999999996,0.8,0.8,900.0,0.003,0.0,25,0.5,0.023566785,0.003742964893443784
5.4510000000000005,900.0335393103868,0.031002531629574788,0.0,0.2,0.2,20.249999999999996,0.8,0.8,900.0,0.003,0.0,25,0.5,0.024295939,0.0037429653020157436
5.454,900.0335393139701,0.03103337638344106,0.0,0.2,0.2,20.249999999999996,0.8,0.8,900.0,0.003,0.0,25,0.5,0.027579779,0.0037429657051551483
5.457,900.0335393175008,0.031064575865656894,0.0,0.2,0.2,20.249999999999996,0.8,0.8,900.0,0.003,0.0,25,0.5,0.027314307,0.0037429661029873672
5.46,900.0335393209863,0.031096131199681964,0.0,0.2,0.2,20.249999999999996,0.8,0.8,900.0,0.003,0.0,25,0.5,0.023210364,0.0037429664956415525
5.463,900.033539324422,0.031128043509329927,0.0,0.2,0.2,20.249999999999996,0.8,0.8,900.0,0.003,0.0,25,0.5,0.026770584,0.0037429668832542344
5.466,900.0335393278112,0.03116031391870815,0.0,0.2,0.2,20.249999999999996,0.8,0.8,900.0,0.003,0.0,25,0.5,0.023808186,0.0037429672659663312
5.469,900.0335393311575,0.03119294355221392,0.0,0.2,0.2,20.249999999999996,0.8,0.8,900.0,0.003,0.0,25,0.5,0.023080952,0.0037429676439198053
5.472,900.033539334459,0.03122593353447245,0.0,0.2,0.2,20.249999999999996,0.8,0.8,900.0,0.003,0.0,25,0.5,0.026654763,0.0037429680172726015
5.4750000000000005,900.0335393377189,0.03125928498913683,0.0,0.2,0.2,20.249999999999996,0.8,0.8,900.0,0.003,0.0,25,0.5,0.023048132,0.0037429683861822244
5.478,900.0335393409396,0.0312929990387387,0.0,0.2,0.2,20.249999999999996,0.8,0.8,900.0,0.003,0.0,25,0.5,0.023279573,0.003742968750819169
5.481,900.03353934412,0.03132707680280056,0.0,0.2,0.2,20.249999999999996,0.8,0.8,900.0,0.003,0.0,25,0.5,0.027684229,0.0037429691113286664
5.484,900.0335393472618,0.03136151939830736,0.0,0.2,0.2,20.249999999999996,0.8,0.8,900.0,0.003,0.0,25,0.5,0.023010822,0.0037429694678556185
5.487,900.0335393503708,0.03139632792935131,0.0,0.2,0.2,20.249999999999996,0.8,0.8,900.0,0.003,0.0,25,0.5,0.023868807,0.0037429698205922735
5.49,900.0335393534424,0.031431503473862095,0.0,0.2,0.2,20.249999999999996,0.8,0.8,900.0,0.003,0.0,25,0.5,0.027219657,0.0037429701696570497
5.493,900.0335393564811,0.03146704710862736,0.0,0.2,0.2,20.249999999999996,0.8,0.8,900.0,0.003,0.0,25,0.5,0.023132913,0.0037429705151624595
5.496,900.0335393594872,0.03150295991021392,0.0,0.2,0.2,20.249999999999996,0.8,0.8,900.0,0.003,0.0,25,0.5,0.023533385,0.003742970857193831
5.4990000000000006,900.0335393624595,0.031539242954460894,0.0,0.2,0.2,20.249999999999996,0.8,0.8,900.0,0.003,0.0,25,0.5,0.027292517,0.003742971195793216
5.502,900.0335393654041,0.03157589731556148,0.0,0.2,0.2,20.249999999999996,0.8,0.8,900.0,0.003,0.0,25,0.5,0.023744226,0.003742971530977218
5.505,900.0335393683181,0.031612924062148745,0.0,0.2,0.2,20.249999999999996,0.8,0.8,900.0,0.003,0.0,25,0.5,0.023440914,0.0037429718626831995
5.508,900.0335393712003,0.031650324260535975,0.0,0.2,0.2,20.249999999999996,0.8,0.8,900.0,0.003,0.0,25,0.5,0.027160606,0.003742972190827652
5.511,900.033539374047,0.03168809897192746,0.0,0.2,0.2,20.249999999999996,0.8,0.8,900.0,0.003,0.0,25,0.5,0.023091653,0.0037429725152839932
5.514,900.0335393768619,0.03172624925694982,0.0,0.2,0.2,20.249999999999996,0.8,0.8,900.0,0.003,0.0,25,0.5,0.023621716,0.003742972835896679
5.517,900.0335393796399,0.031764776175899796,0.0,0.2,0.2,20.249999999999996,0.8,0.8,900.0,0.003,0.0,25,0.5,0.027519218,0.0037429731525486687
5.5200000000000005,900.0335393823847,0.03180368077839941,0.0,0.2,0.2,20.249999999999996,0.8,0.8,900.0,0.003,0.0,25,0.5,0.023440215,0.003742973465138904
5.523,900.0335393850942,0.03184296410466819,0.0,0.2,0.2,20.249999999999996,0.8,0.8,900.0,0.003,0.0,25,0.5,0.023246963,0.0037429737735530984
5.526,900.0335393877627,0.03188262718963438,0.0,0.2,0.2,20.249999999999996,0.8,0.8,900.0,0.003,0.0,25,0.5,0.027303676,0.0037429740776463672
5.529,900.0335393903929,0.031922671067216454,0.0,0.2,0.2,20.249999999999996,0.8,0.8,900.0,0.003,0.0,25,0.5,0.023566355,0.003742974377263592
5.532,900.0335393929814,0.031963096771880584,0.0,0.2,0.2,20.249999999999996,0.8,0.8,900.0,0.003,0.0,25,0.5,0.023394475,0.0037429746722436566
5.535,900.033539395528,0.03200390533851637,0.0,0.2,0.2,20.249999999999996,0.8,0.8,900.0,0.003,0.0,25,0.5,0.027685189,0.003742974962408572
5.538,900.033539398031,0.03204509780256093,0.0,0.2,0.2,20.249999999999996,0.8,0.8,900.0,0.003,0.0,25,0.5,0.02273446,0.0037429752475689497
5.541,900.0335394004876,0.03208667520008952,0.0,0.2,0.2,20.249999999999996,0.8,0.8,900.0,0.003,0.0,25,0.5,0.022882241,0.0037429755275251056
5.5440000000000005,900.0335394028976,0.032128638567995575,0.0,0.2,0.2,20.249999999999996,0.8,0.8,900.0,0.003,0.0,25,0.5,0.027014836,0.0037429758020687274
5.547,900.0335394052577,0.03217098894351611,0.0,0.2,0.2,20.249999999999996,0.8,0.8,900.0,0.003,0.0,25,0.5,0.023014352,0.003742976070993107
5.55,900.0335394075668,0.032213727364231594,0.0,0.2,0.2,20.249999999999996,0.8,0.8,900.0,0.003,0.0,25,0.5,0.023617145,0.0037429763340996805
5.553,900.0335394098266,0.032256854865278003,0.0,0.2,0.2,20.249999999999996,0.8,0.8,900.0,0.003,0.0,25,0.5,0.026663653,0.003742976591199993
5.556,900.0335394120266,0.032300372481543146,0.0,0.2,0.2,20.249999999999996,0.8,0.8,900.0,0.003,0.0,25,0.5,0.022943002,0.003742976842113279
5.559,900.0335394141703,0.03234428124931736,0.0,0.2,0.2,20.249999999999996,0.8,0.8,900.0,0.003,0.0,25,0.5,0.023018592,0.003742977086673437
5.562,900.03353941626,0.032388582204529004,0.0,0.2,0.2,20.249999999999996,0.8,0.8,900.0,0.003,0.0,25,0.5,0.026850844,0.003742977324704186
5.565,900.0335394182883,0.03243327638324421,0.0,0.2,0.2,20.249999999999996,0.8,0.8,900.0,0.003,0.0,25,0.5,0.023193504,0.0037429775560188067
5.5680000000000005,900.0335394202558,0.032478364823470725,0.0,0.2,0.2,20.249999999999996,0.8,0.8,900.0,0.003,0.0,25,0.5,0.022770571,0.003742977780467785
5.571,900.0335394221637,0.03252384856169156,0.0,0.2,0.2,20.249999999999996,0.8,0.8,900.0,0.003,0.0,25,0.5,0.026576693,0.0037429779982318815
5.574,900.0335394240116,0.0325697285955097,0.0,0.2,0.2,20.249999999999996,0.8,0.8,900.0,0.003,0.0,25,0.5,0.023299154,0.003742978209321446
5.577,900.0335394257988,0.03261600591120071,0.0,0.2,0.2,20.249999999999996,0.8,0.8,900.0,0.003,0.0,25,0.5,0.023625196,0.0037429784136215585
5.58,900.0335394275221,0.03266268149722481,0.0,0.2,0.2,20.249999999999996,0.8,0.8,900.0,0.003,0.0,25,0.5,0.027152106,0.0037429786110502582
5.583,900.0335394291869,0.03270975633013386,0.0,0.2,0.2,20.249999999999996,0.8,0.8,900.0,0.003,0.0,25,0.5,0.023543275,0.003742978801522397
5.586,900.0335394307865,0.032757231377398714,0.0,0.2,0.2,20.249999999999996,0.8,0.8,900.0,0.003,0.0,25,0.5,0.023852237,0.0037429789849324165
5.589,900.0335394323238,0.03280510760810668,0.0,0.2,0.2,20.249999999999996,0.8,0.8,900.0,0.003,0.0,25,0.5,0.027807029,0.003742979161176786
5.5920000000000005,900.0335394337941,0.032853385993387614,0.0,0.2,0.2,20.249999999999996,0.8,0.8,900.0,0.003,0.0,25,0.5,0.024131368,0.0037429793301521474
5.595,900.0335394351996,0.03290206750757583,0.0,0.2,0.2,20.249999999999996,0.8,0.8,900.0,0.003,0.0,25,0.5,0.025024574,0.00374297949176856
5.598,900.0335394365369,0.0329511531281591,0.0,0.2,0.2,20.249999999999996,0.8,0.8,900.0,0.003,0.0,25,0.5,0.029105967,0.0037429796459793833
5.601,900.0335394378077,0.0330006438350371,0.0,0.2,0.2,20.249999999999996,0.8,0.8,900.0,0.003,0.0,25,0.5,0.02437973,0.00374297979281607
5.604,900.0335394390125,0.03305054060339679,0.0,0.2,0.2,20.249999999999996,0.8,0.8,900.0,0.003,0.0,25,0.5,0.023865137,0.003742979932379392
5.607,900.0335394401536,0.0331008444035371,0.0,0.2,0.2,20.249999999999996,0.8,0.8,900.0,0.003,0.0,25,0.5,0.027399088,0.0037429800651204125
5.61,900.0335394412327,0.0331515561202393,0.0,0.2,0.2,20.249999999999996,0.8,0.8,900.0,0.003,0.0,25,0.5,0.023769197,0.003742980191871292
5.613,900.0335394422623,0.03320267650872556,0.0,0.2,0.2,20.249999999999996,0.8,0.8,900.0,0.003,0.0,25,0.5,0.023154863,0.0037429803129462374
5.6160000000000005,900.0335394432375,0.03325420629410887,0.0,0.2,0.2,20.249999999999996,0.8,0.8,900.0,0.003,0.0,25,0.5,0.027704259,0.0037429804285526408
5.619,900.0335394441661,0.03330614619305662,0.0,0.2,0.2,20.249999999999996,0.8,0.8,900.0,0.003,0.0,25,0.5,0.024171979,0.003742980538788715
5.622,900.0335394450411,0.03335849692324336,0.0,0.2,0.2,20.249999999999996,0.8,0.8,900.0,0.003,0.0,25,0.5,0.026285241,0.0037429806436398796
5.625,900.0335394458722,0.033411259203519596,0.0,0.2,0.2,20.249999999999996,0.8,0.8,900.0,0.003,0.0,25,0.5,0.027437448,0.003742980742996221
5.628,900.033539446654,0.03346443375402662,0.0,0.2,0.2,20.249999999999996,0.8,0.8,900.0,0.003,0.0,25,0.5,0.023794207,0.003742980836692894
5.631,900.0335394473794,0.03351802129584884,0.0,0.2,0.2,20.249999999999996,0.8,0.8,900.0,0.003,0.0,25,0.5,0.024017568,0.0037429809245740145
5.634,900.0335394480596,0.03357202254970438,0.0,0.2,0.2,20.249999999999996,0.8,0.8,900.0,0.003,0.0,25,0.5,0.028533524,0.0037429810068145726
5.6370000000000005,900.0335394486863,0.0336264381217336,0.0,0.2,0.2,20.249999999999996,0.8,0.8,900.0,0.003,0.0,25,0.5,0.023655036,0.003742981084036084
5.64,900.033539449273,0.03368126844648165,0.0,0.2,0.2,20.249999999999996,0.8,0.8,900.0,0.003,0.0,25,0.5,0.023969098,0.0037429811565058927
5.643,900.0335394498132,0.033736513956420924,0.0,0.2,0.2,20.249999999999996,0.8,0.8,900.0,0.003,0.0,25,0.5,0.027524288,0.003742981224551176
5.646,900.0335394503188,0.033792175082874715,0.0,0.2,0.2,20.249999999999996,0.8,0.8,900.0,0.003,0.0,25,0.5,0.023634035,0.0037429812885513667
5.649,900.0335394507845,0.033848252233094504,0.0,0.2,0.2,20.249999999999996,0.8,0.8,900.0,0.003,0.0,25,0.5,0.023497835,0.003742981349241276
5.652,900.0335394512225,0.033904745697328396,0.0,0.2,0.2,20.249999999999996,0.8,0.8,900.0,0.003,0.0,25,0.5,0.027549489,0.0037429814069877753
5.655,900.0335394516335,0.03396165574696165,0.0,0.2,0.2,20.249999999999996,0.8,0.8,900.0,0.003,0.0,25,0.5,0.024220669,0.003742981461995081
5.658,900.0335394520206,0.034018982648800364,0.0,0.2,0.2,20.249999999999996,0.8,0.8,900.0,0.003,0.0,25,0.5,0.023341815,0.003742981514378213
5.6610000000000005,900.0335394523805,0.034076726665874656,0.0,0.2,0.2,20.249999999999996,0.8,0.8,900.0,0.003,0.0,25,0.5,0.02781976,0.003742981564141357
5.664,900.0335394527177,0.03413488805990268,0.0,0.2,0.2,20.249999999999996,0.8,0.8,900.0,0.003,0.0,25,0.5,0.023962348,0.0037429816111827093
5.667,900.0335394530327,0.034193467091438445,0.0,0.2,0.2,20.249999999999996,0.8,0.8,900.0,0.003,0.0,25,0.5,0.023853697,0.003742981655324384
5.67,900.0335394533172,0.03425246402019322,0.0,0.2,0.2,20.249999999999996,0.8,0.8,900.0,0.003,0.0,25,0.5,0.027683399,0.003742981696338316
5.673,900.0335394535754,0.034311879105224215,0.0,0.2,0.2,20.249999999999996,0.8,0.8,900.0,0.003,0.0,25,0.5,0.024553761,0.0037429817339913046
5.676,900.0335394538022,0.03437171260519466,0.0,0.2,0.2,20.249999999999996,0.8,0.8,900.0,0.003,0.0,25,0.5,0.022838471,0.003742981768069183
5.679,900.0335394539943,0.03443196477846276,0.0,0.2,0.2,20.249999999999996,0.8,0.8,900.0,0.003,0.0,25,0.5,0.028285802,0.0037429817984085518
5.682,900.0335394541571,0.034492635878998,0.0,0.2,0.2,20.249999999999996,0.8,0.8,900.0,0.003,0.0,25,0.5,0.023287463,0.003742981824897549
5.6850000000000005,900.0335394542839,0.03455372615881033,0.0,0.2,0.2,20.249999999999996,0.8,0.8,900.0,0.003,0.0,25,0.5,0.023741966,0.00374298184747401
5.688,900.0335394543716,0.03461523587022563,0.0,0.2,0.2,20.249999999999996,0.8,0.8,900.0,0.003,0.0,25,0.5,0.02768156,0.003742981866132645
5.691,900.0335394544278,0.03467716526634723,0.0,0.2,0.2,20.249999999999996,0.8,0.8,900.0,0.003,0.0,25,0.5,0.023866397,0.0037429818808991837
5.694,900.0335394544471,0.03473951460139384,0.0,0.2,0.2,20.249999999999996,0.8,0.8,900.0,0.003,0.0,25,0.5,0.025274156,0.003742981891813978
5.697,900.0335394544305,0.03480228412800289,0.0,0.2,0.2,20.249999999999996,0.8,0.8,900.0,0.003,0.0,25,0.5,0.028090391,0.0037429818989447145
5.7,900.0335394543822,0.03486547408340041,0.0,0.2,0.2,20.249999999999996,0.8,0.8,900.0,0.003,0.0,25,0.5,0.024038328,0.003742981902335341
5.703,900.0335394542977,0.03492908470439229,0.0,0.2,0.2,20.249999999999996,0.8,0.8,900.0,0.003,0.0,25,0.5,0.02444785,0.00374298190200803
5.706,900.033539454178,0.034993116229613784,0.0,0.2,0.2,20.249999999999996,0.8,0.8,900.0,0.003,0.0,25,0.5,0.027145655,0.003742981897943426
5.7090000000000005,900.0335394540253,0.0350575688991142,0.0,0.2,0.2,20.249999999999996,0.8,0.8,900.0,0.003,0.0,25,0.5,0.023777336,0.0037429818901224517
5.712,900.0335394538405,0.035122442940753215,0.0,0.2,0.2,20.249999999999996,0.8,0.8,900.0,0.003,0.0,25,0.5,0.023632335,0.0037429818784974382
5.715,900.0335394536195,0.03518773857824367,0.0,0.2,0.2,20.249999999999996,0.8,0.8,900.0,0.003,0.0,25,0.5,0.027347857,0.0037429818629751963
5.718,900.0335394533626,0.035253456038877855,0.0,0.2,0.2,20.249999999999996,0.8,0.8,900.0,0.003,0.0,25,0.5,0.023939778,0.0037429818434164853
5.721,900.0335394530707,0.035319595553799016,0.0,0.2,0.2,20.249999999999996,0.8,0.8,900.0,0.003,0.0,25,0.5,0.023502665,0.0037429818196407848
5.724,900.0335394527393,0.035386157357424036,0.0,0.2,0.2,20.249999999999996,0.8,0.8,900.0,0.003,0.0,25,0.5,0.026876624,0.0037429817914549374
5.727,900.0335394523687,0.035453141685377325,0.0,0.2,0.2,20.249999999999996,0.8,0.8,900.0,0.003,0.0,25,0.5,0.023690376,0.0037429817586566248
5.73,900.0335394519565,0.03552054877327682,0.0,0.2,0.2,20.249999999999996,0.8,0.8,900.0,0.003,0.0,25,0.5,0.023761236,0.003742981721021669
5.7330000000000005,900.0335394514984,0.0355883788609561,0.0,0.2,0.2,20.249999999999996,0.8,0.8,900.0,0.003,0.0,25,0.5,0.027026646,0.0037429816783313696
5.736,900.0335394509981,0.03565663219303698,0.0,0.2,0.2,20.249999999999996,0.8,0.8,900.0,0.003,0.0,25,0.5,0.023367534,0.0037429816303798796
5.739,900.0335394504484,0.03572530901952012,0.0,0.2,0.2,20.249999999999996,0.8,0.8,900.0,0.003,0.0,25,0.5,0.024153719,0.003742981576987169
5.742,900.0335394498471,0.035794409594830656,0.0,0.2,0.2,20.249999999999996,0.8,0.8,900.0,0.003,0.0,25,0.5,0.027823009,0.00374298151808777
5.745,900.0335394491997,0.035863934167640076,0.0,0.2,0.2,20.249999999999996,0.8,0.8,900.0,0.003,0.0,25,0.5,0.02435137,0.003742981453603132
5.748,900.033539448499,0.035933882990881516,0.0,0.2,0.2,20.249999999999996,0.8,0.8,900.0,0.003,0.0,25,0.5,0.024067398,0.0037429813834747067
5.751,900.0335394477506,0.036004256321569277,0.0,0.2,0.2,20.249999999999996,0.8,0.8,900.0,0.003,0.0,25,0.5,0.027754329,0.0037429813076781306
5.7540000000000004,900.0335394469491,0.03607505442228726,0.0,0.2,0.2,20.249999999999996,0.8,0.8,900.0,0.003,0.0,25,0.5,0.024667581,0.003742981226184258
5.757000000000001,900.033539446093,0.036146277563139984,0.0,0.2,0.2,20.249999999999996,0.8,0.8,900.0,0.003,0.0,25,0.5,0.023772036,0.00374298113897979
5.76,900.0335394451894,0.03621792602206341,0.0,0.2,0.2,20.249999999999996,0.8,0.8,900.0,0.003,0.0,25,0.5,0.029810991,0.003742981046048061
5.763,900.0335394442325,0.036290000085478405,0.0,0.2,0.2,20.249999999999996,0.8,0.8,900.0,0.003,0.0,25,0.5,0.024020198,0.0037429809473661776
5.766,900.0335394432225,0.03636250004919392,0.0,0.2,0.2,20.249999999999996,0.8,0.8,900.0,0.003,0.0,25,0.5,0.024808562,0.003742980842879652
5.769,900.033539442161,0.03643542622028028,0.0,0.2,0.2,20.249999999999996,0.8,0.8,900.0,0.003,0.0,25,0.5,0.028913757,0.0037429807325467974
5.772,900.0335394410469,0.036508778914463406,0.0,0.2,0.2,20.249999999999996,0.8,0.8,900.0,0.003,0.0,25,0.5,0.024792592,0.0037429806163292475
5.775,900.0335394398775,0.036582558457493516,0.0,0.2,0.2,20.249999999999996,0.8,0.8,900.0,0.003,0.0,25,0.5,0.02448262,0.0037429804942124703
5.7780000000000005,900.033539438655,0.03665676518549968,0.0,0.2,0.2,20.249999999999996,0.8,0.8,900.0,0.003,0.0,25,0.5,0.028252152,0.0037429803662089754
5.781,900.0335394373814,0.036731399446846835,0.0,0.2,0.2,20.249999999999996,0.8,0.8,900.0,0.003,0.0,25,0.5,0.024496451,0.0037429802323695866
5.784,900.0335394360553,0.036806461603456464,0.0,0.2,0.2,20.249999999999996,0.8,0.8,900.0,0.003,0.0,25,0.5,0.023288204,0.003742980092800783
5.787,900.0335394346739,0.03688195202556105,0.0,0.2,0.2,20.249999999999996,0.8,0.8,900.0,0.003,0.0,25,0.5,0.028282563,0.0037429799476336274
5.79,900.0335394332453,0.036957871096226745,0.0,0.2,0.2,20.249999999999996,0.8,0.8,900.0,0.003,0.0,25,0.5,0.02435088,0.0037429797970393516
5.793,900.0335394317673,0.03703421920261814,0.0,0.2,0.2,20.249999999999996,0.8,0.8,900.0,0.003,0.0,25,0.5,0.024001677,0.00374297964141328
5.796,900.0335394302425,0.03711099667991948,0.0,0.2,0.2,20.249999999999996,0.8,0.8,900.0,0.003,0.0,25,0.5,0.02789411,0.0037429794811053526
5.799,900.0335394286778,0.037188203861460635,0.0,0.2,0.2,20.249999999999996,0.8,0.8,900.0,0.003,0.0,25,0.5,0.02454848,0.0037429793164315047
5.8020000000000005,900.0335394270751,0.03726584109047047,0.0,0.2,0.2,20.249999999999996,0.8,0.8,900.0,0.003,0.0,25,0.5,0.024530821,0.003742979148047277
5.805,900.0335394254378,0.03734390865334748,0.0,0.2,0.2,20.249999999999996,0.8,0.8,900.0,0.003,0.0,25,0.5,0.028344473,0.003742978976368172
5.808,900.0335394237727,0.03742240681933661,0.0,0.2,0.2,20.249999999999996,0.8,0.8,900.0,0.003,0.0,25,0.5,0.023960538,0.003742978801536007
5.811,900.0335394220783,0.037501335870857536,0.0,0.2,0.2,20.249999999999996,0.8,0.8,900.0,0.003,0.0,25,0.5,0.023884288,0.0037429786236720724
5.814,900.0335394203546,0.037580696107293095,0.0,0.2,0.2,20.249999999999996,0.8,0.8,900.0,0.003,0.0,25,0.5,0.027376007,0.003742978442832224
5.817,900.0335394186047,0.037660487843685676,0.0,0.2,0.2,20.249999999999996,0.8,0.8,900.0,0.003,0.0,25,0.5,0.023505975,0.0037429782590019606
5.82,900.0335394168286,0.03774071140749883,0.0,0.2,0.2,20.249999999999996,0.8,0.8,900.0,0.003,0.0,25,0.5,0.024680681,0.003742978072110814
5.823,900.0335394150221,0.037821367140453054,0.0,0.2,0.2,20.249999999999996,0.8,0.8,900.0,0.003,0.0,25,0.5,0.027341057,0.0037429778820636445
5.8260000000000005,900.0335394131898,0.03790245540161947,0.0,0.2,0.2,20.249999999999996,0.8,0.8,900.0,0.003,0.0,25,0.5,0.024473261,0.0037429776888030495
5.829,900.0335394113247,0.03798397655693351,0.0,0.2,0.2,20.249999999999996,0.8,0.8,900.0,0.003,0.0,25,0.5,0.023486265,0.003742977492313978
5.832,900.0335394094318,0.03806593098556326,0.0,0.2,0.2,20.249999999999996,0.8,0.8,900.0,0.003,0.0,25,0.5,0.026961925,0.0037429772926341484
5.835,900.0335394075095,0.03814831908528265,0.0,0.2,0.2,20.249999999999996,0.8,0.8,900.0,0.003,0.0,25,0.5,0.023169603,0.0037429770898560182
5.838,900.033539405562,0.038231141272820776,0.0,0.2,0.2,20.249999999999996,0.8,0.8,900.0,0.003,0.0,25,0.5,0.024422231,0.0037429768845515035
5.841,900.0335394035934,0.038314397852168114,0.0,0.2,0.2,20.249999999999996,0.8,0.8,900.0,0.003,0.0,25,0.5,0.026980895,0.0037429766780418543
5.844,900.0335394016143,0.03839808890582401,0.0,0.2,0.2,20.249999999999996,0.8,0.8,900.0,0.003,0.0,25,0.5,0.022864511,0.003742976471191268
5.847,900.0335393996453,0.038482214369375586,0.0,0.2,0.2,20.249999999999996,0.8,0.8,900.0,0.003,0.0,25,0.5,0.023353704,0.0037429762673172272
5.8500000000000005,900.0335393977019,0.038566773420738484,0.0,0.2,0.2,20.249999999999996,0.8,0.8,900.0,0.003,0.0,25,0.5,0.026673163,0.003742976067214585
5.853,900.0335393957943,0.03865176513475501,0.0,0.2,0.2,20.249999999999996,0.8,0.8,900.0,0.003,0.0,25,0.5,0.02441919,0.003742975870401048
5.856,900.0335393939151,0.03873718856802236,0.0,0.2,0.2,20.249999999999996,0.8,0.8,900.0,0.003,0.0,25,0.5,0.024032298,0.0037429756755931074
5.859,900.0335393920548,0.03882304276421929,0.0,0.2,0.2,20.249999999999996,0.8,0.8,900.0,0.003,0.0,25,0.5,0.026601394,0.003742975480729882
5.862,900.0335393901934,0.038909326771155536,0.0,0.2,0.2,20.249999999999996,0.8,0.8,900.0,0.003,0.0,25,0.5,0.023589545,0.0037429752833304233
5.865,900.0335393883073,0.03899603964022016,0.0,0.2,0.2,20.249999999999996,0.8,0.8,900.0,0.003,0.0,25,0.5,0.023081272,0.0037429750809020827
5.868,900.0335393863787,0.03908318042726061,0.0,0.2,0.2,20.249999999999996,0.8,0.8,900.0,0.003,0.0,25,0.5,0.027185597,0.0037429748712861943
5.871,900.0335393843809,0.03917074819295146,0.0,0.2,0.2,20.249999999999996,0.8,0.8,900.0,0.003,0.0,25,0.5,0.022912922,0.0037429746528917936
5.8740000000000006,900.0335393823077,0.039258741999409506,0.0,0.2,0.2,20.249999999999996,0.8,0.8,900.0,0.003,0.0,25,0.5,0.02271371,0.0037429744247913354
5.877,900.0335393801448,0.039347160912150576,0.0,0.2,0.2,20.249999999999996,0.8,0.8,900.0,0.003,0.0,25,0.5,0.027211596,0.0037429741868051612
5.88,900.0335393778978,0.03943600396469052,0.0,0.2,0.2,20.249999999999996,0.8,0.8,900.0,0.003,0.0,25,0.5,0.02257934,0.003742973939619659
5.883,900.0335393755657,0.03952527007803628,0.0,0.2,0.2,20.249999999999996,0.8,0.8,900.0,0.003,0.0,25,0.5,0.022639591,0.0037429736843957793
5.886,900.033539373166,0.0396149581381582,0.0,0.2,0.2,20.249999999999996,0.8,0.8,900.0,0.003,0.0,25,0.5,0.026948665,0.003742973422712449
5.889,900.0335393707047,0.03970506697639676,0.0,0.2,0.2,20.249999999999996,0.8,0.8,900.0,0.003,0.0,25,0.5,0.022975782,0.0037429731560455625
5.892,900.0335393682012,0.039795595428481,0.0,0.2,0.2,20.249999999999996,0.8,0.8,900.0,0.003,0.0,25,0.5,0.02265141,0.003742972885769412
5.8950000000000005,900.0335393656637,0.03988654234242582,0.0,0.2,0.2,20.249999999999996,0.8,0.8,900.0,0.003,0.0,25,0.5,0.027041575,0.003742972613023985
5.898,900.033539363103,0.03997790657178425,0.0,0.2,0.2,20.249999999999996,0.8,0.8,900.0,0.003,0.0,25,0.5,0.02259696,0.003742972338570821
5.901,900.0335393605272,0.0400696869754838,0.0,0.2,0.2,20.249999999999996,0.8,0.8,900.0,0.003,0.0,25,0.5,0.02278056,0.003742972062723886
5.904,900.0335393579393,0.040161882418562854,0.0,0.2,0.2,20.249999999999996,0.8,0.8,900.0,0.003,0.0,25,0.5,0.026958735,0.003742971785399235
5.907,900.0335393553381,0.04025449176886007,0.0,0.2,0.2,20.249999999999996,0.8,0.8,900.0,0.003,0.0,25,0.5,0.023028522,0.0037429715062010775
5.91,900.0335393527213,0.04034751387212538,0.0,0.2,0.2,20.249999999999996,0.8,0.8,900.0,0.003,0.0,25,0.5,0.023724977,0.003742971224434124
5.913,900.0335393500807,0.0404409475598498,0.0,0.2,0.2,20.249999999999996,0.8,0.8,900.0,0.003,0.0,25,0.5,0.027238146,0.0037429709392467385
5.916,900.0335393474056,0.04053479167031203,0.0,0.2,0.2,20.249999999999996,0.8,0.8,900.0,0.003,0.0,25,0.5,0.02263784,0.0037429706498035716
5.9190000000000005,900.0335393446966,0.04062904504865493,0.0,0.2,0.2,20.249999999999996,0.8,0.8,900.0,0.003,0.0,25,0.5,0.023268484,0.0037429703553778994
5.922,900.0335393419407,0.04072370654695222,0.0,0.2,0.2,20.249999999999996,0.8,0.8,900.0,0.003,0.0,25,0.5,0.027022456,0.0037429700554935516
5.925,900.033539339138,0.04081877501294145,0.0,0.2,0.2,20.249999999999996,0.8,0.8,900.0,0.003,0.0,25,0.5,0.024915343,0.00374296975038235
5.928,900.0335393362916,0.04091424921495994,0.0,0.2,0.2,20.249999999999996,0.8,0.8,900.0,0.003,0.0,25,0.5,0.023415355,0.003742969440523202
5.931,900.0335393334067,0.041010127736597644,0.0,0.2,0.2,20.249999999999996,0.8,0.8,900.0,0.003,0.0,25,0.5,0.02969394,0.0037429691265304997
5.934,900.0335393304821,0.0411064090716373,0.0,0.2,0.2,20.249999999999996,0.8,0.8,900.0,0.003,0.0,25,0.5,0.023846977,0.0037429688088461504
5.937,900.0335393275263,0.041203091716342934,0.0,0.2,0.2,20.249999999999996,0.8,0.8,900.0,0.003,0.0,25,0.5,0.024652322,0.003742968487942891
5.94,900.0335393245405,0.04130017417116564,0.0,0.2,0.2,20.249999999999996,0.8,0.8,900.0,0.003,0.0,25,0.5,0.028167982,0.003742968164355803
5.9430000000000005,900.0335393215335,0.04139765489298016,0.0,0.2,0.2,20.249999999999996,0.8,0.8,900.0,0.003,0.0,25,0.5,0.023866208,0.003742967838624301
5.946,900.033539318504,0.041495532266299845,0.0,0.2,0.2,20.249999999999996,0.8,0.8,900.0,0.003,0.0,25,0.5,0.023314194,0.00374296751072239
5.949,900.033539315459,0.04159380467919832,0.0,0.2,0.2,20.249999999999996,0.8,0.8,900.0,0.003,0.0,25,0.5,0.027237307,0.0037429671803486594
5.952,900.0335393123901,0.041692470524958135,0.0,0.2,0.2,20.249999999999996,0.8,0.8,900.0,0.003,0.0,25,0.5,0.02272975,0.003742966847343154
5.955,900.0335393093021,0.04179152812051833,0.0,0.2,0.2,20.249999999999996,0.8,0.8,900.0,0.003,0.0,25,0.5,0.023590296,0.003742966512255251
5.958,900.0335393061943,0.04189097558747933,0.0,0.2,0.2,20.249999999999996,0.8,0.8,900.0,0.003,0.0,25,0.5,0.027537579,0.003742966174965328
5.961,900.0335393030704,0.04199081098541066,0.0,0.2,0.2,20.249999999999996,0.8,0.8,900.0,0.003,0.0,25,0.5,0.022989752,0.00374296583529519
5.964,900.0335392999282,0.04209103220970001,0.0,0.2,0.2,20.249999999999996,0.8,0.8,900.0,0.003,0.0,25,0.5,0.022859502,0.003742965493438352
5.9670000000000005,900.0335392967681,0.04219163697364076,0.0,0.2,0.2,20.249999999999996,0.8,0.8,900.0,0.003,0.0,25,0.5,0.026495072,0.00374296515076167
5.97,900.0335392936018,0.04229262269659893,0.0,0.2,0.2,20.249999999999996,0.8,0.8,900.0,0.003,0.0,25,0.5,0.023370243,0.0037429648071781486
5.973,900.0335392904295,0.04239398679065834,0.0,0.2,0.2,20.249999999999996,0.8,0.8,900.0,0.003,0.0,25,0.5,0.023089773,0.003742964462213149
5.976,900.0335392872405,0.042495726668176456,0.0,0.2,0.2,20.249999999999996,0.8,0.8,900.0,0.003,0.0,25,0.5,0.027462508,0.00374296411527684
5.979,900.0335392840369,0.042597839742075094,0.0,0.2,0.2,20.249999999999996,0.8,0.8,900.0,0.003,0.0,25,0.5,0.023211783,0.003742963765712894
5.982,900.0335392808119,0.04270032342290768,0.0,0.2,0.2,20.249999999999996,0.8,0.8,900.0,0.003,0.0,25,0.5,0.023936667,0.003742963412807391
5.985,900.0335392775536,0.04280317512314254,0.0,0.2,0.2,20.249999999999996,0.8,0.8,900.0,0.003,0.0,25,0.5,0.028051652,0.0037429630559075735
5.988,900.0335392742562,0.04290639225846066,0.0,0.2,0.2,20.249999999999996,0.8,0.8,900.0,0.003,0.0,25,0.5,0.024060418,0.0037429626945324713
5.9910000000000005,900.0335392709236,0.0430099722484188,0.0,0.2,0.2,20.249999999999996,0.8,0.8,900.0,0.003,0.0,25,0.5,0.023836367,0.0037429623284458663
5.994,900.0335392675464,0.04311391251722432,0.0,0.2,0.2,20.249999999999996,0.8,0.8,900.0,0.003,0.0,25,0.5,0.027135886,0.0037429619576998204
5.997,900.0335392641282,0.04321821048677041,0.0,0.2,0.2,20.249999999999996,0.8,0.8,900.0,0.003,0.0,25,0.5,0.023420545,0.0037429615826548492
6.0,900.0335392606704,0.04332286356174408,0.0,0.2,0.2,20.249999999999996,0.8,0.8,900.0,0.003,0.0,25,0.5,0.023159743,0.0037429612038294142
6.003,900.0335392571814,0.043427869138299206,0.0,0.2,0.2,20.249999999999996,0.8,0.8,900.0,0.003,0.0,25,0.5,0.028260902,0.003742960821980162
6.006,900.0335392536639,0.043533224585244015,0.0,0.2,0.2,20.249999999999996,0.8,0.8,900.0,0.003,0.0,25,0.5,0.024117598,0.0037429604378733006
6.009,900.0335392501272,0.04363892727619085,0.0,0.2,0.2,20.249999999999996,0.8,0.8,900.0,0.003,0.0,25,0.5,0.023777086,0.0037429600522545267
6.0120000000000005,900.0335392465735,0.04374497459259578,0.0,0.2,0.2,20.249999999999996,0.8,0.8,900.0,0.003,0.0,25,0.5,0.028436293,0.0037429596657700378
6.015000000000001,900.0335392430169,0.04385136392008383,0.0,0.2,0.2,20.249999999999996,0.8,0.8,900.0,0.003,0.0,25,0.5,0.023816837,0.00374295927892461
6.018,900.0335392394525,0.04395809264441895,0.0,0.2,0.2,20.249999999999996,0.8,0.8,900.0,0.003,0.0,25,0.5,0.023730806,0.0037429588920326403
6.021,900.0335392358917,0.044065158159049794,0.0,0.2,0.2,20.249999999999996,0.8,0.8,900.0,0.003,0.0,25,0.5,0.02789272,0.0037429585052455383
6.024,900.0335392323262,0.044172557864586945,0.0,0.2,0.2,20.249999999999996,0.8,0.8,900.0,0.003,0.0,25,0.5,0.023069153,0.003742958118563242
6.027,900.033539228766,0.04428028916685017,0.0,0.2,0.2,20.249999999999996,0.8,0.8,900.0,0.003,0.0,25,0.5,0.023484965,0.0037429577317561634
6.03,900.0335392252011,0.0443883495222848,0.0,0.2,0.2,20.249999999999996,0.8,0.8,900.0,0.003,0.0,25,0.5,0.027790109,0.0037429573446091493
6.033,900.0335392216372,0.04449673642914989,0.0,0.2,0.2,20.249999999999996,0.8,0.8,900.0,0.003,0.0,25,0.5,0.023478504,0.0037429569571370384
6.0360000000000005,900.0335392180652,0.04460544739956413,0.0,0.2,0.2,20.249999999999996,0.8,0.8,900.0,0.003,0.0,25,0.5,0.024112318,0.0037429565694373597
6.039,900.0335392144938,0.04471447996108028,0.0,0.2,0.2,20.249999999999996,0.8,0.8,900.0,0.003,0.0,25,0.5,0.028305192,0.0037429561819077774
6.042,900.0335392109248,0.04482383158061343,0.0,0.2,0.2,20.249999999999996,0.8,0.8,900.0,0.003,0.0,25,0.5,0.023683536,0.0037429557950720174
6.045,900.0335392073654,0.04493349967290787,0.0,0.2,0.2,20.249999999999996,0.8,0.8,900.0,0.003,0.0,25,0.5,0.023237043,0.003742955409351905
6.048,900.0335392038145,0.04504348163523873,0.0,0.2,0.2,20.249999999999996,0.8,0.8,900.0,0.003,0.0,25,0.5,0.027159496,0.0037429550255609323
6.051,900.0335392002854,0.045153774719729735,0.0,0.2,0.2,20.249999999999996,0.8,0.8,900.0,0.003,0.0,25,0.5,0.025449706,0.003742954644135835
6.054,900.0335391967773,0.04526437616822778,0.0,0.2,0.2,20.249999999999996,0.8,0.8,900.0,0.003,0.0,25,0.5,0.024440201,0.0037429542652834768
6.057,900.0335391932915,0.04537528324173655,0.0,0.2,0.2,20.249999999999996,0.8,0.8,900.0,0.003,0.0,25,0.5,0.028442953,0.003742953888972821
6.0600000000000005,900.033539189827,0.04548649322082135,0.0,0.2,0.2,20.249999999999996,0.8,0.8,900.0,0.003,0.0,25,0.5,0.023058542,0.003742953514948601
6.063,900.0335391863833,0.04559800340603224,0.0,0.2,0.2,20.249999999999996,0.8,0.8,900.0,0.003,0.0,25,0.5,0.023787687,0.003742953142790158
6.066,900.0335391829568,0.045709811118485634,0.0,0.2,0.2,20.249999999999996,0.8,0.8,900.0,0.003,0.0,25,0.5,0.026875245,0.0037429527719521575
6.069,900.0335391795387,0.04582191371469681,0.0,0.2,0.2,20.249999999999996,0.8,0.8,900.0,0.003,0.0,25,0.5,0.025055444,0.0037429524014260555
6.072,900.0335391761205,0.04593430873162224,0.0,0.2,0.2,20.249999999999996,0.8,0.8,900.0,0.003,0.0,25,0.5,0.023591276,0.003742952030618004
6.075,900.0335391727004,0.0460469937736032,0.0,0.2,0.2,20.249999999999996,0.8,0.8,900.0,0.003,0.0,25,0.5,0.029217148,0.0037429516592678166
6.078,900.0335391692746,0.046159966474273874,0.0,0.2,0.2,20.249999999999996,0.8,0.8,900.0,0.003,0.0,25,0.5,0.023409685,0.0037429512873173995
6.081,900.0335391658442,0.04627322449631929,0.0,0.2,0.2,20.249999999999996,0.8,0.8,900.0,0.003,0.0,25,0.5,0.02431995,0.0037429509149146905
6.0840000000000005,900.0335391624067,0.0463867655339368,0.0,0.2,0.2,20.249999999999996,0.8,0.8,900.0,0.003,0.0,25,0.5,0.028019951,0.0037429505423758644
6.087,900.033539158971,0.04650058731401239,0.0,0.2,0.2,20.249999999999996,0.8,0.8,900.0,0.003,0.0,25,0.5,0.024246,0.003742950170110548
6.09,900.0335391555348,0.046614687595838006,0.0,0.2,0.2,20.249999999999996,0.8,0.8,900.0,0.003,0.0,25,0.5,0.023655206,0.0037429497985521135
6.093,900.0335391521068,0.04672906416675028,0.0,0.2,0.2,20.249999999999996,0.8,0.8,900.0,0.003,0.0,25,0.5,0.028550344,0.003742949428062072
6.096,900.0335391486858,0.04684371484295313,0.0,0.2,0.2,20.249999999999996,0.8,0.8,900.0,0.003,0.0,25,0.5,0.024086749,0.0037429490588681545
6.099,900.0335391452772,0.04695863747322748,0.0,0.2,0.2,20.249999999999996,0.8,0.8,900.0,0.003,0.0,25,0.5,0.024890733,0.003742948691030765
6.102,900.0335391418789,0.04707382994476369,0.0,0.2,0.2,20.249999999999996,0.8,0.8,900.0,0.003,0.0,25,0.5,0.028036721,0.0037429483238687155
6.105,900.03353913848,0.047189290400787946,0.0,0.2,0.2,20.249999999999996,0.8,0.8,900.0,0.003,0.0,25,0.5,0.023705686,0.0037429479566378353
6.1080000000000005,900.0335391350859,0.047305017134690604,0.0,0.2,0.2,20.249999999999996,0.8,0.8,900.0,0.003,0.0,25,0.5,0.023343064,0.0037429475890168604
6.111,900.0335391316886,0.04742100846241517,0.0,0.2,0.2,20.249999999999996,0.8,0.8,900.0,0.003,0.0,25,0.5,0.028202242,0.0037429472216742215
6.114,900.0335391283016,0.04753726235807467,0.0,0.2,0.2,20.249999999999996,0.8,0.8,900.0,0.003,0.0,25,0.5,0.023955767,0.0037429468558953906
6.117,900.0335391249292,0.04765377647659019,0.0,0.2,0.2,20.249999999999996,0.8,0.8,900.0,0.003,0.0,25,0.5,0.023734726,0.003742946492344704
6.12,900.033539121579,0.047770548472329165,0.0,0.2,0.2,20.249999999999996,0.8,0.8,900.0,0.003,0.0,25,0.5,0.027269597,0.003742946131857383
6.123,900.0335391182541,0.047887575956510955,0.0,0.2,0.2,20.249999999999996,0.8,0.8,900.0,0.003,0.0,25,0.5,0.023771837,0.003742945774794959
6.126,900.033539114957,0.048004856566434724,0.0,0.2,0.2,20.249999999999996,0.8,0.8,900.0,0.003,0.0,25,0.5,0.023624506,0.0037429454210900115
6.1290000000000004,900.0335391116969,0.04812238796952354,0.0,0.2,0.2,20.249999999999996,0.8,0.8,900.0,0.003,0.0,25,0.5,0.027307647,0.0037429450702609088
6.132000000000001,900.033539108458,0.04824016786462161,0.0,0.2,0.2,20.249999999999996,0.8,0.8,900.0,0.003,0.0,25,0.5,0.023284403,0.003742944721648765
6.135,900.0335391052416,0.04835819394920554,0.0,0.2,0.2,20.249999999999996,0.8,0.8,900.0,0.003,0.0,25,0.5,0.023292654,0.0037429443754885793
6.138,900.0335391020471,0.04847646366308002,0.0,0.2,0.2,20.249999999999996,0.8,0.8,900.0,0.003,0.0,25,0.5,0.026822464,0.003742944031398564
6.141,900.0335390988724,0.048594974418853874,0.0,0.2,0.2,20.249999999999996,0.8,0.8,900.0,0.003,0.0,25,0.5,0.023375964,0.00374294368865129
6.144,900.0335390957066,0.048713723660338715,0.0,0.2,0.2,20.249999999999996,0.8,0.8,900.0,0.003,0.0,25,0.5,0.023646735,0.0037429433465262967
6.147,900.0335390925495,0.04883270885610045,0.0,0.2,0.2,20.249999999999996,0.8,0.8,900.0,0.003,0.0,25,0.5,0.027075785,0.0037429430043341427
6.15,900.0335390893915,0.04895192750524524,0.0,0.2,0.2,20.249999999999996,0.8,0.8,900.0,0.003,0.0,25,0.5,0.023078972,0.0037429426614583013
6.1530000000000005,900.0335390862252,0.04907137714122108,0.0,0.2,0.2,20.249999999999996,0.8,0.8,900.0,0.003,0.0,25,0.5,0.023173473,0.0037429423174271106
6.156,900.0335390830475,0.04919105533086413,0.0,0.2,0.2,20.249999999999996,0.8,0.8,900.0,0.003,0.0,25,0.5,0.027531518,0.00374294197195978
6.159,900.0335390798548,0.0493109596757491,0.0,0.2,0.2,20.249999999999996,0.8,0.8,900.0,0.003,0.0,25,0.5,0.023631196,0.003742941624984346
6.162,900.0335390766514,0.04943108781523147,0.0,0.2,0.2,20.249999999999996,0.8,0.8,900.0,0.003,0.0,25,0.5,0.023531626,0.003742941276641903
6.165,900.0335390734347,0.04955143742521378,0.0,0.2,0.2,20.249999999999996,0.8,0.8,900.0,0.003,0.0,25,0.5,0.02788093,0.003742940927292228
6.168,900.0335390702061,0.04967200621092746,0.0,0.2,0.2,20.249999999999996,0.8,0.8,900.0,0.003,0.0,25,0.5,0.023648106,0.0037429405773880212
6.171,900.0335390669732,0.049792791914679224,0.0,0.2,0.2,20.249999999999996,0.8,0.8,900.0,0.003,0.0,25,0.5,0.024292489,0.003742940227368387
6.174,900.0335390637412,0.04991379232156146,0.0,0.2,0.2,20.249999999999996,0.8,0.8,900.0,0.003,0.0,25,0.5,0.027247797,0.0037429398776326357
6.1770000000000005,900.0335390605057,0.050035005260525255,0.0,0.2,0.2,20.249999999999996,0.8,0.8,900.0,0.003,0.0,25,0.5,0.023321704,0.0037429395285288
6.18,900.0335390572798,0.050156428599884784,0.0,0.2,0.2,20.249999999999996,0.8,0.8,900.0,0.003,0.0,25,0.5,0.024097349,0.003742939180477344
6.183,900.0335390540595,0.05027806021838388,0.0,0.2,0.2,20.249999999999996,0.8,0.8,900.0,0.003,0.0,25,0.5,0.028729295,0.0037429388335796644
6.186,900.0335390508516,0.05039989803807121,0.0,0.2,0.2,20.249999999999996,0.8,0.8,900.0,0.003,0.0,25,0.5,0.024295939,0.003742938487764034
6.189,900.0335390476544,0.050521940033331554,0.0,0.2,0.2,20.249999999999996,0.8,0.8,900.0,0.003,0.0,25,0.5,0.023376644,0.003742938143086357
6.192,900.0335390444661,0.050644184181562316,0.0,0.2,0.2,20.249999999999996,0.8,0.8,900.0,0.003,0.0,25,0.5,0.027254276,0.0037429377994551575
6.195,900.0335390412843,0.050766628495260605,0.0,0.2,0.2,20.249999999999996,0.8,0.8,900.0,0.003,0.0,25,0.5,0.023263323,0.003742937456615979
6.198,900.0335390381126,0.05088927103436174,0.0,0.2,0.2,20.249999999999996,0.8,0.8,900.0,0.003,0.0,25,0.5,0.022983802,0.003742937114324701
6.2010000000000005,900.0335390349439,0.051012109880687356,0.0,0.2,0.2,20.249999999999996,0.8,0.8,900.0,0.003,0.0,25,0.5,0.027120666,0.003742936772227047
6.204,900.0335390317716,0.051135143161402996,0.0,0.2,0.2,20.249999999999996,0.8,0.8,900.0,0.003,0.0,25,0.5,0.023712206,0.003742936430005986
6.207,900.0335390286048,0.05125836904344991,0.0,0.2,0.2,20.249999999999996,0.8,0.8,900.0,0.003,0.0,25,0.5,0.022921961,0.003742936087467387
6.21,900.0335390254305,0.051381785730123614,0.0,0.2,0.2,20.249999999999996,0.8,0.8,900.0,0.003,0.0,25,0.5,0.026413581,0.003742935744336594
6.213,900.03353902225,0.05150539147905571,0.0,0.2,0.2,20.249999999999996,0.8,0.8,900.0,0.003,0.0,25,0.5,0.02278208,0.003742935400416671
6.216,900.033539019064,0.05162918459830258,0.0,0.2,0.2,20.249999999999996,0.8,0.8,900.0,0.003,0.0,25,0.5,0.023179403,0.003742935055611609
6.219,900.0335390158664,0.051753163435898114,0.0,0.2,0.2,20.249999999999996,0.8,0.8,900.0,0.003,0.0,25,0.5,0.026731914,0.0037429347098569543
6.222,900.0335390126606,0.051877326396626455,0.0,0.2,0.2,20.249999999999996,0.8,0.8,900.0,0.003,0.0,25,0.5,0.023290344,0.003742934363164347
6.2250000000000005,900.0335390094483,0.0520016719384994,0.0,0.2,0.2,20.249999999999996,0.8,0.8,900.0,0.003,0.0,25,0.5,0.022951132,0.0037429340159372063
6.228,900.0335390062371,0.05212619849934263,0.0,0.2,0.2,20.249999999999996,0.8,0.8,900.0,0.003,0.0,25,0.5,0.027214397,0.0037429336714653316
6.231,900.033539003075,0.052250903733677447,0.0,0.2,0.2,20.249999999999996,0.8,0.8,900.0,0.003,0.0,25,0.5,0.023348644,0.0037429333357881394
6.234,900.0335389999914,0.05237578422466672,0.0,0.2,0.2,20.249999999999996,0.8,0.8,900.0,0.003,0.0,25,0.5,0.023187443,0.0037429330096864335
6.237,900.0335389969922,0.05250083659470468,0.0,0.2,0.2,20.249999999999996,0.8,0.8,900.0,0.003,0.0,25,0.5,0.028468223,0.003742932693100144
6.24,900.0335389940758,0.05262605751152513,0.0,0.2,0.2,20.249999999999996,0.8,0.8,900.0,0.003,0.0,25,0.5,0.024253009,0.0037429323848214477
6.243,900.0335389912327,0.05275144369796457,0.0,0.2,0.2,20.249999999999996,0.8,0.8,900.0,0.003,0.0,25,0.5,0.022899252,0.003742932082286748
6.246,900.0335389884393,0.05287699194319849,0.0,0.2,0.2,20.249999999999996,0.8,0.8,900.0,0.003,0.0,25,0.5,0.026415542,0.003742931781952868
6.2490000000000006,900.0335389856639,0.05300269910572213,0.0,0.2,0.2,20.249999999999996,0.8,0.8,900.0,0.003,0.0,25,0.5,0.023129603,0.0037429314799091165
6.252,900.0335389828723,0.05312856211639742,0.0,0.2,0.2,20.249999999999996,0.8,0.8,900.0,0.003,0.0,25,0.5,0.023976098,0.0037429311725011042
6.255,900.0335389800326,0.053254577975481436,0.0,0.2,0.2,20.249999999999996,0.8,0.8,900.0,0.003,0.0,25,0.5,0.027515838,0.003742930856755747
6.258,900.0335389771157,0.05338074375744624,0.0,0.2,0.2,20.249999999999996,0.8,0.8,900.0,0.003,0.0,25,0.5,0.023834936,0.0037429305297709886
6.261,900.0335389740919,0.053507056780777634,0.0,0.2,0.2,20.249999999999996,0.8,0.8,900.0,0.003,0.0,25,0.5,0.023089982,0.0037429301896070655
6.264,900.0335389709523,0.053633514504096966,0.0,0.2,0.2,20.249999999999996,0.8,0.8,900.0,0.003,0.0,25,0.5,0.028082971,0.0037429298358547724
6.267,900.0335389676881,0.05376011438599768,0.0,0.2,0.2,20.249999999999996,0.8,0.8,900.0,0.003,0.0,25,0.5,0.023116933,0.003742929469157911
6.2700000000000005,900.0335389643104,0.05388685386995842,0.0,0.2,0.2,20.249999999999996,0.8,0.8,900.0,0.003,0.0,25,0.5,0.023080583,0.003742929091256041
6.273,900.0335389608339,0.054013730297084166,0.0,0.2,0.2,20.249999999999996,0.8,0.8,900.0,0.003,0.0,25,0.5,0.026633193,0.003742928703941048
6.276,900.0335389572693,0.05414074107782511,0.0,0.2,0.2,20.249999999999996,0.8,0.8,900.0,0.003,0.0,25,0.5,0.023424674,0.003742928310284146
6.279,900.0335389537019,0.0542678831663702,0.0,0.2,0.2,20.249999999999996,0.8,0.8,900.0,0.003,0.0,25,0.5,0.022712751,0.003742927924176317
6.282,900.0335389502171,0.05439514985812798,0.0,0.2,0.2,20.249999999999996,0.8,0.8,900.0,0.003,0.0,25,0.5,0.026610873,0.0037429275498749876
6.285,900.0335389468337,0.05452253372927755,0.0,0.2,0.2,20.249999999999996,0.8,0.8,900.0,0.003,0.0,25,0.5,0.023069443,0.0037429271861490416
6.288,900.0335389435459,0.05465002737741105,0.0,0.2,0.2,20.249999999999996,0.8,0.8,900.0,0.003,0.0,25,0.5,0.022857321,0.0037429268301857263
6.291,900.0335389403264,0.05477762343409619,0.0,0.2,0.2,20.249999999999996,0.8,0.8,900.0,0.003,0.0,25,0.5,0.026685553,0.003742926477151285
6.2940000000000005,900.033538937129,0.0549053145702952,0.0,0.2,0.2,20.249999999999996,0.8,0.8,900.0,0.003,0.0,25,0.5,0.023020762,0.003742926120118428
6.297,900.0335389338984,0.055033093493909294,0.0,0.2,0.2,20.249999999999996,0.8,0.8,900.0,0.003,0.0,25,0.5,0.022751081,0.0037429257519130217
6.3,900.0335389305814,0.05516095262159813,0.0,0.2,0.2,20.249999999999996,0.8,0.8,900.0,0.003,0.0,25,0.5,0.026371461,0.003742925366948162
6.303,900.0335389271116,0.05528888383761676,0.0,0.2,0.2,20.249999999999996,0.8,0.8,900.0,0.003,0.0,25,0.5,0.022679741,0.0037429249593278597
6.306,900.0335389234398,0.055416879041188985,0.0,0.2,0.2,20.249999999999996,0.8,0.8,900.0,0.003,0.0,25,0.5,0.022783771,0.0037429245252957027
6.309,900.0335389195282,0.05554493016835776,0.0,0.2,0.2,20.249999999999996,0.8,0.8,900.0,0.003,0.0,25,0.5,0.026303551,0.003742924063390636
6.312,900.0335389153638,0.05567302919338306,0.0,0.2,0.2,20.249999999999996,0.8,0.8,900.0,0.003,0.0,25,0.5,0.023947988,0.003742923574475262
6.315,900.0335389109598,0.0558011680883355,0.0,0.2,0.2,20.249999999999996,0.8,0.8,900.0,0.003,0.0,25,0.5,0.022800341,0.0037429230621162024
6.3180000000000005,900.0335389063462,0.0559293386680852,0.0,0.2,0.2,20.249999999999996,0.8,0.8,900.0,0.003,0.0,25,0.5,0.026459642,0.0037429225306627317
6.321,900.0335389015613,0.056057532766963195,0.0,0.2,0.2,20.249999999999996,0.8,0.8,900.0,0.003,0.0,25,0.5,0.023001442,0.0037429219850060565
6.324,900.0335388966441,0.05618574226817733,0.0,0.2,0.2,20.249999999999996,0.8,0.8,900.0,0.003,0.0,25,0.5,0.023128373,0.0037429214301724196
6.327,900.033538891642,0.056313959104946784,0.0,0.2,0.2,20.249999999999996,0.8,0.8,900.0,0.003,0.0,25,0.5,0.026559312,0.003742920870833399
6.33,900.0335388866027,0.05644217523205994,0.0,0.2,0.2,20.249999999999996,0.8,0.8,900.0,0.003,0.0,25,0.5,0.022837661,0.003742920310993982
6.333,900.0335388815568,0.056570382568959424,0.0,0.2,0.2,20.249999999999996,0.8,0.8,900.0,0.003,0.0,25,0.5,0.023372674,0.0037429197534343123
6.336,900.033538876527,0.05669857308443595,0.0,0.2,0.2,20.249999999999996,0.8,0.8,900.0,0.003,0.0,25,0.5,0.026478723,0.0037429191997976926
6.339,900.0335388715346,0.05682673880717806,0.0,0.2,0.2,20.249999999999996,0.8,0.8,900.0,0.003,0.0,25,0.5,0.023169743,0.003742918650695331
6.3420000000000005,900.0335388665795,0.05695487181944958,0.0,0.2,0.2,20.249999999999996,0.8,0.8,900.0,0.003,0.0,25,0.5,0.022785811,0.0037429181058661223
6.345,900.0335388616605,0.05708296426733348,0.0,0.2,0.2,20.249999999999996,0.8,0.8,900.0,0.003,0.0,25,0.5,0.026506043,0.0037429175644524823
6.348,900.0335388567707,0.057211008367627963,0.0,0.2,0.2,20.249999999999996,0.8,0.8,900.0,0.003,0.0,25,0.5,0.022788201,0.0037429170253229812
6.351,900.0335388519015,0.05733899640942804,0.0,0.2,0.2,20.249999999999996,0.8,0.8,900.0,0.003,0.0,25,0.5,0.023193783,0.0037429164877608666
6.354,900.0335388470531,0.057466920595831215,0.0,0.2,0.2,20.249999999999996,0.8,0.8,900.0,0.003,0.0,25,0.5,0.026552692,0.003742915952071095
6.357,900.0335388422217,0.057594772858939144,0.0,0.2,0.2,20.249999999999996,0.8,0.8,900.0,0.003,0.0,25,0.5,0.023315134,0.003742915418520367
6.36,900.0335388374084,0.05772254517770593,0.0,0.2,0.2,20.249999999999996,0.8,0.8,900.0,0.003,0.0,25,0.5,0.022811781,0.003742914887914961
6.363,900.0335388326166,0.05785022961664462,0.0,0.2,0.2,20.249999999999996,0.8,0.8,900.0,0.003,0.0,25,0.5,0.026955195,0.0037429143615072998
6.3660000000000005,900.0335388278603,0.057977818327798074,0.0,0.2,0.2,20.249999999999996,0.8,0.8,900.0,0.003,0.0,25,0.5,0.02268078,0.0037429138408113113
6.369,900.0335388231576,0.05810530355502177,0.0,0.2,0.2,20.249999999999996,0.8,0.8,900.0,0.003,0.0,25,0.5,0.022854901,0.0037429133274762575
6.372,900.033538818516,0.058232677634770545,0.0,0.2,0.2,20.249999999999996,0.8,0.8,900.0,0.003,0.0,25,0.5,0.027091336,0.0037429128231610083
6.375,900.0335388139542,0.05835993300516126,0.0,0.2,0.2,20.249999999999996,0.8,0.8,900.0,0.003,0.0,25,0.5,0.02256605,0.0037429123294143137
6.378,900.0335388094852,0.05848706221120961,0.0,0.2,0.2,20.249999999999996,0.8,0.8,900.0,0.003,0.0,25,0.5,0.022971432,0.0037429118475451844
6.381,900.0335388051188,0.058614057909176266,0.0,0.2,0.2,20.249999999999996,0.8,0.8,900.0,0.003,0.0,25,0.5,0.026854405,0.003742911378574866
6.384,900.0335388008672,0.058740912867306115,0.0,0.2,0.2,20.249999999999996,0.8,0.8,900.0,0.003,0.0,25,0.5,0.022550569,0.003742910923147262
6.3870000000000005,900.0335387967356,0.058867619974146794,0.0,0.2,0.2,20.249999999999996,0.8,0.8,900.0,0.003,0.0,25,0.5,0.023040182,0.0037429104815312397
6.390000000000001,900.033538792724,0.058994172242786205,0.0,0.2,0.2,20.249999999999996,0.8,0.8,900.0,0.003,0.0,25,0.5,0.027557908,0.003742910053676866
6.393,900.0335387888362,0.05912056281226605,0.0,0.2,0.2,20.249999999999996,0.8,0.8,900.0,0.003,0.0,25,0.5,0.023398065,0.0037429096392567287
6.396,900.033538785061,0.05924678495469653,0.0,0.2,0.2,20.249999999999996,0.8,0.8,900.0,0.003,0.0,25,0.5,0.023463045,0.0037429092377648555
6.399,900.0335387814074,0.05937283207689289,0.0,0.2,0.2,20.249999999999996,0.8,0.8,900.0,0.003,0.0,25,0.5,0.026646133,0.0037429088492082784
6.402,900.0335387778676,0.059498697533523284,0.0,0.2,0.2,20.249999999999996,0.8,0.8,900.0,0.003,0.0,25,0.5,0.023298213,0.0037429084740870874
6.405,900.0335387744466,0.05962437456864404,0.0,0.2,0.2,20.249999999999996,0.8,0.8,900.0,0.003,0.0,25,0.5,0.023889727,0.00374290811183864
6.408,900.0335387711399,0.05974985656169822,0.0,0.2,0.2,20.249999999999996,0.8,0.8,900.0,0.003,0.0,25,0.5,0.027636539,0.0037429077617077426
6.4110000000000005,900.0335387679405,0.05987513702624906,0.0,0.2,0.2,20.249999999999996,0.8,0.8,900.0,0.003,0.0,25,0.5,0.023354654,0.0037429074228494752
6.414,900.0335387648395,0.06000020960876833,0.0,0.2,0.2,20.249999999999996,0.8,0.8,900.0,0.003,0.0,25,0.5,0.023229113,0.0037429070943663335
6.417,900.0335387618247,0.06012506808241849,0.0,0.2,0.2,20.249999999999996,0.8,0.8,900.0,0.003,0.0,25,0.5,0.029913822,0.003742906775256421
6.42,900.0335387588951,0.06024970636872448,0.0,0.2,0.2,20.249999999999996,0.8,0.8,900.0,0.003,0.0,25,0.5,0.02598367,0.003742906464712316
6.423,900.0335387560416,0.06037411848646475,0.0,0.2,0.2,20.249999999999996,0.8,0.8,900.0,0.003,0.0,25,0.5,0.025136714,0.0037429061619218764
6.426,900.0335387532505,0.06049829859953847,0.0,0.2,0.2,20.249999999999996,0.8,0.8,900.0,0.003,0.0,25,0.5,0.030539425,0.003742905866056262
6.429,900.0335387505239,0.06062224103893769,0.0,0.2,0.2,20.249999999999996,0.8,0.8,900.0,0.003,0.0,25,0.5,0.026782183,0.0037429055765724017
6.432,900.0335387478497,0.060745940199854825,0.0,0.2,0.2,20.249999999999996,0.8,0.8,900.0,0.003,0.0,25,0.5,0.025572137,0.0037429052928500345
6.4350000000000005,900.0335387452277,0.06086939057065641,0.0,0.2,0.2,20.249999999999996,0.8,0.8,900.0,0.003,0.0,25,0.5,0.030971958,0.003742905013854987
6.438,900.0335387426377,0.06099258681199243,0.0,0.2,0.2,20.249999999999996,0.8,0.8,900.0,0.003,0.0,25,0.5,0.025874788,0.003742904738415079
6.441,900.0335387400797,0.06111552378062025,0.0,0.2,0.2,20.249999999999996,0.8,0.8,900.0,0.003,0.0,25,0.5,0.024856503,0.0037429044652682645
6.444,900.0335387375369,0.061238196534212204,0.0,0.2,0.2,20.249999999999996,0.8,0.8,900.0,0.003,0.0,25,0.5,0.0295776,0.003742904193143358
6.447,900.0335387349994,0.061360600319298776,0.0,0.2,0.2,20.249999999999996,0.8,0.8,900.0,0.003,0.0,25,0.5,0.024864173,0.003742903920795014
6.45,900.0335387324573,0.06148273056693062,0.0,0.2,0.2,20.249999999999996,0.8,0.8,900.0,0.003,0.0,25,0.5,0.025025563,0.0037429036470524248
6.453,900.0335387299,0.06160458289324261,0.0,0.2,0.2,20.249999999999996,0.8,0.8,900.0,0.003,0.0,25,0.5,0.029818371,0.003742903370779431
6.456,900.0335387273126,0.061726153113639715,0.0,0.2,0.2,20.249999999999996,0.8,0.8,900.0,0.003,0.0,25,0.5,0.024625182,0.003742903090930513
6.4590000000000005,900.0335387246909,0.0618474372477355,0.0,0.2,0.2,20.249999999999996,0.8,0.8,900.0,0.003,0.0,25,0.5,0.024467761,0.00374290280678846
6.462,900.0335387220301,0.06196843145244502,0.0,0.2,0.2,20.249999999999996,0.8,0.8,900.0,0.003,0.0,25,0.5,0.027782079,0.0037429025180606905
6.465,900.0335387193218,0.06208913196982221,0.0,0.2,0.2,20.249999999999996,0.8,0.8,900.0,0.003,0.0,25,0.5,0.023306814,0.0037429022239784324
6.468,900.033538716561,0.0622095352533489,0.0,0.2,0.2,20.249999999999996,0.8,0.8,900.0,0.003,0.0,25,0.5,0.022926772,0.003742901923662385
6.471,900.0335387137366,0.062329637980674604,0.0,0.2,0.2,20.249999999999996,0.8,0.8,900.0,0.003,0.0,25,0.5,0.027456888,0.0037429016164038827
6.474,900.0335387108505,0.06244943701541648,0.0,0.2,0.2,20.249999999999996,0.8,0.8,900.0,0.003,0.0,25,0.5,0.023135353,0.0037429013015129755
6.477,900.0335387078891,0.06256892941130715,0.0,0.2,0.2,20.249999999999996,0.8,0.8,900.0,0.003,0.0,25,0.5,0.023930378,0.003742900978119074
6.48,900.0335387048464,0.06268811244343496,0.0,0.2,0.2,20.249999999999996,0.8,0.8,900.0,0.003,0.0,25,0.5,0.026932944,0.003742900645300579
6.4830000000000005,900.0335387017171,0.0628069836129412,0.0,0.2,0.2,20.249999999999996,0.8,0.8,900.0,0.003,0.0,25,0.5,0.02438158,0.0037429003021082763
6.486,900.0335386984857,0.06292554065010635,0.0,0.2,0.2,20.249999999999996,0.8,0.8,900.0,0.003,0.0,25,0.5,0.024025278,0.003742899947590753
6.489,900.0335386951493,0.06304378151589804,0.0,0.2,0.2,20.249999999999996,0.8,0.8,900.0,0.003,0.0,25,0.5,0.028810915,0.0037428995808156014
6.492,900.0335386916969,0.06316170440810027,0.0,0.2,0.2,20.249999999999996,0.8,0.8,900.0,0.003,0.0,25,0.5,0.0243981,0.00374289920091012
6.495,900.0335386881237,0.06327930776721918,0.0,0.2,0.2,20.249999999999996,0.8,0.8,900.0,0.003,0.0,25,0.5,0.024294689,0.0037428988071343157
6.498,900.0335386844163,0.06339659027413126,0.0,0.2,0.2,20.249999999999996,0.8,0.8,900.0,0.003,0.0,25,0.5,0.029282229,0.003742898398870207
6.501,900.0335386805763,0.06351355085798968,0.0,0.2,0.2,20.249999999999996,0.8,0.8,900.0,0.003,0.0,25,0.5,0.024289449,0.003742897975659796
6.5040000000000004,900.033538676595,0.06363018870003874,0.0,0.2,0.2,20.249999999999996,0.8,0.8,900.0,0.003,0.0,25,0.5,0.02620295,0.00374289753725827
6.507000000000001,900.0335386724723,0.06374650322497967,0.0,0.2,0.2,20.249999999999996,0.8,0.8,900.0,0.003,0.0,25,0.5,0.028734344,0.0037428970835947915
6.51,900.0335386682083,0.0638624941052166,0.0,0.2,0.2,20.249999999999996,0.8,0.8,900.0,0.003,0.0,25,0.5,0.024144869,0.0037428966147517685
6.513,900.0335386638152,0.06397816123435271,0.0,0.2,0.2,20.249999999999996,0.8,0.8,900.0,0.003,0.0,25,0.5,0.024148208,0.0037428961332873632
6.516,900.0335386593102,0.0640935040076783,0.0,0.2,0.2,20.249999999999996,0.8,0.8,900.0,0.003,0.0,25,0.5,0.027949961,0.0037428956408591253
6.519,900.0335386547016,0.06420852175701847,0.0,0.2,0.2,20.249999999999996,0.8,0.8,900.0,0.003,0.0,25,0.5,0.023785836,0.0037428951374949533
6.522,900.0335386499969,0.06432321408165098,0.0,0.2,0.2,20.249999999999996,0.8,0.8,900.0,0.003,0.0,25,0.5,0.024662582,0.003742894625808102
6.525,900.0335386452482,0.06443757990587118,0.0,0.2,0.2,20.249999999999996,0.8,0.8,900.0,0.003,0.0,25,0.5,0.028194331,0.0037428941128153865
6.5280000000000005,900.0335386404874,0.0645516164366302,0.0,0.2,0.2,20.249999999999996,0.8,0.8,900.0,0.003,0.0,25,0.5,0.024576511,0.00374289360038353
6.531,900.0335386357275,0.0646653209507441,0.0,0.2,0.2,20.249999999999996,0.8,0.8,900.0,0.003,0.0,25,0.5,0.024211899,0.0037428930877873878
6.534,900.0335386309602,0.0647786909323345,0.0,0.2,0.2,20.249999999999996,0.8,0.8,900.0,0.003,0.0,25,0.5,0.028845785,0.0037428925722505653
6.537,900.0335386261611,0.0648917241097077,0.0,0.2,0.2,20.249999999999996,0.8,0.8,900.0,0.003,0.0,25,0.5,0.02447301,0.003742892050422259
6.54,900.0335386213075,0.06500441821208967,0.0,0.2,0.2,20.249999999999996,0.8,0.8,900.0,0.003,0.0,25,0.5,0.023417584,0.0037428915184198014
6.543,900.0335386163607,0.06511677109107229,0.0,0.2,0.2,20.249999999999996,0.8,0.8,900.0,0.003,0.0,25,0.5,0.028075492,0.0037428909721933107
6.546,900.0335386112778,0.06522878072830599,0.0,0.2,0.2,20.249999999999996,0.8,0.8,900.0,0.003,0.0,25,0.5,0.023332674,0.0037428904077293538
6.549,900.0335386060234,0.06534044536423789,0.0,0.2,0.2,20.249999999999996,0.8,0.8,900.0,0.003,0.0,25,0.5,0.022747991,0.0037428898219285314
6.5520000000000005,900.0335386005729,0.06545176351645801,0.0,0.2,0.2,20.249999999999996,0.8,0.8,900.0,0.003,0.0,25,0.5,0.026483292,0.003742889212979541
6.555,900.033538594907,0.06556273398832398,0.0,0.2,0.2,20.249999999999996,0.8,0.8,900.0,0.003,0.0,25,0.5,0.023003543,0.003742888580485024
6.558,900.0335385890265,0.06567335587270971,0.0,0.2,0.2,20.249999999999996,0.8,0.8,900.0,0.003,0.0,25,0.5,0.02271203,0.0037428879257116843
6.561,900.0335385829602,0.06578362847611696,0.0,0.2,0.2,20.249999999999996,0.8,0.8,900.0,0.003,0.0,25,0.5,0.027298517,0.0037428872530061094
6.564,900.0335385767362,0.06589355091174368,0.0,0.2,0.2,20.249999999999996,0.8,0.8,900.0,0.003,0.0,25,0.5,0.023102613,0.0037428865660896096
6.567,900.0335385703754,0.06600312235817385,0.0,0.2,0.2,20.249999999999996,0.8,0.8,900.0,0.003,0.0,25,0.5,0.025344205,0.00374288586821565
6.57,900.033538563912,0.06611234227363212,0.0,0.2,0.2,20.249999999999996,0.8,0.8,900.0,0.003,0.0,25,0.5,0.027309117,0.003742885162528574
6.573,900.0335385573705,0.0662212104078817,0.0,0.2,0.2,20.249999999999996,0.8,0.8,900.0,0.003,0.0,25,0.5,0.022876001,0.0037428844516040165
6.5760000000000005,900.0335385507833,0.06632972677780553,0.0,0.2,0.2,20.249999999999996,0.8,0.8,900.0,0.003,0.0,25,0.5,0.022587799,0.0037428837381281313
6.579,900.0335385441714,0.0664378912256167,0.0,0.2,0.2,20.249999999999996,0.8,0.8,900.0,0.003,0.0,25,0.5,0.026882854,0.003742883023389091
6.582,900.0335385375399,0.06654570370566405,0.0,0.2,0.2,20.249999999999996,0.8,0.8,900.0,0.003,0.0,25,0.5,0.02253816,0.003742882307326006
6.585,900.0335385308922,0.06665316445890022,0.0,0.2,0.2,20.249999999999996,0.8,0.8,900.0,0.003,0.0,25,0.5,0.023431865,0.003742881589227493
6.588,900.0335385242179,0.06676027401567669,0.0,0.2,0.2,20.249999999999996,0.8,0.8,900.0,0.003,0.0,25,0.5,0.027453408,0.0037428808679503328
6.591,900.0335385175069,0.06686703319841886,0.0,0.2,0.2,20.249999999999996,0.8,0.8,900.0,0.003,0.0,25,0.5,0.023978348,0.0037428801421984883
6.594,900.033538510752,0.06697344312348515,0.0,0.2,0.2,20.249999999999996,0.8,0.8,900.0,0.003,0.0,25,0.5,0.023856857,0.0037428794108271797
6.597,900.0335385039388,0.06707950520248149,0.0,0.2,0.2,20.249999999999996,0.8,0.8,900.0,0.003,0.0,25,0.5,0.028930586,0.003742878673058341
6.6000000000000005,900.0335384970631,0.06718522114441096,0.0,0.2,0.2,20.249999999999996,0.8,0.8,900.0,0.003,0.0,25,0.5,0.026064809,0.0037428779287610116
6.603,900.0335384901252,0.0672905929101172,0.0,0.2,0.2,20.249999999999996,0.8,0.8,900.0,0.003,0.0,25,0.5,0.024582871,0.0037428771795031757
6.606,900.0335384831467,0.0673956221941668,0.0,0.2,0.2,20.249999999999996,0.8,0.8,900.0,0.003,0.0,25,0.5,0.029079327,0.003742876426747819
6.609,900.0335384761283,0.06750031074896745,0.0,0.2,0.2,20.249999999999996,0.8,0.8,900.0,0.003,0.0,25,0.5,0.023839907,0.003742875671812372
6.612,900.0335384690875,0.0676046606165598,0.0,0.2,0.2,20.249999999999996,0.8,0.8,900.0,0.003,0.0,25,0.5,0.023638845,0.0037428749167085513
6.615,900.0335384620428,0.0677086740840723,0.0,0.2,0.2,20.249999999999996,0.8,0.8,900.0,0.003,0.0,25,0.5,0.027996721,0.0037428741637242457
6.618,900.033538455012,0.0678123536524821,0.0,0.2,0.2,20.249999999999996,0.8,0.8,900.0,0.003,0.0,25,0.5,0.023592695,0.003742873414782468
6.621,900.0335384480123,0.06791570205280804,0.0,0.2,0.2,20.249999999999996,0.8,0.8,900.0,0.003,0.0,25,0.5,0.024014768,0.003742872671402481
6.6240000000000006,900.0335384410622,0.06801872228635192,0.0,0.2,0.2,20.249999999999996,0.8,0.8,900.0,0.003,0.0,25,0.5,0.028356423,0.0037428719347628752
6.627,900.0335384341613,0.06812141762795498,0.0,0.2,0.2,20.249999999999996,0.8,0.8,900.0,0.003,0.0,25,0.5,0.023515935,0.0037428712055754677
6.63,900.033538427322,0.06822379164289481,0.0,0.2,0.2,20.249999999999996,0.8,0.8,900.0,0.003,0.0,25,0.5,0.023907287,0.0037428704841372153
6.633,900.0335384205433,0.06832584818793311,0.0,0.2,0.2,20.249999999999996,0.8,0.8,900.0,0.003,0.0,25,0.5,0.028263862,0.003742869770396816
6.636,900.0335384138302,0.06842759140989009,0.0,0.2,0.2,20.249999999999996,0.8,0.8,900.0,0.003,0.0,25,0.5,0.025883119,0.0037428690640730674
6.639,900.0335384071792,0.06852902573741698,0.0,0.2,0.2,20.249999999999996,0.8,0.8,900.0,0.003,0.0,25,0.5,0.025103004,0.0037428683652610843
6.642,900.0335384005991,0.06863015575875907,0.0,0.2,0.2,20.249999999999996,0.8,0.8,900.0,0.003,0.0,25,0.5,0.028082442,0.003742867676457706
6.6450000000000005,900.0335383941037,0.0687309857994466,0.0,0.2,0.2,20.249999999999996,0.8,0.8,900.0,0.003,0.0,25,0.5,0.023963217,0.003742866998881749
6.648000000000001,900.0335383877115,0.06883152033079197,0.0,0.2,0.2,20.249999999999996,0.8,0.8,900.0,0.003,0.0,25,0.5,0.023433164,0.0037428663352165876
6.651,900.0335383814546,0.06893176348696234,0.0,0.2,0.2,20.249999999999996,0.8,0.8,900.0,0.003,0.0,25,0.5,0.028148782,0.003742865688138903
6.654,900.033538375345,0.0690317188715799,0.0,0.2,0.2,20.249999999999996,0.8,0.8,900.0,0.003,0.0,25,0.5,0.023227564,0.003742865057976002
6.657,900.0335383693802,0.06913139014168075,0.0,0.2,0.2,20.249999999999996,0.8,0.8,900.0,0.003,0.0,25,0.5,0.023175453,0.0037428644436749686
6.66,900.0335383635514,0.06923078121132384,0.0,0.2,0.2,20.249999999999996,0.8,0.8,900.0,0.003,0.0,25,0.5,0.027407527,0.003742863843570003
6.663,900.0335383578429,0.06932989625092123,0.0,0.2,0.2,20.249999999999996,0.8,0.8,900.0,0.003,0.0,25,0.5,0.023542015,0.003742863255328535
6.666,900.0335383522374,0.06942873967265405,0.0,0.2,0.2,20.249999999999996,0.8,0.8,900.0,0.003,0.0,25,0.5,0.022857101,0.003742862676120757
6.6690000000000005,900.0335383467024,0.06952731615135366,0.0,0.2,0.2,20.249999999999996,0.8,0.8,900.0,0.003,0.0,25,0.5,0.027248866,0.003742862102667023
6.672,900.0335383412133,0.06962563067890173,0.0,0.2,0.2,20.249999999999996,0.8,0.8,900.0,0.003,0.0,25,0.5,0.023069883,0.0037428615318801915
6.675,900.0335383357465,0.06972368852636243,0.0,0.2,0.2,20.249999999999996,0.8,0.8,900.0,0.003,0.0,25,0.5,0.023191863,0.0037428609613980573
6.678,900.0335383302719,0.06982149518644266,0.0,0.2,0.2,20.249999999999996,0.8,0.8,900.0,0.003,0.0,25,0.5,0.027007455,0.0037428603897069783
6.681,900.0335383247857,0.069919056362102,0.0,0.2,0.2,20.249999999999996,0.8,0.8,900.0,0.003,0.0,25,0.5,0.023762367,0.0037428598162236575
6.684,900.0335383192734,0.07001637796058428,0.0,0.2,0.2,20.249999999999996,0.8,0.8,900.0,0.003,0.0,25,0.5,0.024606841,0.0037428592411991968
6.687,900.0335383137423,0.070113466104997,0.0,0.2,0.2,20.249999999999996,0.8,0.8,900.0,0.003,0.0,25,0.5,0.02799386,0.0037428586654708745
6.69,900.0335383081986,0.07021032715166758,0.0,0.2,0.2,20.249999999999996,0.8,0.8,900.0,0.003,0.0,25,0.5,0.02453335,0.0037428580902766537
6.6930000000000005,900.0335383026637,0.07030696768754174,0.0,0.2,0.2,20.249999999999996,0.8,0.8,900.0,0.003,0.0,25,0.5,0.024202809,0.0037428575185851137
6.696,900.0335382971855,0.07040339398698853,0.0,0.2,0.2,20.249999999999996,0.8,0.8,900.0,0.003,0.0,25,0.5,0.028442493,0.0037428569574301366
6.699,900.0335382918021,0.07049961114530583,0.0,0.2,0.2,20.249999999999996,0.8,0.8,900.0,0.003,0.0,25,0.5,0.023855167,0.0037428564095249315
6.702,900.0335382865281,0.07059562441263377,0.0,0.2,0.2,20.249999999999996,0.8,0.8,900.0,0.003,0.0,25,0.5,0.024094588,0.0037428558766517107
6.705,900.0335382813848,0.0706914392821594,0.0,0.2,0.2,20.249999999999996,0.8,0.8,900.0,0.003,0.0,25,0.5,0.028055231,0.0037428553593832044
6.708,900.033538276377,0.07078706147686886,0.0,0.2,0.2,20.249999999999996,0.8,0.8,900.0,0.003,0.0,25,0.5,0.023198673,0.0037428548568415243
6.711,900.0335382714945,0.07088249690506954,0.0,0.2,0.2,20.249999999999996,0.8,0.8,900.0,0.003,0.0,25,0.5,0.024716252,0.0037428543666644474
6.714,900.0335382667162,0.0709777516921064,0.0,0.2,0.2,20.249999999999996,0.8,0.8,900.0,0.003,0.0,25,0.5,0.027540858,0.0037428538854888853
6.7170000000000005,900.0335382620118,0.07107283218839519,0.0,0.2,0.2,20.249999999999996,0.8,0.8,900.0,0.003,0.0,25,0.5,0.023587026,0.003742853409516382
6.72,900.0335382573489,0.071167744971149,0.0,0.2,0.2,20.249999999999996,0.8,0.8,900.0,0.003,0.0,25,0.5,0.023331034,0.0037428529350775983
6.723,900.0335382526935,0.07126249683692418,0.0,0.2,0.2,20.249999999999996,0.8,0.8,900.0,0.003,0.0,25,0.5,0.028623585,0.003742852459026052
6.726,900.0335382480189,0.07135709479708117,0.0,0.2,0.2,20.249999999999996,0.8,0.8,900.0,0.003,0.0,25,0.5,0.024559181,0.0037428519789846353
6.729,900.0335382433042,0.07145154607471435,0.0,0.2,0.2,20.249999999999996,0.8,0.8,900.0,0.003,0.0,25,0.5,0.023395455,0.0037428514939550988
6.732,900.0335382385416,0.07154585793624266,0.0,0.2,0.2,20.249999999999996,0.8,0.8,900.0,0.003,0.0,25,0.5,0.027651349,0.0037428510040270107
6.735,900.0335382337314,0.07164003769060306,0.0,0.2,0.2,20.249999999999996,0.8,0.8,900.0,0.003,0.0,25,0.5,0.023136843,0.0037428505094002193
6.738,900.0335382288716,0.07173409285779253,0.0,0.2,0.2,20.249999999999996,0.8,0.8,900.0,0.003,0.0,25,0.5,0.024123439,0.0037428500108076723
6.7410000000000005,900.0335382239696,0.07182803117608429,0.0,0.2,0.2,20.249999999999996,0.8,0.8,900.0,0.003,0.0,25,0.5,0.027268916,0.0037428495093369393
6.744,900.0335382190383,0.07192186059500953,0.0,0.2,0.2,20.249999999999996,0.8,0.8,900.0,0.003,0.0,25,0.5,0.023525195,0.0037428490061436662
6.747,900.0335382140826,0.07201558927731139,0.0,0.2,0.2,20.249999999999996,0.8,0.8,900.0,0.003,0.0,25,0.5,0.023123763,0.003742848502434292
6.75,900.0335382091465,0.07210922554483419,0.0,0.2,0.2,20.249999999999996,0.8,0.8,900.0,0.003,0.0,25,0.5,0.026750293,0.003742848005677516
6.753,900.0335382042855,0.07220277626144939,0.0,0.2,0.2,20.249999999999996,0.8,0.8,900.0,0.003,0.0,25,0.5,0.023358864,0.003742847521182955
6.756,900.0335381995294,0.07229624785343006,0.0,0.2,0.2,20.249999999999996,0.8,0.8,900.0,0.003,0.0,25,0.5,0.024103698,0.003742847049381937
6.759,900.0335381948805,0.07238964694112071,0.0,0.2,0.2,20.249999999999996,0.8,0.8,900.0,0.003,0.0,25,0.5,0.02776338,0.003742846589080826
6.7620000000000005,900.0335381903285,0.07248298029271767,0.0,0.2,0.2,20.249999999999996,0.8,0.8,900.0,0.003,0.0,25,0.5,0.02267308,0.0037428461376686974
6.765000000000001,900.0335381858525,0.072576254820024,0.0,0.2,0.2,20.249999999999996,0.8,0.8,900.0,0.003,0.0,25,0.5,0.022914371,0.003742845691369655
6.768,900.0335381814177,0.07266947756291783,0.0,0.2,0.2,20.249999999999996,0.8,0.8,900.0,0.003,0.0,25,0.5,0.026155951,0.00374284524570837
6.771,900.0335381769828,0.07276265567907612,0.0,0.2,0.2,20.249999999999996,0.8,0.8,900.0,0.003,0.0,25,0.5,0.023184443,0.0037428447960606063
6.774,900.0335381725055,0.07285579645608183,0.0,0.2,0.2,20.249999999999996,0.8,0.8,900.0,0.003,0.0,25,0.5,0.023214084,0.003742844338351686
6.777,900.033538167954,0.07294890730574571,0.0,0.2,0.2,20.249999999999996,0.8,0.8,900.0,0.003,0.0,25,0.5,0.026580743,0.0037428438696153455
6.78,900.0335381632962,0.07304199571956126,0.0,0.2,0.2,20.249999999999996,0.8,0.8,900.0,0.003,0.0,25,0.5,0.0226137,0.0037428433882407577
6.783,900.0335381585217,0.07313506927194104,0.0,0.2,0.2,20.249999999999996,0.8,0.8,900.0,0.003,0.0,25,0.5,0.022845461,0.003742842893885202
6.7860000000000005,900.0335381536283,0.07322813564482952,0.0,0.2,0.2,20.249999999999996,0.8,0.8,900.0,0.003,0.0,25,0.5,0.027291777,0.003742842387597206
6.789,900.0335381486345,0.0733212025845795,0.0,0.2,0.2,20.249999999999996,0.8,0.8,900.0,0.003,0.0,25,0.5,0.023177752,0.0037428418733109117
6.792,900.0335381435764,0.07341427725575832,0.0,0.2,0.2,20.249999999999996,0.8,0.8,900.0,0.003,0.0,25,0.5,0.022928331,0.0037428413552080273
6.795,900.0335381384776,0.07350736655573543,0.0,0.2,0.2,20.249999999999996,0.8,0.8,900.0,0.003,0.0,25,0.5,0.026629023,0.003742840836737377
6.798,900.0335381333723,0.07360047742669834,0.0,0.2,0.2,20.249999999999996,0.8,0.8,900.0,0.003,0.0,25,0.5,0.023167253,0.003742840321222291
6.801,900.03353812829,0.07369361689233268,0.0,0.2,0.2,20.249999999999996,0.8,0.8,900.0,0.003,0.0,25,0.5,0.023040373,0.0037428398111300242
6.804,900.0335381232512,0.07378679206796229,0.0,0.2,0.2,20.249999999999996,0.8,0.8,900.0,0.003,0.0,25,0.5,0.026951015,0.0037428393077856073
6.807,900.0335381182682,0.07388001015809408,0.0,0.2,0.2,20.249999999999996,0.8,0.8,900.0,0.003,0.0,25,0.5,0.023277204,0.003742838811376243
6.8100000000000005,900.0335381133465,0.07397327845406003,0.0,0.2,0.2,20.249999999999996,0.8,0.8,900.0,0.003,0.0,25,0.5,0.022874461,0.003742838321125411
6.813,900.0335381084714,0.07406660432949749,0.0,0.2,0.2,20.249999999999996,0.8,0.8,900.0,0.003,0.0,25,0.5,0.027158465,0.0037428378355312177
6.816,900.0335381036349,0.07415999523427835,0.0,0.2,0.2,20.249999999999996,0.8,0.8,900.0,0.003,0.0,25,0.5,0.022963412,0.0037428373526575895
6.819,900.0335380988193,0.07425345869150426,0.0,0.2,0.2,20.249999999999996,0.8,0.8,900.0,0.003,0.0,25,0.5,0.022863501,0.0037428368704406586
6.822,900.0335380940043,0.0743470022913158,0.0,0.2,0.2,20.249999999999996,0.8,0.8,900.0,0.003,0.0,25,0.5,0.026641753,0.003742836387014738
6.825,900.0335380891769,0.07444063368127672,0.0,0.2,0.2,20.249999999999996,0.8,0.8,900.0,0.003,0.0,25,0.5,0.02266493,0.0037428359009131907
6.828,900.0335380843167,0.07453436056956911,0.0,0.2,0.2,20.249999999999996,0.8,0.8,900.0,0.003,0.0,25,0.5,0.023194593,0.003742835411215737
6.831,900.033538079425,0.07462819072227088,0.0,0.2,0.2,20.249999999999996,0.8,0.8,900.0,0.003,0.0,25,0.5,0.027199266,0.00374283491763545
6.8340000000000005,900.0335380744945,0.07472213195084539,0.0,0.2,0.2,20.249999999999996,0.8,0.8,900.0,0.003,0.0,25,0.5,0.022313718,0.003742834420541781
6.837,900.0335380695267,0.07481619208878516,0.0,0.2,0.2,20.249999999999996,0.8,0.8,900.0,0.003,0.0,25,0.5,0.023631865,0.0037428339207988283
6.84,900.0335380645314,0.0749103790052766,0.0,0.2,0.2,20.249999999999996,0.8,0.8,900.0,0.003,0.0,25,0.5,0.026687093,0.003742833419527281
6.843,900.0335380595193,0.0750047006124545,0.0,0.2,0.2,20.249999999999996,0.8,0.8,900.0,0.003,0.0,25,0.5,0.022967102,0.003742832917992035
6.846,900.0335380545026,0.07509916484752825,0.0,0.2,0.2,20.249999999999996,0.8,0.8,900.0,0.003,0.0,25,0.5,0.022574349,0.00374283241742034
6.849,900.033538049489,0.0751937796721876,0.0,0.2,0.2,20.249999999999996,0.8,0.8,900.0,0.003,0.0,25,0.5,0.027606519,0.0037428319188660074
6.852,900.0335380444941,0.0752885530622363,0.0,0.2,0.2,20.249999999999996,0.8,0.8,900.0,0.003,0.0,25,0.5,0.023027522,0.003742831423169622
6.855,900.0335380395273,0.07538349297995617,0.0,0.2,0.2,20.249999999999996,0.8,0.8,900.0,0.003,0.0,25,0.5,0.02270255,0.003742830931638714
6.8580000000000005,900.0335380346095,0.07547860698688263,0.0,0.2,0.2,20.249999999999996,0.8,0.8,900.0,0.003,0.0,25,0.5,0.026870465,0.0037428304458092597
6.861,900.0335380297427,0.07557390209077847,0.0,0.2,0.2,20.249999999999996,0.8,0.8,900.0,0.003,0.0,25,0.5,0.022956912,0.0037428299656445656
6.864,900.0335380249229,0.07566938528369682,0.0,0.2,0.2,20.249999999999996,0.8,0.8,900.0,0.003,0.0,25,0.5,0.022882511,0.003742829491208917
6.867,900.0335380201537,0.07576506354842913,0.0,0.2,0.2,20.249999999999996,0.8,0.8,900.0,0.003,0.0,25,0.5,0.026531102,0.003742829022413308
6.87,900.033538015434,0.07586094381469104,0.0,0.2,0.2,20.249999999999996,0.8,0.8,900.0,0.003,0.0,25,0.5,0.0226022,0.003742828558939238
6.873,900.0335380107629,0.07595703294101794,0.0,0.2,0.2,20.249999999999996,0.8,0.8,900.0,0.003,0.0,25,0.5,0.022964561,0.0037428281003014253
6.876,900.0335380061293,0.07605333774564349,0.0,0.2,0.2,20.249999999999996,0.8,0.8,900.0,0.003,0.0,25,0.5,0.026720213,0.003742827645814344
6.8790000000000004,900.0335380015356,0.07614986502141807,0.0,0.2,0.2,20.249999999999996,0.8,0.8,900.0,0.003,0.0,25,0.5,0.022892412,0.003742827194800467
6.882000000000001,900.0335379969675,0.07624662150063254,0.0,0.2,0.2,20.249999999999996,0.8,0.8,900.0,0.003,0.0,25,0.5,0.022877211,0.0037428267466063643
6.885,900.0335379924243,0.0763436138863487,0.0,0.2,0.2,20.249999999999996,0.8,0.8,900.0,0.003,0.0,25,0.5,0.026604062,0.003742826300789629
6.888,900.0335379879077,0.07644084882457906,0.0,0.2,0.2,20.249999999999996,0.8,0.8,900.0,0.003,0.0,25,0.5,0.022841191,0.0037428258579800425
6.891,900.0335379834255,0.07653833244007514,0.0,0.2,0.2,20.249999999999996,0.8,0.8,900.0,0.003,0.0,25,0.5,0.023023782,0.0037428254188923613
6.894,900.0335379789731,0.076636070510818,0.0,0.2,0.2,20.249999999999996,0.8,0.8,900.0,0.003,0.0,25,0.5,0.027578348,0.003742824983837232
6.897,900.0335379745566,0.07673406876947136,0.0,0.2,0.2,20.249999999999996,0.8,0.8,900.0,0.003,0.0,25,0.5,0.022941812,0.0037428245533393818
6.9,900.033537970177,0.07683233290855364,0.0,0.2,0.2,20.249999999999996,0.8,0.8,900.0,0.003,0.0,25,0.5,0.022982972,0.0037428241278025546
6.9030000000000005,900.033537965842,0.07693086858007328,0.0,0.2,0.2,20.249999999999996,0.8,0.8,900.0,0.003,0.0,25,0.5,0.026595362,0.0037428237073516457
6.906000000000001,900.0335379615493,0.07702968139281159,0.0,0.2,0.2,20.249999999999996,0.8,0.8,900.0,0.003,0.0,25,0.5,0.023167574,0.003742823291825747
6.909,900.0335379572981,0.0771287769089694,0.0,0.2,0.2,20.249999999999996,0.8,0.8,900.0,0.003,0.0,25,0.5,0.022494619,0.0037428228808864027
6.912,900.0335379530906,0.0772281606423276,0.0,0.2,0.2,20.249999999999996,0.8,0.8,900.0,0.003,0.0,25,0.5,0.027411578,0.003742822474120174
6.915,900.0335379489181,0.07732783805553023,0.0,0.2,0.2,20.249999999999996,0.8,0.8,900.0,0.003,0.0,25,0.5,0.023441455,0.0037428220711320484
6.918,900.0335379447757,0.07742781455780333,0.0,0.2,0.2,20.249999999999996,0.8,0.8,900.0,0.003,0.0,25,0.5,0.022424778,0.003742821671607865
6.921,900.0335379406657,0.07752809549946331,0.0,0.2,0.2,20.249999999999996,0.8,0.8,900.0,0.003,0.0,25,0.5,0.026776474,0.003742821275306196
6.924,900.0335379365843,0.07762868617093192,0.0,0.2,0.2,20.249999999999996,0.8,0.8,900.0,0.003,0.0,25,0.5,0.02268722,0.0037428208821166536
6.9270000000000005,900.0335379325298,0.07772959179271371,0.0,0.2,0.2,20.249999999999996,0.8,0.8,900.0,0.003,0.0,25,0.5,0.023472165,0.0037428204923598937
6.93,900.033537928531,0.0778308173331635,0.0,0.2,0.2,20.249999999999996,0.8,0.8,900.0,0.003,0.0,25,0.5,0.026835755,0.003742820109393974
6.933,900.0335379246006,0.07793236631728663,0.0,0.2,0.2,20.249999999999996,0.8,0.8,900.0,0.003,0.0,25,0.5,0.023799957,0.003742819733908625
6.936,900.0335379207369,0.07803424185445461,0.0,0.2,0.2,20.249999999999996,0.8,0.8,900.0,0.003,0.0,25,0.5,0.022545949,0.0037428193657066764
6.939,900.0335379169471,0.07813644683177196,0.0,0.2,0.2,20.249999999999996,0.8,0.8,900.0,0.003,0.0,25,0.5,0.027159696,0.003742819004776423
6.942,900.0335379132204,0.07823898381297172,0.0,0.2,0.2,20.249999999999996,0.8,0.8,900.0,0.003,0.0,25,0.5,0.02277045,0.003742818649795185
6.945,900.0335379095543,0.07834185523840939,0.0,0.2,0.2,20.249999999999996,0.8,0.8,900.0,0.003,0.0,25,0.5,0.022930752,0.003742818300207814
6.948,900.0335379059374,0.0784450630373643,0.0,0.2,0.2,20.249999999999996,0.8,0.8,900.0,0.003,0.0,25,0.5,0.02619251,0.0037428179535172403
6.9510000000000005,900.0335379023484,0.07854860903340229,0.0,0.2,0.2,20.249999999999996,0.8,0.8,900.0,0.003,0.0,25,0.5,0.023849377,0.0037428176070467166
6.954,900.03353789876,0.07865249497138405,0.0,0.2,0.2,20.249999999999996,0.8,0.8,900.0,0.003,0.0,25,0.5,0.02263461,0.003742817258779363
6.957,900.0335378951556,0.07875672252571103,0.0,0.2,0.2,20.249999999999996,0.8,0.8,900.0,0.003,0.0,25,0.5,0.027106016,0.0037428169073627808
6.96,900.0335378915286,0.07886129327075353,0.0,0.2,0.2,20.249999999999996,0.8,0.8,900.0,0.003,0.0,25,0.5,0.023121983,0.0037428165523208205
6.963,900.0335378878736,0.07896620851806663,0.0,0.2,0.2,20.249999999999996,0.8,0.8,900.0,0.003,0.0,25,0.5,0.02266377,0.0037428161937146636
6.966,900.0335378841851,0.07907146940569237,0.0,0.2,0.2,20.249999999999996,0.8,0.8,900.0,0.003,0.0,25,0.5,0.026143041,0.003742815831924955
6.969,900.0335378804741,0.07917707692344314,0.0,0.2,0.2,20.249999999999996,0.8,0.8,900.0,0.003,0.0,25,0.5,0.023687276,0.0037428154679535397
6.972,900.0335378767477,0.07928303175034992,0.0,0.2,0.2,20.249999999999996,0.8,0.8,900.0,0.003,0.0,25,0.5,0.022912712,0.0037428151031177184
6.9750000000000005,900.0335378730183,0.0793893343296188,0.0,0.2,0.2,20.249999999999996,0.8,0.8,900.0,0.003,0.0,25,0.5,0.026349491,0.0037428147384440287
6.978,900.0335378692831,0.07949598500914096,0.0,0.2,0.2,20.249999999999996,0.8,0.8,900.0,0.003,0.0,25,0.5,0.02268726,0.0037428143749610823
6.981,900.0335378655652,0.07960298403856166,0.0,0.2,0.2,20.249999999999996,0.8,0.8,900.0,0.003,0.0,25,0.5,0.02259776,0.0037428140134280986
6.984,900.0335378618629,0.07971033155916843,0.0,0.2,0.2,20.249999999999996,0.8,0.8,900.0,0.003,0.0,25,0.5,0.026408402,0.003742813654187221
6.987,900.0335378581849,0.07981802761015366,0.0,0.2,0.2,20.249999999999996,0.8,0.8,900.0,0.003,0.0,25,0.5,0.022526959,0.003742813297489148
6.99,900.0335378545376,0.07992607208329222,0.0,0.2,0.2,20.249999999999996,0.8,0.8,900.0,0.003,0.0,25,0.5,0.0226501,0.003742812944907187
6.993,900.0335378509294,0.08003446454420127,0.0,0.2,0.2,20.249999999999996,0.8,0.8,900.0,0.003,0.0,25,0.5,0.026265981,0.0037428125972241402
6.996,900.03353784737,0.08014320439611129,0.0,0.2,0.2,20.249999999999996,0.8,0.8,900.0,0.003,0.0,25,0.5,0.02262312,0.003742812254218324
6.9990000000000006,900.033537843852,0.08025229091974066,0.0,0.2,0.2,20.249999999999996,0.8,0.8,900.0,0.003,0.0,25,0.5,0.02261861,0.003742811915378722
7.002,900.033537840379,0.0803617232906543,0.0,0.2,0.2,20.249999999999996,0.8,0.8,900.0,0.003,0.0,25,0.5,0.02601442,0.003742811579999998
7.005,900.0335378369325,0.08047150057048194,0.0,0.2,0.2,20.249999999999996,0.8,0.8,900.0,0.003,0.0,25,0.5,0.023024032,0.003742811247270136
7.008,900.0335378335186,0.08058162172670912,0.0,0.2,0.2,20.249999999999996,0.8,0.8,900.0,0.003,0.0,25,0.5,0.02269593,0.0037428109163292456
7.011,900.0335378301179,0.08069208563742047,0.0,0.2,0.2,20.249999999999996,0.8,0.8,900.0,0.003,0.0,25,0.5,0.026221151,0.003742810586390489
7.014,900.0335378267387,0.08080289109176719,0.0,0.2,0.2,20.249999999999996,0.8,0.8,900.0,0.003,0.0,25,0.5,0.022865651,0.003742810258148855
7.017,900.0335378233906,0.0809140361121648,0.0,0.2,0.2,20.249999999999996,0.8,0.8,900.0,0.003,0.0,25,0.5,0.023181903,0.003742809932752328
7.0200000000000005,900.0335378200746,0.08102551798020077,0.0,0.2,0.2,20.249999999999996,0.8,0.8,900.0,0.003,0.0,25,0.5,0.026544322,0.0037428096104040946
7.023000000000001,900.0335378167953,0.08113733365506638,0.0,0.2,0.2,20.249999999999996,0.8,0.8,900.0,0.003,0.0,25,0.5,0.02266579,0.0037428092923297773
7.026,900.0335378135538,0.08124947964174412,0.0,0.2,0.2,20.249999999999996,0.8,0.8,900.0,0.003,0.0,25,0.5,0.022822581,0.0037428089785133552
7.029,900.0335378103558,0.08136195231396283,0.0,0.2,0.2,20.249999999999996,0.8,0.8,900.0,0.003,0.0,25,0.5,0.026408142,0.003742808668180711
7.032,900.0335378071875,0.08147474795483062,0.0,0.2,0.2,20.249999999999996,0.8,0.8,900.0,0.003,0.0,25,0.5,0.022431559,0.003742808360010985
7.035,900.0335378040456,0.08158786275689957,0.0,0.2,0.2,20.249999999999996,0.8,0.8,900.0,0.003,0.0,25,0.5,0.023342184,0.003742808052365598
7.038,900.0335378009091,0.08170129280144457,0.0,0.2,0.2,20.249999999999996,0.8,0.8,900.0,0.003,0.0,25,0.5,0.027086695,0.003742807743543663
7.041,900.033537797762,0.08181503405804764,0.0,0.2,0.2,20.249999999999996,0.8,0.8,900.0,0.003,0.0,25,0.5,0.023898188,0.0037428074319398115
7.0440000000000005,900.0335377945866,0.08192908244493564,0.0,0.2,0.2,20.249999999999996,0.8,0.8,900.0,0.003,0.0,25,0.5,0.023375934,0.0037428071161000344
7.047,900.0335377913766,0.08204343386796184,0.0,0.2,0.2,20.249999999999996,0.8,0.8,900.0,0.003,0.0,25,0.5,0.026938345,0.003742806795249121
7.05,900.0335377881235,0.08215808416396334,0.0,0.2,0.2,20.249999999999996,0.8,0.8,900.0,0.003,0.0,25,0.5,0.024141679,0.003742806469282951
7.053,900.0335377848279,0.08227302909423212,0.0,0.2,0.2,20.249999999999996,0.8,0.8,900.0,0.003,0.0,25,0.5,0.023474785,0.0037428061390897783
7.056,900.0335377815003,0.0823882642481652,0.0,0.2,0.2,20.249999999999996,0.8,0.8,900.0,0.003,0.0,25,0.5,0.028607794,0.003742805806663933
7.059,900.0335377781737,0.08250378480728575,0.0,0.2,0.2,20.249999999999996,0.8,0.8,900.0,0.003,0.0,25,0.5,0.024043378,0.00374280547572879
7.062,900.0335377748673,0.08261958500562747,0.0,0.2,0.2,20.249999999999996,0.8,0.8,900.0,0.003,0.0,25,0.5,0.025252884,0.0037428051476028493
7.065,900.033537771588,0.08273565892516856,0.0,0.2,0.2,20.249999999999996,0.8,0.8,900.0,0.003,0.0,25,0.5,0.031158229,0.0037428048228816194
7.0680000000000005,900.0335377683442,0.08285200058105868,0.0,0.2,0.2,20.249999999999996,0.8,0.8,900.0,0.003,0.0,25,0.5,0.025252635,0.003742804501575599
7.071,900.0335377651311,0.08296860392133341,0.0,0.2,0.2,20.249999999999996,0.8,0.8,900.0,0.003,0.0,25,0.5,0.025200284,0.0037428041831541908
7.074,900.0335377619475,0.08308546282817995,0.0,0.2,0.2,20.249999999999996,0.8,0.8,900.0,0.003,0.0,25,0.5,0.029078547,0.00374280386673911
7.077,900.0335377587843,0.08320257111836318,0.0,0.2,0.2,20.249999999999996,0.8,0.8,900.0,0.003,0.0,25,0.5,0.024265049,0.0037428035512946573
7.08,900.0335377556362,0.0833199225412546,0.0,0.2,0.2,20.249999999999996,0.8,0.8,900.0,0.003,0.0,25,0.5,0.025647047,0.0037428032357518116
7.083,900.0335377524885,0.08343751078519301,0.0,0.2,0.2,20.249999999999996,0.8,0.8,900.0,0.003,0.0,25,0.5,0.029080247,0.0037428029191495615
7.086,900.0335377493352,0.08355532948285217,0.0,0.2,0.2,20.249999999999996,0.8,0.8,900.0,0.003,0.0,25,0.5,0.02430237,0.0037428026008162734
7.089,900.0335377461739,0.08367337220045752,0.0,0.2,0.2,20.249999999999996,0.8,0.8,900.0,0.003,0.0,25,0.5,0.025097994,0.0037428022805876867
7.0920000000000005,900.0335377429981,0.08379163238633587,0.0,0.2,0.2,20.249999999999996,0.8,0.8,900.0,0.003,0.0,25,0.5,0.030870087,0.0037428019583588715
7.095,900.0335377398216,0.08391010342692967,0.0,0.2,0.2,20.249999999999996,0.8,0.8,900.0,0.003,0.0,25,0.5,0.024761632,0.0037428016368084753
7.098,900.033537736738,0.08402877737427175,0.0,0.2,0.2,20.249999999999996,0.8,0.8,900.0,0.003,0.0,25,0.5,0.024623292,0.0037428013267435186
7.101,900.0335377337885,0.08414764248566352,0.0,0.2,0.2,20.249999999999996,0.8,0.8,900.0,0.003,0.0,25,0.5,0.02793345,0.003742801034640146
7.104,900.0335377310032,0.08426668591039374,0.0,0.2,0.2,20.249999999999996,0.8,0.8,900.0,0.003,0.0,25,0.5,0.023907197,0.0037428007632119894
7.107,900.0335377284106,0.08438589434306248,0.0,0.2,0.2,20.249999999999996,0.8,0.8,900.0,0.003,0.0,25,0.5,0.024757502,0.0037428005118806153
7.11,900.0335377259993,0.08450525440940505,0.0,0.2,0.2,20.249999999999996,0.8,0.8,900.0,0.003,0.0,25,0.5,0.028052851,0.003742800277645691
7.113,900.0335377237504,0.0846247526870544,0.0,0.2,0.2,20.249999999999996,0.8,0.8,900.0,0.003,0.0,25,0.5,0.02433467,0.0037428000561923113
7.1160000000000005,900.0335377216245,0.08474437568725521,0.0,0.2,0.2,20.249999999999996,0.8,0.8,900.0,0.003,0.0,25,0.5,0.023936767,0.0037427998425081602
7.119,900.0335377195606,0.0848641098618107,0.0,0.2,0.2,20.249999999999996,0.8,0.8,900.0,0.003,0.0,25,0.5,0.029470599,0.0037427996300552556
7.122,900.0335377175159,0.08498394193405102,0.0,0.2,0.2,20.249999999999996,0.8,0.8,900.0,0.003,0.0,25,0.5,0.024869673,0.003742799412908851
7.125,900.0335377154328,0.08510385869662306,0.0,0.2,0.2,20.249999999999996,0.8,0.8,900.0,0.003,0.0,25,0.5,0.023783506,0.0037427991866192728
7.128,900.0335377132715,0.08522384689878477,0.0,0.2,0.2,20.249999999999996,0.8,0.8,900.0,0.003,0.0,25,0.5,0.028777475,0.0037427989482122503
7.131,900.0335377110132,0.08534389321348247,0.0,0.2,0.2,20.249999999999996,0.8,0.8,900.0,0.003,0.0,25,0.5,0.025202195,0.003742798697235534
7.134,900.0335377086511,0.08546398395707584,0.0,0.2,0.2,20.249999999999996,0.8,0.8,900.0,0.003,0.0,25,0.5,0.023951488,0.003742798434570431
7.1370000000000005,900.0335377061908,0.08558410536611243,0.0,0.2,0.2,20.249999999999996,0.8,0.8,900.0,0.003,0.0,25,0.5,0.027186336,0.003742798163480051
7.140000000000001,900.0335377036708,0.08570424332769964,0.0,0.2,0.2,20.249999999999996,0.8,0.8,900.0,0.003,0.0,25,0.5,0.023809987,0.003742797888579462
7.143,900.0335377011216,0.08582438340333179,0.0,0.2,0.2,20.249999999999996,0.8,0.8,900.0,0.003,0.0,25,0.5,0.022994322,0.003742797613966124
7.146,900.0335376985802,0.08594451114384427,0.0,0.2,0.2,20.249999999999996,0.8,0.8,900.0,0.003,0.0,25,0.5,0.026473552,0.0037427973436728323
7.149,900.0335376960844,0.08606461201569261,0.0,0.2,0.2,20.249999999999996,0.8,0.8,900.0,0.003,0.0,25,0.5,0.02280142,0.0037427970811684742
7.152,900.0335376936764,0.08618467135595519,0.0,0.2,0.2,20.249999999999996,0.8,0.8,900.0,0.003,0.0,25,0.5,0.022832011,0.003742796828753548
7.155,900.0335376913863,0.08630467389916072,0.0,0.2,0.2,20.249999999999996,0.8,0.8,900.0,0.003,0.0,25,0.5,0.026482333,0.003742796587913882
7.158,900.0335376892046,0.0864246036591598,0.0,0.2,0.2,20.249999999999996,0.8,0.8,900.0,0.003,0.0,25,0.5,0.02264267,0.003742796359093841
7.1610000000000005,900.0335376871393,0.08654444465176901,0.0,0.2,0.2,20.249999999999996,0.8,0.8,900.0,0.003,0.0,25,0.5,0.022933512,0.003742796140738805
7.164000000000001,900.0335376851709,0.08666418101467509,0.0,0.2,0.2,20.249999999999996,0.8,0.8,900.0,0.003,0.0,25,0.5,0.026532522,0.0037427959298367438
7.167,900.0335376832726,0.08678379697162827,0.0,0.2,0.2,20.249999999999996,0.8,0.8,900.0,0.003,0.0,25,0.5,0.024309629,0.0037427957231364853
7.17,900.0335376814188,0.08690327675437289,0.0,0.2,0.2,20.249999999999996,0.8,0.8,900.0,0.003,0.0,25,0.5,0.023965807,0.0037427955172394133
7.173,900.0335376795778,0.08702260460676017,0.0,0.2,0.2,20.249999999999996,0.8,0.8,900.0,0.003,0.0,25,0.5,0.02773311,0.003742795309037516
7.176,900.0335376777238,0.08714176478876548,0.0,0.2,0.2,20.249999999999996,0.8,0.8,900.0,0.003,0.0,25,0.5,0.023110732,0.003742795096095082
7.179,900.0335376758311,0.08726074157744583,0.0,0.2,0.2,20.249999999999996,0.8,0.8,900.0,0.003,0.0,25,0.5,0.023733036,0.003742794876791309
7.182,900.0335376738882,0.08737951927193198,0.0,0.2,0.2,20.249999999999996,0.8,0.8,900.0,0.003,0.0,25,0.5,0.027172616,0.0037427946504895674
7.1850000000000005,900.0335376718887,0.08749808214032483,0.0,0.2,0.2,20.249999999999996,0.8,0.8,900.0,0.003,0.0,25,0.5,0.023188053,0.003742794417275183
7.188,900.033537669837,0.08761641446590823,0.0,0.2,0.2,20.249999999999996,0.8,0.8,900.0,0.003,0.0,25,0.5,0.023996457,0.003742794177804258
7.191,900.0335376677305,0.08773450057356791,0.0,0.2,0.2,20.249999999999996,0.8,0.8,900.0,0.003,0.0,25,0.5,0.028406583,0.003742793933119157
7.194,900.0335376655843,0.08785232483482791,0.0,0.2,0.2,20.249999999999996,0.8,0.8,900.0,0.003,0.0,25,0.5,0.023657506,0.0037427936843990378
7.197,900.0335376634116,0.08796987167463154,0.0,0.2,0.2,20.249999999999996,0.8,0.8,900.0,0.003,0.0,25,0.5,0.023420655,0.003742793432822291
7.2,900.033537661217,0.08808712556509832,0.0,0.2,0.2,20.249999999999996,0.8,0.8,900.0,0.003,0.0,25,0.5,0.028972056,0.0037427931795502743
7.203,900.0335376590191,0.08820407097905396,0.0,0.2,0.2,20.249999999999996,0.8,0.8,900.0,0.003,0.0,25,0.5,0.023955087,0.003742792925299644
7.206,900.0335376568153,0.0883206924148225,0.0,0.2,0.2,20.249999999999996,0.8,0.8,900.0,0.003,0.0,25,0.5,0.024068709,0.003742792670155224
7.2090000000000005,900.0335376546137,0.08843697443316491,0.0,0.2,0.2,20.249999999999996,0.8,0.8,900.0,0.003,0.0,25,0.5,0.028807815,0.0037427924136870213
7.212,900.0335376524024,0.08855290171121868,0.0,0.2,0.2,20.249999999999996,0.8,0.8,900.0,0.003,0.0,25,0.5,0.023359594,0.0037427921549625623
7.215,900.0335376501769,0.08866845905806789,0.0,0.2,0.2,20.249999999999996,0.8,0.8,900.0,0.003,0.0,25,0.5,0.024091058,0.003742791892894215
7.218,900.0335376479281,0.08878363134500733,0.0,0.2,0.2,20.249999999999996,0.8,0.8,900.0,0.003,0.0,25,0.5,0.028190551,0.0037427916261904373
7.221,900.0335376456457,0.08889840351031543,0.0,0.2,0.2,20.249999999999996,0.8,0.8,900.0,0.003,0.0,25,0.5,0.023125412,0.0037427913536029612
7.224,900.0335376433135,0.08901276056458814,0.0,0.2,0.2,20.249999999999996,0.8,0.8,900.0,0.003,0.0,25,0.5,0.023871267,0.003742791073968389
7.227,900.0335376409263,0.08912668760443597,0.0,0.2,0.2,20.249999999999996,0.8,0.8,900.0,0.003,0.0,25,0.5,0.02779228,0.0037427907863883604
7.23,900.0335376384783,0.08924016980610533,0.0,0.2,0.2,20.249999999999996,0.8,0.8,900.0,0.003,0.0,25,0.5,0.023177153,0.00374279049064152
7.2330000000000005,900.0335376359707,0.0893531923418,0.0,0.2,0.2,20.249999999999996,0.8,0.8,900.0,0.003,0.0,25,0.5,0.023418445,0.003742790186499244
7.236,900.0335376333935,0.08946574043140854,0.0,0.2,0.2,20.249999999999996,0.8,0.8,900.0,0.003,0.0,25,0.5,0.02777988,0.003742789874412893
7.239,900.0335376307671,0.08957779910971171,0.0,0.2,0.2,20.249999999999996,0.8,0.8,900.0,0.003,0.0,25,0.5,0.024693002,0.003742789557201123
7.242,900.0335376281084,0.08968935260555125,0.0,0.2,0.2,20.249999999999996,0.8,0.8,900.0,0.003,0.0,25,0.5,0.023906097,0.0037427892361322416
7.245,900.0335376254501,0.08980038493687542,0.0,0.2,0.2,20.249999999999996,0.8,0.8,900.0,0.003,0.0,25,0.5,0.02798814,0.003742788913887206
7.248,900.0335376227895,0.08991087989368489,0.0,0.2,0.2,20.249999999999996,0.8,0.8,900.0,0.003,0.0,25,0.5,0.023351203,0.0037427885913016708
7.251,900.0335376201328,0.09002082137483967,0.0,0.2,0.2,20.249999999999996,0.8,0.8,900.0,0.003,0.0,25,0.5,0.02438361,0.003742788268192493
7.2540000000000004,900.0335376174785,0.09013019341200959,0.0,0.2,0.2,20.249999999999996,0.8,0.8,900.0,0.003,0.0,25,0.5,0.027535428,0.0037427879436281305
7.257000000000001,900.0335376148157,0.09023898018139984,0.0,0.2,0.2,20.249999999999996,0.8,0.8,900.0,0.003,0.0,25,0.5,0.023299094,0.0037427876160162706
7.26,900.0335376121328,0.09034716600160687,0.0,0.2,0.2,20.249999999999996,0.8,0.8,900.0,0.003,0.0,25,0.5,0.023045143,0.0037427872834408927
7.263,900.0335376094138,0.09045473524577295,0.0,0.2,0.2,20.249999999999996,0.8,0.8,900.0,0.003,0.0,25,0.5,0.029022127,0.0037427869437667654
7.266,900.0335376066326,0.09056167240346047,0.0,0.2,0.2,20.249999999999996,0.8,0.8,900.0,0.003,0.0,25,0.5,0.023164493,0.00374278659474416
7.269,900.0335376037762,0.09066796218414747,0.0,0.2,0.2,20.249999999999996,0.8,0.8,900.0,0.003,0.0,25,0.5,0.023429315,0.0037427862346002725
7.272,900.0335376008225,0.09077358946933264,0.0,0.2,0.2,20.249999999999996,0.8,0.8,900.0,0.003,0.0,25,0.5,0.0278664,0.003742785862062777
7.275,900.0335375977661,0.09087853929851009,0.0,0.2,0.2,20.249999999999996,0.8,0.8,900.0,0.003,0.0,25,0.5,0.024711312,0.0037427854764129974
7.2780000000000005,900.0335375945974,0.09098279687310408,0.0,0.2,0.2,20.249999999999996,0.8,0.8,900.0,0.003,0.0,25,0.5,0.023021132,0.003742785077842596
7.281000000000001,900.0335375913295,0.09108634747246082,0.0,0.2,0.2,20.249999999999996,0.8,0.8,900.0,0.003,0.0,25,0.5,0.028272002,0.003742784669122762
7.284,900.0335375879763,0.09118917602748565,0.0,0.2,0.2,20.249999999999996,0.8,0.8,900.0,0.003,0.0,25,0.5,0.023542015,0.0037427842528967533
7.287,900.0335375845636,0.0912912674695321,0.0,0.2,0.2,20.249999999999996,0.8,0.8,900.0,0.003,0.0,25,0.5,0.023885717,0.003742783832284589
7.29,900.0335375811194,0.09139260675136315,0.0,0.2,0.2,20.249999999999996,0.8,0.8,900.0,0.003,0.0,25,0.5,0.027532788,0.003742783409979481
7.293,900.0335375776726,0.09149317892602786,0.0,0.2,0.2,20.249999999999996,0.8,0.8,900.0,0.003,0.0,25,0.5,0.023415194,0.0037427829886822607
7.296,900.0335375742422,0.09159296901857694,0.0,0.2,0.2,20.249999999999996,0.8,0.8,900.0,0.003,0.0,25,0.5,0.024033208,0.0037427825696894563
7.299,900.0335375708345,0.09169196222201913,0.0,0.2,0.2,20.249999999999996,0.8,0.8,900.0,0.003,0.0,25,0.5,0.028028711,0.0037427821534074734
7.3020000000000005,900.0335375674574,0.09179014391372721,0.0,0.2,0.2,20.249999999999996,0.8,0.8,900.0,0.003,0.0,25,0.5,0.023825277,0.0037427817394328836
7.305,900.0335375641075,0.09188749965686792,0.0,0.2,0.2,20.249999999999996,0.8,0.8,900.0,0.003,0.0,25,0.5,0.023792287,0.003742781326630222
7.308,900.0335375607755,0.09198401519891553,0.0,0.2,0.2,20.249999999999996,0.8,0.8,900.0,0.003,0.0,25,0.5,0.027993201,0.0037427809132718616
7.311,900.0335375574442,0.09207967648049765,0.0,0.2,0.2,20.249999999999996,0.8,0.8,900.0,0.003,0.0,25,0.5,0.023871137,0.0037427804973055178
7.314,900.0335375540957,0.09217446963533886,0.0,0.2,0.2,20.249999999999996,0.8,0.8,900.0,0.003,0.0,25,0.5,0.023856587,0.003742780076602827
7.317,900.0335375507373,0.09226838092419774,0.0,0.2,0.2,20.249999999999996,0.8,0.8,900.0,0.003,0.0,25,0.5,0.027863621,0.003742779651895853
7.32,900.0335375473854,0.09236139627251262,0.0,0.2,0.2,20.249999999999996,0.8,0.8,900.0,0.003,0.0,25,0.5,0.02442073,0.003742779224692842
7.323,900.0335375440148,0.09245350133718745,0.0,0.2,0.2,20.249999999999996,0.8,0.8,900.0,0.003,0.0,25,0.5,0.024220419,0.003742778793627276
7.3260000000000005,900.0335375406191,0.09254468193804874,0.0,0.2,0.2,20.249999999999996,0.8,0.8,900.0,0.003,0.0,25,0.5,0.029023006,0.003742778357964096
7.329,900.0335375371891,0.09263492409330501,0.0,0.2,0.2,20.249999999999996,0.8,0.8,900.0,0.003,0.0,25,0.5,0.023499365,0.003742777917419808
7.332,900.0335375337282,0.09272421385848355,0.0,0.2,0.2,20.249999999999996,0.8,0.8,900.0,0.003,0.0,25,0.5,0.023896537,0.0037427774716072334
7.335,900.033537530228,0.09281253739060454,0.0,0.2,0.2,20.249999999999996,0.8,0.8,900.0,0.003,0.0,25,0.5,0.027987391,0.0037427770197257797
7.338,900.0335375266802,0.09289988105841937,0.0,0.2,0.2,20.249999999999996,0.8,0.8,900.0,0.003,0.0,25,0.5,0.023706676,0.003742776560803272
7.341,900.0335375230733,0.09298623145310113,0.0,0.2,0.2,20.249999999999996,0.8,0.8,900.0,0.003,0.0,25,0.5,0.023887738,0.0037427760940914167
7.344,900.0335375194135,0.09307157524964922,0.0,0.2,0.2,20.249999999999996,0.8,0.8,900.0,0.003,0.0,25,0.5,0.028768555,0.0037427756206142864
7.347,900.0335375157041,0.09315589859569366,0.0,0.2,0.2,20.249999999999996,0.8,0.8,900.0,0.003,0.0,25,0.5,0.024668382,0.003742775140114422
7.3500000000000005,900.0335375119356,0.09323918774234972,0.0,0.2,0.2,20.249999999999996,0.8,0.8,900.0,0.003,0.0,25,0.5,0.025217684,0.0037427746520708586
7.353,900.0335375081104,0.0933214291498616,0.0,0.2,0.2,20.249999999999996,0.8,0.8,900.0,0.003,0.0,25,0.5,0.02982118,0.0037427741559770762
7.356,900.0335375042147,0.09340260948287242,0.0,0.2,0.2,20.249999999999996,0.8,0.8,900.0,0.003,0.0,25,0.5,0.023655036,0.003742773651093722
7.359,900.0335375002492,0.09348271561345609,0.0,0.2,0.2,20.249999999999996,0.8,0.8,900.0,0.003,0.0,25,0.5,0.023826877,0.0037427731365243444
7.362,900.0335374962027,0.09356173461335197,0.0,0.2,0.2,20.249999999999996,0.8,0.8,900.0,0.003,0.0,25,0.5,0.027976361,0.0037427726113589983
7.365,900.0335374920642,0.09363965371354413,0.0,0.2,0.2,20.249999999999996,0.8,0.8,900.0,0.003,0.0,25,0.5,0.023844417,0.0037427720747907453
7.368,900.0335374878291,0.09371646034781131,0.0,0.2,0.2,20.249999999999996,0.8,0.8,900.0,0.003,0.0,25,0.5,0.024165139,0.003742771526239048
7.371,900.0335374834948,0.09379214216704433,0.0,0.2,0.2,20.249999999999996,0.8,0.8,900.0,0.003,0.0,25,0.5,0.027690079,0.0037427709653738003
7.3740000000000006,900.0335374790519,0.0938666870410999,0.0,0.2,0.2,20.249999999999996,0.8,0.8,900.0,0.003,0.0,25,0.5,0.025800738,0.0037427703920676013
7.377,900.0335374745035,0.09394008305979464,0.0,0.2,0.2,20.249999999999996,0.8,0.8,900.0,0.003,0.0,25,0.5,0.023587605,0.003742769806340271
7.38,900.0335374698544,0.09401231853388035,0.0,0.2,0.2,20.249999999999996,0.8,0.8,900.0,0.003,0.0,25,0.5,0.028131641,0.003742769208522633
7.383,900.0335374651013,0.09408338192056948,0.0,0.2,0.2,20.249999999999996,0.8,0.8,900.0,0.003,0.0,25,0.5,0.023726475,0.003742768599766061
7.386,900.0335374602587,0.09415326163205379,0.0,0.2,0.2,20.249999999999996,0.8,0.8,900.0,0.003,0.0,25,0.5,0.02445807,0.0037427679804075452
7.389,900.0335374553301,0.09422194628264069,0.0,0.2,0.2,20.249999999999996,0.8,0.8,900.0,0.003,0.0,25,0.5,0.028891906,0.003742767350811821
7.392,900.03353745032,0.09428942460682636,0.0,0.2,0.2,20.249999999999996,0.8,0.8,900.0,0.003,0.0,25,0.5,0.02444514,0.003742766711255342
7.3950000000000005,900.0335374452261,0.09435568547253172,0.0,0.2,0.2,20.249999999999996,0.8,0.8,900.0,0.003,0.0,25,0.5,0.024534951,0.003742766061652764
7.398000000000001,900.0335374400534,0.09442071794324149,0.0,0.2,0.2,20.249999999999996,0.8,0.8,900.0,0.003,0.0,25,0.5,0.02961187,0.003742765401948824
7.401,900.0335374347984,0.09448451119073419,0.0,0.2,0.2,20.249999999999996,0.8,0.8,900.0,0.003,0.0,25,0.5,0.025380325,0.0037427647319583936
7.404,900.0335374294536,0.09454705451009363,0.0,0.2,0.2,20.249999999999996,0.8,0.8,900.0,0.003,0.0,25,0.5,0.024685781,0.003742764051095423
7.407,900.0335374240192,0.09460833742437531,0.0,0.2,0.2,20.249999999999996,0.8,0.8,900.0,0.003,0.0,25,0.5,0.030194313,0.003742763358759611
7.41,900.033537418486,0.0946683496858346,0.0,0.2,0.2,20.249999999999996,0.8,0.8,900.0,0.003,0.0,25,0.5,0.024490751,0.003742762654340978
7.413,900.0335374128607,0.09472708127735738,0.0,0.2,0.2,20.249999999999996,0.8,0.8,900.0,0.003,0.0,25,0.5,0.024576121,0.0037427619380809344
7.416,900.0335374071939,0.09478452212495275,0.0,0.2,0.2,20.249999999999996,0.8,0.8,900.0,0.003,0.0,25,0.5,0.028381833,0.0037427612124242425
7.4190000000000005,900.0335374014527,0.09484066165062414,0.0,0.2,0.2,20.249999999999996,0.8,0.8,900.0,0.003,0.0,25,0.5,0.024265389,0.003742760478143885
7.422000000000001,900.0335373956364,0.09489548957680155,0.0,0.2,0.2,20.249999999999996,0.8,0.8,900.0,0.003,0.0,25,0.5,0.024927523,0.0037427597354077113
7.425,900.0335373897497,0.09494899590038121,0.0,0.2,0.2,20.249999999999996,0.8,0.8,900.0,0.003,0.0,25,0.5,0.030335794,0.0037427589839511893
7.428,900.0335373837906,0.09500117085996787,0.0,0.2,0.2,20.249999999999996,0.8,0.8,900.0,0.003,0.0,25,0.5,0.024095189,0.0037427582231730535
7.431,900.0335373777481,0.09505200492618242,0.0,0.2,0.2,20.249999999999996,0.8,0.8,900.0,0.003,0.0,25,0.5,0.025128094,0.0037427574522665144
7.434,900.0335373716239,0.09510148880205449,0.0,0.2,0.2,20.249999999999996,0.8,0.8,900.0,0.003,0.0,25,0.5,0.028132691,0.003742756670365961
7.437,900.0335373654036,0.09514961341956361,0.0,0.2,0.2,20.249999999999996,0.8,0.8,900.0,0.003,0.0,25,0.5,0.024623272,0.0037427558766023276
7.44,900.0335373590802,0.09519636991932223,0.0,0.2,0.2,20.249999999999996,0.8,0.8,900.0,0.003,0.0,25,0.5,0.0243766,0.0037427550700781477
7.4430000000000005,900.0335373526444,0.09524174968252787,0.0,0.2,0.2,20.249999999999996,0.8,0.8,900.0,0.003,0.0,25,0.5,0.027640769,0.0037427542502726646
7.446,900.0335373460955,0.0952857444064329,0.0,0.2,0.2,20.249999999999996,0.8,0.8,900.0,0.003,0.0,25,0.5,0.024044358,0.0037427534168590036
7.449,900.033537339429,0.09532834600023084,0.0,0.2,0.2,20.249999999999996,0.8,0.8,900.0,0.003,0.0,25,0.5,0.024112769,0.003742752569751049
7.452,900.0335373326432,0.09536954660670699,0.0,0.2,0.2,20.249999999999996,0.8,0.8,900.0,0.003,0.0,25,0.5,0.028664175,0.0037427517091702554
7.455,900.0335373257425,0.09540933858035551,0.0,0.2,0.2,20.249999999999996,0.8,0.8,900.0,0.003,0.0,25,0.5,0.023367084,0.0037427508354862726
7.458,900.0335373187271,0.09544771450170367,0.0,0.2,0.2,20.249999999999996,0.8,0.8,900.0,0.003,0.0,25,0.5,0.022420699,0.0037427499491349842
7.461,900.0335373116019,0.09548466718615228,0.0,0.2,0.2,20.249999999999996,0.8,0.8,900.0,0.003,0.0,25,0.5,0.026739993,0.0037427490505798112
7.464,900.0335373043748,0.09552018968346049,0.0,0.2,0.2,20.249999999999996,0.8,0.8,900.0,0.003,0.0,25,0.5,0.022926832,0.003742748140675881
7.4670000000000005,900.0335372970555,0.09555427519493781,0.0,0.2,0.2,20.249999999999996,0.8,0.8,900.0,0.003,0.0,25,0.5,0.023203783,0.003742747219981681
7.47,900.0335372896427,0.09558691708767111,0.0,0.2,0.2,20.249999999999996,0.8,0.8,900.0,0.003,0.0,25,0.5,0.027003615,0.00374274628833795
7.473,900.0335372821378,0.09561810894627783,0.0,0.2,0.2,20.249999999999996,0.8,0.8,900.0,0.003,0.0,25,0.5,0.024767332,0.003742745345706432
7.476,900.0335372745391,0.09564784457551512,0.0,0.2,0.2,20.249999999999996,0.8,0.8,900.0,0.003,0.0,25,0.5,0.023210394,0.003742744392018113
7.479,900.0335372668417,0.09567611796580835,0.0,0.2,0.2,20.249999999999996,0.8,0.8,900.0,0.003,0.0,25,0.5,0.028126741,0.003742743426824597
7.482,900.0335372590527,0.09570292331141853,0.0,0.2,0.2,20.249999999999996,0.8,0.8,900.0,0.003,0.0,25,0.5,0.023674195,0.0037427424497561753
7.485,900.0335372511585,0.09572825498374815,0.0,0.2,0.2,20.249999999999996,0.8,0.8,900.0,0.003,0.0,25,0.5,0.023962777,0.0037427414602530847
7.488,900.0335372431578,0.09575210757562631,0.0,0.2,0.2,20.249999999999996,0.8,0.8,900.0,0.003,0.0,25,0.5,0.027482877,0.003742740457815817
7.4910000000000005,900.0335372350454,0.09577447588094551,0.0,0.2,0.2,20.249999999999996,0.8,0.8,900.0,0.003,0.0,25,0.5,0.023795986,0.00374273944203211
7.494,900.0335372268158,0.09579535490024191,0.0,0.2,0.2,20.249999999999996,0.8,0.8,900.0,0.003,0.0,25,0.5,0.025125664,0.0037427384125901138
7.497,900.0335372184666,0.09581473985094537,0.0,0.2,0.2,20.249999999999996,0.8,0.8,900.0,0.003,0.0,25,0.5,0.030208193,0.003742737369324429
7.5,900.0335372100003,0.0958326261656823,0.0,0.2,0.2,20.249999999999996,0.8,0.8,900.0,0.003,0.0,25,0.5,0.024246439,0.0037427363122887938
7.503,900.0335372014117,0.09584900947979849,0.0,0.2,0.2,20.249999999999996,0.8,0.8,900.0,0.003,0.0,25,0.5,0.02439093,0.0037427352417047656
7.506,900.0335371927089,0.09586388563025293,0.0,0.2,0.2,20.249999999999996,0.8,0.8,900.0,0.003,0.0,25,0.5,0.028713165,0.0037427341578145784
7.509,900.0335371838835,0.09587725066535535,0.0,0.2,0.2,20.249999999999996,0.8,0.8,900.0,0.003,0.0,25,0.5,0.024674521,0.00374273306092464
7.5120000000000005,900.0335371749512,0.09588910084734743,0.0,0.2,0.2,20.249999999999996,0.8,0.8,900.0,0.003,0.0,25,0.5,0.02442306,0.0037427319513729704
7.515000000000001,900.0335371659039,0.09589943264903328,0.0,0.2,0.2,20.249999999999996,0.8,0.8,900.0,0.003,0.0,25,0.5,0.028357713,0.0037427308294686185
7.518,900.0335371567518,0.0959082427534572,0.0,0.2,0.2,20.249999999999996,0.8,0.8,900.0,0.003,0.0,25,0.5,0.023347144,0.003742729695466926
7.521,900.0335371474914,0.09591552804890878,0.0,0.2,0.2,20.249999999999996,0.8,0.8,900.0,0.003,0.0,25,0.5,0.024601821,0.003742728549553541
7.524,900.0335371381407,0.09592128562441665,0.0,0.2,0.2,20.249999999999996,0.8,0.8,900.0,0.003,0.0,25,0.5,0.027724939,0.0037427273962656405
7.527,900.033537128834,0.09592551087886261,0.0,0.2,0.2,20.249999999999996,0.8,0.8,900.0,0.003,0.0,25,0.5,0.023955068,0.0037427262524344176
7.53,900.0335371196202,0.09592819405964155,0.0,0.2,0.2,20.249999999999996,0.8,0.8,900.0,0.003,0.0,25,0.5,0.024024218,0.003742725119342591
7.533,900.0335371105037,0.0959293253412739,0.0,0.2,0.2,20.249999999999996,0.8,0.8,900.0,0.003,0.0,25,0.5,0.02796946,0.003742723997000338
7.5360000000000005,900.0335371014892,0.0959288951845125,0.0,0.2,0.2,20.249999999999996,0.8,0.8,900.0,0.003,0.0,25,0.5,0.024099939,0.0037427228840422313
7.539000000000001,900.0335370925553,0.09592689431979112,0.0,0.2,0.2,20.249999999999996,0.8,0.8,900.0,0.003,0.0,25,0.5,0.025146845,0.0037427217766143124
7.542,900.0335370836772,0.0959233137313297,0.0,0.2,0.2,20.249999999999996,0.8,0.8,900.0,0.003,0.0,25,0.5,0.028988396,0.0037427206686964994
7.545,900.0335370747916,0.09591814463722499,0.0,0.2,0.2,20.249999999999996,0.8,0.8,900.0,0.003,0.0,25,0.5,0.023694957,0.0037427195530549454
7.548,900.0335370658432,0.09591137852035721,0.0,0.2,0.2,20.249999999999996,0.8,0.8,900.0,0.003,0.0,25,0.5,0.023462894,0.003742718422519705
7.551,900.0335370567577,0.09590300713491952,0.0,0.2,0.2,20.249999999999996,0.8,0.8,900.0,0.003,0.0,25,0.5,0.026858634,0.003742717271057632
7.554,900.0335370474869,0.0958930225019816,0.0,0.2,0.2,20.249999999999996,0.8,0.8,900.0,0.003,0.0,25,0.5,0.023331024,0.003742716094469082
7.557,900.0335370379925,0.09588141691028756,0.0,0.2,0.2,20.249999999999996,0.8,0.8,900.0,0.003,0.0,25,0.5,0.025191204,0.003742714890715511
7.5600000000000005,900.0335370282558,0.09586818292124318,0.0,0.2,0.2,20.249999999999996,0.8,0.8,900.0,0.003,0.0,25,0.5,0.028176522,0.0037427136599281546
7.563,900.0335370182762,0.09585331336636413,0.0,0.2,0.2,20.249999999999996,0.8,0.8,900.0,0.003,0.0,25,0.5,0.025554697,0.003742712404217423
7.566,900.0335370080779,0.09583680139973921,0.0,0.2,0.2,20.249999999999996,0.8,0.8,900.0,0.003,0.0,25,0.5,0.024983354,0.003742711127647117
7.569,900.0335369976978,0.09581864025870414,0.0,0.2,0.2,20.249999999999996,0.8,0.8,900.0,0.003,0.0,25,0.5,0.028450244,0.003742709835951209
7.572,900.0335369871929,0.09579882312251013,0.0,0.2,0.2,20.249999999999996,0.8,0.8,900.0,0.003,0.0,25,0.5,0.023929577,0.00374270853540482
7.575,900.0335369766101,0.09577734320620349,0.0,0.2,0.2,20.249999999999996,0.8,0.8,900.0,0.003,0.0,25,0.5,0.024912753,0.0037427072306648224
7.578,900.033536965989,0.09575419398242022,0.0,0.2,0.2,20.249999999999996,0.8,0.8,900.0,0.003,0.0,25,0.5,0.028768895,0.003742705925347718
7.581,900.0335369553625,0.09572936919644194,0.0,0.2,0.2,20.249999999999996,0.8,0.8,900.0,0.003,0.0,25,0.5,0.025399226,0.00374270462175541
7.5840000000000005,900.0335369447514,0.09570286285884658,0.0,0.2,0.2,20.249999999999996,0.8,0.8,900.0,0.003,0.0,25,0.5,0.023509215,0.003742703320536615
7.587,900.0335369341627,0.09567466924970053,0.0,0.2,0.2,20.249999999999996,0.8,0.8,900.0,0.003,0.0,25,0.5,0.027730529,0.0037427020208285686
7.59,900.0335369235864,0.09564478292052292,0.0,0.2,0.2,20.249999999999996,0.8,0.8,900.0,0.003,0.0,25,0.5,0.023357904,0.0037427007206677462
7.593,900.0335369130057,0.09561319869266069,0.0,0.2,0.2,20.249999999999996,0.8,0.8,900.0,0.003,0.0,25,0.5,0.024457661,0.003742699417805885
7.596,900.033536902401,0.09557991151355527,0.0,0.2,0.2,20.249999999999996,0.8,0.8,900.0,0.003,0.0,25,0.5,0.02782492,0.003742698110018331
7.599,900.0335368917508,0.09554491652567094,0.0,0.2,0.2,20.249999999999996,0.8,0.8,900.0,0.003,0.0,25,0.5,0.024657272,0.0037426967951751395
7.602,900.0335368810365,0.0955082091428032,0.0,0.2,0.2,20.249999999999996,0.8,0.8,900.0,0.003,0.0,25,0.5,0.023182903,0.00374269547160252
7.605,900.0335368702437,0.09546978505081195,0.0,0.2,0.2,20.249999999999996,0.8,0.8,900.0,0.003,0.0,25,0.5,0.027613709,0.003742694138400043
7.6080000000000005,900.0335368593643,0.09542964017357135,0.0,0.2,0.2,20.249999999999996,0.8,0.8,900.0,0.003,0.0,25,0.5,0.023295973,0.003742692796753839
7.611,900.0335368484168,0.09538777026032005,0.0,0.2,0.2,20.249999999999996,0.8,0.8,900.0,0.003,0.0,25,0.5,0.023944417,0.003742691447951943
7.614,900.0335368374025,0.09534417119705595,0.0,0.2,0.2,20.249999999999996,0.8,0.8,900.0,0.003,0.0,25,0.5,0.02787754,0.003742690093497774
7.617,900.0335368263421,0.09529883912564606,0.0,0.2,0.2,20.249999999999996,0.8,0.8,900.0,0.003,0.0,25,0.5,0.023567485,0.0037426887355368117
7.62,900.0335368152463,0.09525177035926521,0.0,0.2,0.2,20.249999999999996,0.8,0.8,900.0,0.003,0.0,25,0.5,0.024108068,0.003742687376110366
7.623,900.033536804135,0.0952029614617172,0.0,0.2,0.2,20.249999999999996,0.8,0.8,900.0,0.003,0.0,25,0.5,0.028323173,0.003742686017004979
7.626,900.0335367930245,0.09515240927180901,0.0,0.2,0.2,20.249999999999996,0.8,0.8,900.0,0.003,0.0,25,0.5,0.02437101,0.0037426846597409537
7.6290000000000004,900.0335367819308,0.09510011090196278,0.0,0.2,0.2,20.249999999999996,0.8,0.8,900.0,0.003,0.0,25,0.5,0.023087053,0.003742683305663337
7.632000000000001,900.0335367708616,0.0950460637061022,0.0,0.2,0.2,20.249999999999996,0.8,0.8,900.0,0.003,0.0,25,0.5,0.02782739,0.0037426819557250207
7.635,900.0335367598296,0.0949902653020034,0.0,0.2,0.2,20.249999999999996,0.8,0.8,900.0,0.003,0.0,25,0.5,0.023303704,0.003742680610413197
7.638,900.0335367488336,0.09493271358603865,0.0,0.2,0.2,20.249999999999996,0.8,0.8,900.0,0.003,0.0,25,0.5,0.022697821,0.0037426792698660753
7.641,900.0335367378772,0.09487340672564305,0.0,0.2,0.2,20.249999999999996,0.8,0.8,900.0,0.003,0.0,25,0.5,0.026535292,0.003742677934061139
7.644,900.0335367269707,0.0948123431458469,0.0,0.2,0.2,20.249999999999996,0.8,0.8,900.0,0.003,0.0,25,0.5,0.022686141,0.00374267660585614
7.647,900.0335367161492,0.09474952099080769,0.0,0.2,0.2,20.249999999999996,0.8,0.8,900.0,0.003,0.0,25,0.5,0.02267409,0.0037426752882514947
7.65,900.0335367054187,0.0946849380704318,0.0,0.2,0.2,20.249999999999996,0.8,0.8,900.0,0.003,0.0,25,0.5,0.0260536,0.0037426739822601705
7.6530000000000005,900.0335366947942,0.09461859231756864,0.0,0.2,0.2,20.249999999999996,0.8,0.8,900.0,0.003,0.0,25,0.5,0.023113603,0.003742672688678382
7.656000000000001,900.0335366842804,0.09455048184430413,0.0,0.2,0.2,20.249999999999996,0.8,0.8,900.0,0.003,0.0,25,0.5,0.023681606,0.0037426714076622502
7.659,900.0335366738724,0.09448060504292342,0.0,0.2,0.2,20.249999999999996,0.8,0.8,900.0,0.003,0.0,25,0.5,0.029861901,0.0037426701388939467
7.662,900.033536663569,0.09440896059517355,0.0,0.2,0.2,20.249999999999996,0.8,0.8,900.0,0.003,0.0,25,0.5,0.025306425,0.0037426688817381922
7.665,900.0335366533693,0.09433554747919658,0.0,0.2,0.2,20.249999999999996,0.8,0.8,900.0,0.003,0.0,25,0.5,0.024804992,0.003742667635761931
7.668,900.033536643293,0.0942603648062561,0.0,0.2,0.2,20.249999999999996,0.8,0.8,900.0,0.003,0.0,25,0.5,0.030588706,0.0037426664083803937
7.671,900.033536633438,0.09418341022477837,0.0,0.2,0.2,20.249999999999996,0.8,0.8,900.0,0.003,0.0,25,0.5,0.025993919,0.0037426652123390964
7.674,900.0335366238612,0.09410468003132196,0.0,0.2,0.2,20.249999999999996,0.8,0.8,900.0,0.003,0.0,25,0.5,0.024801202,0.0037426640503089035
7.6770000000000005,900.0335366145868,0.09402417071748845,0.0,0.2,0.2,20.249999999999996,0.8,0.8,900.0,0.003,0.0,25,0.5,0.029398199,0.003742662923978089
7.68,900.0335366056337,0.09394187876805261,0.0,0.2,0.2,20.249999999999996,0.8,0.8,900.0,0.003,0.0,25,0.5,0.025497607,0.003742661833607501
7.683,900.033536597009,0.09385780077075695,0.0,0.2,0.2,20.249999999999996,0.8,0.8,900.0,0.003,0.0,25,0.5,0.02440453,0.0037426607803592005
7.686,900.0335365887282,0.09377193293815415,0.0,0.2,0.2,20.249999999999996,0.8,0.8,900.0,0.003,0.0,25,0.5,0.029350859,0.0037426597637261793
7.689,900.033536580793,0.09368427077071512,0.0,0.2,0.2,20.249999999999996,0.8,0.8,900.0,0.003,0.0,25,0.5,0.023772276,0.0037426587815192285
7.692,900.0335365731612,0.09359480933565932,0.0,0.2,0.2,20.249999999999996,0.8,0.8,900.0,0.003,0.0,25,0.5,0.023591615,0.0037426578295510996
7.695,900.0335365657921,0.09350354403360475,0.0,0.2,0.2,20.249999999999996,0.8,0.8,900.0,0.003,0.0,25,0.5,0.027548398,0.003742656903711748
7.698,900.0335365586549,0.09341047060141078,0.0,0.2,0.2,20.249999999999996,0.8,0.8,900.0,0.003,0.0,25,0.5,0.024017298,0.003742655999598499
7.7010000000000005,900.0335365517041,0.09331558510820484,0.0,0.2,0.2,20.249999999999996,0.8,0.8,900.0,0.003,0.0,25,0.5,0.024036488,0.0037426551131141427
7.704,900.0335365449066,0.09321888395462331,0.0,0.2,0.2,20.249999999999996,0.8,0.8,900.0,0.003,0.0,25,0.5,0.029399989,0.003742654241188704
7.707,900.0335365382346,0.0931203638736487,0.0,0.2,0.2,20.249999999999996,0.8,0.8,900.0,0.003,0.0,25,0.5,0.024705002,0.00374265338280274
7.71,900.0335365316957,0.09302002176374652,0.0,0.2,0.2,20.249999999999996,0.8,0.8,900.0,0.003,0.0,25,0.5,0.025311456,0.0037426525411183987
7.713,900.033536525308,0.09291785400238696,0.0,0.2,0.2,20.249999999999996,0.8,0.8,900.0,0.003,0.0,25,0.5,0.028541624,0.003742651719516681
7.716,900.0335365190992,0.09281385698792886,0.0,0.2,0.2,20.249999999999996,0.8,0.8,900.0,0.003,0.0,25,0.5,0.024118308,0.0037426509210860704
7.719,900.0335365130859,0.09270802748594785,0.0,0.2,0.2,20.249999999999996,0.8,0.8,900.0,0.003,0.0,25,0.5,0.023212903,0.003742650148793649
7.722,900.0335365073063,0.0926003626955448,0.0,0.2,0.2,20.249999999999996,0.8,0.8,900.0,0.003,0.0,25,0.5,0.027106666,0.0037426494055918954
7.7250000000000005,900.0335365017795,0.09249086015452207,0.0,0.2,0.2,20.249999999999996,0.8,0.8,900.0,0.003,0.0,25,0.5,0.023135203,0.0037426486935116694
7.728,900.0335364965265,0.09237951777818235,0.0,0.2,0.2,20.249999999999996,0.8,0.8,900.0,0.003,0.0,25,0.5,0.02267357,0.0037426480135320855
7.731,900.0335364915495,0.09226633387324958,0.0,0.2,0.2,20.249999999999996,0.8,0.8,900.0,0.003,0.0,25,0.5,0.026609483,0.003742647365850005
7.734,900.0335364868691,0.09215130711746047,0.0,0.2,0.2,20.249999999999996,0.8,0.8,900.0,0.003,0.0,25,0.5,0.0227784,0.0037426467532980377
7.737,900.0335364825033,0.09203443577705665,0.0,0.2,0.2,20.249999999999996,0.8,0.8,900.0,0.003,0.0,25,0.5,0.022680001,0.0037426461774560486
7.74,900.033536478456,0.0919157181779848,0.0,0.2,0.2,20.249999999999996,0.8,0.8,900.0,0.003,0.0,25,0.5,0.026508422,0.0037426456380106874
7.743,900.0335364747391,0.09179515294129749,0.0,0.2,0.2,20.249999999999996,0.8,0.8,900.0,0.003,0.0,25,0.5,0.023096693,0.0037426451352492217
7.746,900.0335364713433,0.09167273866681731,0.0,0.2,0.2,20.249999999999996,0.8,0.8,900.0,0.003,0.0,25,0.5,0.022886492,0.003742644668024738
7.7490000000000006,900.0335364682546,0.09154847430135533,0.0,0.2,0.2,20.249999999999996,0.8,0.8,900.0,0.003,0.0,25,0.5,0.026570912,0.0037426442345412825
7.752,900.0335364654645,0.09142235919425758,0.0,0.2,0.2,20.249999999999996,0.8,0.8,900.0,0.003,0.0,25,0.5,0.02280192,0.00374264383264717
7.755,900.033536462941,0.09129439312355986,0.0,0.2,0.2,20.249999999999996,0.8,0.8,900.0,0.003,0.0,25,0.5,0.022598399,0.003742643460040532
7.758,900.033536460668,0.09116457630031065,0.0,0.2,0.2,20.249999999999996,0.8,0.8,900.0,0.003,0.0,25,0.5,0.026952074,0.0037426431143996117
7.761,900.0335364586272,0.09103290938583497,0.0,0.2,0.2,20.249999999999996,0.8,0.8,900.0,0.003,0.0,25,0.5,0.022969002,0.003742642793978609
7.764,900.0335364568055,0.09089939344735251,0.0,0.2,0.2,20.249999999999996,0.8,0.8,900.0,0.003,0.0,25,0.5,0.022954901,0.003742642497702075
7.767,900.0335364551886,0.09076402993305334,0.0,0.2,0.2,20.249999999999996,0.8,0.8,900.0,0.003,0.0,25,0.5,0.026649733,0.0037426422250550597
7.7700000000000005,900.0335364537738,0.09062682069247385,0.0,0.2,0.2,20.249999999999996,0.8,0.8,900.0,0.003,0.0,25,0.5,0.023552095,0.0037426419763758097
7.773000000000001,900.0335364525741,0.0904877679271675,0.0,0.2,0.2,20.249999999999996,0.8,0.8,900.0,0.003,0.0,25,0.5,0.023835167,0.003742641753422229
7.776,900.033536451595,0.09034687407479113,0.0,0.2,0.2,20.249999999999996,0.8,0.8,900.0,0.003,0.0,25,0.5,0.029366838,0.0037426415573947043
7.779,900.0335364508471,0.09020414194475965,0.0,0.2,0.2,20.249999999999996,0.8,0.8,900.0,0.003,0.0,25,0.5,0.02433232,0.003742641389247817
7.782,900.0335364503379,0.09005957476483516,0.0,0.2,0.2,20.249999999999996,0.8,0.8,900.0,0.003,0.0,25,0.5,0.025710908,0.003742641249747394
7.785,900.0335364500736,0.08991317617913958,0.0,0.2,0.2,20.249999999999996,0.8,0.8,900.0,0.003,0.0,25,0.5,0.029059877,0.0037426411391969843
7.788,900.0335364500588,0.08976495026594139,0.0,0.2,0.2,20.249999999999996,0.8,0.8,900.0,0.003,0.0,25,0.5,0.024559101,0.003742641057384387
7.791,900.0335364502878,0.08961490154235256,0.0,0.2,0.2,20.249999999999996,0.8,0.8,900.0,0.003,0.0,25,0.5,0.02456165,0.003742641003611561
7.7940000000000005,900.0335364507562,0.08946303497108622,0.0,0.2,0.2,20.249999999999996,0.8,0.8,900.0,0.003,0.0,25,0.5,0.028958056,0.0037426409767769802
7.797000000000001,900.0335364514523,0.08930935596379004,0.0,0.2,0.2,20.249999999999996,0.8,0.8,900.0,0.003,0.0,25,0.5,0.025794838,0.003742640975565277
7.8,900.0335364523685,0.08915387037345653,0.0,0.2,0.2,20.249999999999996,0.8,0.8,900.0,0.003,0.0,25,0.5,0.024642341,0.0037426409986474666
7.803,900.0335364534886,0.08899658448384756,0.0,0.2,0.2,20.249999999999996,0.8,0.8,900.0,0.003,0.0,25,0.5,0.031022248,0.003742641044713953
7.806,900.0335364548037,0.08883750497300526,0.0,0.2,0.2,20.249999999999996,0.8,0.8,900.0,0.003,0.0,25,0.5,0.024831762,0.00374264111270225
7.809,900.0335364563041,0.08867663890769624,0.0,0.2,0.2,20.249999999999996,0.8,0.8,900.0,0.003,0.0,25,0.5,0.023188183,0.003742641201660719
7.812,900.0335364579792,0.08851399379878395,0.0,0.2,0.2,20.249999999999996,0.8,0.8,900.0,0.003,0.0,25,0.5,0.026974415,0.003742641311115105
7.815,900.0335364598245,0.08834957756302858,0.0,0.2,0.2,20.249999999999996,0.8,0.8,900.0,0.003,0.0,25,0.5,0.023401504,0.003742641440769191
7.8180000000000005,900.0335364618365,0.08818339857529454,0.0,0.2,0.2,20.249999999999996,0.8,0.8,900.0,0.003,0.0,25,0.5,0.023288403,0.003742641590480274
7.821,900.0335364640176,0.08801546568288392,0.0,0.2,0.2,20.249999999999996,0.8,0.8,900.0,0.003,0.0,25,0.5,0.027162206,0.0037426417602511035
7.824,900.0335364663594,0.0878457882092405,0.0,0.2,0.2,20.249999999999996,0.8,0.8,900.0,0.003,0.0,25,0.5,0.024662981,0.0037426419501955183
7.827,900.0335364688679,0.08767437596747465,0.0,0.2,0.2,20.249999999999996,0.8,0.8,900.0,0.003,0.0,25,0.5,0.024741072,0.003742642160465026
7.83,900.0335364715489,0.08750123925706035,0.0,0.2,0.2,20.249999999999996,0.8,0.8,900.0,0.003,0.0,25,0.5,0.030666216,0.0037426423911718293
7.833,900.033536474396,0.08732638885837217,0.0,0.2,0.2,20.249999999999996,0.8,0.8,900.0,0.003,0.0,25,0.5,0.025020354,0.003742642642314781
7.836,900.0335364774112,0.08714983603123494,0.0,0.2,0.2,20.249999999999996,0.8,0.8,900.0,0.003,0.0,25,0.5,0.024604541,0.0037426429138093975
7.839,900.0335364805995,0.08697159250152221,0.0,0.2,0.2,20.249999999999996,0.8,0.8,900.0,0.003,0.0,25,0.5,0.02969152,0.0037426432074398343
7.8420000000000005,900.0335364839796,0.08679166997212587,0.0,0.2,0.2,20.249999999999996,0.8,0.8,900.0,0.003,0.0,25,0.5,0.025086864,0.0037426435241009973
7.845,900.0335364875518,0.08661008039319273,0.0,0.2,0.2,20.249999999999996,0.8,0.8,900.0,0.003,0.0,25,0.5,0.026329691,0.003742643863045212
7.848,900.0335364913069,0.0864268362290208,0.0,0.2,0.2,20.249999999999996,0.8,0.8,900.0,0.003,0.0,25,0.5,0.028150852,0.003742644223383922
7.851,900.0335364952382,0.08624195046106808,0.0,0.2,0.2,20.249999999999996,0.8,0.8,900.0,0.003,0.0,25,0.5,0.024316889,0.003742644604049131
7.854,900.0335364993362,0.08605543656772358,0.0,0.2,0.2,20.249999999999996,0.8,0.8,900.0,0.003,0.0,25,0.5,0.024617041,0.003742645003735067
7.857,900.0335365035895,0.08586730851648676,0.0,0.2,0.2,20.249999999999996,0.8,0.8,900.0,0.003,0.0,25,0.5,0.028689074,0.0037426454209546303
7.86,900.0335365079828,0.0856775807848675,0.0,0.2,0.2,20.249999999999996,0.8,0.8,900.0,0.003,0.0,25,0.5,0.025858729,0.003742645854144419
7.863,900.0335365125028,0.08548626841360817,0.0,0.2,0.2,20.249999999999996,0.8,0.8,900.0,0.003,0.0,25,0.5,0.024899193,0.003742646301944013
7.8660000000000005,900.0335365171335,0.08529338697399429,0.0,0.2,0.2,20.249999999999996,0.8,0.8,900.0,0.003,0.0,25,0.5,0.028493304,0.00374264676306136
7.869,900.033536521869,0.08509895261216643,0.0,0.2,0.2,20.249999999999996,0.8,0.8,900.0,0.003,0.0,25,0.5,0.025713578,0.003742647236560646
7.872,900.033536526697,0.08490298201960497,0.0,0.2,0.2,20.249999999999996,0.8,0.8,900.0,0.003,0.0,25,0.5,0.024588361,0.0037426477220765036
7.875,900.0335365316187,0.08470549238275858,0.0,0.2,0.2,20.249999999999996,0.8,0.8,900.0,0.003,0.0,25,0.5,0.028494734,0.0037426482196169114
7.878,900.0335365366328,0.08450650138221096,0.0,0.2,0.2,20.249999999999996,0.8,0.8,900.0,0.003,0.0,25,0.5,0.024731242,0.003742648729578928
7.881,900.03353654174,0.08430602713201557,0.0,0.2,0.2,20.249999999999996,0.8,0.8,900.0,0.003,0.0,25,0.5,0.023691336,0.0037426492525879677
7.884,900.0335365469485,0.08410408818391502,0.0,0.2,0.2,20.249999999999996,0.8,0.8,900.0,0.003,0.0,25,0.5,0.026974815,0.003742649789536146
7.8870000000000005,900.0335365522668,0.08390070354267515,0.0,0.2,0.2,20.249999999999996,0.8,0.8,900.0,0.003,0.0,25,0.5,0.022813321,0.0037426503412890297
7.890000000000001,900.033536557697,0.08369589268575506,0.0,0.2,0.2,20.249999999999996,0.8,0.8,900.0,0.003,0.0,25,0.5,0.023413414,0.003742650908519517
7.893,900.0335365632563,0.08348967555990915,0.0,0.2,0.2,20.249999999999996,0.8,0.8,900.0,0.003,0.0,25,0.5,0.026946884,0.0037426514916346566
7.896,900.0335365689389,0.08328207259090953,0.0,0.2,0.2,20.249999999999996,0.8,0.8,900.0,0.003,0.0,25,0.5,0.022861991,0.0037426520907294803
7.899,900.0335365747474,0.08307310468098766,0.0,0.2,0.2,20.249999999999996,0.8,0.8,900.0,0.003,0.0,25,0.5,0.022435929,0.00374265270558412
7.902,900.0335365806803,0.08286279320542908,0.0,0.2,0.2,20.249999999999996,0.8,0.8,900.0,0.003,0.0,25,0.5,0.026576463,0.003742653335442
7.905,900.0335365867289,0.08265116006987644,0.0,0.2,0.2,20.249999999999996,0.8,0.8,900.0,0.003,0.0,25,0.5,0.023794376,0.0037426539794488145
7.908,900.0335365928886,0.08243822767789726,0.0,0.2,0.2,20.249999999999996,0.8,0.8,900.0,0.003,0.0,25,0.5,0.023434664,0.0037426546366987105
7.9110000000000005,900.0335365991468,0.08222401893295864,0.0,0.2,0.2,20.249999999999996,0.8,0.8,900.0,0.003,0.0,25,0.5,0.027879229,0.0037426553061870454
7.914000000000001,900.0335366054989,0.08200855724752298,0.0,0.2,0.2,20.249999999999996,0.8,0.8,900.0,0.003,0.0,25,0.5,0.02273151,0.0037426559872136456
7.917,900.033536611936,0.08179186648710327,0.0,0.2,0.2,20.249999999999996,0.8,0.8,900.0,0.003,0.0,25,0.5,0.023290563,0.003742656679242152
7.92,900.0335366184555,0.08157397095915829,0.0,0.2,0.2,20.249999999999996,0.8,0.8,900.0,0.003,0.0,25,0.5,0.028429033,0.0037426573820255596
7.923,900.0335366250532,0.0813548953941721,0.0,0.2,0.2,20.249999999999996,0.8,0.8,900.0,0.003,0.0,25,0.5,0.022923871,0.0037426580954945804
7.926,900.0335366317333,0.08113466494694524,0.0,0.2,0.2,20.249999999999996,0.8,0.8,900.0,0.003,0.0,25,0.5,0.022419018,0.0037426588197177384
7.929,900.0335366384927,0.08091330519398195,0.0,0.2,0.2,20.249999999999996,0.8,0.8,900.0,0.003,0.0,25,0.5,0.0262513,0.0037426595548744612
7.932,900.0335366453291,0.08069084212479272,0.0,0.2,0.2,20.249999999999996,0.8,0.8,900.0,0.003,0.0,25,0.5,0.022870621,0.0037426603011936014
7.9350000000000005,900.0335366522545,0.08046730213505422,0.0,0.2,0.2,20.249999999999996,0.8,0.8,900.0,0.003,0.0,25,0.5,0.023029222,0.003742661058864142
7.938,900.0335366592618,0.08024271202008262,0.0,0.2,0.2,20.249999999999996,0.8,0.8,900.0,0.003,0.0,25,0.5,0.026857534,0.0037426618278925
7.941,900.0335366663495,0.08001709900376815,0.0,0.2,0.2,20.249999999999996,0.8,0.8,900.0,0.003,0.0,25,0.5,0.02264775,0.003742662607962362
7.944,900.0335366735228,0.0797904907831658,0.0,0.2,0.2,20.249999999999996,0.8,0.8,900.0,0.003,0.0,25,0.5,0.02261777,0.003742663398918524
7.947,900.0335366807741,0.07956291542906367,0.0,0.2,0.2,20.249999999999996,0.8,0.8,900.0,0.003,0.0,25,0.5,0.02618397,0.0037426642004696918
7.95,900.033536688104,0.07933440137827218,0.0,0.2,0.2,20.249999999999996,0.8,0.8,900.0,0.003,0.0,25,0.5,0.0227062,0.0037426650121771127
7.953,900.033536695511,0.07910497743144027,0.0,0.2,0.2,20.249999999999996,0.8,0.8,900.0,0.003,0.0,25,0.5,0.022952272,0.0037426658335421616
7.956,900.0335367029868,0.07887467273953544,0.0,0.2,0.2,20.249999999999996,0.8,0.8,900.0,0.003,0.0,25,0.5,0.02626646,0.0037426666640616
7.9590000000000005,900.0335367105279,0.07864351679299603,0.0,0.2,0.2,20.249999999999996,0.8,0.8,900.0,0.003,0.0,25,0.5,0.022338799,0.003742667503208685
7.962,900.0335367181292,0.07841153942032368,0.0,0.2,0.2,20.249999999999996,0.8,0.8,900.0,0.003,0.0,25,0.5,0.022851941,0.003742668350636571
7.965,900.0335367258062,0.07817877070240907,0.0,0.2,0.2,20.249999999999996,0.8,0.8,900.0,0.003,0.0,25,0.5,0.027035856,0.0037426692081219165
7.968,900.0335367335671,0.07794524012638089,0.0,0.2,0.2,20.249999999999996,0.8,0.8,900.0,0.003,0.0,25,0.5,0.02274997,0.0037426700762553918
7.971,900.0335367414085,0.07771097718617559,0.0,0.2,0.2,20.249999999999996,0.8,0.8,900.0,0.003,0.0,25,0.5,0.022627989,0.0037426709543718286
7.974,900.0335367493241,0.077476011687469,0.0,0.2,0.2,20.249999999999996,0.8,0.8,900.0,0.003,0.0,25,0.5,0.026689093,0.0037426718417268795
7.977,900.0335367573209,0.07724037363792623,0.0,0.2,0.2,20.249999999999996,0.8,0.8,900.0,0.003,0.0,25,0.5,0.023436575,0.003742672739960554
7.98,900.0335367654044,0.07700409252954793,0.0,0.2,0.2,20.249999999999996,0.8,0.8,900.0,0.003,0.0,25,0.5,0.022751531,0.0037426736489435245
7.9830000000000005,900.0335367735687,0.076767197934493,0.0,0.2,0.2,20.249999999999996,0.8,0.8,900.0,0.003,0.0,25,0.5,0.026416691,0.0037426745676616886
7.986,900.0335367818055,0.07652971967919234,0.0,0.2,0.2,20.249999999999996,0.8,0.8,900.0,0.003,0.0,25,0.5,0.022893981,0.0037426754950636
7.989,900.0335367901065,0.07629168784299317,0.0,0.2,0.2,20.249999999999996,0.8,0.8,900.0,0.003,0.0,25,0.5,0.023095663,0.0037426764299095393
7.992,900.0335367984567,0.07605313274701277,0.0,0.2,0.2,20.249999999999996,0.8,0.8,900.0,0.003,0.0,25,0.5,0.026629143,0.003742677370720496
7.995,900.0335368068432,0.07581408494109314,0.0,0.2,0.2,20.249999999999996,0.8,0.8,900.0,0.003,0.0,25,0.5,0.024566691,0.003742678316096766
7.998,900.0335368152654,0.07557457510628005,0.0,0.2,0.2,20.249999999999996,0.8,0.8,900.0,0.003,0.0,25,0.5,0.023028382,0.003742679264937619
8.001,900.0335368237012,0.075334633982508,0.0,0.2,0.2,20.249999999999996,0.8,0.8,900.0,0.003,0.0,25,0.5,0.026415192,0.003742680216017982
8.004,900.0335368321486,0.07509429241648108,0.0,0.2,0.2,20.249999999999996,0.8,0.8,900.0,0.003,0.0,25,0.5,0.022433489,0.0037426811688896925
8.007,900.0335368405977,0.07485358116128785,0.0,0.2,0.2,20.249999999999996,0.8,0.8,900.0,0.003,0.0,25,0.5,0.023133992,0.003742682122801125
8.01,900.0335368490441,0.0746125310956168,0.0,0.2,0.2,20.249999999999996,0.8,0.8,900.0,0.003,0.0,25,0.5,0.02622214,0.0037426830772852465
8.013,900.0335368574907,0.07437117322822948,0.0,0.2,0.2,20.249999999999996,0.8,0.8,900.0,0.003,0.0,25,0.5,0.02280918,0.003742684034074768
8.016,900.0335368659509,0.07412953824957295,0.0,0.2,0.2,20.249999999999996,0.8,0.8,900.0,0.003,0.0,25,0.5,0.02262141,0.0037426849943178533
8.019,900.033536874429,0.07388765681565683,0.0,0.2,0.2,20.249999999999996,0.8,0.8,900.0,0.003,0.0,25,0.5,0.026917944,0.003742685958106631
8.022,900.0335368829234,0.0736455597057514,0.0,0.2,0.2,20.249999999999996,0.8,0.8,900.0,0.003,0.0,25,0.5,0.022896871,0.003742686925194195
8.025,900.0335368914363,0.0734032778160507,0.0,0.2,0.2,20.249999999999996,0.8,0.8,900.0,0.003,0.0,25,0.5,0.023082653,0.0037426878949201525
8.028,900.0335368999569,0.07316084214645166,0.0,0.2,0.2,20.249999999999996,0.8,0.8,900.0,0.003,0.0,25,0.5,0.026462792,0.003742688866232153
8.031,900.0335369084806,0.0729182837798356,0.0,0.2,0.2,20.249999999999996,0.8,0.8,900.0,0.003,0.0,25,0.5,0.02255609,0.0037426898378760667
8.034,900.0335369169952,0.07267563383407814,0.0,0.2,0.2,20.249999999999996,0.8,0.8,900.0,0.003,0.0,25,0.5,0.023129573,0.0037426908086387366
8.037,900.0335369254891,0.07243292335782119,0.0,0.2,0.2,20.249999999999996,0.8,0.8,900.0,0.003,0.0,25,0.5,0.026907274,0.0037426917770671773
8.040000000000001,900.033536933949,0.07219018343169993,0.0,0.2,0.2,20.249999999999996,0.8,0.8,900.0,0.003,0.0,25,0.5,0.022603169,0.003742692741597422
8.043000000000001,900.0335369423602,0.07194744516588415,0.0,0.2,0.2,20.249999999999996,0.8,0.8,900.0,0.003,0.0,25,0.5,0.023069272,0.0037426937007204036
8.046,900.033536950716,0.07170473968388998,0.0,0.2,0.2,20.249999999999996,0.8,0.8,900.0,0.003,0.0,25,0.5,0.026899345,0.00374269465314959
8.049,900.033536958994,0.07146209810063028,0.0,0.2,0.2,20.249999999999996,0.8,0.8,900.0,0.003,0.0,25,0.5,0.023199133,0.0037426955978209337
8.052,900.0335369671964,0.07121955151892663,0.0,0.2,0.2,20.249999999999996,0.8,0.8,900.0,0.003,0.0,25,0.5,0.02262899,0.0037426965340094996
8.055,900.0335369753099,0.07097713101543207,0.0,0.2,0.2,20.249999999999996,0.8,0.8,900.0,0.003,0.0,25,0.5,0.026911864,0.0037426974614300293
8.058,900.0335369833342,0.07073486759307868,0.0,0.2,0.2,20.249999999999996,0.8,0.8,900.0,0.003,0.0,25,0.5,0.022952782,0.0037426983800387583
8.061,900.0335369912694,0.07049279219060652,0.0,0.2,0.2,20.249999999999996,0.8,0.8,900.0,0.003,0.0,25,0.5,0.022759911,0.003742699290045824
8.064,900.0335369991151,0.07025093566924805,0.0,0.2,0.2,20.249999999999996,0.8,0.8,900.0,0.003,0.0,25,0.5,0.026653523,0.003742700191811643
8.067,900.0335370068796,0.07000932880892309,0.0,0.2,0.2,20.249999999999996,0.8,0.8,900.0,0.003,0.0,25,0.5,0.022733691,0.0037427010856889457
8.07,900.0335370145636,0.06976800229710683,0.0,0.2,0.2,20.249999999999996,0.8,0.8,900.0,0.003,0.0,25,0.5,0.023034872,0.003742701971974805
8.073,900.0335370221679,0.06952698669874632,0.0,0.2,0.2,20.249999999999996,0.8,0.8,900.0,0.003,0.0,25,0.5,0.027073045,0.0037427028507551617
8.076,900.0335370296958,0.06928631245259033,0.0,0.2,0.2,20.249999999999996,0.8,0.8,900.0,0.003,0.0,25,0.5,0.023205143,0.0037427037219840017
8.079,900.0335370371465,0.0690460098427386,0.0,0.2,0.2,20.249999999999996,0.8,0.8,900.0,0.003,0.0,25,0.5,0.02278638,0.003742704585399743
8.082,900.0335370445201,0.06880610900695705,0.0,0.2,0.2,20.249999999999996,0.8,0.8,900.0,0.003,0.0,25,0.5,0.026520303,0.0037427054405695984
8.085,900.0335370518086,0.06856663991991023,0.0,0.2,0.2,20.249999999999996,0.8,0.8,900.0,0.003,0.0,25,0.5,0.023146673,0.0037427062869225722
8.088000000000001,900.0335370590119,0.06832763237639573,0.0,0.2,0.2,20.249999999999996,0.8,0.8,900.0,0.003,0.0,25,0.5,0.023005162,0.003742707123791593
8.091,900.0335370661246,0.06808911596620246,0.0,0.2,0.2,20.249999999999996,0.8,0.8,900.0,0.003,0.0,25,0.5,0.026611463,0.003742707950548208
8.094,900.0335370731386,0.06785112004610742,0.0,0.2,0.2,20.249999999999996,0.8,0.8,900.0,0.003,0.0,25,0.5,0.023526005,0.00374270876637062
8.097,900.0335370800418,0.06761367376996291,0.0,0.2,0.2,20.249999999999996,0.8,0.8,900.0,0.003,0.0,25,0.5,0.023225253,0.0037427095704107684
8.1,900.0335370868369,0.06737680607878126,0.0,0.2,0.2,20.249999999999996,0.8,0.8,900.0,0.003,0.0,25,0.5,0.027204496,0.0037427103618974775
8.103,900.0335370935067,0.06714054567662404,0.0,0.2,0.2,20.249999999999996,0.8,0.8,900.0,0.003,0.0,25,0.5,0.023531494,0.003742711140139775
8.106,900.0335371000502,0.06690492102294229,0.0,0.2,0.2,20.249999999999996,0.8,0.8,900.0,0.003,0.0,25,0.5,0.023002782,0.003742711904591232
8.109,900.0335371064649,0.06666996032910177,0.0,0.2,0.2,20.249999999999996,0.8,0.8,900.0,0.003,0.0,25,0.5,0.027255166,0.0037427126549073276
8.112,900.0335371127433,0.06643569150845502,0.0,0.2,0.2,20.249999999999996,0.8,0.8,900.0,0.003,0.0,25,0.5,0.023649995,0.0037427133907802237
8.115,900.0335371188883,0.06620214219650736,0.0,0.2,0.2,20.249999999999996,0.8,0.8,900.0,0.003,0.0,25,0.5,0.023701886,0.0037427141120309846
8.118,900.0335371248941,0.06596933971631277,0.0,0.2,0.2,20.249999999999996,0.8,0.8,900.0,0.003,0.0,25,0.5,0.027530928,0.0037427148186024357
8.121,900.0335371307632,0.06573731104117278,0.0,0.2,0.2,20.249999999999996,0.8,0.8,900.0,0.003,0.0,25,0.5,0.022926252,0.0037427155104222693
8.124,900.0335371364949,0.06550608284065358,0.0,0.2,0.2,20.249999999999996,0.8,0.8,900.0,0.003,0.0,25,0.5,0.023204843,0.003742716187576126
8.127,900.0335371420911,0.06527568144806101,0.0,0.2,0.2,20.249999999999996,0.8,0.8,900.0,0.003,0.0,25,0.5,0.028301972,0.003742716850073187
8.13,900.0335371475463,0.06504613287476008,0.0,0.2,0.2,20.249999999999996,0.8,0.8,900.0,0.003,0.0,25,0.5,0.022802711,0.003742717497854954
8.133000000000001,900.0335371528747,0.06481746279221788,0.0,0.2,0.2,20.249999999999996,0.8,0.8,900.0,0.003,0.0,25,0.5,0.023609816,0.0037427181312059666
8.136000000000001,900.0335371580712,0.06458969634835794,0.0,0.2,0.2,20.249999999999996,0.8,0.8,900.0,0.003,0.0,25,0.5,0.02786379,0.003742718750303663
8.139,900.0335371631381,0.06436285821426319,0.0,0.2,0.2,20.249999999999996,0.8,0.8,900.0,0.003,0.0,25,0.5,0.022748711,0.0037427193554500056
8.142,900.0335371680762,0.06413697258826624,0.0,0.2,0.2,20.249999999999996,0.8,0.8,900.0,0.003,0.0,25,0.5,0.022937642,0.0037427199464835316
8.145,900.0335371728806,0.06391206331618812,0.0,0.2,0.2,20.249999999999996,0.8,0.8,900.0,0.003,0.0,25,0.5,0.027153886,0.003742720522980526
8.148,900.0335371775489,0.06368815388989395,0.0,0.2,0.2,20.249999999999996,0.8,0.8,900.0,0.003,0.0,25,0.5,0.023169753,0.0037427210843277384
8.151,900.0335371820778,0.0634652674296157,0.0,0.2,0.2,20.249999999999996,0.8,0.8,900.0,0.003,0.0,25,0.5,0.023391194,0.003742721629746766
8.154,900.0335371864563,0.06324342668060626,0.0,0.2,0.2,20.249999999999996,0.8,0.8,900.0,0.003,0.0,25,0.5,0.027282606,0.0037427221584237186
8.157,900.0335371906846,0.06302265400872224,0.0,0.2,0.2,20.249999999999996,0.8,0.8,900.0,0.003,0.0,25,0.5,0.02267603,0.003742722669656368
8.16,900.0335371947499,0.06280297139314538,0.0,0.2,0.2,20.249999999999996,0.8,0.8,900.0,0.003,0.0,25,0.5,0.023452814,0.003742723162940664
8.163,900.033537198651,0.06258440041932083,0.0,0.2,0.2,20.249999999999996,0.8,0.8,900.0,0.003,0.0,25,0.5,0.027001965,0.003742723638040943
8.166,900.033537202391,0.06236696226038787,0.0,0.2,0.2,20.249999999999996,0.8,0.8,900.0,0.003,0.0,25,0.5,0.023002362,0.003742724095110631
8.169,900.0335372059653,0.062150677637684594,0.0,0.2,0.2,20.249999999999996,0.8,0.8,900.0,0.003,0.0,25,0.5,0.022867051,0.0037427245343782407
8.172,900.0335372093754,0.06193556685315155,0.0,0.2,0.2,20.249999999999996,0.8,0.8,900.0,0.003,0.0,25,0.5,0.027133505,0.0037427249562504137
8.175,900.0335372126286,0.06172164978618097,0.0,0.2,0.2,20.249999999999996,0.8,0.8,900.0,0.003,0.0,25,0.5,0.022936692,0.0037427253613481017
8.178,900.033537215727,0.06150894587047795,0.0,0.2,0.2,20.249999999999996,0.8,0.8,900.0,0.003,0.0,25,0.5,0.023040443,0.0037427257502468687
8.181000000000001,900.0335372186787,0.06129747410723206,0.0,0.2,0.2,20.249999999999996,0.8,0.8,900.0,0.003,0.0,25,0.5,0.02791735,0.0037427261235094354
8.184000000000001,900.033537221486,0.06108725305706902,0.0,0.2,0.2,20.249999999999996,0.8,0.8,900.0,0.003,0.0,25,0.5,0.023144192,0.0037427264817049594
8.187,900.0335372241573,0.06087830083054312,0.0,0.2,0.2,20.249999999999996,0.8,0.8,900.0,0.003,0.0,25,0.5,0.023162562,0.0037427268252809174
8.19,900.0335372266934,0.060670635094452315,0.0,0.2,0.2,20.249999999999996,0.8,0.8,900.0,0.003,0.0,25,0.5,0.026856284,0.0037427271545524238
8.193,900.0335372291003,0.06046427306805009,0.0,0.2,0.2,20.249999999999996,0.8,0.8,900.0,0.003,0.0,25,0.5,0.023013662,0.003742727469716455
8.196,900.0335372313787,0.060259231518525816,0.0,0.2,0.2,20.249999999999996,0.8,0.8,900.0,0.003,0.0,25,0.5,0.023332594,0.003742727770875997
8.199,900.0335372335308,0.06005552675706027,0.0,0.2,0.2,20.249999999999996,0.8,0.8,900.0,0.003,0.0,25,0.5,0.027151085,0.0037427280580627884
8.202,900.0335372355529,0.059853174636151446,0.0,0.2,0.2,20.249999999999996,0.8,0.8,900.0,0.003,0.0,25,0.5,0.022557529,0.0037427283312537057
8.205,900.0335372374504,0.0596521905494865,0.0,0.2,0.2,20.249999999999996,0.8,0.8,900.0,0.003,0.0,25,0.5,0.022825461,0.003742728590395907
8.208,900.0335372392183,0.05945258942719396,0.0,0.2,0.2,20.249999999999996,0.8,0.8,900.0,0.003,0.0,25,0.5,0.027321406,0.003742728835452745
8.211,900.033537240861,0.059254385732498506,0.0,0.2,0.2,20.249999999999996,0.8,0.8,900.0,0.003,0.0,25,0.5,0.02264365,0.003742729066448122
8.214,900.0335372423759,0.059057593459461745,0.0,0.2,0.2,20.249999999999996,0.8,0.8,900.0,0.003,0.0,25,0.5,0.023979247,0.003742729283506992
8.217,900.033537243764,0.058862226127410634,0.0,0.2,0.2,20.249999999999996,0.8,0.8,900.0,0.003,0.0,25,0.5,0.026819963,0.0037427294869046795
8.22,900.0335372450307,0.05866829675803123,0.0,0.2,0.2,20.249999999999996,0.8,0.8,900.0,0.003,0.0,25,0.5,0.023354144,0.003742729677009463
8.223,900.0335372461777,0.05847581789640994,0.0,0.2,0.2,20.249999999999996,0.8,0.8,900.0,0.003,0.0,25,0.5,0.023766356,0.0037427298542893526
8.226,900.0335372472093,0.058284801615110474,0.0,0.2,0.2,20.249999999999996,0.8,0.8,900.0,0.003,0.0,25,0.5,0.027271566,0.0037427300192774283
8.229000000000001,900.0335372481269,0.058095259513466765,0.0,0.2,0.2,20.249999999999996,0.8,0.8,900.0,0.003,0.0,25,0.5,0.022903792,0.0037427301723063225
8.232,900.0335372489358,0.05790720276527688,0.0,0.2,0.2,20.249999999999996,0.8,0.8,900.0,0.003,0.0,25,0.5,0.024048798,0.0037427303136441537
8.235,900.0335372496405,0.057720642106496405,0.0,0.2,0.2,20.249999999999996,0.8,0.8,900.0,0.003,0.0,25,0.5,0.026781673,0.0037427304439099987
8.238,900.0335372502462,0.057535587770167665,0.0,0.2,0.2,20.249999999999996,0.8,0.8,900.0,0.003,0.0,25,0.5,0.023469384,0.003742730563703615
8.241,900.033537250759,0.057352049458895986,0.0,0.2,0.2,20.249999999999996,0.8,0.8,900.0,0.003,0.0,25,0.5,0.023480325,0.003742730673485937
8.244,900.0335372511821,0.05717003639903568,0.0,0.2,0.2,20.249999999999996,0.8,0.8,900.0,0.003,0.0,25,0.5,0.026833764,0.00374273077374913
8.247,900.033537251521,0.05698955734037773,0.0,0.2,0.2,20.249999999999996,0.8,0.8,900.0,0.003,0.0,25,0.5,0.023210173,0.003742730864964837
8.25,900.0335372517776,0.05681062056492497,0.0,0.2,0.2,20.249999999999996,0.8,0.8,900.0,0.003,0.0,25,0.5,0.022922721,0.003742730947540537
8.253,900.0335372519611,0.056633233889667754,0.0,0.2,0.2,20.249999999999996,0.8,0.8,900.0,0.003,0.0,25,0.5,0.027138316,0.0037427310221003636
8.256,900.0335372520831,0.05645740456010381,0.0,0.2,0.2,20.249999999999996,0.8,0.8,900.0,0.003,0.0,25,0.5,0.023099892,0.0037427310896747086
8.259,900.0335372521472,0.05628313915986,0.0,0.2,0.2,20.249999999999996,0.8,0.8,900.0,0.003,0.0,25,0.5,0.023427954,0.0037427311508799205
8.262,900.0335372521497,0.056110443770131836,0.0,0.2,0.2,20.249999999999996,0.8,0.8,900.0,0.003,0.0,25,0.5,0.026956034,0.0037427312062411826
8.265,900.0335372521085,0.0559393239716684,0.0,0.2,0.2,20.249999999999996,0.8,0.8,900.0,0.003,0.0,25,0.5,0.023044473,0.0037427312561460566
8.268,900.0335372520217,0.05576978480120099,0.0,0.2,0.2,20.249999999999996,0.8,0.8,900.0,0.003,0.0,25,0.5,0.023253413,0.0037427313007834364
8.271,900.0335372518883,0.05560183083035928,0.0,0.2,0.2,20.249999999999996,0.8,0.8,900.0,0.003,0.0,25,0.5,0.026900974,0.0037427313401546384
8.274000000000001,900.0335372517087,0.05543546619557759,0.0,0.2,0.2,20.249999999999996,0.8,0.8,900.0,0.003,0.0,25,0.5,0.023239954,0.003742731374263231
8.277000000000001,900.033537251484,0.05527069458197478,0.0,0.2,0.2,20.249999999999996,0.8,0.8,900.0,0.003,0.0,25,0.5,0.023199213,0.0037427314031411164
8.28,900.033537251215,0.0551075192254792,0.0,0.2,0.2,20.249999999999996,0.8,0.8,900.0,0.003,0.0,25,0.5,0.027440318,0.00374273142660385
8.283,900.0335372508936,0.05494594296863176,0.0,0.2,0.2,20.249999999999996,0.8,0.8,900.0,0.003,0.0,25,0.5,0.023568395,0.003742731444601699
8.286,900.0335372505275,0.054785968237559005,0.0,0.2,0.2,20.249999999999996,0.8,0.8,900.0,0.003,0.0,25,0.5,0.022865031,0.0037427314573250103
8.289,900.0335372501135,0.05462759703130663,0.0,0.2,0.2,20.249999999999996,0.8,0.8,900.0,0.003,0.0,25,0.5,0.027082536,0.003742731465141652
8.292,900.0335372496608,0.054470830913123956,0.0,0.2,0.2,20.249999999999996,0.8,0.8,900.0,0.003,0.0,25,0.5,0.022982012,0.003742731468556604
8.295,900.0335372491684,0.054315671010972504,0.0,0.2,0.2,20.249999999999996,0.8,0.8,900.0,0.003,0.0,25,0.5,0.023480155,0.003742731468224688
8.298,900.03353724865,0.05416211803671845,0.0,0.2,0.2,20.249999999999996,0.8,0.8,900.0,0.003,0.0,25,0.5,0.027158686,0.0037427314648813405
8.301,900.0335372481017,0.05401017228188729,0.0,0.2,0.2,20.249999999999996,0.8,0.8,900.0,0.003,0.0,25,0.5,0.022793341,0.0037427314592459186
8.304,900.0335372475374,0.05385983363134107,0.0,0.2,0.2,20.249999999999996,0.8,0.8,900.0,0.003,0.0,25,0.5,0.022845911,0.00374273145198237
8.307,900.0335372469602,0.05371110157251513,0.0,0.2,0.2,20.249999999999996,0.8,0.8,900.0,0.003,0.0,25,0.5,0.026827273,0.00374273144382064
8.31,900.0335372463786,0.05356397510889345,0.0,0.2,0.2,20.249999999999996,0.8,0.8,900.0,0.003,0.0,25,0.5,0.023770296,0.0037427314357054674
8.313,900.0335372458002,0.05341845269475933,0.0,0.2,0.2,20.249999999999996,0.8,0.8,900.0,0.003,0.0,25,0.5,0.023445245,0.0037427314284306954
8.316,900.0335372452307,0.05327453240930959,0.0,0.2,0.2,20.249999999999996,0.8,0.8,900.0,0.003,0.0,25,0.5,0.026989325,0.0037427314226714968
8.319,900.0335372446787,0.05313221196861822,0.0,0.2,0.2,20.249999999999996,0.8,0.8,900.0,0.003,0.0,25,0.5,0.022353259,0.0037427314189518415
8.322000000000001,900.033537244147,0.05299148871696012,0.0,0.2,0.2,20.249999999999996,0.8,0.8,900.0,0.003,0.0,25,0.5,0.022797741,0.0037427314176213013
8.325,900.0335372436383,0.05285235963328193,0.0,0.2,0.2,20.249999999999996,0.8,0.8,900.0,0.003,0.0,25,0.5,0.026856494,0.0037427314188921935
8.328,900.0335372431563,0.052714821337699884,0.0,0.2,0.2,20.249999999999996,0.8,0.8,900.0,0.003,0.0,25,0.5,0.02277477,0.0037427314228578533
8.331,900.0335372426994,0.05257887009814901,0.0,0.2,0.2,20.249999999999996,0.8,0.8,900.0,0.003,0.0,25,0.5,0.023090792,0.0037427314295159133
8.334,900.033537242268,0.052444501837089506,0.0,0.2,0.2,20.249999999999996,0.8,0.8,900.0,0.003,0.0,25,0.5,0.026905734,0.003742731438810723
8.337,900.0335372418656,0.0523117121383365,0.0,0.2,0.2,20.249999999999996,0.8,0.8,900.0,0.003,0.0,25,0.5,0.023247733,0.0037427314506749366
8.34,900.0335372414897,0.052180496253865165,0.0,0.2,0.2,20.249999999999996,0.8,0.8,900.0,0.003,0.0,25,0.5,0.022890791,0.0037427314650693004
8.343,900.033537241137,0.0520508491088956,0.0,0.2,0.2,20.249999999999996,0.8,0.8,900.0,0.003,0.0,25,0.5,0.026748603,0.003742731481942347
8.346,900.0335372408073,0.05192276532001938,0.0,0.2,0.2,20.249999999999996,0.8,0.8,900.0,0.003,0.0,25,0.5,0.022873081,0.0037427315013274093
8.349,900.0335372405038,0.05179623920014907,0.0,0.2,0.2,20.249999999999996,0.8,0.8,900.0,0.003,0.0,25,0.5,0.022946242,0.0037427315234509055
8.352,900.0335372402336,0.05167126475466468,0.0,0.2,0.2,20.249999999999996,0.8,0.8,900.0,0.003,0.0,25,0.5,0.026475142,0.0037427315485957548
8.355,900.0335372399883,0.05154783568882834,0.0,0.2,0.2,20.249999999999996,0.8,0.8,900.0,0.003,0.0,25,0.5,0.023298094,0.0037427315770192
8.358,900.0335372397791,0.05142594541430835,0.0,0.2,0.2,20.249999999999996,0.8,0.8,900.0,0.003,0.0,25,0.5,0.022762091,0.0037427316089587515
8.361,900.0335372396002,0.051305587070606444,0.0,0.2,0.2,20.249999999999996,0.8,0.8,900.0,0.003,0.0,25,0.5,0.026866764,0.003742731644569267
8.364,900.0335372394566,0.05118675353041209,0.0,0.2,0.2,20.249999999999996,0.8,0.8,900.0,0.003,0.0,25,0.5,0.023172154,0.0037427316839977643
8.367,900.0335372393542,0.051069437397841484,0.0,0.2,0.2,20.249999999999996,0.8,0.8,900.0,0.003,0.0,25,0.5,0.024287559,0.003742731727380333
8.370000000000001,900.033537239292,0.05095363101588281,0.0,0.2,0.2,20.249999999999996,0.8,0.8,900.0,0.003,0.0,25,0.5,0.027016046,0.0037427317749082856
8.373,900.0335372392661,0.050839326411875906,0.0,0.2,0.2,20.249999999999996,0.8,0.8,900.0,0.003,0.0,25,0.5,0.022907341,0.0037427318267643167
8.376,900.0335372392865,0.0507265153321329,0.0,0.2,0.2,20.249999999999996,0.8,0.8,900.0,0.003,0.0,25,0.5,0.022912271,0.003742731883085341
8.379,900.0335372393472,0.05061518927671171,0.0,0.2,0.2,20.249999999999996,0.8,0.8,900.0,0.003,0.0,25,0.5,0.027399487,0.0037427319439493002
8.382,900.0335372394541,0.050505339508077514,0.0,0.2,0.2,20.249999999999996,0.8,0.8,900.0,0.003,0.0,25,0.5,0.023219803,0.003742732009567039
8.385,900.0335372396064,0.05039695702906152,0.0,0.2,0.2,20.249999999999996,0.8,0.8,900.0,0.003,0.0,25,0.5,0.023961538,0.0037427320799477597
8.388,900.0335372398044,0.05029003262917488,0.0,0.2,0.2,20.249999999999996,0.8,0.8,900.0,0.003,0.0,25,0.5,0.026483132,0.0037427321551285115
8.391,900.0335372400542,0.05018455687020886,0.0,0.2,0.2,20.249999999999996,0.8,0.8,900.0,0.003,0.0,25,0.5,0.023112153,0.0037427322356183073
8.394,900.0335372403548,0.0500805199724622,0.0,0.2,0.2,20.249999999999996,0.8,0.8,900.0,0.003,0.0,25,0.5,0.022808571,0.0037427323215851152
8.397,900.0335372407084,0.04997791195054217,0.0,0.2,0.2,20.249999999999996,0.8,0.8,900.0,0.003,0.0,25,0.5,0.026942425,0.0037427324131211305
8.4,900.0335372411132,0.049876722643758135,0.0,0.2,0.2,20.249999999999996,0.8,0.8,900.0,0.003,0.0,25,0.5,0.023495945,0.003742732510357778
8.403,900.0335372415749,0.04977694171570399,0.0,0.2,0.2,20.249999999999996,0.8,0.8,900.0,0.003,0.0,25,0.5,0.022821401,0.0037427326134488754
8.406,900.0335372420894,0.04967855865084948,0.0,0.2,0.2,20.249999999999996,0.8,0.8,900.0,0.003,0.0,25,0.5,0.027160495,0.0037427327224144203
8.409,900.0335372426615,0.04958156278276985,0.0,0.2,0.2,20.249999999999996,0.8,0.8,900.0,0.003,0.0,25,0.5,0.022981972,0.0037427328372496497
8.412,900.0335372432843,0.049485943298953575,0.0,0.2,0.2,20.249999999999996,0.8,0.8,900.0,0.003,0.0,25,0.5,0.023284113,0.0037427329579390375
8.415000000000001,900.0335372439677,0.04939168925171833,0.0,0.2,0.2,20.249999999999996,0.8,0.8,900.0,0.003,0.0,25,0.5,0.026503182,0.003742733084481918
8.418000000000001,900.0335372447047,0.049298789565289595,0.0,0.2,0.2,20.249999999999996,0.8,0.8,900.0,0.003,0.0,25,0.5,0.023144763,0.003742733216942322
8.421,900.0335372454967,0.049207233018470076,0.0,0.2,0.2,20.249999999999996,0.8,0.8,900.0,0.003,0.0,25,0.5,0.023007862,0.0037427333554219517
8.424,900.0335372463475,0.04911700826663781,0.0,0.2,0.2,20.249999999999996,0.8,0.8,900.0,0.003,0.0,25,0.5,0.026650373,0.0037427335000470067
8.427,900.0335372472522,0.04902810386044384,0.0,0.2,0.2,20.249999999999996,0.8,0.8,900.0,0.003,0.0,25,0.5,0.023023203,0.003742733650960137
8.43,900.0335372482187,0.04894050825368159,0.0,0.2,0.2,20.249999999999996,0.8,0.8,900.0,0.003,0.0,25,0.5,0.023427784,0.0037427338083156564
8.433,900.0335372492427,0.048854209808442094,0.0,0.2,0.2,20.249999999999996,0.8,0.8,900.0,0.003,0.0,25,0.5,0.026979265,0.0037427339722758616
8.436,900.0335372503309,0.04876919680298388,0.0,0.2,0.2,20.249999999999996,0.8,0.8,900.0,0.003,0.0,25,0.5,0.02270739,0.0037427341430265595
8.439,900.0335372514816,0.04868545743391451,0.0,0.2,0.2,20.249999999999996,0.8,0.8,900.0,0.003,0.0,25,0.5,0.022830271,0.003742734320717788
8.442,900.0335372526955,0.04860297982403705,0.0,0.2,0.2,20.249999999999996,0.8,0.8,900.0,0.003,0.0,25,0.5,0.027361737,0.003742734505514092
8.445,900.0335372539801,0.04852175203631348,0.0,0.2,0.2,20.249999999999996,0.8,0.8,900.0,0.003,0.0,25,0.5,0.023213613,0.00374273469757431
8.448,900.0335372553257,0.048441762080747665,0.0,0.2,0.2,20.249999999999996,0.8,0.8,900.0,0.003,0.0,25,0.5,0.023660926,0.0037427348970413433
8.451,900.0335372567422,0.048362997921153866,0.0,0.2,0.2,20.249999999999996,0.8,0.8,900.0,0.003,0.0,25,0.5,0.026490872,0.003742735104051536
8.454,900.0335372582286,0.048285447480890996,0.0,0.2,0.2,20.249999999999996,0.8,0.8,900.0,0.003,0.0,25,0.5,0.02283747,0.0037427353188099408
8.457,900.033537259785,0.04820909862666661,0.0,0.2,0.2,20.249999999999996,0.8,0.8,900.0,0.003,0.0,25,0.5,0.023582165,0.003742735541481127
8.46,900.03353726142,0.04813393918794563,0.0,0.2,0.2,20.249999999999996,0.8,0.8,900.0,0.003,0.0,25,0.5,0.026957505,0.0037427357721559027
8.463000000000001,900.0335372631245,0.04805995697726306,0.0,0.2,0.2,20.249999999999996,0.8,0.8,900.0,0.003,0.0,25,0.5,0.022945382,0.0037427360110022286
8.466,900.0335372649057,0.04798713978253829,0.0,0.2,0.2,20.249999999999996,0.8,0.8,900.0,0.003,0.0,25,0.5,0.022726971,0.003742736258422148
8.469,900.0335372667672,0.047915475340821155,0.0,0.2,0.2,20.249999999999996,0.8,0.8,900.0,0.003,0.0,25,0.5,0.026557742,0.003742736514668682
8.472,900.033537268712,0.04784495133713393,0.0,0.2,0.2,20.249999999999996,0.8,0.8,900.0,0.003,0.0,25,0.5,0.022851251,0.0037427367798347237
8.475,900.0335372707365,0.04777555540841758,0.0,0.2,0.2,20.249999999999996,0.8,0.8,900.0,0.003,0.0,25,0.5,0.023299614,0.003742737053909695
8.478,900.0335372728438,0.047707275152076664,0.0,0.2,0.2,20.249999999999996,0.8,0.8,900.0,0.003,0.0,25,0.5,0.026706153,0.0037427373365942415
8.481,900.0335372750299,0.04764009817889014,0.0,0.2,0.2,20.249999999999996,0.8,0.8,900.0,0.003,0.0,25,0.5,0.02267092,0.0037427376275549116
8.484,900.0335372772911,0.04757401210426871,0.0,0.2,0.2,20.249999999999996,0.8,0.8,900.0,0.003,0.0,25,0.5,0.023259823,0.003742737926461755
8.487,900.0335372796261,0.04750900457082633,0.0,0.2,0.2,20.249999999999996,0.8,0.8,900.0,0.003,0.0,25,0.5,0.026642142,0.003742738233043549
8.49,900.0335372820311,0.047445063253955665,0.0,0.2,0.2,20.249999999999996,0.8,0.8,900.0,0.003,0.0,25,0.5,0.023055943,0.003742738547144345
8.493,900.0335372845082,0.04738217586362518,0.0,0.2,0.2,20.249999999999996,0.8,0.8,900.0,0.003,0.0,25,0.5,0.023089243,0.0037427388689745713
8.496,900.0335372870587,0.047320330118236116,0.0,0.2,0.2,20.249999999999996,0.8,0.8,900.0,0.003,0.0,25,0.5,0.026873874,0.003742739198711729
8.499,900.0335372896809,0.047259513771097855,0.0,0.2,0.2,20.249999999999996,0.8,0.8,900.0,0.003,0.0,25,0.5,0.022795251,0.003742739536837118
8.502,900.0335372923794,0.04719971459290004,0.0,0.2,0.2,20.249999999999996,0.8,0.8,900.0,0.003,0.0,25,0.5,0.022915042,0.0037427398840373187
8.505,900.0335372951639,0.047140920403882715,0.0,0.2,0.2,20.249999999999996,0.8,0.8,900.0,0.003,0.0,25,0.5,0.026739154,0.0037427402410480414
8.508000000000001,900.0335372980358,0.047083119087105565,0.0,0.2,0.2,20.249999999999996,0.8,0.8,900.0,0.003,0.0,25,0.5,0.023225603,0.003742740608582275
8.511000000000001,900.0335373010035,0.04702629859428676,0.0,0.2,0.2,20.249999999999996,0.8,0.8,900.0,0.003,0.0,25,0.5,0.023241534,0.0037427409872754077
8.514,900.0335373040728,0.046970446941501744,0.0,0.2,0.2,20.249999999999996,0.8,0.8,900.0,0.003,0.0,25,0.5,0.026558122,0.0037427413776766776
8.517,900.0335373072495,0.04691555219617055,0.0,0.2,0.2,20.249999999999996,0.8,0.8,900.0,0.003,0.0,25,0.5,0.023059462,0.0037427417801857285
8.52,900.0335373105412,0.04686160247319746,0.0,0.2,0.2,20.249999999999996,0.8,0.8,900.0,0.003,0.0,25,0.5,0.0226826,0.003742742194893711
8.523,900.0335373139385,0.04680858597625251,0.0,0.2,0.2,20.249999999999996,0.8,0.8,900.0,0.003,0.0,25,0.5,0.026666514,0.0037427426217257866
8.526,900.0335373174489,0.04675649100317319,0.0,0.2,0.2,20.249999999999996,0.8,0.8,900.0,0.003,0.0,25,0.5,0.023095582,0.0037427430604672165
8.529,900.0335373210652,0.046705305949656085,0.0,0.2,0.2,20.249999999999996,0.8,0.8,900.0,0.003,0.0,25,0.5,0.022996011,0.0037427435107946286
8.532,900.0335373247922,0.046655019311273645,0.0,0.2,0.2,20.249999999999996,0.8,0.8,900.0,0.003,0.0,25,0.5,0.026640303,0.0037427439724434667
8.535,900.0335373286185,0.046605619629468624,0.0,0.2,0.2,20.249999999999996,0.8,0.8,900.0,0.003,0.0,25,0.5,0.02452533,0.003742744445144252
8.538,900.0335373325464,0.046557095516867805,0.0,0.2,0.2,20.249999999999996,0.8,0.8,900.0,0.003,0.0,25,0.5,0.023797626,0.0037427449285901398
8.541,900.0335373365726,0.04650943569639416,0.0,0.2,0.2,20.249999999999996,0.8,0.8,900.0,0.003,0.0,25,0.5,0.027554998,0.0037427454225410607
8.544,900.0335373406949,0.046462629001836675,0.0,0.2,0.2,20.249999999999996,0.8,0.8,900.0,0.003,0.0,25,0.5,0.023611335,0.0037427459268179375
8.547,900.0335373449087,0.04641666438484679,0.0,0.2,0.2,20.249999999999996,0.8,0.8,900.0,0.003,0.0,25,0.5,0.023985767,0.003742746441312848
8.55,900.0335373492172,0.046371530918452634,0.0,0.2,0.2,20.249999999999996,0.8,0.8,900.0,0.003,0.0,25,0.5,0.028124421,0.0037427469659976594
8.553,900.0335373536163,0.046327217801067785,0.0,0.2,0.2,20.249999999999996,0.8,0.8,900.0,0.003,0.0,25,0.5,0.024658642,0.0037427475009089543
8.556000000000001,900.0335373581092,0.04628371436741965,0.0,0.2,0.2,20.249999999999996,0.8,0.8,900.0,0.003,0.0,25,0.5,0.023263163,0.00374274804621292
8.559000000000001,900.0335373626955,0.04624101008154602,0.0,0.2,0.2,20.249999999999996,0.8,0.8,900.0,0.003,0.0,25,0.5,0.028057161,0.003742748602141549
8.562,900.0335373673784,0.04619909453723838,0.0,0.2,0.2,20.249999999999996,0.8,0.8,900.0,0.003,0.0,25,0.5,0.024035858,0.0037427491689354373
8.565,900.0335373721628,0.046157957460389656,0.0,0.2,0.2,20.249999999999996,0.8,0.8,900.0,0.003,0.0,25,0.5,0.023853497,0.003742749746828942
8.568,900.0335373770437,0.046117588711047645,0.0,0.2,0.2,20.249999999999996,0.8,0.8,900.0,0.003,0.0,25,0.5,0.028053261,0.0037427503360212724
8.571,900.0335373820286,0.046077978278191836,0.0,0.2,0.2,20.249999999999996,0.8,0.8,900.0,0.003,0.0,25,0.5,0.023749847,0.0037427509367470727
8.574,900.0335373871203,0.046039116252621984,0.0,0.2,0.2,20.249999999999996,0.8,0.8,900.0,0.003,0.0,25,0.5,0.022843251,0.003742751549108112
8.577,900.0335373923162,0.04600099285743201,0.0,0.2,0.2,20.249999999999996,0.8,0.8,900.0,0.003,0.0,25,0.5,0.026780204,0.0037427521730589936
8.58,900.0335373976201,0.04596359845691199,0.0,0.2,0.2,20.249999999999996,0.8,0.8,900.0,0.003,0.0,25,0.5,0.02267777,0.003742752808434978
8.583,900.0335374030241,0.04592692355787659,0.0,0.2,0.2,20.249999999999996,0.8,0.8,900.0,0.003,0.0,25,0.5,0.023027003,0.0037427534549879663
8.586,900.0335374085269,0.0458909588103494,0.0,0.2,0.2,20.249999999999996,0.8,0.8,900.0,0.003,0.0,25,0.5,0.026634653,0.0037427541124148587
8.589,900.0335374141298,0.04585569500889831,0.0,0.2,0.2,20.249999999999996,0.8,0.8,900.0,0.003,0.0,25,0.5,0.023034692,0.0037427547804050358
8.592,900.0335374198321,0.0458211230892463,0.0,0.2,0.2,20.249999999999996,0.8,0.8,900.0,0.003,0.0,25,0.5,0.022765961,0.00374275545900344
8.595,900.0335374256287,0.045787234025569154,0.0,0.2,0.2,20.249999999999996,0.8,0.8,900.0,0.003,0.0,25,0.5,0.027231306,0.0037427561482904293
8.598,900.0335374315226,0.045754018888434576,0.0,0.2,0.2,20.249999999999996,0.8,0.8,900.0,0.003,0.0,25,0.5,0.023094262,0.0037427568481639304
8.601,900.0335374375121,0.04572146885302917,0.0,0.2,0.2,20.249999999999996,0.8,0.8,900.0,0.003,0.0,25,0.5,0.022953462,0.0037427575583151356
8.604000000000001,900.033537443593,0.04568957522192713,0.0,0.2,0.2,20.249999999999996,0.8,0.8,900.0,0.003,0.0,25,0.5,0.027649748,0.0037427582782424483
8.607,900.0335374497636,0.045658329440079796,0.0,0.2,0.2,20.249999999999996,0.8,0.8,900.0,0.003,0.0,25,0.5,0.02438371,0.003742759007349021
8.61,900.0335374560161,0.04562772309802517,0.0,0.2,0.2,20.249999999999996,0.8,0.8,900.0,0.003,0.0,25,0.5,0.024031407,0.0037427597450692862
8.613,900.033537462349,0.04559774793081281,0.0,0.2,0.2,20.249999999999996,0.8,0.8,900.0,0.003,0.0,25,0.5,0.028708234,0.0037427604909448745
8.616,900.0335374687537,0.045568395817081636,0.0,0.2,0.2,20.249999999999996,0.8,0.8,900.0,0.003,0.0,25,0.5,0.025050494,0.0037427612446669285
8.619,900.0335374752297,0.04553965877186572,0.0,0.2,0.2,20.249999999999996,0.8,0.8,900.0,0.003,0.0,25,0.5,0.024262049,0.003742762006106144
8.622,900.0335374817778,0.045511528917982706,0.0,0.2,0.2,20.249999999999996,0.8,0.8,900.0,0.003,0.0,25,0.5,0.028778125,0.0037427627752709865
8.625,900.0335374883923,0.04548399851936832,0.0,0.2,0.2,20.249999999999996,0.8,0.8,900.0,0.003,0.0,25,0.5,0.026286131,0.003742763552375338
8.628,900.033537495087,0.04545705995624083,0.0,0.2,0.2,20.249999999999996,0.8,0.8,900.0,0.003,0.0,25,0.5,0.024086898,0.0037427643378509417
8.631,900.0335375018502,0.04543070571761021,0.0,0.2,0.2,20.249999999999996,0.8,0.8,900.0,0.003,0.0,25,0.5,0.029313528,0.0037427651321523463
8.634,900.0335375086967,0.04540492843580039,0.0,0.2,0.2,20.249999999999996,0.8,0.8,900.0,0.003,0.0,25,0.5,0.025722587,0.0037427659357195464
8.637,900.0335375156249,0.04537972088495686,0.0,0.2,0.2,20.249999999999996,0.8,0.8,900.0,0.003,0.0,25,0.5,0.023817926,0.0037427667489578257
8.64,900.033537522644,0.04535507596689437,0.0,0.2,0.2,20.249999999999996,0.8,0.8,900.0,0.003,0.0,25,0.5,0.02785866,0.003742767572350301
8.643,900.0335375297543,0.04533098668220321,0.0,0.2,0.2,20.249999999999996,0.8,0.8,900.0,0.003,0.0,25,0.5,0.024506801,0.0037427684061248265
8.646,900.0335375369605,0.04530744616421031,0.0,0.2,0.2,20.249999999999996,0.8,0.8,900.0,0.003,0.0,25,0.5,0.024793782,0.003742769250323072
8.649000000000001,900.0335375442581,0.045284447693366224,0.0,0.2,0.2,20.249999999999996,0.8,0.8,900.0,0.003,0.0,25,0.5,0.02790442,0.003742770104819156
8.652000000000001,900.0335375516482,0.04526198470267962,0.0,0.2,0.2,20.249999999999996,0.8,0.8,900.0,0.003,0.0,25,0.5,0.024045448,0.003742770969564841
8.655,900.0335375591367,0.045240050738160544,0.0,0.2,0.2,20.249999999999996,0.8,0.8,900.0,0.003,0.0,25,0.5,0.023670856,0.003742771844365404
8.658,900.033537566713,0.045218639468881244,0.0,0.2,0.2,20.249999999999996,0.8,0.8,900.0,0.003,0.0,25,0.5,0.027984501,0.0037427727288801855
8.661,900.033537574378,0.045197744696937596,0.0,0.2,0.2,20.249999999999996,0.8,0.8,900.0,0.003,0.0,25,0.5,0.023613206,0.0037427736227373647
8.664,900.0335375821255,0.04517736034443328,0.0,0.2,0.2,20.249999999999996,0.8,0.8,900.0,0.003,0.0,25,0.5,0.024104248,0.0037427745255408477
8.667,900.0335375899552,0.045157480457880254,0.0,0.2,0.2,20.249999999999996,0.8,0.8,900.0,0.003,0.0,25,0.5,0.026777214,0.0037427754368956137
8.67,900.0335375978639,0.04513809921188944,0.0,0.2,0.2,20.249999999999996,0.8,0.8,900.0,0.003,0.0,25,0.5,0.023294044,0.0037427763564300675
8.673,900.0335376058454,0.04511921090931517,0.0,0.2,0.2,20.249999999999996,0.8,0.8,900.0,0.003,0.0,25,0.5,0.023424674,0.003742777283809059
8.676,900.0335376138979,0.045100809978938526,0.0,0.2,0.2,20.249999999999996,0.8,0.8,900.0,0.003,0.0,25,0.5,0.026858444,0.003742778218764503
8.679,900.0335376220189,0.0450828909678038,0.0,0.2,0.2,20.249999999999996,0.8,0.8,900.0,0.003,0.0,25,0.5,0.022510339,0.003742779161098326
8.682,900.033537630209,0.04506544854268336,0.0,0.2,0.2,20.249999999999996,0.8,0.8,900.0,0.003,0.0,25,0.5,0.023448654,0.003742780110667854
8.685,900.0335376384612,0.045048477491017105,0.0,0.2,0.2,20.249999999999996,0.8,0.8,900.0,0.003,0.0,25,0.5,0.027729669,0.003742781067358662
8.688,900.0335376467795,0.045031972715922484,0.0,0.2,0.2,20.249999999999996,0.8,0.8,900.0,0.003,0.0,25,0.5,0.023263853,0.0037427820310254037
8.691,900.033537655161,0.045015929236634715,0.0,0.2,0.2,20.249999999999996,0.8,0.8,900.0,0.003,0.0,25,0.5,0.023730376,0.0037427830015803795
8.694,900.0335376636017,0.04500034218127945,0.0,0.2,0.2,20.249999999999996,0.8,0.8,900.0,0.003,0.0,25,0.5,0.026828924,0.0037427839789132317
8.697000000000001,900.0335376721084,0.044985206783771145,0.0,0.2,0.2,20.249999999999996,0.8,0.8,900.0,0.003,0.0,25,0.5,0.022898101,0.003742784962899971
8.700000000000001,900.0335376806738,0.04497051836694054,0.0,0.2,0.2,20.249999999999996,0.8,0.8,900.0,0.003,0.0,25,0.5,0.023480564,0.0037427859532635586
8.703,900.0335376892968,0.04495627236386954,0.0,0.2,0.2,20.249999999999996,0.8,0.8,900.0,0.003,0.0,25,0.5,0.026820923,0.003742786949687956
8.706,900.0335376979748,0.044942464317256486,0.0,0.2,0.2,20.249999999999996,0.8,0.8,900.0,0.003,0.0,25,0.5,0.022974051,0.0037427879518144953
8.709,900.0335377067036,0.044929089875483594,0.0,0.2,0.2,20.249999999999996,0.8,0.8,900.0,0.003,0.0,25,0.5,0.023523405,0.0037427889592241063
8.712,900.0335377154826,0.0449161447905216,0.0,0.2,0.2,20.249999999999996,0.8,0.8,900.0,0.003,0.0,25,0.5,0.026677833,0.0037427899714730073
8.715,900.033537724303,0.04490362491225395,0.0,0.2,0.2,20.249999999999996,0.8,0.8,900.0,0.003,0.0,25,0.5,0.023034372,0.0037427909881117545
8.718,900.0335377331671,0.04489152618164987,0.0,0.2,0.2,20.249999999999996,0.8,0.8,900.0,0.003,0.0,25,0.5,0.023379124,0.0037427920086740606
8.721,900.0335377420653,0.04487984463548289,0.0,0.2,0.2,20.249999999999996,0.8,0.8,900.0,0.003,0.0,25,0.5,0.026824534,0.003742793032741629
8.724,900.0335377509923,0.04486857640422916,0.0,0.2,0.2,20.249999999999996,0.8,0.8,900.0,0.003,0.0,25,0.5,0.022963052,0.003742794059933707
8.727,900.0335377599542,0.0448577177092947,0.0,0.2,0.2,20.249999999999996,0.8,0.8,900.0,0.003,0.0,25,0.5,0.023215763,0.0037427950898996877
8.73,900.0335377689379,0.044847264860190895,0.0,0.2,0.2,20.249999999999996,0.8,0.8,900.0,0.003,0.0,25,0.5,0.027120435,0.0037427961223224335
8.733,900.0335377779464,0.044837214251989256,0.0,0.2,0.2,20.249999999999996,0.8,0.8,900.0,0.003,0.0,25,0.5,0.023619275,0.003742797156916419
8.736,900.0335377869723,0.04482756237234735,0.0,0.2,0.2,20.249999999999996,0.8,0.8,900.0,0.003,0.0,25,0.5,0.023597946,0.003742798193430231
8.739,900.0335377960173,0.04481830579403843,0.0,0.2,0.2,20.249999999999996,0.8,0.8,900.0,0.003,0.0,25,0.5,0.026674183,0.003742799231761501
8.742,900.0335378050823,0.044809441117325655,0.0,0.2,0.2,20.249999999999996,0.8,0.8,900.0,0.003,0.0,25,0.5,0.022697111,0.0037428002717026297
8.745000000000001,900.0335378141597,0.04480096498574738,0.0,0.2,0.2,20.249999999999996,0.8,0.8,900.0,0.003,0.0,25,0.5,0.023390264,0.0037428013128188785
8.748,900.0335378232508,0.044792874117074076,0.0,0.2,0.2,20.249999999999996,0.8,0.8,900.0,0.003,0.0,25,0.5,0.027528958,0.003742802354631093
8.751,900.0335378323488,0.044785165298646276,0.0,0.2,0.2,20.249999999999996,0.8,0.8,900.0,0.003,0.0,25,0.5,0.023161923,0.00374280339661703
8.754,900.033537841448,0.04477783538635067,0.0,0.2,0.2,20.249999999999996,0.8,0.8,900.0,0.003,0.0,25,0.5,0.023638945,0.0037428044382336574
8.757,900.0335378505453,0.04477088130301029,0.0,0.2,0.2,20.249999999999996,0.8,0.8,900.0,0.003,0.0,25,0.5,0.026613723,0.003742805478949359
8.76,900.033537859635,0.04476430003614447,0.0,0.2,0.2,20.249999999999996,0.8,0.8,900.0,0.003,0.0,25,0.5,0.023047222,0.0037428065183222874
8.763,900.0335378687117,0.04475808862946256,0.0,0.2,0.2,20.249999999999996,0.8,0.8,900.0,0.003,0.0,25,0.5,0.023263873,0.003742807556066382
8.766,900.0335378777794,0.04475224416900719,0.0,0.2,0.2,20.249999999999996,0.8,0.8,900.0,0.003,0.0,25,0.5,0.026631473,0.0037428085919375144
8.769,900.0335378868298,0.0447467637972613,0.0,0.2,0.2,20.249999999999996,0.8,0.8,900.0,0.003,0.0,25,0.5,0.022990111,0.003742809625776558
8.772,900.0335378958632,0.04474164471222887,0.0,0.2,0.2,20.249999999999996,0.8,0.8,900.0,0.003,0.0,25,0.5,0.023298583,0.0037428106575110027
8.775,900.0335379048737,0.0447368841653867,0.0,0.2,0.2,20.249999999999996,0.8,0.8,900.0,0.003,0.0,25,0.5,0.026769643,0.003742811687112759
8.778,900.033537913869,0.04473247945974051,0.0,0.2,0.2,20.249999999999996,0.8,0.8,900.0,0.003,0.0,25,0.5,0.022958192,0.0037428127144680887
8.781,900.0335379228461,0.044728427968162135,0.0,0.2,0.2,20.249999999999996,0.8,0.8,900.0,0.003,0.0,25,0.5,0.022744761,0.0037428137394423153
8.784,900.0335379318025,0.04472472712281957,0.0,0.2,0.2,20.249999999999996,0.8,0.8,900.0,0.003,0.0,25,0.5,0.026641483,0.0037428147620005197
8.787,900.0335379407326,0.04472137439780291,0.0,0.2,0.2,20.249999999999996,0.8,0.8,900.0,0.003,0.0,25,0.5,0.023347284,0.003742815782146439
8.790000000000001,900.0335379496464,0.04471836730559061,0.0,0.2,0.2,20.249999999999996,0.8,0.8,900.0,0.003,0.0,25,0.5,0.024014668,0.0037428167998836827
8.793000000000001,900.0335379585406,0.044715703396714414,0.0,0.2,0.2,20.249999999999996,0.8,0.8,900.0,0.003,0.0,25,0.5,0.027278867,0.003742817815215566
8.796,900.0335379674115,0.044713380256609515,0.0,0.2,0.2,20.249999999999996,0.8,0.8,900.0,0.003,0.0,25,0.5,0.023233773,0.003742818828146561
8.799,900.0335379762635,0.04471139550403771,0.0,0.2,0.2,20.249999999999996,0.8,0.8,900.0,0.003,0.0,25,0.5,0.023606175,0.003742819838665933
8.802,900.0335379850958,0.04470974678162523,0.0,0.2,0.2,20.249999999999996,0.8,0.8,900.0,0.003,0.0,25,0.5,0.026833124,0.003742820846738997
8.805,900.033537993905,0.044708431753500116,0.0,0.2,0.2,20.249999999999996,0.8,0.8,900.0,0.003,0.0,25,0.5,0.023098763,0.003742821852375723
8.808,900.0335380026926,0.04470744809056192,0.0,0.2,0.2,20.249999999999996,0.8,0.8,900.0,0.003,0.0,25,0.5,0.023155723,0.0037428228555562524
8.811,900.0335380114606,0.04470679348642452,0.0,0.2,0.2,20.249999999999996,0.8,0.8,900.0,0.003,0.0,25,0.5,0.027633708,0.003742823856242601
8.814,900.0335380202087,0.044706465657796374,0.0,0.2,0.2,20.249999999999996,0.8,0.8,900.0,0.003,0.0,25,0.5,0.023809317,0.003742824854403988
8.817,900.0335380289345,0.04470646233599787,0.0,0.2,0.2,20.249999999999996,0.8,0.8,900.0,0.003,0.0,25,0.5,0.023511725,0.0037428258500593523
8.82,900.0335380376393,0.04470678125307762,0.0,0.2,0.2,20.249999999999996,0.8,0.8,900.0,0.003,0.0,25,0.5,0.026908485,0.003742826843238428
8.823,900.0335380463214,0.04470742015685823,0.0,0.2,0.2,20.249999999999996,0.8,0.8,900.0,0.003,0.0,25,0.5,0.023361004,0.0037428278340157434
8.826,900.033538054985,0.04470837679191915,0.0,0.2,0.2,20.249999999999996,0.8,0.8,900.0,0.003,0.0,25,0.5,0.023090422,0.003742828822435118
8.829,900.0335380636297,0.04470964886700883,0.0,0.2,0.2,20.249999999999996,0.8,0.8,900.0,0.003,0.0,25,0.5,0.026942014,0.0037428298084397375
8.832,900.0335380722521,0.044711234098951766,0.0,0.2,0.2,20.249999999999996,0.8,0.8,900.0,0.003,0.0,25,0.5,0.02278156,0.003742830792005038
8.835,900.0335380808519,0.044713130213860086,0.0,0.2,0.2,20.249999999999996,0.8,0.8,900.0,0.003,0.0,25,0.5,0.023529165,0.0037428317732763564
8.838000000000001,900.0335380894371,0.04471533490647742,0.0,0.2,0.2,20.249999999999996,0.8,0.8,900.0,0.003,0.0,25,0.5,0.027247796,0.003742832752634583
8.841,900.0335380980047,0.044717845827508006,0.0,0.2,0.2,20.249999999999996,0.8,0.8,900.0,0.003,0.0,25,0.5,0.023156142,0.003742833730453001
8.844,900.0335381065598,0.044720660628968824,0.0,0.2,0.2,20.249999999999996,0.8,0.8,900.0,0.003,0.0,25,0.5,0.023119112,0.003742834707132094
8.847,900.0335381151091,0.044723776962309184,0.0,0.2,0.2,20.249999999999996,0.8,0.8,900.0,0.003,0.0,25,0.5,0.026265761,0.003742835683273249
8.85,900.0335381236584,0.04472719243780194,0.0,0.2,0.2,20.249999999999996,0.8,0.8,900.0,0.003,0.0,25,0.5,0.02256135,0.0037428366594652604
8.853,900.0335381322068,0.04473090464335272,0.0,0.2,0.2,20.249999999999996,0.8,0.8,900.0,0.003,0.0,25,0.5,0.022817561,0.0037428376361861924
8.856,900.0335381407635,0.04473491116180296,0.0,0.2,0.2,20.249999999999996,0.8,0.8,900.0,0.003,0.0,25,0.5,0.026644203,0.0037428386138591467
8.859,900.0335381493297,0.044739209565726384,0.0,0.2,0.2,20.249999999999996,0.8,0.8,900.0,0.003,0.0,25,0.5,0.023155123,0.00374283959282355
8.862,900.0335381579118,0.04474379741688879,0.0,0.2,0.2,20.249999999999996,0.8,0.8,900.0,0.003,0.0,25,0.5,0.022903102,0.003742840573325208
8.865,900.0335381665086,0.04474867225679356,0.0,0.2,0.2,20.249999999999996,0.8,0.8,900.0,0.003,0.0,25,0.5,0.027409437,0.003742841555920525
8.868,900.0335381751321,0.0447538315240265,0.0,0.2,0.2,20.249999999999996,0.8,0.8,900.0,0.003,0.0,25,0.5,0.022773901,0.003742842541354262
8.871,900.0335381837823,0.04475927252625661,0.0,0.2,0.2,20.249999999999996,0.8,0.8,900.0,0.003,0.0,25,0.5,0.023364784,0.0037428435296905146
8.874,900.0335381924609,0.04476499255970364,0.0,0.2,0.2,20.249999999999996,0.8,0.8,900.0,0.003,0.0,25,0.5,0.026354951,0.0037428445209947794
8.877,900.0335382011677,0.04477098890067697,0.0,0.2,0.2,20.249999999999996,0.8,0.8,900.0,0.003,0.0,25,0.5,0.022899441,0.003742845515321834
8.88,900.0335382099038,0.0447772588023076,0.0,0.2,0.2,20.249999999999996,0.8,0.8,900.0,0.003,0.0,25,0.5,0.022848311,0.0037428465126469555
8.883000000000001,900.033538218671,0.0447837995127286,0.0,0.2,0.2,20.249999999999996,0.8,0.8,900.0,0.003,0.0,25,0.5,0.026911644,0.003742847512837149
8.886000000000001,900.0335382274587,0.04479060826605105,0.0,0.2,0.2,20.249999999999996,0.8,0.8,900.0,0.003,0.0,25,0.5,0.023134892,0.0037428485157018137
8.889,900.0335382362772,0.04479768228206212,0.0,0.2,0.2,20.249999999999996,0.8,0.8,900.0,0.003,0.0,25,0.5,0.0228239,0.0037428495210551278
8.892,900.0335382451168,0.0448050187584006,0.0,0.2,0.2,20.249999999999996,0.8,0.8,900.0,0.003,0.0,25,0.5,0.026929564,0.003742850528724153
8.895,900.0335382539807,0.0448126148746812,0.0,0.2,0.2,20.249999999999996,0.8,0.8,900.0,0.003,0.0,25,0.5,0.022973391,0.003742851538573849
8.898,900.0335382628632,0.044820467794671345,0.0,0.2,0.2,20.249999999999996,0.8,0.8,900.0,0.003,0.0,25,0.5,0.023520304,0.0037428525505354736
8.901,900.0335382717674,0.04482857466596431,0.0,0.2,0.2,20.249999999999996,0.8,0.8,900.0,0.003,0.0,25,0.5,0.027096985,0.003742853564599796
8.904,900.0335382806909,0.04483693261916119,0.0,0.2,0.2,20.249999999999996,0.8,0.8,900.0,0.003,0.0,25,0.5,0.023069332,0.003742854580821209
8.907,900.0335382896405,0.044845538761111886,0.0,0.2,0.2,20.249999999999996,0.8,0.8,900.0,0.003,0.0,25,0.5,0.023046302,0.0037428555992790992
8.91,900.033538298606,0.04485439017958349,0.0,0.2,0.2,20.249999999999996,0.8,0.8,900.0,0.003,0.0,25,0.5,0.02800929,0.0037428566200903898
8.913,900.0335383075965,0.044863483930843814,0.0,0.2,0.2,20.249999999999996,0.8,0.8,900.0,0.003,0.0,25,0.5,0.023188093,0.003742857643612701
8.916,900.0335383166159,0.044872816959912666,0.0,0.2,0.2,20.249999999999996,0.8,0.8,900.0,0.003,0.0,25,0.5,0.022939821,0.0037428586702990376
8.919,900.0335383256615,0.04488238616646822,0.0,0.2,0.2,20.249999999999996,0.8,0.8,900.0,0.003,0.0,25,0.5,0.026976054,0.003742859700563975
8.922,900.0335383347441,0.044892188433325916,0.0,0.2,0.2,20.249999999999996,0.8,0.8,900.0,0.003,0.0,25,0.5,0.023555425,0.003742860734709483
8.925,900.0335383438613,0.04490222062639941,0.0,0.2,0.2,20.249999999999996,0.8,0.8,900.0,0.003,0.0,25,0.5,0.023001482,0.0037428617728816616
8.928,900.033538353021,0.044912479593469,0.0,0.2,0.2,20.249999999999996,0.8,0.8,900.0,0.003,0.0,25,0.5,0.026925694,0.0037428628151515357
8.931000000000001,900.0335383622241,0.044922962078894554,0.0,0.2,0.2,20.249999999999996,0.8,0.8,900.0,0.003,0.0,25,0.5,0.022604769,0.0037428638616052523
8.934000000000001,900.0335383714663,0.04493366475123964,0.0,0.2,0.2,20.249999999999996,0.8,0.8,900.0,0.003,0.0,25,0.5,0.022946511,0.003742864912226393
8.937,900.0335383807452,0.04494458426330988,0.0,0.2,0.2,20.249999999999996,0.8,0.8,900.0,0.003,0.0,25,0.5,0.026579742,0.0037428659667879073
8.94,900.0335383900667,0.04495571725040796,0.0,0.2,0.2,20.249999999999996,0.8,0.8,900.0,0.003,0.0,25,0.5,0.022716161,0.0037428670248883618
8.943,900.0335383994174,0.044967060330505855,0.0,0.2,0.2,20.249999999999996,0.8,0.8,900.0,0.003,0.0,25,0.5,0.023070982,0.003742868086018596
8.946,900.0335384087996,0.0449786100650233,0.0,0.2,0.2,20.249999999999996,0.8,0.8,900.0,0.003,0.0,25,0.5,0.026709803,0.0037428691497208835
8.949,900.0335384182064,0.044990362995753846,0.0,0.2,0.2,20.249999999999996,0.8,0.8,900.0,0.003,0.0,25,0.5,0.022859621,0.0037428702155940514
8.952,900.0335384276368,0.04500231565984911,0.0,0.2,0.2,20.249999999999996,0.8,0.8,900.0,0.003,0.0,25,0.5,0.023376354,0.003742871283278547
8.955,900.0335384370817,0.04501446457857949,0.0,0.2,0.2,20.249999999999996,0.8,0.8,900.0,0.003,0.0,25,0.5,0.026789853,0.0037428723525099747
8.958,900.0335384465425,0.04502680625759411,0.0,0.2,0.2,20.249999999999996,0.8,0.8,900.0,0.003,0.0,25,0.5,0.023200903,0.003742873423149235
8.961,900.0335384560191,0.0450393371847984,0.0,0.2,0.2,20.249999999999996,0.8,0.8,900.0,0.003,0.0,25,0.5,0.023182293,0.003742874495164193
8.964,900.0335384655094,0.045052053831737035,0.0,0.2,0.2,20.249999999999996,0.8,0.8,900.0,0.003,0.0,25,0.5,0.026530562,0.003742875568582691
8.967,900.0335384750109,0.04506495265832812,0.0,0.2,0.2,20.249999999999996,0.8,0.8,900.0,0.003,0.0,25,0.5,0.023547935,0.00374287664348956
8.97,900.0335384845328,0.04507803011415826,0.0,0.2,0.2,20.249999999999996,0.8,0.8,900.0,0.003,0.0,25,0.5,0.022972552,0.0037428777200055577
8.973,900.033538494066,0.045091282639435064,0.0,0.2,0.2,20.249999999999996,0.8,0.8,900.0,0.003,0.0,25,0.5,0.026586102,0.003742878798259772
8.976,900.0335385036191,0.045104706665902744,0.0,0.2,0.2,20.249999999999996,0.8,0.8,900.0,0.003,0.0,25,0.5,0.022868661,0.003742879878570491
8.979000000000001,900.0335385131942,0.045118298518828925,0.0,0.2,0.2,20.249999999999996,0.8,0.8,900.0,0.003,0.0,25,0.5,0.023385254,0.00374288096179841
8.982,900.0335385228,0.045132054289169006,0.0,0.2,0.2,20.249999999999996,0.8,0.8,900.0,0.003,0.0,25,0.5,0.026344441,0.0037428820488468136
8.985,900.0335385324414,0.04514597002043584,0.0,0.2,0.2,20.249999999999996,0.8,0.8,900.0,0.003,0.0,25,0.5,0.022561219,0.003742883140483425
8.988,900.0335385421263,0.04516004174341704,0.0,0.2,0.2,20.249999999999996,0.8,0.8,900.0,0.003,0.0,25,0.5,0.02277417,0.0037428842373361895
8.991,900.033538551855,0.0451742654757991,0.0,0.2,0.2,20.249999999999996,0.8,0.8,900.0,0.003,0.0,25,0.5,0.026558032,0.003742885339819931
8.994,900.0335385616421,0.04518863722687244,0.0,0.2,0.2,20.249999999999996,0.8,0.8,900.0,0.003,0.0,25,0.5,0.023595665,0.003742886448110618
8.997,900.0335385714787,0.04520315300108514,0.0,0.2,0.2,20.249999999999996,0.8,0.8,900.0,0.003,0.0,25,0.5,0.023010992,0.0037428875621552454
9.0,900.0335385813715,0.045217808799073646,0.0,0.2,0.2,20.249999999999996,0.8,0.8,900.0,0.003,0.0,25,0.5,0.026716373,0.00374288868169928
9.003,900.0335385913122,0.04523260061891898,0.0,0.2,0.2,20.249999999999996,0.8,0.8,900.0,0.003,0.0,25,0.5,0.02262666,0.003742889806353425
9.006,900.0335386013023,0.045247524457339025,0.0,0.2,0.2,20.249999999999996,0.8,0.8,900.0,0.003,0.0,25,0.5,0.023950887,0.0037428909356621185
9.009,900.033538611336,0.04526257631093348,0.0,0.2,0.2,20.249999999999996,0.8,0.8,900.0,0.003,0.0,25,0.5,0.026799154,0.003742892069179171
9.012,900.0335386214074,0.04527775217752655,0.0,0.2,0.2,20.249999999999996,0.8,0.8,900.0,0.003,0.0,25,0.5,0.023017212,0.0037428932065275418
9.015,900.0335386315136,0.04529304805745163,0.0,0.2,0.2,20.249999999999996,0.8,0.8,900.0,0.003,0.0,25,0.5,0.023293133,0.0037428943475260883
9.018,900.033538641658,0.04530845991159803,0.0,0.2,0.2,20.249999999999996,0.8,0.8,900.0,0.003,0.0,25,0.5,0.027116156,0.0037428954924792032
9.021,900.0335386518398,0.045323983548438584,0.0,0.2,0.2,20.249999999999996,0.8,0.8,900.0,0.003,0.0,25,0.5,0.023261404,0.0037428966417760666
9.024000000000001,900.0335386620607,0.04533961476737772,0.0,0.2,0.2,20.249999999999996,0.8,0.8,900.0,0.003,0.0,25,0.5,0.023073642,0.003742897795880961
9.027000000000001,900.0335386723245,0.04535534937457401,0.0,0.2,0.2,20.249999999999996,0.8,0.8,900.0,0.003,0.0,25,0.5,0.026460752,0.003742898955288938
9.03,900.0335386826382,0.045371183184386224,0.0,0.2,0.2,20.249999999999996,0.8,0.8,900.0,0.003,0.0,25,0.5,0.022887892,0.003742900120456106
9.033,900.0335386930079,0.04538711202075566,0.0,0.2,0.2,20.249999999999996,0.8,0.8,900.0,0.003,0.0,25,0.5,0.022931221,0.003742901291758042
9.036,900.0335387034308,0.04540313171857936,0.0,0.2,0.2,20.249999999999996,0.8,0.8,900.0,0.003,0.0,25,0.5,0.026510942,0.0037429024694672674
9.039,900.033538713915,0.045419238115047444,0.0,0.2,0.2,20.249999999999996,0.8,0.8,900.0,0.003,0.0,25,0.5,0.022546329,0.00374290365374203
9.042,900.033538724459,0.04543542705235639,0.0,0.2,0.2,20.249999999999996,0.8,0.8,900.0,0.003,0.0,25,0.5,0.022877821,0.0037429048446206694
9.045,900.0335387350641,0.04545169438448194,0.0,0.2,0.2,20.249999999999996,0.8,0.8,900.0,0.003,0.0,25,0.5,0.026690763,0.003742906042070915
9.048,900.0335387457304,0.04546803593354055,0.0,0.2,0.2,20.249999999999996,0.8,0.8,900.0,0.003,0.0,25,0.5,0.023182133,0.0037429072460696206
9.051,900.0335387564575,0.04548444734593956,0.0,0.2,0.2,20.249999999999996,0.8,0.8,900.0,0.003,0.0,25,0.5,0.02283678,0.003742908456225295
9.054,900.0335387672409,0.04550092425589922,0.0,0.2,0.2,20.249999999999996,0.8,0.8,900.0,0.003,0.0,25,0.5,0.026768654,0.0037429096719631028
9.057,900.0335387780726,0.04551746232310264,0.0,0.2,0.2,20.249999999999996,0.8,0.8,900.0,0.003,0.0,25,0.5,0.023062072,0.0037429108927387548
9.06,900.0335387889519,0.045534057219142096,0.0,0.2,0.2,20.249999999999996,0.8,0.8,900.0,0.003,0.0,25,0.5,0.023019312,0.003742912118070294
9.063,900.0335387998769,0.04555070463035221,0.0,0.2,0.2,20.249999999999996,0.8,0.8,900.0,0.003,0.0,25,0.5,0.026922784,0.0037429133475586035
9.066,900.0335388108396,0.0455674002637153,0.0,0.2,0.2,20.249999999999996,0.8,0.8,900.0,0.003,0.0,25,0.5,0.023050662,0.0037429145815138683
9.069,900.033538821848,0.045584139651563695,0.0,0.2,0.2,20.249999999999996,0.8,0.8,900.0,0.003,0.0,25,0.5,0.022931901,0.003742915820620781
9.072000000000001,900.0335388329033,0.04560091821259557,0.0,0.2,0.2,20.249999999999996,0.8,0.8,900.0,0.003,0.0,25,0.5,0.026640672,0.003742917065424967
9.075000000000001,900.0335388440122,0.04561773139310594,0.0,0.2,0.2,20.249999999999996,0.8,0.8,900.0,0.003,0.0,25,0.5,0.023022062,0.0037429183166386637
9.078,900.0335388551797,0.04563457466837664,0.0,0.2,0.2,20.249999999999996,0.8,0.8,900.0,0.003,0.0,25,0.5,0.023259613,0.0037429195750221787
9.081,900.0335388664118,0.04565144354365334,0.0,0.2,0.2,20.249999999999996,0.8,0.8,900.0,0.003,0.0,25,0.5,0.027121996,0.003742920841280715
9.084,900.033538877715,0.04566833355591039,0.0,0.2,0.2,20.249999999999996,0.8,0.8,900.0,0.003,0.0,25,0.5,0.022508309,0.0037429221159755296
9.087,900.033538889096,0.04568524027555489,0.0,0.2,0.2,20.249999999999996,0.8,0.8,900.0,0.003,0.0,25,0.5,0.023359354,0.0037429233994512594
9.09,900.0335389005585,0.0457021593081861,0.0,0.2,0.2,20.249999999999996,0.8,0.8,900.0,0.003,0.0,25,0.5,0.027300007,0.003742924691816563
9.093,900.0335389120972,0.04571908629593014,0.0,0.2,0.2,20.249999999999996,0.8,0.8,900.0,0.003,0.0,25,0.5,0.022823121,0.0037429259929482586
9.096,900.0335389237212,0.04573601691879489,0.0,0.2,0.2,20.249999999999996,0.8,0.8,900.0,0.003,0.0,25,0.5,0.022980272,0.0037429273025361524
9.099,900.0335389354208,0.04575294689608929,0.0,0.2,0.2,20.249999999999996,0.8,0.8,900.0,0.003,0.0,25,0.5,0.026800394,0.0037429286201501404
9.102,900.0335389471908,0.04576987198689351,0.0,0.2,0.2,20.249999999999996,0.8,0.8,900.0,0.003,0.0,25,0.5,0.023046912,0.00374292994531742
9.105,900.0335389590326,0.04578678798621487,0.0,0.2,0.2,20.249999999999996,0.8,0.8,900.0,0.003,0.0,25,0.5,0.022820921,0.0037429312775795294
9.108,900.0335389709368,0.04580369072963611,0.0,0.2,0.2,20.249999999999996,0.8,0.8,900.0,0.003,0.0,25,0.5,0.027327097,0.0037429326166271357
9.111,900.0335389829082,0.04582057607792968,0.0,0.2,0.2,20.249999999999996,0.8,0.8,900.0,0.003,0.0,25,0.5,0.023428195,0.0037429339628123046
9.114,900.033538994943,0.04583743980728331,0.0,0.2,0.2,20.249999999999996,0.8,0.8,900.0,0.003,0.0,25,0.5,0.022535039,0.0037429353165637337
9.117,900.0335390070485,0.04585427770619314,0.0,0.2,0.2,20.249999999999996,0.8,0.8,900.0,0.003,0.0,25,0.5,0.026461682,0.0037429366783153753
9.120000000000001,900.0335390192274,0.04587108559756075,0.0,0.2,0.2,20.249999999999996,0.8,0.8,900.0,0.003,0.0,25,0.5,0.023102103,0.00374293804862269
9.123,900.0335390314827,0.04588785930333708,0.0,0.2,0.2,20.249999999999996,0.8,0.8,900.0,0.003,0.0,25,0.5,0.023408144,0.003742939427901499
9.126,900.0335390438237,0.045904594507608025,0.0,0.2,0.2,20.249999999999996,0.8,0.8,900.0,0.003,0.0,25,0.5,0.026682433,0.0037429408162200383
9.129,900.0335390562445,0.04592128682580119,0.0,0.2,0.2,20.249999999999996,0.8,0.8,900.0,0.003,0.0,25,0.5,0.022796521,0.0037429422132588923
9.132,900.0335390687461,0.04593793192929855,0.0,0.2,0.2,20.249999999999996,0.8,0.8,900.0,0.003,0.0,25,0.5,0.022960232,0.003742943618529034
9.135,900.0335390813216,0.04595452554719914,0.0,0.2,0.2,20.249999999999996,0.8,0.8,900.0,0.003,0.0,25,0.5,0.026620533,0.0037429450314825402
9.138,900.0335390939672,0.045971063467974534,0.0,0.2,0.2,20.249999999999996,0.8,0.8,900.0,0.003,0.0,25,0.5,0.02266764,0.003742946451604846
9.141,900.0335391066754,0.04598754154057805,0.0,0.2,0.2,20.249999999999996,0.8,0.8,900.0,0.003,0.0,25,0.5,0.022863901,0.0037429478784890657
9.144,900.03353911945,0.04600395567553035,0.0,0.2,0.2,20.249999999999996,0.8,0.8,900.0,0.003,0.0,25,0.5,0.026383961,0.0037429493118768635
9.147,900.0335391322811,0.04602030184391684,0.0,0.2,0.2,20.249999999999996,0.8,0.8,900.0,0.003,0.0,25,0.5,0.023248364,0.0037429507516798027
9.15,900.0335391451702,0.04603657607617843,0.0,0.2,0.2,20.249999999999996,0.8,0.8,900.0,0.003,0.0,25,0.5,0.02267458,0.0037429521979590575
9.153,900.0335391581184,0.046052774466465635,0.0,0.2,0.2,20.249999999999996,0.8,0.8,900.0,0.003,0.0,25,0.5,0.026923995,0.003742953650936811
9.156,900.0335391711264,0.04606889317423337,0.0,0.2,0.2,20.249999999999996,0.8,0.8,900.0,0.003,0.0,25,0.5,0.02270366,0.0037429551109744406
9.159,900.0335391842033,0.046084928421287995,0.0,0.2,0.2,20.249999999999996,0.8,0.8,900.0,0.003,0.0,25,0.5,0.022957462,0.003742956578559003
9.162,900.0335391973464,0.046100876490879523,0.0,0.2,0.2,20.249999999999996,0.8,0.8,900.0,0.003,0.0,25,0.5,0.026579093,0.00374295805423943
9.165000000000001,900.0335392105629,0.04611673373005631,0.0,0.2,0.2,20.249999999999996,0.8,0.8,900.0,0.003,0.0,25,0.5,0.023131233,0.0037429595385200585
9.168000000000001,900.0335392238566,0.0461324965555984,0.0,0.2,0.2,20.249999999999996,0.8,0.8,900.0,0.003,0.0,25,0.5,0.023007152,0.0037429610318695013
9.171,900.0335392372355,0.046148161453133864,0.0,0.2,0.2,20.249999999999996,0.8,0.8,900.0,0.003,0.0,25,0.5,0.026468272,0.0037429625346952476
9.174,900.0335392506969,0.04616372497561288,0.0,0.2,0.2,20.249999999999996,0.8,0.8,900.0,0.003,0.0,25,0.5,0.022871371,0.0037429640473402304
9.177,900.0335392642495,0.046179183738532074,0.0,0.2,0.2,20.249999999999996,0.8,0.8,900.0,0.003,0.0,25,0.5,0.022883531,0.003742965569983765
9.18,900.033539277892,0.04619453442932407,0.0,0.2,0.2,20.249999999999996,0.8,0.8,900.0,0.003,0.0,25,0.5,0.027013265,0.003742967102714529
9.183,900.033539291624,0.04620977380857139,0.0,0.2,0.2,20.249999999999996,0.8,0.8,900.0,0.003,0.0,25,0.5,0.022946362,0.0037429686455442875
9.186,900.0335393054498,0.04622489871081016,0.0,0.2,0.2,20.249999999999996,0.8,0.8,900.0,0.003,0.0,25,0.5,0.023418125,0.003742970198445582
9.189,900.0335393193657,0.04623990604485131,0.0,0.2,0.2,20.249999999999996,0.8,0.8,900.0,0.003,0.0,25,0.5,0.027532928,0.00374297176149761
9.192,900.0335393333748,0.04625479277207139,0.0,0.2,0.2,20.249999999999996,0.8,0.8,900.0,0.003,0.0,25,0.5,0.023658985,0.003742973334849499
9.195,900.0335393474744,0.0462695559158657,0.0,0.2,0.2,20.249999999999996,0.8,0.8,900.0,0.003,0.0,25,0.5,0.023266373,0.003742974918643339
9.198,900.0335393616706,0.04628419257458972,0.0,0.2,0.2,20.249999999999996,0.8,0.8,900.0,0.003,0.0,25,0.5,0.027074935,0.0037429765130853956
9.201,900.0335393759608,0.04629869991533771,0.0,0.2,0.2,20.249999999999996,0.8,0.8,900.0,0.003,0.0,25,0.5,0.023378934,0.0037429781184189484
9.204,900.0335393903529,0.046313075163728755,0.0,0.2,0.2,20.249999999999996,0.8,0.8,900.0,0.003,0.0,25,0.5,0.023151623,0.003742979734814768
9.207,900.0335394048437,0.04632731561818763,0.0,0.2,0.2,20.249999999999996,0.8,0.8,900.0,0.003,0.0,25,0.5,0.026899495,0.003742981362370214
9.21,900.0335394194341,0.04634141865321113,0.0,0.2,0.2,20.249999999999996,0.8,0.8,900.0,0.003,0.0,25,0.5,0.02269002,0.0037429830011116855
9.213000000000001,900.0335394341248,0.04635538172158949,0.0,0.2,0.2,20.249999999999996,0.8,0.8,900.0,0.003,0.0,25,0.5,0.023264094,0.0037429846510133764
9.216000000000001,900.0335394489166,0.04636920235472552,0.0,0.2,0.2,20.249999999999996,0.8,0.8,900.0,0.003,0.0,25,0.5,0.026920534,0.0037429863120105157
9.219,900.0335394638095,0.04638287816300398,0.0,0.2,0.2,20.249999999999996,0.8,0.8,900.0,0.003,0.0,25,0.5,0.023399034,0.0037429879840069646
9.222,900.0335394787999,0.04639640683617275,0.0,0.2,0.2,20.249999999999996,0.8,0.8,900.0,0.003,0.0,25,0.5,0.023662736,0.00374298966689297
9.225,900.0335394938917,0.046409786143830185,0.0,0.2,0.2,20.249999999999996,0.8,0.8,900.0,0.003,0.0,25,0.5,0.027020545,0.0037429913605831915
9.228,900.0335395090796,0.04642301392069558,0.0,0.2,0.2,20.249999999999996,0.8,0.8,900.0,0.003,0.0,25,0.5,0.023196163,0.003742993065252085
9.231,900.0335395243691,0.046436087992374656,0.0,0.2,0.2,20.249999999999996,0.8,0.8,900.0,0.003,0.0,25,0.5,0.023177233,0.003742994780874
9.234,900.033539539755,0.04644900624989921,0.0,0.2,0.2,20.249999999999996,0.8,0.8,900.0,0.003,0.0,25,0.5,0.026514722,0.0037429965073462156
9.237,900.0335395552374,0.046461766658759784,0.0,0.2,0.2,20.249999999999996,0.8,0.8,900.0,0.003,0.0,25,0.5,0.023169853,0.0037429982445023042
9.24,900.0335395708182,0.046474367267346536,0.0,0.2,0.2,20.249999999999996,0.8,0.8,900.0,0.003,0.0,25,0.5,0.023254124,0.003742999992113248
9.243,900.0335395864952,0.046486806188421714,0.0,0.2,0.2,20.249999999999996,0.8,0.8,900.0,0.003,0.0,25,0.5,0.027365557,0.0037430017498953547
9.246,900.0335396022617,0.046499081591086774,0.0,0.2,0.2,20.249999999999996,0.8,0.8,900.0,0.003,0.0,25,0.5,0.022925462,0.0037430035175143035
9.249,900.0335396181166,0.046511191724801046,0.0,0.2,0.2,20.249999999999996,0.8,0.8,900.0,0.003,0.0,25,0.5,0.023548515,0.003743005294637028
9.252,900.0335396340566,0.04652313492091787,0.0,0.2,0.2,20.249999999999996,0.8,0.8,900.0,0.003,0.0,25,0.5,0.026396972,0.0037430070810611097
9.255,900.0335396500826,0.046534909587319505,0.0,0.2,0.2,20.249999999999996,0.8,0.8,900.0,0.003,0.0,25,0.5,0.023101082,0.0037430088768696627
9.258000000000001,900.0335396661892,0.046546514167757715,0.0,0.2,0.2,20.249999999999996,0.8,0.8,900.0,0.003,0.0,25,0.5,0.023435064,0.003743010682157107
9.261000000000001,900.0335396823874,0.046557947181881866,0.0,0.2,0.2,20.249999999999996,0.8,0.8,900.0,0.003,0.0,25,0.5,0.026983915,0.0037430124969314274
9.264,900.0335396986683,0.046569207228639276,0.0,0.2,0.2,20.249999999999996,0.8,0.8,900.0,0.003,0.0,25,0.5,0.023142073,0.0037430143210907913
9.267,900.0335397150354,0.04658029293537028,0.0,0.2,0.2,20.249999999999996,0.8,0.8,900.0,0.003,0.0,25,0.5,0.023159413,0.0037430161544437235
9.27,900.0335397314838,0.046591202768433544,0.0,0.2,0.2,20.249999999999996,0.8,0.8,900.0,0.003,0.0,25,0.5,0.026425262,0.0037430179963796103
9.273,900.0335397480177,0.04660193521443513,0.0,0.2,0.2,20.249999999999996,0.8,0.8,900.0,0.003,0.0,25,0.5,0.023609826,0.003743019845997448
9.276,900.0335397646157,0.046612488797134255,0.0,0.2,0.2,20.249999999999996,0.8,0.8,900.0,0.003,0.0,25,0.5,0.023479765,0.0037430217018545567
9.279,900.0335397812705,0.04662286212300341,0.0,0.2,0.2,20.249999999999996,0.8,0.8,900.0,0.003,0.0,25,0.5,0.026669023,0.0037430235625929213
9.282,900.0335397979717,0.046633053882213026,0.0,0.2,0.2,20.249999999999996,0.8,0.8,900.0,0.003,0.0,25,0.5,0.023138493,0.003743025427015067
9.285,900.0335398147049,0.04664306284885538,0.0,0.2,0.2,20.249999999999996,0.8,0.8,900.0,0.003,0.0,25,0.5,0.023326684,0.0037430272941404268
9.288,900.0335398314613,0.04665288787324134,0.0,0.2,0.2,20.249999999999996,0.8,0.8,900.0,0.003,0.0,25,0.5,0.026689103,0.003743029163254251
9.291,900.0335398482362,0.046662527876582476,0.0,0.2,0.2,20.249999999999996,0.8,0.8,900.0,0.003,0.0,25,0.5,0.023113372,0.0037430310338728606
9.294,900.0335398650267,0.04667198183813212,0.0,0.2,0.2,20.249999999999996,0.8,0.8,900.0,0.003,0.0,25,0.5,0.023087783,0.003743032905882509
9.297,900.0335398818282,0.04668124874208921,0.0,0.2,0.2,20.249999999999996,0.8,0.8,900.0,0.003,0.0,25,0.5,0.027145746,0.0037430347794296086
9.3,900.0335398986466,0.0466903276230995,0.0,0.2,0.2,20.249999999999996,0.8,0.8,900.0,0.003,0.0,25,0.5,0.022826711,0.0037430366547747027
9.303,900.0335399154782,0.04669921758809803,0.0,0.2,0.2,20.249999999999996,0.8,0.8,900.0,0.003,0.0,25,0.5,0.023022152,0.0037430385321915523
9.306000000000001,900.0335399323267,0.0467079178245076,0.0,0.2,0.2,20.249999999999996,0.8,0.8,900.0,0.003,0.0,25,0.5,0.026603562,0.0037430404119270532
9.309000000000001,900.033539949198,0.046716427599804884,0.0,0.2,0.2,20.249999999999996,0.8,0.8,900.0,0.003,0.0,25,0.5,0.022887051,0.0037430422941477316
9.312,900.0335399660886,0.04672474626111778,0.0,0.2,0.2,20.249999999999996,0.8,0.8,900.0,0.003,0.0,25,0.5,0.023092902,0.0037430441789223184
9.315,900.0335399830088,0.046732873234804774,0.0,0.2,0.2,20.249999999999996,0.8,0.8,900.0,0.003,0.0,25,0.5,0.026778003,0.0037430460662035174
9.318,900.0335399999447,0.04674080801828419,0.0,0.2,0.2,20.249999999999996,0.8,0.8,900.0,0.003,0.0,25,0.5,0.022812221,0.003743047955833542
9.321,900.0335400169062,0.04674855016574569,0.0,0.2,0.2,20.249999999999996,0.8,0.8,900.0,0.003,0.0,25,0.5,0.023357624,0.0037430498475246486
9.324,900.033540033886,0.04675609930757209,0.0,0.2,0.2,20.249999999999996,0.8,0.8,900.0,0.003,0.0,25,0.5,0.026592732,0.003743051740936152
9.327,900.0335400508802,0.04676345515104964,0.0,0.2,0.2,20.249999999999996,0.8,0.8,900.0,0.003,0.0,25,0.5,0.023009292,0.003743053635651532
9.33,900.0335400678844,0.046770617490822675,0.0,0.2,0.2,20.249999999999996,0.8,0.8,900.0,0.003,0.0,25,0.5,0.022926361,0.0037430555313478693
9.333,900.0335400848959,0.04677758618868468,0.0,0.2,0.2,20.249999999999996,0.8,0.8,900.0,0.003,0.0,25,0.5,0.027275306,0.0037430574277628353
9.336,900.0335401019153,0.04678436115849038,0.0,0.2,0.2,20.249999999999996,0.8,0.8,900.0,0.003,0.0,25,0.5,0.022783231,0.0037430593246720193
9.339,900.0335401189411,0.04679094236988524,0.0,0.2,0.2,20.249999999999996,0.8,0.8,900.0,0.003,0.0,25,0.5,0.02269157,0.0037430612219103727
9.342,900.0335401359674,0.04679732986112968,0.0,0.2,0.2,20.249999999999996,0.8,0.8,900.0,0.003,0.0,25,0.5,0.026545243,0.0037430631194592455
9.345,900.0335401529987,0.046803523723838135,0.0,0.2,0.2,20.249999999999996,0.8,0.8,900.0,0.003,0.0,25,0.5,0.02277323,0.0037430650175016697
9.348,900.0335401700343,0.04680952407349279,0.0,0.2,0.2,20.249999999999996,0.8,0.8,900.0,0.003,0.0,25,0.5,0.02280431,0.0037430669162035676
9.351,900.0335401870755,0.04681533109254099,0.0,0.2,0.2,20.249999999999996,0.8,0.8,900.0,0.003,0.0,25,0.5,0.027482857,0.0037430688156641113
9.354000000000001,900.033540204122,0.04682094503425502,0.0,0.2,0.2,20.249999999999996,0.8,0.8,900.0,0.003,0.0,25,0.5,0.022826281,0.003743070715935794
9.357,900.0335402211803,0.04682636619620523,0.0,0.2,0.2,20.249999999999996,0.8,0.8,900.0,0.003,0.0,25,0.5,0.022921531,0.003743072617274612
9.36,900.0335402382474,0.04683159477039262,0.0,0.2,0.2,20.249999999999996,0.8,0.8,900.0,0.003,0.0,25,0.5,0.026785413,0.003743074519649181
9.363,900.0335402553231,0.04683663097534191,0.0,0.2,0.2,20.249999999999996,0.8,0.8,900.0,0.003,0.0,25,0.5,0.02285827,0.0037430764229148665
9.366,900.0335402724044,0.04684147509056312,0.0,0.2,0.2,20.249999999999996,0.8,0.8,900.0,0.003,0.0,25,0.5,0.023376704,0.0037430783269119324
9.369,900.0335402894937,0.046846127452218764,0.0,0.2,0.2,20.249999999999996,0.8,0.8,900.0,0.003,0.0,25,0.5,0.026510392,0.003743080231536089
9.372,900.0335403065912,0.046850588425525086,0.0,0.2,0.2,20.249999999999996,0.8,0.8,900.0,0.003,0.0,25,0.5,0.02273488,0.003743082136466526
9.375,900.0335403236903,0.04685485844129373,0.0,0.2,0.2,20.249999999999996,0.8,0.8,900.0,0.003,0.0,25,0.5,0.022886771,0.0037430840412447093
9.378,900.0335403407873,0.04685893799540897,0.0,0.2,0.2,20.249999999999996,0.8,0.8,900.0,0.003,0.0,25,0.5,0.027541718,0.003743085945351866
9.381,900.0335403578758,0.04686282763919159,0.0,0.2,0.2,20.249999999999996,0.8,0.8,900.0,0.003,0.0,25,0.5,0.02273565,0.003743087848235932
9.384,900.0335403749579,0.04686652798678391,0.0,0.2,0.2,20.249999999999996,0.8,0.8,900.0,0.003,0.0,25,0.5,0.022963221,0.00374308974938146
9.387,900.033540392019,0.046870039717683075,0.0,0.2,0.2,20.249999999999996,0.8,0.8,900.0,0.003,0.0,25,0.5,0.026975904,0.0037430916483518414
9.39,900.0335404090633,0.04687336357611073,0.0,0.2,0.2,20.249999999999996,0.8,0.8,900.0,0.003,0.0,25,0.5,0.023348414,0.0037430935448132083
9.393,900.0335404260824,0.046876500370245024,0.0,0.2,0.2,20.249999999999996,0.8,0.8,900.0,0.003,0.0,25,0.5,0.022974702,0.003743095438533789
9.396,900.0335404430787,0.04687945097127864,0.0,0.2,0.2,20.249999999999996,0.8,0.8,900.0,0.003,0.0,25,0.5,0.026910314,0.0037430973293794173
9.399000000000001,900.0335404600489,0.0468822163127566,0.0,0.2,0.2,20.249999999999996,0.8,0.8,900.0,0.003,0.0,25,0.5,0.023171143,0.0037430992172900824
9.402000000000001,900.0335404769912,0.0468847973899369,0.0,0.2,0.2,20.249999999999996,0.8,0.8,900.0,0.003,0.0,25,0.5,0.02283791,0.0037431011022614224
9.405,900.0335404939062,0.04688719525817057,0.0,0.2,0.2,20.249999999999996,0.8,0.8,900.0,0.003,0.0,25,0.5,0.026649942,0.003743102984307586
9.408,900.0335405107951,0.04688941103204956,0.0,0.2,0.2,20.249999999999996,0.8,0.8,900.0,0.003,0.0,25,0.5,0.023490274,0.0037431048634496244
9.411,900.0335405276589,0.046891445878158015,0.0,0.2,0.2,20.249999999999996,0.8,0.8,900.0,0.003,0.0,25,0.5,0.022909551,0.0037431067396577937
9.414,900.033540544497,0.04689330100919531,0.0,0.2,0.2,20.249999999999996,0.8,0.8,900.0,0.003,0.0,25,0.5,0.026627412,0.0037431086128170317
9.417,900.0335405613132,0.04689497768214191,0.0,0.2,0.2,20.249999999999996,0.8,0.8,900.0,0.003,0.0,25,0.5,0.023218413,0.0037431104828360606
9.42,900.0335405781065,0.04689647707429009,0.0,0.2,0.2,20.249999999999996,0.8,0.8,900.0,0.003,0.0,25,0.5,0.023029252,0.0037431123496594844
9.423,900.0335405948733,0.04689780040402175,0.0,0.2,0.2,20.249999999999996,0.8,0.8,900.0,0.003,0.0,25,0.5,0.026696173,0.003743114212980608
9.426,900.0335406116088,0.04689894899301066,0.0,0.2,0.2,20.249999999999996,0.8,0.8,900.0,0.003,0.0,25,0.5,0.022974751,0.0037431160723827104
9.429,900.033540628308,0.04689992420736704,0.0,0.2,0.2,20.249999999999996,0.8,0.8,900.0,0.003,0.0,25,0.5,0.022863281,0.003743117927441095
9.432,900.0335406449648,0.04690072746460089,0.0,0.2,0.2,20.249999999999996,0.8,0.8,900.0,0.003,0.0,25,0.5,0.0262512,0.0037431197777589237
9.435,900.0335406615845,0.046901360233328755,0.0,0.2,0.2,20.249999999999996,0.8,0.8,900.0,0.003,0.0,25,0.5,0.022868872,0.0037431216229625143
9.438,900.0335406781539,0.04690182403500217,0.0,0.2,0.2,20.249999999999996,0.8,0.8,900.0,0.003,0.0,25,0.5,0.023181053,0.003743123462737775
9.441,900.0335406946747,0.04690212044388059,0.0,0.2,0.2,20.249999999999996,0.8,0.8,900.0,0.003,0.0,25,0.5,0.026526402,0.0037431252968771847
9.444,900.0335407111456,0.04690225108021627,0.0,0.2,0.2,20.249999999999996,0.8,0.8,900.0,0.003,0.0,25,0.5,0.024070747,0.003743127125293569
9.447000000000001,900.0335407275649,0.04690221759793321,0.0,0.2,0.2,20.249999999999996,0.8,0.8,900.0,0.003,0.0,25,0.5,0.023411904,0.0037431289480108283
9.450000000000001,900.0335407439316,0.04690202168203056,0.0,0.2,0.2,20.249999999999996,0.8,0.8,900.0,0.003,0.0,25,0.5,0.026469222,0.0037431307652213276
9.453,900.0335407602521,0.04690166504480508,0.0,0.2,0.2,20.249999999999996,0.8,0.8,900.0,0.003,0.0,25,0.5,0.022839161,0.0037431325772035334
9.456,900.0335407765263,0.04690114943597904,0.0,0.2,0.2,20.249999999999996,0.8,0.8,900.0,0.003,0.0,25,0.5,0.022650099,0.0037431343841436288
9.459,900.0335407927521,0.04690047665080267,0.0,0.2,0.2,20.249999999999996,0.8,0.8,900.0,0.003,0.0,25,0.5,0.026779143,0.003743136186245647
9.462,900.0335408089367,0.04689964853110618,0.0,0.2,0.2,20.249999999999996,0.8,0.8,900.0,0.003,0.0,25,0.5,0.022588899,0.0037431379836999445
9.465,900.0335408250759,0.04689866696177943,0.0,0.2,0.2,20.249999999999996,0.8,0.8,900.0,0.003,0.0,25,0.5,0.023021241,0.003743139776631724
9.468,900.0335408411789,0.04689753387233087,0.0,0.2,0.2,20.249999999999996,0.8,0.8,900.0,0.003,0.0,25,0.5,0.026717623,0.003743141565102533
9.471,900.033540857238,0.04689625123399343,0.0,0.2,0.2,20.249999999999996,0.8,0.8,900.0,0.003,0.0,25,0.5,0.022775631,0.0037431433491446372
9.474,900.0335408732649,0.046894821049271444,0.0,0.2,0.2,20.249999999999996,0.8,0.8,900.0,0.003,0.0,25,0.5,0.022778501,0.003743145129986615
9.477,900.0335408892647,0.04689324479314852,0.0,0.2,0.2,20.249999999999996,0.8,0.8,900.0,0.003,0.0,25,0.5,0.026578182,0.0037431469098472333
9.48,900.0335409052577,0.0468915235180996,0.0,0.2,0.2,20.249999999999996,0.8,0.8,900.0,0.003,0.0,25,0.5,0.022928742,0.0037431486896515706
9.483,900.0335409212513,0.04688965829703056,0.0,0.2,0.2,20.249999999999996,0.8,0.8,900.0,0.003,0.0,25,0.5,0.022958072,0.0037431504692413027
9.486,900.0335409372384,0.04688765023243648,0.0,0.2,0.2,20.249999999999996,0.8,0.8,900.0,0.003,0.0,25,0.5,0.026509642,0.0037431522478056393
9.489,900.0335409532208,0.046885500456453406,0.0,0.2,0.2,20.249999999999996,0.8,0.8,900.0,0.003,0.0,25,0.5,0.023423544,0.003743154024198382
9.492,900.0335409691809,0.046883210129870526,0.0,0.2,0.2,20.249999999999996,0.8,0.8,900.0,0.003,0.0,25,0.5,0.023631386,0.00374315579714986
9.495000000000001,900.0335409851094,0.046880780438911626,0.0,0.2,0.2,20.249999999999996,0.8,0.8,900.0,0.003,0.0,25,0.5,0.026919204,0.003743157565410468
9.498,900.0335410009994,0.04687821259676155,0.0,0.2,0.2,20.249999999999996,0.8,0.8,900.0,0.003,0.0,25,0.5,0.022745581,0.0037431593278784473
9.501,900.0335410168337,0.04687550784410032,0.0,0.2,0.2,20.249999999999996,0.8,0.8,900.0,0.003,0.0,25,0.5,0.023849907,0.0037431610837109375
9.504,900.0335410326106,0.046872667448336985,0.0,0.2,0.2,20.249999999999996,0.8,0.8,900.0,0.003,0.0,25,0.5,0.026787894,0.0037431628324075266
9.507,900.0335410483209,0.04686969270188867,0.0,0.2,0.2,20.249999999999996,0.8,0.8,900.0,0.003,0.0,25,0.5,0.023167013,0.003743164573841714
9.51,900.0335410639686,0.04686658491953365,0.0,0.2,0.2,20.249999999999996,0.8,0.8,900.0,0.003,0.0,25,0.5,0.023133883,0.00374316630822713
9.513,900.0335410795509,0.046863345440080716,0.0,0.2,0.2,20.249999999999996,0.8,0.8,900.0,0.003,0.0,25,0.5,0.027176666,0.0037431680360751124
9.516,900.033541095077,0.04685997560512238,0.0,0.2,0.2,20.249999999999996,0.8,0.8,900.0,0.003,0.0,25,0.5,0.023253824,0.003743169758707109
9.519,900.0335411105597,0.04685647647961763,0.0,0.2,0.2,20.249999999999996,0.8,0.8,900.0,0.003,0.0,25,0.5,0.023624545,0.003743171477494502
9.522,900.0335411260063,0.046852848995236486,0.0,0.2,0.2,20.249999999999996,0.8,0.8,900.0,0.003,0.0,25,0.5,0.026884654,0.003743173192979272
9.525,900.033541141423,0.0468490940907909,0.0,0.2,0.2,20.249999999999996,0.8,0.8,900.0,0.003,0.0,25,0.5,0.023357604,0.003743174904844854
9.528,900.0335411568087,0.04684521272266557,0.0,0.2,0.2,20.249999999999996,0.8,0.8,900.0,0.003,0.0,25,0.5,0.023321264,0.003743176612106321
9.531,900.033541172153,0.04684120586789642,0.0,0.2,0.2,20.249999999999996,0.8,0.8,900.0,0.003,0.0,25,0.5,0.027006325,0.003743178313374958
9.534,900.0335411874429,0.04683707452349476,0.0,0.2,0.2,20.249999999999996,0.8,0.8,900.0,0.003,0.0,25,0.5,0.023319423,0.0037431800071159485
9.537,900.0335412026631,0.046832819706114484,0.0,0.2,0.2,20.249999999999996,0.8,0.8,900.0,0.003,0.0,25,0.5,0.023282074,0.0037431816918303148
9.540000000000001,900.0335412178047,0.046828442449267454,0.0,0.2,0.2,20.249999999999996,0.8,0.8,900.0,0.003,0.0,25,0.5,0.026766764,0.00374318336623803
9.543000000000001,900.0335412328513,0.04682394380263201,0.0,0.2,0.2,20.249999999999996,0.8,0.8,900.0,0.003,0.0,25,0.5,0.022795441,0.0037431850293909285
9.546,900.0335412477989,0.04681932483379441,0.0,0.2,0.2,20.249999999999996,0.8,0.8,900.0,0.003,0.0,25,0.5,0.022968592,0.003743186680726213
9.549,900.0335412626386,0.04681458662766635,0.0,0.2,0.2,20.249999999999996,0.8,0.8,900.0,0.003,0.0,25,0.5,0.027231296,0.0037431883200803786
9.552,900.0335412773723,0.04680973028544569,0.0,0.2,0.2,20.249999999999996,0.8,0.8,900.0,0.003,0.0,25,0.5,0.022926442,0.003743189947638854
9.555,900.0335412919995,0.04680475692406725,0.0,0.2,0.2,20.249999999999996,0.8,0.8,900.0,0.003,0.0,25,0.5,0.023139382,0.003743191563864041
9.558,900.0335413065262,0.0467996676762732,0.0,0.2,0.2,20.249999999999996,0.8,0.8,900.0,0.003,0.0,25,0.5,0.027619328,0.0037431931693723375
9.561,900.0335413209548,0.04679446369022667,0.0,0.2,0.2,20.249999999999996,0.8,0.8,900.0,0.003,0.0,25,0.5,0.022939272,0.003743194764823152
9.564,900.0335413352946,0.0467891461291479,0.0,0.2,0.2,20.249999999999996,0.8,0.8,900.0,0.003,0.0,25,0.5,0.023866607,0.0037431963508092452
9.567,900.0335413495472,0.04678371617068823,0.0,0.2,0.2,20.249999999999996,0.8,0.8,900.0,0.003,0.0,25,0.5,0.026830063,0.003743197927763661
9.57,900.0335413637209,0.046778175006412716,0.0,0.2,0.2,20.249999999999996,0.8,0.8,900.0,0.003,0.0,25,0.5,0.02275403,0.0037431994959524722
9.573,900.0335413778165,0.04677252382402106,0.0,0.2,0.2,20.249999999999996,0.8,0.8,900.0,0.003,0.0,25,0.5,0.023602146,0.0037432010553964247
9.576,900.0335413918311,0.046766763794461756,0.0,0.2,0.2,20.249999999999996,0.8,0.8,900.0,0.003,0.0,25,0.5,0.027114285,0.003743202605705852
9.579,900.0335414057633,0.04676089607453561,0.0,0.2,0.2,20.249999999999996,0.8,0.8,900.0,0.003,0.0,25,0.5,0.023210193,0.0037432041460861106
9.582,900.0335414196093,0.046754921831972614,0.0,0.2,0.2,20.249999999999996,0.8,0.8,900.0,0.003,0.0,25,0.5,0.023148883,0.0037432056755211983
9.585,900.0335414333553,0.04674884224466394,0.0,0.2,0.2,20.249999999999996,0.8,0.8,900.0,0.003,0.0,25,0.5,0.026718603,0.003743207192922373
9.588000000000001,900.0335414469926,0.04674265850070284,0.0,0.2,0.2,20.249999999999996,0.8,0.8,900.0,0.003,0.0,25,0.5,0.023559534,0.003743208697266753
9.591000000000001,900.0335414605169,0.046736371793958634,0.0,0.2,0.2,20.249999999999996,0.8,0.8,900.0,0.003,0.0,25,0.5,0.023401424,0.0037432101877252766
9.594,900.0335414739151,0.04672998328627606,0.0,0.2,0.2,20.249999999999996,0.8,0.8,900.0,0.003,0.0,25,0.5,0.028771455,0.0037432116637755664
9.597,900.033541487184,0.04672349415601237,0.0,0.2,0.2,20.249999999999996,0.8,0.8,900.0,0.003,0.0,25,0.5,0.022940802,0.003743213125140339
9.6,900.0335415003234,0.04671690559556597,0.0,0.2,0.2,20.249999999999996,0.8,0.8,900.0,0.003,0.0,25,0.5,0.023629086,0.0037432145717669536
9.603,900.0335415133272,0.04671021880758156,0.0,0.2,0.2,20.249999999999996,0.8,0.8,900.0,0.003,0.0,25,0.5,0.027213586,0.0037432160038046282
9.606,900.0335415262003,0.046703435005586554,0.0,0.2,0.2,20.249999999999996,0.8,0.8,900.0,0.003,0.0,25,0.5,0.023085393,0.0037432174215522715
9.609,900.0335415389485,0.04669655541335632,0.0,0.2,0.2,20.249999999999996,0.8,0.8,900.0,0.003,0.0,25,0.5,0.023236983,0.0037432188255082243
9.612,900.033541551574,0.0466895812522897,0.0,0.2,0.2,20.249999999999996,0.8,0.8,900.0,0.003,0.0,25,0.5,0.027329416,0.0037432202163564044
9.615,900.0335415640822,0.04668251373304631,0.0,0.2,0.2,20.249999999999996,0.8,0.8,900.0,0.003,0.0,25,0.5,0.023677556,0.003743221594905061
9.618,900.0335415764863,0.04667535392145637,0.0,0.2,0.2,20.249999999999996,0.8,0.8,900.0,0.003,0.0,25,0.5,0.022656129,0.003743222962636566
9.621,900.0335415887963,0.046668102657378606,0.0,0.2,0.2,20.249999999999996,0.8,0.8,900.0,0.003,0.0,25,0.5,0.027090685,0.0037432243210827796
9.624,900.0335416010214,0.04666076074590507,0.0,0.2,0.2,20.249999999999996,0.8,0.8,900.0,0.003,0.0,25,0.5,0.022805351,0.003743225671516543
9.627,900.0335416131745,0.0466533289953905,0.0,0.2,0.2,20.249999999999996,0.8,0.8,900.0,0.003,0.0,25,0.5,0.023724286,0.0037432270147738094
9.63,900.0335416252648,0.04664580821760363,0.0,0.2,0.2,20.249999999999996,0.8,0.8,900.0,0.003,0.0,25,0.5,0.026866203,0.0037432283511532683
9.633000000000001,900.0335416372883,0.04663819922885119,0.0,0.2,0.2,20.249999999999996,0.8,0.8,900.0,0.003,0.0,25,0.5,0.023017102,0.0037432296804724777
9.636000000000001,900.0335416492533,0.046630502847910635,0.0,0.2,0.2,20.249999999999996,0.8,0.8,900.0,0.003,0.0,25,0.5,0.023552985,0.0037432310021662933
9.639,900.0335416611498,0.04662271989722735,0.0,0.2,0.2,20.249999999999996,0.8,0.8,900.0,0.003,0.0,25,0.5,0.026841244,0.0037432323154002233
9.642,900.0335416729673,0.046614851203104934,0.0,0.2,0.2,20.249999999999996,0.8,0.8,900.0,0.003,0.0,25,0.5,0.0227877,0.00374323361918213
9.645,900.0335416847017,0.04660689759538999,0.0,0.2,0.2,20.249999999999996,0.8,0.8,900.0,0.003,0.0,25,0.5,0.023387334,0.0037432349124864243
9.648,900.0335416963463,0.04659885990754086,0.0,0.2,0.2,20.249999999999996,0.8,0.8,900.0,0.003,0.0,25,0.5,0.026269711,0.0037432361943640358
9.651,900.0335417078823,0.0465907389766185,0.0,0.2,0.2,20.249999999999996,0.8,0.8,900.0,0.003,0.0,25,0.5,0.023168813,0.003743237464027711
9.654,900.0335417193147,0.046582535643309816,0.0,0.2,0.2,20.249999999999996,0.8,0.8,900.0,0.003,0.0,25,0.5,0.024772482,0.003743238720928905
9.657,900.0335417306275,0.046574250744198215,0.0,0.2,0.2,20.249999999999996,0.8,0.8,900.0,0.003,0.0,25,0.5,0.026802484,0.003743239964771775
9.66,900.0335417418243,0.04656588511330587,0.0,0.2,0.2,20.249999999999996,0.8,0.8,900.0,0.003,0.0,25,0.5,0.02264153,0.003743241195471052
9.663,900.0335417529058,0.0465574395885734,0.0,0.2,0.2,20.249999999999996,0.8,0.8,900.0,0.003,0.0,25,0.5,0.022344298,0.0037432424131067714
9.666,900.0335417638701,0.04654891501314883,0.0,0.2,0.2,20.249999999999996,0.8,0.8,900.0,0.003,0.0,25,0.5,0.026957024,0.00374324361791094
9.669,900.0335417747187,0.046540312229321076,0.0,0.2,0.2,20.249999999999996,0.8,0.8,900.0,0.003,0.0,25,0.5,0.022844771,0.0037432448101394826
9.672,900.0335417854576,0.046531632075082846,0.0,0.2,0.2,20.249999999999996,0.8,0.8,900.0,0.003,0.0,25,0.5,0.022669739,0.003743245990029203
9.675,900.0335417960819,0.046522875393023494,0.0,0.2,0.2,20.249999999999996,0.8,0.8,900.0,0.003,0.0,25,0.5,0.026669863,0.0037432471577725185
9.678,900.0335418065977,0.0465140430307228,0.0,0.2,0.2,20.249999999999996,0.8,0.8,900.0,0.003,0.0,25,0.5,0.022955372,0.0037432483134319434
9.681000000000001,900.0335418170059,0.046505135847182015,0.0,0.2,0.2,20.249999999999996,0.8,0.8,900.0,0.003,0.0,25,0.5,0.022959312,0.0037432494569454226
9.684000000000001,900.0335418273045,0.04649615471123378,0.0,0.2,0.2,20.249999999999996,0.8,0.8,900.0,0.003,0.0,25,0.5,0.026503152,0.003743250588177943
9.687,900.0335418374939,0.0464871004919304,0.0,0.2,0.2,20.249999999999996,0.8,0.8,900.0,0.003,0.0,25,0.5,0.023078842,0.0037432517068867015
9.69,900.0335418475712,0.04647797406274789,0.0,0.2,0.2,20.249999999999996,0.8,0.8,900.0,0.003,0.0,25,0.5,0.022894691,0.0037432528127618533
9.693,900.0335418575308,0.04646877630156262,0.0,0.2,0.2,20.249999999999996,0.8,0.8,900.0,0.003,0.0,25,0.5,0.027097265,0.003743253905489276
9.696,900.0335418673759,0.046459508086872665,0.0,0.2,0.2,20.249999999999996,0.8,0.8,900.0,0.003,0.0,25,0.5,0.022935031,0.003743254984775758
9.699,900.0335418770993,0.046450170299602175,0.0,0.2,0.2,20.249999999999996,0.8,0.8,900.0,0.003,0.0,25,0.5,0.022955162,0.003743256050360869
9.702,900.0335418867002,0.04644076382410349,0.0,0.2,0.2,20.249999999999996,0.8,0.8,900.0,0.003,0.0,25,0.5,0.026521452,0.0037432571021275276
9.705,900.0335418961778,0.04643128952952474,0.0,0.2,0.2,20.249999999999996,0.8,0.8,900.0,0.003,0.0,25,0.5,0.022888941,0.0037432581400076064
9.708,900.0335419055316,0.046421748281947776,0.0,0.2,0.2,20.249999999999996,0.8,0.8,900.0,0.003,0.0,25,0.5,0.022995112,0.003743259163972623
9.711,900.0335419147614,0.04641214095076304,0.0,0.2,0.2,20.249999999999996,0.8,0.8,900.0,0.003,0.0,25,0.5,0.026543272,0.003743260174081689
9.714,900.0335419238666,0.046402468408161264,0.0,0.2,0.2,20.249999999999996,0.8,0.8,900.0,0.003,0.0,25,0.5,0.022871441,0.0037432611704759956
9.717,900.0335419328485,0.04639273153231529,0.0,0.2,0.2,20.249999999999996,0.8,0.8,900.0,0.003,0.0,25,0.5,0.023434164,0.003743262153351685
9.72,900.033541941707,0.04638293120646023,0.0,0.2,0.2,20.249999999999996,0.8,0.8,900.0,0.003,0.0,25,0.5,0.026741993,0.0037432631229422503
9.723,900.0335419504488,0.046373068315990404,0.0,0.2,0.2,20.249999999999996,0.8,0.8,900.0,0.003,0.0,25,0.5,0.023451345,0.0037432640794738247
9.726,900.0335419590724,0.04636314374908745,0.0,0.2,0.2,20.249999999999996,0.8,0.8,900.0,0.003,0.0,25,0.5,0.02434471,0.0037432650231578168
9.729000000000001,900.0335419675837,0.046353158396521474,0.0,0.2,0.2,20.249999999999996,0.8,0.8,900.0,0.003,0.0,25,0.5,0.026385881,0.0037432659541492674
9.732,900.0335419759805,0.04634311315911325,0.0,0.2,0.2,20.249999999999996,0.8,0.8,900.0,0.003,0.0,25,0.5,0.02281707,0.0037432668725765005
9.735,900.0335419842613,0.04633300894665688,0.0,0.2,0.2,20.249999999999996,0.8,0.8,900.0,0.003,0.0,25,0.5,0.022962072,0.0037432677785213734
9.738,900.033541992432,0.04632284662985988,0.0,0.2,0.2,20.249999999999996,0.8,0.8,900.0,0.003,0.0,25,0.5,0.026977745,0.0037432686724905243
9.741,900.033542000497,0.046312626774235865,0.0,0.2,0.2,20.249999999999996,0.8,0.8,900.0,0.003,0.0,25,0.5,0.02272935,0.0037432695548286167
9.744,900.0335420084597,0.04630234989250663,0.0,0.2,0.2,20.249999999999996,0.8,0.8,900.0,0.003,0.0,25,0.5,0.023220693,0.003743270425756652
9.747,900.03354201632,0.04629201650009508,0.0,0.2,0.2,20.249999999999996,0.8,0.8,900.0,0.003,0.0,25,0.5,0.026463272,0.003743271285397737
9.75,900.0335420240746,0.04628162711564983,0.0,0.2,0.2,20.249999999999996,0.8,0.8,900.0,0.003,0.0,25,0.5,0.02258647,0.003743272133761009
9.753,900.0335420317336,0.046271182262953334,0.0,0.2,0.2,20.249999999999996,0.8,0.8,900.0,0.003,0.0,25,0.5,0.022928371,0.0037432729709645676
9.756,900.0335420392954,0.046260682328501355,0.0,0.2,0.2,20.249999999999996,0.8,0.8,900.0,0.003,0.0,25,0.5,0.026528472,0.0037432737986698643
9.759,900.0335420467774,0.04625012670951693,0.0,0.2,0.2,20.249999999999996,0.8,0.8,900.0,0.003,0.0,25,0.5,0.022759021,0.0037432746179319413
9.762,900.0335420541826,0.04623951461567033,0.0,0.2,0.2,20.249999999999996,0.8,0.8,900.0,0.003,0.0,25,0.5,0.023203453,0.0037432754291005107
9.765,900.0335420615127,0.046228845256164365,0.0,0.2,0.2,20.249999999999996,0.8,0.8,900.0,0.003,0.0,25,0.5,0.026549502,0.0037432762319521916
9.768,900.0335420687744,0.04621811784242027,0.0,0.2,0.2,20.249999999999996,0.8,0.8,900.0,0.003,0.0,25,0.5,0.02277645,0.003743277025854034
9.771,900.0335420759508,0.04620733158276494,0.0,0.2,0.2,20.249999999999996,0.8,0.8,900.0,0.003,0.0,25,0.5,0.02274186,0.0037432778099980896
9.774000000000001,900.0335420830413,0.04619648568478045,0.0,0.2,0.2,20.249999999999996,0.8,0.8,900.0,0.003,0.0,25,0.5,0.026382632,0.0037432785836050446
9.777000000000001,900.0335420900441,0.04618557935254047,0.0,0.2,0.2,20.249999999999996,0.8,0.8,900.0,0.003,0.0,25,0.5,0.023616955,0.0037432793462561045
9.78,900.033542096952,0.046174611730786984,0.0,0.2,0.2,20.249999999999996,0.8,0.8,900.0,0.003,0.0,25,0.5,0.023064033,0.0037432800977539775
9.783,900.0335421037595,0.046163581947681026,0.0,0.2,0.2,20.249999999999996,0.8,0.8,900.0,0.003,0.0,25,0.5,0.026850614,0.00374328083814054
9.786,900.0335421104646,0.046152489137798666,0.0,0.2,0.2,20.249999999999996,0.8,0.8,900.0,0.003,0.0,25,0.5,0.022988062,0.0037432815677701002
9.789,900.0335421170756,0.046141332438675985,0.0,0.2,0.2,20.249999999999996,0.8,0.8,900.0,0.003,0.0,25,0.5,0.023329914,0.0037432822873448676
9.792,900.0335421235998,0.046130110909517436,0.0,0.2,0.2,20.249999999999996,0.8,0.8,900.0,0.003,0.0,25,0.5,0.027250407,0.0037432829976512955
9.795,900.0335421300399,0.046118823574549814,0.0,0.2,0.2,20.249999999999996,0.8,0.8,900.0,0.003,0.0,25,0.5,0.02265868,0.0037432836993970637
9.798,900.0335421364001,0.046107469463870406,0.0,0.2,0.2,20.249999999999996,0.8,0.8,900.0,0.003,0.0,25,0.5,0.023180993,0.003743284393213784
9.801,900.0335421426978,0.04609604759080115,0.0,0.2,0.2,20.249999999999996,0.8,0.8,900.0,0.003,0.0,25,0.5,0.026687113,0.003743285079524642
9.804,900.0335421489311,0.0460845566855131,0.0,0.2,0.2,20.249999999999996,0.8,0.8,900.0,0.003,0.0,25,0.5,0.023088572,0.003743285758760622
9.807,900.0335421551029,0.04607299554700959,0.0,0.2,0.2,20.249999999999996,0.8,0.8,900.0,0.003,0.0,25,0.5,0.023041132,0.003743286431111647
9.81,900.0335421612133,0.046061363080071985,0.0,0.2,0.2,20.249999999999996,0.8,0.8,900.0,0.003,0.0,25,0.5,0.026873603,0.0037432870964373894
9.813,900.0335421672607,0.04604965818287194,0.0,0.2,0.2,20.249999999999996,0.8,0.8,900.0,0.003,0.0,25,0.5,0.02276271,0.0037432877544181713
9.816,900.0335421732409,0.04603787976102079,0.0,0.2,0.2,20.249999999999996,0.8,0.8,900.0,0.003,0.0,25,0.5,0.023303133,0.0037432884046265063
9.819,900.0335421791534,0.046026026733072475,0.0,0.2,0.2,20.249999999999996,0.8,0.8,900.0,0.003,0.0,25,0.5,0.027504488,0.0037432890470906
9.822000000000001,900.0335421849993,0.04601409786193,0.0,0.2,0.2,20.249999999999996,0.8,0.8,900.0,0.003,0.0,25,0.5,0.023198812,0.0037432896838791316
9.825000000000001,900.0335421907976,0.046002091352563744,0.0,0.2,0.2,20.249999999999996,0.8,0.8,900.0,0.003,0.0,25,0.5,0.023309373,0.003743290316836316
9.828,900.033542196559,0.04599000537791346,0.0,0.2,0.2,20.249999999999996,0.8,0.8,900.0,0.003,0.0,25,0.5,0.026747283,0.0037432909468205046
9.831,900.0335422022965,0.045977838127207675,0.0,0.2,0.2,20.249999999999996,0.8,0.8,900.0,0.003,0.0,25,0.5,0.023782966,0.0037432915735756
9.834,900.0335422080046,0.045965587806849964,0.0,0.2,0.2,20.249999999999996,0.8,0.8,900.0,0.003,0.0,25,0.5,0.022911561,0.003743292195977206
9.837,900.0335422136732,0.04595325263646514,0.0,0.2,0.2,20.249999999999996,0.8,0.8,900.0,0.003,0.0,25,0.5,0.027032495,0.003743292812409898
9.84,900.0335422192869,0.045940830852382965,0.0,0.2,0.2,20.249999999999996,0.8,0.8,900.0,0.003,0.0,25,0.5,0.022988151,0.003743293421102023
9.843,900.0335422248318,0.04592832071131049,0.0,0.2,0.2,20.249999999999996,0.8,0.8,900.0,0.003,0.0,25,0.5,0.022921191,0.003743294020361607
9.846,900.0335422302952,0.045915720492333875,0.0,0.2,0.2,20.249999999999996,0.8,0.8,900.0,0.003,0.0,25,0.5,0.027424798,0.0037432946087762055
9.849,900.0335422356626,0.045903028495521206,0.0,0.2,0.2,20.249999999999996,0.8,0.8,900.0,0.003,0.0,25,0.5,0.023352994,0.003743295185572826
9.852,900.033542240933,0.045890242950317794,0.0,0.2,0.2,20.249999999999996,0.8,0.8,900.0,0.003,0.0,25,0.5,0.023213603,0.003743295750023715
9.855,900.0335422461003,0.04587736171691517,0.0,0.2,0.2,20.249999999999996,0.8,0.8,900.0,0.003,0.0,25,0.5,0.027455868,0.0037432963018695403
9.858,900.0335422511538,0.04586438286310307,0.0,0.2,0.2,20.249999999999996,0.8,0.8,900.0,0.003,0.0,25,0.5,0.023584705,0.0037432968409185766
9.861,900.033542256093,0.04585130449801955,0.0,0.2,0.2,20.249999999999996,0.8,0.8,900.0,0.003,0.0,25,0.5,0.022978152,0.0037432973670824465
9.864,900.0335422609152,0.0458381247369111,0.0,0.2,0.2,20.249999999999996,0.8,0.8,900.0,0.003,0.0,25,0.5,0.027298527,0.0037432978803216455
9.867,900.0335422656243,0.04582484171651072,0.0,0.2,0.2,20.249999999999996,0.8,0.8,900.0,0.003,0.0,25,0.5,0.022938132,0.0037432983805697814
9.870000000000001,900.0335422702157,0.04581145359923515,0.0,0.2,0.2,20.249999999999996,0.8,0.8,900.0,0.003,0.0,25,0.5,0.023289794,0.003743298867707628
9.873,900.0335422746867,0.04579795857505946,0.0,0.2,0.2,20.249999999999996,0.8,0.8,900.0,0.003,0.0,25,0.5,0.027486247,0.003743299341562075
9.876,900.0335422790438,0.045784354861827935,0.0,0.2,0.2,20.249999999999996,0.8,0.8,900.0,0.003,0.0,25,0.5,0.023058682,0.003743299801967581
9.879,900.0335422832754,0.04577064069120712,0.0,0.2,0.2,20.249999999999996,0.8,0.8,900.0,0.003,0.0,25,0.5,0.023221873,0.0037433002487318864
9.882,900.0335422873894,0.04575681429170935,0.0,0.2,0.2,20.249999999999996,0.8,0.8,900.0,0.003,0.0,25,0.5,0.027634199,0.003743300681574335
9.885,900.0335422913766,0.045742873907168725,0.0,0.2,0.2,20.249999999999996,0.8,0.8,900.0,0.003,0.0,25,0.5,0.023505795,0.0037433011002052127
9.888,900.0335422952368,0.045728817805326345,0.0,0.2,0.2,20.249999999999996,0.8,0.8,900.0,0.003,0.0,25,0.5,0.023113643,0.0037433015043068507
9.891,900.0335422989646,0.04571464428562653,0.0,0.2,0.2,20.249999999999996,0.8,0.8,900.0,0.003,0.0,25,0.5,0.027311676,0.0037433018935557963
9.894,900.0335423025618,0.045700351676398965,0.0,0.2,0.2,20.249999999999996,0.8,0.8,900.0,0.003,0.0,25,0.5,0.023378864,0.003743302267622203
9.897,900.0335423060193,0.04568593833759186,0.0,0.2,0.2,20.249999999999996,0.8,0.8,900.0,0.003,0.0,25,0.5,0.023222913,0.0037433026261913622
9.9,900.0335423093408,0.04567140266179935,0.0,0.2,0.2,20.249999999999996,0.8,0.8,900.0,0.003,0.0,25,0.5,0.027579908,0.0037433029690296248
9.903,900.0335423125199,0.04565674306673671,0.0,0.2,0.2,20.249999999999996,0.8,0.8,900.0,0.003,0.0,25,0.5,0.023788816,0.0037433032959952434
9.906,900.0335423155573,0.045641957994282466,0.0,0.2,0.2,20.249999999999996,0.8,0.8,900.0,0.003,0.0,25,0.5,0.023664055,0.0037433036070076858
9.909,900.033542318451,0.045627045922036716,0.0,0.2,0.2,20.249999999999996,0.8,0.8,900.0,0.003,0.0,25,0.5,0.029312098,0.0037433039020883293
9.912,900.033542321199,0.0456120053627969,0.0,0.2,0.2,20.249999999999996,0.8,0.8,900.0,0.003,0.0,25,0.5,0.02442579,0.0037433041813376504
9.915000000000001,900.0335423238091,0.045596834864864315,0.0,0.2,0.2,20.249999999999996,0.8,0.8,900.0,0.003,0.0,25,0.5,0.023997777,0.0037433044449142606
9.918000000000001,900.0335423262782,0.04558153298606223,0.0,0.2,0.2,20.249999999999996,0.8,0.8,900.0,0.003,0.0,25,0.5,0.028414493,0.0037433046929238726
9.921,900.0335423286082,0.045566098283219746,0.0,0.2,0.2,20.249999999999996,0.8,0.8,900.0,0.003,0.0,25,0.5,0.024904763,0.0037433049254367483
9.924,900.0335423307948,0.04555052934148803,0.0,0.2,0.2,20.249999999999996,0.8,0.8,900.0,0.003,0.0,25,0.5,0.023271754,0.0037433051425419103
9.927,900.0335423328472,0.045534824783160815,0.0,0.2,0.2,20.249999999999996,0.8,0.8,900.0,0.003,0.0,25,0.5,0.0278647,0.00374330534437574
9.93,900.0335423347605,0.04551898327031544,0.0,0.2,0.2,20.249999999999996,0.8,0.8,900.0,0.003,0.0,25,0.5,0.023808206,0.003743305531157628
9.933,900.0335423365382,0.04550300350535045,0.0,0.2,0.2,20.249999999999996,0.8,0.8,900.0,0.003,0.0,25,0.5,0.024097968,0.0037433057032137365
9.936,900.033542338186,0.04548688423079889,0.0,0.2,0.2,20.249999999999996,0.8,0.8,900.0,0.003,0.0,25,0.5,0.027868509,0.0037433058609928527
9.939,900.0335423397038,0.04547062422971429,0.0,0.2,0.2,20.249999999999996,0.8,0.8,900.0,0.003,0.0,25,0.5,0.023623966,0.0037433060050786377
9.942,900.033542341098,0.04545422232567625,0.0,0.2,0.2,20.249999999999996,0.8,0.8,900.0,0.003,0.0,25,0.5,0.024086678,0.003743306136208784
9.945,900.0335423423755,0.04543767737351307,0.0,0.2,0.2,20.249999999999996,0.8,0.8,900.0,0.003,0.0,25,0.5,0.02778546,0.003743306255207101
9.948,900.0335423435458,0.045420988267385984,0.0,0.2,0.2,20.249999999999996,0.8,0.8,900.0,0.003,0.0,25,0.5,0.022954261,0.0037433063629478095
9.951,900.033542344613,0.045404153944402184,0.0,0.2,0.2,20.249999999999996,0.8,0.8,900.0,0.003,0.0,25,0.5,0.024389659,0.0037433064603360384
9.954,900.0335423455901,0.04538717338387314,0.0,0.2,0.2,20.249999999999996,0.8,0.8,900.0,0.003,0.0,25,0.5,0.027363697,0.003743306548305889
9.957,900.0335423464797,0.045370045600477554,0.0,0.2,0.2,20.249999999999996,0.8,0.8,900.0,0.003,0.0,25,0.5,0.024066638,0.003743306627736022
9.96,900.033542347295,0.04535276964918767,0.0,0.2,0.2,20.249999999999996,0.8,0.8,900.0,0.003,0.0,25,0.5,0.023263453,0.0037433066994256164
9.963000000000001,900.0335423480384,0.04533534462938005,0.0,0.2,0.2,20.249999999999996,0.8,0.8,900.0,0.003,0.0,25,0.5,0.028219442,0.003743306764107691
9.966000000000001,900.0335423487196,0.04531776968517976,0.0,0.2,0.2,20.249999999999996,0.8,0.8,900.0,0.003,0.0,25,0.5,0.023651945,0.0037433068224675026
9.969,900.033542349349,0.0453000439970486,0.0,0.2,0.2,20.249999999999996,0.8,0.8,900.0,0.003,0.0,25,0.5,0.023574405,0.0037433068752890978
9.972,900.0335423499306,0.04528216674669186,0.0,0.2,0.2,20.249999999999996,0.8,0.8,900.0,0.003,0.0,25,0.5,0.028474023,0.0037433069231183665
9.975,900.0335423504647,0.045264137156612004,0.0,0.2,0.2,20.249999999999996,0.8,0.8,900.0,0.003,0.0,25,0.5,0.023338033,0.0037433069664370715
9.978,900.0335423509555,0.04524595449443955,0.0,0.2,0.2,20.249999999999996,0.8,0.8,900.0,0.003,0.0,25,0.5,0.023850026,0.003743307005704617
9.981,900.0335423514161,0.04522761807736602,0.0,0.2,0.2,20.249999999999996,0.8,0.8,900.0,0.003,0.0,25,0.5,0.027783899,0.0037433070413419134
9.984,900.0335423518411,0.045209127274762645,0.0,0.2,0.2,20.249999999999996,0.8,0.8,900.0,0.003,0.0,25,0.5,0.023467125,0.0037433070736278174
9.987,900.0335423522371,0.045190481528034836,0.0,0.2,0.2,20.249999999999996,0.8,0.8,900.0,0.003,0.0,25,0.5,0.023103103,0.0037433071028111146
9.99,900.0335423526028,0.045171680327975236,0.0,0.2,0.2,20.249999999999996,0.8,0.8,900.0,0.003,0.0,25,0.5,0.026955704,0.0037433071291687126
9.993,900.0335423529438,0.04515272321147145,0.0,0.2,0.2,20.249999999999996,0.8,0.8,900.0,0.003,0.0,25,0.5,0.02283312,0.0037433071530151274
9.996,900.0335423532633,0.0451336097612096,0.0,0.2,0.2,20.249999999999996,0.8,0.8,900.0,0.003,0.0,25,0.5,0.023506125,0.003743307174699885
9.999,900.0335423535639,0.04511433960383574,0.0,0.2,0.2,20.249999999999996,0.8,0.8,900.0,0.003,0.0,25,0.5,0.026781113,0.0037433071946432143
10.002,900.0335423538464,0.045094912394052326,0.0,0.2,0.2,20.249999999999996,0.8,0.8,900.0,0.003,0.0,25,0.5,0.023869127,0.0037433072132674193
10.005,900.0335423541218,0.045075327813427275,0.0,0.2,0.2,20.249999999999996,0.8,0.8,900.0,0.003,0.0,25,0.5,0.024150848,0.003743307231219001
10.008000000000001,900.033542354388,0.045055585476422834,0.0,0.2,0.2,20.249999999999996,0.8,0.8,900.0,0.003,0.0,25,0.5,0.027365077,0.0037433072494233895
10.011000000000001,900.0335423546576,0.04503568496392784,0.0,0.2,0.2,20.249999999999996,0.8,0.8,900.0,0.003,0.0,25,0.5,0.024115608,0.003743307268730889
10.014,900.0335423549374,0.04501562587589969,0.0,0.2,0.2,20.249999999999996,0.8,0.8,900.0,0.003,0.0,25,0.5,0.023482225,0.0037433072896675234
10.017,900.0335423552341,0.044995407845452806,0.0,0.2,0.2,20.249999999999996,0.8,0.8,900.0,0.003,0.0,25,0.5,0.027485137,0.0037433073125024197
10.02,900.0335423555449,0.04497503054372744,0.0,0.2,0.2,20.249999999999996,0.8,0.8,900.0,0.003,0.0,25,0.5,0.023575905,0.0037433073372693565
10.023,900.0335423558746,0.04495449369030918,0.0,0.2,0.2,20.249999999999996,0.8,0.8,900.0,0.003,0.0,25,0.5,0.023290964,0.0037433073637865234
10.026,900.033542356217,0.04493379705367855,0.0,0.2,0.2,20.249999999999996,0.8,0.8,900.0,0.003,0.0,25,0.5,0.028173541,0.003743307391665654
10.029,900.0335423565742,0.044912940451237386,0.0,0.2,0.2,20.249999999999996,0.8,0.8,900.0,0.003,0.0,25,0.5,0.023578795,0.0037433074204073686
10.032,900.0335423569378,0.044891923728902335,0.0,0.2,0.2,20.249999999999996,0.8,0.8,900.0,0.003,0.0,25,0.5,0.023967358,0.0037433074503911362
10.035,900.0335423573181,0.04487074652029889,0.0,0.2,0.2,20.249999999999996,0.8,0.8,900.0,0.003,0.0,25,0.5,0.027256446,0.003743307482039164
10.038,900.0335423577104,0.04484940842438092,0.0,0.2,0.2,20.249999999999996,0.8,0.8,900.0,0.003,0.0,25,0.5,0.023688406,0.0037433075152135714
10.041,900.0335423581179,0.04482790908512129,0.0,0.2,0.2,20.249999999999996,0.8,0.8,900.0,0.003,0.0,25,0.5,0.023730995,0.003743307549291318
10.044,900.0335423585315,0.04480624819156099,0.0,0.2,0.2,20.249999999999996,0.8,0.8,900.0,0.003,0.0,25,0.5,0.027627358,0.003743307583351429
10.047,900.0335423589455,0.04478442547758684,0.0,0.2,0.2,20.249999999999996,0.8,0.8,900.0,0.003,0.0,25,0.5,0.023228163,0.0037433076163329096
10.05,900.0335423593486,0.044762440721732584,0.0,0.2,0.2,20.249999999999996,0.8,0.8,900.0,0.003,0.0,25,0.5,0.023538055,0.0037433076471344888
10.053,900.0335423597314,0.04474029374699063,0.0,0.2,0.2,20.249999999999996,0.8,0.8,900.0,0.003,0.0,25,0.5,0.026860114,0.0037433076746734672
10.056000000000001,900.0335423600873,0.04471798442365998,0.0,0.2,0.2,20.249999999999996,0.8,0.8,900.0,0.003,0.0,25,0.5,0.023448515,0.0037433076979171537
10.059000000000001,900.0335423604057,0.044695512668181975,0.0,0.2,0.2,20.249999999999996,0.8,0.8,900.0,0.003,0.0,25,0.5,0.023357864,0.0037433077159214753
10.062,900.0335423606737,0.04467287844022122,0.0,0.2,0.2,20.249999999999996,0.8,0.8,900.0,0.003,0.0,25,0.5,0.026706753,0.0037433077278833464
10.065,900.0335423608892,0.044650081743209696,0.0,0.2,0.2,20.249999999999996,0.8,0.8,900.0,0.003,0.0,25,0.5,0.022715041,0.0037433077331654545
10.068,900.0335423610438,0.04462712262420043,0.0,0.2,0.2,20.249999999999996,0.8,0.8,900.0,0.003,0.0,25,0.5,0.023747656,0.00374330773130687
10.071,900.0335423611307,0.044604001173579155,0.0,0.2,0.2,20.249999999999996,0.8,0.8,900.0,0.003,0.0,25,0.5,0.027441618,0.003743307721980907
10.074,900.0335423611566,0.044580717528927685,0.0,0.2,0.2,20.249999999999996,0.8,0.8,900.0,0.003,0.0,25,0.5,0.023245453,0.003743307704854624
10.077,900.0335423611092,0.044557271898536664,0.0,0.2,0.2,20.249999999999996,0.8,0.8,900.0,0.003,0.0,25,0.5,0.022776701,0.0037433076796516513
10.08,900.03354236099,0.04453366453765978,0.0,0.2,0.2,20.249999999999996,0.8,0.8,900.0,0.003,0.0,25,0.5,0.026726653,0.0037433076461925543
10.083,900.0335423607954,0.044509895741654766,0.0,0.2,0.2,20.249999999999996,0.8,0.8,900.0,0.003,0.0,25,0.5,0.02271274,0.0037433076043136516
10.086,900.0335423605266,0.04448596585650198,0.0,0.2,0.2,20.249999999999996,0.8,0.8,900.0,0.003,0.0,25,0.5,0.022869761,0.0037433075538136264
10.089,900.0335423601784,0.044461875275569884,0.0,0.2,0.2,20.249999999999996,0.8,0.8,900.0,0.003,0.0,25,0.5,0.026476731,0.00374330749445187
10.092,900.0335423597504,0.044437624434006104,0.0,0.2,0.2,20.249999999999996,0.8,0.8,900.0,0.003,0.0,25,0.5,0.02266487,0.0037433074259605606
10.095,900.0335423592389,0.04441321380638603,0.0,0.2,0.2,20.249999999999996,0.8,0.8,900.0,0.003,0.0,25,0.5,0.02271245,0.0037433073480909102
10.098,900.0335423586464,0.044388643895340175,0.0,0.2,0.2,20.249999999999996,0.8,0.8,900.0,0.003,0.0,25,0.5,0.026631493,0.0037433072606673865
10.101,900.0335423579702,0.044363915049147766,0.0,0.2,0.2,20.249999999999996,0.8,0.8,900.0,0.003,0.0,25,0.5,0.023095822,0.0037433071631349053
10.104000000000001,900.0335423571989,0.04433902756379196,0.0,0.2,0.2,20.249999999999996,0.8,0.8,900.0,0.003,0.0,25,0.5,0.022928651,0.00374330705445354
10.107000000000001,900.0335423563292,0.04431398177133635,0.0,0.2,0.2,20.249999999999996,0.8,0.8,900.0,0.003,0.0,25,0.5,0.026440142,0.0037433069334581164
10.11,900.0335423553519,0.044288778038281074,0.0,0.2,0.2,20.249999999999996,0.8,0.8,900.0,0.003,0.0,25,0.5,0.022804541,0.0037433067991035755
10.113,900.0335423542491,0.044263416764530876,0.0,0.2,0.2,20.249999999999996,0.8,0.8,900.0,0.003,0.0,25,0.5,0.022901492,0.0037433066506627815
10.116,900.033542353022,0.04423789838137161,0.0,0.2,0.2,20.249999999999996,0.8,0.8,900.0,0.003,0.0,25,0.5,0.026858734,0.003743306487829881
10.119,900.0335423516644,0.0442122233538384,0.0,0.2,0.2,20.249999999999996,0.8,0.8,900.0,0.003,0.0,25,0.5,0.022944932,0.003743306310756457
10.122,900.0335423501816,0.044186392179904416,0.0,0.2,0.2,20.249999999999996,0.8,0.8,900.0,0.003,0.0,25,0.5,0.022860011,0.0037433061209870273
10.125,900.0335423485892,0.04416040494448567,0.0,0.2,0.2,20.249999999999996,0.8,0.8,900.0,0.003,0.0,25,0.5,0.026800484,0.0037433059217720035
10.128,900.0335423469127,0.0441342611391558,0.0,0.2,0.2,20.249999999999996,0.8,0.8,900.0,0.003,0.0,25,0.5,0.023034102,0.0037433057156227036
10.131,900.0335423451735,0.0441079602725496,0.0,0.2,0.2,20.249999999999996,0.8,0.8,900.0,0.003,0.0,25,0.5,0.023377143,0.0037433055043293176
10.134,900.0335423433881,0.044081501865351716,0.0,0.2,0.2,20.249999999999996,0.8,0.8,900.0,0.003,0.0,25,0.5,0.026519342,0.0037433052891187317
10.137,900.0335423415675,0.04405488542044612,0.0,0.2,0.2,20.249999999999996,0.8,0.8,900.0,0.003,0.0,25,0.5,0.023218133,0.003743305070742963
10.14,900.0335423397192,0.0440281104694169,0.0,0.2,0.2,20.249999999999996,0.8,0.8,900.0,0.003,0.0,25,0.5,0.022936532,0.0037433048496739703
10.143,900.033542337846,0.044001176575243134,0.0,0.2,0.2,20.249999999999996,0.8,0.8,900.0,0.003,0.0,25,0.5,0.026257791,0.0037433046261687573
10.146,900.0335423359511,0.04397408333184317,0.0,0.2,0.2,20.249999999999996,0.8,0.8,900.0,0.003,0.0,25,0.5,0.02260951,0.0037433044003120585
10.149000000000001,900.0335423340348,0.04394683035897169,0.0,0.2,0.2,20.249999999999996,0.8,0.8,900.0,0.003,0.0,25,0.5,0.024123118,0.0037433041720972074
10.152000000000001,900.033542332099,0.04391941729812075,0.0,0.2,0.2,20.249999999999996,0.8,0.8,900.0,0.003,0.0,25,0.5,0.026887824,0.003743303941490729
10.155,900.0335423301392,0.0438918438200821,0.0,0.2,0.2,20.249999999999996,0.8,0.8,900.0,0.003,0.0,25,0.5,0.023296683,0.0037433037085504092
10.158,900.0335423281585,0.04386410962304712,0.0,0.2,0.2,20.249999999999996,0.8,0.8,900.0,0.003,0.0,25,0.5,0.023156603,0.0037433034734810494
10.161,900.0335423261587,0.04383621443192411,0.0,0.2,0.2,20.249999999999996,0.8,0.8,900.0,0.003,0.0,25,0.5,0.027216105,0.0037433032366635155
10.164,900.0335423241429,0.04380815799737125,0.0,0.2,0.2,20.249999999999996,0.8,0.8,900.0,0.003,0.0,25,0.5,0.023047702,0.003743302998723206
10.167,900.0335423221161,0.04377994008390188,0.0,0.2,0.2,20.249999999999996,0.8,0.8,900.0,0.003,0.0,25,0.5,0.022987582,0.003743302760460372
10.17,900.0335423200909,0.04375156046458298,0.0,0.2,0.2,20.249999999999996,0.8,0.8,900.0,0.003,0.0,25,0.5,0.026834044,0.003743302522702514
10.173,900.0335423180677,0.04372301893275254,0.0,0.2,0.2,20.249999999999996,0.8,0.8,900.0,0.003,0.0,25,0.5,0.023203442,0.003743302286271125
10.176,900.033542316054,0.043694315307152884,0.0,0.2,0.2,20.249999999999996,0.8,0.8,900.0,0.003,0.0,25,0.5,0.023448994,0.003743302051973094
10.179,900.0335423140727,0.04366544940564466,0.0,0.2,0.2,20.249999999999996,0.8,0.8,900.0,0.003,0.0,25,0.5,0.029391129,0.003743301820748645
10.182,900.0335423121219,0.04363642083730159,0.0,0.2,0.2,20.249999999999996,0.8,0.8,900.0,0.003,0.0,25,0.5,0.024634781,0.0037433015932660605
10.185,900.0335423102027,0.0436072293733356,0.0,0.2,0.2,20.249999999999996,0.8,0.8,900.0,0.003,0.0,25,0.5,0.024445401,0.003743301369870499
10.188,900.0335423083204,0.04357787484073516,0.0,0.2,0.2,20.249999999999996,0.8,0.8,900.0,0.003,0.0,25,0.5,0.029062677,0.003743301150656543
10.191,900.0335423064761,0.043548357074665325,0.0,0.2,0.2,20.249999999999996,0.8,0.8,900.0,0.003,0.0,25,0.5,0.02451853,0.0037433009355071194
10.194,900.0335423046685,0.043518675923099936,0.0,0.2,0.2,20.249999999999996,0.8,0.8,900.0,0.003,0.0,25,0.5,0.024982143,0.0037433007240752964
10.197000000000001,900.0335423028928,0.043488831257111366,0.0,0.2,0.2,20.249999999999996,0.8,0.8,900.0,0.003,0.0,25,0.5,0.028384043,0.00374330051588371
10.200000000000001,900.0335423011495,0.043458822958266856,0.0,0.2,0.2,20.249999999999996,0.8,0.8,900.0,0.003,0.0,25,0.5,0.023463584,0.0037433003107136646
10.203,900.0335422994314,0.043428650810097634,0.0,0.2,0.2,20.249999999999996,0.8,0.8,900.0,0.003,0.0,25,0.5,0.024747792,0.0037433001084079855
10.206,900.0335422977421,0.04339831458841392,0.0,0.2,0.2,20.249999999999996,0.8,0.8,900.0,0.003,0.0,25,0.5,0.02790363,0.00374329990889747
10.209,900.0335422960749,0.04336781407207588,0.0,0.2,0.2,20.249999999999996,0.8,0.8,900.0,0.003,0.0,25,0.5,0.024563891,0.0037432997120617102
10.212,900.0335422944372,0.043337149058019844,0.0,0.2,0.2,20.249999999999996,0.8,0.8,900.0,0.003,0.0,25,0.5,0.02431228,0.003743299517747626
10.215,900.0335422928215,0.043306319341657136,0.0,0.2,0.2,20.249999999999996,0.8,0.8,900.0,0.003,0.0,25,0.5,0.02785168,0.0037432993255450127
10.218,900.0335422912267,0.04327532473321816,0.0,0.2,0.2,20.249999999999996,0.8,0.8,900.0,0.003,0.0,25,0.5,0.023429694,0.003743299134838774
10.221,900.0335422896433,0.043244165059263644,0.0,0.2,0.2,20.249999999999996,0.8,0.8,900.0,0.003,0.0,25,0.5,0.0245456,0.0037432989449110283
10.224,900.0335422880694,0.04321284014802149,0.0,0.2,0.2,20.249999999999996,0.8,0.8,900.0,0.003,0.0,25,0.5,0.028398813,0.0037432987549394716
10.227,900.0335422864973,0.04318134981220214,0.0,0.2,0.2,20.249999999999996,0.8,0.8,900.0,0.003,0.0,25,0.5,0.024103628,0.003743298563853943
10.23,900.0335422849097,0.043149693888214435,0.0,0.2,0.2,20.249999999999996,0.8,0.8,900.0,0.003,0.0,25,0.5,0.023486504,0.0037432983704217223
10.233,900.0335422833045,0.043117872226414763,0.0,0.2,0.2,20.249999999999996,0.8,0.8,900.0,0.003,0.0,25,0.5,0.028225912,0.0037432981731713322
10.236,900.0335422816644,0.04308588469168407,0.0,0.2,0.2,20.249999999999996,0.8,0.8,900.0,0.003,0.0,25,0.5,0.023563085,0.003743297970498631
10.239,900.0335422799764,0.04305373113871332,0.0,0.2,0.2,20.249999999999996,0.8,0.8,900.0,0.003,0.0,25,0.5,0.023552945,0.0037432977608096393
10.242,900.0335422782249,0.04302141142125245,0.0,0.2,0.2,20.249999999999996,0.8,0.8,900.0,0.003,0.0,25,0.5,0.027149786,0.0037432975428209323
10.245000000000001,900.0335422763993,0.04298892542725876,0.0,0.2,0.2,20.249999999999996,0.8,0.8,900.0,0.003,0.0,25,0.5,0.023542025,0.003743297315650616
10.248,900.0335422744887,0.042956273070012964,0.0,0.2,0.2,20.249999999999996,0.8,0.8,900.0,0.003,0.0,25,0.5,0.023137823,0.0037432970787414565
10.251,900.0335422724942,0.04292345428285094,0.0,0.2,0.2,20.249999999999996,0.8,0.8,900.0,0.003,0.0,25,0.5,0.026953334,0.003743296831863407
10.254,900.0335422704103,0.04289046898165101,0.0,0.2,0.2,20.249999999999996,0.8,0.8,900.0,0.003,0.0,25,0.5,0.023181583,0.0037432965748804693
10.257,900.0335422682298,0.04285731709642361,0.0,0.2,0.2,20.249999999999996,0.8,0.8,900.0,0.003,0.0,25,0.5,0.023732845,0.0037432963076374894
10.26,900.0335422659623,0.042823998582096144,0.0,0.2,0.2,20.249999999999996,0.8,0.8,900.0,0.003,0.0,25,0.5,0.026421481,0.003743296029908861
10.263,900.0335422635986,0.04279051341778585,0.0,0.2,0.2,20.249999999999996,0.8,0.8,900.0,0.003,0.0,25,0.5,0.023534865,0.003743295741349071
10.266,900.0335422611385,0.04275686159676644,0.0,0.2,0.2,20.249999999999996,0.8,0.8,900.0,0.003,0.0,25,0.5,0.022933081,0.0037432954414461476
10.269,900.0335422585749,0.042723043128286876,0.0,0.2,0.2,20.249999999999996,0.8,0.8,900.0,0.003,0.0,25,0.5,0.026677323,0.003743295129502509
10.272,900.0335422559017,0.04268905804238218,0.0,0.2,0.2,20.249999999999996,0.8,0.8,900.0,0.003,0.0,25,0.5,0.023023532,0.00374329480472473
10.275,900.0335422531155,0.04265490638776271,0.0,0.2,0.2,20.249999999999996,0.8,0.8,900.0,0.003,0.0,25,0.5,0.023227462,0.0037432944662901518
10.278,900.0335422502039,0.04262058823112285,0.0,0.2,0.2,20.249999999999996,0.8,0.8,900.0,0.003,0.0,25,0.5,0.026793904,0.0037432941133892198
10.281,900.0335422471632,0.04258610366295477,0.0,0.2,0.2,20.249999999999996,0.8,0.8,900.0,0.003,0.0,25,0.5,0.022903851,0.003743293745261051
10.284,900.0335422439842,0.04255145279956405,0.0,0.2,0.2,20.249999999999996,0.8,0.8,900.0,0.003,0.0,25,0.5,0.022902442,0.003743293361215059
10.287,900.033542240664,0.04251663578217618,0.0,0.2,0.2,20.249999999999996,0.8,0.8,900.0,0.003,0.0,25,0.5,0.026593932,0.003743292960691827
10.290000000000001,900.0335422371932,0.0424816527656428,0.0,0.2,0.2,20.249999999999996,0.8,0.8,900.0,0.003,0.0,25,0.5,0.022895492,0.0037432925433002946
10.293000000000001,900.0335422335737,0.04244650391210612,0.0,0.2,0.2,20.249999999999996,0.8,0.8,900.0,0.003,0.0,25,0.5,0.023446994,0.0037432921088938315
10.296,900.0335422297978,0.04241118935453192,0.0,0.2,0.2,20.249999999999996,0.8,0.8,900.0,0.003,0.0,25,0.5,0.027391467,0.0037432916574918385
10.299,900.0335422258707,0.04237570922050769,0.0,0.2,0.2,20.249999999999996,0.8,0.8,900.0,0.003,0.0,25,0.5,0.023490095,0.003743291189360949
10.302,900.033542221791,0.04234006361436245,0.0,0.2,0.2,20.249999999999996,0.8,0.8,900.0,0.003,0.0,25,0.5,0.023129682,0.0037432907048184456
10.305,900.0335422175672,0.04230425266546333,0.0,0.2,0.2,20.249999999999996,0.8,0.8,900.0,0.003,0.0,25,0.5,0.027166645,0.003743290204250468
10.308,900.0335422131974,0.04226827652920612,0.0,0.2,0.2,20.249999999999996,0.8,0.8,900.0,0.003,0.0,25,0.5,0.022972071,0.003743289688093165
10.311,900.0335422086868,0.0422321353864733,0.0,0.2,0.2,20.249999999999996,0.8,0.8,900.0,0.003,0.0,25,0.5,0.023666245,0.0037432891568162977
10.314,900.033542204039,0.04219582944434957,0.0,0.2,0.2,20.249999999999996,0.8,0.8,900.0,0.003,0.0,25,0.5,0.027217976,0.003743288610912677
10.317,900.0335421992596,0.04215935893459273,0.0,0.2,0.2,20.249999999999996,0.8,0.8,900.0,0.003,0.0,25,0.5,0.022869692,0.0037432880509471788
10.32,900.033542194354,0.042122724098323905,0.0,0.2,0.2,20.249999999999996,0.8,0.8,900.0,0.003,0.0,25,0.5,0.023022532,0.0037432874775036
10.323,900.0335421893265,0.04208592519969973,0.0,0.2,0.2,20.249999999999996,0.8,0.8,900.0,0.003,0.0,25,0.5,0.026915454,0.0037432868911491312
10.326,900.0335421841806,0.042048962529738,0.0,0.2,0.2,20.249999999999996,0.8,0.8,900.0,0.003,0.0,25,0.5,0.022947141,0.003743286292440123
10.329,900.0335421789267,0.04201183640601889,0.0,0.2,0.2,20.249999999999996,0.8,0.8,900.0,0.003,0.0,25,0.5,0.023459844,0.0037432856820910003
10.332,900.0335421735699,0.04197454710038127,0.0,0.2,0.2,20.249999999999996,0.8,0.8,900.0,0.003,0.0,25,0.5,0.027402316,0.003743285061725437
10.335,900.0335421681227,0.041937094546628945,0.0,0.2,0.2,20.249999999999996,0.8,0.8,900.0,0.003,0.0,25,0.5,0.023001651,0.003743284432493295
10.338000000000001,900.0335421625971,0.041899478625904506,0.0,0.2,0.2,20.249999999999996,0.8,0.8,900.0,0.003,0.0,25,0.5,0.023405904,0.0037432837952722153
10.341000000000001,900.0335421569977,0.04186169924116723,0.0,0.2,0.2,20.249999999999996,0.8,0.8,900.0,0.003,0.0,25,0.5,0.026953995,0.003743283150801579
10.344,900.0335421513314,0.04182375630751494,0.0,0.2,0.2,20.249999999999996,0.8,0.8,900.0,0.003,0.0,25,0.5,0.023290033,0.003743282499730703
10.347,900.0335421456077,0.04178564972825536,0.0,0.2,0.2,20.249999999999996,0.8,0.8,900.0,0.003,0.0,25,0.5,0.023357004,0.0037432818426040857
10.35,900.0335421398299,0.041747379426330646,0.0,0.2,0.2,20.249999999999996,0.8,0.8,900.0,0.003,0.0,25,0.5,0.026980945,0.003743281179892536
10.353,900.0335421339986,0.04170894535598875,0.0,0.2,0.2,20.249999999999996,0.8,0.8,900.0,0.003,0.0,25,0.5,0.02279271,0.0037432805120199138
10.356,900.0335421281192,0.041670347512622725,0.0,0.2,0.2,20.249999999999996,0.8,0.8,900.0,0.003,0.0,25,0.5,0.023211453,0.0037432798394801394
10.359,900.0335421221986,0.04163158592039241,0.0,0.2,0.2,20.249999999999996,0.8,0.8,900.0,0.003,0.0,25,0.5,0.026571332,0.0037432791628108407
10.362,900.0335421162409,0.04159266062778582,0.0,0.2,0.2,20.249999999999996,0.8,0.8,900.0,0.003,0.0,25,0.5,0.022955411,0.00374327848260642
10.365,900.0335421102485,0.041553571709359326,0.0,0.2,0.2,20.249999999999996,0.8,0.8,900.0,0.003,0.0,25,0.5,0.023003251,0.0037432777995051246
10.368,900.0335421042322,0.04151431926904938,0.0,0.2,0.2,20.249999999999996,0.8,0.8,900.0,0.003,0.0,25,0.5,0.027231526,0.003743277114209188
10.371,900.0335420981954,0.041474903437487505,0.0,0.2,0.2,20.249999999999996,0.8,0.8,900.0,0.003,0.0,25,0.5,0.022849601,0.00374327642746837
10.374,900.0335420921429,0.04143532437141368,0.0,0.2,0.2,20.249999999999996,0.8,0.8,900.0,0.003,0.0,25,0.5,0.022804611,0.003743275740056472
10.377,900.0335420860864,0.04139558225343962,0.0,0.2,0.2,20.249999999999996,0.8,0.8,900.0,0.003,0.0,25,0.5,0.027029295,0.0037432750527416937
10.38,900.0335420800262,0.041355677291683324,0.0,0.2,0.2,20.249999999999996,0.8,0.8,900.0,0.003,0.0,25,0.5,0.023127373,0.003743274366254768
10.383000000000001,900.0335420739774,0.04131560971910245,0.0,0.2,0.2,20.249999999999996,0.8,0.8,900.0,0.003,0.0,25,0.5,0.023551465,0.0037432736812731456
10.386000000000001,900.0335420679411,0.041275379792238075,0.0,0.2,0.2,20.249999999999996,0.8,0.8,900.0,0.003,0.0,25,0.5,0.026794814,0.0037432729983682377
10.389,900.0335420619173,0.041234987794105886,0.0,0.2,0.2,20.249999999999996,0.8,0.8,900.0,0.003,0.0,25,0.5,0.023147753,0.0037432723180094193
10.392,900.0335420559202,0.04119443403477146,0.0,0.2,0.2,20.249999999999996,0.8,0.8,900.0,0.003,0.0,25,0.5,0.023329263,0.0037432716405573843
10.395,900.0335420499472,0.04115371885128979,0.0,0.2,0.2,20.249999999999996,0.8,0.8,900.0,0.003,0.0,25,0.5,0.026957064,0.003743270966287563
10.398,900.0335420440035,0.041112842606535804,0.0,0.2,0.2,20.249999999999996,0.8,0.8,900.0,0.003,0.0,25,0.5,0.023058742,0.003743270295438495
10.401,900.0335420380891,0.04107180568267001,0.0,0.2,0.2,20.249999999999996,0.8,0.8,900.0,0.003,0.0,25,0.5,0.022949151,0.0037432696281458357
10.404,900.0335420322035,0.041030608485660425,0.0,0.2,0.2,20.249999999999996,0.8,0.8,900.0,0.003,0.0,25,0.5,0.027719309,0.003743268964479541
10.407,900.0335420263532,0.040989251441545776,0.0,0.2,0.2,20.249999999999996,0.8,0.8,900.0,0.003,0.0,25,0.5,0.023588615,0.0037432683044460523
10.41,900.0335420205358,0.040947734999828365,0.0,0.2,0.2,20.249999999999996,0.8,0.8,900.0,0.003,0.0,25,0.5,0.023098563,0.003743267647978276
10.413,900.0335420147493,0.04090605963452831,0.0,0.2,0.2,20.249999999999996,0.8,0.8,900.0,0.003,0.0,25,0.5,0.026942435,0.003743266994947499
10.416,900.0335420089926,0.040864225845198984,0.0,0.2,0.2,20.249999999999996,0.8,0.8,900.0,0.003,0.0,25,0.5,0.022927711,0.0037432663452288653
10.419,900.033542003266,0.04082223415763883,0.0,0.2,0.2,20.249999999999996,0.8,0.8,900.0,0.003,0.0,25,0.5,0.023211492,0.003743265698706988
10.422,900.0335419975657,0.0407800851267234,0.0,0.2,0.2,20.249999999999996,0.8,0.8,900.0,0.003,0.0,25,0.5,0.026843294,0.0037432650552994408
10.425,900.0335419918919,0.04073777933208244,0.0,0.2,0.2,20.249999999999996,0.8,0.8,900.0,0.003,0.0,25,0.5,0.023579875,0.0037432644149587024
10.428,900.0335419862473,0.04069531737794238,0.0,0.2,0.2,20.249999999999996,0.8,0.8,900.0,0.003,0.0,25,0.5,0.023214263,0.003743263777675052
10.431000000000001,900.033541980627,0.04065269989481145,0.0,0.2,0.2,20.249999999999996,0.8,0.8,900.0,0.003,0.0,25,0.5,0.026787043,0.0037432631434548003
10.434000000000001,900.0335419750378,0.0406099275394946,0.0,0.2,0.2,20.249999999999996,0.8,0.8,900.0,0.003,0.0,25,0.5,0.022843911,0.00374326251229596
10.437,900.0335419694723,0.04056700099510051,0.0,0.2,0.2,20.249999999999996,0.8,0.8,900.0,0.003,0.0,25,0.5,0.02283824,0.003743261884179605
10.44,900.0335419639354,0.040523920971262346,0.0,0.2,0.2,20.249999999999996,0.8,0.8,900.0,0.003,0.0,25,0.5,0.026945565,0.003743261259047693
10.443,900.0335419584233,0.04048068820471978,0.0,0.2,0.2,20.249999999999996,0.8,0.8,900.0,0.003,0.0,25,0.5,0.023038252,0.0037432606367979585
10.446,900.0335419529364,0.04043730345712803,0.0,0.2,0.2,20.249999999999996,0.8,0.8,900.0,0.003,0.0,25,0.5,0.023203353,0.0037432600172711177
10.449,900.0335419474732,0.04039376751547147,0.0,0.2,0.2,20.249999999999996,0.8,0.8,900.0,0.003,0.0,25,0.5,0.026957464,0.003743259400263359
10.452,900.0335419420314,0.040350081192677106,0.0,0.2,0.2,20.249999999999996,0.8,0.8,900.0,0.003,0.0,25,0.5,0.023064961,0.003743258785532316
10.455,900.0335419366107,0.040306245327496104,0.0,0.2,0.2,20.249999999999996,0.8,0.8,900.0,0.003,0.0,25,0.5,0.023487705,0.0037432581728261537
10.458,900.0335419312037,0.040262260779053705,0.0,0.2,0.2,20.249999999999996,0.8,0.8,900.0,0.003,0.0,25,0.5,0.02797182,0.0037432575618766557
10.461,900.0335419258184,0.04021812843076732,0.0,0.2,0.2,20.249999999999996,0.8,0.8,900.0,0.003,0.0,25,0.5,0.023840327,0.0037432569524284325
10.464,900.03354192044,0.040173849190839626,0.0,0.2,0.2,20.249999999999996,0.8,0.8,900.0,0.003,0.0,25,0.5,0.024854283,0.0037432563442252684
10.467,900.0335419150779,0.040129423994628335,0.0,0.2,0.2,20.249999999999996,0.8,0.8,900.0,0.003,0.0,25,0.5,0.029496019,0.0037432557370174115
10.47,900.0335419097191,0.040084853805647594,0.0,0.2,0.2,20.249999999999996,0.8,0.8,900.0,0.003,0.0,25,0.5,0.024929322,0.0037432551305962548
10.473,900.0335419043666,0.04004013961412084,0.0,0.2,0.2,20.249999999999996,0.8,0.8,900.0,0.003,0.0,25,0.5,0.024707652,0.0037432545247905796
10.476,900.0335418990217,0.039995282430778545,0.0,0.2,0.2,20.249999999999996,0.8,0.8,900.0,0.003,0.0,25,0.5,0.029079536,0.0037432539194508685
10.479000000000001,900.0335418936795,0.039950283278602394,0.0,0.2,0.2,20.249999999999996,0.8,0.8,900.0,0.003,0.0,25,0.5,0.024907843,0.003743253314447093
10.482000000000001,900.0335418883409,0.03990514320268897,0.0,0.2,0.2,20.249999999999996,0.8,0.8,900.0,0.003,0.0,25,0.5,0.025001524,0.003743252709668358
10.485,900.0335418830002,0.039859863274702666,0.0,0.2,0.2,20.249999999999996,0.8,0.8,900.0,0.003,0.0,25,0.5,0.028521943,0.0037432521050304924
10.488,900.0335418776633,0.03981444458651493,0.0,0.2,0.2,20.249999999999996,0.8,0.8,900.0,0.003,0.0,25,0.5,0.023721776,0.0037432515005530716
10.491,900.033541872327,0.039768888206483506,0.0,0.2,0.2,20.249999999999996,0.8,0.8,900.0,0.003,0.0,25,0.5,0.023523614,0.0037432508962105416
10.494,900.0335418669914,0.0397231952145223,0.0,0.2,0.2,20.249999999999996,0.8,0.8,900.0,0.003,0.0,25,0.5,0.028306132,0.0037432502919098804
10.497,900.0335418616571,0.0396773667147922,0.0,0.2,0.2,20.249999999999996,0.8,0.8,900.0,0.003,0.0,25,0.5,0.024537611,0.003743249687521883
10.5,900.0335418563207,0.03963140383728331,0.0,0.2,0.2,20.249999999999996,0.8,0.8,900.0,0.003,0.0,25,0.5,0.023686446,0.0037432490829013444
10.503,900.0335418509812,0.039585307734719986,0.0,0.2,0.2,20.249999999999996,0.8,0.8,900.0,0.003,0.0,25,0.5,0.027718179,0.0037432484779828285
10.506,900.0335418456377,0.03953907955019688,0.0,0.2,0.2,20.249999999999996,0.8,0.8,900.0,0.003,0.0,25,0.5,0.023542415,0.0037432478726858397
10.509,900.0335418402934,0.039492720445555844,0.0,0.2,0.2,20.249999999999996,0.8,0.8,900.0,0.003,0.0,25,0.5,0.023975048,0.0037432472669008503
10.512,900.033541834943,0.039446231607596416,0.0,0.2,0.2,20.249999999999996,0.8,0.8,900.0,0.003,0.0,25,0.5,0.027816209,0.0037432466605162146
10.515,900.0335418295878,0.03939961424611181,0.0,0.2,0.2,20.249999999999996,0.8,0.8,900.0,0.003,0.0,25,0.5,0.024342399,0.003743246053472295
10.518,900.0335418242215,0.03935286958959191,0.0,0.2,0.2,20.249999999999996,0.8,0.8,900.0,0.003,0.0,25,0.5,0.023674695,0.0037432454457757515
10.521,900.0335418188538,0.03930599885943233,0.0,0.2,0.2,20.249999999999996,0.8,0.8,900.0,0.003,0.0,25,0.5,0.026730163,0.0037432448374275598
10.524000000000001,900.033541813476,0.03925900329528184,0.0,0.2,0.2,20.249999999999996,0.8,0.8,900.0,0.003,0.0,25,0.5,0.023003172,0.00374324422844224
10.527000000000001,900.0335418080939,0.03921188416359302,0.0,0.2,0.2,20.249999999999996,0.8,0.8,900.0,0.003,0.0,25,0.5,0.023147303,0.0037432436188420456
10.53,900.0335418027012,0.03916464275747728,0.0,0.2,0.2,20.249999999999996,0.8,0.8,900.0,0.003,0.0,25,0.5,0.026704663,0.0037432430086453325
10.533,900.0335417973063,0.03911728039678945,0.0,0.2,0.2,20.249999999999996,0.8,0.8,900.0,0.003,0.0,25,0.5,0.023199433,0.003743242397842732
10.536,900.0335417919052,0.03906979842670421,0.0,0.2,0.2,20.249999999999996,0.8,0.8,900.0,0.003,0.0,25,0.5,0.023000971,0.0037432417863974463
10.539,900.0335417864947,0.03902219821735082,0.0,0.2,0.2,20.249999999999996,0.8,0.8,900.0,0.003,0.0,25,0.5,0.027297836,0.003743241174240193
10.542,900.0335417810796,0.03897448116540861,0.0,0.2,0.2,20.249999999999996,0.8,0.8,900.0,0.003,0.0,25,0.5,0.022761361,0.003743240561332983
10.545,900.0335417756547,0.03892664867262106,0.0,0.2,0.2,20.249999999999996,0.8,0.8,900.0,0.003,0.0,25,0.5,0.023041462,0.0037432399478911425
10.548,900.0335417702245,0.03887870208413094,0.0,0.2,0.2,20.249999999999996,0.8,0.8,900.0,0.003,0.0,25,0.5,0.027048575,0.003743239333973333
10.551,900.033541764789,0.03883064276350241,0.0,0.2,0.2,20.249999999999996,0.8,0.8,900.0,0.003,0.0,25,0.5,0.022989451,0.003743238719455285
10.554,900.0335417593492,0.038782472103000454,0.0,0.2,0.2,20.249999999999996,0.8,0.8,900.0,0.003,0.0,25,0.5,0.023585495,0.003743238104091638
10.557,900.0335417538982,0.0387341915234872,0.0,0.2,0.2,20.249999999999996,0.8,0.8,900.0,0.003,0.0,25,0.5,0.02617439,0.00374323748757199
10.56,900.0335417484384,0.038685802471839975,0.0,0.2,0.2,20.249999999999996,0.8,0.8,900.0,0.003,0.0,25,0.5,0.022894361,0.003743236869569146
10.563,900.0335417429608,0.038637306420081584,0.0,0.2,0.2,20.249999999999996,0.8,0.8,900.0,0.003,0.0,25,0.5,0.022918211,0.003743236249750572
10.566,900.0335417374683,0.03858870486630265,0.0,0.2,0.2,20.249999999999996,0.8,0.8,900.0,0.003,0.0,25,0.5,0.026582933,0.0037432356278149516
10.569,900.0335417319543,0.03853999933182339,0.0,0.2,0.2,20.249999999999996,0.8,0.8,900.0,0.003,0.0,25,0.5,0.022831231,0.0037432350034880364
10.572000000000001,900.0335417264188,0.03849119136165967,0.0,0.2,0.2,20.249999999999996,0.8,0.8,900.0,0.003,0.0,25,0.5,0.023309454,0.0037432343765369898
10.575000000000001,900.0335417208587,0.03844228252662573,0.0,0.2,0.2,20.249999999999996,0.8,0.8,900.0,0.003,0.0,25,0.5,0.026744273,0.0037432337467987707
10.578,900.0335417152745,0.03839327442398918,0.0,0.2,0.2,20.249999999999996,0.8,0.8,900.0,0.003,0.0,25,0.5,0.02280034,0.0037432331141588546
10.581,900.0335417096603,0.038344168677835994,0.0,0.2,0.2,20.249999999999996,0.8,0.8,900.0,0.003,0.0,25,0.5,0.022813701,0.0037432324785144724
10.584,900.0335417040178,0.03829496694560256,0.0,0.2,0.2,20.249999999999996,0.8,0.8,900.0,0.003,0.0,25,0.5,0.026104989,0.0037432318398189536
10.587,900.0335416983471,0.038245670912923975,0.0,0.2,0.2,20.249999999999996,0.8,0.8,900.0,0.003,0.0,25,0.5,0.02268717,0.003743231198068637
10.59,900.0335416926472,0.03819628229134291,0.0,0.2,0.2,20.249999999999996,0.8,0.8,900.0,0.003,0.0,25,0.5,0.022961761,0.0037432305532686685
10.593,900.0335416869187,0.038146802818425835,0.0,0.2,0.2,20.249999999999996,0.8,0.8,900.0,0.003,0.0,25,0.5,0.026807483,0.003743229905418087
10.596,900.0335416811621,0.038097234256392463,0.0,0.2,0.2,20.249999999999996,0.8,0.8,900.0,0.003,0.0,25,0.5,0.02268372,0.0037432292545213977
10.599,900.0335416753757,0.03804757838417601,0.0,0.2,0.2,20.249999999999996,0.8,0.8,900.0,0.003,0.0,25,0.5,0.022886931,0.0037432286005374513
10.602,900.0335416695622,0.03799783700331701,0.0,0.2,0.2,20.249999999999996,0.8,0.8,900.0,0.003,0.0,25,0.5,0.026817104,0.0037432279433758917
10.605,900.0335416637192,0.03794801193931667,0.0,0.2,0.2,20.249999999999996,0.8,0.8,900.0,0.003,0.0,25,0.5,0.02268458,0.0037432272832973353
10.608,900.0335416578522,0.037898104898470265,0.0,0.2,0.2,20.249999999999996,0.8,0.8,900.0,0.003,0.0,25,0.5,0.023171663,0.0037432266206744815
10.611,900.0335416519591,0.03784811746325625,0.0,0.2,0.2,20.249999999999996,0.8,0.8,900.0,0.003,0.0,25,0.5,0.026247251,0.003743225955420246
10.614,900.0335416460453,0.03779805117140633,0.0,0.2,0.2,20.249999999999996,0.8,0.8,900.0,0.003,0.0,25,0.5,0.022895191,0.0037432252872288286
10.617,900.0335416401036,0.03774790753436384,0.0,0.2,0.2,20.249999999999996,0.8,0.8,900.0,0.003,0.0,25,0.5,0.023704965,0.003743224615578244
10.620000000000001,900.0335416341255,0.03769768808618758,0.0,0.2,0.2,20.249999999999996,0.8,0.8,900.0,0.003,0.0,25,0.5,0.026605282,0.003743223939839184
10.623000000000001,900.0335416281129,0.03764739438341213,0.0,0.2,0.2,20.249999999999996,0.8,0.8,900.0,0.003,0.0,25,0.5,0.023147413,0.003743223259362958
10.626,900.0335416220545,0.03759702799865162,0.0,0.2,0.2,20.249999999999996,0.8,0.8,900.0,0.003,0.0,25,0.5,0.023072602,0.003743222573527374
10.629,900.0335416159481,0.03754659052321503,0.0,0.2,0.2,20.249999999999996,0.8,0.8,900.0,0.003,0.0,25,0.5,0.026476582,0.0037432218817838167
10.632,900.0335416097855,0.037496083570977355,0.0,0.2,0.2,20.249999999999996,0.8,0.8,900.0,0.003,0.0,25,0.5,0.022596989,0.003743221183714438
10.635,900.033541603568,0.037445508778505804,0.0,0.2,0.2,20.249999999999996,0.8,0.8,900.0,0.003,0.0,25,0.5,0.02275161,0.003743220479065691
10.638,900.0335415972902,0.03739486780333628,0.0,0.2,0.2,20.249999999999996,0.8,0.8,900.0,0.003,0.0,25,0.5,0.026692623,0.003743219767759006
10.641,900.0335415909472,0.037344162321290765,0.0,0.2,0.2,20.249999999999996,0.8,0.8,900.0,0.003,0.0,25,0.5,0.02257657,0.003743219049858353
10.644,900.0335415845468,0.037293394030078676,0.0,0.2,0.2,20.249999999999996,0.8,0.8,900.0,0.003,0.0,25,0.5,0.023259103,0.0037432183255837075
10.647,900.0335415780893,0.03724256463504704,0.0,0.2,0.2,20.249999999999996,0.8,0.8,900.0,0.003,0.0,25,0.5,0.026613732,0.003743217595247489
10.65,900.0335415715731,0.037191675852061644,0.0,0.2,0.2,20.249999999999996,0.8,0.8,900.0,0.003,0.0,25,0.5,0.022402628,0.0037432168592113364
10.653,900.0335415650064,0.037140729413533725,0.0,0.2,0.2,20.249999999999996,0.8,0.8,900.0,0.003,0.0,25,0.5,0.024290309,0.00374321611783392
10.656,900.0335415583887,0.037089727071672324,0.0,0.2,0.2,20.249999999999996,0.8,0.8,900.0,0.003,0.0,25,0.5,0.027449018,0.0037432153714481615
10.659,900.0335415517271,0.037038670598073295,0.0,0.2,0.2,20.249999999999996,0.8,0.8,900.0,0.003,0.0,25,0.5,0.022804901,0.0037432146203712634
10.662,900.0335415450222,0.0369875617696051,0.0,0.2,0.2,20.249999999999996,0.8,0.8,900.0,0.003,0.0,25,0.5,0.023246203,0.003743213864816744
10.665000000000001,900.0335415382737,0.03693640237873491,0.0,0.2,0.2,20.249999999999996,0.8,0.8,900.0,0.003,0.0,25,0.5,0.026706642,0.0037432131048875396
10.668000000000001,900.0335415314862,0.036885194240428555,0.0,0.2,0.2,20.249999999999996,0.8,0.8,900.0,0.003,0.0,25,0.5,0.023777816,0.0037432123406395696
10.671,900.0335415246577,0.03683393919113434,0.0,0.2,0.2,20.249999999999996,0.8,0.8,900.0,0.003,0.0,25,0.5,0.023211703,0.003743211572116092
10.674,900.0335415177885,0.036782639086844336,0.0,0.2,0.2,20.249999999999996,0.8,0.8,900.0,0.003,0.0,25,0.5,0.02632943,0.0037432107993598104
10.677,900.0335415108842,0.03673129580379391,0.0,0.2,0.2,20.249999999999996,0.8,0.8,900.0,0.003,0.0,25,0.5,0.023278753,0.0037432100224285485
10.68,900.0335415039365,0.036679911236698275,0.0,0.2,0.2,20.249999999999996,0.8,0.8,900.0,0.003,0.0,25,0.5,0.023130193,0.003743209241487287
10.683,900.0335414969522,0.036628487273576996,0.0,0.2,0.2,20.249999999999996,0.8,0.8,900.0,0.003,0.0,25,0.5,0.028064721,0.003743208457105584
10.686,900.0335414899384,0.03657702573822324,0.0,0.2,0.2,20.249999999999996,0.8,0.8,900.0,0.003,0.0,25,0.5,0.022524229,0.003743207669980787
10.689,900.0335414828998,0.036525528457036945,0.0,0.2,0.2,20.249999999999996,0.8,0.8,900.0,0.003,0.0,25,0.5,0.023179252,0.0037432068808355514
10.692,900.0335414758387,0.036473997261876924,0.0,0.2,0.2,20.249999999999996,0.8,0.8,900.0,0.003,0.0,25,0.5,0.027184535,0.003743206090304618
10.695,900.0335414687682,0.036422434001789,0.0,0.2,0.2,20.249999999999996,0.8,0.8,900.0,0.003,0.0,25,0.5,0.02278136,0.003743205298878286
10.698,900.033541461685,0.03637084054356028,0.0,0.2,0.2,20.249999999999996,0.8,0.8,900.0,0.003,0.0,25,0.5,0.023112302,0.00374320450688145
10.701,900.0335414545964,0.0363192187713546,0.0,0.2,0.2,20.249999999999996,0.8,0.8,900.0,0.003,0.0,25,0.5,0.027039295,0.0037432037144764117
10.704,900.0335414475031,0.03626757058617717,0.0,0.2,0.2,20.249999999999996,0.8,0.8,900.0,0.003,0.0,25,0.5,0.023266094,0.0037432029216816856
10.707,900.0335414404029,0.03621589790580994,0.0,0.2,0.2,20.249999999999996,0.8,0.8,900.0,0.003,0.0,25,0.5,0.022854211,0.0037432021283978394
10.71,900.0335414332973,0.036164202663817896,0.0,0.2,0.2,20.249999999999996,0.8,0.8,900.0,0.003,0.0,25,0.5,0.027170696,0.0037432013344489558
10.713000000000001,900.0335414261847,0.03611248681019657,0.0,0.2,0.2,20.249999999999996,0.8,0.8,900.0,0.003,0.0,25,0.5,0.023441335,0.0037432005396190278
10.716000000000001,900.033541419066,0.03606075231142186,0.0,0.2,0.2,20.249999999999996,0.8,0.8,900.0,0.003,0.0,25,0.5,0.023451874,0.0037431997437558703
10.719,900.0335414119318,0.03600900113873801,0.0,0.2,0.2,20.249999999999996,0.8,0.8,900.0,0.003,0.0,25,0.5,0.026728773,0.003743198946872708
10.722,900.0335414047914,0.03595723526634859,0.0,0.2,0.2,20.249999999999996,0.8,0.8,900.0,0.003,0.0,25,0.5,0.023013932,0.003743198149132641
10.725,900.0335413976405,0.03590545668475553,0.0,0.2,0.2,20.249999999999996,0.8,0.8,900.0,0.003,0.0,25,0.5,0.023110553,0.0037431973508583473
10.728,900.0335413904838,0.03585366738834411,0.0,0.2,0.2,20.249999999999996,0.8,0.8,900.0,0.003,0.0,25,0.5,0.027074005,0.0037431965525291148
10.731,900.0335413833238,0.035801869356839724,0.0,0.2,0.2,20.249999999999996,0.8,0.8,900.0,0.003,0.0,25,0.5,0.02267056,0.003743195754543692
10.734,900.0335413761679,0.03575006458453202,0.0,0.2,0.2,20.249999999999996,0.8,0.8,900.0,0.003,0.0,25,0.5,0.023767316,0.003743194957220154
10.737,900.0335413690153,0.03569825508079745,0.0,0.2,0.2,20.249999999999996,0.8,0.8,900.0,0.003,0.0,25,0.5,0.026805764,0.0037431941607905376
10.74,900.033541361871,0.035646442857329215,0.0,0.2,0.2,20.249999999999996,0.8,0.8,900.0,0.003,0.0,25,0.5,0.023898187,0.0037431933653744812
10.743,900.0335413547334,0.03559462993444409,0.0,0.2,0.2,20.249999999999996,0.8,0.8,900.0,0.003,0.0,25,0.5,0.023072882,0.0037431925710074013
10.746,900.033541347604,0.03554281833218687,0.0,0.2,0.2,20.249999999999996,0.8,0.8,900.0,0.003,0.0,25,0.5,0.027104235,0.003743191777598314
10.749,900.0335413404796,0.03549101008162019,0.0,0.2,0.2,20.249999999999996,0.8,0.8,900.0,0.003,0.0,25,0.5,0.023122683,0.0037431909849326064
10.752,900.0335413333654,0.03543920722827757,0.0,0.2,0.2,20.249999999999996,0.8,0.8,900.0,0.003,0.0,25,0.5,0.02273311,0.00374319019271769
10.755,900.0335413262495,0.03538741182740792,0.0,0.2,0.2,20.249999999999996,0.8,0.8,900.0,0.003,0.0,25,0.5,0.027007945,0.00374318940059569
10.758000000000001,900.0335413191356,0.03533562594483163,0.0,0.2,0.2,20.249999999999996,0.8,0.8,900.0,0.003,0.0,25,0.5,0.023677526,0.003743188608151732
10.761000000000001,900.0335413120187,0.03528385166001979,0.0,0.2,0.2,20.249999999999996,0.8,0.8,900.0,0.003,0.0,25,0.5,0.023339284,0.003743187814960425
10.764,900.0335413048923,0.03523209106757131,0.0,0.2,0.2,20.249999999999996,0.8,0.8,900.0,0.003,0.0,25,0.5,0.026658773,0.0037431870205963773
10.767,900.0335412977504,0.03518034627898957,0.0,0.2,0.2,20.249999999999996,0.8,0.8,900.0,0.003,0.0,25,0.5,0.023210203,0.003743186224481067
10.77,900.0335412905889,0.03512861943482045,0.0,0.2,0.2,20.249999999999996,0.8,0.8,900.0,0.003,0.0,25,0.5,0.023665736,0.0037431854262883557
10.773,900.0335412834058,0.035076912693515754,0.0,0.2,0.2,20.249999999999996,0.8,0.8,900.0,0.003,0.0,25,0.5,0.02776363,0.0037431846258616534
10.776,900.0335412762025,0.03502522822546491,0.0,0.2,0.2,20.249999999999996,0.8,0.8,900.0,0.003,0.0,25,0.5,0.023294893,0.003743183823058435
10.779,900.033541268978,0.03497356821206694,0.0,0.2,0.2,20.249999999999996,0.8,0.8,900.0,0.003,0.0,25,0.5,0.023794896,0.003743183017840369
10.782,900.0335412617293,0.03492193482677351,0.0,0.2,0.2,20.249999999999996,0.8,0.8,900.0,0.003,0.0,25,0.5,0.028760925,0.0037431822101837257
10.785,900.0335412544592,0.03487033024539103,0.0,0.2,0.2,20.249999999999996,0.8,0.8,900.0,0.003,0.0,25,0.5,0.023894357,0.003743181400023818
10.788,900.0335412471645,0.03481875665429648,0.0,0.2,0.2,20.249999999999996,0.8,0.8,900.0,0.003,0.0,25,0.5,0.025177564,0.0037431805872700273
10.791,900.0335412398435,0.03476721625002476,0.0,0.2,0.2,20.249999999999996,0.8,0.8,900.0,0.003,0.0,25,0.5,0.030498854,0.003743179771787254
10.794,900.0335412324986,0.03471571123949671,0.0,0.2,0.2,20.249999999999996,0.8,0.8,900.0,0.003,0.0,25,0.5,0.025625107,0.003743178953421211
10.797,900.0335412251264,0.0346642438140609,0.0,0.2,0.2,20.249999999999996,0.8,0.8,900.0,0.003,0.0,25,0.5,0.025138724,0.0037431781319574265
10.8,900.0335412177253,0.034612816145792855,0.0,0.2,0.2,20.249999999999996,0.8,0.8,900.0,0.003,0.0,25,0.5,0.029828661,0.0037431773070210894
10.803,900.0335412102933,0.03456143040964242,0.0,0.2,0.2,20.249999999999996,0.8,0.8,900.0,0.003,0.0,25,0.5,0.025444395,0.003743176478185111
10.806000000000001,900.0335412028226,0.03451008878539019,0.0,0.2,0.2,20.249999999999996,0.8,0.8,900.0,0.003,0.0,25,0.5,0.024846342,0.003743175644962506
10.809000000000001,900.0335411953157,0.03445879345849172,0.0,0.2,0.2,20.249999999999996,0.8,0.8,900.0,0.003,0.0,25,0.5,0.028425192,0.0037431748068732355
10.812,900.0335411877601,0.03440754662018083,0.0,0.2,0.2,20.249999999999996,0.8,0.8,900.0,0.003,0.0,25,0.5,0.024109688,0.00374317396348068
10.815,900.0335411801591,0.03435635046981269,0.0,0.2,0.2,20.249999999999996,0.8,0.8,900.0,0.003,0.0,25,0.5,0.024999003,0.0037431731144098824
10.818,900.0335411725043,0.034305207215545384,0.0,0.2,0.2,20.249999999999996,0.8,0.8,900.0,0.003,0.0,25,0.5,0.029115526,0.0037431722593701307
10.821,900.0335411647915,0.03425411907456499,0.0,0.2,0.2,20.249999999999996,0.8,0.8,900.0,0.003,0.0,25,0.5,0.024348279,0.0037431713981925917
10.824,900.0335411570254,0.03420308827098739,0.0,0.2,0.2,20.249999999999996,0.8,0.8,900.0,0.003,0.0,25,0.5,0.025102644,0.003743170530815451
10.827,900.0335411491999,0.034152117035934015,0.0,0.2,0.2,20.249999999999996,0.8,0.8,900.0,0.003,0.0,25,0.5,0.028555513,0.0037431696572775915
10.83,900.033541141321,0.034101207605511115,0.0,0.2,0.2,20.249999999999996,0.8,0.8,900.0,0.003,0.0,25,0.5,0.0243231,0.0037431687776877673
10.833,900.0335411333854,0.03405036219281223,0.0,0.2,0.2,20.249999999999996,0.8,0.8,900.0,0.003,0.0,25,0.5,0.023689596,0.0037431678921400614
10.836,900.0335411253947,0.033999583007283285,0.0,0.2,0.2,20.249999999999996,0.8,0.8,900.0,0.003,0.0,25,0.5,0.027382297,0.0037431670007521158
10.839,900.0335411173495,0.03394887224533283,0.0,0.2,0.2,20.249999999999996,0.8,0.8,900.0,0.003,0.0,25,0.5,0.023290334,0.003743166103721086
10.842,900.0335411092527,0.0338982320934905,0.0,0.2,0.2,20.249999999999996,0.8,0.8,900.0,0.003,0.0,25,0.5,0.023340824,0.0037431652012873714
10.845,900.0335411011074,0.033847664746021126,0.0,0.2,0.2,20.249999999999996,0.8,0.8,900.0,0.003,0.0,25,0.5,0.026497572,0.0037431642936995397
10.848,900.0335410929151,0.0337971723939282,0.0,0.2,0.2,20.249999999999996,0.8,0.8,900.0,0.003,0.0,25,0.5,0.023263103,0.003743163381190474
10.851,900.033541084679,0.03374675722149507,0.0,0.2,0.2,20.249999999999996,0.8,0.8,900.0,0.003,0.0,25,0.5,0.023133733,0.0037431624639220496
10.854000000000001,900.0335410763948,0.03369642139648183,0.0,0.2,0.2,20.249999999999996,0.8,0.8,900.0,0.003,0.0,25,0.5,0.026226161,0.0037431615419149474
10.857000000000001,900.0335410680697,0.03364616709111628,0.0,0.2,0.2,20.249999999999996,0.8,0.8,900.0,0.003,0.0,25,0.5,0.023379824,0.0037431606150763134
10.86,900.0335410596981,0.03359599648575743,0.0,0.2,0.2,20.249999999999996,0.8,0.8,900.0,0.003,0.0,25,0.5,0.023411584,0.0037431596832588365
10.863,900.0335410512824,0.03354591176833525,0.0,0.2,0.2,20.249999999999996,0.8,0.8,900.0,0.003,0.0,25,0.5,0.026990714,0.0037431587463165627
10.866,900.0335410428187,0.0334959151340251,0.0,0.2,0.2,20.249999999999996,0.8,0.8,900.0,0.003,0.0,25,0.5,0.023108613,0.003743157804145081
10.869,900.0335410343083,0.033446008785140105,0.0,0.2,0.2,20.249999999999996,0.8,0.8,900.0,0.003,0.0,25,0.5,0.023336524,0.003743156856728622
10.872,900.0335410257467,0.033396194930979256,0.0,0.2,0.2,20.249999999999996,0.8,0.8,900.0,0.003,0.0,25,0.5,0.027097996,0.003743155904149352
10.875,900.0335410171385,0.033346475787347736,0.0,0.2,0.2,20.249999999999996,0.8,0.8,900.0,0.003,0.0,25,0.5,0.023003391,0.0037431549465971182
10.878,900.0335410084842,0.03329685356974103,0.0,0.2,0.2,20.249999999999996,0.8,0.8,900.0,0.003,0.0,25,0.5,0.023150962,0.003743153984365703
10.881,900.0335409997876,0.033247330485948856,0.0,0.2,0.2,20.249999999999996,0.8,0.8,900.0,0.003,0.0,25,0.5,0.027168815,0.0037431530178096014
10.884,900.0335409910506,0.033197908749513394,0.0,0.2,0.2,20.249999999999996,0.8,0.8,900.0,0.003,0.0,25,0.5,0.023796476,0.003743152047349362
10.887,900.0335409822779,0.033148590577418605,0.0,0.2,0.2,20.249999999999996,0.8,0.8,900.0,0.003,0.0,25,0.5,0.023817817,0.003743151073454415
10.89,900.0335409734716,0.033099378190668,0.0,0.2,0.2,20.249999999999996,0.8,0.8,900.0,0.003,0.0,25,0.5,0.027840319,0.003743150096584198
10.893,900.0335409646393,0.03305027381565603,0.0,0.2,0.2,20.249999999999996,0.8,0.8,900.0,0.003,0.0,25,0.5,0.023207613,0.0037431491171699607
10.896,900.0335409557825,0.03300127968337634,0.0,0.2,0.2,20.249999999999996,0.8,0.8,900.0,0.003,0.0,25,0.5,0.023486265,0.003743148135590214
10.899000000000001,900.0335409469047,0.032952398030172594,0.0,0.2,0.2,20.249999999999996,0.8,0.8,900.0,0.003,0.0,25,0.5,0.026933294,0.003743147152166921
10.902000000000001,900.033540938007,0.03290363109770106,0.0,0.2,0.2,20.249999999999996,0.8,0.8,900.0,0.003,0.0,25,0.5,0.023758547,0.003743146167156168
10.905,900.033540929096,0.03285498113271142,0.0,0.2,0.2,20.249999999999996,0.8,0.8,900.0,0.003,0.0,25,0.5,0.023501195,0.0037431451807684777
10.908,900.033540920172,0.03280645038678546,0.0,0.2,0.2,20.249999999999996,0.8,0.8,900.0,0.003,0.0,25,0.5,0.026319031,0.0037431441931665486
10.911,900.0335409112347,0.032758041116033414,0.0,0.2,0.2,20.249999999999996,0.8,0.8,900.0,0.003,0.0,25,0.5,0.024128568,0.003743143204511213
10.914,900.0335409022887,0.03270975557629635,0.0,0.2,0.2,20.249999999999996,0.8,0.8,900.0,0.003,0.0,25,0.5,0.02279876,0.00374314221500682
10.917,900.0335408933306,0.032661596021883545,0.0,0.2,0.2,20.249999999999996,0.8,0.8,900.0,0.003,0.0,25,0.5,0.026624253,0.003743141224887405
10.92,900.0335408843681,0.032613564711030364,0.0,0.2,0.2,20.249999999999996,0.8,0.8,900.0,0.003,0.0,25,0.5,0.024089988,0.0037431402344281516
10.923,900.0335408754031,0.032565663905713506,0.0,0.2,0.2,20.249999999999996,0.8,0.8,900.0,0.003,0.0,25,0.5,0.023706715,0.003743139243941205
10.926,900.0335408664333,0.032517895873651496,0.0,0.2,0.2,20.249999999999996,0.8,0.8,900.0,0.003,0.0,25,0.5,0.027297376,0.003743138253803442
10.929,900.0335408574678,0.03247026288813967,0.0,0.2,0.2,20.249999999999996,0.8,0.8,900.0,0.003,0.0,25,0.5,0.023144233,0.003743137264450247
10.932,900.0335408485068,0.032422767220988066,0.0,0.2,0.2,20.249999999999996,0.8,0.8,900.0,0.003,0.0,25,0.5,0.02264723,0.0037431362763760147
10.935,900.0335408395576,0.032375411125922564,0.0,0.2,0.2,20.249999999999996,0.8,0.8,900.0,0.003,0.0,25,0.5,0.026974825,0.0037431352900049414
10.938,900.0335408306217,0.032328196852381995,0.0,0.2,0.2,20.249999999999996,0.8,0.8,900.0,0.003,0.0,25,0.5,0.022988361,0.003743134305640522
10.941,900.0335408217051,0.03228112663465999,0.0,0.2,0.2,20.249999999999996,0.8,0.8,900.0,0.003,0.0,25,0.5,0.023367144,0.00374313332337275
10.944,900.0335408128047,0.03223420270565439,0.0,0.2,0.2,20.249999999999996,0.8,0.8,900.0,0.003,0.0,25,0.5,0.027298606,0.0037431323431109526
10.947000000000001,900.033540803919,0.03218742729998815,0.0,0.2,0.2,20.249999999999996,0.8,0.8,900.0,0.003,0.0,25,0.5,0.023199592,0.003743131364725616
10.950000000000001,900.0335407950539,0.032140802633643405,0.0,0.2,0.2,20.249999999999996,0.8,0.8,900.0,0.003,0.0,25,0.5,0.023145272,0.003743130388071662
10.953,900.033540786203,0.03209433090361613,0.0,0.2,0.2,20.249999999999996,0.8,0.8,900.0,0.003,0.0,25,0.5,0.027030244,0.00374312941292577
10.956,900.0335407773634,0.032048014305858435,0.0,0.2,0.2,20.249999999999996,0.8,0.8,900.0,0.003,0.0,25,0.5,0.022964091,0.0037431284390562402
10.959,900.0335407685321,0.03200185503642862,0.0,0.2,0.2,20.249999999999996,0.8,0.8,900.0,0.003,0.0,25,0.5,0.024000897,0.0037431274662879876
10.962,900.0335407597122,0.031955855281496325,0.0,0.2,0.2,20.249999999999996,0.8,0.8,900.0,0.003,0.0,25,0.5,0.026776404,0.0037431264944801307
10.965,900.0335407509019,0.03191001721821648,0.0,0.2,0.2,20.249999999999996,0.8,0.8,900.0,0.003,0.0,25,0.5,0.023185823,0.0037431255235382275
10.968,900.0335407420961,0.03186434300133252,0.0,0.2,0.2,20.249999999999996,0.8,0.8,900.0,0.003,0.0,25,0.5,0.023617246,0.0037431245534154823
10.971,900.0335407332968,0.03181883477021756,0.0,0.2,0.2,20.249999999999996,0.8,0.8,900.0,0.003,0.0,25,0.5,0.027026805,0.0037431235841135216
10.974,900.0335407245044,0.03177349466127478,0.0,0.2,0.2,20.249999999999996,0.8,0.8,900.0,0.003,0.0,25,0.5,0.023481954,0.0037431226156701305
10.977,900.0335407157198,0.03172832481105774,0.0,0.2,0.2,20.249999999999996,0.8,0.8,900.0,0.003,0.0,25,0.5,0.023135252,0.003743121648154668
10.98,900.0335407069414,0.031683327356689675,0.0,0.2,0.2,20.249999999999996,0.8,0.8,900.0,0.003,0.0,25,0.5,0.026658702,0.0037431206816287074
10.983,900.033540698173,0.03163850443437165,0.0,0.2,0.2,20.249999999999996,0.8,0.8,900.0,0.003,0.0,25,0.5,0.022943401,0.003743119716142655
10.986,900.0335406894105,0.03159385817865035,0.0,0.2,0.2,20.249999999999996,0.8,0.8,900.0,0.003,0.0,25,0.5,0.023800876,0.003743118751753174
10.989,900.033540680661,0.03154939071929363,0.0,0.2,0.2,20.249999999999996,0.8,0.8,900.0,0.003,0.0,25,0.5,0.026980134,0.0037431177885221155
10.992,900.033540671916,0.031505104182003356,0.0,0.2,0.2,20.249999999999996,0.8,0.8,900.0,0.003,0.0,25,0.5,0.023202832,0.003743116826495163
10.995000000000001,900.0335406631814,0.03146100069013284,0.0,0.2,0.2,20.249999999999996,0.8,0.8,900.0,0.003,0.0,25,0.5,0.023657015,0.0037431158657170883
10.998000000000001,900.033540654461,0.03141708236439621,0.0,0.2,0.2,20.249999999999996,0.8,0.8,900.0,0.003,0.0,25,0.5,0.027046584,0.0037431149062333267
11.001,900.0335406457483,0.03137335132251321,0.0,0.2,0.2,20.249999999999996,0.8,0.8,900.0,0.003,0.0,25,0.5,0.023386614,0.0037431139480965324
11.004,900.0335406370444,0.031329809678190254,0.0,0.2,0.2,20.249999999999996,0.8,0.8,900.0,0.003,0.0,25,0.5,0.023261483,0.00374311299137824
11.007,900.033540628358,0.03128645953922667,0.0,0.2,0.2,20.249999999999996,0.8,0.8,900.0,0.003,0.0,25,0.5,0.027023274,0.0037431120361495255
11.01,900.0335406196798,0.031243303009369502,0.0,0.2,0.2,20.249999999999996,0.8,0.8,900.0,0.003,0.0,25,0.5,0.023256903,0.003743111082492396
11.013,900.033540611019,0.03120034218858759,0.0,0.2,0.2,20.249999999999996,0.8,0.8,900.0,0.003,0.0,25,0.5,0.023222893,0.003743110130502652
11.016,900.033540602368,0.03115757917265918,0.0,0.2,0.2,20.249999999999996,0.8,0.8,900.0,0.003,0.0,25,0.5,0.026914724,0.0037431091802954835
11.019,900.0335405937353,0.031115016049075715,0.0,0.2,0.2,20.249999999999996,0.8,0.8,900.0,0.003,0.0,25,0.5,0.023106212,0.0037431082320124784
11.022,900.0335405851185,0.03107265488697275,0.0,0.2,0.2,20.249999999999996,0.8,0.8,900.0,0.003,0.0,25,0.5,0.023163192,0.0037431072857442202
11.025,900.0335405765168,0.03103049775010037,0.0,0.2,0.2,20.249999999999996,0.8,0.8,900.0,0.003,0.0,25,0.5,0.027466177,0.003743106341552117
11.028,900.0335405679342,0.0309885466978889,0.0,0.2,0.2,20.249999999999996,0.8,0.8,900.0,0.003,0.0,25,0.5,0.023792437,0.0037431053994882485
11.031,900.0335405593723,0.030946803786561693,0.0,0.2,0.2,20.249999999999996,0.8,0.8,900.0,0.003,0.0,25,0.5,0.024354679,0.003743104459678565
11.034,900.0335405508279,0.030905271054445294,0.0,0.2,0.2,20.249999999999996,0.8,0.8,900.0,0.003,0.0,25,0.5,0.027361806,0.0037431035223963374
11.037,900.033540542304,0.030863950511173657,0.0,0.2,0.2,20.249999999999996,0.8,0.8,900.0,0.003,0.0,25,0.5,0.023467184,0.0037431025879906413
11.040000000000001,900.0335405338087,0.0308228441584971,0.0,0.2,0.2,20.249999999999996,0.8,0.8,900.0,0.003,0.0,25,0.5,0.023545465,0.0037431016568585584
11.043000000000001,900.0335405253377,0.03078195398853954,0.0,0.2,0.2,20.249999999999996,0.8,0.8,900.0,0.003,0.0,25,0.5,0.026602832,0.0037431007294186284
11.046,900.0335405169052,0.030741281984943882,0.0,0.2,0.2,20.249999999999996,0.8,0.8,900.0,0.003,0.0,25,0.5,0.022752011,0.0037430998060771887
11.049,900.0335405085048,0.03070083012262378,0.0,0.2,0.2,20.249999999999996,0.8,0.8,900.0,0.003,0.0,25,0.5,0.023305124,0.0037430988871847777
11.052,900.0335405001441,0.030660600369945515,0.0,0.2,0.2,20.249999999999996,0.8,0.8,900.0,0.003,0.0,25,0.5,0.027137576,0.0037430979730193963
11.055,900.033540491823,0.0306205946893433,0.0,0.2,0.2,20.249999999999996,0.8,0.8,900.0,0.003,0.0,25,0.5,0.022929801,0.003743097063791108
11.058,900.0335404835507,0.030580815035342112,0.0,0.2,0.2,20.249999999999996,0.8,0.8,900.0,0.003,0.0,25,0.5,0.023190293,0.0037430961596416398
11.061,900.0335404753184,0.03054126335463346,0.0,0.2,0.2,20.249999999999996,0.8,0.8,900.0,0.003,0.0,25,0.5,0.026978245,0.0037430952606573626
11.064,900.0335404671351,0.03050194158646226,0.0,0.2,0.2,20.249999999999996,0.8,0.8,900.0,0.003,0.0,25,0.5,0.022965002,0.003743094366892827
11.067,900.0335404589963,0.030462851662328067,0.0,0.2,0.2,20.249999999999996,0.8,0.8,900.0,0.003,0.0,25,0.5,0.023313174,0.0037430934783918733
11.07,900.0335404509079,0.030423995503321772,0.0,0.2,0.2,20.249999999999996,0.8,0.8,900.0,0.003,0.0,25,0.5,0.027817799,0.003743092595243227
11.073,900.0335404428645,0.03038537501335533,0.0,0.2,0.2,20.249999999999996,0.8,0.8,900.0,0.003,0.0,25,0.5,0.023679535,0.0037430917175096017
11.076,900.0335404348688,0.030346992086898415,0.0,0.2,0.2,20.249999999999996,0.8,0.8,900.0,0.003,0.0,25,0.5,0.024105838,0.0037430908452707645
11.079,900.0335404269229,0.030308848608247323,0.0,0.2,0.2,20.249999999999996,0.8,0.8,900.0,0.003,0.0,25,0.5,0.027122656,0.003743089978667874
11.082,900.0335404190279,0.030270946448206628,0.0,0.2,0.2,20.249999999999996,0.8,0.8,900.0,0.003,0.0,25,0.5,0.022851861,0.0037430891178978293
11.085,900.0335404111828,0.03023328746143524,0.0,0.2,0.2,20.249999999999996,0.8,0.8,900.0,0.003,0.0,25,0.5,0.022905061,0.003743088263126085
11.088000000000001,900.0335404033926,0.030195873494777207,0.0,0.2,0.2,20.249999999999996,0.8,0.8,900.0,0.003,0.0,25,0.5,0.026479681,0.0037430874145748215
11.091000000000001,900.0335403956607,0.030158706370344793,0.0,0.2,0.2,20.249999999999996,0.8,0.8,900.0,0.003,0.0,25,0.5,0.02278658,0.003743086572530052
11.094,900.0335403879822,0.03012178787680379,0.0,0.2,0.2,20.249999999999996,0.8,0.8,900.0,0.003,0.0,25,0.5,0.023268173,0.003743085737213682
11.097,900.0335403803685,0.030085119781105417,0.0,0.2,0.2,20.249999999999996,0.8,0.8,900.0,0.003,0.0,25,0.5,0.027413737,0.003743084908888579
11.1,900.0335403728202,0.030048703808839516,0.0,0.2,0.2,20.249999999999996,0.8,0.8,900.0,0.003,0.0,25,0.5,0.02261046,0.0037430840877281093
11.103,900.0335403653323,0.030012541672498793,0.0,0.2,0.2,20.249999999999996,0.8,0.8,900.0,0.003,0.0,25,0.5,0.022954541,0.0037430832738315862
11.106,900.0335403579077,0.029976635074993915,0.0,0.2,0.2,20.249999999999996,0.8,0.8,900.0,0.003,0.0,25,0.5,0.027800119,0.003743082467207591
11.109,900.0335403505495,0.029940985709755324,0.0,0.2,0.2,20.249999999999996,0.8,0.8,900.0,0.003,0.0,25,0.5,0.023446304,0.003743081667783953
11.112,900.0335403432553,0.029905595260768015,0.0,0.2,0.2,20.249999999999996,0.8,0.8,900.0,0.003,0.0,25,0.5,0.023316753,0.0037430808754441054
11.115,900.033540336026,0.02987046540149909,0.0,0.2,0.2,20.249999999999996,0.8,0.8,900.0,0.003,0.0,25,0.5,0.026595482,0.0037430800900423535
11.118,900.0335403288557,0.029835597794038264,0.0,0.2,0.2,20.249999999999996,0.8,0.8,900.0,0.003,0.0,25,0.5,0.023108593,0.0037430793114313536
11.121,900.0335403217487,0.029800994090820848,0.0,0.2,0.2,20.249999999999996,0.8,0.8,900.0,0.003,0.0,25,0.5,0.023224163,0.0037430785394780013
11.124,900.0335403147009,0.029766655934169585,0.0,0.2,0.2,20.249999999999996,0.8,0.8,900.0,0.003,0.0,25,0.5,0.027352546,0.0037430777740689865
11.127,900.0335403077105,0.029732584954942656,0.0,0.2,0.2,20.249999999999996,0.8,0.8,900.0,0.003,0.0,25,0.5,0.023992278,0.003743077015118532
11.13,900.0335403007789,0.029698782772533978,0.0,0.2,0.2,20.249999999999996,0.8,0.8,900.0,0.003,0.0,25,0.5,0.023128792,0.0037430762625992155
11.133000000000001,900.0335402939052,0.02966525098658466,0.0,0.2,0.2,20.249999999999996,0.8,0.8,900.0,0.003,0.0,25,0.5,0.027054805,0.003743075516498738
11.136000000000001,900.0335402870887,0.0296319911794238,0.0,0.2,0.2,20.249999999999996,0.8,0.8,900.0,0.003,0.0,25,0.5,0.023267373,0.0037430747767899925
11.139,900.0335402803273,0.029599004923028183,0.0,0.2,0.2,20.249999999999996,0.8,0.8,900.0,0.003,0.0,25,0.5,0.023145843,0.003743074043486253
11.142,900.0335402736267,0.029566293770759734,0.0,0.2,0.2,20.249999999999996,0.8,0.8,900.0,0.003,0.0,25,0.5,0.027315687,0.0037430733166883656
11.145,900.033540266984,0.029533859236343867,0.0,0.2,0.2,20.249999999999996,0.8,0.8,900.0,0.003,0.0,25,0.5,0.022843451,0.003743072596440199
11.148,900.0335402604001,0.029501702817324837,0.0,0.2,0.2,20.249999999999996,0.8,0.8,900.0,0.003,0.0,25,0.5,0.022761671,0.0037430718827578557
11.151,900.0335402538723,0.029469826001117416,0.0,0.2,0.2,20.249999999999996,0.8,0.8,900.0,0.003,0.0,25,0.5,0.026354911,0.003743071175649746
11.154,900.0335402474042,0.02943823026456856,0.0,0.2,0.2,20.249999999999996,0.8,0.8,900.0,0.003,0.0,25,0.5,0.022964382,0.003743070475088943
11.157,900.0335402409958,0.029406917073136953,0.0,0.2,0.2,20.249999999999996,0.8,0.8,900.0,0.003,0.0,25,0.5,0.022928251,0.0037430697810053263
11.16,900.0335402346452,0.02937588787977167,0.0,0.2,0.2,20.249999999999996,0.8,0.8,900.0,0.003,0.0,25,0.5,0.027227326,0.0037430690932712084
11.163,900.0335402283523,0.02934514412386746,0.0,0.2,0.2,20.249999999999996,0.8,0.8,900.0,0.003,0.0,25,0.5,0.022803621,0.0037430684116996882
11.166,900.0335402221124,0.029314687230644454,0.0,0.2,0.2,20.249999999999996,0.8,0.8,900.0,0.003,0.0,25,0.5,0.023207033,0.0037430677360706316
11.169,900.0335402159265,0.029284518603151087,0.0,0.2,0.2,20.249999999999996,0.8,0.8,900.0,0.003,0.0,25,0.5,0.027068105,0.003743067066086292
11.172,900.0335402097919,0.029254639632349866,0.0,0.2,0.2,20.249999999999996,0.8,0.8,900.0,0.003,0.0,25,0.5,0.023537004,0.0037430664014380874
11.175,900.0335402037051,0.029225051698400704,0.0,0.2,0.2,20.249999999999996,0.8,0.8,900.0,0.003,0.0,25,0.5,0.023795786,0.003743065741822555
11.178,900.0335401976632,0.029195756170712208,0.0,0.2,0.2,20.249999999999996,0.8,0.8,900.0,0.003,0.0,25,0.5,0.026950075,0.0037430650869615797
11.181000000000001,900.033540191662,0.02916675440784705,0.0,0.2,0.2,20.249999999999996,0.8,0.8,900.0,0.003,0.0,25,0.5,0.023227893,0.0037430644366255386
11.184000000000001,900.0335401857076,0.02913804775414805,0.0,0.2,0.2,20.249999999999996,0.8,0.8,900.0,0.003,0.0,25,0.5,0.02279946,0.0037430637908158117
11.187,900.0335401797914,0.02910963749488511,0.0,0.2,0.2,20.249999999999996,0.8,0.8,900.0,0.003,0.0,25,0.5,0.027128726,0.00374306314954512
11.19,900.0335401739179,0.029081524886171096,0.0,0.2,0.2,20.249999999999996,0.8,0.8,900.0,0.003,0.0,25,0.5,0.02269025,0.00374306251271453
11.193,900.0335401680824,0.029053711173074825,0.0,0.2,0.2,20.249999999999996,0.8,0.8,900.0,0.003,0.0,25,0.5,0.023289154,0.0037430618802043346
11.196,900.0335401622885,0.02902619758999696,0.0,0.2,0.2,20.249999999999996,0.8,0.8,900.0,0.003,0.0,25,0.5,0.026960595,0.0037430612518928983
11.199,900.0335401565304,0.028998985360896415,0.0,0.2,0.2,20.249999999999996,0.8,0.8,900.0,0.003,0.0,25,0.5,0.022912071,0.00374306062767104
11.202,900.0335401508089,0.028972075698857774,0.0,0.2,0.2,20.249999999999996,0.8,0.8,900.0,0.003,0.0,25,0.5,0.023931137,0.0037430600074368076
11.205,900.0335401451247,0.028945469805344785,0.0,0.2,0.2,20.249999999999996,0.8,0.8,900.0,0.003,0.0,25,0.5,0.026670052,0.0037430593910807433
11.208,900.0335401394722,0.02891916886977765,0.0,0.2,0.2,20.249999999999996,0.8,0.8,900.0,0.003,0.0,25,0.5,0.023039273,0.003743058778491508
11.211,900.0335401338575,0.028893174071356647,0.0,0.2,0.2,20.249999999999996,0.8,0.8,900.0,0.003,0.0,25,0.5,0.023463684,0.0037430581695579927
11.214,900.0335401282715,0.028867486579344105,0.0,0.2,0.2,20.249999999999996,0.8,0.8,900.0,0.003,0.0,25,0.5,0.027265526,0.003743057564173694
11.217,900.0335401227201,0.02884210755309345,0.0,0.2,0.2,20.249999999999996,0.8,0.8,900.0,0.003,0.0,25,0.5,0.023225503,0.0037430569622483013
11.22,900.0335401171968,0.028817038142062712,0.0,0.2,0.2,20.249999999999996,0.8,0.8,900.0,0.003,0.0,25,0.5,0.022968202,0.003743056363883952
11.223,900.0335401117081,0.028792279439350327,0.0,0.2,0.2,20.249999999999996,0.8,0.8,900.0,0.003,0.0,25,0.5,0.026917174,0.0037430557693337147
11.226,900.033540106255,0.028767832488484593,0.0,0.2,0.2,20.249999999999996,0.8,0.8,900.0,0.003,0.0,25,0.5,0.022387048,0.0037430551787688768
11.229000000000001,900.0335401008394,0.028743698323125722,0.0,0.2,0.2,20.249999999999996,0.8,0.8,900.0,0.003,0.0,25,0.5,0.023035012,0.00374305459234243
11.232000000000001,900.0335400954566,0.028719877967066522,0.0,0.2,0.2,20.249999999999996,0.8,0.8,900.0,0.003,0.0,25,0.5,0.026365851,0.003743054010245674
11.235,900.0335400901182,0.028696372394543944,0.0,0.2,0.2,20.249999999999996,0.8,0.8,900.0,0.003,0.0,25,0.5,0.022304337,0.0037430534327630486
11.238,900.0335400848186,0.028673182486554934,0.0,0.2,0.2,20.249999999999996,0.8,0.8,900.0,0.003,0.0,25,0.5,0.022831201,0.0037430528598824007
11.241,900.0335400795601,0.028650309110708174,0.0,0.2,0.2,20.249999999999996,0.8,0.8,900.0,0.003,0.0,25,0.5,0.026743183,0.0037430522914384074
11.244,900.033540074342,0.028627753123835975,0.0,0.2,0.2,20.249999999999996,0.8,0.8,900.0,0.003,0.0,25,0.5,0.023261693,0.0037430517271688046
11.247,900.0335400691625,0.02860551537174466,0.0,0.2,0.2,20.249999999999996,0.8,0.8,900.0,0.003,0.0,25,0.5,0.02269239,0.0037430511667413346
11.25,900.0335400640164,0.028583596689543765,0.0,0.2,0.2,20.249999999999996,0.8,0.8,900.0,0.003,0.0,25,0.5,0.027375867,0.003743050609797835
11.253,900.0335400589028,0.02856199790282914,0.0,0.2,0.2,20.249999999999996,0.8,0.8,900.0,0.003,0.0,25,0.5,0.022562469,0.0037430500560071593
11.256,900.0335400538138,0.028540719830271576,0.0,0.2,0.2,20.249999999999996,0.8,0.8,900.0,0.003,0.0,25,0.5,0.022510009,0.0037430495051001935
11.259,900.0335400487553,0.028519763283165564,0.0,0.2,0.2,20.249999999999996,0.8,0.8,900.0,0.003,0.0,25,0.5,0.026506332,0.0037430489569161016
11.262,900.0335400437198,0.028499129062458575,0.0,0.2,0.2,20.249999999999996,0.8,0.8,900.0,0.003,0.0,25,0.5,0.023118372,0.003743048411390621
11.265,900.0335400387081,0.02847881795886242,0.0,0.2,0.2,20.249999999999996,0.8,0.8,900.0,0.003,0.0,25,0.5,0.022917901,0.003743047868556946
11.268,900.0335400337235,0.02845883074618904,0.0,0.2,0.2,20.249999999999996,0.8,0.8,900.0,0.003,0.0,25,0.5,0.026686533,0.0037430473285326124
11.271,900.0335400287601,0.028439168182247343,0.0,0.2,0.2,20.249999999999996,0.8,0.8,900.0,0.003,0.0,25,0.5,0.022943832,0.0037430467914667713
11.274000000000001,900.0335400238274,0.028419831015364945,0.0,0.2,0.2,20.249999999999996,0.8,0.8,900.0,0.003,0.0,25,0.5,0.022902641,0.003743046257537747
11.277000000000001,900.0335400189214,0.02840081998455356,0.0,0.2,0.2,20.249999999999996,0.8,0.8,900.0,0.003,0.0,25,0.5,0.026422871,0.0037430457269139726
11.28,900.0335400140455,0.02838213582000164,0.0,0.2,0.2,20.249999999999996,0.8,0.8,900.0,0.003,0.0,25,0.5,0.023124713,0.003743045199976253
11.283,900.033540009209,0.028363779134028204,0.0,0.2,0.2,20.249999999999996,0.8,0.8,900.0,0.003,0.0,25,0.5,0.023241383,0.003743044677962777
11.286,900.0335400044183,0.028345750143675824,0.0,0.2,0.2,20.249999999999996,0.8,0.8,900.0,0.003,0.0,25,0.5,0.026597933,0.0037430441611744202
11.289,900.0335399996716,0.028328049020248134,0.0,0.2,0.2,20.249999999999996,0.8,0.8,900.0,0.003,0.0,25,0.5,0.023190173,0.00374304364962263
11.292,900.0335399949788,0.02831067592785263,0.0,0.2,0.2,20.249999999999996,0.8,0.8,900.0,0.003,0.0,25,0.5,0.023031052,0.003743043143104684
11.295,900.0335399903273,0.028293631025808744,0.0,0.2,0.2,20.249999999999996,0.8,0.8,900.0,0.003,0.0,25,0.5,0.026312061,0.0037430426411815417
11.298,900.0335399857177,0.02827691446660443,0.0,0.2,0.2,20.249999999999996,0.8,0.8,900.0,0.003,0.0,25,0.5,0.023121352,0.0037430421432716812
11.301,900.0335399811433,0.028260526385772127,0.0,0.2,0.2,20.249999999999996,0.8,0.8,900.0,0.003,0.0,25,0.5,0.023287013,0.003743041648700842
11.304,900.0335399766013,0.028244466912849254,0.0,0.2,0.2,20.249999999999996,0.8,0.8,900.0,0.003,0.0,25,0.5,0.026552982,0.0037430411568055494
11.307,900.0335399720823,0.028228736172558586,0.0,0.2,0.2,20.249999999999996,0.8,0.8,900.0,0.003,0.0,25,0.5,0.022390778,0.003743040667046553
11.31,900.0335399675826,0.028213334276414603,0.0,0.2,0.2,20.249999999999996,0.8,0.8,900.0,0.003,0.0,25,0.5,0.023239933,0.0037430401790430595
11.313,900.033539963101,0.02819826133180997,0.0,0.2,0.2,20.249999999999996,0.8,0.8,900.0,0.003,0.0,25,0.5,0.027033425,0.0037430396926109305
11.316,900.0335399586327,0.02818351744404078,0.0,0.2,0.2,20.249999999999996,0.8,0.8,900.0,0.003,0.0,25,0.5,0.023331394,0.0037430392077635066
11.319,900.0335399541752,0.028169102716742733,0.0,0.2,0.2,20.249999999999996,0.8,0.8,900.0,0.003,0.0,25,0.5,0.02262996,0.0037430387246970885
11.322000000000001,900.0335399497387,0.028155017252295925,0.0,0.2,0.2,20.249999999999996,0.8,0.8,900.0,0.003,0.0,25,0.5,0.026396881,0.0037430382437577707
11.325000000000001,900.0335399453203,0.028141261152161763,0.0,0.2,0.2,20.249999999999996,0.8,0.8,900.0,0.003,0.0,25,0.5,0.022511689,0.0037430377653967445
11.328,900.0335399409217,0.02812783451646734,0.0,0.2,0.2,20.249999999999996,0.8,0.8,900.0,0.003,0.0,25,0.5,0.023000642,0.0037430372901326773
11.331,900.0335399365575,0.028114737434297977,0.0,0.2,0.2,20.249999999999996,0.8,0.8,900.0,0.003,0.0,25,0.5,0.026338241,0.0037430368184814496
11.334,900.0335399322255,0.028101969986297028,0.0,0.2,0.2,20.249999999999996,0.8,0.8,900.0,0.003,0.0,25,0.5,0.02264063,0.0037430363509439765
11.337,900.0335399279281,0.028089532245293408,0.0,0.2,0.2,20.249999999999996,0.8,0.8,900.0,0.003,0.0,25,0.5,0.02275138,0.0037430358879061184
11.34,900.0335399236734,0.02807742428495714,0.0,0.2,0.2,20.249999999999996,0.8,0.8,900.0,0.003,0.0,25,0.5,0.02624207,0.00374303542962175
11.343,900.0335399194605,0.028065646179353382,0.0,0.2,0.2,20.249999999999996,0.8,0.8,900.0,0.003,0.0,25,0.5,0.022518699,0.0037430349762157815
11.346,900.0335399152909,0.02805419800278685,0.0,0.2,0.2,20.249999999999996,0.8,0.8,900.0,0.003,0.0,25,0.5,0.022946871,0.0037430345276917624
11.349,900.0335399111658,0.028043079829384684,0.0,0.2,0.2,20.249999999999996,0.8,0.8,900.0,0.003,0.0,25,0.5,0.026499742,0.00374303408395852
11.352,900.0335399070866,0.028032291730932538,0.0,0.2,0.2,20.249999999999996,0.8,0.8,900.0,0.003,0.0,25,0.5,0.022526409,0.0037430336448283463
11.355,900.0335399030466,0.028021833782315486,0.0,0.2,0.2,20.249999999999996,0.8,0.8,900.0,0.003,0.0,25,0.5,0.0226481,0.0037430332100918235
11.358,900.033539899046,0.028011706061800024,0.0,0.2,0.2,20.249999999999996,0.8,0.8,900.0,0.003,0.0,25,0.5,0.026127219,0.0037430327795675714
11.361,900.0335398950824,0.028001908651268767,0.0,0.2,0.2,20.249999999999996,0.8,0.8,900.0,0.003,0.0,25,0.5,0.022563259,0.003743032353128974
11.364,900.033539891158,0.027992441636650035,0.0,0.2,0.2,20.249999999999996,0.8,0.8,900.0,0.003,0.0,25,0.5,0.02274272,0.0037430319307281143
11.367,900.0335398872671,0.027983305108273057,0.0,0.2,0.2,20.249999999999996,0.8,0.8,900.0,0.003,0.0,25,0.5,0.026483331,0.0037430315124027764
11.370000000000001,900.0335398834164,0.027974499161094735,0.0,0.2,0.2,20.249999999999996,0.8,0.8,900.0,0.003,0.0,25,0.5,0.022665429,0.0037430310982711113
11.373000000000001,900.0335398796025,0.027966023895317455,0.0,0.2,0.2,20.249999999999996,0.8,0.8,900.0,0.003,0.0,25,0.5,0.023033752,0.003743030688513709
11.376,900.0335398758265,0.02795787941790402,0.0,0.2,0.2,20.249999999999996,0.8,0.8,900.0,0.003,0.0,25,0.5,0.026683343,0.003743030283360883
11.379,900.0335398720941,0.027950065842505104,0.0,0.2,0.2,20.249999999999996,0.8,0.8,900.0,0.003,0.0,25,0.5,0.022775941,0.003743029883080614
11.382,900.0335398684058,0.027942583289101246,0.0,0.2,0.2,20.249999999999996,0.8,0.8,900.0,0.003,0.0,25,0.5,0.022841841,0.0037430294879375495
11.385,900.0335398647624,0.02793543188493868,0.0,0.2,0.2,20.249999999999996,0.8,0.8,900.0,0.003,0.0,25,0.5,0.027589368,0.0037430290981782656
11.388,900.0335398611699,0.027928611768686096,0.0,0.2,0.2,20.249999999999996,0.8,0.8,900.0,0.003,0.0,25,0.5,0.023250483,0.0037430287140194935
11.391,900.0335398576245,0.0279221230883253,0.0,0.2,0.2,20.249999999999996,0.8,0.8,900.0,0.003,0.0,25,0.5,0.023201873,0.003743028335651262
11.394,900.0335398541343,0.027915965994923016,0.0,0.2,0.2,20.249999999999996,0.8,0.8,900.0,0.003,0.0,25,0.5,0.026450652,0.003743027963249312
11.397,900.033539850697,0.027910140635232516,0.0,0.2,0.2,20.249999999999996,0.8,0.8,900.0,0.003,0.0,25,0.5,0.022394398,0.0037430275968975716
11.4,900.0335398473169,0.027904647158139822,0.0,0.2,0.2,20.249999999999996,0.8,0.8,900.0,0.003,0.0,25,0.5,0.023067622,0.003743027236607451
11.403,900.0335398439867,0.027899485721350727,0.0,0.2,0.2,20.249999999999996,0.8,0.8,900.0,0.003,0.0,25,0.5,0.026970684,0.003743026882337629
11.406,900.0335398407124,0.02789465649230544,0.0,0.2,0.2,20.249999999999996,0.8,0.8,900.0,0.003,0.0,25,0.5,0.023377734,0.0037430265340073535
11.409,900.033539837495,0.02789015964900371,0.0,0.2,0.2,20.249999999999996,0.8,0.8,900.0,0.003,0.0,25,0.5,0.02272976,0.003743026191531748
11.412,900.0335398343287,0.027885995379868873,0.0,0.2,0.2,20.249999999999996,0.8,0.8,900.0,0.003,0.0,25,0.5,0.026459491,0.0037430258548149177
11.415000000000001,900.0335398312137,0.027882163884154182,0.0,0.2,0.2,20.249999999999996,0.8,0.8,900.0,0.003,0.0,25,0.5,0.023644205,0.003743025523773141
11.418000000000001,900.0335398281505,0.0278786653724404,0.0,0.2,0.2,20.249999999999996,0.8,0.8,900.0,0.003,0.0,25,0.5,0.022309518,0.003743025198334667
11.421,900.0335398251354,0.027875500067386327,0.0,0.2,0.2,20.249999999999996,0.8,0.8,900.0,0.003,0.0,25,0.5,0.026466241,0.003743024878458141
11.424,900.0335398221771,0.02787266820378397,0.0,0.2,0.2,20.249999999999996,0.8,0.8,900.0,0.003,0.0,25,0.5,0.022977322,0.0037430245641281727
11.427,900.0335398192645,0.027870170029462786,0.0,0.2,0.2,20.249999999999996,0.8,0.8,900.0,0.003,0.0,25,0.5,0.023198133,0.0037430242553466143
11.43,900.0335398164028,0.027868005806172057,0.0,0.2,0.2,20.249999999999996,0.8,0.8,900.0,0.003,0.0,25,0.5,0.026118199,0.0037430239521293518
11.433,900.0335398135921,0.027866175809989062,0.0,0.2,0.2,20.249999999999996,0.8,0.8,900.0,0.003,0.0,25,0.5,0.023085982,0.003743023654498153
11.436,900.0335398108297,0.02786468033181679,0.0,0.2,0.2,20.249999999999996,0.8,0.8,900.0,0.003,0.0,25,0.5,0.022450229,0.0037430233624683494
11.439,900.0335398081181,0.027863519677844565,0.0,0.2,0.2,20.249999999999996,0.8,0.8,900.0,0.003,0.0,25,0.5,0.026696203,0.00374302307604613
11.442,900.0335398054588,0.027862694170024488,0.0,0.2,0.2,20.249999999999996,0.8,0.8,900.0,0.003,0.0,25,0.5,0.023682366,0.0037430227953208976
11.445,900.0335398028544,0.02786220411496141,0.0,0.2,0.2,20.249999999999996,0.8,0.8,900.0,0.003,0.0,25,0.5,0.022809651,0.0037430225205480777
11.448,900.0335398002985,0.027862049778524613,0.0,0.2,0.2,20.249999999999996,0.8,0.8,900.0,0.003,0.0,25,0.5,0.0261104,0.003743022251813029
11.451,900.0335397977975,0.027862231441565664,0.0,0.2,0.2,20.249999999999996,0.8,0.8,900.0,0.003,0.0,25,0.5,0.023199493,0.003743021989107714
11.454,900.0335397953556,0.027862749400578916,0.0,0.2,0.2,20.249999999999996,0.8,0.8,900.0,0.003,0.0,25,0.5,0.022788081,0.0037430217323441884
11.457,900.0335397929618,0.027863603961864755,0.0,0.2,0.2,20.249999999999996,0.8,0.8,900.0,0.003,0.0,25,0.5,0.026672062,0.003743021481357717
11.46,900.0335397906227,0.027864795447044958,0.0,0.2,0.2,20.249999999999996,0.8,0.8,900.0,0.003,0.0,25,0.5,0.02279909,0.0037430212359935836
11.463000000000001,900.0335397883396,0.02786632417138276,0.0,0.2,0.2,20.249999999999996,0.8,0.8,900.0,0.003,0.0,25,0.5,0.023524285,0.003743020996502054
11.466000000000001,900.0335397861054,0.027868190336160493,0.0,0.2,0.2,20.249999999999996,0.8,0.8,900.0,0.003,0.0,25,0.5,0.026620082,0.0037430207628867907
11.469,900.0335397839264,0.027870394141579925,0.0,0.2,0.2,20.249999999999996,0.8,0.8,900.0,0.003,0.0,25,0.5,0.023191952,0.003743020535116431
11.472,900.0335397818001,0.027872935805316797,0.0,0.2,0.2,20.249999999999996,0.8,0.8,900.0,0.003,0.0,25,0.5,0.022897492,0.003743020313156746
11.475,900.0335397797279,0.0278758155635769,0.0,0.2,0.2,20.249999999999996,0.8,0.8,900.0,0.003,0.0,25,0.5,0.026515382,0.003743020096934937
11.478,900.0335397777044,0.027879033672306062,0.0,0.2,0.2,20.249999999999996,0.8,0.8,900.0,0.003,0.0,25,0.5,0.022769721,0.0037430198863375123
11.481,900.0335397757333,0.02788259040715314,0.0,0.2,0.2,20.249999999999996,0.8,0.8,900.0,0.003,0.0,25,0.5,0.023629225,0.0037430196812185106
11.484,900.0335397738112,0.027886486059716144,0.0,0.2,0.2,20.249999999999996,0.8,0.8,900.0,0.003,0.0,25,0.5,0.026775113,0.0037430194814027334
11.487,900.0335397719351,0.0278907209307676,0.0,0.2,0.2,20.249999999999996,0.8,0.8,900.0,0.003,0.0,25,0.5,0.023118682,0.0037430192866852105
11.49,900.0335397701118,0.027895295335247802,0.0,0.2,0.2,20.249999999999996,0.8,0.8,900.0,0.003,0.0,25,0.5,0.02268772,0.003743019097806449
11.493,900.0335397683401,0.027900209358422516,0.0,0.2,0.2,20.249999999999996,0.8,0.8,900.0,0.003,0.0,25,0.5,0.026807194,0.0037430189156249026
11.496,900.033539766628,0.027905462979546113,0.0,0.2,0.2,20.249999999999996,0.8,0.8,900.0,0.003,0.0,25,0.5,0.022914381,0.003743018740439647
11.499,900.0335397649809,0.02791105617294766,0.0,0.2,0.2,20.249999999999996,0.8,0.8,900.0,0.003,0.0,25,0.5,0.023314554,0.003743018572279738
11.502,900.033539763398,0.02791698890456227,0.0,0.2,0.2,20.249999999999996,0.8,0.8,900.0,0.003,0.0,25,0.5,0.026716083,0.003743018410876032
11.505,900.0335397618734,0.027923261156941832,0.0,0.2,0.2,20.249999999999996,0.8,0.8,900.0,0.003,0.0,25,0.5,0.022500889,0.003743018255752438
11.508000000000001,900.0335397604081,0.02792987293134974,0.0,0.2,0.2,20.249999999999996,0.8,0.8,900.0,0.003,0.0,25,0.5,0.023185412,0.003743018106288803
11.511000000000001,900.0335397589946,0.02793682424777459,0.0,0.2,0.2,20.249999999999996,0.8,0.8,900.0,0.003,0.0,25,0.5,0.026793293,0.0037430179618286037
11.514000000000001,900.0335397576243,0.02794411514361411,0.0,0.2,0.2,20.249999999999996,0.8,0.8,900.0,0.003,0.0,25,0.5,0.022769981,0.003743017821774014
11.517,900.0335397562965,0.027951745672026497,0.0,0.2,0.2,20.249999999999996,0.8,0.8,900.0,0.003,0.0,25,0.5,0.02274751,0.003743017685649899
11.52,900.0335397550012,0.027959715905602298,0.0,0.2,0.2,20.249999999999996,0.8,0.8,900.0,0.003,0.0,25,0.5,0.026929814,0.0037430175531364134
11.523,900.0335397537402,0.02796802593533787,0.0,0.2,0.2,20.249999999999996,0.8,0.8,900.0,0.003,0.0,25,0.5,0.022429058,0.0037430174240858103
11.526,900.0335397525105,0.027976675869261152,0.0,0.2,0.2,20.249999999999996,0.8,0.8,900.0,0.003,0.0,25,0.5,0.022936511,0.003743017298570859
11.529,900.0335397513177,0.0279856658106865,0.0,0.2,0.2,20.249999999999996,0.8,0.8,900.0,0.003,0.0,25,0.5,0.026852974,0.003743017176737559
11.532,900.0335397501548,0.02799499587880819,0.0,0.2,0.2,20.249999999999996,0.8,0.8,900.0,0.003,0.0,25,0.5,0.022701931,0.00374301705882347
11.535,900.0335397490269,0.028004666214684552,0.0,0.2,0.2,20.249999999999996,0.8,0.8,900.0,0.003,0.0,25,0.5,0.023241363,0.0037430169451248604
11.538,900.0335397479372,0.028014676981848306,0.0,0.2,0.2,20.249999999999996,0.8,0.8,900.0,0.003,0.0,25,0.5,0.027128275,0.003743016835922367
11.541,900.0335397468913,0.028025028360474435,0.0,0.2,0.2,20.249999999999996,0.8,0.8,900.0,0.003,0.0,25,0.5,0.022874321,0.0037430167316235287
11.544,900.0335397458927,0.02803572046299997,0.0,0.2,0.2,20.249999999999996,0.8,0.8,900.0,0.003,0.0,25,0.5,0.023079612,0.0037430166341219538
11.547,900.0335397449588,0.02804675290834046,0.0,0.2,0.2,20.249999999999996,0.8,0.8,900.0,0.003,0.0,25,0.5,0.02630498,0.0037430165446132716
11.55,900.0335397440931,0.028058125211691275,0.0,0.2,0.2,20.249999999999996,0.8,0.8,900.0,0.003,0.0,25,0.5,0.02282563,0.0037430164633407274
11.553,900.0335397433081,0.028069836898961795,0.0,0.2,0.2,20.249999999999996,0.8,0.8,900.0,0.003,0.0,25,0.5,0.02258611,0.003743016389837248
11.556000000000001,900.0335397425895,0.02808188751140481,0.0,0.2,0.2,20.249999999999996,0.8,0.8,900.0,0.003,0.0,25,0.5,0.026838694,0.003743016323008354
11.559000000000001,900.0335397419294,0.028094276606858537,0.0,0.2,0.2,20.249999999999996,0.8,0.8,900.0,0.003,0.0,25,0.5,0.023407744,0.0037430162613201015
11.562,900.0335397413205,0.0281070037531305,0.0,0.2,0.2,20.249999999999996,0.8,0.8,900.0,0.003,0.0,25,0.5,0.023337683,0.0037430162033873947
11.565,900.0335397407457,0.02812006848933146,0.0,0.2,0.2,20.249999999999996,0.8,0.8,900.0,0.003,0.0,25,0.5,0.026646343,0.003743016147652033
11.568,900.0335397401898,0.028133470364842785,0.0,0.2,0.2,20.249999999999996,0.8,0.8,900.0,0.003,0.0,25,0.5,0.022936702,0.0037430160927757264
11.571,900.0335397396441,0.028147208946164876,0.0,0.2,0.2,20.249999999999996,0.8,0.8,900.0,0.003,0.0,25,0.5,0.02267124,0.003743016037880716
11.574,900.0335397390937,0.028161283817234515,0.0,0.2,0.2,20.249999999999996,0.8,0.8,900.0,0.003,0.0,25,0.5,0.027791589,0.0037430159826013147
11.577,900.033539738543,0.028175694579855144,0.0,0.2,0.2,20.249999999999996,0.8,0.8,900.0,0.003,0.0,25,0.5,0.023114943,0.0037430159270265082
11.58,900.0335397379904,0.028190440853938695,0.0,0.2,0.2,20.249999999999996,0.8,0.8,900.0,0.003,0.0,25,0.5,0.022834751,0.0037430158716235213
11.583,900.0335397374415,0.028205522275740396,0.0,0.2,0.2,20.249999999999996,0.8,0.8,900.0,0.003,0.0,25,0.5,0.026898744,0.0037430158172937285
11.586,900.033539736905,0.028220938401407776,0.0,0.2,0.2,20.249999999999996,0.8,0.8,900.0,0.003,0.0,25,0.5,0.02277054,0.003743015765782263
11.589,900.0335397363946,0.028236688439036248,0.0,0.2,0.2,20.249999999999996,0.8,0.8,900.0,0.003,0.0,25,0.5,0.023453534,0.003743015718352644
11.592,900.0335397359246,0.028252771571781302,0.0,0.2,0.2,20.249999999999996,0.8,0.8,900.0,0.003,0.0,25,0.5,0.027158745,0.003743015676081773
11.595,900.0335397354958,0.028269186992410697,0.0,0.2,0.2,20.249999999999996,0.8,0.8,900.0,0.003,0.0,25,0.5,0.022839421,0.003743015639803829
11.598,900.033539735122,0.028285933905170875,0.0,0.2,0.2,20.249999999999996,0.8,0.8,900.0,0.003,0.0,25,0.5,0.023215543,0.0037430156100261426
11.601,900.0335397348107,0.02830301152477268,0.0,0.2,0.2,20.249999999999996,0.8,0.8,900.0,0.003,0.0,25,0.5,0.02624618,0.0037430155870799625
11.604000000000001,900.0335397345588,0.02832041899464144,0.0,0.2,0.2,20.249999999999996,0.8,0.8,900.0,0.003,0.0,25,0.5,0.023078152,0.003743015570878409
11.607000000000001,900.0335397343675,0.028338155409567856,0.0,0.2,0.2,20.249999999999996,0.8,0.8,900.0,0.003,0.0,25,0.5,0.022821701,0.0037430155607368976
11.61,900.033539734231,0.02835621987254775,0.0,0.2,0.2,20.249999999999996,0.8,0.8,900.0,0.003,0.0,25,0.5,0.027037205,0.0037430155556470632
11.613,900.0335397341412,0.02837461149482022,0.0,0.2,0.2,20.249999999999996,0.8,0.8,900.0,0.003,0.0,25,0.5,0.023464155,0.003743015554448371
11.616,900.0335397340879,0.02839332939576538,0.0,0.2,0.2,20.249999999999996,0.8,0.8,900.0,0.003,0.0,25,0.5,0.023899146,0.003743015555961564
11.619,900.0335397340552,0.02841237270319355,0.0,0.2,0.2,20.249999999999996,0.8,0.8,900.0,0.003,0.0,25,0.5,0.027352466,0.003743015559120299
11.622,900.033539734042,0.028431740553711962,0.0,0.2,0.2,20.249999999999996,0.8,0.8,900.0,0.003,0.0,25,0.5,0.022922181,0.0037430155630734665
11.625,900.0335397340327,0.028451432093001505,0.0,0.2,0.2,20.249999999999996,0.8,0.8,900.0,0.003,0.0,25,0.5,0.023199042,0.003743015567253889
11.628,900.0335397340276,0.02847144647509829,0.0,0.2,0.2,20.249999999999996,0.8,0.8,900.0,0.003,0.0,25,0.5,0.027642048,0.003743015571408936
11.631,900.0335397340235,0.028491782860978147,0.0,0.2,0.2,20.249999999999996,0.8,0.8,900.0,0.003,0.0,25,0.5,0.024309569,0.003743015575549769
11.634,900.0335397340183,0.028512440420982135,0.0,0.2,0.2,20.249999999999996,0.8,0.8,900.0,0.003,0.0,25,0.5,0.024259539,0.0037430155799029418
11.637,900.0335397340151,0.028533418334861324,0.0,0.2,0.2,20.249999999999996,0.8,0.8,900.0,0.003,0.0,25,0.5,0.02797999,0.0037430155848482242
11.64,900.0335397340207,0.028554715792496074,0.0,0.2,0.2,20.249999999999996,0.8,0.8,900.0,0.003,0.0,25,0.5,0.023513075,0.0037430155908232455
11.643,900.0335397340328,0.028576331994038213,0.0,0.2,0.2,20.249999999999996,0.8,0.8,900.0,0.003,0.0,25,0.5,0.02445034,0.0037430155982458076
11.646,900.0335397340593,0.02859826614973806,0.0,0.2,0.2,20.249999999999996,0.8,0.8,900.0,0.003,0.0,25,0.5,0.028219021,0.003743015607457562
11.649000000000001,900.0335397341,0.02862051747543988,0.0,0.2,0.2,20.249999999999996,0.8,0.8,900.0,0.003,0.0,25,0.5,0.02440711,0.003743015618712491
11.652000000000001,900.0335397341615,0.028643085186104682,0.0,0.2,0.2,20.249999999999996,0.8,0.8,900.0,0.003,0.0,25,0.5,0.023933797,0.0037430156321121935
11.655,900.0335397342421,0.02866596850631174,0.0,0.2,0.2,20.249999999999996,0.8,0.8,900.0,0.003,0.0,25,0.5,0.028528873,0.0037430156475939235
11.658,900.0335397343459,0.028689166664282503,0.0,0.2,0.2,20.249999999999996,0.8,0.8,900.0,0.003,0.0,25,0.5,0.024264229,0.003743015665036903
11.661,900.0335397344608,0.02871267885242226,0.0,0.2,0.2,20.249999999999996,0.8,0.8,900.0,0.003,0.0,25,0.5,0.024045598,0.0037430156841563064
11.664,900.0335397345953,0.028736504265562603,0.0,0.2,0.2,20.249999999999996,0.8,0.8,900.0,0.003,0.0,25,0.5,0.029048926,0.003743015704596873
11.667,900.0335397347416,0.028760642109022835,0.0,0.2,0.2,20.249999999999996,0.8,0.8,900.0,0.003,0.0,25,0.5,0.023563825,0.0037430157259575846
11.67,900.0335397348958,0.02878509159972913,0.0,0.2,0.2,20.249999999999996,0.8,0.8,900.0,0.003,0.0,25,0.5,0.024891582,0.00374301574782082
11.673,900.0335397350553,0.028809851967691574,0.0,0.2,0.2,20.249999999999996,0.8,0.8,900.0,0.003,0.0,25,0.5,0.028752304,0.003743015769789121
11.676,900.0335397352163,0.02883492245389662,0.0,0.2,0.2,20.249999999999996,0.8,0.8,900.0,0.003,0.0,25,0.5,0.02453765,0.0037430157915403113
11.679,900.0335397353751,0.028860302309865964,0.0,0.2,0.2,20.249999999999996,0.8,0.8,900.0,0.003,0.0,25,0.5,0.024494231,0.00374301581283976
11.682,900.0335397355287,0.028885990798097824,0.0,0.2,0.2,20.249999999999996,0.8,0.8,900.0,0.003,0.0,25,0.5,0.028045301,0.0037430158335636883
11.685,900.0335397356799,0.028911987192701754,0.0,0.2,0.2,20.249999999999996,0.8,0.8,900.0,0.003,0.0,25,0.5,0.024391529,0.0037430158537043443
11.688,900.0335397358226,0.028938290779680256,0.0,0.2,0.2,20.249999999999996,0.8,0.8,900.0,0.003,0.0,25,0.5,0.023008202,0.003743015873361084
11.691,900.0335397359648,0.02896490085719847,0.0,0.2,0.2,20.249999999999996,0.8,0.8,900.0,0.003,0.0,25,0.5,0.026880184,0.0037430158927175454
11.694,900.0335397361039,0.02899181673575556,0.0,0.2,0.2,20.249999999999996,0.8,0.8,900.0,0.003,0.0,25,0.5,0.023123802,0.0037430159120164512
11.697000000000001,900.0335397362386,0.029019037738423247,0.0,0.2,0.2,20.249999999999996,0.8,0.8,900.0,0.003,0.0,25,0.5,0.024087098,0.003743015931540785
11.700000000000001,900.0335397363824,0.029046563202875186,0.0,0.2,0.2,20.249999999999996,0.8,0.8,900.0,0.003,0.0,25,0.5,0.026739033,0.0037430159515761115
11.703,900.0335397365258,0.029074392482113853,0.0,0.2,0.2,20.249999999999996,0.8,0.8,900.0,0.003,0.0,25,0.5,0.023933006,0.0037430159723973533
11.706,900.0335397366797,0.029102524939415238,0.0,0.2,0.2,20.249999999999996,0.8,0.8,900.0,0.003,0.0,25,0.5,0.023738556,0.0037430159942805413
11.709,900.0335397368415,0.029130959942797977,0.0,0.2,0.2,20.249999999999996,0.8,0.8,900.0,0.003,0.0,25,0.5,0.027542848,0.0037430160174147936
11.712,900.0335397370139,0.029159696873435247,0.0,0.2,0.2,20.249999999999996,0.8,0.8,900.0,0.003,0.0,25,0.5,0.023319413,0.003743016041947329
11.715,900.0335397372008,0.02918873512630783,0.0,0.2,0.2,20.249999999999996,0.8,0.8,900.0,0.003,0.0,25,0.5,0.024401849,0.003743016067981586
11.718,900.0335397374022,0.029218074110195114,0.0,0.2,0.2,20.249999999999996,0.8,0.8,900.0,0.003,0.0,25,0.5,0.027407707,0.003743016095584445
11.721,900.0335397376138,0.02924771324798681,0.0,0.2,0.2,20.249999999999996,0.8,0.8,900.0,0.003,0.0,25,0.5,0.023763236,0.0037430161247911952
11.724,900.0335397378451,0.029277651976972272,0.0,0.2,0.2,20.249999999999996,0.8,0.8,900.0,0.003,0.0,25,0.5,0.024048228,0.0037430161556236
11.727,900.0335397380894,0.029307889749828165,0.0,0.2,0.2,20.249999999999996,0.8,0.8,900.0,0.003,0.0,25,0.5,0.027705328,0.0037430161881170563
11.73,900.0335397383453,0.029338426034853655,0.0,0.2,0.2,20.249999999999996,0.8,0.8,900.0,0.003,0.0,25,0.5,0.023899407,0.0037430162223381896
11.733,900.0335397386216,0.029369260314889067,0.0,0.2,0.2,20.249999999999996,0.8,0.8,900.0,0.003,0.0,25,0.5,0.023506074,0.0037430162583890246
11.736,900.0335397389132,0.02940039208678837,0.0,0.2,0.2,20.249999999999996,0.8,0.8,900.0,0.003,0.0,25,0.5,0.027471968,0.0037430162963927767
11.739,900.0335397392228,0.029431820862471297,0.0,0.2,0.2,20.249999999999996,0.8,0.8,900.0,0.003,0.0,25,0.5,0.023557875,0.003743016336573271
11.742,900.0335397395529,0.029463546147785888,0.0,0.2,0.2,20.249999999999996,0.8,0.8,900.0,0.003,0.0,25,0.5,0.023869347,0.003743016379144428
11.745000000000001,900.0335397399041,0.02949556745294494,0.0,0.2,0.2,20.249999999999996,0.8,0.8,900.0,0.003,0.0,25,0.5,0.028030781,0.003743016424240648
11.748000000000001,900.0335397402781,0.02952788430381185,0.0,0.2,0.2,20.249999999999996,0.8,0.8,900.0,0.003,0.0,25,0.5,0.023276763,0.0037430164719743746
11.751,900.0335397406745,0.029560496240427135,0.0,0.2,0.2,20.249999999999996,0.8,0.8,900.0,0.003,0.0,25,0.5,0.023838336,0.0037430165224131623
11.754,900.0335397410997,0.029593402818052273,0.0,0.2,0.2,20.249999999999996,0.8,0.8,900.0,0.003,0.0,25,0.5,0.028409843,0.00374301657558417
11.757,900.0335397415473,0.02962660360713893,0.0,0.2,0.2,20.249999999999996,0.8,0.8,900.0,0.003,0.0,25,0.5,0.023615745,0.0037430166314706744
11.76,900.0335397420174,0.0296600981949956,0.0,0.2,0.2,20.249999999999996,0.8,0.8,900.0,0.003,0.0,25,0.5,0.023232553,0.003743016690028034
11.763,900.0335397425162,0.029693886186135894,0.0,0.2,0.2,20.249999999999996,0.8,0.8,900.0,0.003,0.0,25,0.5,0.027399367,0.003743016751198936
11.766,900.0335397430346,0.029727967201729905,0.0,0.2,0.2,20.249999999999996,0.8,0.8,900.0,0.003,0.0,25,0.5,0.022988132,0.0037430168149658934
11.769,900.0335397435771,0.02976234087049493,0.0,0.2,0.2,20.249999999999996,0.8,0.8,900.0,0.003,0.0,25,0.5,0.02258012,0.0037430168813106742
11.772,900.0335397441442,0.02979700683362546,0.0,0.2,0.2,20.249999999999996,0.8,0.8,900.0,0.003,0.0,25,0.5,0.026904964,0.0037430169502429976
11.775,900.0335397447371,0.029831964692307686,0.0,0.2,0.2,20.249999999999996,0.8,0.8,900.0,0.003,0.0,25,0.5,0.023579985,0.00374301702154353
11.778,900.03353974535,0.02986721403866975,0.0,0.2,0.2,20.249999999999996,0.8,0.8,900.0,0.003,0.0,25,0.5,0.023061752,0.003743017094842897
11.781,900.0335397459814,0.029902754480575736,0.0,0.2,0.2,20.249999999999996,0.8,0.8,900.0,0.003,0.0,25,0.5,0.026970675,0.0037430171699716582
11.784,900.0335397466301,0.029938585577393914,0.0,0.2,0.2,20.249999999999996,0.8,0.8,900.0,0.003,0.0,25,0.5,0.022973711,0.003743017246682544
11.787,900.0335397472953,0.02997470687584598,0.0,0.2,0.2,20.249999999999996,0.8,0.8,900.0,0.003,0.0,25,0.5,0.023050332,0.003743017324534532
11.790000000000001,900.0335397479679,0.03001111794085034,0.0,0.2,0.2,20.249999999999996,0.8,0.8,900.0,0.003,0.0,25,0.5,0.026030159,0.003743017403069342
11.793000000000001,900.0335397486477,0.030047818348059314,0.0,0.2,0.2,20.249999999999996,0.8,0.8,900.0,0.003,0.0,25,0.5,0.022857681,0.003743017481890983
11.796,900.0335397493313,0.03008480767337626,0.0,0.2,0.2,20.249999999999996,0.8,0.8,900.0,0.003,0.0,25,0.5,0.023118602,0.0037430175606638443
11.799,900.0335397500126,0.030122085510589522,0.0,0.2,0.2,20.249999999999996,0.8,0.8,900.0,0.003,0.0,25,0.5,0.026419122,0.0037430176391464714
11.802,900.0335397506935,0.030159651472298984,0.0,0.2,0.2,20.249999999999996,0.8,0.8,900.0,0.003,0.0,25,0.5,0.022908481,0.003743017717193872
11.805,900.0335397513694,0.030197505189786717,0.0,0.2,0.2,20.249999999999996,0.8,0.8,900.0,0.003,0.0,25,0.5,0.022905161,0.003743017794736711
11.808,900.0335397520432,0.030235646313579334,0.0,0.2,0.2,20.249999999999996,0.8,0.8,900.0,0.003,0.0,25,0.5,0.026602782,0.0037430178717676637
11.811,900.0335397527089,0.03027407451382264,0.0,0.2,0.2,20.249999999999996,0.8,0.8,900.0,0.003,0.0,25,0.5,0.023160833,0.0037430179483102207
11.814,900.0335397533759,0.030312789480114455,0.0,0.2,0.2,20.249999999999996,0.8,0.8,900.0,0.003,0.0,25,0.5,0.022835191,0.003743018024607885
11.817,900.0335397540364,0.03035179086380253,0.0,0.2,0.2,20.249999999999996,0.8,0.8,900.0,0.003,0.0,25,0.5,0.026334971,0.0037430181009471706
11.82,900.0335397546987,0.03039107829448446,0.0,0.2,0.2,20.249999999999996,0.8,0.8,900.0,0.003,0.0,25,0.5,0.023035642,0.0037430181773977483
11.823,900.0335397553636,0.030430651421510167,0.0,0.2,0.2,20.249999999999996,0.8,0.8,900.0,0.003,0.0,25,0.5,0.023429584,0.0037430182539054412
11.826,900.0335397560277,0.030470509914034317,0.0,0.2,0.2,20.249999999999996,0.8,0.8,900.0,0.003,0.0,25,0.5,0.027278026,0.003743018330283601
11.829,900.0335397566914,0.03051065346261879,0.0,0.2,0.2,20.249999999999996,0.8,0.8,900.0,0.003,0.0,25,0.5,0.022257737,0.00374301840621318
11.832,900.033539757351,0.030551081779854737,0.0,0.2,0.2,20.249999999999996,0.8,0.8,900.0,0.003,0.0,25,0.5,0.023084022,0.0037430184813528407
11.835,900.033539758006,0.030591794568403774,0.0,0.2,0.2,20.249999999999996,0.8,0.8,900.0,0.003,0.0,25,0.5,0.027544427,0.003743018555330427
11.838000000000001,900.0335397586492,0.03063279153262808,0.0,0.2,0.2,20.249999999999996,0.8,0.8,900.0,0.003,0.0,25,0.5,0.023751906,0.003743018627701794
11.841000000000001,900.033539759278,0.03067407239751535,0.0,0.2,0.2,20.249999999999996,0.8,0.8,900.0,0.003,0.0,25,0.5,0.023932937,0.0037430186980241796
11.844,900.0335397598881,0.030715636906298662,0.0,0.2,0.2,20.249999999999996,0.8,0.8,900.0,0.003,0.0,25,0.5,0.027499418,0.0037430187659092473
11.847,900.0335397604754,0.030757484813547994,0.0,0.2,0.2,20.249999999999996,0.8,0.8,900.0,0.003,0.0,25,0.5,0.023263813,0.0037430188310176573
11.85,900.0335397610412,0.03079961589060621,0.0,0.2,0.2,20.249999999999996,0.8,0.8,900.0,0.003,0.0,25,0.5,0.023848947,0.0037430188930734623
11.853,900.0335397615796,0.030842029906419124,0.0,0.2,0.2,20.249999999999996,0.8,0.8,900.0,0.003,0.0,25,0.5,0.027634709,0.003743018952008676
11.856,900.0335397620923,0.030884726480991772,0.0,0.2,0.2,20.249999999999996,0.8,0.8,900.0,0.003,0.0,25,0.5,0.023132402,0.0037430190078205305
11.859,900.0335397625752,0.03092770521809041,0.0,0.2,0.2,20.249999999999996,0.8,0.8,900.0,0.003,0.0,25,0.5,0.023146212,0.0037430190606451853
11.862,900.0335397630355,0.030970965739834964,0.0,0.2,0.2,20.249999999999996,0.8,0.8,900.0,0.003,0.0,25,0.5,0.027561438,0.0037430191113015975
11.865,900.0335397634782,0.031014507502122014,0.0,0.2,0.2,20.249999999999996,0.8,0.8,900.0,0.003,0.0,25,0.5,0.023459355,0.003743019161309369
11.868,900.0335397639157,0.03105832974175822,0.0,0.2,0.2,20.249999999999996,0.8,0.8,900.0,0.003,0.0,25,0.5,0.023337514,0.0037430192114649825
11.871,900.033539764355,0.031102431709896138,0.0,0.2,0.2,20.249999999999996,0.8,0.8,900.0,0.003,0.0,25,0.5,0.026939584,0.0037430192622393355
11.874,900.0335397647981,0.031146812669914595,0.0,0.2,0.2,20.249999999999996,0.8,0.8,900.0,0.003,0.0,25,0.5,0.022835581,0.0037430193138313886
11.877,900.0335397652508,0.031191471897821364,0.0,0.2,0.2,20.249999999999996,0.8,0.8,900.0,0.003,0.0,25,0.5,0.023201562,0.003743019366180938
11.88,900.0335397657094,0.031236408683198772,0.0,0.2,0.2,20.249999999999996,0.8,0.8,900.0,0.003,0.0,25,0.5,0.026865493,0.003743019419069559
11.883000000000001,900.0335397661754,0.03128162230529967,0.0,0.2,0.2,20.249999999999996,0.8,0.8,900.0,0.003,0.0,25,0.5,0.022931781,0.0037430194720971233
11.886000000000001,900.0335397666378,0.03132711205184843,0.0,0.2,0.2,20.249999999999996,0.8,0.8,900.0,0.003,0.0,25,0.5,0.023618606,0.0037430195247007696
11.889000000000001,900.0335397671026,0.03137287722618857,0.0,0.2,0.2,20.249999999999996,0.8,0.8,900.0,0.003,0.0,25,0.5,0.027062445,0.00374301957623009
11.892,900.0335397675561,0.0314189171467733,0.0,0.2,0.2,20.249999999999996,0.8,0.8,900.0,0.003,0.0,25,0.5,0.022907721,0.0037430196260316673
11.895,900.0335397679921,0.031465231147863454,0.0,0.2,0.2,20.249999999999996,0.8,0.8,900.0,0.003,0.0,25,0.5,0.022781541,0.0037430196735269996
11.898,900.0335397684086,0.03151181857755971,0.0,0.2,0.2,20.249999999999996,0.8,0.8,900.0,0.003,0.0,25,0.5,0.027612788,0.0037430197182770713
11.901,900.0335397688027,0.03155867879621386,0.0,0.2,0.2,20.249999999999996,0.8,0.8,900.0,0.003,0.0,25,0.5,0.023058083,0.0037430197600057434
11.904,900.0335397691657,0.03160581118068739,0.0,0.2,0.2,20.249999999999996,0.8,0.8,900.0,0.003,0.0,25,0.5,0.023037852,0.0037430197986256385
11.907,900.0335397695073,0.03165321512335203,0.0,0.2,0.2,20.249999999999996,0.8,0.8,900.0,0.003,0.0,25,0.5,0.027364347,0.003743019834219484
11.91,900.0335397698196,0.03170089003023899,0.0,0.2,0.2,20.249999999999996,0.8,0.8,900.0,0.003,0.0,25,0.5,0.023457614,0.003743019866995745
11.913,900.033539770105,0.03174883532308707,0.0,0.2,0.2,20.249999999999996,0.8,0.8,900.0,0.003,0.0,25,0.5,0.022965561,0.0037430198972623445
11.916,900.0335397703682,0.03179705043670549,0.0,0.2,0.2,20.249999999999996,0.8,0.8,900.0,0.003,0.0,25,0.5,0.02800253,0.003743019925360211
11.919,900.0335397706143,0.031845534820783096,0.0,0.2,0.2,20.249999999999996,0.8,0.8,900.0,0.003,0.0,25,0.5,0.023198743,0.0037430199516295735
11.922,900.0335397708444,0.031894287938140045,0.0,0.2,0.2,20.249999999999996,0.8,0.8,900.0,0.003,0.0,25,0.5,0.02270244,0.003743019976371463
11.925,900.0335397710624,0.031943309263268174,0.0,0.2,0.2,20.249999999999996,0.8,0.8,900.0,0.003,0.0,25,0.5,0.027336667,0.003743019999756309
11.928,900.033539771266,0.03199259828970009,0.0,0.2,0.2,20.249999999999996,0.8,0.8,900.0,0.003,0.0,25,0.5,0.023521305,0.003743020021838553
11.931000000000001,900.0335397714567,0.032042154529932955,0.0,0.2,0.2,20.249999999999996,0.8,0.8,900.0,0.003,0.0,25,0.5,0.023189803,0.003743020042568817
11.934000000000001,900.0335397716395,0.03209197751544703,0.0,0.2,0.2,20.249999999999996,0.8,0.8,900.0,0.003,0.0,25,0.5,0.026544402,0.0037430200618094726
11.937,900.0335397718075,0.03214206679666729,0.0,0.2,0.2,20.249999999999996,0.8,0.8,900.0,0.003,0.0,25,0.5,0.022796431,0.0037430200793522744
11.94,900.0335397719604,0.03219242194326107,0.0,0.2,0.2,20.249999999999996,0.8,0.8,900.0,0.003,0.0,25,0.5,0.02269114,0.003743020094946236
11.943,900.0335397720953,0.032243042545901664,0.0,0.2,0.2,20.249999999999996,0.8,0.8,900.0,0.003,0.0,25,0.5,0.026371961,0.0037430201083333415
11.946,900.0335397722098,0.032293928216169276,0.0,0.2,0.2,20.249999999999996,0.8,0.8,900.0,0.003,0.0,25,0.5,0.023019202,0.003743020119279187
11.949,900.0335397723035,0.03234507858587113,0.0,0.2,0.2,20.249999999999996,0.8,0.8,900.0,0.003,0.0,25,0.5,0.023458864,0.003743020127591496
11.952,900.0335397723752,0.03239649330746654,0.0,0.2,0.2,20.249999999999996,0.8,0.8,900.0,0.003,0.0,25,0.5,0.026902334,0.003743020133159531
11.955,900.033539772422,0.032448172055832884,0.0,0.2,0.2,20.249999999999996,0.8,0.8,900.0,0.003,0.0,25,0.5,0.023471044,0.0037430201359593862
11.958,900.0335397724433,0.032500114526476984,0.0,0.2,0.2,20.249999999999996,0.8,0.8,900.0,0.003,0.0,25,0.5,0.023068502,0.0037430201360380776
11.961,900.0335397724397,0.03255232043296742,0.0,0.2,0.2,20.249999999999996,0.8,0.8,900.0,0.003,0.0,25,0.5,0.027300076,0.0037430201334919216
11.964,900.033539772414,0.03260478951004322,0.0,0.2,0.2,20.249999999999996,0.8,0.8,900.0,0.003,0.0,25,0.5,0.023069131,0.003743020128452572
11.967,900.0335397723666,0.03265752151333413,0.0,0.2,0.2,20.249999999999996,0.8,0.8,900.0,0.003,0.0,25,0.5,0.023194813,0.003743020121068743
11.97,900.0335397722989,0.0327105162199311,0.0,0.2,0.2,20.249999999999996,0.8,0.8,900.0,0.003,0.0,25,0.5,0.026828254,0.003743020111511058
11.973,900.0335397722116,0.03276377342071596,0.0,0.2,0.2,20.249999999999996,0.8,0.8,900.0,0.003,0.0,25,0.5,0.023250113,0.0037430200999219
11.976,900.0335397721077,0.03281729292371189,0.0,0.2,0.2,20.249999999999996,0.8,0.8,900.0,0.003,0.0,25,0.5,0.022762131,0.003743020086375728
11.979000000000001,900.0335397719839,0.03287107455812624,0.0,0.2,0.2,20.249999999999996,0.8,0.8,900.0,0.003,0.0,25,0.5,0.027448847,0.0037430200709168745
11.982000000000001,900.0335397718449,0.03292511816978507,0.0,0.2,0.2,20.249999999999996,0.8,0.8,900.0,0.003,0.0,25,0.5,0.02274676,0.003743020053549659
11.985,900.0335397716899,0.032979423621920564,0.0,0.2,0.2,20.249999999999996,0.8,0.8,900.0,0.003,0.0,25,0.5,0.022502559,0.0037430200341957644
11.988,900.0335397715161,0.033033990801137045,0.0,0.2,0.2,20.249999999999996,0.8,0.8,900.0,0.003,0.0,25,0.5,0.026341281,0.0037430200127190685
11.991,900.0335397713241,0.033088819618682305,0.0,0.2,0.2,20.249999999999996,0.8,0.8,900.0,0.003,0.0,25,0.5,0.022534149,0.00374301998894092
11.994,900.0335397711124,0.03314391001036327,0.0,0.2,0.2,20.249999999999996,0.8,0.8,900.0,0.003,0.0,25,0.5,0.022783511,0.0037430199626667113
11.997,900.0335397708762,0.03319926193665824,0.0,0.2,0.2,20.249999999999996,0.8,0.8,900.0,0.003,0.0,25,0.5,0.026973254,0.0037430199337178172
12.0,900.0335397706187,0.03325487538316386,0.0,0.2,0.2,20.249999999999996,0.8,0.8,900.0,0.003,0.0,25,0.5,0.02264524,0.003743019901943872
12.003,900.033539770335,0.033310750360764106,0.0,0.2,0.2,20.249999999999996,0.8,0.8,900.0,0.003,0.0,25,0.5,0.02271656,0.0037430198672700767
12.006,900.0335397700247,0.033366886890752026,0.0,0.2,0.2,20.249999999999996,0.8,0.8,900.0,0.003,0.0,25,0.5,0.027063435,0.0037430198296520044
12.009,900.0335397696906,0.033423285010605645,0.0,0.2,0.2,20.249999999999996,0.8,0.8,900.0,0.003,0.0,25,0.5,0.023557764,0.003743019789050313
12.012,900.033539769328,0.03347994478388498,0.0,0.2,0.2,20.249999999999996,0.8,0.8,900.0,0.003,0.0,25,0.5,0.02276555,0.0037430197454767795
12.015,900.0335397689395,0.033536866299536734,0.0,0.2,0.2,20.249999999999996,0.8,0.8,900.0,0.003,0.0,25,0.5,0.026489041,0.0037430196989904096
12.018,900.0335397685229,0.03359404966970505,0.0,0.2,0.2,20.249999999999996,0.8,0.8,900.0,0.003,0.0,25,0.5,0.02267325,0.003743019649712905
12.021,900.0335397680861,0.03365149502715577,0.0,0.2,0.2,20.249999999999996,0.8,0.8,900.0,0.003,0.0,25,0.5,0.0227843,0.003743019597809239
12.024000000000001,900.0335397676236,0.03370920252374819,0.0,0.2,0.2,20.249999999999996,0.8,0.8,900.0,0.003,0.0,25,0.5,0.026772254,0.0037430195434750794
12.027000000000001,900.0335397671387,0.03376717233013841,0.0,0.2,0.2,20.249999999999996,0.8,0.8,900.0,0.003,0.0,25,0.5,0.022894081,0.003743019487056639
12.030000000000001,900.0335397666393,0.03382540456566816,0.0,0.2,0.2,20.249999999999996,0.8,0.8,900.0,0.003,0.0,25,0.5,0.023498215,0.0037430194290102546
12.033,900.0335397661266,0.033883899307492506,0.0,0.2,0.2,20.249999999999996,0.8,0.8,900.0,0.003,0.0,25,0.5,0.026789453,0.003743019370661538
12.036,900.0335397656128,0.03394265633362221,0.0,0.2,0.2,20.249999999999996,0.8,0.8,900.0,0.003,0.0,25,0.5,0.023121402,0.0037430193131289544
12.039,900.0335397651064,0.034001675338358545,0.0,0.2,0.2,20.249999999999996,0.8,0.8,900.0,0.003,0.0,25,0.5,0.0226347,0.003743019256967135
12.042,900.0335397646141,0.034060956035378044,0.0,0.2,0.2,20.249999999999996,0.8,0.8,900.0,0.003,0.0,25,0.5,0.026473402,0.003743019202397637
12.045,900.0335397641338,0.034120498158217515,0.0,0.2,0.2,20.249999999999996,0.8,0.8,900.0,0.003,0.0,25,0.5,0.022468229,0.003743019149286746
12.048,900.0335397636699,0.03418030146062164,0.0,0.2,0.2,20.249999999999996,0.8,0.8,900.0,0.003,0.0,25,0.5,0.022591579,0.0037430190971379164
12.051,900.0335397632132,0.034240365715493735,0.0,0.2,0.2,20.249999999999996,0.8,0.8,900.0,0.003,0.0,25,0.5,0.026415021,0.0037430190451751624
12.054,900.033539762758,0.03430069071217688,0.0,0.2,0.2,20.249999999999996,0.8,0.8,900.0,0.003,0.0,25,0.5,0.023496085,0.0037430189924503804
12.057,900.0335397623014,0.0343612762605487,0.0,0.2,0.2,20.249999999999996,0.8,0.8,900.0,0.003,0.0,25,0.5,0.022589299,0.003743018938021445
12.06,900.0335397618239,0.034422122191792366,0.0,0.2,0.2,20.249999999999996,0.8,0.8,900.0,0.003,0.0,25,0.5,0.026722893,0.0037430188810908395
12.063,900.0335397613289,0.034483228358697424,0.0,0.2,0.2,20.249999999999996,0.8,0.8,900.0,0.003,0.0,25,0.5,0.02283323,0.0037430188210824324
12.066,900.033539760803,0.03454459463599732,0.0,0.2,0.2,20.249999999999996,0.8,0.8,900.0,0.003,0.0,25,0.5,0.022954631,0.0037430187576835017
12.069,900.0335397602461,0.03460622091931972,0.0,0.2,0.2,20.249999999999996,0.8,0.8,900.0,0.003,0.0,25,0.5,0.02634011,0.003743018690862386
12.072000000000001,900.0335397596622,0.03466810712092441,0.0,0.2,0.2,20.249999999999996,0.8,0.8,900.0,0.003,0.0,25,0.5,0.023981447,0.00374301862082185
12.075000000000001,900.0335397590508,0.03473025315616762,0.0,0.2,0.2,20.249999999999996,0.8,0.8,900.0,0.003,0.0,25,0.5,0.022875471,0.0037430185480137406
12.078,900.0335397584129,0.03479265891511134,0.0,0.2,0.2,20.249999999999996,0.8,0.8,900.0,0.003,0.0,25,0.5,0.026940964,0.0037430184729275416
12.081,900.0335397577576,0.03485532428639799,0.0,0.2,0.2,20.249999999999996,0.8,0.8,900.0,0.003,0.0,25,0.5,0.022853391,0.0037430183961340933
12.084,900.0335397570857,0.03491824913744362,0.0,0.2,0.2,20.249999999999996,0.8,0.8,900.0,0.003,0.0,25,0.5,0.022777871,0.0037430183180419915
12.087,900.0335397564048,0.034981433354265755,0.0,0.2,0.2,20.249999999999996,0.8,0.8,900.0,0.003,0.0,25,0.5,0.026696883,0.003743018238921239
12.09,900.0335397557122,0.03504487684634023,0.0,0.2,0.2,20.249999999999996,0.8,0.8,900.0,0.003,0.0,25,0.5,0.022361148,0.003743018158899461
12.093,900.0335397550122,0.03510857954697939,0.0,0.2,0.2,20.249999999999996,0.8,0.8,900.0,0.003,0.0,25,0.5,0.022787651,0.003743018077956358
12.096,900.0335397543071,0.035172541411042764,0.0,0.2,0.2,20.249999999999996,0.8,0.8,900.0,0.003,0.0,25,0.5,0.026630962,0.003743017995901822
12.099,900.0335397535915,0.03523676242333156,0.0,0.2,0.2,20.249999999999996,0.8,0.8,900.0,0.003,0.0,25,0.5,0.023127462,0.0037430179123619763
12.102,900.0335397528612,0.0353012426049762,0.0,0.2,0.2,20.249999999999996,0.8,0.8,900.0,0.003,0.0,25,0.5,0.02274655,0.0037430178269149297
12.105,900.0335397521134,0.03536598200283096,0.0,0.2,0.2,20.249999999999996,0.8,0.8,900.0,0.003,0.0,25,0.5,0.026676733,0.0037430177391289095
12.108,900.0335397513486,0.03543098068917082,0.0,0.2,0.2,20.249999999999996,0.8,0.8,900.0,0.003,0.0,25,0.5,0.02276662,0.003743017648625699
12.111,900.0335397505575,0.035496238761238356,0.0,0.2,0.2,20.249999999999996,0.8,0.8,900.0,0.003,0.0,25,0.5,0.02287602,0.003743017555115239
12.114,900.0335397497392,0.035561756342964816,0.0,0.2,0.2,20.249999999999996,0.8,0.8,900.0,0.003,0.0,25,0.5,0.026668973,0.0037430174584608127
12.117,900.0335397488958,0.035627533583020926,0.0,0.2,0.2,20.249999999999996,0.8,0.8,900.0,0.003,0.0,25,0.5,0.022595439,0.003743017358665369
12.120000000000001,900.0335397480251,0.035693570654745176,0.0,0.2,0.2,20.249999999999996,0.8,0.8,900.0,0.003,0.0,25,0.5,0.022916171,0.00374301725633294
12.123000000000001,900.0335397471353,0.03575986748013033,0.0,0.2,0.2,20.249999999999996,0.8,0.8,900.0,0.003,0.0,25,0.5,0.026936554,0.003743017152211632
12.126,900.0335397462319,0.03582642379021031,0.0,0.2,0.2,20.249999999999996,0.8,0.8,900.0,0.003,0.0,25,0.5,0.022322368,0.0037430170466422985
12.129,900.0335397453175,0.03589323933254865,0.0,0.2,0.2,20.249999999999996,0.8,0.8,900.0,0.003,0.0,25,0.5,0.023158733,0.0037430169400203784
12.132,900.0335397443895,0.03596031387124688,0.0,0.2,0.2,20.249999999999996,0.8,0.8,900.0,0.003,0.0,25,0.5,0.02614537,0.0037430168326043653
12.135,900.0335397434553,0.03602764718596889,0.0,0.2,0.2,20.249999999999996,0.8,0.8,900.0,0.003,0.0,25,0.5,0.022413308,0.003743016724466515
12.138,900.0335397425175,0.03609523905809042,0.0,0.2,0.2,20.249999999999996,0.8,0.8,900.0,0.003,0.0,25,0.5,0.023247363,0.0037430166155076458
12.141,900.0335397415732,0.03616308927528936,0.0,0.2,0.2,20.249999999999996,0.8,0.8,900.0,0.003,0.0,25,0.5,0.026439991,0.003743016505491591
12.144,900.0335397406185,0.036231197642534414,0.0,0.2,0.2,20.249999999999996,0.8,0.8,900.0,0.003,0.0,25,0.5,0.023054882,0.003743016394111872
12.147,900.033539739651,0.036299563983184194,0.0,0.2,0.2,20.249999999999996,0.8,0.8,900.0,0.003,0.0,25,0.5,0.023295113,0.0037430162810378966
12.15,900.033539738671,0.03636818814089741,0.0,0.2,0.2,20.249999999999996,0.8,0.8,900.0,0.003,0.0,25,0.5,0.027117885,0.003743016165964918
12.153,900.0335397376751,0.03643706999576391,0.0,0.2,0.2,20.249999999999996,0.8,0.8,900.0,0.003,0.0,25,0.5,0.023249963,0.0037430160487338282
12.156,900.0335397366572,0.036506209452843295,0.0,0.2,0.2,20.249999999999996,0.8,0.8,900.0,0.003,0.0,25,0.5,0.02278576,0.0037430159294014245
12.159,900.0335397356222,0.03657560643348818,0.0,0.2,0.2,20.249999999999996,0.8,0.8,900.0,0.003,0.0,25,0.5,0.026524641,0.0037430158081817066
12.162,900.0335397345693,0.03664526087446893,0.0,0.2,0.2,20.249999999999996,0.8,0.8,900.0,0.003,0.0,25,0.5,0.023593816,0.003743015685360285
12.165000000000001,900.0335397335037,0.03671517273090275,0.0,0.2,0.2,20.249999999999996,0.8,0.8,900.0,0.003,0.0,25,0.5,0.022530029,0.0037430155612922923
12.168000000000001,900.0335397324335,0.03678534196265411,0.0,0.2,0.2,20.249999999999996,0.8,0.8,900.0,0.003,0.0,25,0.5,0.02615431,0.0037430154368693373
12.171,900.03353973136,0.03685576831079266,0.0,0.2,0.2,20.249999999999996,0.8,0.8,900.0,0.003,0.0,25,0.5,0.02272383,0.0037430153129190745
12.174,900.0335397302903,0.0369264513611908,0.0,0.2,0.2,20.249999999999996,0.8,0.8,900.0,0.003,0.0,25,0.5,0.023043651,0.0037430151896726592
12.177,900.033539729232,0.036997390709058206,0.0,0.2,0.2,20.249999999999996,0.8,0.8,900.0,0.003,0.0,25,0.5,0.027021804,0.0037430150671968567
12.18,900.03353972818,0.03706858593105884,0.0,0.2,0.2,20.249999999999996,0.8,0.8,900.0,0.003,0.0,25,0.5,0.0228188,0.003743014945313811
12.183,900.0335397271363,0.037140036526656976,0.0,0.2,0.2,20.249999999999996,0.8,0.8,900.0,0.003,0.0,25,0.5,0.022705061,0.0037430148233298403
12.186,900.033539726093,0.03721174191919351,0.0,0.2,0.2,20.249999999999996,0.8,0.8,900.0,0.003,0.0,25,0.5,0.026940914,0.003743014700111641
12.189,900.0335397250376,0.03728370153868569,0.0,0.2,0.2,20.249999999999996,0.8,0.8,900.0,0.003,0.0,25,0.5,0.022767,0.003743014574403304
12.192,900.0335397239622,0.037355914826749624,0.0,0.2,0.2,20.249999999999996,0.8,0.8,900.0,0.003,0.0,25,0.5,0.02268879,0.003743014444990741
12.195,900.0335397228502,0.037428381236048844,0.0,0.2,0.2,20.249999999999996,0.8,0.8,900.0,0.003,0.0,25,0.5,0.026549972,0.003743014310798771
12.198,900.0335397217015,0.03750110022868142,0.0,0.2,0.2,20.249999999999996,0.8,0.8,900.0,0.003,0.0,25,0.5,0.02265006,0.003743014170933861
12.201,900.0335397204983,0.03757407127872194,0.0,0.2,0.2,20.249999999999996,0.8,0.8,900.0,0.003,0.0,25,0.5,0.022968851,0.0037430140247278025
12.204,900.0335397192423,0.037647293872874,0.0,0.2,0.2,20.249999999999996,0.8,0.8,900.0,0.003,0.0,25,0.5,0.026867374,0.0037430138717535226
12.207,900.0335397179238,0.03772076750986064,0.0,0.2,0.2,20.249999999999996,0.8,0.8,900.0,0.003,0.0,25,0.5,0.023044412,0.0037430137118615323
12.21,900.0335397165474,0.037794491656037224,0.0,0.2,0.2,20.249999999999996,0.8,0.8,900.0,0.003,0.0,25,0.5,0.022626389,0.0037430135452742796
12.213000000000001,900.0335397151148,0.037868465642440424,0.0,0.2,0.2,20.249999999999996,0.8,0.8,900.0,0.003,0.0,25,0.5,0.027224436,0.0037430133721190525
12.216000000000001,900.0335397136221,0.03794268879511688,0.0,0.2,0.2,20.249999999999996,0.8,0.8,900.0,0.003,0.0,25,0.5,0.02266029,0.0037430131926002937
12.219,900.0335397120709,0.03801716043176546,0.0,0.2,0.2,20.249999999999996,0.8,0.8,900.0,0.003,0.0,25,0.5,0.02269439,0.0037430130068511827
12.222,900.033539710463,0.03809187987693644,0.0,0.2,0.2,20.249999999999996,0.8,0.8,900.0,0.003,0.0,25,0.5,0.026880024,0.0037430128148845552
12.225,900.0335397088014,0.038166846466410644,0.0,0.2,0.2,20.249999999999996,0.8,0.8,900.0,0.003,0.0,25,0.5,0.022992231,0.0037430126165609832
12.228,900.0335397070849,0.038242059547405054,0.0,0.2,0.2,20.249999999999996,0.8,0.8,900.0,0.003,0.0,25,0.5,0.022655379,0.0037430124116907965
12.231,900.0335397053082,0.03831751841950454,0.0,0.2,0.2,20.249999999999996,0.8,0.8,900.0,0.003,0.0,25,0.5,0.026417231,0.0037430122001039846
12.234,900.0335397034759,0.03839322225607013,0.0,0.2,0.2,20.249999999999996,0.8,0.8,900.0,0.003,0.0,25,0.5,0.02265888,0.0037430119811538896
12.237,900.0335397015745,0.03846917023390538,0.0,0.2,0.2,20.249999999999996,0.8,0.8,900.0,0.003,0.0,25,0.5,0.022977302,0.0037430117541236785
12.24,900.0335396996035,0.03854536153898608,0.0,0.2,0.2,20.249999999999996,0.8,0.8,900.0,0.003,0.0,25,0.5,0.026815913,0.003743011518341298
12.243,900.0335396975569,0.03862179534537505,0.0,0.2,0.2,20.249999999999996,0.8,0.8,900.0,0.003,0.0,25,0.5,0.022868891,0.0037430112731644508
12.246,900.0335396954226,0.03869847072916581,0.0,0.2,0.2,20.249999999999996,0.8,0.8,900.0,0.003,0.0,25,0.5,0.02276926,0.0037430110177132897
12.249,900.0335396932019,0.03877538675854775,0.0,0.2,0.2,20.249999999999996,0.8,0.8,900.0,0.003,0.0,25,0.5,0.027109326,0.003743010751207321
12.252,900.0335396908779,0.03885254250808798,0.0,0.2,0.2,20.249999999999996,0.8,0.8,900.0,0.003,0.0,25,0.5,0.022885771,0.003743010473099187
12.255,900.0335396884514,0.038929937057471,0.0,0.2,0.2,20.249999999999996,0.8,0.8,900.0,0.003,0.0,25,0.5,0.02277584,0.003743010183098867
12.258000000000001,900.0335396859167,0.039007569493673705,0.0,0.2,0.2,20.249999999999996,0.8,0.8,900.0,0.003,0.0,25,0.5,0.027377037,0.0037430098811591685
12.261000000000001,900.0335396832814,0.03908543891155443,0.0,0.2,0.2,20.249999999999996,0.8,0.8,900.0,0.003,0.0,25,0.5,0.023860487,0.0037430095680690747
12.264000000000001,900.0335396805473,0.03916354420292322,0.0,0.2,0.2,20.249999999999996,0.8,0.8,900.0,0.003,0.0,25,0.5,0.023603115,0.0037430092458940888
12.267,900.033539677735,0.03924188389621327,0.0,0.2,0.2,20.249999999999996,0.8,0.8,900.0,0.003,0.0,25,0.5,0.027324527,0.0037430089157931916
12.27,900.0335396748485,0.039320456524874724,0.0,0.2,0.2,20.249999999999996,0.8,0.8,900.0,0.003,0.0,25,0.5,0.022573289,0.003743008578415048
12.273,900.0335396719007,0.03939926063410154,0.0,0.2,0.2,20.249999999999996,0.8,0.8,900.0,0.003,0.0,25,0.5,0.022717441,0.003743008234026786
12.276,900.0335396688882,0.039478294781374074,0.0,0.2,0.2,20.249999999999996,0.8,0.8,900.0,0.003,0.0,25,0.5,0.02618618,0.0037430078825464986
12.279,900.0335396658138,0.03955755753750996,0.0,0.2,0.2,20.249999999999996,0.8,0.8,900.0,0.003,0.0,25,0.5,0.022604789,0.0037430075236652314
12.282,900.0335396626745,0.03963704743397209,0.0,0.2,0.2,20.249999999999996,0.8,0.8,900.0,0.003,0.0,25,0.5,0.022521769,0.0037430071569381058
12.285,900.0335396594646,0.0397167629278687,0.0,0.2,0.2,20.249999999999996,0.8,0.8,900.0,0.003,0.0,25,0.5,0.026642702,0.0037430067815445024
12.288,900.0335396561769,0.039796702487878685,0.0,0.2,0.2,20.249999999999996,0.8,0.8,900.0,0.003,0.0,25,0.5,0.02278336,0.0037430063965842517
12.291,900.0335396528023,0.03987686459581115,0.0,0.2,0.2,20.249999999999996,0.8,0.8,900.0,0.003,0.0,25,0.5,0.022815061,0.0037430060012482187
12.294,900.033539649337,0.039957247747276534,0.0,0.2,0.2,20.249999999999996,0.8,0.8,900.0,0.003,0.0,25,0.5,0.026605012,0.0037430055951497604
12.297,900.0335396457763,0.040037850362651776,0.0,0.2,0.2,20.249999999999996,0.8,0.8,900.0,0.003,0.0,25,0.5,0.023008012,0.003743005178647399
12.3,900.0335396421218,0.04011867067458297,0.0,0.2,0.2,20.249999999999996,0.8,0.8,900.0,0.003,0.0,25,0.5,0.022880591,0.003743004752017694
12.303,900.0335396383852,0.040199706878377164,0.0,0.2,0.2,20.249999999999996,0.8,0.8,900.0,0.003,0.0,25,0.5,0.02607419,0.0037430043165303044
12.306000000000001,900.0335396345705,0.04028095669518883,0.0,0.2,0.2,20.249999999999996,0.8,0.8,900.0,0.003,0.0,25,0.5,0.023204533,0.0037430038733584684
12.309000000000001,900.0335396306881,0.04036241770775356,0.0,0.2,0.2,20.249999999999996,0.8,0.8,900.0,0.003,0.0,25,0.5,0.023259033,0.003743003423552281
12.312,900.0335396267441,0.0404440875081937,0.0,0.2,0.2,20.249999999999996,0.8,0.8,900.0,0.003,0.0,25,0.5,0.026606073,0.0037430029681405656
12.315,900.0335396227547,0.04052596369239157,0.0,0.2,0.2,20.249999999999996,0.8,0.8,900.0,0.003,0.0,25,0.5,0.022560799,0.0037430025079460893
12.318,900.0335396187177,0.04060804386022957,0.0,0.2,0.2,20.249999999999996,0.8,0.8,900.0,0.003,0.0,25,0.5,0.022905532,0.0037430020435515144
12.321,900.0335396146469,0.04069032561609098,0.0,0.2,0.2,20.249999999999996,0.8,0.8,900.0,0.003,0.0,25,0.5,0.02624619,0.0037430015753711202
12.324,900.033539610541,0.04077280656944597,0.0,0.2,0.2,20.249999999999996,0.8,0.8,900.0,0.003,0.0,25,0.5,0.023505285,0.003743001103714834
12.327,900.0335396064052,0.04085548433564962,0.0,0.2,0.2,20.249999999999996,0.8,0.8,900.0,0.003,0.0,25,0.5,0.022897751,0.003743000628830864
12.33,900.0335396022394,0.04093835653934013,0.0,0.2,0.2,20.249999999999996,0.8,0.8,900.0,0.003,0.0,25,0.5,0.027103695,0.0037430001509537424
12.333,900.0335395980521,0.04102142078160811,0.0,0.2,0.2,20.249999999999996,0.8,0.8,900.0,0.003,0.0,25,0.5,0.022631409,0.00374299967030724
12.336,900.0335395938394,0.0411046746270826,0.0,0.2,0.2,20.249999999999996,0.8,0.8,900.0,0.003,0.0,25,0.5,0.022915591,0.0037429991870621447
12.339,900.0335395896034,0.04118811564524437,0.0,0.2,0.2,20.249999999999996,0.8,0.8,900.0,0.003,0.0,25,0.5,0.027305986,0.0037429987014715345
12.342,900.0335395853486,0.041271741411773026,0.0,0.2,0.2,20.249999999999996,0.8,0.8,900.0,0.003,0.0,25,0.5,0.02281645,0.0037429982137950134
12.345,900.033539581075,0.041355549517382066,0.0,0.2,0.2,20.249999999999996,0.8,0.8,900.0,0.003,0.0,25,0.5,0.022559819,0.0037429977242567107
12.348,900.033539576782,0.041439537563454906,0.0,0.2,0.2,20.249999999999996,0.8,0.8,900.0,0.003,0.0,25,0.5,0.026812704,0.003742997233083554
12.351,900.033539572479,0.041523703163273695,0.0,0.2,0.2,20.249999999999996,0.8,0.8,900.0,0.003,0.0,25,0.5,0.02269777,0.003742996740518868
12.354000000000001,900.0335395681614,0.0416080439427251,0.0,0.2,0.2,20.249999999999996,0.8,0.8,900.0,0.003,0.0,25,0.5,0.022862861,0.0037429962468090786
12.357000000000001,900.0335395638363,0.04169255754140068,0.0,0.2,0.2,20.249999999999996,0.8,0.8,900.0,0.003,0.0,25,0.5,0.026850583,0.003742995752188351
12.36,900.033539559502,0.04177724161053217,0.0,0.2,0.2,20.249999999999996,0.8,0.8,900.0,0.003,0.0,25,0.5,0.022778641,0.00374299525687062
12.363,900.0335395551629,0.041862093809044425,0.0,0.2,0.2,20.249999999999996,0.8,0.8,900.0,0.003,0.0,25,0.5,0.022412248,0.0037429947609864908
12.366,900.0335395508173,0.04194711181281822,0.0,0.2,0.2,20.249999999999996,0.8,0.8,900.0,0.003,0.0,25,0.5,0.026577632,0.0037429942646395073
12.369,900.0335395464726,0.04203229330064211,0.0,0.2,0.2,20.249999999999996,0.8,0.8,900.0,0.003,0.0,25,0.5,0.02269775,0.0037429937694900767
12.372,900.033539542148,0.04211763540925385,0.0,0.2,0.2,20.249999999999996,0.8,0.8,900.0,0.003,0.0,25,0.5,0.022680389,0.003742993278472149
12.375,900.0335395378625,0.04220313461438185,0.0,0.2,0.2,20.249999999999996,0.8,0.8,900.0,0.003,0.0,25,0.5,0.026942844,0.00374299279363475
12.378,900.0335395336352,0.04228878727534298,0.0,0.2,0.2,20.249999999999996,0.8,0.8,900.0,0.003,0.0,25,0.5,0.023093062,0.0037429923162544012
12.381,900.0335395294716,0.04237458975383293,0.0,0.2,0.2,20.249999999999996,0.8,0.8,900.0,0.003,0.0,25,0.5,0.022945531,0.0037429918468439988
12.384,900.0335395253835,0.042460538422482666,0.0,0.2,0.2,20.249999999999996,0.8,0.8,900.0,0.003,0.0,25,0.5,0.0262648,0.003742991385164081
12.387,900.033539521362,0.0425466296657471,0.0,0.2,0.2,20.249999999999996,0.8,0.8,900.0,0.003,0.0,25,0.5,0.022909691,0.00374299093031951
12.39,900.033539517406,0.0426328598809318,0.0,0.2,0.2,20.249999999999996,0.8,0.8,900.0,0.003,0.0,25,0.5,0.023122902,0.003742990480938779
12.393,900.0335395134977,0.04271922547933913,0.0,0.2,0.2,20.249999999999996,0.8,0.8,900.0,0.003,0.0,25,0.5,0.028085801,0.003742990035390801
12.396,900.0335395096218,0.04280572288743582,0.0,0.2,0.2,20.249999999999996,0.8,0.8,900.0,0.003,0.0,25,0.5,0.022984001,0.0037429895919880085
12.399000000000001,900.0335395057689,0.04289234854544562,0.0,0.2,0.2,20.249999999999996,0.8,0.8,900.0,0.003,0.0,25,0.5,0.022933702,0.003742989149178632
12.402000000000001,900.0335395019209,0.0429790989023984,0.0,0.2,0.2,20.249999999999996,0.8,0.8,900.0,0.003,0.0,25,0.5,0.026465421,0.003742988705652034
12.405000000000001,900.0335394980685,0.04306597042416161,0.0,0.2,0.2,20.249999999999996,0.8,0.8,900.0,0.003,0.0,25,0.5,0.022639739,0.0037429882604508723
12.408,900.033539494198,0.04315295959593191,0.0,0.2,0.2,20.249999999999996,0.8,0.8,900.0,0.003,0.0,25,0.5,0.023621475,0.0037429878130053064
12.411,900.033539490311,0.04324006292466257,0.0,0.2,0.2,20.249999999999996,0.8,0.8,900.0,0.003,0.0,25,0.5,0.026759973,0.003742987363123409
12.414,900.0335394864028,0.043327276940974144,0.0,0.2,0.2,20.249999999999996,0.8,0.8,900.0,0.003,0.0,25,0.5,0.02265721,0.0037429869109129477
12.417,900.0335394824737,0.043414598200691094,0.0,0.2,0.2,20.249999999999996,0.8,0.8,900.0,0.003,0.0,25,0.5,0.023850526,0.003742986456650696
12.42,900.0335394785228,0.043502023293140755,0.0,0.2,0.2,20.249999999999996,0.8,0.8,900.0,0.003,0.0,25,0.5,0.026945534,0.0037429860006213036
12.423,900.0335394745603,0.043589548812924865,0.0,0.2,0.2,20.249999999999996,0.8,0.8,900.0,0.003,0.0,25,0.5,0.023350434,0.003742985543010503
12.426,900.0335394705846,0.04367717136194378,0.0,0.2,0.2,20.249999999999996,0.8,0.8,900.0,0.003,0.0,25,0.5,0.02270648,0.0037429850837854568
12.429,900.0335394665949,0.04376488757339707,0.0,0.2,0.2,20.249999999999996,0.8,0.8,900.0,0.003,0.0,25,0.5,0.026642463,0.0037429846227121774
12.432,900.033539462586,0.04385269411036233,0.0,0.2,0.2,20.249999999999996,0.8,0.8,900.0,0.003,0.0,25,0.5,0.022962372,0.003742984159384972
12.435,900.0335394585588,0.043940587661053895,0.0,0.2,0.2,20.249999999999996,0.8,0.8,900.0,0.003,0.0,25,0.5,0.02271387,0.0037429836932788077
12.438,900.0335394545042,0.04402856492788593,0.0,0.2,0.2,20.249999999999996,0.8,0.8,900.0,0.003,0.0,25,0.5,0.026887384,0.0037429832236941245
12.441,900.0335394504217,0.04411662265121428,0.0,0.2,0.2,20.249999999999996,0.8,0.8,900.0,0.003,0.0,25,0.5,0.02278059,0.003742982749872935
12.444,900.033539446298,0.04420475761160032,0.0,0.2,0.2,20.249999999999996,0.8,0.8,900.0,0.003,0.0,25,0.5,0.022837771,0.0037429822710746937
12.447000000000001,900.033539442132,0.04429296663190367,0.0,0.2,0.2,20.249999999999996,0.8,0.8,900.0,0.003,0.0,25,0.5,0.026573672,0.0037429817867802046
12.450000000000001,900.0335394379208,0.044381246503367215,0.0,0.2,0.2,20.249999999999996,0.8,0.8,900.0,0.003,0.0,25,0.5,0.02264295,0.0037429812973973665
12.453,900.0335394336686,0.044469593691260925,0.0,0.2,0.2,20.249999999999996,0.8,0.8,900.0,0.003,0.0,25,0.5,0.02266029,0.0037429808032192137
12.456,900.03353942937,0.044558004657946695,0.0,0.2,0.2,20.249999999999996,0.8,0.8,900.0,0.003,0.0,25,0.5,0.027298676,0.0037429803045266213
12.459,900.0335394250288,0.04464647591595923,0.0,0.2,0.2,20.249999999999996,0.8,0.8,900.0,0.003,0.0,25,0.5,0.023050502,0.00374297980171875
12.462,900.0335394206518,0.04473500397622836,0.0,0.2,0.2,20.249999999999996,0.8,0.8,900.0,0.003,0.0,25,0.5,0.022977091,0.003742979295184812
12.465,900.0335394162455,0.044823585337417114,0.0,0.2,0.2,20.249999999999996,0.8,0.8,900.0,0.003,0.0,25,0.5,0.026633962,0.003742978785067526
12.468,900.0335394118055,0.04491221653215096,0.0,0.2,0.2,20.249999999999996,0.8,0.8,900.0,0.003,0.0,25,0.5,0.022711669,0.0037429782713954926
12.471,900.0335394073342,0.04500089410769131,0.0,0.2,0.2,20.249999999999996,0.8,0.8,900.0,0.003,0.0,25,0.5,0.022874931,0.0037429777542235315
12.474,900.0335394028324,0.04508961450796688,0.0,0.2,0.2,20.249999999999996,0.8,0.8,900.0,0.003,0.0,25,0.5,0.026491602,0.003742977233534084
12.477,900.0335393982984,0.04517837421824619,0.0,0.2,0.2,20.249999999999996,0.8,0.8,900.0,0.003,0.0,25,0.5,0.022871361,0.0037429767093040776
12.48,900.0335393937338,0.04526716978387401,0.0,0.2,0.2,20.249999999999996,0.8,0.8,900.0,0.003,0.0,25,0.5,0.023219593,0.0037429761814953407
12.483,900.0335393891364,0.04535599780556017,0.0,0.2,0.2,20.249999999999996,0.8,0.8,900.0,0.003,0.0,25,0.5,0.026431941,0.0037429756500360623
12.486,900.0335393845047,0.04544485494851174,0.0,0.2,0.2,20.249999999999996,0.8,0.8,900.0,0.003,0.0,25,0.5,0.022533479,0.00374297511488878
12.489,900.0335393798413,0.0455337379466431,0.0,0.2,0.2,20.249999999999996,0.8,0.8,900.0,0.003,0.0,25,0.5,0.02264775,0.0037429745761142228
12.492,900.0335393751441,0.04562264360215566,0.0,0.2,0.2,20.249999999999996,0.8,0.8,900.0,0.003,0.0,25,0.5,0.026340621,0.003742974033889595
12.495000000000001,900.0335393704174,0.045711568783389285,0.0,0.2,0.2,20.249999999999996,0.8,0.8,900.0,0.003,0.0,25,0.5,0.02259446,0.0037429734884522874
12.498000000000001,900.0335393656617,0.04580051042353873,0.0,0.2,0.2,20.249999999999996,0.8,0.8,900.0,0.003,0.0,25,0.5,0.022936251,0.0037429729401862767
12.501,900.0335393608815,0.045889465502863644,0.0,0.2,0.2,20.249999999999996,0.8,0.8,900.0,0.003,0.0,25,0.5,0.026395351,0.0037429723894622734
12.504,900.0335393560774,0.04597843107962343,0.0,0.2,0.2,20.249999999999996,0.8,0.8,900.0,0.003,0.0,25,0.5,0.022520709,0.0037429718366710405
12.507,900.0335393512555,0.04606740429487161,0.0,0.2,0.2,20.249999999999996,0.8,0.8,900.0,0.003,0.0,25,0.5,0.023017082,0.0037429712822242
12.51,900.0335393464176,0.046156382375432854,0.0,0.2,0.2,20.249999999999996,0.8,0.8,900.0,0.003,0.0,25,0.5,0.026062089,0.003742970726554876
12.513,900.0335393415697,0.04624536263440607,0.0,0.2,0.2,20.249999999999996,0.8,0.8,900.0,0.003,0.0,25,0.5,0.022668919,0.0037429701700924076
12.516,900.0335393367153,0.04633434247390713,0.0,0.2,0.2,20.249999999999996,0.8,0.8,900.0,0.003,0.0,25,0.5,0.023146062,0.0037429696144262166
12.519,900.0335393318832,0.04642331893474286,0.0,0.2,0.2,20.249999999999996,0.8,0.8,900.0,0.003,0.0,25,0.5,0.026370171,0.0037429690647810235
12.522,900.0335393271065,0.04651228791694886,0.0,0.2,0.2,20.249999999999996,0.8,0.8,900.0,0.003,0.0,25,0.5,0.02277973,0.003742968524111705
12.525,900.0335393224121,0.04660124532481388,0.0,0.2,0.2,20.249999999999996,0.8,0.8,900.0,0.003,0.0,25,0.5,0.023150753,0.003742967994293368
12.528,900.0335393178133,0.046690187135362854,0.0,0.2,0.2,20.249999999999996,0.8,0.8,900.0,0.003,0.0,25,0.5,0.026668203,0.003742967475978499
12.531,900.0335393133159,0.046779109399934946,0.0,0.2,0.2,20.249999999999996,0.8,0.8,900.0,0.003,0.0,25,0.5,0.023158733,0.003742966968509076
12.534,900.0335393089154,0.04686800823834445,0.0,0.2,0.2,20.249999999999996,0.8,0.8,900.0,0.003,0.0,25,0.5,0.022956891,0.0037429664700988083
12.537,900.0335393046013,0.04695687983568865,0.0,0.2,0.2,20.249999999999996,0.8,0.8,900.0,0.003,0.0,25,0.5,0.026383991,0.0037429659789967352
12.540000000000001,900.0335393003515,0.04704572015602786,0.0,0.2,0.2,20.249999999999996,0.8,0.8,900.0,0.003,0.0,25,0.5,0.023855786,0.0037429654929720425
12.543000000000001,900.033539296151,0.04713452512688157,0.0,0.2,0.2,20.249999999999996,0.8,0.8,900.0,0.003,0.0,25,0.5,0.023774026,0.0037429650097942006
12.546,900.0335392919723,0.047223290619291404,0.0,0.2,0.2,20.249999999999996,0.8,0.8,900.0,0.003,0.0,25,0.5,0.027215276,0.0037429645274626197
12.549,900.0335392878075,0.047312012475339185,0.0,0.2,0.2,20.249999999999996,0.8,0.8,900.0,0.003,0.0,25,0.5,0.02273327,0.0037429640451677616
12.552,900.0335392836472,0.04740068606997883,0.0,0.2,0.2,20.249999999999996,0.8,0.8,900.0,0.003,0.0,25,0.5,0.022342917,0.0037429635621902602
12.555,900.0335392794796,0.04748930665972918,0.0,0.2,0.2,20.249999999999996,0.8,0.8,900.0,0.003,0.0,25,0.5,0.026787453,0.0037429630778443392
12.558,900.0335392752987,0.047577869583542945,0.0,0.2,0.2,20.249999999999996,0.8,0.8,900.0,0.003,0.0,25,0.5,0.022420119,0.0037429625920489995
12.561,900.033539271106,0.047666370251714156,0.0,0.2,0.2,20.249999999999996,0.8,0.8,900.0,0.003,0.0,25,0.5,0.023575445,0.003742962105284921
12.564,900.0335392669039,0.04775480414642423,0.0,0.2,0.2,20.249999999999996,0.8,0.8,900.0,0.003,0.0,25,0.5,0.026377571,0.0037429616183933213
12.567,900.033539262701,0.04784316683952884,0.0,0.2,0.2,20.249999999999996,0.8,0.8,900.0,0.003,0.0,25,0.5,0.02285297,0.003742961132438389
12.57,900.0335392585037,0.04793145399574166,0.0,0.2,0.2,20.249999999999996,0.8,0.8,900.0,0.003,0.0,25,0.5,0.023218063,0.0037429606485548514
12.573,900.0335392543262,0.048019661371486666,0.0,0.2,0.2,20.249999999999996,0.8,0.8,900.0,0.003,0.0,25,0.5,0.027847889,0.003742960167991013
12.576,900.0335392501852,0.04810778463075569,0.0,0.2,0.2,20.249999999999996,0.8,0.8,900.0,0.003,0.0,25,0.5,0.022933221,0.0037429596919326567
12.579,900.0335392460826,0.04819581917205394,0.0,0.2,0.2,20.249999999999996,0.8,0.8,900.0,0.003,0.0,25,0.5,0.024383549,0.003742959220405067
12.582,900.033539242019,0.04828376047400741,0.0,0.2,0.2,20.249999999999996,0.8,0.8,900.0,0.003,0.0,25,0.5,0.028884025,0.0037429587528258292
12.585,900.0335392379882,0.04837160422632023,0.0,0.2,0.2,20.249999999999996,0.8,0.8,900.0,0.003,0.0,25,0.5,0.024058128,0.0037429582883053134
12.588000000000001,900.0335392339867,0.048459346286525797,0.0,0.2,0.2,20.249999999999996,0.8,0.8,900.0,0.003,0.0,25,0.5,0.026293651,0.003742957826062921
12.591000000000001,900.0335392300032,0.04854698258249824,0.0,0.2,0.2,20.249999999999996,0.8,0.8,900.0,0.003,0.0,25,0.5,0.031661871,0.0037429573653395684
12.594,900.033539226032,0.04863450913813558,0.0,0.2,0.2,20.249999999999996,0.8,0.8,900.0,0.003,0.0,25,0.5,0.026376641,0.0037429569055483346
12.597,900.0335392220701,0.048721922082821396,0.0,0.2,0.2,20.249999999999996,0.8,0.8,900.0,0.003,0.0,25,0.5,0.025219614,0.003742956446353831
12.6,900.033539218112,0.04880921765224828,0.0,0.2,0.2,20.249999999999996,0.8,0.8,900.0,0.003,0.0,25,0.5,0.031230438,0.003742955987681426
12.603,900.0335392141575,0.04889639219119053,0.0,0.2,0.2,20.249999999999996,0.8,0.8,900.0,0.003,0.0,25,0.5,0.024944622,0.003742955529677712
12.606,900.0335392102089,0.0489834421563218,0.0,0.2,0.2,20.249999999999996,0.8,0.8,900.0,0.003,0.0,25,0.5,0.025390775,0.0037429550726603327
12.609,900.033539206268,0.04907036411899964,0.0,0.2,0.2,20.249999999999996,0.8,0.8,900.0,0.003,0.0,25,0.5,0.029261488,0.003742954616967745
12.612,900.0335392023385,0.04915715480040554,0.0,0.2,0.2,20.249999999999996,0.8,0.8,900.0,0.003,0.0,25,0.5,0.023907377,0.0037429541622625625
12.615,900.0335391984107,0.04924381125168857,0.0,0.2,0.2,20.249999999999996,0.8,0.8,900.0,0.003,0.0,25,0.5,0.025723907,0.00374295370848577
12.618,900.0335391944915,0.0493303306811034,0.0,0.2,0.2,20.249999999999996,0.8,0.8,900.0,0.003,0.0,25,0.5,0.02974819,0.0037429532558205885
12.621,900.0335391905834,0.04941671039886822,0.0,0.2,0.2,20.249999999999996,0.8,0.8,900.0,0.003,0.0,25,0.5,0.02442051,0.00374295280444584
12.624,900.0335391866877,0.04950294781354521,0.0,0.2,0.2,20.249999999999996,0.8,0.8,900.0,0.003,0.0,25,0.5,0.02452537,0.003742952354372798
12.627,900.0335391827986,0.04958904047209671,0.0,0.2,0.2,20.249999999999996,0.8,0.8,900.0,0.003,0.0,25,0.5,0.027653718,0.0037429519055924704
12.63,900.0335391789218,0.04967498610926995,0.0,0.2,0.2,20.249999999999996,0.8,0.8,900.0,0.003,0.0,25,0.5,0.023856176,0.003742951458330044
12.633000000000001,900.033539175059,0.04976078256831484,0.0,0.2,0.2,20.249999999999996,0.8,0.8,900.0,0.003,0.0,25,0.5,0.023372984,0.0037429510129047996
12.636000000000001,900.0335391712096,0.049846427811485954,0.0,0.2,0.2,20.249999999999996,0.8,0.8,900.0,0.003,0.0,25,0.5,0.027062825,0.003742950569597801
12.639000000000001,900.033539167381,0.04993191993998235,0.0,0.2,0.2,20.249999999999996,0.8,0.8,900.0,0.003,0.0,25,0.5,0.02273252,0.003742950128693064
12.642,900.0335391635725,0.05001725717980313,0.0,0.2,0.2,20.249999999999996,0.8,0.8,900.0,0.003,0.0,25,0.5,0.022464709,0.0037429496902740876
12.645,900.0335391597748,0.05010243793725255,0.0,0.2,0.2,20.249999999999996,0.8,0.8,900.0,0.003,0.0,25,0.5,0.027013525,0.003742949252558005
12.648,900.0335391559753,0.05018746168865312,0.0,0.2,0.2,20.249999999999996,0.8,0.8,900.0,0.003,0.0,25,0.5,0.02276345,0.0037429488139794744
12.651,900.0335391521713,0.050272328386770586,0.0,0.2,0.2,20.249999999999996,0.8,0.8,900.0,0.003,0.0,25,0.5,0.022599689,0.003742948373769056
12.654,900.033539148347,0.05035703811898629,0.0,0.2,0.2,20.249999999999996,0.8,0.8,900.0,0.003,0.0,25,0.5,0.026507202,0.0037429479314907373
12.657,900.0335391445071,0.05044159112135752,0.0,0.2,0.2,20.249999999999996,0.8,0.8,900.0,0.003,0.0,25,0.5,0.022252257,0.003742947487248898
12.66,900.0335391406447,0.05052598778001581,0.0,0.2,0.2,20.249999999999996,0.8,0.8,900.0,0.003,0.0,25,0.5,0.022925921,0.0037429470416167863
12.663,900.0335391367691,0.050610228631377874,0.0,0.2,0.2,20.249999999999996,0.8,0.8,900.0,0.003,0.0,25,0.5,0.026924873,0.003742946595440319
12.666,900.0335391328906,0.050694314357507965,0.0,0.2,0.2,20.249999999999996,0.8,0.8,900.0,0.003,0.0,25,0.5,0.022883061,0.003742946149611366
12.669,900.0335391290081,0.05077824579462134,0.0,0.2,0.2,20.249999999999996,0.8,0.8,900.0,0.003,0.0,25,0.5,0.022941841,0.0037429457048847132
12.672,900.033539125136,0.050862023945404754,0.0,0.2,0.2,20.249999999999996,0.8,0.8,900.0,0.003,0.0,25,0.5,0.027073125,0.0037429452618205385
12.675,900.0335391212784,0.05094564998407166,0.0,0.2,0.2,20.249999999999996,0.8,0.8,900.0,0.003,0.0,25,0.5,0.0227437,0.003742944820726677
12.678,900.0335391174355,0.05102912528699224,0.0,0.2,0.2,20.249999999999996,0.8,0.8,900.0,0.003,0.0,25,0.5,0.022756631,0.0037429443818352685
12.681000000000001,900.0335391136089,0.05111245140121286,0.0,0.2,0.2,20.249999999999996,0.8,0.8,900.0,0.003,0.0,25,0.5,0.026399631,0.0037429439451994507
12.684000000000001,900.0335391098026,0.05119563004332795,0.0,0.2,0.2,20.249999999999996,0.8,0.8,900.0,0.003,0.0,25,0.5,0.022526869,0.003742943510657391
12.687,900.033539106012,0.051278663102517545,0.0,0.2,0.2,20.249999999999996,0.8,0.8,900.0,0.003,0.0,25,0.5,0.022765761,0.0037429430778546462
12.69,900.0335391022339,0.051361552639774134,0.0,0.2,0.2,20.249999999999996,0.8,0.8,900.0,0.003,0.0,25,0.5,0.027077985,0.003742942646291183
12.693,900.0335390984676,0.05144430086060221,0.0,0.2,0.2,20.249999999999996,0.8,0.8,900.0,0.003,0.0,25,0.5,0.022838981,0.003742942215422785
12.696,900.0335390947046,0.05152691008688072,0.0,0.2,0.2,20.249999999999996,0.8,0.8,900.0,0.003,0.0,25,0.5,0.02261109,0.0037429417845818353
12.699,900.0335390909383,0.051609382819682,0.0,0.2,0.2,20.249999999999996,0.8,0.8,900.0,0.003,0.0,25,0.5,0.026347071,0.0037429413531109763
12.702,900.0335390871654,0.0516917217433433,0.0,0.2,0.2,20.249999999999996,0.8,0.8,900.0,0.003,0.0,25,0.5,0.023262963,0.003742940920381979
12.705,900.0335390833806,0.05177392972658951,0.0,0.2,0.2,20.249999999999996,0.8,0.8,900.0,0.003,0.0,25,0.5,0.02286557,0.0037429404859720583
12.708,900.0335390795811,0.05185600977224354,0.0,0.2,0.2,20.249999999999996,0.8,0.8,900.0,0.003,0.0,25,0.5,0.026788663,0.003742940050289237
12.711,900.0335390757836,0.0519379644591258,0.0,0.2,0.2,20.249999999999996,0.8,0.8,900.0,0.003,0.0,25,0.5,0.022960572,0.0037429396148420052
12.714,900.0335390719888,0.052019795586784164,0.0,0.2,0.2,20.249999999999996,0.8,0.8,900.0,0.003,0.0,25,0.5,0.023154413,0.003742939180578398
12.717,900.0335390682039,0.05210150483455802,0.0,0.2,0.2,20.249999999999996,0.8,0.8,900.0,0.003,0.0,25,0.5,0.026934734,0.003742938748317825
12.72,900.0335390644354,0.05218309405007037,0.0,0.2,0.2,20.249999999999996,0.8,0.8,900.0,0.003,0.0,25,0.5,0.02274342,0.0037429383187697323
12.723,900.0335390606909,0.052264565243565896,0.0,0.2,0.2,20.249999999999996,0.8,0.8,900.0,0.003,0.0,25,0.5,0.02275725,0.003742937892717839
12.726,900.033539056974,0.052345920502971134,0.0,0.2,0.2,20.249999999999996,0.8,0.8,900.0,0.003,0.0,25,0.5,0.027209675,0.003742937470614814
12.729000000000001,900.0335390532936,0.05242716206828954,0.0,0.2,0.2,20.249999999999996,0.8,0.8,900.0,0.003,0.0,25,0.5,0.022488469,0.003742937052491303
12.732000000000001,900.0335390496477,0.05250829233925644,0.0,0.2,0.2,20.249999999999996,0.8,0.8,900.0,0.003,0.0,25,0.5,0.022572839,0.0037429366402656162
12.735,900.0335390460639,0.05258931318647276,0.0,0.2,0.2,20.249999999999996,0.8,0.8,900.0,0.003,0.0,25,0.5,0.026744603,0.0037429362372089696
12.738,900.033539042568,0.052670225763270496,0.0,0.2,0.2,20.249999999999996,0.8,0.8,900.0,0.003,0.0,25,0.5,0.022897881,0.00374293584665101
12.741,900.0335390391841,0.05275103090755188,0.0,0.2,0.2,20.249999999999996,0.8,0.8,900.0,0.003,0.0,25,0.5,0.023431455,0.003742935471758688
12.744,900.0335390359369,0.052831729426793435,0.0,0.2,0.2,20.249999999999996,0.8,0.8,900.0,0.003,0.0,25,0.5,0.026611532,0.003742935114447984
12.747,900.0335390328472,0.05291232231452666,0.0,0.2,0.2,20.249999999999996,0.8,0.8,900.0,0.003,0.0,25,0.5,0.022965031,0.003742934775412299
12.75,900.0335390299192,0.052992810751480116,0.0,0.2,0.2,20.249999999999996,0.8,0.8,900.0,0.003,0.0,25,0.5,0.022964211,0.003742934454154646
12.753,900.0335390271476,0.053073196106635835,0.0,0.2,0.2,20.249999999999996,0.8,0.8,900.0,0.003,0.0,25,0.5,0.026591292,0.003742934149241331
12.756,900.0335390245236,0.05315347993770458,0.0,0.2,0.2,20.249999999999996,0.8,0.8,900.0,0.003,0.0,25,0.5,0.02268333,0.0037429338586343172
12.759,900.0335390220214,0.0532336639908512,0.0,0.2,0.2,20.249999999999996,0.8,0.8,900.0,0.003,0.0,25,0.5,0.023076122,0.0037429335800258333
12.762,900.0335390196293,0.053313750204680294,0.0,0.2,0.2,20.249999999999996,0.8,0.8,900.0,0.003,0.0,25,0.5,0.027174795,0.003742933310763911
12.765,900.0335390173157,0.05339374086184561,0.0,0.2,0.2,20.249999999999996,0.8,0.8,900.0,0.003,0.0,25,0.5,0.022650629,0.0037429330482242258
12.768,900.0335390150617,0.05347363845117261,0.0,0.2,0.2,20.249999999999996,0.8,0.8,900.0,0.003,0.0,25,0.5,0.02279194,0.003742932790864505
12.771,900.0335390128538,0.05355344539630361,0.0,0.2,0.2,20.249999999999996,0.8,0.8,900.0,0.003,0.0,25,0.5,0.026656513,0.0037429325373655765
12.774000000000001,900.0335390106804,0.05363316426997352,0.0,0.2,0.2,20.249999999999996,0.8,0.8,900.0,0.003,0.0,25,0.5,0.02273502,0.0037429322869907728
12.777000000000001,900.0335390085307,0.053712797839546904,0.0,0.2,0.2,20.249999999999996,0.8,0.8,900.0,0.003,0.0,25,0.5,0.023343144,0.003742932039670733
12.780000000000001,900.0335390064079,0.053792349076170476,0.0,0.2,0.2,20.249999999999996,0.8,0.8,900.0,0.003,0.0,25,0.5,0.026478202,0.0037429317958783464
12.783,900.033539004313,0.053871821162238896,0.0,0.2,0.2,20.249999999999996,0.8,0.8,900.0,0.003,0.0,25,0.5,0.022903331,0.003742931556451611
12.786,900.0335390022552,0.053951217493211606,0.0,0.2,0.2,20.249999999999996,0.8,0.8,900.0,0.003,0.0,25,0.5,0.02263341,0.0037429313224031373
12.789,900.0335390002448,0.054030541678544645,0.0,0.2,0.2,20.249999999999996,0.8,0.8,900.0,0.003,0.0,25,0.5,0.026617812,0.003742931094752811
12.792,900.0335389982885,0.054109797534339366,0.0,0.2,0.2,20.249999999999996,0.8,0.8,900.0,0.003,0.0,25,0.5,0.022844081,0.00374293087444886
12.795,900.0335389963957,0.05418898903724776,0.0,0.2,0.2,20.249999999999996,0.8,0.8,900.0,0.003,0.0,25,0.5,0.022533209,0.0037429306618397503
12.798,900.0335389945714,0.05426812040847653,0.0,0.2,0.2,20.249999999999996,0.8,0.8,900.0,0.003,0.0,25,0.5,0.026949394,0.003742930456865948
12.801,900.0335389928108,0.05434719609870269,0.0,0.2,0.2,20.249999999999996,0.8,0.8,900.0,0.003,0.0,25,0.5,0.023396254,0.0037429302596890743
12.804,900.033538991144,0.05442622051791027,0.0,0.2,0.2,20.249999999999996,0.8,0.8,900.0,0.003,0.0,25,0.5,0.022431719,0.0037429300758555785
12.807,900.0335389896079,0.054505196014103585,0.0,0.2,0.2,20.249999999999996,0.8,0.8,900.0,0.003,0.0,25,0.5,0.026761933,0.003742929906514712
12.81,900.0335389881981,0.05458412461003131,0.0,0.2,0.2,20.249999999999996,0.8,0.8,900.0,0.003,0.0,25,0.5,0.02276215,0.0037429297490451973
12.813,900.0335389868931,0.05466300854863243,0.0,0.2,0.2,20.249999999999996,0.8,0.8,900.0,0.003,0.0,25,0.5,0.022807781,0.003742929600027372
12.816,900.0335389856585,0.05474185029724046,0.0,0.2,0.2,20.249999999999996,0.8,0.8,900.0,0.003,0.0,25,0.5,0.026634732,0.0037429294557067036
12.819,900.033538984469,0.0548206525479481,0.0,0.2,0.2,20.249999999999996,0.8,0.8,900.0,0.003,0.0,25,0.5,0.02282193,0.003742929312476545
12.822000000000001,900.0335389832918,0.05489941805000494,0.0,0.2,0.2,20.249999999999996,0.8,0.8,900.0,0.003,0.0,25,0.5,0.023024201,0.0037429291696106305
12.825000000000001,900.0335389821188,0.05497814885465394,0.0,0.2,0.2,20.249999999999996,0.8,0.8,900.0,0.003,0.0,25,0.5,0.026297201,0.0037429290253771677
12.828,900.0335389809313,0.055056847041655775,0.0,0.2,0.2,20.249999999999996,0.8,0.8,900.0,0.003,0.0,25,0.5,0.02275602,0.003742928877715156
12.831,900.0335389797199,0.05513551476026919,0.0,0.2,0.2,20.249999999999996,0.8,0.8,900.0,0.003,0.0,25,0.5,0.023045552,0.003742928727066263
12.834,900.0335389784766,0.05521415378287356,0.0,0.2,0.2,20.249999999999996,0.8,0.8,900.0,0.003,0.0,25,0.5,0.026689633,0.0037429285729364916
12.837,900.0335389772026,0.05529276609161304,0.0,0.2,0.2,20.249999999999996,0.8,0.8,900.0,0.003,0.0,25,0.5,0.023078282,0.0037429284149034046
12.84,900.0335389758883,0.055371353876028775,0.0,0.2,0.2,20.249999999999996,0.8,0.8,900.0,0.003,0.0,25,0.5,0.022973422,0.0037429282529009267
12.843,900.033538974535,0.05544991950725273,0.0,0.2,0.2,20.249999999999996,0.8,0.8,900.0,0.003,0.0,25,0.5,0.027054285,0.003742928086871937
12.846,900.033538973151,0.05552846562276825,0.0,0.2,0.2,20.249999999999996,0.8,0.8,900.0,0.003,0.0,25,0.5,0.023054852,0.0037429279189776297
12.849,900.0335389717615,0.05560699452078155,0.0,0.2,0.2,20.249999999999996,0.8,0.8,900.0,0.003,0.0,25,0.5,0.022861361,0.0037429277573342436
12.852,900.0335389704272,0.0556855071606781,0.0,0.2,0.2,20.249999999999996,0.8,0.8,900.0,0.003,0.0,25,0.5,0.026993724,0.0037429276052626205
12.855,900.0335389691746,0.0557640046471835,0.0,0.2,0.2,20.249999999999996,0.8,0.8,900.0,0.003,0.0,25,0.5,0.023256402,0.003742927463191034
12.858,900.0335389680083,0.05584248831440903,0.0,0.2,0.2,20.249999999999996,0.8,0.8,900.0,0.003,0.0,25,0.5,0.023597225,0.0037429273295464566
12.861,900.0335389669127,0.05592095975155561,0.0,0.2,0.2,20.249999999999996,0.8,0.8,900.0,0.003,0.0,25,0.5,0.026755923,0.003742927201491748
12.864,900.033538965882,0.05599942067420614,0.0,0.2,0.2,20.249999999999996,0.8,0.8,900.0,0.003,0.0,25,0.5,0.022809731,0.003742927077063407
12.867,900.0335389648825,0.056077871859913746,0.0,0.2,0.2,20.249999999999996,0.8,0.8,900.0,0.003,0.0,25,0.5,0.023139563,0.0037429269522914754
12.870000000000001,900.0335389638799,0.05615631401840618,0.0,0.2,0.2,20.249999999999996,0.8,0.8,900.0,0.003,0.0,25,0.5,0.026690883,0.003742926824588953
12.873000000000001,900.033538962848,0.05623474766920546,0.0,0.2,0.2,20.249999999999996,0.8,0.8,900.0,0.003,0.0,25,0.5,0.022650819,0.0037429266920934374
12.876,900.0335389617721,0.05631317348083357,0.0,0.2,0.2,20.249999999999996,0.8,0.8,900.0,0.003,0.0,25,0.5,0.023091332,0.0037429265539994463
12.879,900.0335389606446,0.05639159232963621,0.0,0.2,0.2,20.249999999999996,0.8,0.8,900.0,0.003,0.0,25,0.5,0.026945014,0.003742926410796202
12.882,900.0335389594686,0.05647000529933295,0.0,0.2,0.2,20.249999999999996,0.8,0.8,900.0,0.003,0.0,25,0.5,0.023028792,0.0037429262643187793
12.885,900.0335389582641,0.05654841361185472,0.0,0.2,0.2,20.249999999999996,0.8,0.8,900.0,0.003,0.0,25,0.5,0.02272135,0.0037429261179433436
12.888,900.0335389570567,0.056626818449393004,0.0,0.2,0.2,20.249999999999996,0.8,0.8,900.0,0.003,0.0,25,0.5,0.027305796,0.003742925974949078
12.891,900.0335389558783,0.05670522115953605,0.0,0.2,0.2,20.249999999999996,0.8,0.8,900.0,0.003,0.0,25,0.5,0.023434494,0.003742925838171984
12.894,900.0335389547496,0.05678362330357372,0.0,0.2,0.2,20.249999999999996,0.8,0.8,900.0,0.003,0.0,25,0.5,0.023271083,0.003742925709964307
12.897,900.0335389536979,0.05686202665850057,0.0,0.2,0.2,20.249999999999996,0.8,0.8,900.0,0.003,0.0,25,0.5,0.026934314,0.003742925592119088
12.9,900.03353895274,0.05694043321422407,0.0,0.2,0.2,20.249999999999996,0.8,0.8,900.0,0.003,0.0,25,0.5,0.024112448,0.0037429254865130944
12.903,900.0335389519013,0.05701884473994865,0.0,0.2,0.2,20.249999999999996,0.8,0.8,900.0,0.003,0.0,25,0.5,0.024944193,0.0037429253963848917
12.906,900.0335389512019,0.05709726195351795,0.0,0.2,0.2,20.249999999999996,0.8,0.8,900.0,0.003,0.0,25,0.5,0.029302558,0.0037429253224455007
12.909,900.0335389506449,0.057175685684261075,0.0,0.2,0.2,20.249999999999996,0.8,0.8,900.0,0.003,0.0,25,0.5,0.024218479,0.003742925264411681
12.912,900.0335389502294,0.05725411696307019,0.0,0.2,0.2,20.249999999999996,0.8,0.8,900.0,0.003,0.0,25,0.5,0.025502146,0.0037429252212856146
12.915000000000001,900.0335389499451,0.0573325570255427,0.0,0.2,0.2,20.249999999999996,0.8,0.8,900.0,0.003,0.0,25,0.5,0.028897515,0.003742925191544829
12.918000000000001,900.0335389497726,0.05741100731456091,0.0,0.2,0.2,20.249999999999996,0.8,0.8,900.0,0.003,0.0,25,0.5,0.025935048,0.0037429251734429443
12.921000000000001,900.0335389497067,0.057489469481879614,0.0,0.2,0.2,20.249999999999996,0.8,0.8,900.0,0.003,0.0,25,0.5,0.025029443,0.003742925165322414
12.924,900.0335389497253,0.05756794538978458,0.0,0.2,0.2,20.249999999999996,0.8,0.8,900.0,0.003,0.0,25,0.5,0.029026126,0.00374292516590115
12.927,900.0335389498209,0.0576464371127603,0.0,0.2,0.2,20.249999999999996,0.8,0.8,900.0,0.003,0.0,25,0.5,0.023390043,0.0037429251744742716
12.93,900.0335389499817,0.057724946938683484,0.0,0.2,0.2,20.249999999999996,0.8,0.8,900.0,0.003,0.0,25,0.5,0.023354553,0.003742925191018848
12.933,900.0335389502163,0.05780347737071915,0.0,0.2,0.2,20.249999999999996,0.8,0.8,900.0,0.003,0.0,25,0.5,0.027125545,0.003742925216185523
12.936,900.0335389505234,0.05788203112840187,0.0,0.2,0.2,20.249999999999996,0.8,0.8,900.0,0.003,0.0,25,0.5,0.023132483,0.00374292525120649
12.939,900.0335389509158,0.057960611149870715,0.0,0.2,0.2,20.249999999999996,0.8,0.8,900.0,0.003,0.0,25,0.5,0.023293883,0.00374292529770815
12.942,900.0335389514075,0.05803922059412399,0.0,0.2,0.2,20.249999999999996,0.8,0.8,900.0,0.003,0.0,25,0.5,0.026467142,0.0037429253575043454
12.945,900.0335389520162,0.058117862842862224,0.0,0.2,0.2,20.249999999999996,0.8,0.8,900.0,0.003,0.0,25,0.5,0.023157432,0.0037429254323847793
12.948,900.0335389527575,0.05819654150225339,0.0,0.2,0.2,20.249999999999996,0.8,0.8,900.0,0.003,0.0,25,0.5,0.023006592,0.003742925523914828
12.951,900.0335389536451,0.05827526040762876,0.0,0.2,0.2,20.249999999999996,0.8,0.8,900.0,0.003,0.0,25,0.5,0.027020114,0.0037429256333086306
12.954,900.0335389546913,0.05835402362830923,0.0,0.2,0.2,20.249999999999996,0.8,0.8,900.0,0.003,0.0,25,0.5,0.02273544,0.0037429257620231506
12.957,900.0335389559183,0.05843283523524185,0.0,0.2,0.2,20.249999999999996,0.8,0.8,900.0,0.003,0.0,25,0.5,0.02271144,0.0037429259131809573
12.96,900.0335389573454,0.05851169886272263,0.0,0.2,0.2,20.249999999999996,0.8,0.8,900.0,0.003,0.0,25,0.5,0.026341241,0.0037429260880234893
12.963000000000001,900.0335389589804,0.05859061835197606,0.0,0.2,0.2,20.249999999999996,0.8,0.8,900.0,0.003,0.0,25,0.5,0.022510009,0.003742926286497244
12.966000000000001,900.0335389608251,0.058669597797744555,0.0,0.2,0.2,20.249999999999996,0.8,0.8,900.0,0.003,0.0,25,0.5,0.023633056,0.003742926507622789
12.969,900.0335389628711,0.05874864155310878,0.0,0.2,0.2,20.249999999999996,0.8,0.8,900.0,0.003,0.0,25,0.5,0.026343801,0.003742926750128893
12.972,900.0335389651157,0.058827754007176464,0.0,0.2,0.2,20.249999999999996,0.8,0.8,900.0,0.003,0.0,25,0.5,0.022575059,0.0037429270140849668
12.975,900.0335389675496,0.0589069389934919,0.0,0.2,0.2,20.249999999999996,0.8,0.8,900.0,0.003,0.0,25,0.5,0.02272499,0.0037429272982649085
12.978,900.0335389701626,0.058986200535666417,0.0,0.2,0.2,20.249999999999996,0.8,0.8,900.0,0.003,0.0,25,0.5,0.026578912,0.003742927601379157
12.981,900.0335389729428,0.05906554291941455,0.0,0.2,0.2,20.249999999999996,0.8,0.8,900.0,0.003,0.0,25,0.5,0.023423804,0.003742927922260696
12.984,900.033538975878,0.0591449706438369,0.0,0.2,0.2,20.249999999999996,0.8,0.8,900.0,0.003,0.0,25,0.5,0.022824791,0.0037429282599515164
12.987,900.0335389789698,0.05922448834291465,0.0,0.2,0.2,20.249999999999996,0.8,0.8,900.0,0.003,0.0,25,0.5,0.027353157,0.003742928615238503
12.99,900.0335389822158,0.0593041003398718,0.0,0.2,0.2,20.249999999999996,0.8,0.8,900.0,0.003,0.0,25,0.5,0.023011192,0.003742928988494
12.993,900.0335389856235,0.05938381109000888,0.0,0.2,0.2,20.249999999999996,0.8,0.8,900.0,0.003,0.0,25,0.5,0.023173663,0.003742929379540507
12.996,900.0335389891817,0.05946362528042133,0.0,0.2,0.2,20.249999999999996,0.8,0.8,900.0,0.003,0.0,25,0.5,0.026734523,0.003742929787938831
12.999,900.0335389929003,0.05954354782225867,0.0,0.2,0.2,20.249999999999996,0.8,0.8,900.0,0.003,0.0,25,0.5,0.02275523,0.0037429302148032453
13.002,900.0335389967847,0.05962358332968347,0.0,0.2,0.2,20.249999999999996,0.8,0.8,900.0,0.003,0.0,25,0.5,0.023137652,0.0037429306611775565
13.005,900.0335390008402,0.059703736454748815,0.0,0.2,0.2,20.249999999999996,0.8,0.8,900.0,0.003,0.0,25,0.5,0.026860933,0.00374293112667802
13.008000000000001,900.0335390050615,0.05978401210385262,0.0,0.2,0.2,20.249999999999996,0.8,0.8,900.0,0.003,0.0,25,0.5,0.022833311,0.00374293160971476
13.011000000000001,900.0335390094388,0.05986441545905047,0.0,0.2,0.2,20.249999999999996,0.8,0.8,900.0,0.003,0.0,25,0.5,0.022633149,0.003742932107703932
13.014000000000001,900.0335390139446,0.059944952003620884,0.0,0.2,0.2,20.249999999999996,0.8,0.8,900.0,0.003,0.0,25,0.5,0.026956575,0.003742932617556604
13.017,900.0335390185554,0.06002562751692166,0.0,0.2,0.2,20.249999999999996,0.8,0.8,900.0,0.003,0.0,25,0.5,0.022955381,0.003742933136060164
13.02,900.0335390232383,0.060106448078238145,0.0,0.2,0.2,20.249999999999996,0.8,0.8,900.0,0.003,0.0,25,0.5,0.02263676,0.0037429336602576957
13.023,900.0335390279675,0.0601874200580696,0.0,0.2,0.2,20.249999999999996,0.8,0.8,900.0,0.003,0.0,25,0.5,0.026903134,0.0037429341877386287
13.026,900.0335390327222,0.06026855012696278,0.0,0.2,0.2,20.249999999999996,0.8,0.8,900.0,0.003,0.0,25,0.5,0.022548899,0.003742934716822008
13.029,900.0335390374901,0.06034984525617383,0.0,0.2,0.2,20.249999999999996,0.8,0.8,900.0,0.003,0.0,25,0.5,0.02280709,0.003742935246751669
13.032,900.0335390422579,0.0604313126748671,0.0,0.2,0.2,20.249999999999996,0.8,0.8,900.0,0.003,0.0,25,0.5,0.026178419,0.00374293577743611
13.035,900.0335390470323,0.06051295991890934,0.0,0.2,0.2,20.249999999999996,0.8,0.8,900.0,0.003,0.0,25,0.5,0.023065692,0.003742936309357684
13.038,900.0335390518121,0.06059479484158636,0.0,0.2,0.2,20.249999999999996,0.8,0.8,900.0,0.003,0.0,25,0.5,0.022341718,0.0037429368437338823
13.041,900.0335390566279,0.06067682544787967,0.0,0.2,0.2,20.249999999999996,0.8,0.8,900.0,0.003,0.0,25,0.5,0.026825984,0.0037429373850784305
13.044,900.0335390615064,0.060759058683115805,0.0,0.2,0.2,20.249999999999996,0.8,0.8,900.0,0.003,0.0,25,0.5,0.022638809,0.0037429379360274643
13.047,900.0335390664675,0.060841501513685864,0.0,0.2,0.2,20.249999999999996,0.8,0.8,900.0,0.003,0.0,25,0.5,0.02270703,0.003742938498180566
13.05,900.0335390715247,0.06092416123545767,0.0,0.2,0.2,20.249999999999996,0.8,0.8,900.0,0.003,0.0,25,0.5,0.026529712,0.003742939072877505
13.053,900.0335390766913,0.061007045475498275,0.0,0.2,0.2,20.249999999999996,0.8,0.8,900.0,0.003,0.0,25,0.5,0.022418488,0.0037429396608022855
13.056000000000001,900.0335390819707,0.0610901621946209,0.0,0.2,0.2,20.249999999999996,0.8,0.8,900.0,0.003,0.0,25,0.5,0.022708189,0.0037429402617427227
13.059000000000001,900.0335390873623,0.06117351968924732,0.0,0.2,0.2,20.249999999999996,0.8,0.8,900.0,0.003,0.0,25,0.5,0.026644332,0.0037429408746262466
13.062,900.0335390928584,0.06125712658025061,0.0,0.2,0.2,20.249999999999996,0.8,0.8,900.0,0.003,0.0,25,0.5,0.023569924,0.0037429414977353938
13.065,900.0335390984383,0.061340991821613636,0.0,0.2,0.2,20.249999999999996,0.8,0.8,900.0,0.003,0.0,25,0.5,0.022631709,0.003742942129038948
13.068,900.0335391040909,0.06142512470845689,0.0,0.2,0.2,20.249999999999996,0.8,0.8,900.0,0.003,0.0,25,0.5,0.026681992,0.0037429427665391143
13.071,900.0335391097915,0.06150953487850502,0.0,0.2,0.2,20.249999999999996,0.8,0.8,900.0,0.003,0.0,25,0.5,0.022859571,0.0037429434095876952
13.074,900.0335391155572,0.06159423195260514,0.0,0.2,0.2,20.249999999999996,0.8,0.8,900.0,0.003,0.0,25,0.5,0.023193462,0.003742944063505208
13.077,900.0335391214202,0.061679224244024985,0.0,0.2,0.2,20.249999999999996,0.8,0.8,900.0,0.003,0.0,25,0.5,0.026474901,0.003742944730372551
13.08,900.0335391273925,0.06176452020599203,0.0,0.2,0.2,20.249999999999996,0.8,0.8,900.0,0.003,0.0,25,0.5,0.023506385,0.0037429454097904404
13.083,900.0335391334723,0.06185012865209132,0.0,0.2,0.2,20.249999999999996,0.8,0.8,900.0,0.003,0.0,25,0.5,0.022889611,0.003742946100447563
13.086,900.0335391396488,0.06193605876215744,0.0,0.2,0.2,20.249999999999996,0.8,0.8,900.0,0.003,0.0,25,0.5,0.026539621,0.003742946800777284
13.089,900.033539145907,0.06202232000016037,0.0,0.2,0.2,20.249999999999996,0.8,0.8,900.0,0.003,0.0,25,0.5,0.023255023,0.003742947509039691
13.092,900.0335391522339,0.06210892213858562,0.0,0.2,0.2,20.249999999999996,0.8,0.8,900.0,0.003,0.0,25,0.5,0.022840631,0.0037429482236347325
13.095,900.0335391586206,0.06219587506971473,0.0,0.2,0.2,20.249999999999996,0.8,0.8,900.0,0.003,0.0,25,0.5,0.026917634,0.0037429489439576593
13.098,900.0335391650517,0.062283188450865466,0.0,0.2,0.2,20.249999999999996,0.8,0.8,900.0,0.003,0.0,25,0.5,0.023071862,0.0037429496689382574
13.101,900.033539171524,0.06237087217119372,0.0,0.2,0.2,20.249999999999996,0.8,0.8,900.0,0.003,0.0,25,0.5,0.022784301,0.003742950397837998
13.104000000000001,900.033539178023,0.06245893646176151,0.0,0.2,0.2,20.249999999999996,0.8,0.8,900.0,0.003,0.0,25,0.5,0.026041409,0.0037429511303391136
13.107000000000001,900.0335391845531,0.06254739191164611,0.0,0.2,0.2,20.249999999999996,0.8,0.8,900.0,0.003,0.0,25,0.5,0.022482538,0.003742951866615789
13.11,900.0335391911146,0.06263624935023523,0.0,0.2,0.2,20.249999999999996,0.8,0.8,900.0,0.003,0.0,25,0.5,0.022586439,0.0037429526072029185
13.113,900.0335391977065,0.06272551992165572,0.0,0.2,0.2,20.249999999999996,0.8,0.8,900.0,0.003,0.0,25,0.5,0.026496512,0.003742953352914667
13.116,900.0335392043395,0.06281521514092904,0.0,0.2,0.2,20.249999999999996,0.8,0.8,900.0,0.003,0.0,25,0.5,0.022568869,0.0037429541047626852
13.119,900.0335392110239,0.06290534689659635,0.0,0.2,0.2,20.249999999999996,0.8,0.8,900.0,0.003,0.0,25,0.5,0.022847011,0.0037429548638371474
13.122,900.03353921777,0.06299592744582524,0.0,0.2,0.2,20.249999999999996,0.8,0.8,900.0,0.003,0.0,25,0.5,0.026864514,0.0037429556313217753
13.125,900.0335392245837,0.06308696934948937,0.0,0.2,0.2,20.249999999999996,0.8,0.8,900.0,0.003,0.0,25,0.5,0.022975602,0.0037429564090038702
13.128,900.0335392314869,0.06317848528919266,0.0,0.2,0.2,20.249999999999996,0.8,0.8,900.0,0.003,0.0,25,0.5,0.023237303,0.0037429571981562014
13.131,900.0335392384923,0.0632704882564063,0.0,0.2,0.2,20.249999999999996,0.8,0.8,900.0,0.003,0.0,25,0.5,0.026555382,0.003742957999248064
13.134,900.033539245594,0.06336299162446166,0.0,0.2,0.2,20.249999999999996,0.8,0.8,900.0,0.003,0.0,25,0.5,0.022638229,0.003742958812136386
13.137,900.0335392528003,0.0634560091518012,0.0,0.2,0.2,20.249999999999996,0.8,0.8,900.0,0.003,0.0,25,0.5,0.022769151,0.003742959636245944
13.14,900.0335392600998,0.0635495549656127,0.0,0.2,0.2,20.249999999999996,0.8,0.8,900.0,0.003,0.0,25,0.5,0.026681363,0.003742960470710931
13.143,900.0335392674891,0.06364364356976465,0.0,0.2,0.2,20.249999999999996,0.8,0.8,900.0,0.003,0.0,25,0.5,0.022595479,0.0037429613144925687
13.146,900.033539274954,0.06373828986125733,0.0,0.2,0.2,20.249999999999996,0.8,0.8,900.0,0.003,0.0,25,0.5,0.022986772,0.003742962166541193
13.149000000000001,900.0335392824892,0.06383350913284529,0.0,0.2,0.2,20.249999999999996,0.8,0.8,900.0,0.003,0.0,25,0.5,0.02637454,0.0037429630258852234
13.152000000000001,900.0335392900854,0.06392931707549426,0.0,0.2,0.2,20.249999999999996,0.8,0.8,900.0,0.003,0.0,25,0.5,0.022772941,0.003742963891725957
13.155000000000001,900.0335392977322,0.06402572978086928,0.0,0.2,0.2,20.249999999999996,0.8,0.8,900.0,0.003,0.0,25,0.5,0.023467134,0.0037429647634853714
13.158,900.0335393054288,0.06412276374412604,0.0,0.2,0.2,20.249999999999996,0.8,0.8,900.0,0.003,0.0,25,0.5,0.02629376,0.00374296564079148
13.161,900.0335393131737,0.06422043586193589,0.0,0.2,0.2,20.249999999999996,0.8,0.8,900.0,0.003,0.0,25,0.5,0.023056262,0.00374296652350537
13.164,900.0335393209566,0.06431876342506225,0.0,0.2,0.2,20.249999999999996,0.8,0.8,900.0,0.003,0.0,25,0.5,0.02286255,0.0037429674116780053
13.167,900.0335393287857,0.06441776413381922,0.0,0.2,0.2,20.249999999999996,0.8,0.8,900.0,0.003,0.0,25,0.5,0.026389481,0.0037429683054224627
13.17,900.0335393366588,0.0645174561024266,0.0,0.2,0.2,20.249999999999996,0.8,0.8,900.0,0.003,0.0,25,0.5,0.0226563,0.0037429692048312887
13.173,900.0335393445778,0.06461785786010489,0.0,0.2,0.2,20.249999999999996,0.8,0.8,900.0,0.003,0.0,25,0.5,0.022956561,0.0037429701099112975
13.176,900.0335393525412,0.06471898835071443,0.0,0.2,0.2,20.249999999999996,0.8,0.8,900.0,0.003,0.0,25,0.5,0.027301587,0.0037429710204004854
13.179,900.0335393605474,0.06482086697257791,0.0,0.2,0.2,20.249999999999996,0.8,0.8,900.0,0.003,0.0,25,0.5,0.0228062,0.003742971935981391
13.182,900.033539368591,0.06492351355186725,0.0,0.2,0.2,20.249999999999996,0.8,0.8,900.0,0.003,0.0,25,0.5,0.022560839,0.0037429728562287656
13.185,900.033539376674,0.06502694833978191,0.0,0.2,0.2,20.249999999999996,0.8,0.8,900.0,0.003,0.0,25,0.5,0.026458101,0.003742973780506271
13.188,900.0335393847871,0.06513119208585959,0.0,0.2,0.2,20.249999999999996,0.8,0.8,900.0,0.003,0.0,25,0.5,0.022515598,0.0037429747086742664
13.191,900.0335393929287,0.06523626584367095,0.0,0.2,0.2,20.249999999999996,0.8,0.8,900.0,0.003,0.0,25,0.5,0.02269646,0.003742975640679335
13.194,900.0335394011039,0.06534219104527071,0.0,0.2,0.2,20.249999999999996,0.8,0.8,900.0,0.003,0.0,25,0.5,0.026542702,0.003742976577811925
13.197000000000001,900.0335394093763,0.06544898882946279,0.0,0.2,0.2,20.249999999999996,0.8,0.8,900.0,0.003,0.0,25,0.5,0.022334088,0.00374297753519544
13.200000000000001,900.0335394178574,0.06555667576137639,0.0,0.2,0.2,20.249999999999996,0.8,0.8,900.0,0.003,0.0,25,0.5,0.022518319,0.0037429785272554165
13.203,900.0335394266401,0.06566526662075273,0.0,0.2,0.2,20.249999999999996,0.8,0.8,900.0,0.003,0.0,25,0.5,0.026914194,0.003742979557831729
13.206,900.0335394357699,0.06577477655354878,0.0,0.2,0.2,20.249999999999996,0.8,0.8,900.0,0.003,0.0,25,0.5,0.022860241,0.003742980624045902
13.209,900.0335394452071,0.06588522108704128,0.0,0.2,0.2,20.249999999999996,0.8,0.8,900.0,0.003,0.0,25,0.5,0.023089632,0.003742981717964723
13.212,900.0335394548865,0.06599661616741508,0.0,0.2,0.2,20.249999999999996,0.8,0.8,900.0,0.003,0.0,25,0.5,0.026566492,0.003742982828072194
13.215,900.0335394647068,0.0661089781677409,0.0,0.2,0.2,20.249999999999996,0.8,0.8,900.0,0.003,0.0,25,0.5,0.022489548,0.0037429839409995006
13.218,900.0335394745457,0.06622232389162018,0.0,0.2,0.2,20.249999999999996,0.8,0.8,900.0,0.003,0.0,25,0.5,0.023263853,0.0037429850434507073
13.221,900.033539484285,0.06633667057610321,0.0,0.2,0.2,20.249999999999996,0.8,0.8,900.0,0.003,0.0,25,0.5,0.026449661,0.003742986124206053
13.224,900.03353949383,0.06645203574551942,0.0,0.2,0.2,20.249999999999996,0.8,0.8,900.0,0.003,0.0,25,0.5,0.022967462,0.003742987177092703
13.227,900.0335395031254,0.06656843652111442,0.0,0.2,0.2,20.249999999999996,0.8,0.8,900.0,0.003,0.0,25,0.5,0.023029382,0.0037429881987994943
13.23,900.0335395121447,0.06668589019178654,0.0,0.2,0.2,20.249999999999996,0.8,0.8,900.0,0.003,0.0,25,0.5,0.026764853,0.0037429891915601696
13.233,900.0335395209022,0.06680441364085028,0.0,0.2,0.2,20.249999999999996,0.8,0.8,900.0,0.003,0.0,25,0.5,0.02267247,0.00374299015903073
13.236,900.0335395294289,0.06692402392551958,0.0,0.2,0.2,20.249999999999996,0.8,0.8,900.0,0.003,0.0,25,0.5,0.02266123,0.0037429911055472122
13.239,900.033539537761,0.06704473843551177,0.0,0.2,0.2,20.249999999999996,0.8,0.8,900.0,0.003,0.0,25,0.5,0.026910293,0.003742992036515316
13.242,900.033539545955,0.06716657459395727,0.0,0.2,0.2,20.249999999999996,0.8,0.8,900.0,0.003,0.0,25,0.5,0.022532919,0.0037429929570769204
13.245000000000001,900.0335395540474,0.06728955012859994,0.0,0.2,0.2,20.249999999999996,0.8,0.8,900.0,0.003,0.0,25,0.5,0.022388278,0.0037429938717741104
13.248000000000001,900.0335395620833,0.06741368313820498,0.0,0.2,0.2,20.249999999999996,0.8,0.8,900.0,0.003,0.0,25,0.5,0.027134175,0.0037429947839991034
13.251,900.033539570089,0.06753899209323777,0.0,0.2,0.2,20.249999999999996,0.8,0.8,900.0,0.003,0.0,25,0.5,0.023133742,0.003742995695667016
13.254,900.0335395780862,0.06766549584194242,0.0,0.2,0.2,20.249999999999996,0.8,0.8,900.0,0.003,0.0,25,0.5,0.022566508,0.003742996607224174
13.257,900.0335395860723,0.06779321361486047,0.0,0.2,0.2,20.249999999999996,0.8,0.8,900.0,0.003,0.0,25,0.5,0.027208496,0.0037429975178873568
13.26,900.0335395940488,0.06792216501541298,0.0,0.2,0.2,20.249999999999996,0.8,0.8,900.0,0.003,0.0,25,0.5,0.023181752,0.0037429984261924958
13.263,900.0335396019998,0.0680523699751644,0.0,0.2,0.2,20.249999999999996,0.8,0.8,900.0,0.003,0.0,25,0.5,0.022884361,0.0037429993300487365
13.266,900.0335396099031,0.06818384881264838,0.0,0.2,0.2,20.249999999999996,0.8,0.8,900.0,0.003,0.0,25,0.5,0.026751933,0.0037430002272342095
13.269,900.0335396177393,0.06831662224503761,0.0,0.2,0.2,20.249999999999996,0.8,0.8,900.0,0.003,0.0,25,0.5,0.023220413,0.0037430011155052153
13.272,900.0335396254887,0.0684507114802009,0.0,0.2,0.2,20.249999999999996,0.8,0.8,900.0,0.003,0.0,25,0.5,0.02278625,0.0037430019927412205
13.275,900.0335396331466,0.06858613826173951,0.0,0.2,0.2,20.249999999999996,0.8,0.8,900.0,0.003,0.0,25,0.5,0.026668703,0.003743002861809929
13.278,900.0335396407614,0.06872292325814806,0.0,0.2,0.2,20.249999999999996,0.8,0.8,900.0,0.003,0.0,25,0.5,0.023359294,0.003743003731431202
13.281,900.0335396483771,0.06886108537193529,0.0,0.2,0.2,20.249999999999996,0.8,0.8,900.0,0.003,0.0,25,0.5,0.023315183,0.0037430046051415886
13.284,900.0335396560273,0.0690006437596461,0.0,0.2,0.2,20.249999999999996,0.8,0.8,900.0,0.003,0.0,25,0.5,0.027243795,0.0037430054851363493
13.287,900.033539663739,0.06914161757087067,0.0,0.2,0.2,20.249999999999996,0.8,0.8,900.0,0.003,0.0,25,0.5,0.024060247,0.003743006374923455
13.290000000000001,900.0335396715404,0.06928402500140214,0.0,0.2,0.2,20.249999999999996,0.8,0.8,900.0,0.003,0.0,25,0.5,0.024777191,0.0037430072754991756
13.293000000000001,900.0335396794335,0.06942788426450347,0.0,0.2,0.2,20.249999999999996,0.8,0.8,900.0,0.003,0.0,25,0.5,0.028419742,0.0037430081851948576
13.296000000000001,900.0335396874026,0.0695732138546964,0.0,0.2,0.2,20.249999999999996,0.8,0.8,900.0,0.003,0.0,25,0.5,0.023870466,0.00374300910067525
13.299,900.0335396954192,0.06972003257896177,0.0,0.2,0.2,20.249999999999996,0.8,0.8,900.0,0.003,0.0,25,0.5,0.023464334,0.003743010018153125
13.302,900.0335397034495,0.06986835951065871,0.0,0.2,0.2,20.249999999999996,0.8,0.8,900.0,0.003,0.0,25,0.5,0.027012835,0.003743010934333361
13.305,900.0335397114628,0.07001821392776729,0.0,0.2,0.2,20.249999999999996,0.8,0.8,900.0,0.003,0.0,25,0.5,0.023772886,0.0037430118465177336
13.308,900.0335397194373,0.07016961539849952,0.0,0.2,0.2,20.249999999999996,0.8,0.8,900.0,0.003,0.0,25,0.5,0.023102302,0.003743012753039342
13.311,900.0335397273599,0.07032258374137357,0.0,0.2,0.2,20.249999999999996,0.8,0.8,900.0,0.003,0.0,25,0.5,0.027877509,0.0037430136537105496
13.314,900.0335397352248,0.07047713893345736,0.0,0.2,0.2,20.249999999999996,0.8,0.8,900.0,0.003,0.0,25,0.5,0.023584535,0.0037430145494813313
13.317,900.033539743041,0.07063330123510528,0.0,0.2,0.2,20.249999999999996,0.8,0.8,900.0,0.003,0.0,25,0.5,0.023439014,0.003743015442441608
13.32,900.033539750827,0.07079109119014038,0.0,0.2,0.2,20.249999999999996,0.8,0.8,900.0,0.003,0.0,25,0.5,0.027085185,0.003743016335283522
13.323,900.0335397586072,0.07095052965810215,0.0,0.2,0.2,20.249999999999996,0.8,0.8,900.0,0.003,0.0,25,0.5,0.023357494,0.0037430172309134307
13.326,900.0335397664093,0.07111163781709554,0.0,0.2,0.2,20.249999999999996,0.8,0.8,900.0,0.003,0.0,25,0.5,0.023951197,0.0037430181320818024
13.329,900.0335397742554,0.07127443717195014,0.0,0.2,0.2,20.249999999999996,0.8,0.8,900.0,0.003,0.0,25,0.5,0.02799254,0.003743019041081249
13.332,900.0335397821698,0.07143894956090299,0.0,0.2,0.2,20.249999999999996,0.8,0.8,900.0,0.003,0.0,25,0.5,0.023236673,0.00374301995953595
13.335,900.0335397901592,0.0716051971614381,0.0,0.2,0.2,20.249999999999996,0.8,0.8,900.0,0.003,0.0,25,0.5,0.023470405,0.003743020888287935
13.338000000000001,900.0335397982386,0.07177320249489448,0.0,0.2,0.2,20.249999999999996,0.8,0.8,900.0,0.003,0.0,25,0.5,0.027052484,0.003743021827371623
13.341000000000001,900.033539806406,0.07194298843537891,0.0,0.2,0.2,20.249999999999996,0.8,0.8,900.0,0.003,0.0,25,0.5,0.024157008,0.003743022776112689
13.344,900.0335398146563,0.07211457821673181,0.0,0.2,0.2,20.249999999999996,0.8,0.8,900.0,0.003,0.0,25,0.5,0.024638471,0.003743023733204643
13.347,900.0335398229745,0.07228799544335042,0.0,0.2,0.2,20.249999999999996,0.8,0.8,900.0,0.003,0.0,25,0.5,0.027818609,0.0037430246971535807
13.35,900.0335398313529,0.07246326391346464,0.0,0.2,0.2,20.249999999999996,0.8,0.8,900.0,0.003,0.0,25,0.5,0.023649855,0.0037430256663295042
13.353,900.0335398397708,0.07264040776110722,0.0,0.2,0.2,20.249999999999996,0.8,0.8,900.0,0.003,0.0,25,0.5,0.024381819,0.003743026639399422
13.356,900.0335398482418,0.07281945144591821,0.0,0.2,0.2,20.249999999999996,0.8,0.8,900.0,0.003,0.0,25,0.5,0.027727439,0.00374302762086756
13.359,900.0335398568036,0.07300041749942252,0.0,0.2,0.2,20.249999999999996,0.8,0.8,900.0,0.003,0.0,25,0.5,0.023841517,0.003743028612521863
13.362,900.0335398654883,0.07318332757018362,0.0,0.2,0.2,20.249999999999996,0.8,0.8,900.0,0.003,0.0,25,0.5,0.023246803,0.003743029621957493
13.365,900.0335398743716,0.07336819947705801,0.0,0.2,0.2,20.249999999999996,0.8,0.8,900.0,0.003,0.0,25,0.5,0.027113875,0.003743030658172359
13.368,900.0335398834942,0.07355504923605137,0.0,0.2,0.2,20.249999999999996,0.8,0.8,900.0,0.003,0.0,25,0.5,0.023815406,0.003743031723139006
13.371,900.0335398928653,0.07374389316741149,0.0,0.2,0.2,20.249999999999996,0.8,0.8,900.0,0.003,0.0,25,0.5,0.023988227,0.0037430328144686113
13.374,900.0335399024758,0.07393474784215334,0.0,0.2,0.2,20.249999999999996,0.8,0.8,900.0,0.003,0.0,25,0.5,0.026936924,0.0037430339273637854
13.377,900.0335399122728,0.0741276297024467,0.0,0.2,0.2,20.249999999999996,0.8,0.8,900.0,0.003,0.0,25,0.5,0.023234233,0.0037430350546616073
13.38,900.0335399221984,0.07432255538143635,0.0,0.2,0.2,20.249999999999996,0.8,0.8,900.0,0.003,0.0,25,0.5,0.023254773,0.0037430361881110345
13.383000000000001,900.0335399321748,0.07451954181920875,0.0,0.2,0.2,20.249999999999996,0.8,0.8,900.0,0.003,0.0,25,0.5,0.026731162,0.003743037320382054
13.386000000000001,900.0335399421697,0.074718605939435,0.0,0.2,0.2,20.249999999999996,0.8,0.8,900.0,0.003,0.0,25,0.5,0.022472688,0.0037430384527016537
13.389000000000001,900.0335399521792,0.07491976199708537,0.0,0.2,0.2,20.249999999999996,0.8,0.8,900.0,0.003,0.0,25,0.5,0.02284391,0.003743039587981439
13.392,900.0335399622473,0.07512302302055626,0.0,0.2,0.2,20.249999999999996,0.8,0.8,900.0,0.003,0.0,25,0.5,0.027151775,0.003743040737612699
13.395,900.0335399724456,0.0753283996519121,0.0,0.2,0.2,20.249999999999996,0.8,0.8,900.0,0.003,0.0,25,0.5,0.023105622,0.0037430419098077633
13.398,900.0335399828458,0.07553590253582138,0.0,0.2,0.2,20.249999999999996,0.8,0.8,900.0,0.003,0.0,25,0.5,0.023270113,0.0037430431097994848
13.401,900.0335399934894,0.07574554250632697,0.0,0.2,0.2,20.249999999999996,0.8,0.8,900.0,0.003,0.0,25,0.5,0.027779148,0.0037430443396023515
13.404,900.0335400044005,0.07595733059538713,0.0,0.2,0.2,20.249999999999996,0.8,0.8,900.0,0.003,0.0,25,0.5,0.023574105,0.0037430455983645107
13.407,900.0335400155667,0.07617127803636983,0.0,0.2,0.2,20.249999999999996,0.8,0.8,900.0,0.003,0.0,25,0.5,0.023211902,0.003743046883178668
13.41,900.0335400269572,0.07638739627322184,0.0,0.2,0.2,20.249999999999996,0.8,0.8,900.0,0.003,0.0,25,0.5,0.027181795,0.003743048190098462
13.413,900.0335400385505,0.07660569694292994,0.0,0.2,0.2,20.249999999999996,0.8,0.8,900.0,0.003,0.0,25,0.5,0.02438569,0.003743049514869972
13.416,900.0335400502943,0.07682619191165192,0.0,0.2,0.2,20.249999999999996,0.8,0.8,900.0,0.003,0.0,25,0.5,0.025835648,0.0037430508535683795
13.419,900.0335400621665,0.07704889329195089,0.0,0.2,0.2,20.249999999999996,0.8,0.8,900.0,0.003,0.0,25,0.5,0.029576399,0.0037430522032694726
13.422,900.033540074135,0.07727381337220653,0.0,0.2,0.2,20.249999999999996,0.8,0.8,900.0,0.003,0.0,25,0.5,0.025036783,0.003743053562886831
13.425,900.0335400861985,0.07750096441393323,0.0,0.2,0.2,20.249999999999996,0.8,0.8,900.0,0.003,0.0,25,0.5,0.024441709,0.0037430549332221636
13.428,900.0335400983599,0.07773035808964364,0.0,0.2,0.2,20.249999999999996,0.8,0.8,900.0,0.003,0.0,25,0.5,0.028959115,0.0037430563167451052
13.431000000000001,900.0335401106405,0.07796200579282628,0.0,0.2,0.2,20.249999999999996,0.8,0.8,900.0,0.003,0.0,25,0.5,0.024875662,0.003743057716964025
13.434000000000001,900.0335401230637,0.07819591920601149,0.0,0.2,0.2,20.249999999999996,0.8,0.8,900.0,0.003,0.0,25,0.5,0.023607245,0.0037430591389045922
13.437000000000001,900.0335401356795,0.07843211031986753,0.0,0.2,0.2,20.249999999999996,0.8,0.8,900.0,0.003,0.0,25,0.5,0.028894366,0.003743060588065313
13.44,900.0335401485415,0.07867059140877157,0.0,0.2,0.2,20.249999999999996,0.8,0.8,900.0,0.003,0.0,25,0.5,0.023814846,0.003743062070371221
13.443,900.0335401616951,0.0789113745837121,0.0,0.2,0.2,20.249999999999996,0.8,0.8,900.0,0.003,0.0,25,0.5,0.024203588,0.003743063590218012
13.446,900.0335401751847,0.07915447214292115,0.0,0.2,0.2,20.249999999999996,0.8,0.8,900.0,0.003,0.0,25,0.5,0.028716155,0.0037430651499928387
13.449,900.0335401890217,0.07939989678678294,0.0,0.2,0.2,20.249999999999996,0.8,0.8,900.0,0.003,0.0,25,0.5,0.024314009,0.0037430667506663496
13.452,900.033540203227,0.07964766159257146,0.0,0.2,0.2,20.249999999999996,0.8,0.8,900.0,0.003,0.0,25,0.5,0.024621431,0.0037430683919457905
13.455,900.0335402177885,0.07989778001871416,0.0,0.2,0.2,20.249999999999996,0.8,0.8,900.0,0.003,0.0,25,0.5,0.027613178,0.003743070072571407
13.458,900.0335402326967,0.08015026591974017,0.0,0.2,0.2,20.249999999999996,0.8,0.8,900.0,0.003,0.0,25,0.5,0.023118282,0.003743071790694682
13.461,900.0335402479633,0.08040513355428162,0.0,0.2,0.2,20.249999999999996,0.8,0.8,900.0,0.003,0.0,25,0.5,0.024375949,0.0037430735533296264
13.464,900.0335402637186,0.08066239460342745,0.0,0.2,0.2,20.249999999999996,0.8,0.8,900.0,0.003,0.0,25,0.5,0.028076901,0.0037430753852638068
13.467,900.0335402801003,0.08092205542735326,0.0,0.2,0.2,20.249999999999996,0.8,0.8,900.0,0.003,0.0,25,0.5,0.023820056,0.0037430772956954213
13.47,900.0335402971818,0.08118412233405425,0.0,0.2,0.2,20.249999999999996,0.8,0.8,900.0,0.003,0.0,25,0.5,0.025005514,0.0037430792893944414
13.473,900.0335403150087,0.08144860177778282,0.0,0.2,0.2,20.249999999999996,0.8,0.8,900.0,0.003,0.0,25,0.5,0.028890555,0.0037430813683538575
13.476,900.033540333598,0.08171550034050501,0.0,0.2,0.2,20.249999999999996,0.8,0.8,900.0,0.003,0.0,25,0.5,0.024052818,0.0037430835314094086
13.479000000000001,900.0335403529424,0.08198482470508506,0.0,0.2,0.2,20.249999999999996,0.8,0.8,900.0,0.003,0.0,25,0.5,0.024034118,0.0037430857739608947
13.482000000000001,900.0335403729952,0.08225658168194476,0.0,0.2,0.2,20.249999999999996,0.8,0.8,900.0,0.003,0.0,25,0.5,0.029080717,0.0037430880886123626
13.485,900.0335403936926,0.08253077825713916,0.0,0.2,0.2,20.249999999999996,0.8,0.8,900.0,0.003,0.0,25,0.5,0.025049523,0.0037430904669208775
13.488,900.0335404149595,0.08280742158257082,0.0,0.2,0.2,20.249999999999996,0.8,0.8,900.0,0.003,0.0,25,0.5,0.023418974,0.00374309290075514
13.491,900.0335404367213,0.08308651899828541,0.0,0.2,0.2,20.249999999999996,0.8,0.8,900.0,0.003,0.0,25,0.5,0.028204901,0.0037430953834507977
13.494,900.0335404589206,0.08336807804160802,0.0,0.2,0.2,20.249999999999996,0.8,0.8,900.0,0.003,0.0,25,0.5,0.023713495,0.0037430979110847323
13.497,900.03354048157,0.08365210625787457,0.0,0.2,0.2,20.249999999999996,0.8,0.8,900.0,0.003,0.0,25,0.5,0.023709965,0.003743100493690765
13.5,900.0335405047525,0.0839386068974734,0.0,0.2,0.2,20.249999999999996,0.8,0.8,900.0,0.003,0.0,25,0.5,0.027007774,0.003743103143623686
13.503,900.0335405285387,0.08422758076365794,0.0,0.2,0.2,20.249999999999996,0.8,0.8,900.0,0.003,0.0,25,0.5,0.023557605,0.0037431058701790304
13.506,900.0335405530235,0.08451902833553254,0.0,0.2,0.2,20.249999999999996,0.8,0.8,900.0,0.003,0.0,25,0.5,0.023299223,0.0037431086840045077
13.509,900.0335405782918,0.08481294918801757,0.0,0.2,0.2,20.249999999999996,0.8,0.8,900.0,0.003,0.0,25,0.5,0.028163491,0.0037431115933021838
13.512,900.0335406044208,0.0851093427450044,0.0,0.2,0.2,20.249999999999996,0.8,0.8,900.0,0.003,0.0,25,0.5,0.023508085,0.0037431146033233224
13.515,900.0335406314525,0.08540820835592496,0.0,0.2,0.2,20.249999999999996,0.8,0.8,900.0,0.003,0.0,25,0.5,0.024767592,0.0037431177160886183
13.518,900.0335406594071,0.08570954528870461,0.0,0.2,0.2,20.249999999999996,0.8,0.8,900.0,0.003,0.0,25,0.5,0.027664449,0.0037431209306544463
13.521,900.0335406882704,0.08601335275045655,0.0,0.2,0.2,20.249999999999996,0.8,0.8,900.0,0.003,0.0,25,0.5,0.023839426,0.0037431242436056175
13.524000000000001,900.033540718016,0.08631963015295518,0.0,0.2,0.2,20.249999999999996,0.8,0.8,900.0,0.003,0.0,25,0.5,0.023784926,0.0037431276502187414
13.527000000000001,900.0335407486021,0.0866283772495826,0.0,0.2,0.2,20.249999999999996,0.8,0.8,900.0,0.003,0.0,25,0.5,0.028151191,0.0037431311466164696
13.530000000000001,900.0335407799921,0.08693959379290143,0.0,0.2,0.2,20.249999999999996,0.8,0.8,900.0,0.003,0.0,25,0.5,0.023893256,0.003743134729735372
13.533,900.0335408121664,0.08725327949058306,0.0,0.2,0.2,20.249999999999996,0.8,0.8,900.0,0.003,0.0,25,0.5,0.023435605,0.0037431383977824337
13.536,900.0335408451037,0.0875694338644786,0.0,0.2,0.2,20.249999999999996,0.8,0.8,900.0,0.003,0.0,25,0.5,0.027221926,0.003743142150581942
13.539,900.0335408788048,0.08788805617650786,0.0,0.2,0.2,20.249999999999996,0.8,0.8,900.0,0.003,0.0,25,0.5,0.023924557,0.003743145988135982
13.542,900.0335409132665,0.08820914570660784,0.0,0.2,0.2,20.249999999999996,0.8,0.8,900.0,0.003,0.0,25,0.5,0.023365683,0.003743149910603491
13.545,900.0335409485541,0.08853270175483219,0.0,0.2,0.2,20.249999999999996,0.8,0.8,900.0,0.003,0.0,25,0.5,0.02629674,0.0037431539493683655
13.548,900.033540985059,0.08885871356376593,0.0,0.2,0.2,20.249999999999996,0.8,0.8,900.0,0.003,0.0,25,0.5,0.022343187,0.00374315816948134
13.551,900.0335410231972,0.08918715726301428,0.0,0.2,0.2,20.249999999999996,0.8,0.8,900.0,0.003,0.0,25,0.5,0.023194742,0.003743162597462428
13.554,900.0335410632179,0.08951800813607746,0.0,0.2,0.2,20.249999999999996,0.8,0.8,900.0,0.003,0.0,25,0.5,0.026412081,0.003743167251867986
13.557,900.0335411052865,0.08985123931881511,0.0,0.2,0.2,20.249999999999996,0.8,0.8,900.0,0.003,0.0,25,0.5,0.023162912,0.0037431721394273493
13.56,900.0335411494606,0.09018682269572771,0.0,0.2,0.2,20.249999999999996,0.8,0.8,900.0,0.003,0.0,25,0.5,0.022975691,0.003743177255486106
13.563,900.0335411956927,0.09052472863691707,0.0,0.2,0.2,20.249999999999996,0.8,0.8,900.0,0.003,0.0,25,0.5,0.02632125,0.00374318258403926
13.566,900.033541243838,0.09086492648095856,0.0,0.2,0.2,20.249999999999996,0.8,0.8,900.0,0.003,0.0,25,0.5,0.023184843,0.0037431880998464876
13.569,900.0335412936738,0.09120738493444094,0.0,0.2,0.2,20.249999999999996,0.8,0.8,900.0,0.003,0.0,25,0.5,0.024006008,0.003743193774228002
13.572000000000001,900.0335413449418,0.09155207178109871,0.0,0.2,0.2,20.249999999999996,0.8,0.8,900.0,0.003,0.0,25,0.5,0.027724609,0.0037431995801698696
13.575000000000001,900.0335413973984,0.09189895370904956,0.0,0.2,0.2,20.249999999999996,0.8,0.8,900.0,0.003,0.0,25,0.5,0.023613545,0.0037432054936791894
13.578,900.0335414508291,0.09224799674582232,0.0,0.2,0.2,20.249999999999996,0.8,0.8,900.0,0.003,0.0,25,0.5,0.023205943,0.003743211496191918
13.581,900.0335415050645,0.09259916634851807,0.0,0.2,0.2,20.249999999999996,0.8,0.8,900.0,0.003,0.0,25,0.5,0.028015091,0.0037432175762767863
13.584,900.0335415600059,0.09295242732714308,0.0,0.2,0.2,20.249999999999996,0.8,0.8,900.0,0.003,0.0,25,0.5,0.023298763,0.003743223729924271
13.587,900.0335416156194,0.09330774374589558,0.0,0.2,0.2,20.249999999999996,0.8,0.8,900.0,0.003,0.0,25,0.5,0.024170138,0.0037432299614637344
13.59,900.0335416719448,0.09366507851077832,0.0,0.2,0.2,20.249999999999996,0.8,0.8,900.0,0.003,0.0,25,0.5,0.027477878,0.003743236279908047
13.593,900.0335417290595,0.09402439372786116,0.0,0.2,0.2,20.249999999999996,0.8,0.8,900.0,0.003,0.0,25,0.5,0.024330829,0.003743242696922918
13.596,900.0335417870948,0.09438565073906725,0.0,0.2,0.2,20.249999999999996,0.8,0.8,900.0,0.003,0.0,25,0.5,0.022865261,0.0037432492308337208
13.599,900.0335418462246,0.09474880639366752,0.0,0.2,0.2,20.249999999999996,0.8,0.8,900.0,0.003,0.0,25,0.5,0.026763322,0.0037432559008505496
13.602,900.033541906587,0.0951138142353405,0.0,0.2,0.2,20.249999999999996,0.8,0.8,900.0,0.003,0.0,25,0.5,0.022206177,0.0037432627199965925
13.605,900.0335419682942,0.09548062681725016,0.0,0.2,0.2,20.249999999999996,0.8,0.8,900.0,0.003,0.0,25,0.5,0.02267382,0.003743269695943612
13.608,900.0335420314227,0.09584919575784907,0.0,0.2,0.2,20.249999999999996,0.8,0.8,900.0,0.003,0.0,25,0.5,0.027424197,0.003743276830284904
13.611,900.0335420960007,0.0962194715501569,0.0,0.2,0.2,20.249999999999996,0.8,0.8,900.0,0.003,0.0,25,0.5,0.022872751,0.0037432841231603417
13.614,900.0335421620193,0.09659140159544712,0.0,0.2,0.2,20.249999999999996,0.8,0.8,900.0,0.003,0.0,25,0.5,0.023659115,0.0037432915665507865
13.617,900.033542229398,0.09696493178526751,0.0,0.2,0.2,20.249999999999996,0.8,0.8,900.0,0.003,0.0,25,0.5,0.027526408,0.0037432991464189398
13.620000000000001,900.0335422980123,0.09734000706818842,0.0,0.2,0.2,20.249999999999996,0.8,0.8,900.0,0.003,0.0,25,0.5,0.023529844,0.0037433068458448517
13.623000000000001,900.0335423677078,0.09771657144939139,0.0,0.2,0.2,20.249999999999996,0.8,0.8,900.0,0.003,0.0,25,0.5,0.023949817,0.0037433146466204466
13.626,900.033542438324,0.09809456798078156,0.0,0.2,0.2,20.249999999999996,0.8,0.8,900.0,0.003,0.0,25,0.5,0.027743889,0.0037433225308472276
13.629,900.0335425096972,0.09847393878910307,0.0,0.2,0.2,20.249999999999996,0.8,0.8,900.0,0.003,0.0,25,0.5,0.023444464,0.003743330483265183
13.632,900.0335425816936,0.09885462500074994,0.0,0.2,0.2,20.249999999999996,0.8,0.8,900.0,0.003,0.0,25,0.5,0.024023117,0.003743338492182165
13.635,900.0335426542043,0.09923656685890736,0.0,0.2,0.2,20.249999999999996,0.8,0.8,900.0,0.003,0.0,25,0.5,0.027219805,0.0037433465500120214
13.638,900.0335427271675,0.09961970376285595,0.0,0.2,0.2,20.249999999999996,0.8,0.8,900.0,0.003,0.0,25,0.5,0.023320664,0.003743354653741984
13.641,900.0335428005524,0.10000397417713663,0.0,0.2,0.2,20.249999999999996,0.8,0.8,900.0,0.003,0.0,25,0.5,0.023118902,0.003743362804539862
13.644,900.0335428743829,0.10038931552412624,0.0,0.2,0.2,20.249999999999996,0.8,0.8,900.0,0.003,0.0,25,0.5,0.026745933,0.0037433710095199444
13.647,900.033542948721,0.10077566248702889,0.0,0.2,0.2,20.249999999999996,0.8,0.8,900.0,0.003,0.0,25,0.5,0.023043622,0.003743379276170385
13.65,900.0335430236256,0.10116294778786399,0.0,0.2,0.2,20.249999999999996,0.8,0.8,900.0,0.003,0.0,25,0.5,0.023193183,0.003743387607911982
13.653,900.0335430991174,0.10155110338775851,0.0,0.2,0.2,20.249999999999996,0.8,0.8,900.0,0.003,0.0,25,0.5,0.026616732,0.0037433960074291037
13.656,900.0335431752505,0.10194005994137781,0.0,0.2,0.2,20.249999999999996,0.8,0.8,900.0,0.003,0.0,25,0.5,0.023050441,0.0037434044784032928
13.659,900.0335432520383,0.10232974594118684,0.0,0.2,0.2,20.249999999999996,0.8,0.8,900.0,0.003,0.0,25,0.5,0.02278735,0.0037434130206040746
13.662,900.0335433294767,0.10272008832040666,0.0,0.2,0.2,20.249999999999996,0.8,0.8,900.0,0.003,0.0,25,0.5,0.027451716,0.0037434216293079207
13.665000000000001,900.0335434075188,0.10311101310616368,0.0,0.2,0.2,20.249999999999996,0.8,0.8,900.0,0.003,0.0,25,0.5,0.02281995,0.0037434302981847016
13.668000000000001,900.0335434861089,0.10350244553917332,0.0,0.2,0.2,20.249999999999996,0.8,0.8,900.0,0.003,0.0,25,0.5,0.023320413,0.0037434390204043877
13.671000000000001,900.0335435651853,0.10389431009911723,0.0,0.2,0.2,20.249999999999996,0.8,0.8,900.0,0.003,0.0,25,0.5,0.026517802,0.003743447789699163
13.674,900.0335436447151,0.10428653024384665,0.0,0.2,0.2,20.249999999999996,0.8,0.8,900.0,0.003,0.0,25,0.5,0.023160753,0.003743456608014095
13.677,900.0335437248809,0.10467902554608226,0.0,0.2,0.2,20.249999999999996,0.8,0.8,900.0,0.003,0.0,25,0.5,0.023062662,0.0037434655451481333
13.68,900.0335438062783,0.10507169324242802,0.0,0.2,0.2,20.249999999999996,0.8,0.8,900.0,0.003,0.0,25,0.5,0.026455812,0.0037434746666491956
13.683,900.0335438893514,0.1054644188733857,0.0,0.2,0.2,20.249999999999996,0.8,0.8,900.0,0.003,0.0,25,0.5,0.02281477,0.0037434839968926337
13.686,900.0335439743398,0.10585708450616735,0.0,0.2,0.2,20.249999999999996,0.8,0.8,900.0,0.003,0.0,25,0.5,0.022975781,0.003743493551287999
13.689,900.0335440613585,0.10624956801395441,0.0,0.2,0.2,20.249999999999996,0.8,0.8,900.0,0.003,0.0,25,0.5,0.026837724,0.0037435033242883596
13.692,900.0335441503502,0.10664174579928423,0.0,0.2,0.2,20.249999999999996,0.8,0.8,900.0,0.003,0.0,25,0.5,0.023032402,0.003743513292608596
13.695,900.0335442411342,0.10703349286830488,0.0,0.2,0.2,20.249999999999996,0.8,0.8,900.0,0.003,0.0,25,0.5,0.023283713,0.003743523423413114
13.698,900.0335443334066,0.10742467981573672,0.0,0.2,0.2,20.249999999999996,0.8,0.8,900.0,0.003,0.0,25,0.5,0.026868714,0.0037435336752650065
13.701,900.0335444267753,0.10781517468705104,0.0,0.2,0.2,20.249999999999996,0.8,0.8,900.0,0.003,0.0,25,0.5,0.022979571,0.0037435440046737116
13.704,900.0335445208561,0.10820484444807933,0.0,0.2,0.2,20.249999999999996,0.8,0.8,900.0,0.003,0.0,25,0.5,0.023243053,0.0037435543738245365
13.707,900.0335446153083,0.10859355504113857,0.0,0.2,0.2,20.249999999999996,0.8,0.8,900.0,0.003,0.0,25,0.5,0.026709172,0.0037435647535266283
13.71,900.0335447098665,0.1089811714398181,0.0,0.2,0.2,20.249999999999996,0.8,0.8,900.0,0.003,0.0,25,0.5,0.023284093,0.003743575125347616
13.713000000000001,900.0335448043719,0.10936755771141014,0.0,0.2,0.2,20.249999999999996,0.8,0.8,900.0,0.003,0.0,25,0.5,0.023669546,0.0037435854825582605
13.716000000000001,900.0335448987556,0.10975257709012624,0.0,0.2,0.2,20.249999999999996,0.8,0.8,900.0,0.003,0.0,25,0.5,0.02794563,0.0037435958295444194
13.719,900.0335449930617,0.11013609204351518,0.0,0.2,0.2,20.249999999999996,0.8,0.8,900.0,0.003,0.0,25,0.5,0.023366814,0.0037436061796089757
13.722,900.0335450874195,0.11051796436666642,0.0,0.2,0.2,20.249999999999996,0.8,0.8,900.0,0.003,0.0,25,0.5,0.023795546,0.0037436165562930858
13.725,900.0335451820597,0.11089805340627676,0.0,0.2,0.2,20.249999999999996,0.8,0.8,900.0,0.003,0.0,25,0.5,0.028605154,0.0037436269913750406
13.728,900.0335452772492,0.11127621519232665,0.0,0.2,0.2,20.249999999999996,0.8,0.8,900.0,0.003,0.0,25,0.5,0.023603655,0.003743637513367908
13.731,900.0335453732278,0.11165230424649535,0.0,0.2,0.2,20.249999999999996,0.8,0.8,900.0,0.003,0.0,25,0.5,0.023308583,0.003743648142353576
13.734,900.0335454701775,0.11202617464772716,0.0,0.2,0.2,20.249999999999996,0.8,0.8,900.0,0.003,0.0,25,0.5,0.028596234,0.0037436588912211624
13.737,900.0335455682097,0.11239768001528033,0.0,0.2,0.2,20.249999999999996,0.8,0.8,900.0,0.003,0.0,25,0.5,0.023376774,0.0037436697638003735
13.74,900.0335456673602,0.11276667383291925,0.0,0.2,0.2,20.249999999999996,0.8,0.8,900.0,0.003,0.0,25,0.5,0.02262935,0.0037436807549125393
13.743,900.0335457675839,0.11313300951952704,0.0,0.2,0.2,20.249999999999996,0.8,0.8,900.0,0.003,0.0,25,0.5,0.027513877,0.003743691851499843
13.746,900.0335458687589,0.11349654054613043,0.0,0.2,0.2,20.249999999999996,0.8,0.8,900.0,0.003,0.0,25,0.5,0.023006442,0.003743703034768491
13.749,900.0335459707195,0.1138571205473663,0.0,0.2,0.2,20.249999999999996,0.8,0.8,900.0,0.003,0.0,25,0.5,0.023060201,0.003743714283059688
13.752,900.0335460732709,0.11421460335133267,0.0,0.2,0.2,20.249999999999996,0.8,0.8,900.0,0.003,0.0,25,0.5,0.02797965,0.0037437255755377714
13.755,900.0335461762232,0.11456884283898117,0.0,0.2,0.2,20.249999999999996,0.8,0.8,900.0,0.003,0.0,25,0.5,0.02455143,0.0037437368905630557
13.758000000000001,900.0335462793598,0.11491969427750896,0.0,0.2,0.2,20.249999999999996,0.8,0.8,900.0,0.003,0.0,25,0.5,0.0245837,0.0037437482064181333
13.761000000000001,900.0335463825083,0.11526701512265435,0.0,0.2,0.2,20.249999999999996,0.8,0.8,900.0,0.003,0.0,25,0.5,0.028901245,0.0037437595081497546
13.764000000000001,900.0335464855347,0.11561066373011071,0.0,0.2,0.2,20.249999999999996,0.8,0.8,900.0,0.003,0.0,25,0.5,0.024726261,0.0037437707861388138
13.767,900.0335465883478,0.11595049937677249,0.0,0.2,0.2,20.249999999999996,0.8,0.8,900.0,0.003,0.0,25,0.5,0.023691826,0.0037437820352722536
13.77,900.0335466909029,0.11628638241873047,0.0,0.2,0.2,20.249999999999996,0.8,0.8,900.0,0.003,0.0,25,0.5,0.029935071,0.0037437932541232915
13.773,900.0335467932441,0.11661817446230095,0.0,0.2,0.2,20.249999999999996,0.8,0.8,900.0,0.003,0.0,25,0.5,0.023988718,0.0037438044526179118
13.776,900.0335468956896,0.11694572906944786,0.0,0.2,0.2,20.249999999999996,0.8,0.8,900.0,0.003,0.0,25,0.5,0.024009977,0.0037438156577960235
13.779,900.0335469982119,0.11726887955557509,0.0,0.2,0.2,20.249999999999996,0.8,0.8,900.0,0.003,0.0,25,0.5,0.028954975,0.00374382687611432
13.782,900.0335471008489,0.11758745960842186,0.0,0.2,0.2,20.249999999999996,0.8,0.8,900.0,0.003,0.0,25,0.5,0.023736105,0.003743838112537639
13.785,900.0335472036434,0.11790130467315453,0.0,0.2,0.2,20.249999999999996,0.8,0.8,900.0,0.003,0.0,25,0.5,0.023562754,0.0037438493607388343
13.788,900.0335473064827,0.11821025285962264,0.0,0.2,0.2,20.249999999999996,0.8,0.8,900.0,0.003,0.0,25,0.5,0.028326602,0.0037438605939994494
13.791,900.0335474091767,0.11851414845444055,0.0,0.2,0.2,20.249999999999996,0.8,0.8,900.0,0.003,0.0,25,0.5,0.023147702,0.0037438717929301236
13.794,900.0335475115609,0.11881283794426947,0.0,0.2,0.2,20.249999999999996,0.8,0.8,900.0,0.003,0.0,25,0.5,0.023686605,0.0037438829378889462
13.797,900.0335476134567,0.11910617011561174,0.0,0.2,0.2,20.249999999999996,0.8,0.8,900.0,0.003,0.0,25,0.5,0.026767632,0.003743894009620396
13.8,900.0335477146845,0.119393996263269,0.0,0.2,0.2,20.249999999999996,0.8,0.8,900.0,0.003,0.0,25,0.5,0.022685069,0.003743904991853627
13.803,900.0335478151071,0.11967617035807682,0.0,0.2,0.2,20.249999999999996,0.8,0.8,900.0,0.003,0.0,25,0.5,0.023783856,0.003743915872506612
13.806000000000001,900.0335479146047,0.11995254921273353,0.0,0.2,0.2,20.249999999999996,0.8,0.8,900.0,0.003,0.0,25,0.5,0.026483562,0.003743926643553357
13.809000000000001,900.0335480131112,0.12022299265283415,0.0,0.2,0.2,20.249999999999996,0.8,0.8,900.0,0.003,0.0,25,0.5,0.023204823,0.003743937300284711
13.812000000000001,900.0335481105799,0.12048736368994803,0.0,0.2,0.2,20.249999999999996,0.8,0.8,900.0,0.003,0.0,25,0.5,0.023069722,0.0037439478404010956
13.815,900.033548206992,0.12074552869300197,0.0,0.2,0.2,20.249999999999996,0.8,0.8,900.0,0.003,0.0,25,0.5,0.027008825,0.0037439582630024257
13.818,900.0335483023326,0.12099735756308688,0.0,0.2,0.2,20.249999999999996,0.8,0.8,900.0,0.003,0.0,25,0.5,0.02270588,0.0037439685675949037
13.821,900.0335483965991,0.12124272390912597,0.0,0.2,0.2,20.249999999999996,0.8,0.8,900.0,0.003,0.0,25,0.5,0.023526785,0.003743978753173247
13.824,900.0335484897846,0.12148150522343075,0.0,0.2,0.2,20.249999999999996,0.8,0.8,900.0,0.003,0.0,25,0.5,0.026655613,0.0037439888175480013
13.827,900.0335485818621,0.12171358298049531,0.0,0.2,0.2,20.249999999999996,0.8,0.8,900.0,0.003,0.0,25,0.5,0.023371333,0.003743998756896692
13.83,900.0335486727989,0.12193884281569274,0.0,0.2,0.2,20.249999999999996,0.8,0.8,900.0,0.003,0.0,25,0.5,0.022708329,0.0037440085654599294
13.833,900.0335487625417,0.12215717478449392,0.0,0.2,0.2,20.249999999999996,0.8,0.8,900.0,0.003,0.0,25,0.5,0.026771293,0.0037440182358741626
13.836,900.0335488510269,0.12236847350842274,0.0,0.2,0.2,20.249999999999996,0.8,0.8,900.0,0.003,0.0,25,0.5,0.024660551,0.003744027759716604
13.839,900.0335489381712,0.12257263822417734,0.0,0.2,0.2,20.249999999999996,0.8,0.8,900.0,0.003,0.0,25,0.5,0.024920312,0.0037440371275084027
13.842,900.0335490238928,0.12276957304784017,0.0,0.2,0.2,20.249999999999996,0.8,0.8,900.0,0.003,0.0,25,0.5,0.02813686,0.003744046329759356
13.845,900.033549108108,0.1229591870331667,0.0,0.2,0.2,20.249999999999996,0.8,0.8,900.0,0.003,0.0,25,0.5,0.024315809,0.0037440553580776596
13.848,900.0335491907412,0.12314139420836157,0.0,0.2,0.2,20.249999999999996,0.8,0.8,900.0,0.003,0.0,25,0.5,0.024249339,0.0037440642042243706
13.851,900.0335492717066,0.1233161139592045,0.0,0.2,0.2,20.249999999999996,0.8,0.8,900.0,0.003,0.0,25,0.5,0.030457124,0.003744072860653072
13.854000000000001,900.0335493509424,0.12348327120700481,0.0,0.2,0.2,20.249999999999996,0.8,0.8,900.0,0.003,0.0,25,0.5,0.024891892,0.0037440813210359125
13.857000000000001,900.0335494283928,0.12364279650463773,0.0,0.2,0.2,20.249999999999996,0.8,0.8,900.0,0.003,0.0,25,0.5,0.023775756,0.0037440895823796466
13.86,900.033549504033,0.12379462559456762,0.0,0.2,0.2,20.249999999999996,0.8,0.8,900.0,0.003,0.0,25,0.5,0.028173071,0.003744097642323187
13.863,900.0335495778461,0.1239386999619895,0.0,0.2,0.2,20.249999999999996,0.8,0.8,900.0,0.003,0.0,25,0.5,0.023208643,0.0037441055029787187
13.866,900.0335496498602,0.12407496534212673,0.0,0.2,0.2,20.249999999999996,0.8,0.8,900.0,0.003,0.0,25,0.5,0.023493305,0.003744113170033597
13.869,900.0335497201042,0.1242033719584941,0.0,0.2,0.2,20.249999999999996,0.8,0.8,900.0,0.003,0.0,25,0.5,0.027812959,0.0037441206450073857
13.872,900.0335497886091,0.12432387622522122,0.0,0.2,0.2,20.249999999999996,0.8,0.8,900.0,0.003,0.0,25,0.5,0.023848327,0.0037441279312582067
13.875,900.0335498554117,0.12443643833795218,0.0,0.2,0.2,20.249999999999996,0.8,0.8,900.0,0.003,0.0,25,0.5,0.023350323,0.003744135031222048
13.878,900.0335499205083,0.12454102279964427,0.0,0.2,0.2,20.249999999999996,0.8,0.8,900.0,0.003,0.0,25,0.5,0.027839939,0.003744141940726273
13.881,900.033549983863,0.12463760053307764,0.0,0.2,0.2,20.249999999999996,0.8,0.8,900.0,0.003,0.0,25,0.5,0.023059542,0.00374414865357876
13.884,900.0335500454412,0.1247261480692044,0.0,0.2,0.2,20.249999999999996,0.8,0.8,900.0,0.003,0.0,25,0.5,0.023222072,0.0037441551638448473
13.887,900.0335501051628,0.12480664670609246,0.0,0.2,0.2,20.249999999999996,0.8,0.8,900.0,0.003,0.0,25,0.5,0.027540357,0.0037441614617829857
13.89,900.0335501629432,0.12487908440674404,0.0,0.2,0.2,20.249999999999996,0.8,0.8,900.0,0.003,0.0,25,0.5,0.022746879,0.0037441675377256943
13.893,900.0335502186883,0.12494345588776481,0.0,0.2,0.2,20.249999999999996,0.8,0.8,900.0,0.003,0.0,25,0.5,0.023096012,0.003744173382629239
13.896,900.0335502723229,0.12499976263446548,0.0,0.2,0.2,20.249999999999996,0.8,0.8,900.0,0.003,0.0,25,0.5,0.026809883,0.0037441789883404524
13.899000000000001,900.0335503237726,0.1250480130153177,0.0,0.2,0.2,20.249999999999996,0.8,0.8,900.0,0.003,0.0,25,0.5,0.023773636,0.0037441843482778087
13.902000000000001,900.0335503729708,0.12508822235128605,0.0,0.2,0.2,20.249999999999996,0.8,0.8,900.0,0.003,0.0,25,0.5,0.02271957,0.003744189458014963
13.905000000000001,900.0335504198837,0.12512041296079326,0.0,0.2,0.2,20.249999999999996,0.8,0.8,900.0,0.003,0.0,25,0.5,0.026977605,0.0037441943155600986
13.908,900.0335504644926,0.12514461419148676,0.0,0.2,0.2,20.249999999999996,0.8,0.8,900.0,0.003,0.0,25,0.5,0.023146652,0.0037441989212928513
13.911,900.0335505067948,0.12516086244196234,0.0,0.2,0.2,20.249999999999996,0.8,0.8,900.0,0.003,0.0,25,0.5,0.022510468,0.00374420327761287
13.914,900.0335505468202,0.12516920115950325,0.0,0.2,0.2,20.249999999999996,0.8,0.8,900.0,0.003,0.0,25,0.5,0.027243826,0.0037442073888344783
13.917,900.0335505846086,0.12516968066903247,0.0,0.2,0.2,20.249999999999996,0.8,0.8,900.0,0.003,0.0,25,0.5,0.023361653,0.0037442112628221867
13.92,900.0335506202288,0.1251623575267739,0.0,0.2,0.2,20.249999999999996,0.8,0.8,900.0,0.003,0.0,25,0.5,0.022999821,0.0037442149072964026
13.923,900.0335506537576,0.12514729488819704,0.0,0.2,0.2,20.249999999999996,0.8,0.8,900.0,0.003,0.0,25,0.5,0.027453577,0.003744218330380424
13.926,900.0335506852797,0.12512456182599294,0.0,0.2,0.2,20.249999999999996,0.8,0.8,900.0,0.003,0.0,25,0.5,0.023127192,0.0037442215412216025
13.929,900.0335507148662,0.1250942315194349,0.0,0.2,0.2,20.249999999999996,0.8,0.8,900.0,0.003,0.0,25,0.5,0.024056588,0.0037442245440323886
13.932,900.0335507425378,0.12505638318470616,0.0,0.2,0.2,20.249999999999996,0.8,0.8,900.0,0.003,0.0,25,0.5,0.027224176,0.003744227337786997
13.935,900.0335507682926,0.12501110297070928,0.0,0.2,0.2,20.249999999999996,0.8,0.8,900.0,0.003,0.0,25,0.5,0.023123432,0.0037442299179382267
13.938,900.0335507920805,0.12495848391053753,0.0,0.2,0.2,20.249999999999996,0.8,0.8,900.0,0.003,0.0,25,0.5,0.023596445,0.003744232277092131
13.941,900.03355081384,0.12489862585883048,0.0,0.2,0.2,20.249999999999996,0.8,0.8,900.0,0.003,0.0,25,0.5,0.027076785,0.0037442344063302016
13.944,900.0335508335032,0.1248316354100531,0.0,0.2,0.2,20.249999999999996,0.8,0.8,900.0,0.003,0.0,25,0.5,0.023697076,0.003744236303217199
13.947000000000001,900.0335508511157,0.12475762273436307,0.0,0.2,0.2,20.249999999999996,0.8,0.8,900.0,0.003,0.0,25,0.5,0.02280023,0.003744237981712667
13.950000000000001,900.0335508667273,0.12467669750601418,0.0,0.2,0.2,20.249999999999996,0.8,0.8,900.0,0.003,0.0,25,0.5,0.027147725,0.003744239442101218
13.953,900.0335508803873,0.12458897515671342,0.0,0.2,0.2,20.249999999999996,0.8,0.8,900.0,0.003,0.0,25,0.5,0.023559905,0.0037442406878106494
13.956,900.0335508921002,0.12449457353896094,0.0,0.2,0.2,20.249999999999996,0.8,0.8,900.0,0.003,0.0,25,0.5,0.022907001,0.003744241711869003
13.959,900.0335509017793,0.12439361549226163,0.0,0.2,0.2,20.249999999999996,0.8,0.8,900.0,0.003,0.0,25,0.5,0.027146825,0.003744242501352579
13.962,900.0335509092721,0.1242862296014432,0.0,0.2,0.2,20.249999999999996,0.8,0.8,900.0,0.003,0.0,25,0.5,0.022939491,0.003744243037274032
13.965,900.0335509143897,0.1241725547155304,0.0,0.2,0.2,20.249999999999996,0.8,0.8,900.0,0.003,0.0,25,0.5,0.023127012,0.0037442432997587018
13.968,900.0335509170202,0.12405273820982819,0.0,0.2,0.2,20.249999999999996,0.8,0.8,900.0,0.003,0.0,25,0.5,0.027073575,0.0037442432818693494
13.971,900.0335509170991,0.12392693227931986,0.0,0.2,0.2,20.249999999999996,0.8,0.8,900.0,0.003,0.0,25,0.5,0.023496525,0.0037442429862715875
13.974,900.0335509146496,0.12379529405320923,0.0,0.2,0.2,20.249999999999996,0.8,0.8,900.0,0.003,0.0,25,0.5,0.023361864,0.0037442424240722305
13.977,900.03355090977,0.12365798542579101,0.0,0.2,0.2,20.249999999999996,0.8,0.8,900.0,0.003,0.0,25,0.5,0.026672992,0.003744241611485012
13.98,900.0335509026116,0.12351517318422331,0.0,0.2,0.2,20.249999999999996,0.8,0.8,900.0,0.003,0.0,25,0.5,0.023047072,0.003744240570900823
13.983,900.0335508933952,0.12336702777011621,0.0,0.2,0.2,20.249999999999996,0.8,0.8,900.0,0.003,0.0,25,0.5,0.02282052,0.003744239328966748
13.986,900.033550882336,0.12321372250184137,0.0,0.2,0.2,20.249999999999996,0.8,0.8,900.0,0.003,0.0,25,0.5,0.026647002,0.003744237905377835
13.989,900.0335508696204,0.12305543456462735,0.0,0.2,0.2,20.249999999999996,0.8,0.8,900.0,0.003,0.0,25,0.5,0.023464434,0.0037442363140832847
13.992,900.033550855363,0.12289234478012018,0.0,0.2,0.2,20.249999999999996,0.8,0.8,900.0,0.003,0.0,25,0.5,0.023363314,0.0037442345627188124
13.995000000000001,900.0335508396406,0.12272463738785304,0.0,0.2,0.2,20.249999999999996,0.8,0.8,900.0,0.003,0.0,25,0.5,0.026666252,0.0037442326523392075
13.998000000000001,900.0335508224795,0.12255249982523123,0.0,0.2,0.2,20.249999999999996,0.8,0.8,900.0,0.003,0.0,25,0.5,0.023750676,0.0037442305839244126
14.001,900.0335508039906,0.12237611961976458,0.0,0.2,0.2,20.249999999999996,0.8,0.8,900.0,0.003,0.0,25,0.5,0.023495434,0.003744228371515312
14.004,900.0335507841943,0.1221956791415494,0.0,0.2,0.2,20.249999999999996,0.8,0.8,900.0,0.003,0.0,25,0.5,0.027114615,0.003744226010978965
14.007,900.0335507630339,0.12201136297665499,0.0,0.2,0.2,20.249999999999996,0.8,0.8,900.0,0.003,0.0,25,0.5,0.023535215,0.003744223494392361
14.01,900.0335507404468,0.12182335852306946,0.0,0.2,0.2,20.249999999999996,0.8,0.8,900.0,0.003,0.0,25,0.5,0.023162102,0.0037442208125304396
14.013,900.0335507163447,0.12163185577771105,0.0,0.2,0.2,20.249999999999996,0.8,0.8,900.0,0.003,0.0,25,0.5,0.026954154,0.003744217954654961
14.016,900.0335506906373,0.12143704710440417,0.0,0.2,0.2,20.249999999999996,0.8,0.8,900.0,0.003,0.0,25,0.5,0.023044882,0.0037442149088414796
14.019,900.0335506632144,0.12123912703090589,0.0,0.2,0.2,20.249999999999996,0.8,0.8,900.0,0.003,0.0,25,0.5,0.023016522,0.0037442116634378306
14.022,900.0335506339721,0.1210382919930495,0.0,0.2,0.2,20.249999999999996,0.8,0.8,900.0,0.003,0.0,25,0.5,0.026939124,0.0037442082093625834
14.025,900.0335506028623,0.1208347399048789,0.0,0.2,0.2,20.249999999999996,0.8,0.8,900.0,0.003,0.0,25,0.5,0.023369183,0.0037442045472560253
14.028,900.0335505699059,0.12062866753565897,0.0,0.2,0.2,20.249999999999996,0.8,0.8,900.0,0.003,0.0,25,0.5,0.023329663,0.003744200685101055
14.031,900.03355053513,0.12042027006063442,0.0,0.2,0.2,20.249999999999996,0.8,0.8,900.0,0.003,0.0,25,0.5,0.027153865,0.0037441966254676685
14.034,900.0335504985551,0.12020974374125869,0.0,0.2,0.2,20.249999999999996,0.8,0.8,900.0,0.003,0.0,25,0.5,0.022927081,0.0037441923724918554
14.037,900.0335504602265,0.11999728558038786,0.0,0.2,0.2,20.249999999999996,0.8,0.8,900.0,0.003,0.0,25,0.5,0.022980782,0.003744187930904517
14.040000000000001,900.0335504201839,0.11978309315053953,0.0,0.2,0.2,20.249999999999996,0.8,0.8,900.0,0.003,0.0,25,0.5,0.026914264,0.003744183305075581
14.043000000000001,900.0335503784673,0.11956736439444927,0.0,0.2,0.2,20.249999999999996,0.8,0.8,900.0,0.003,0.0,25,0.5,0.022828601,0.003744178498960481
14.046000000000001,900.0335503351122,0.11935029735892523,0.0,0.2,0.2,20.249999999999996,0.8,0.8,900.0,0.003,0.0,25,0.5,0.023003082,0.003744173516062702
14.049,900.0335502901512,0.11913208997129655,0.0,0.2,0.2,20.249999999999996,0.8,0.8,900.0,0.003,0.0,25,0.5,0.026819273,0.0037441683624740815
14.052,900.0335502437205,0.11891293865057995,0.0,0.2,0.2,20.249999999999996,0.8,0.8,900.0,0.003,0.0,25,0.5,0.0227324,0.003744163061203333
14.055,900.0335501959661,0.11869303367711323,0.0,0.2,0.2,20.249999999999996,0.8,0.8,900.0,0.003,0.0,25,0.5,0.022944521,0.0037441576241451675
14.058,900.0335501469707,0.11847256396958013,0.0,0.2,0.2,20.249999999999996,0.8,0.8,900.0,0.003,0.0,25,0.5,0.026783854,0.003744152056023016
14.061,900.0335500968126,0.11825171740286472,0.0,0.2,0.2,20.249999999999996,0.8,0.8,900.0,0.003,0.0,25,0.5,0.022690829,0.0037441463659407936
14.064,900.0335500455692,0.11803067674912539,0.0,0.2,0.2,20.249999999999996,0.8,0.8,900.0,0.003,0.0,25,0.5,0.022583679,0.0037441405597202068
14.067,900.0335499932719,0.11780962152149965,0.0,0.2,0.2,20.249999999999996,0.8,0.8,900.0,0.003,0.0,25,0.5,0.027116325,0.003744134637112385
14.07,900.0335499399233,0.11758872922720769,0.0,0.2,0.2,20.249999999999996,0.8,0.8,900.0,0.003,0.0,25,0.5,0.022703289,0.0037441285958648854
14.073,900.0335498854934,0.1173681752146112,0.0,0.2,0.2,20.249999999999996,0.8,0.8,900.0,0.003,0.0,25,0.5,0.023164102,0.0037441224337240457
14.076,900.0335498299738,0.11714813258273053,0.0,0.2,0.2,20.249999999999996,0.8,0.8,900.0,0.003,0.0,25,0.5,0.026548412,0.003744116149913958
14.079,900.0335497733532,0.11692877202765976,0.0,0.2,0.2,20.249999999999996,0.8,0.8,900.0,0.003,0.0,25,0.5,0.022460988,0.003744109746329551
14.082,900.033549715649,0.11671026162945962,0.0,0.2,0.2,20.249999999999996,0.8,0.8,900.0,0.003,0.0,25,0.5,0.022851771,0.003744103228398278
14.085,900.033549656913,0.11649276663090354,0.0,0.2,0.2,20.249999999999996,0.8,0.8,900.0,0.003,0.0,25,0.5,0.027045275,0.0037440966054622495
14.088000000000001,900.0335495972316,0.11627644923256437,0.0,0.2,0.2,20.249999999999996,0.8,0.8,900.0,0.003,0.0,25,0.5,0.023028132,0.0037440898907253584
14.091000000000001,900.0335495367233,0.11606146840043056,0.0,0.2,0.2,20.249999999999996,0.8,0.8,900.0,0.003,0.0,25,0.5,0.023075372,0.003744083100527219
14.094,900.0335494755219,0.11584797977366562,0.0,0.2,0.2,20.249999999999996,0.8,0.8,900.0,0.003,0.0,25,0.5,0.027265056,0.0037440762505544863
14.097,900.0335494137815,0.11563613636051408,0.0,0.2,0.2,20.249999999999996,0.8,0.8,900.0,0.003,0.0,25,0.5,0.02288127,0.0037440693576046903
14.1,900.0335493516536,0.11542608737110106,0.0,0.2,0.2,20.249999999999996,0.8,0.8,900.0,0.003,0.0,25,0.5,0.023192052,0.003744062438522984
14.103,900.0335492893402,0.11521797788655555,0.0,0.2,0.2,20.249999999999996,0.8,0.8,900.0,0.003,0.0,25,0.5,0.026740073,0.0037440555246209067
14.106,900.0335492271672,0.11501194355976467,0.0,0.2,0.2,20.249999999999996,0.8,0.8,900.0,0.003,0.0,25,0.5,0.02273196,0.0037440486593994077
14.109,900.0335491654341,0.11480810949601643,0.0,0.2,0.2,20.249999999999996,0.8,0.8,900.0,0.003,0.0,25,0.5,0.024864222,0.003744041863285753
14.112,900.0335491043196,0.11460659635317144,0.0,0.2,0.2,20.249999999999996,0.8,0.8,900.0,0.003,0.0,25,0.5,0.027601128,0.0037440351489908498
14.115,900.0335490439415,0.11440752036710707,0.0,0.2,0.2,20.249999999999996,0.8,0.8,900.0,0.003,0.0,25,0.5,0.024115698,0.003744028523295462
14.118,900.0335489843621,0.11421099322971685,0.0,0.2,0.2,20.249999999999996,0.8,0.8,900.0,0.003,0.0,25,0.5,0.023465004,0.003744021987302348
14.121,900.0335489255905,0.11401712196434591,0.0,0.2,0.2,20.249999999999996,0.8,0.8,900.0,0.003,0.0,25,0.5,0.027283366,0.0037440155376685944
14.124,900.0335488675989,0.1138260088504594,0.0,0.2,0.2,20.249999999999996,0.8,0.8,900.0,0.003,0.0,25,0.5,0.022947691,0.0037440091688817597
14.127,900.0335488103389,0.11363775135407121,0.0,0.2,0.2,20.249999999999996,0.8,0.8,900.0,0.003,0.0,25,0.5,0.023700315,0.003744002875758413
14.13,900.033548753766,0.11345244204788703,0.0,0.2,0.2,20.249999999999996,0.8,0.8,900.0,0.003,0.0,25,0.5,0.027376296,0.003743996656194937
14.133000000000001,900.0335486978776,0.11327016812809831,0.0,0.2,0.2,20.249999999999996,0.8,0.8,900.0,0.003,0.0,25,0.5,0.024318169,0.003743990515672843
14.136000000000001,900.0335486427226,0.11309101003184908,0.0,0.2,0.2,20.249999999999996,0.8,0.8,900.0,0.003,0.0,25,0.5,0.022929481,0.0037439844669738143
14.139000000000001,900.033548588399,0.11291504187224581,0.0,0.2,0.2,20.249999999999996,0.8,0.8,900.0,0.003,0.0,25,0.5,0.027591338,0.003743978525984198
14.142,900.0335485350531,0.11274233265898105,0.0,0.2,0.2,20.249999999999996,0.8,0.8,900.0,0.003,0.0,25,0.5,0.023402624,0.0037439727107292384
14.145,900.0335484828422,0.1125729463103729,0.0,0.2,0.2,20.249999999999996,0.8,0.8,900.0,0.003,0.0,25,0.5,0.025163524,0.0037439670394502494
14.148,900.0335484319336,0.11240694164785925,0.0,0.2,0.2,20.249999999999996,0.8,0.8,900.0,0.003,0.0,25,0.5,0.026937583,0.003743961529036884
14.151,900.033548382476,0.11224437236189112,0.0,0.2,0.2,20.249999999999996,0.8,0.8,900.0,0.003,0.0,25,0.5,0.02281495,0.003743956193635055
14.154,900.033548334601,0.11208528702633906,0.0,0.2,0.2,20.249999999999996,0.8,0.8,900.0,0.003,0.0,25,0.5,0.023464514,0.0037439510439017934
14.157,900.0335482884128,0.11192972901774052,0.0,0.2,0.2,20.249999999999996,0.8,0.8,900.0,0.003,0.0,25,0.5,0.026957034,0.003743946089459458
14.16,900.0335482439937,0.11177773535737877,0.0,0.2,0.2,20.249999999999996,0.8,0.8,900.0,0.003,0.0,25,0.5,0.02260714,0.003743941333500995
14.163,900.0335482013664,0.11162933773769369,0.0,0.2,0.2,20.249999999999996,0.8,0.8,900.0,0.003,0.0,25,0.5,0.023242453,0.0037439367745311166
14.166,900.0335481605265,0.11148456273922225,0.0,0.2,0.2,20.249999999999996,0.8,0.8,900.0,0.003,0.0,25,0.5,0.026273501,0.0037439324146296697
14.169,900.0335481214894,0.11134343035630315,0.0,0.2,0.2,20.249999999999996,0.8,0.8,900.0,0.003,0.0,25,0.5,0.023377864,0.0037439282531560136
14.172,900.0335480842383,0.1112059553191393,0.0,0.2,0.2,20.249999999999996,0.8,0.8,900.0,0.003,0.0,25,0.5,0.023126622,0.0037439242859384275
14.175,900.0335480487478,0.111072147251981,0.0,0.2,0.2,20.249999999999996,0.8,0.8,900.0,0.003,0.0,25,0.5,0.026662322,0.003743920507885509
14.178,900.03354801496,0.11094201068737258,0.0,0.2,0.2,20.249999999999996,0.8,0.8,900.0,0.003,0.0,25,0.5,0.02277659,0.0037439169125789307
14.181000000000001,900.0335479828206,0.11081554559258211,0.0,0.2,0.2,20.249999999999996,0.8,0.8,900.0,0.003,0.0,25,0.5,0.02282179,0.0037439134933065416
14.184000000000001,900.0335479522699,0.11069274740389475,0.0,0.2,0.2,20.249999999999996,0.8,0.8,900.0,0.003,0.0,25,0.5,0.027384416,0.0037439102434804845
14.187000000000001,900.033547923247,0.11057360711936502,0.0,0.2,0.2,20.249999999999996,0.8,0.8,900.0,0.003,0.0,25,0.5,0.02266704,0.0037439071568472967
14.19,900.033547895693,0.11045811147299313,0.0,0.2,0.2,20.249999999999996,0.8,0.8,900.0,0.003,0.0,25,0.5,0.023325034,0.0037439042277596928
14.193,900.0335478695563,0.11034624309129781,0.0,0.2,0.2,20.249999999999996,0.8,0.8,900.0,0.003,0.0,25,0.5,0.026989624,0.0037439014513968166
14.196,900.0335478447964,0.11023798059777482,0.0,0.2,0.2,20.249999999999996,0.8,0.8,900.0,0.003,0.0,25,0.5,0.023352153,0.0037438988236623283
14.199,900.0335478213843,0.11013329866843054,0.0,0.2,0.2,20.249999999999996,0.8,0.8,900.0,0.003,0.0,25,0.5,0.023642295,0.003743896342382252
14.202,900.0335477993085,0.1100321672879536,0.0,0.2,0.2,20.249999999999996,0.8,0.8,900.0,0.003,0.0,25,0.5,0.026545112,0.0037438940081654473
14.205,900.0335477785528,0.1099345513431315,0.0,0.2,0.2,20.249999999999996,0.8,0.8,900.0,0.003,0.0,25,0.5,0.02279026,0.0037438918185908505
14.208,900.0335477590967,0.10984041227827482,0.0,0.2,0.2,20.249999999999996,0.8,0.8,900.0,0.003,0.0,25,0.5,0.023363843,0.0037438897695782534
14.211,900.0335477409043,0.1097497082899623,0.0,0.2,0.2,20.249999999999996,0.8,0.8,900.0,0.003,0.0,25,0.5,0.026688832,0.003743887855576414
14.214,900.0335477239221,0.10966239451792073,0.0,0.2,0.2,20.249999999999996,0.8,0.8,900.0,0.003,0.0,25,0.5,0.022818731,0.003743886069553286
14.217,900.0335477080858,0.10957842325735509,0.0,0.2,0.2,20.249999999999996,0.8,0.8,900.0,0.003,0.0,25,0.5,0.02271259,0.0037438844029566796
14.22,900.033547693322,0.10949774419736757,0.0,0.2,0.2,20.249999999999996,0.8,0.8,900.0,0.003,0.0,25,0.5,0.02628238,0.003743882846652048
14.223,900.033547679546,0.10942030430444308,0.0,0.2,0.2,20.249999999999996,0.8,0.8,900.0,0.003,0.0,25,0.5,0.022891071,0.0037438813907991024
14.226,900.0335476666676,0.10934604815370368,0.0,0.2,0.2,20.249999999999996,0.8,0.8,900.0,0.003,0.0,25,0.5,0.022829761,0.0037438800252291384
14.229000000000001,900.0335476545956,0.1092749181595937,0.0,0.2,0.2,20.249999999999996,0.8,0.8,900.0,0.003,0.0,25,0.5,0.026649332,0.003743878739797326
14.232000000000001,900.0335476432368,0.1092068548208584,0.0,0.2,0.2,20.249999999999996,0.8,0.8,900.0,0.003,0.0,25,0.5,0.023119452,0.003743877525019684
14.235,900.0335476325041,0.10914179685147363,0.0,0.2,0.2,20.249999999999996,0.8,0.8,900.0,0.003,0.0,25,0.5,0.023067692,0.0037438763721605118
14.238,900.0335476223227,0.10907968141132839,0.0,0.2,0.2,20.249999999999996,0.8,0.8,900.0,0.003,0.0,25,0.5,0.026387951,0.0037438752738518173
14.241,900.033547612643,0.10902044424797273,0.0,0.2,0.2,20.249999999999996,0.8,0.8,900.0,0.003,0.0,25,0.5,0.022465278,0.0037438742303915556
14.244,900.0335476035659,0.10896401643347661,0.0,0.2,0.2,20.249999999999996,0.8,0.8,900.0,0.003,0.0,25,0.5,0.023527954,0.003743873260411531
14.247,900.0335475951465,0.10891031888558583,0.0,0.2,0.2,20.249999999999996,0.8,0.8,900.0,0.003,0.0,25,0.5,0.027232206,0.003743872371453186
14.25,900.0335475874424,0.10885927157439662,0.0,0.2,0.2,20.249999999999996,0.8,0.8,900.0,0.003,0.0,25,0.5,0.023306154,0.0037438715739182126
14.253,900.0335475805668,0.10881079367603207,0.0,0.2,0.2,20.249999999999996,0.8,0.8,900.0,0.003,0.0,25,0.5,0.023096442,0.003743870884014392
14.256,900.03354757469,0.1087648026774954,0.0,0.2,0.2,20.249999999999996,0.8,0.8,900.0,0.003,0.0,25,0.5,0.02620323,0.003743870329909911
14.259,900.0335475700805,0.10872121151073195,0.0,0.2,0.2,20.249999999999996,0.8,0.8,900.0,0.003,0.0,25,0.5,0.025247925,0.003743869931471068
14.262,900.0335475668759,0.10867992896119756,0.0,0.2,0.2,20.249999999999996,0.8,0.8,900.0,0.003,0.0,25,0.5,0.02277008,0.0037438696902404567
14.265,900.0335475651304,0.10864086214281257,0.0,0.2,0.2,20.249999999999996,0.8,0.8,900.0,0.003,0.0,25,0.5,0.027379247,0.0037438696044452403
14.268,900.0335475647938,0.10860391260422284,0.0,0.2,0.2,20.249999999999996,0.8,0.8,900.0,0.003,0.0,25,0.5,0.022060236,0.0037438696577998362
14.271,900.0335475657077,0.10856898011828243,0.0,0.2,0.2,20.249999999999996,0.8,0.8,900.0,0.003,0.0,25,0.5,0.02286103,0.003743869825081845
14.274000000000001,900.0335475676516,0.10853596334440598,0.0,0.2,0.2,20.249999999999996,0.8,0.8,900.0,0.003,0.0,25,0.5,0.026654922,0.0037438700770228944
14.277000000000001,900.0335475703414,0.1085047599391414,0.0,0.2,0.2,20.249999999999996,0.8,0.8,900.0,0.003,0.0,25,0.5,0.023126533,0.003743870377067984
14.280000000000001,900.0335475734497,0.10847526823051128,0.0,0.2,0.2,20.249999999999996,0.8,0.8,900.0,0.003,0.0,25,0.5,0.022896141,0.003743870686637483
14.283,900.0335475766267,0.1084473876205801,0.0,0.2,0.2,20.249999999999996,0.8,0.8,900.0,0.003,0.0,25,0.5,0.02618243,0.003743870970551749
14.286,900.0335475795522,0.10842101877747873,0.0,0.2,0.2,20.249999999999996,0.8,0.8,900.0,0.003,0.0,25,0.5,0.023164292,0.003743871200728209
14.289,900.0335475819819,0.10839606382633164,0.0,0.2,0.2,20.249999999999996,0.8,0.8,900.0,0.003,0.0,25,0.5,0.02279906,0.003743871358364524
14.292,900.0335475837419,0.10837242653625366,0.0,0.2,0.2,20.249999999999996,0.8,0.8,900.0,0.003,0.0,25,0.5,0.026317681,0.003743871434707037
14.295,900.0335475847553,0.10835001250366245,0.0,0.2,0.2,20.249999999999996,0.8,0.8,900.0,0.003,0.0,25,0.5,0.023654275,0.0037438714305203145
14.298,900.0335475850244,0.10832872933192733,0.0,0.2,0.2,20.249999999999996,0.8,0.8,900.0,0.003,0.0,25,0.5,0.023071452,0.0037438713544819583
14.301,900.0335475846302,0.10830848680718821,0.0,0.2,0.2,20.249999999999996,0.8,0.8,900.0,0.003,0.0,25,0.5,0.026408471,0.0037438712207882325
14.304,900.0335475836981,0.10828919706973776,0.0,0.2,0.2,20.249999999999996,0.8,0.8,900.0,0.003,0.0,25,0.5,0.02269072,0.0037438710464450537
14.307,900.0335475823784,0.10827077477686316,0.0,0.2,0.2,20.249999999999996,0.8,0.8,900.0,0.003,0.0,25,0.5,0.022899691,0.0037438708485713467
14.31,900.0335475808237,0.1082531372691627,0.0,0.2,0.2,20.249999999999996,0.8,0.8,900.0,0.003,0.0,25,0.5,0.0263823,0.003743870642107939
14.313,900.0335475791677,0.1082362047299018,0.0,0.2,0.2,20.249999999999996,0.8,0.8,900.0,0.003,0.0,25,0.5,0.023073611,0.003743870438193215
14.316,900.0335475775126,0.10821990032715276,0.0,0.2,0.2,20.249999999999996,0.8,0.8,900.0,0.003,0.0,25,0.5,0.02275171,0.0037438702440494116
14.319,900.0335475759365,0.10820415008873656,0.0,0.2,0.2,20.249999999999996,0.8,0.8,900.0,0.003,0.0,25,0.5,0.026345311,0.0037438700661303914
14.322000000000001,900.0335475744937,0.10818888134870237,0.0,0.2,0.2,20.249999999999996,0.8,0.8,900.0,0.003,0.0,25,0.5,0.023004042,0.0037438699039267576
14.325000000000001,900.0335475731606,0.10817402417329257,0.0,0.2,0.2,20.249999999999996,0.8,0.8,900.0,0.003,0.0,25,0.5,0.022511899,0.003743869749891583
14.328000000000001,900.0335475718808,0.10815951219584433,0.0,0.2,0.2,20.249999999999996,0.8,0.8,900.0,0.003,0.0,25,0.5,0.026111669,0.0037438695944118925
14.331,900.0335475705702,0.10814528218352767,0.0,0.2,0.2,20.249999999999996,0.8,0.8,900.0,0.003,0.0,25,0.5,0.022982991,0.0037438694290485497
14.334,900.0335475691622,0.10813127379179184,0.0,0.2,0.2,20.249999999999996,0.8,0.8,900.0,0.003,0.0,25,0.5,0.024057158,0.003743869248838891
14.337,900.0335475676876,0.10811742842720781,0.0,0.2,0.2,20.249999999999996,0.8,0.8,900.0,0.003,0.0,25,0.5,0.026897414,0.00374386906458181
14.34,900.0335475661587,0.10810368583476172,0.0,0.2,0.2,20.249999999999996,0.8,0.8,900.0,0.003,0.0,25,0.5,0.02288509,0.003743868876271943
14.343,900.0335475645625,0.10808998955766255,0.0,0.2,0.2,20.249999999999996,0.8,0.8,900.0,0.003,0.0,25,0.5,0.023033471,0.0037438686856994747
14.346,900.0335475629249,0.10807628738136504,0.0,0.2,0.2,20.249999999999996,0.8,0.8,900.0,0.003,0.0,25,0.5,0.027498197,0.0037438684991654373
14.349,900.0335475613124,0.10806253065522567,0.0,0.2,0.2,20.249999999999996,0.8,0.8,900.0,0.003,0.0,25,0.5,0.02282001,0.0037438683258855876
14.352,900.0335475597809,0.10804867433889567,0.0,0.2,0.2,20.249999999999996,0.8,0.8,900.0,0.003,0.0,25,0.5,0.024863192,0.003743868172512953
14.355,900.0335475584018,0.10803467815820231,0.0,0.2,0.2,20.249999999999996,0.8,0.8,900.0,0.003,0.0,25,0.5,0.026654252,0.003743868043759522
14.358,900.0335475572152,0.10802050667740415,0.0,0.2,0.2,20.249999999999996,0.8,0.8,900.0,0.003,0.0,25,0.5,0.023259973,0.0037438679446645602
14.361,900.0335475562648,0.10800612894267869,0.0,0.2,0.2,20.249999999999996,0.8,0.8,900.0,0.003,0.0,25,0.5,0.023518814,0.0037438678792916266
14.364,900.0335475555887,0.10799151864737612,0.0,0.2,0.2,20.249999999999996,0.8,0.8,900.0,0.003,0.0,25,0.5,0.027736779,0.0037438678504136797
14.367,900.0335475552145,0.10797665418750484,0.0,0.2,0.2,20.249999999999996,0.8,0.8,900.0,0.003,0.0,25,0.5,0.023108422,0.0037438678606701724
14.370000000000001,900.033547555195,0.10796151821145292,0.0,0.2,0.2,20.249999999999996,0.8,0.8,900.0,0.003,0.0,25,0.5,0.023382584,0.0037438679183606767
14.373000000000001,900.0335475555789,0.10794609569881188,0.0,0.2,0.2,20.249999999999996,0.8,0.8,900.0,0.003,0.0,25,0.5,0.027174225,0.0037438680266815923
14.376,900.0335475563903,0.10793037608995115,0.0,0.2,0.2,20.249999999999996,0.8,0.8,900.0,0.003,0.0,25,0.5,0.022861831,0.003743868186648526
14.379,900.033547557634,0.10791435364890987,0.0,0.2,0.2,20.249999999999996,0.8,0.8,900.0,0.003,0.0,25,0.5,0.022768421,0.003743868397974859
14.382,900.0335475593133,0.10789802749264377,0.0,0.2,0.2,20.249999999999996,0.8,0.8,900.0,0.003,0.0,25,0.5,0.027308466,0.0037438686589571727
14.385,900.0335475614074,0.10788140158293383,0.0,0.2,0.2,20.249999999999996,0.8,0.8,900.0,0.003,0.0,25,0.5,0.022494849,0.0037438689666375704
14.388,900.033547563895,0.10786448472155384,0.0,0.2,0.2,20.249999999999996,0.8,0.8,900.0,0.003,0.0,25,0.5,0.024560971,0.003743869317528797
14.391,900.0335475667595,0.10784729044727313,0.0,0.2,0.2,20.249999999999996,0.8,0.8,900.0,0.003,0.0,25,0.5,0.027319966,0.0037438697160815915
14.394,900.0335475700433,0.10782983490169068,0.0,0.2,0.2,20.249999999999996,0.8,0.8,900.0,0.003,0.0,25,0.5,0.022992362,0.00374387016701583
14.397,900.0335475737694,0.10781213793308364,0.0,0.2,0.2,20.249999999999996,0.8,0.8,900.0,0.003,0.0,25,0.5,0.023252513,0.0037438706705675063
14.4,900.0335475779418,0.10779422399130821,0.0,0.2,0.2,20.249999999999996,0.8,0.8,900.0,0.003,0.0,25,0.5,0.026539621,0.0037438712250449655
14.403,900.0335475825491,0.10777612202120333,0.0,0.2,0.2,20.249999999999996,0.8,0.8,900.0,0.003,0.0,25,0.5,0.02274624,0.003743871826762556
14.406,900.0335475875519,0.10775786546275672,0.0,0.2,0.2,20.249999999999996,0.8,0.8,900.0,0.003,0.0,25,0.5,0.022914501,0.0037438724702213667
14.409,900.0335475929029,0.10773949223094022,0.0,0.2,0.2,20.249999999999996,0.8,0.8,900.0,0.003,0.0,25,0.5,0.026807993,0.0037438731488710747
14.412,900.0335475985482,0.10772104461444218,0.0,0.2,0.2,20.249999999999996,0.8,0.8,900.0,0.003,0.0,25,0.5,0.022976101,0.003743873855630928
14.415000000000001,900.0335476044165,0.10770256924853082,0.0,0.2,0.2,20.249999999999996,0.8,0.8,900.0,0.003,0.0,25,0.5,0.02276491,0.0037438745834773223
14.418000000000001,900.033547610454,0.10768411705519042,0.0,0.2,0.2,20.249999999999996,0.8,0.8,900.0,0.003,0.0,25,0.5,0.027648188,0.003743875325894773
14.421000000000001,900.0335476165974,0.10766574317439315,0.0,0.2,0.2,20.249999999999996,0.8,0.8,900.0,0.003,0.0,25,0.5,0.022845781,0.0037438760775110286
14.424,900.0335476228224,0.10764750667170149,0.0,0.2,0.2,20.249999999999996,0.8,0.8,900.0,0.003,0.0,25,0.5,0.023971117,0.0037438768378653168
14.427,900.0335476291127,0.10762946827789847,0.0,0.2,0.2,20.249999999999996,0.8,0.8,900.0,0.003,0.0,25,0.5,0.027248796,0.0037438776040286093
14.43,900.0335476354471,0.10761169193816944,0.0,0.2,0.2,20.249999999999996,0.8,0.8,900.0,0.003,0.0,25,0.5,0.023334694,0.0037438783752987608
14.433,900.0335476418456,0.10759424321038966,0.0,0.2,0.2,20.249999999999996,0.8,0.8,900.0,0.003,0.0,25,0.5,0.024367419,0.003743879154813356
14.436,900.033547648307,0.10757718828297604,0.0,0.2,0.2,20.249999999999996,0.8,0.8,900.0,0.003,0.0,25,0.5,0.027465567,0.003743879938737913
14.439,900.033547654791,0.1075605959938659,0.0,0.2,0.2,20.249999999999996,0.8,0.8,900.0,0.003,0.0,25,0.5,0.024003887,0.003743880718252033
14.442,900.033547661215,0.10754453842354567,0.0,0.2,0.2,20.249999999999996,0.8,0.8,900.0,0.003,0.0,25,0.5,0.02275646,0.0037438814809547427
14.445,900.0335476674652,0.1075290910168768,0.0,0.2,0.2,20.249999999999996,0.8,0.8,900.0,0.003,0.0,25,0.5,0.026964734,0.0037438822126676682
14.448,900.0335476734399,0.10751433246564768,0.0,0.2,0.2,20.249999999999996,0.8,0.8,900.0,0.003,0.0,25,0.5,0.023042222,0.0037438829021647626
14.451,900.0335476790954,0.10750034184028924,0.0,0.2,0.2,20.249999999999996,0.8,0.8,900.0,0.003,0.0,25,0.5,0.022727809,0.003743883541585756
14.454,900.033547684278,0.1074871972126558,0.0,0.2,0.2,20.249999999999996,0.8,0.8,900.0,0.003,0.0,25,0.5,0.026752703,0.003743884120761873
14.457,900.0335476889746,0.1074749791560188,0.0,0.2,0.2,20.249999999999996,0.8,0.8,900.0,0.003,0.0,25,0.5,0.022866241,0.0037438846646929364
14.46,900.0335476934132,0.10746376293967755,0.0,0.2,0.2,20.249999999999996,0.8,0.8,900.0,0.003,0.0,25,0.5,0.023759846,0.0037438852145976298
14.463000000000001,900.0335476979355,0.10745361995881557,0.0,0.2,0.2,20.249999999999996,0.8,0.8,900.0,0.003,0.0,25,0.5,0.027242296,0.003743885810992413
14.466000000000001,900.033547702939,0.10744461822875602,0.0,0.2,0.2,20.249999999999996,0.8,0.8,900.0,0.003,0.0,25,0.5,0.023109592,0.003743886497577278
14.469,900.0335477087453,0.1074368208236904,0.0,0.2,0.2,20.249999999999996,0.8,0.8,900.0,0.003,0.0,25,0.5,0.02277146,0.0037438872947592357
14.472,900.0335477155286,0.10743029218177447,0.0,0.2,0.2,20.249999999999996,0.8,0.8,900.0,0.003,0.0,25,0.5,0.027083485,0.0037438882037771817
14.475,900.0335477232985,0.10742509869368937,0.0,0.2,0.2,20.249999999999996,0.8,0.8,900.0,0.003,0.0,25,0.5,0.022395458,0.0037438892086051347
14.478,900.0335477319732,0.10742130861173815,0.0,0.2,0.2,20.249999999999996,0.8,0.8,900.0,0.003,0.0,25,0.5,0.023159343,0.0037438902881121445
14.481,900.0335477413927,0.10741898434229916,0.0,0.2,0.2,20.249999999999996,0.8,0.8,900.0,0.003,0.0,25,0.5,0.026863774,0.003743891411997337
14.484,900.0335477511932,0.10741818419443895,0.0,0.2,0.2,20.249999999999996,0.8,0.8,900.0,0.003,0.0,25,0.5,0.02277322,0.0037438925409043872
14.487,900.0335477610281,0.10741896795759559,0.0,0.2,0.2,20.249999999999996,0.8,0.8,900.0,0.003,0.0,25,0.5,0.022931501,0.0037438936420225877
14.49,900.0335477705992,0.10742139703190381,0.0,0.2,0.2,20.249999999999996,0.8,0.8,900.0,0.003,0.0,25,0.5,0.027278146,0.0037438946890043998
14.493,900.0335477796764,0.10742553437356327,0.0,0.2,0.2,20.249999999999996,0.8,0.8,900.0,0.003,0.0,25,0.5,0.02276016,0.0037438956634532864
14.496,900.0335477880909,0.10743144432356724,0.0,0.2,0.2,20.249999999999996,0.8,0.8,900.0,0.003,0.0,25,0.5,0.023416823,0.003743896556396207
14.499,900.0335477957829,0.10743919223077902,0.0,0.2,0.2,20.249999999999996,0.8,0.8,900.0,0.003,0.0,25,0.5,0.026782023,0.003743897377109615
14.502,900.0335478030197,0.10744884094626159,0.0,0.2,0.2,20.249999999999996,0.8,0.8,900.0,0.003,0.0,25,0.5,0.022436318,0.0037438982086673658
14.505,900.0335478104076,0.10746043577441683,0.0,0.2,0.2,20.249999999999996,0.8,0.8,900.0,0.003,0.0,25,0.5,0.023160292,0.0037438991061461077
14.508000000000001,900.0335478184226,0.10747401887167121,0.0,0.2,0.2,20.249999999999996,0.8,0.8,900.0,0.003,0.0,25,0.5,0.0263628,0.0037439001125095703
14.511000000000001,900.033547827489,0.10748962674677913,0.0,0.2,0.2,20.249999999999996,0.8,0.8,900.0,0.003,0.0,25,0.5,0.023183552,0.0037439012661249636
14.514000000000001,900.0335478378682,0.10750728938375133,0.0,0.2,0.2,20.249999999999996,0.8,0.8,900.0,0.003,0.0,25,0.5,0.023484274,0.00374390257030786
14.517,900.0335478495875,0.10752703694568592,0.0,0.2,0.2,20.249999999999996,0.8,0.8,900.0,0.003,0.0,25,0.5,0.027900199,0.0037439040027431266
14.52,900.033547862451,0.10754889975281694,0.0,0.2,0.2,20.249999999999996,0.8,0.8,900.0,0.003,0.0,25,0.5,0.023817136,0.003743905521932822
14.523,900.0335478760866,0.10757290792336555,0.0,0.2,0.2,20.249999999999996,0.8,0.8,900.0,0.003,0.0,25,0.5,0.023629865,0.003743907074458484
14.526,900.0335478900166,0.10759909118017208,0.0,0.2,0.2,20.249999999999996,0.8,0.8,900.0,0.003,0.0,25,0.5,0.027262636,0.003743908602116761
14.529,900.0335479037136,0.1076274790433341,0.0,0.2,0.2,20.249999999999996,0.8,0.8,900.0,0.003,0.0,25,0.5,0.023499194,0.0037439100506456596
14.532,900.0335479166971,0.10765810078553777,0.0,0.2,0.2,20.249999999999996,0.8,0.8,900.0,0.003,0.0,25,0.5,0.023150432,0.003743911376766876
14.535,900.0335479285815,0.10769098531654014,0.0,0.2,0.2,20.249999999999996,0.8,0.8,900.0,0.003,0.0,25,0.5,0.027053425,0.0037439125533388824
14.538,900.0335479391223,0.1077261608176965,0.0,0.2,0.2,20.249999999999996,0.8,0.8,900.0,0.003,0.0,25,0.5,0.023765336,0.003743913569590687
14.541,900.0335479482252,0.10776365488608745,0.0,0.2,0.2,20.249999999999996,0.8,0.8,900.0,0.003,0.0,25,0.5,0.022492949,0.0037439144302075515
14.544,900.0335479559276,0.10780349456643695,0.0,0.2,0.2,20.249999999999996,0.8,0.8,900.0,0.003,0.0,25,0.5,0.02613583,0.003743915153150139
14.547,900.0335479623916,0.10784570627945858,0.0,0.2,0.2,20.249999999999996,0.8,0.8,900.0,0.003,0.0,25,0.5,0.022517009,0.0037439157669469656
14.55,900.0335479678837,0.10789031542256095,0.0,0.2,0.2,20.249999999999996,0.8,0.8,900.0,0.003,0.0,25,0.5,0.022608959,0.003743916306574116
14.553,900.0335479727082,0.10793734612556882,0.0,0.2,0.2,20.249999999999996,0.8,0.8,900.0,0.003,0.0,25,0.5,0.027447147,0.0037439168058119943
14.556000000000001,900.0335479771678,0.10798682163900312,0.0,0.2,0.2,20.249999999999996,0.8,0.8,900.0,0.003,0.0,25,0.5,0.024962332,0.003743917294401709
14.559000000000001,900.033547981531,0.10803876426385717,0.0,0.2,0.2,20.249999999999996,0.8,0.8,900.0,0.003,0.0,25,0.5,0.022638729,0.003743917795288186
14.562000000000001,900.0335479859947,0.10809319522823908,0.0,0.2,0.2,20.249999999999996,0.8,0.8,900.0,0.003,0.0,25,0.5,0.02610913,0.0037439183222061443
14.565,900.0335479906918,0.10815013476099307,0.0,0.2,0.2,20.249999999999996,0.8,0.8,900.0,0.003,0.0,25,0.5,0.023032832,0.0037439188795423887
14.568,900.0335479956562,0.1082096020532158,0.0,0.2,0.2,20.249999999999996,0.8,0.8,900.0,0.003,0.0,25,0.5,0.022851391,0.0037439194632788385
14.571,900.033548000856,0.10827161519953934,0.0,0.2,0.2,20.249999999999996,0.8,0.8,900.0,0.003,0.0,25,0.5,0.026842473,0.00374392006409548
14.574,900.0335480062131,0.10833619072021432,0.0,0.2,0.2,20.249999999999996,0.8,0.8,900.0,0.003,0.0,25,0.5,0.023594085,0.003743920668435689
14.577,900.033548011595,0.10840334372286478,0.0,0.2,0.2,20.249999999999996,0.8,0.8,900.0,0.003,0.0,25,0.5,0.02282003,0.003743921260355796
14.58,900.0335480168632,0.10847308802143343,0.0,0.2,0.2,20.249999999999996,0.8,0.8,900.0,0.003,0.0,25,0.5,0.026775973,0.0037439218249259946
14.583,900.0335480218848,0.10854543625180882,0.0,0.2,0.2,20.249999999999996,0.8,0.8,900.0,0.003,0.0,25,0.5,0.022981162,0.003743922350780833
14.586,900.0335480265536,0.10862039981403109,0.0,0.2,0.2,20.249999999999996,0.8,0.8,900.0,0.003,0.0,25,0.5,0.023112122,0.0037439228312074785
14.589,900.0335480308169,0.1086979888083806,0.0,0.2,0.2,20.249999999999996,0.8,0.8,900.0,0.003,0.0,25,0.5,0.026188049,0.0037439232644760363
14.592,900.0335480346528,0.10877821202115599,0.0,0.2,0.2,20.249999999999996,0.8,0.8,900.0,0.003,0.0,25,0.5,0.022455758,0.0037439236536541674
14.595,900.0335480380932,0.10886107691485775,0.0,0.2,0.2,20.249999999999996,0.8,0.8,900.0,0.003,0.0,25,0.5,0.023894647,0.0037439240058302708
14.598,900.0335480412004,0.10894658962187816,0.0,0.2,0.2,20.249999999999996,0.8,0.8,900.0,0.003,0.0,25,0.5,0.026957764,0.0037439243306323098
14.601,900.0335480440599,0.10903475499090093,0.0,0.2,0.2,20.249999999999996,0.8,0.8,900.0,0.003,0.0,25,0.5,0.023259653,0.003743924638739064
14.604000000000001,900.0335480467658,0.10912557656509005,0.0,0.2,0.2,20.249999999999996,0.8,0.8,900.0,0.003,0.0,25,0.5,0.022847811,0.0037439249405662664
14.607000000000001,900.0335480494124,0.10921905657400255,0.0,0.2,0.2,20.249999999999996,0.8,0.8,900.0,0.003,0.0,25,0.5,0.026924114,0.0037439252451475676
14.61,900.0335480520846,0.10931519594391523,0.0,0.2,0.2,20.249999999999996,0.8,0.8,900.0,0.003,0.0,25,0.5,0.022869091,0.003743925559288845
14.613,900.0335480548409,0.10941399430245598,0.0,0.2,0.2,20.249999999999996,0.8,0.8,900.0,0.003,0.0,25,0.5,0.023089242,0.003743925887859056
14.616,900.0335480577252,0.10951544972280071,0.0,0.2,0.2,20.249999999999996,0.8,0.8,900.0,0.003,0.0,25,0.5,0.02631725,0.003743926233774874
14.619,900.0335480607899,0.10961955843439537,0.0,0.2,0.2,20.249999999999996,0.8,0.8,900.0,0.003,0.0,25,0.5,0.022952681,0.0037439266009520163
14.622,900.0335480640508,0.10972631339904687,0.0,0.2,0.2,20.249999999999996,0.8,0.8,900.0,0.003,0.0,25,0.5,0.022937451,0.0037439269909734685
14.625,900.0335480675467,0.10983570500955922,0.0,0.2,0.2,20.249999999999996,0.8,0.8,900.0,0.003,0.0,25,0.5,0.026676942,0.0037439274130684204
14.628,900.0335480713385,0.10994771923332136,0.0,0.2,0.2,20.249999999999996,0.8,0.8,900.0,0.003,0.0,25,0.5,0.02275318,0.0037439278718151923
14.631,900.0335480754634,0.11006234049827525,0.0,0.2,0.2,20.249999999999996,0.8,0.8,900.0,0.003,0.0,25,0.5,0.023080572,0.0037439283699428837
14.634,900.033548079954,0.11017955064090862,0.0,0.2,0.2,20.249999999999996,0.8,0.8,900.0,0.003,0.0,25,0.5,0.027175145,0.003743928906950664
14.637,900.0335480847891,0.110299329525245,0.0,0.2,0.2,20.249999999999996,0.8,0.8,900.0,0.003,0.0,25,0.5,0.023679035,0.003743929478543942
14.64,900.0335480899522,0.11042165585702693,0.0,0.2,0.2,20.249999999999996,0.8,0.8,900.0,0.003,0.0,25,0.5,0.023267053,0.0037439300852988816
14.643,900.0335480954918,0.11054650446674374,0.0,0.2,0.2,20.249999999999996,0.8,0.8,900.0,0.003,0.0,25,0.5,0.026392151,0.003743930736341294
14.646,900.0335481014239,0.11067384449891972,0.0,0.2,0.2,20.249999999999996,0.8,0.8,900.0,0.003,0.0,25,0.5,0.022541379,0.0037439314270860543
14.649000000000001,900.0335481077158,0.11080364398712013,0.0,0.2,0.2,20.249999999999996,0.8,0.8,900.0,0.003,0.0,25,0.5,0.022853181,0.003743932150140785
14.652000000000001,900.0335481142973,0.11093586936082847,0.0,0.2,0.2,20.249999999999996,0.8,0.8,900.0,0.003,0.0,25,0.5,0.026689763,0.0037439328954653223
14.655000000000001,900.0335481210795,0.11107048591058151,0.0,0.2,0.2,20.249999999999996,0.8,0.8,900.0,0.003,0.0,25,0.5,0.022514159,0.0037439336521986606
14.658,900.0335481279732,0.11120745765609116,0.0,0.2,0.2,20.249999999999996,0.8,0.8,900.0,0.003,0.0,25,0.5,0.02280973,0.00374393441044885
14.661,900.0335481348825,0.1113467468070862,0.0,0.2,0.2,20.249999999999996,0.8,0.8,900.0,0.003,0.0,25,0.5,0.026557962,0.003743935162241335
14.664,900.0335481417989,0.11148831358988895,0.0,0.2,0.2,20.249999999999996,0.8,0.8,900.0,0.003,0.0,25,0.5,0.023637165,0.0037439359104343944
14.667,900.0335481486985,0.11163211260672275,0.0,0.2,0.2,20.249999999999996,0.8,0.8,900.0,0.003,0.0,25,0.5,0.02441008,0.003743936651256563
14.67,900.0335481555474,0.11177809669134837,0.0,0.2,0.2,20.249999999999996,0.8,0.8,900.0,0.003,0.0,25,0.5,0.029041206,0.0037439373846842377
14.673,900.0335481623334,0.11192621631731282,0.0,0.2,0.2,20.249999999999996,0.8,0.8,900.0,0.003,0.0,25,0.5,0.023725515,0.0037439381116474214
14.676,900.0335481690635,0.11207642099628669,0.0,0.2,0.2,20.249999999999996,0.8,0.8,900.0,0.003,0.0,25,0.5,0.024380919,0.0037439388347927584
14.679,900.0335481757618,0.11222865931449474,0.0,0.2,0.2,20.249999999999996,0.8,0.8,900.0,0.003,0.0,25,0.5,0.030013281,0.0037439395564604913
14.682,900.0335481824401,0.11238287911068147,0.0,0.2,0.2,20.249999999999996,0.8,0.8,900.0,0.003,0.0,25,0.5,0.025026093,0.003743940276549328
14.685,900.0335481891022,0.11253902781119583,0.0,0.2,0.2,20.249999999999996,0.8,0.8,900.0,0.003,0.0,25,0.5,0.025043463,0.003743940992989319
14.688,900.033548195726,0.11269705251179117,0.0,0.2,0.2,20.249999999999996,0.8,0.8,900.0,0.003,0.0,25,0.5,0.028726894,0.003743941702333639
14.691,900.033548202281,0.11285690005891508,0.0,0.2,0.2,20.249999999999996,0.8,0.8,900.0,0.003,0.0,25,0.5,0.024052777,0.003743942400349573
14.694,900.0335482087305,0.11301851713067561,0.0,0.2,0.2,20.249999999999996,0.8,0.8,900.0,0.003,0.0,25,0.5,0.02443153,0.003743943082504325
14.697000000000001,900.0335482150322,0.11318185031071099,0.0,0.2,0.2,20.249999999999996,0.8,0.8,900.0,0.003,0.0,25,0.5,0.028420452,0.00374394374434237
14.700000000000001,900.0335482211465,0.11334684616952943,0.0,0.2,0.2,20.249999999999996,0.8,0.8,900.0,0.003,0.0,25,0.5,0.023956317,0.0037439443818097166
14.703000000000001,900.0335482270341,0.11351345134766727,0.0,0.2,0.2,20.249999999999996,0.8,0.8,900.0,0.003,0.0,25,0.5,0.023819276,0.003743944991441677
14.706,900.033548232666,0.11368161264857964,0.0,0.2,0.2,20.249999999999996,0.8,0.8,900.0,0.003,0.0,25,0.5,0.027682479,0.0037439455705800236
14.709,900.0335482380216,0.11385127709724321,0.0,0.2,0.2,20.249999999999996,0.8,0.8,900.0,0.003,0.0,25,0.5,0.024231608,0.0037439461175021367
14.712,900.0335482430777,0.11402239199245845,0.0,0.2,0.2,20.249999999999996,0.8,0.8,900.0,0.003,0.0,25,0.5,0.024223328,0.003743946631115111
14.715,900.0335482478283,0.11419490507873536,0.0,0.2,0.2,20.249999999999996,0.8,0.8,900.0,0.003,0.0,25,0.5,0.029328487,0.0037439471110391866
14.718,900.0335482522994,0.11436876462062712,0.0,0.2,0.2,20.249999999999996,0.8,0.8,900.0,0.003,0.0,25,0.5,0.023407534,0.00374394756499457
14.721,900.0335482566242,0.11454391513546179,0.0,0.2,0.2,20.249999999999996,0.8,0.8,900.0,0.003,0.0,25,0.5,0.023731805,0.0037439480080358792
14.724,900.0335482608376,0.11472029595259728,0.0,0.2,0.2,20.249999999999996,0.8,0.8,900.0,0.003,0.0,25,0.5,0.027455276,0.0037439484436404408
14.727,900.0335482649787,0.11489784710985179,0.0,0.2,0.2,20.249999999999996,0.8,0.8,900.0,0.003,0.0,25,0.5,0.024078468,0.003743948875338306
14.73,900.0335482690756,0.11507650948739113,0.0,0.2,0.2,20.249999999999996,0.8,0.8,900.0,0.003,0.0,25,0.5,0.024009487,0.003743949304471665
14.733,900.0335482731414,0.11525622482131652,0.0,0.2,0.2,20.249999999999996,0.8,0.8,900.0,0.003,0.0,25,0.5,0.028794395,0.003743949729561632
14.736,900.0335482771593,0.11543693573741816,0.0,0.2,0.2,20.249999999999996,0.8,0.8,900.0,0.003,0.0,25,0.5,0.023399944,0.003743950146361181
14.739,900.0335482810971,0.11561858587869686,0.0,0.2,0.2,20.249999999999996,0.8,0.8,900.0,0.003,0.0,25,0.5,0.023804585,0.003743950549391607
14.742,900.0335482849065,0.11580111963121113,0.0,0.2,0.2,20.249999999999996,0.8,0.8,900.0,0.003,0.0,25,0.5,0.027883819,0.0037439509324140785
14.745000000000001,900.0335482885256,0.11598448229116683,0.0,0.2,0.2,20.249999999999996,0.8,0.8,900.0,0.003,0.0,25,0.5,0.024170377,0.0037439512882816626
14.748000000000001,900.0335482918889,0.11616862041393096,0.0,0.2,0.2,20.249999999999996,0.8,0.8,900.0,0.003,0.0,25,0.5,0.022950521,0.0037439516102011935
14.751,900.0335482949426,0.11635348188024545,0.0,0.2,0.2,20.249999999999996,0.8,0.8,900.0,0.003,0.0,25,0.5,0.026680603,0.0037439518947960447
14.754,900.0335482976691,0.11653901525666592,0.0,0.2,0.2,20.249999999999996,0.8,0.8,900.0,0.003,0.0,25,0.5,0.0227531,0.003743952146945518
14.757,900.0335483001008,0.1167251688015722,0.0,0.2,0.2,20.249999999999996,0.8,0.8,900.0,0.003,0.0,25,0.5,0.022975901,0.00374395237165423
14.76,900.0335483022765,0.11691189194360875,0.0,0.2,0.2,20.249999999999996,0.8,0.8,900.0,0.003,0.0,25,0.5,0.027420427,0.003743952572831351
14.763,900.033548304234,0.11709913557248822,0.0,0.2,0.2,20.249999999999996,0.8,0.8,900.0,0.003,0.0,25,0.5,0.02280198,0.0037439527534771613
14.766,900.0335483059937,0.11728685207804676,0.0,0.2,0.2,20.249999999999996,0.8,0.8,900.0,0.003,0.0,25,0.5,0.022960051,0.0037439529148568726
14.769,900.0335483075658,0.11747499550946774,0.0,0.2,0.2,20.249999999999996,0.8,0.8,900.0,0.003,0.0,25,0.5,0.026734333,0.003743953056517705
14.772,900.0335483089622,0.11766352157928921,0.0,0.2,0.2,20.249999999999996,0.8,0.8,900.0,0.003,0.0,25,0.5,0.022876951,0.003743953178989704
14.775,900.0335483101773,0.11785238687848368,0.0,0.2,0.2,20.249999999999996,0.8,0.8,900.0,0.003,0.0,25,0.5,0.023741215,0.0037439532825646925
14.778,900.0335483112129,0.11804154940585658,0.0,0.2,0.2,20.249999999999996,0.8,0.8,900.0,0.003,0.0,25,0.5,0.027179995,0.0037439533659950845
14.781,900.0335483120523,0.11823096899388771,0.0,0.2,0.2,20.249999999999996,0.8,0.8,900.0,0.003,0.0,25,0.5,0.023449814,0.0037439534270227
14.784,900.0335483126859,0.11842060730339825,0.0,0.2,0.2,20.249999999999996,0.8,0.8,900.0,0.003,0.0,25,0.5,0.023166062,0.0037439534635990484
14.787,900.0335483130884,0.11861042749376084,0.0,0.2,0.2,20.249999999999996,0.8,0.8,900.0,0.003,0.0,25,0.5,0.026680983,0.003743953472685684
14.790000000000001,900.0335483132654,0.11880039454422639,0.0,0.2,0.2,20.249999999999996,0.8,0.8,900.0,0.003,0.0,25,0.5,0.023243313,0.0037439534634464877
14.793000000000001,900.0335483133449,0.11899047141742979,0.0,0.2,0.2,20.249999999999996,0.8,0.8,900.0,0.003,0.0,25,0.5,0.02269685,0.0037439534578583445
14.796000000000001,900.0335483134593,0.11918061714480407,0.0,0.2,0.2,20.249999999999996,0.8,0.8,900.0,0.003,0.0,25,0.5,0.027075625,0.00374395346060024
14.799,900.0335483136377,0.11937079200211256,0.0,0.2,0.2,20.249999999999996,0.8,0.8,900.0,0.003,0.0,25,0.5,0.02264975,0.003743953469105058
14.802,900.0335483138541,0.11956095822874173,0.0,0.2,0.2,20.249999999999996,0.8,0.8,900.0,0.003,0.0,25,0.5,0.023587565,0.0037439534765087417
14.805,900.0335483140485,0.11975108029081573,0.0,0.2,0.2,20.249999999999996,0.8,0.8,900.0,0.003,0.0,25,0.5,0.026908263,0.0037439534726020616
14.808,900.0335483141237,0.11994112491978033,0.0,0.2,0.2,20.249999999999996,0.8,0.8,900.0,0.003,0.0,25,0.5,0.023803936,0.003743953444958297
14.811,900.033548313975,0.12013106113256312,0.0,0.2,0.2,20.249999999999996,0.8,0.8,900.0,0.003,0.0,25,0.5,0.023284563,0.003743953380742798
14.814,900.0335483134825,0.12032086024030543,0.0,0.2,0.2,20.249999999999996,0.8,0.8,900.0,0.003,0.0,25,0.5,0.029359528,0.0037439532686094966
14.817,900.0335483125623,0.12051049576343788,0.0,0.2,0.2,20.249999999999996,0.8,0.8,900.0,0.003,0.0,25,0.5,0.024998532,0.003743953101918743
14.82,900.033548311143,0.12069994252227771,0.0,0.2,0.2,20.249999999999996,0.8,0.8,900.0,0.003,0.0,25,0.5,0.024362759,0.003743952877179306
14.823,900.0335483092068,0.12088917704369892,0.0,0.2,0.2,20.249999999999996,0.8,0.8,900.0,0.003,0.0,25,0.5,0.030690555,0.003743952595780121
14.826,900.0335483067666,0.12107817668991555,0.0,0.2,0.2,20.249999999999996,0.8,0.8,900.0,0.003,0.0,25,0.5,0.026085379,0.003743952262392201
14.829,900.0335483038477,0.12126691998686678,0.0,0.2,0.2,20.249999999999996,0.8,0.8,900.0,0.003,0.0,25,0.5,0.024339119,0.0037439518825694265
14.832,900.0335483005236,0.12145538748898259,0.0,0.2,0.2,20.249999999999996,0.8,0.8,900.0,0.003,0.0,25,0.5,0.03137965,0.0037439514746870155
14.835,900.0335482969465,0.1216435587257765,0.0,0.2,0.2,20.249999999999996,0.8,0.8,900.0,0.003,0.0,25,0.5,0.024731001,0.003743951055818429
14.838000000000001,900.0335482932531,0.12183141494199096,0.0,0.2,0.2,20.249999999999996,0.8,0.8,900.0,0.003,0.0,25,0.5,0.025536225,0.0037439506375469833
14.841000000000001,900.0335482895499,0.12201893976608359,0.0,0.2,0.2,20.249999999999996,0.8,0.8,900.0,0.003,0.0,25,0.5,0.029552649,0.0037439502266984025
14.844000000000001,900.0335482859035,0.12220611900296638,0.0,0.2,0.2,20.249999999999996,0.8,0.8,900.0,0.003,0.0,25,0.5,0.023724646,0.0037439498246810963
14.847,900.0335482823205,0.1223929406527985,0.0,0.2,0.2,20.249999999999996,0.8,0.8,900.0,0.003,0.0,25,0.5,0.025321885,0.0037439494282738295
14.85,900.0335482787717,0.1225793949042154,0.0,0.2,0.2,20.249999999999996,0.8,0.8,900.0,0.003,0.0,25,0.5,0.030057512,0.003743949031006158
14.853,900.0335482752064,0.12276547411392177,0.0,0.2,0.2,20.249999999999996,0.8,0.8,900.0,0.003,0.0,25,0.5,0.023986627,0.0037439486249333616
14.856,900.0335482715484,0.12295117271935674,0.0,0.2,0.2,20.249999999999996,0.8,0.8,900.0,0.003,0.0,25,0.5,0.024255998,0.003743948201911526
14.859,900.0335482677293,0.12313648724355278,0.0,0.2,0.2,20.249999999999996,0.8,0.8,900.0,0.003,0.0,25,0.5,0.029100896,0.0037439477556889126
14.862,900.0335482636916,0.12332141607432039,0.0,0.2,0.2,20.249999999999996,0.8,0.8,900.0,0.003,0.0,25,0.5,0.024694621,0.0037439472841734006
14.865,900.0335482594204,0.12350595911220212,0.0,0.2,0.2,20.249999999999996,0.8,0.8,900.0,0.003,0.0,25,0.5,0.024376409,0.0037439467875145017
14.868,900.0335482549141,0.12369011828115657,0.0,0.2,0.2,20.249999999999996,0.8,0.8,900.0,0.003,0.0,25,0.5,0.028366373,0.003743946268187277
14.871,900.0335482501928,0.12387389743004407,0.0,0.2,0.2,20.249999999999996,0.8,0.8,900.0,0.003,0.0,25,0.5,0.023610215,0.003743945730495666
14.874,900.0335482452928,0.12405730221505971,0.0,0.2,0.2,20.249999999999996,0.8,0.8,900.0,0.003,0.0,25,0.5,0.024803682,0.003743945179835191
14.877,900.0335482402704,0.12424034016067456,0.0,0.2,0.2,20.249999999999996,0.8,0.8,900.0,0.003,0.0,25,0.5,0.027373047,0.003743944622097718
14.88,900.0335482351699,0.12442302068510319,0.0,0.2,0.2,20.249999999999996,0.8,0.8,900.0,0.003,0.0,25,0.5,0.023722756,0.003743944062939144
14.883000000000001,900.0335482300459,0.12460535511503718,0.0,0.2,0.2,20.249999999999996,0.8,0.8,900.0,0.003,0.0,25,0.5,0.023468634,0.0037439435071820286
14.886000000000001,900.0335482249396,0.12478735665401926,0.0,0.2,0.2,20.249999999999996,0.8,0.8,900.0,0.003,0.0,25,0.5,0.027812679,0.0037439429583810226
14.889000000000001,900.0335482198825,0.1249690403496046,0.0,0.2,0.2,20.249999999999996,0.8,0.8,900.0,0.003,0.0,25,0.5,0.023620555,0.0037439424186262917
14.892,900.0335482148977,0.12515042305949942,0.0,0.2,0.2,20.249999999999996,0.8,0.8,900.0,0.003,0.0,25,0.5,0.024359019,0.0037439418887702646
14.895,900.0335482099927,0.12533152333834457,0.0,0.2,0.2,20.249999999999996,0.8,0.8,900.0,0.003,0.0,25,0.5,0.027072375,0.003743941368974917
14.898,900.0335482051655,0.12551236126662949,0.0,0.2,0.2,20.249999999999996,0.8,0.8,900.0,0.003,0.0,25,0.5,0.023454073,0.003743940858177762
14.901,900.0335482004107,0.1256929585561517,0.0,0.2,0.2,20.249999999999996,0.8,0.8,900.0,0.003,0.0,25,0.5,0.023921916,0.0037439403543866566
14.904,900.0335481957052,0.1258733385680136,0.0,0.2,0.2,20.249999999999996,0.8,0.8,900.0,0.003,0.0,25,0.5,0.028360442,0.0037439398550607812
14.907,900.0335481910279,0.12605352627726857,0.0,0.2,0.2,20.249999999999996,0.8,0.8,900.0,0.003,0.0,25,0.5,0.023518855,0.0037439393574449885
14.91,900.0335481863609,0.12623354821703858,0.0,0.2,0.2,20.249999999999996,0.8,0.8,900.0,0.003,0.0,25,0.5,0.022949751,0.003743938859348499
14.913,900.0335481816909,0.12641343221903725,0.0,0.2,0.2,20.249999999999996,0.8,0.8,900.0,0.003,0.0,25,0.5,0.027313647,0.0037439383636658505
14.916,900.0335481770505,0.12659320583976172,0.0,0.2,0.2,20.249999999999996,0.8,0.8,900.0,0.003,0.0,25,0.5,0.023944307,0.003743937874611335
14.919,900.0335481724749,0.12677289671159778,0.0,0.2,0.2,20.249999999999996,0.8,0.8,900.0,0.003,0.0,25,0.5,0.023022211,0.003743937395813945
14.922,900.0335481679945,0.1269525326575681,0.0,0.2,0.2,20.249999999999996,0.8,0.8,900.0,0.003,0.0,25,0.5,0.027309736,0.003743936931590905
14.925,900.0335481636375,0.12713214157887096,0.0,0.2,0.2,20.249999999999996,0.8,0.8,900.0,0.003,0.0,25,0.5,0.023096052,0.0037439364815398226
14.928,900.0335481593982,0.12731175264654712,0.0,0.2,0.2,20.249999999999996,0.8,0.8,900.0,0.003,0.0,25,0.5,0.02261314,0.003743936042228434
14.931000000000001,900.0335481552437,0.1274913962715718,0.0,0.2,0.2,20.249999999999996,0.8,0.8,900.0,0.003,0.0,25,0.5,0.026581582,0.003743935608212691
14.934000000000001,900.0335481511248,0.1276711040536634,0.0,0.2,0.2,20.249999999999996,0.8,0.8,900.0,0.003,0.0,25,0.5,0.023129053,0.00374393517186846
14.937000000000001,900.0335481469757,0.1278509090359841,0.0,0.2,0.2,20.249999999999996,0.8,0.8,900.0,0.003,0.0,25,0.5,0.02283655,0.0037439347243006945
14.94,900.0335481427127,0.12803084556222788,0.0,0.2,0.2,20.249999999999996,0.8,0.8,900.0,0.003,0.0,25,0.5,0.027226095,0.003743934256943611
14.943,900.0335481382733,0.12821094896777277,0.0,0.2,0.2,20.249999999999996,0.8,0.8,900.0,0.003,0.0,25,0.5,0.022889961,0.0037439337656617134
14.946,900.0335481336533,0.12839125439333074,0.0,0.2,0.2,20.249999999999996,0.8,0.8,900.0,0.003,0.0,25,0.5,0.022530598,0.003743933263975389
14.949,900.0335481289444,0.12857179278657585,0.0,0.2,0.2,20.249999999999996,0.8,0.8,900.0,0.003,0.0,25,0.5,0.027608508,0.0037439327614608056
14.952,900.0335481242189,0.12875259510238937,0.0,0.2,0.2,20.249999999999996,0.8,0.8,900.0,0.003,0.0,25,0.5,0.023550754,0.0037439322611102937
14.955,900.0335481195045,0.12893369323737516,0.0,0.2,0.2,20.249999999999996,0.8,0.8,900.0,0.003,0.0,25,0.5,0.022566629,0.003743931762145856
14.958,900.0335481147958,0.12911511991585467,0.0,0.2,0.2,20.249999999999996,0.8,0.8,900.0,0.003,0.0,25,0.5,0.027172395,0.0037439312609918135
14.961,900.0335481100697,0.12929690844548242,0.0,0.2,0.2,20.249999999999996,0.8,0.8,900.0,0.003,0.0,25,0.5,0.022959021,0.0037439307518532332
14.964,900.0335481052601,0.12947909234180788,0.0,0.2,0.2,20.249999999999996,0.8,0.8,900.0,0.003,0.0,25,0.5,0.022990172,0.003743930225432279
14.967,900.033548100288,0.1296617058599393,0.0,0.2,0.2,20.249999999999996,0.8,0.8,900.0,0.003,0.0,25,0.5,0.027112995,0.0037439296709176283
14.97,900.0335480950549,0.12984478399111693,0.0,0.2,0.2,20.249999999999996,0.8,0.8,900.0,0.003,0.0,25,0.5,0.022915311,0.003743929077519776
14.973,900.0335480894591,0.13002836240860016,0.0,0.2,0.2,20.249999999999996,0.8,0.8,900.0,0.003,0.0,25,0.5,0.023617945,0.003743928435855287
14.976,900.0335480834287,0.1302124774079425,0.0,0.2,0.2,20.249999999999996,0.8,0.8,900.0,0.003,0.0,25,0.5,0.026649822,0.0037439277392058027
14.979000000000001,900.0335480768946,0.13039716581503477,0.0,0.2,0.2,20.249999999999996,0.8,0.8,900.0,0.003,0.0,25,0.5,0.022433489,0.0037439269838097965
14.982000000000001,900.033548069826,0.1305824649855324,0.0,0.2,0.2,20.249999999999996,0.8,0.8,900.0,0.003,0.0,25,0.5,0.022551759,0.003743926168116447
14.985,900.0335480621911,0.1307684130113798,0.0,0.2,0.2,20.249999999999996,0.8,0.8,900.0,0.003,0.0,25,0.5,0.026629682,0.00374392529099034
14.988,900.0335480540014,0.13095504899876306,0.0,0.2,0.2,20.249999999999996,0.8,0.8,900.0,0.003,0.0,25,0.5,0.022671929,0.003743924354172391
14.991,900.0335480452662,0.13114241239881377,0.0,0.2,0.2,20.249999999999996,0.8,0.8,900.0,0.003,0.0,25,0.5,0.023498094,0.0037439233611688593
14.994,900.0335480360179,0.13133054296194485,0.0,0.2,0.2,20.249999999999996,0.8,0.8,900.0,0.003,0.0,25,0.5,0.026775243,0.0037439223166696616
14.997,900.0335480263014,0.13151948072684222,0.0,0.2,0.2,20.249999999999996,0.8,0.8,900.0,0.003,0.0,25,0.5,0.022939351,0.0037439212259402117
15.0,900.0335480161624,0.13170926599779448,0.0,0.2,0.2,20.249999999999996,0.8,0.8,900.0,0.003,0.0,25,0.5,0.022992611,0.003743920094284957
