time,density,kinetic_energy,fluid_viscosity,boundary_viscosity,fluid_depth,rest_density_grid_spacing,smoothing_length,rest_density,time_step_size,solver_iterations
5.0,900.2367725662315,194.6558490904336,0.2,0.2,20.249999999999996,0.8,0.8,900.0,0.005,10
5.005,900.2365933751879,195.02267914725482,0.2,0.2,20.249999999999996,0.8,0.8,900.0,0.005,10
5.01,900.2360835249282,195.43094831253924,0.2,0.2,20.249999999999996,0.8,0.8,900.0,0.005,10
5.015,900.2351726004946,195.87363392082779,0.2,0.2,20.249999999999996,0.8,0.8,900.0,0.005,10
5.0200000000000005,900.2339682681234,196.31100323529284,0.2,0.2,20.249999999999996,0.8,0.8,900.0,0.005,10
5.025,900.2329375188481,196.5221161301977,0.2,0.2,20.249999999999996,0.8,0.8,900.0,0.005,10
5.03,900.2322144857387,196.47781969568962,0.2,0.2,20.249999999999996,0.8,0.8,900.0,0.005,10
5.035,900.2308866003499,196.86378001915512,0.2,0.2,20.249999999999996,0.8,0.8,900.0,0.005,10
5.04,900.2294093042674,197.2817978207034,0.2,0.2,20.249999999999996,0.8,0.8,900.0,0.005,10
5.045,900.227955217796,197.58834310248878,0.2,0.2,20.249999999999996,0.8,0.8,900.0,0.005,10
5.05,900.2262774013326,197.94620124554118,0.2,0.2,20.249999999999996,0.8,0.8,900.0,0.005,10
5.055,900.2243597146631,198.16316901591432,0.2,0.2,20.249999999999996,0.8,0.8,900.0,0.005,10
5.0600000000000005,900.2222088950256,198.41085147000277,0.2,0.2,20.249999999999996,0.8,0.8,900.0,0.005,10
5.065,900.2199285142634,198.6235100364033,0.2,0.2,20.249999999999996,0.8,0.8,900.0,0.005,10
5.07,900.2174354556813,198.77956360963645,0.2,0.2,20.249999999999996,0.8,0.8,900.0,0.005,10
5.075,900.2148466447144,198.84260399963327,0.2,0.2,20.249999999999996,0.8,0.8,900.0,0.005,10
5.08,900.212576784085,198.80244369578932,0.2,0.2,20.249999999999996,0.8,0.8,900.0,0.005,10
5.085,900.2103094329419,198.6651365619059,0.2,0.2,20.249999999999996,0.8,0.8,900.0,0.005,10
5.09,900.2081071091966,198.48401158544794,0.2,0.2,20.249999999999996,0.8,0.8,900.0,0.005,10
5.095,900.2061946158724,198.17124315916206,0.2,0.2,20.249999999999996,0.8,0.8,900.0,0.005,10
5.1000000000000005,900.2045795946855,197.83662229310917,0.2,0.2,20.249999999999996,0.8,0.8,900.0,0.005,10
5.105,900.2030589722028,197.49420088830544,0.2,0.2,20.249999999999996,0.8,0.8,900.0,0.005,10
5.11,900.2017931569301,197.11898603522616,0.2,0.2,20.249999999999996,0.8,0.8,900.0,0.005,10
5.115,900.2012642744364,196.49735742989515,0.2,0.2,20.249999999999996,0.8,0.8,900.0,0.005,10
5.12,900.2009752187319,195.98884169356833,0.2,0.2,20.249999999999996,0.8,0.8,900.0,0.005,10
5.125,900.2008005532552,195.46911304472695,0.2,0.2,20.249999999999996,0.8,0.8,900.0,0.005,10
5.13,900.2006029622308,194.96174295497863,0.2,0.2,20.249999999999996,0.8,0.8,900.0,0.005,10
5.135,900.2005214698323,194.45207352554272,0.2,0.2,20.249999999999996,0.8,0.8,900.0,0.005,10
5.14,900.2009386545252,193.91146446545494,0.2,0.2,20.249999999999996,0.8,0.8,900.0,0.005,10
5.1450000000000005,900.201569156664,193.40239725523367,0.2,0.2,20.249999999999996,0.8,0.8,900.0,0.005,10
5.15,900.2022698079684,192.97136595342,0.2,0.2,20.249999999999996,0.8,0.8,900.0,0.005,10
5.155,900.2031537887424,192.5701878365216,0.2,0.2,20.249999999999996,0.8,0.8,900.0,0.005,10
5.16,900.2042381935162,192.20357595670208,0.2,0.2,20.249999999999996,0.8,0.8,900.0,0.005,10
5.165,900.2054524828825,191.88378211901838,0.2,0.2,20.249999999999996,0.8,0.8,900.0,0.005,10
5.17,900.2069630996813,191.60509744257757,0.2,0.2,20.249999999999996,0.8,0.8,900.0,0.005,10
5.175,900.208618319241,191.38466906131262,0.2,0.2,20.249999999999996,0.8,0.8,900.0,0.005,10
5.18,900.2105131661716,191.19382840118223,0.2,0.2,20.249999999999996,0.8,0.8,900.0,0.005,10
5.1850000000000005,900.2128749697192,190.88688828120755,0.2,0.2,20.249999999999996,0.8,0.8,900.0,0.005,10
5.19,900.2152257484993,190.59493715679037,0.2,0.2,20.249999999999996,0.8,0.8,900.0,0.005,10
5.195,900.2182740449808,190.187359708797,0.2,0.2,20.249999999999996,0.8,0.8,900.0,0.005,10
5.2,900.2205754719029,190.18405713050643,0.2,0.2,20.249999999999996,0.8,0.8,900.0,0.005,10
5.205,900.2224126711167,190.23100570380203,0.2,0.2,20.249999999999996,0.8,0.8,900.0,0.005,10
5.21,900.2237130701521,190.34509304935722,0.2,0.2,20.249999999999996,0.8,0.8,900.0,0.005,10
5.215,900.2243852615555,190.4772409968487,0.2,0.2,20.249999999999996,0.8,0.8,900.0,0.005,10
5.22,900.2245046426092,190.6168948869414,0.2,0.2,20.249999999999996,0.8,0.8,900.0,0.005,10
5.2250000000000005,900.2240061420243,190.79432505089386,0.2,0.2,20.249999999999996,0.8,0.8,900.0,0.005,10
5.23,900.2229400097087,190.94780854491518,0.2,0.2,20.249999999999996,0.8,0.8,900.0,0.005,10
5.235,900.2215710774894,190.97734083409074,0.2,0.2,20.249999999999996,0.8,0.8,900.0,0.005,10
5.24,900.2200158672847,191.0032356429321,0.2,0.2,20.249999999999996,0.8,0.8,900.0,0.005,10
5.245,900.2181800600586,191.075261768075,0.2,0.2,20.249999999999996,0.8,0.8,900.0,0.005,10
5.25,900.2165428819059,191.1599173659063,0.2,0.2,20.249999999999996,0.8,0.8,900.0,0.005,10
5.255,900.2151479537154,191.250416881662,0.2,0.2,20.249999999999996,0.8,0.8,900.0,0.005,10
5.26,900.2144242600098,191.3078123282229,0.2,0.2,20.249999999999996,0.8,0.8,900.0,0.005,10
5.265,900.2143865304033,191.34938462257156,0.2,0.2,20.249999999999996,0.8,0.8,900.0,0.005,10
5.2700000000000005,900.2152484917773,191.3722017546691,0.2,0.2,20.249999999999996,0.8,0.8,900.0,0.005,10
5.275,900.2169037707806,191.40254247093245,0.2,0.2,20.249999999999996,0.8,0.8,900.0,0.005,10
5.28,900.2196144651967,191.3512558014591,0.2,0.2,20.249999999999996,0.8,0.8,900.0,0.005,10
5.285,900.223157586676,191.31873877919082,0.2,0.2,20.249999999999996,0.8,0.8,900.0,0.005,10
5.29,900.2272746311116,191.3552867185834,0.2,0.2,20.249999999999996,0.8,0.8,900.0,0.005,10
5.295,900.2320698540652,191.36833426600464,0.2,0.2,20.249999999999996,0.8,0.8,900.0,0.005,10
5.3,900.2375267477007,191.26833000429997,0.2,0.2,20.249999999999996,0.8,0.8,900.0,0.005,10
5.305,900.2429312895775,191.3092748925511,0.2,0.2,20.249999999999996,0.8,0.8,900.0,0.005,10
5.3100000000000005,900.2484877829635,191.28487486996738,0.2,0.2,20.249999999999996,0.8,0.8,900.0,0.005,10
5.315,900.2536861725778,191.47015768483416,0.2,0.2,20.249999999999996,0.8,0.8,900.0,0.005,10
5.32,900.2582344410276,191.7794049481951,0.2,0.2,20.249999999999996,0.8,0.8,900.0,0.005,10
5.325,900.2619475739735,192.13422414900023,0.2,0.2,20.249999999999996,0.8,0.8,900.0,0.005,10
5.33,900.2644118571064,192.60229041967344,0.2,0.2,20.249999999999996,0.8,0.8,900.0,0.005,10
5.335,900.2656194311589,193.1426092361009,0.2,0.2,20.249999999999996,0.8,0.8,900.0,0.005,10
5.34,900.2656034104407,193.7285680569952,0.2,0.2,20.249999999999996,0.8,0.8,900.0,0.005,10
5.345,900.2644027671903,194.3403425678956,0.2,0.2,20.249999999999996,0.8,0.8,900.0,0.005,10
5.3500000000000005,900.2620403494178,194.85975720908246,0.2,0.2,20.249999999999996,0.8,0.8,900.0,0.005,10
5.355,900.2582289982104,195.43208286740222,0.2,0.2,20.249999999999996,0.8,0.8,900.0,0.005,10
5.36,900.2534582801096,195.943500146113,0.2,0.2,20.249999999999996,0.8,0.8,900.0,0.005,10
5.365,900.2480503830428,196.36430101148088,0.2,0.2,20.249999999999996,0.8,0.8,900.0,0.005,10
5.37,900.2425247007008,196.6550688033566,0.2,0.2,20.249999999999996,0.8,0.8,900.0,0.005,10
5.375,900.2371492817991,196.81853688731204,0.2,0.2,20.249999999999996,0.8,0.8,900.0,0.005,10
5.38,900.2321079811,196.8953955150088,0.2,0.2,20.249999999999996,0.8,0.8,900.0,0.005,10
5.385,900.2276286201469,196.8850113803279,0.2,0.2,20.249999999999996,0.8,0.8,900.0,0.005,10
5.39,900.22386861454,196.81164698685294,0.2,0.2,20.249999999999996,0.8,0.8,900.0,0.005,10
5.3950000000000005,900.2210963898633,196.63144985910776,0.2,0.2,20.249999999999996,0.8,0.8,900.0,0.005,10
5.4,900.2196255265641,196.2514384486941,0.2,0.2,20.249999999999996,0.8,0.8,900.0,0.005,10
5.405,900.2187672695042,196.08125544698584,0.2,0.2,20.249999999999996,0.8,0.8,900.0,0.005,10
5.41,900.2186492266425,195.8994166203455,0.2,0.2,20.249999999999996,0.8,0.8,900.0,0.005,10
5.415,900.2191202219376,195.7671759447346,0.2,0.2,20.249999999999996,0.8,0.8,900.0,0.005,10
5.42,900.2199742627224,195.71474348032393,0.2,0.2,20.249999999999996,0.8,0.8,900.0,0.005,10
5.425,900.2209473277045,195.7571760711393,0.2,0.2,20.249999999999996,0.8,0.8,900.0,0.005,10
5.43,900.2220288692284,195.6917278372428,0.2,0.2,20.249999999999996,0.8,0.8,900.0,0.005,10
5.4350000000000005,900.2229974236755,195.86853535748148,0.2,0.2,20.249999999999996,0.8,0.8,900.0,0.005,10
5.44,900.2232366096429,196.20375539779113,0.2,0.2,20.249999999999996,0.8,0.8,900.0,0.005,10
5.445,900.2228997804074,196.5936505594048,0.2,0.2,20.249999999999996,0.8,0.8,900.0,0.005,10
5.45,900.2214795269928,196.97554608854992,0.2,0.2,20.249999999999996,0.8,0.8,900.0,0.005,10
5.455,900.2190886360779,197.2839941327314,0.2,0.2,20.249999999999996,0.8,0.8,900.0,0.005,10
5.46,900.2158416585175,197.4566887142779,0.2,0.2,20.249999999999996,0.8,0.8,900.0,0.005,10
5.465,900.2120502334652,197.3862840485621,0.2,0.2,20.249999999999996,0.8,0.8,900.0,0.005,10
5.47,900.2081683591181,197.0574868846748,0.2,0.2,20.249999999999996,0.8,0.8,900.0,0.005,10
5.4750000000000005,900.2046863237897,196.55375246169203,0.2,0.2,20.249999999999996,0.8,0.8,900.0,0.005,10
5.48,900.2019534931867,196.00278983404476,0.2,0.2,20.249999999999996,0.8,0.8,900.0,0.005,10
5.485,900.2001573943706,195.52525470408915,0.2,0.2,20.249999999999996,0.8,0.8,900.0,0.005,10
5.49,900.1992685280538,195.15354046067006,0.2,0.2,20.249999999999996,0.8,0.8,900.0,0.005,10
5.495,900.1991960015099,194.84747304109862,0.2,0.2,20.249999999999996,0.8,0.8,900.0,0.005,10
5.5,900.1998650542015,194.56629539288124,0.2,0.2,20.249999999999996,0.8,0.8,900.0,0.005,10
5.505,900.2012995756941,194.25724634086865,0.2,0.2,20.249999999999996,0.8,0.8,900.0,0.005,10
5.51,900.2031549097369,193.88847132901174,0.2,0.2,20.249999999999996,0.8,0.8,900.0,0.005,10
5.515,900.2051536625966,193.53286102248308,0.2,0.2,20.249999999999996,0.8,0.8,900.0,0.005,10
5.5200000000000005,900.2070459995276,193.22936680029437,0.2,0.2,20.249999999999996,0.8,0.8,900.0,0.005,10
5.525,900.2086222714867,192.96662061781342,0.2,0.2,20.249999999999996,0.8,0.8,900.0,0.005,10
5.53,900.209933330923,192.72866208218957,0.2,0.2,20.249999999999996,0.8,0.8,900.0,0.005,10
5.535,900.2109308485609,192.52652536599913,0.2,0.2,20.249999999999996,0.8,0.8,900.0,0.005,10
5.54,900.2116716576285,192.36026695981508,0.2,0.2,20.249999999999996,0.8,0.8,900.0,0.005,10
5.545,900.2122361970767,192.23018630067818,0.2,0.2,20.249999999999996,0.8,0.8,900.0,0.005,10
5.55,900.2128169095465,192.13595368629007,0.2,0.2,20.249999999999996,0.8,0.8,900.0,0.005,10
5.555,900.2135167465652,192.08157948697217,0.2,0.2,20.249999999999996,0.8,0.8,900.0,0.005,10
5.5600000000000005,900.214442137031,192.05293230088367,0.2,0.2,20.249999999999996,0.8,0.8,900.0,0.005,10
5.565,900.2157185696062,192.04845990722916,0.2,0.2,20.249999999999996,0.8,0.8,900.0,0.005,10
5.57,900.217439912125,192.07242044590123,0.2,0.2,20.249999999999996,0.8,0.8,900.0,0.005,10
5.575,900.2196161311446,192.13683371544602,0.2,0.2,20.249999999999996,0.8,0.8,900.0,0.005,10
5.58,900.2223053592785,192.2165737250174,0.2,0.2,20.249999999999996,0.8,0.8,900.0,0.005,10
5.585,900.2254920777951,192.29600549051395,0.2,0.2,20.249999999999996,0.8,0.8,900.0,0.005,10
5.59,900.2290767467084,192.38925873469856,0.2,0.2,20.249999999999996,0.8,0.8,900.0,0.005,10
5.595,900.2327668068081,192.53646808002526,0.2,0.2,20.249999999999996,0.8,0.8,900.0,0.005,10
5.6000000000000005,900.2364462736056,192.709385035709,0.2,0.2,20.249999999999996,0.8,0.8,900.0,0.005,10
5.605,900.240077024689,192.89295293676145,0.2,0.2,20.249999999999996,0.8,0.8,900.0,0.005,10
5.61,900.2433121965754,193.1265210356218,0.2,0.2,20.249999999999996,0.8,0.8,900.0,0.005,10
5.615,900.2458195765274,193.39306784147067,0.2,0.2,20.249999999999996,0.8,0.8,900.0,0.005,10
5.62,900.2475003729658,193.68924566008656,0.2,0.2,20.249999999999996,0.8,0.8,900.0,0.005,10
5.625,900.2482568594775,194.00942781165512,0.2,0.2,20.249999999999996,0.8,0.8,900.0,0.005,10
5.63,900.2480448070875,194.34365620844488,0.2,0.2,20.249999999999996,0.8,0.8,900.0,0.005,10
5.635,900.2471303610662,194.44556413015596,0.2,0.2,20.249999999999996,0.8,0.8,900.0,0.005,10
5.64,900.2452849048555,194.70665422104648,0.2,0.2,20.249999999999996,0.8,0.8,900.0,0.005,10
5.6450000000000005,900.2425311013069,194.95964320336984,0.2,0.2,20.249999999999996,0.8,0.8,900.0,0.005,10
5.65,900.2390958152085,195.1799310581707,0.2,0.2,20.249999999999996,0.8,0.8,900.0,0.005,10
5.655,900.2351854874476,195.3495037133161,0.2,0.2,20.249999999999996,0.8,0.8,900.0,0.005,10
5.66,900.2310022343444,195.4948681051924,0.2,0.2,20.249999999999996,0.8,0.8,900.0,0.005,10
5.665,900.22680669075,195.5894970055313,0.2,0.2,20.249999999999996,0.8,0.8,900.0,0.005,10
5.67,900.2228455007585,195.6233318401229,0.2,0.2,20.249999999999996,0.8,0.8,900.0,0.005,10
5.675,900.2194981077769,195.55278520814477,0.2,0.2,20.249999999999996,0.8,0.8,900.0,0.005,10
5.68,900.216943830356,195.3162339895344,0.2,0.2,20.249999999999996,0.8,0.8,900.0,0.005,10
5.6850000000000005,900.2149382663466,195.1563643974039,0.2,0.2,20.249999999999996,0.8,0.8,900.0,0.005,10
5.69,900.2132851694786,195.02843151121448,0.2,0.2,20.249999999999996,0.8,0.8,900.0,0.005,10
5.695,900.2121597944076,194.8811579301913,0.2,0.2,20.249999999999996,0.8,0.8,900.0,0.005,10
5.7,900.2116076915198,194.72545798703297,0.2,0.2,20.249999999999996,0.8,0.8,900.0,0.005,10
5.705,900.2115402953311,194.5581486714101,0.2,0.2,20.249999999999996,0.8,0.8,900.0,0.005,10
5.71,900.2117772492439,194.392212247963,0.2,0.2,20.249999999999996,0.8,0.8,900.0,0.005,10
5.715,900.2123017386847,194.1652695180454,0.2,0.2,20.249999999999996,0.8,0.8,900.0,0.005,10
5.72,900.2127797473638,193.96422767110533,0.2,0.2,20.249999999999996,0.8,0.8,900.0,0.005,10
5.7250000000000005,900.2130054650507,193.7810744611335,0.2,0.2,20.249999999999996,0.8,0.8,900.0,0.005,10
5.73,900.2129759463262,193.59079815534213,0.2,0.2,20.249999999999996,0.8,0.8,900.0,0.005,10
5.735,900.2127181280575,193.3769113977733,0.2,0.2,20.249999999999996,0.8,0.8,900.0,0.005,10
5.74,900.2121951655921,193.12960457398228,0.2,0.2,20.249999999999996,0.8,0.8,900.0,0.005,10
5.745,900.2115906966584,192.78101768416266,0.2,0.2,20.249999999999996,0.8,0.8,900.0,0.005,10
5.75,900.2108134957122,192.36992222220542,0.2,0.2,20.249999999999996,0.8,0.8,900.0,0.005,10
5.755,900.2099033577499,191.92975734041462,0.2,0.2,20.249999999999996,0.8,0.8,900.0,0.005,10
5.76,900.209212035752,191.4676567823056,0.2,0.2,20.249999999999996,0.8,0.8,900.0,0.005,10
5.765,900.2088941453025,190.95733857142477,0.2,0.2,20.249999999999996,0.8,0.8,900.0,0.005,10
5.7700000000000005,900.2089245928425,190.42047084660697,0.2,0.2,20.249999999999996,0.8,0.8,900.0,0.005,10
5.775,900.2093360648588,189.90739941182298,0.2,0.2,20.249999999999996,0.8,0.8,900.0,0.005,10
5.78,900.2102268954944,189.41779982544236,0.2,0.2,20.249999999999996,0.8,0.8,900.0,0.005,10
5.785,900.2116419233133,188.9636929158916,0.2,0.2,20.249999999999996,0.8,0.8,900.0,0.005,10
5.79,900.2135734557779,188.5559722146787,0.2,0.2,20.249999999999996,0.8,0.8,900.0,0.005,10
5.795,900.2159684401736,188.210152085016,0.2,0.2,20.249999999999996,0.8,0.8,900.0,0.005,10
5.8,900.2188126220808,187.93263447907006,0.2,0.2,20.249999999999996,0.8,0.8,900.0,0.005,10
5.805,900.2219918004339,187.7464602604715,0.2,0.2,20.249999999999996,0.8,0.8,900.0,0.005,10
5.8100000000000005,900.225359380579,187.67051123043743,0.2,0.2,20.249999999999996,0.8,0.8,900.0,0.005,10
5.815,900.2288877978791,187.70480864663514,0.2,0.2,20.249999999999996,0.8,0.8,900.0,0.005,10
5.82,900.2323774373265,187.8424557154018,0.2,0.2,20.249999999999996,0.8,0.8,900.0,0.005,10
5.825,900.2357642660969,188.11526574299648,0.2,0.2,20.249999999999996,0.8,0.8,900.0,0.005,10
5.83,900.2391351502414,188.4797219970873,0.2,0.2,20.249999999999996,0.8,0.8,900.0,0.005,10
5.835,900.2423400715734,188.9949041689096,0.2,0.2,20.249999999999996,0.8,0.8,900.0,0.005,10
5.84,900.2452942468036,189.62590203485897,0.2,0.2,20.249999999999996,0.8,0.8,900.0,0.005,10
5.845,900.2479565173467,190.23017263185852,0.2,0.2,20.249999999999996,0.8,0.8,900.0,0.005,10
5.8500000000000005,900.2501575225953,190.92562301166765,0.2,0.2,20.249999999999996,0.8,0.8,900.0,0.005,10
5.855,900.2516842512063,191.76470718926944,0.2,0.2,20.249999999999996,0.8,0.8,900.0,0.005,10
5.86,900.2527537990203,192.66462909898775,0.2,0.2,20.249999999999996,0.8,0.8,900.0,0.005,10
5.865,900.2533079366418,193.58767454441892,0.2,0.2,20.249999999999996,0.8,0.8,900.0,0.005,10
5.87,900.2532769634674,194.50146583835948,0.2,0.2,20.249999999999996,0.8,0.8,900.0,0.005,10
5.875,900.2525823166784,195.38721130066978,0.2,0.2,20.249999999999996,0.8,0.8,900.0,0.005,10
5.88,900.2512186308812,196.22196976897797,0.2,0.2,20.249999999999996,0.8,0.8,900.0,0.005,10
5.885,900.2492518848842,196.98661092317954,0.2,0.2,20.249999999999996,0.8,0.8,900.0,0.005,10
5.89,900.246707173419,197.67587726040324,0.2,0.2,20.249999999999996,0.8,0.8,900.0,0.005,10
5.8950000000000005,900.2436802449936,198.27629124118334,0.2,0.2,20.249999999999996,0.8,0.8,900.0,0.005,10
5.9,900.2403043840868,198.77821814777488,0.2,0.2,20.249999999999996,0.8,0.8,900.0,0.005,10
5.905,900.23670260839,199.17203503032948,0.2,0.2,20.249999999999996,0.8,0.8,900.0,0.005,10
5.91,900.2334411011088,199.13910224704884,0.2,0.2,20.249999999999996,0.8,0.8,900.0,0.005,10
5.915,900.230116306291,199.21676230018454,0.2,0.2,20.249999999999996,0.8,0.8,900.0,0.005,10
5.92,900.2268986875151,199.05854173631894,0.2,0.2,20.249999999999996,0.8,0.8,900.0,0.005,10
5.925,900.2237140384178,198.90358572411304,0.2,0.2,20.249999999999996,0.8,0.8,900.0,0.005,10
5.93,900.2207558049475,198.68844184330797,0.2,0.2,20.249999999999996,0.8,0.8,900.0,0.005,10
5.9350000000000005,900.2178938225353,198.50238047428473,0.2,0.2,20.249999999999996,0.8,0.8,900.0,0.005,10
5.94,900.21512560313,198.243480971032,0.2,0.2,20.249999999999996,0.8,0.8,900.0,0.005,10
5.945,900.2131254924977,197.57613885559397,0.2,0.2,20.249999999999996,0.8,0.8,900.0,0.005,10
5.95,900.2113801309887,197.079596675299,0.2,0.2,20.249999999999996,0.8,0.8,900.0,0.005,10
5.955,900.2096030246117,196.5824557743153,0.2,0.2,20.249999999999996,0.8,0.8,900.0,0.005,10
5.96,900.2076611935404,196.13928926632798,0.2,0.2,20.249999999999996,0.8,0.8,900.0,0.005,10
5.965,900.205774374916,195.6740400942761,0.2,0.2,20.249999999999996,0.8,0.8,900.0,0.005,10
5.97,900.2041577909907,195.19795209092626,0.2,0.2,20.249999999999996,0.8,0.8,900.0,0.005,10
5.9750000000000005,900.2026779197134,194.69499228989662,0.2,0.2,20.249999999999996,0.8,0.8,900.0,0.005,10
5.98,900.2012958918557,194.19069380366918,0.2,0.2,20.249999999999996,0.8,0.8,900.0,0.005,10
5.985,900.2001703619267,193.68239799307807,0.2,0.2,20.249999999999996,0.8,0.8,900.0,0.005,10
5.99,900.1994204809165,193.17473408754103,0.2,0.2,20.249999999999996,0.8,0.8,900.0,0.005,10
5.995,900.1993207745156,192.62940306487647,0.2,0.2,20.249999999999996,0.8,0.8,900.0,0.005,10
6.0,900.1997758188483,192.11919201096194,0.2,0.2,20.249999999999996,0.8,0.8,900.0,0.005,10
6.005,900.2007878246638,191.6789459228318,0.2,0.2,20.249999999999996,0.8,0.8,900.0,0.005,10
6.01,900.2027163517865,191.28630559341013,0.2,0.2,20.249999999999996,0.8,0.8,900.0,0.005,10
6.015000000000001,900.2058054163759,190.9432245926287,0.2,0.2,20.249999999999996,0.8,0.8,900.0,0.005,10
6.0200000000000005,900.2095576690767,190.69621256106578,0.2,0.2,20.249999999999996,0.8,0.8,900.0,0.005,10
6.025,900.2139824148937,190.52626187144148,0.2,0.2,20.249999999999996,0.8,0.8,900.0,0.005,10
6.03,900.2191950047135,190.38857735148125,0.2,0.2,20.249999999999996,0.8,0.8,900.0,0.005,10
6.035,900.2249954234045,190.3363556923336,0.2,0.2,20.249999999999996,0.8,0.8,900.0,0.005,10
6.04,900.2313820182327,190.31596755611875,0.2,0.2,20.249999999999996,0.8,0.8,900.0,0.005,10
6.045,900.2381580834169,190.4055497899474,0.2,0.2,20.249999999999996,0.8,0.8,900.0,0.005,10
6.05,900.2445207482064,190.70321151653854,0.2,0.2,20.249999999999996,0.8,0.8,900.0,0.005,10
6.055,900.2503884748756,191.1480118968832,0.2,0.2,20.249999999999996,0.8,0.8,900.0,0.005,10
6.0600000000000005,900.2557197208805,191.7196251526421,0.2,0.2,20.249999999999996,0.8,0.8,900.0,0.005,10
6.065,900.2602361361056,192.4168413079585,0.2,0.2,20.249999999999996,0.8,0.8,900.0,0.005,10
6.07,900.2637781999812,193.17812246489,0.2,0.2,20.249999999999996,0.8,0.8,900.0,0.005,10
6.075,900.2661854662512,194.0025651415653,0.2,0.2,20.249999999999996,0.8,0.8,900.0,0.005,10
6.08,900.2669538615057,194.96634829308547,0.2,0.2,20.249999999999996,0.8,0.8,900.0,0.005,10
6.085,900.2660507916779,196.0085617237391,0.2,0.2,20.249999999999996,0.8,0.8,900.0,0.005,10
6.09,900.263774987545,196.83673532215676,0.2,0.2,20.249999999999996,0.8,0.8,900.0,0.005,10
6.095,900.260721400694,197.58352470200992,0.2,0.2,20.249999999999996,0.8,0.8,900.0,0.005,10
6.1000000000000005,900.2555862593887,198.632207043335,0.2,0.2,20.249999999999996,0.8,0.8,900.0,0.005,10
6.105,900.2489956164836,199.60291355240506,0.2,0.2,20.249999999999996,0.8,0.8,900.0,0.005,10
6.11,900.241377046317,200.45043567615105,0.2,0.2,20.249999999999996,0.8,0.8,900.0,0.005,10
6.115,900.2333013029519,201.10775973141816,0.2,0.2,20.249999999999996,0.8,0.8,900.0,0.005,10
6.12,900.2249843679228,201.54101242625026,0.2,0.2,20.249999999999996,0.8,0.8,900.0,0.005,10
6.125,900.2170183375282,201.65327372993926,0.2,0.2,20.249999999999996,0.8,0.8,900.0,0.005,10
6.13,900.211070707585,200.99436751812226,0.2,0.2,20.249999999999996,0.8,0.8,900.0,0.005,10
6.135,900.2050013063889,200.8177682107608,0.2,0.2,20.249999999999996,0.8,0.8,900.0,0.005,10
6.140000000000001,900.2000454046231,200.45010271401569,0.2,0.2,20.249999999999996,0.8,0.8,900.0,0.005,10
6.1450000000000005,900.1966754829735,200.00079857782876,0.2,0.2,20.249999999999996,0.8,0.8,900.0,0.005,10
6.15,900.195507481824,199.4371581340678,0.2,0.2,20.249999999999996,0.8,0.8,900.0,0.005,10
6.155,900.1957605302373,198.9246583784483,0.2,0.2,20.249999999999996,0.8,0.8,900.0,0.005,10
6.16,900.1975485051188,198.35254941145783,0.2,0.2,20.249999999999996,0.8,0.8,900.0,0.005,10
6.165,900.2008556996441,197.79146077138674,0.2,0.2,20.249999999999996,0.8,0.8,900.0,0.005,10
6.17,900.2050176831617,197.34592962754206,0.2,0.2,20.249999999999996,0.8,0.8,900.0,0.005,10
6.175,900.2099812163076,196.96978871249948,0.2,0.2,20.249999999999996,0.8,0.8,900.0,0.005,10
6.18,900.2151133295808,196.68043290556494,0.2,0.2,20.249999999999996,0.8,0.8,900.0,0.005,10
6.1850000000000005,900.2203162615444,196.38018137570978,0.2,0.2,20.249999999999996,0.8,0.8,900.0,0.005,10
6.19,900.2248406888883,196.23210280886732,0.2,0.2,20.249999999999996,0.8,0.8,900.0,0.005,10
6.195,900.2284225257524,196.27128823155726,0.2,0.2,20.249999999999996,0.8,0.8,900.0,0.005,10
6.2,900.230923079403,196.4267525418438,0.2,0.2,20.249999999999996,0.8,0.8,900.0,0.005,10
6.205,900.232223055486,196.71069442733582,0.2,0.2,20.249999999999996,0.8,0.8,900.0,0.005,10
6.21,900.2323119756103,197.11331690780466,0.2,0.2,20.249999999999996,0.8,0.8,900.0,0.005,10
6.215,900.2313046608336,197.5691460055622,0.2,0.2,20.249999999999996,0.8,0.8,900.0,0.005,10
6.22,900.2294828741904,197.89095201389975,0.2,0.2,20.249999999999996,0.8,0.8,900.0,0.005,10
6.2250000000000005,900.2265577710226,198.28892032624987,0.2,0.2,20.249999999999996,0.8,0.8,900.0,0.005,10
6.23,900.2228624042389,198.71545289299794,0.2,0.2,20.249999999999996,0.8,0.8,900.0,0.005,10
6.235,900.2186095810716,199.1195056003665,0.2,0.2,20.249999999999996,0.8,0.8,900.0,0.005,10
6.24,900.2141967787936,199.44901059974708,0.2,0.2,20.249999999999996,0.8,0.8,900.0,0.005,10
6.245,900.2105182551389,199.37359644603956,0.2,0.2,20.249999999999996,0.8,0.8,900.0,0.005,10
6.25,900.2077399926975,199.0451757664833,0.2,0.2,20.249999999999996,0.8,0.8,900.0,0.005,10
6.255,900.205464279542,198.63395198894042,0.2,0.2,20.249999999999996,0.8,0.8,900.0,0.005,10
6.26,900.2039674632241,198.22173172623414,0.2,0.2,20.249999999999996,0.8,0.8,900.0,0.005,10
6.265000000000001,900.2030535815237,197.89032592218297,0.2,0.2,20.249999999999996,0.8,0.8,900.0,0.005,10
6.2700000000000005,900.2027754733865,197.66098885321827,0.2,0.2,20.249999999999996,0.8,0.8,900.0,0.005,10
6.275,900.2029919878053,197.50346843948418,0.2,0.2,20.249999999999996,0.8,0.8,900.0,0.005,10
6.28,900.2037865110066,197.4096595896749,0.2,0.2,20.249999999999996,0.8,0.8,900.0,0.005,10
6.285,900.2046656595905,197.36210510713204,0.2,0.2,20.249999999999996,0.8,0.8,900.0,0.005,10
6.29,900.2054319014651,197.324585776026,0.2,0.2,20.249999999999996,0.8,0.8,900.0,0.005,10
6.295,900.2059281946061,197.2871640910605,0.2,0.2,20.249999999999996,0.8,0.8,900.0,0.005,10
6.3,900.2061342302912,197.210388686154,0.2,0.2,20.249999999999996,0.8,0.8,900.0,0.005,10
6.305,900.2058207977195,197.15166053717027,0.2,0.2,20.249999999999996,0.8,0.8,900.0,0.005,10
6.3100000000000005,900.2050340764769,197.08579607990325,0.2,0.2,20.249999999999996,0.8,0.8,900.0,0.005,10
6.315,900.2039710653112,196.97539153774943,0.2,0.2,20.249999999999996,0.8,0.8,900.0,0.005,10
6.32,900.2027770328351,196.82611668462886,0.2,0.2,20.249999999999996,0.8,0.8,900.0,0.005,10
6.325,900.2015063091497,196.64147576793084,0.2,0.2,20.249999999999996,0.8,0.8,900.0,0.005,10
6.33,900.2003641706702,196.44943662096279,0.2,0.2,20.249999999999996,0.8,0.8,900.0,0.005,10
6.335,900.199539731905,196.242605970899,0.2,0.2,20.249999999999996,0.8,0.8,900.0,0.005,10
6.34,900.1992668196227,196.00914399476102,0.2,0.2,20.249999999999996,0.8,0.8,900.0,0.005,10
6.345,900.1998887144096,195.74574260054703,0.2,0.2,20.249999999999996,0.8,0.8,900.0,0.005,10
6.3500000000000005,900.2013418843363,195.48840741123354,0.2,0.2,20.249999999999996,0.8,0.8,900.0,0.005,10
6.355,900.2036273398141,195.24075677725014,0.2,0.2,20.249999999999996,0.8,0.8,900.0,0.005,10
6.36,900.2068127446,194.98800769618077,0.2,0.2,20.249999999999996,0.8,0.8,900.0,0.005,10
6.365,900.2108244582997,194.76744843484147,0.2,0.2,20.249999999999996,0.8,0.8,900.0,0.005,10
6.37,900.2154949313491,194.6032207113626,0.2,0.2,20.249999999999996,0.8,0.8,900.0,0.005,10
6.375,900.2206543917811,194.4840177142017,0.2,0.2,20.249999999999996,0.8,0.8,900.0,0.005,10
6.38,900.226158397147,194.41254079592503,0.2,0.2,20.249999999999996,0.8,0.8,900.0,0.005,10
6.385,900.2321073764597,194.25491125327332,0.2,0.2,20.249999999999996,0.8,0.8,900.0,0.005,10
6.390000000000001,900.2378522871122,194.2850967599753,0.2,0.2,20.249999999999996,0.8,0.8,900.0,0.005,10
6.3950000000000005,900.2430833192965,194.4809810445889,0.2,0.2,20.249999999999996,0.8,0.8,900.0,0.005,10
6.4,900.2477477728371,194.7687895548063,0.2,0.2,20.249999999999996,0.8,0.8,900.0,0.005,10
6.405,900.2518230674305,195.1368188847247,0.2,0.2,20.249999999999996,0.8,0.8,900.0,0.005,10
6.41,900.2552462471941,195.63372844862414,0.2,0.2,20.249999999999996,0.8,0.8,900.0,0.005,10
6.415,900.2580109265647,196.25222044829664,0.2,0.2,20.249999999999996,0.8,0.8,900.0,0.005,10
6.42,900.2601160520021,196.98003052740373,0.2,0.2,20.249999999999996,0.8,0.8,900.0,0.005,10
6.425,900.2615809959465,197.80261652384326,0.2,0.2,20.249999999999996,0.8,0.8,900.0,0.005,10
6.43,900.262453525959,198.70549262034547,0.2,0.2,20.249999999999996,0.8,0.8,900.0,0.005,10
6.4350000000000005,900.2628196623446,199.53293886581702,0.2,0.2,20.249999999999996,0.8,0.8,900.0,0.005,10
6.44,900.2627139943279,200.3755744240504,0.2,0.2,20.249999999999996,0.8,0.8,900.0,0.005,10
6.445,900.2621610027533,201.3064671968584,0.2,0.2,20.249999999999996,0.8,0.8,900.0,0.005,10
6.45,900.2613899951931,202.2752666084213,0.2,0.2,20.249999999999996,0.8,0.8,900.0,0.005,10
6.455,900.2603409022295,203.24382625684916,0.2,0.2,20.249999999999996,0.8,0.8,900.0,0.005,10
6.46,900.2590069826406,204.17723657900194,0.2,0.2,20.249999999999996,0.8,0.8,900.0,0.005,10
6.465,900.2575295558775,205.04727282739915,0.2,0.2,20.249999999999996,0.8,0.8,900.0,0.005,10
6.47,900.2555804034971,205.8784033747853,0.2,0.2,20.249999999999996,0.8,0.8,900.0,0.005,10
6.4750000000000005,900.2530059076986,206.6274676665276,0.2,0.2,20.249999999999996,0.8,0.8,900.0,0.005,10
6.48,900.2498591406098,207.19299605960512,0.2,0.2,20.249999999999996,0.8,0.8,900.0,0.005,10
6.485,900.2459488813256,207.71577558110295,0.2,0.2,20.249999999999996,0.8,0.8,900.0,0.005,10
6.49,900.2411875434235,208.13466542781225,0.2,0.2,20.249999999999996,0.8,0.8,900.0,0.005,10
6.495,900.2355926534225,208.3935124459702,0.2,0.2,20.249999999999996,0.8,0.8,900.0,0.005,10
6.5,900.2292522090394,208.48498978161803,0.2,0.2,20.249999999999996,0.8,0.8,900.0,0.005,10
6.505,900.2222904261967,208.3855936411968,0.2,0.2,20.249999999999996,0.8,0.8,900.0,0.005,10
6.51,900.2150427579537,208.10743732128697,0.2,0.2,20.249999999999996,0.8,0.8,900.0,0.005,10
6.515000000000001,900.2074426651556,207.6982572061678,0.2,0.2,20.249999999999996,0.8,0.8,900.0,0.005,10
6.5200000000000005,900.1998325802367,207.13437842290787,0.2,0.2,20.249999999999996,0.8,0.8,900.0,0.005,10
6.525,900.1926338823441,206.4509292585293,0.2,0.2,20.249999999999996,0.8,0.8,900.0,0.005,10
6.53,900.1862619726676,205.64885073769324,0.2,0.2,20.249999999999996,0.8,0.8,900.0,0.005,10
6.535,900.1810263634835,204.77903228371406,0.2,0.2,20.249999999999996,0.8,0.8,900.0,0.005,10
6.54,900.1769733649994,203.93340229297692,0.2,0.2,20.249999999999996,0.8,0.8,900.0,0.005,10
6.545,900.1742191882005,203.09917756050513,0.2,0.2,20.249999999999996,0.8,0.8,900.0,0.005,10
6.55,900.1728773918566,202.2895091881652,0.2,0.2,20.249999999999996,0.8,0.8,900.0,0.005,10
6.555,900.1729660662219,201.5472842951136,0.2,0.2,20.249999999999996,0.8,0.8,900.0,0.005,10
6.5600000000000005,900.1743962750871,200.8875535902169,0.2,0.2,20.249999999999996,0.8,0.8,900.0,0.005,10
6.565,900.1770490124396,200.31167901574858,0.2,0.2,20.249999999999996,0.8,0.8,900.0,0.005,10
6.57,900.1806661068995,199.82880559600156,0.2,0.2,20.249999999999996,0.8,0.8,900.0,0.005,10
6.575,900.1850468204545,199.43327176983976,0.2,0.2,20.249999999999996,0.8,0.8,900.0,0.005,10
6.58,900.1900937407678,199.11052460718324,0.2,0.2,20.249999999999996,0.8,0.8,900.0,0.005,10
6.585,900.1954540630459,198.8755698738133,0.2,0.2,20.249999999999996,0.8,0.8,900.0,0.005,10
6.59,900.2006334009864,198.78532742670032,0.2,0.2,20.249999999999996,0.8,0.8,900.0,0.005,10
6.595,900.2055756208048,198.79492683742134,0.2,0.2,20.249999999999996,0.8,0.8,900.0,0.005,10
6.6000000000000005,900.2102088612914,198.89488303539173,0.2,0.2,20.249999999999996,0.8,0.8,900.0,0.005,10
6.605,900.2144758029267,199.0766748989035,0.2,0.2,20.249999999999996,0.8,0.8,900.0,0.005,10
6.61,900.2183435531955,199.3270169079537,0.2,0.2,20.249999999999996,0.8,0.8,900.0,0.005,10
6.615,900.221797916962,199.62979627393474,0.2,0.2,20.249999999999996,0.8,0.8,900.0,0.005,10
6.62,900.224837235315,199.97555422940246,0.2,0.2,20.249999999999996,0.8,0.8,900.0,0.005,10
6.625,900.2274370494283,200.35419095921606,0.2,0.2,20.249999999999996,0.8,0.8,900.0,0.005,10
6.63,900.2296210242674,200.7547478978291,0.2,0.2,20.249999999999996,0.8,0.8,900.0,0.005,10
6.635,900.2314231176123,201.16658196496903,0.2,0.2,20.249999999999996,0.8,0.8,900.0,0.005,10
6.640000000000001,900.2328024971637,201.58528021546422,0.2,0.2,20.249999999999996,0.8,0.8,900.0,0.005,10
6.6450000000000005,900.2336970678159,202.0055056109379,0.2,0.2,20.249999999999996,0.8,0.8,900.0,0.005,10
6.65,900.2342833780175,202.27502999298935,0.2,0.2,20.249999999999996,0.8,0.8,900.0,0.005,10
6.655,900.2342362526069,202.62336373354884,0.2,0.2,20.249999999999996,0.8,0.8,900.0,0.005,10
6.66,900.2335881253817,202.95105963557654,0.2,0.2,20.249999999999996,0.8,0.8,900.0,0.005,10
6.665,900.2328010358476,203.05706009568522,0.2,0.2,20.249999999999996,0.8,0.8,900.0,0.005,10
6.67,900.2314878080141,203.2750088188483,0.2,0.2,20.249999999999996,0.8,0.8,900.0,0.005,10
6.675,900.2298506616983,203.43480062838537,0.2,0.2,20.249999999999996,0.8,0.8,900.0,0.005,10
6.68,900.2282071229786,203.54938939843777,0.2,0.2,20.249999999999996,0.8,0.8,900.0,0.005,10
6.6850000000000005,900.2268202996305,203.60386169084313,0.2,0.2,20.249999999999996,0.8,0.8,900.0,0.005,10
6.69,900.2258124139461,203.61065071349648,0.2,0.2,20.249999999999996,0.8,0.8,900.0,0.005,10
6.695,900.2253241142071,203.58545002923717,0.2,0.2,20.249999999999996,0.8,0.8,900.0,0.005,10
6.7,900.2255041491054,203.54010618205206,0.2,0.2,20.249999999999996,0.8,0.8,900.0,0.005,10
6.705,900.2266456421471,203.49846140605837,0.2,0.2,20.249999999999996,0.8,0.8,900.0,0.005,10
6.71,900.2284297246882,203.4424104864041,0.2,0.2,20.249999999999996,0.8,0.8,900.0,0.005,10
6.715,900.2307966763206,203.3988495513196,0.2,0.2,20.249999999999996,0.8,0.8,900.0,0.005,10
6.72,900.2336819869054,203.37933438652018,0.2,0.2,20.249999999999996,0.8,0.8,900.0,0.005,10
6.7250000000000005,900.2369248914641,203.3923500652894,0.2,0.2,20.249999999999996,0.8,0.8,900.0,0.005,10
6.73,900.2402934916308,203.4546921892695,0.2,0.2,20.249999999999996,0.8,0.8,900.0,0.005,10
6.735,900.2435291201589,203.57206318097028,0.2,0.2,20.249999999999996,0.8,0.8,900.0,0.005,10
6.74,900.2464257207597,203.73348811644337,0.2,0.2,20.249999999999996,0.8,0.8,900.0,0.005,10
6.745,900.2487164957777,203.92104281830046,0.2,0.2,20.249999999999996,0.8,0.8,900.0,0.005,10
6.75,900.2504031103339,204.07110429975432,0.2,0.2,20.249999999999996,0.8,0.8,900.0,0.005,10
6.755,900.2511724477233,204.17945516158434,0.2,0.2,20.249999999999996,0.8,0.8,900.0,0.005,10
6.76,900.2508897469226,204.37410271404977,0.2,0.2,20.249999999999996,0.8,0.8,900.0,0.005,10
6.765000000000001,900.2497202167533,204.5024966044366,0.2,0.2,20.249999999999996,0.8,0.8,900.0,0.005,10
6.7700000000000005,900.248535722584,203.98568099072833,0.2,0.2,20.249999999999996,0.8,0.8,900.0,0.005,10
6.775,900.2456017480761,204.22122846669342,0.2,0.2,20.249999999999996,0.8,0.8,900.0,0.005,10
6.78,900.2417708632923,204.47092029453236,0.2,0.2,20.249999999999996,0.8,0.8,900.0,0.005,10
6.785,900.2374235500915,204.6543269891218,0.2,0.2,20.249999999999996,0.8,0.8,900.0,0.005,10
6.79,900.2329034118815,204.7473459733608,0.2,0.2,20.249999999999996,0.8,0.8,900.0,0.005,10
6.795,900.2282612750212,204.75021177503322,0.2,0.2,20.249999999999996,0.8,0.8,900.0,0.005,10
6.8,900.2244802610016,204.23590548370422,0.2,0.2,20.249999999999996,0.8,0.8,900.0,0.005,10
6.805,900.2214214878604,203.8584838718279,0.2,0.2,20.249999999999996,0.8,0.8,900.0,0.005,10
6.8100000000000005,900.2183305653439,203.5908180560417,0.2,0.2,20.249999999999996,0.8,0.8,900.0,0.005,10
6.815,900.215874577009,203.15600484458633,0.2,0.2,20.249999999999996,0.8,0.8,900.0,0.005,10
6.82,900.2144632408226,202.62875165154557,0.2,0.2,20.249999999999996,0.8,0.8,900.0,0.005,10
6.825,900.2136635457969,202.21860401177597,0.2,0.2,20.249999999999996,0.8,0.8,900.0,0.005,10
6.83,900.2138697620359,201.65959212979442,0.2,0.2,20.249999999999996,0.8,0.8,900.0,0.005,10
6.835,900.2145908322699,201.21153847985678,0.2,0.2,20.249999999999996,0.8,0.8,900.0,0.005,10
6.84,900.2154702511805,200.8191440299284,0.2,0.2,20.249999999999996,0.8,0.8,900.0,0.005,10
6.845,900.2164396012037,200.45487342621075,0.2,0.2,20.249999999999996,0.8,0.8,900.0,0.005,10
6.8500000000000005,900.2173873955614,200.15379526205697,0.2,0.2,20.249999999999996,0.8,0.8,900.0,0.005,10
6.855,900.2183721179688,199.88757873494737,0.2,0.2,20.249999999999996,0.8,0.8,900.0,0.005,10
6.86,900.2194946355206,199.62281571951297,0.2,0.2,20.249999999999996,0.8,0.8,900.0,0.005,10
6.865,900.2204772806152,199.39911929271676,0.2,0.2,20.249999999999996,0.8,0.8,900.0,0.005,10
6.87,900.2212918729409,199.15939278758333,0.2,0.2,20.249999999999996,0.8,0.8,900.0,0.005,10
6.875,900.2219745653438,198.95505910199103,0.2,0.2,20.249999999999996,0.8,0.8,900.0,0.005,10
6.88,900.2224996033552,198.8192927586623,0.2,0.2,20.249999999999996,0.8,0.8,900.0,0.005,10
6.885,900.2229505674281,198.55114867648058,0.2,0.2,20.249999999999996,0.8,0.8,900.0,0.005,10
6.890000000000001,900.223438858552,198.30355806406857,0.2,0.2,20.249999999999996,0.8,0.8,900.0,0.005,10
6.8950000000000005,900.2238360503941,198.0986099567747,0.2,0.2,20.249999999999996,0.8,0.8,900.0,0.005,10
6.9,900.224242298721,197.92057564786367,0.2,0.2,20.249999999999996,0.8,0.8,900.0,0.005,10
6.905,900.2248070419845,197.7956703130465,0.2,0.2,20.249999999999996,0.8,0.8,900.0,0.005,10
6.91,900.2254579489526,197.71933187831746,0.2,0.2,20.249999999999996,0.8,0.8,900.0,0.005,10
6.915,900.2263585015105,197.55796872228404,0.2,0.2,20.249999999999996,0.8,0.8,900.0,0.005,10
6.92,900.227378465773,197.4756995894323,0.2,0.2,20.249999999999996,0.8,0.8,900.0,0.005,10
6.925,900.2283951904226,197.44084593391145,0.2,0.2,20.249999999999996,0.8,0.8,900.0,0.005,10
6.93,900.229680592744,197.36147159352623,0.2,0.2,20.249999999999996,0.8,0.8,900.0,0.005,10
6.9350000000000005,900.2307669875435,197.37207616220977,0.2,0.2,20.249999999999996,0.8,0.8,900.0,0.005,10
6.94,900.2316042284814,197.44260963240376,0.2,0.2,20.249999999999996,0.8,0.8,900.0,0.005,10
6.945,900.2321911175322,197.5623046307813,0.2,0.2,20.249999999999996,0.8,0.8,900.0,0.005,10
6.95,900.232502873158,197.71919276350084,0.2,0.2,20.249999999999996,0.8,0.8,900.0,0.005,10
6.955,900.2324741365223,197.90546711006922,0.2,0.2,20.249999999999996,0.8,0.8,900.0,0.005,10
6.96,900.2321200199342,198.10562555438236,0.2,0.2,20.249999999999996,0.8,0.8,900.0,0.005,10
6.965,900.231339596943,198.31249826306976,0.2,0.2,20.249999999999996,0.8,0.8,900.0,0.005,10
6.97,900.2301370809133,198.56340460588603,0.2,0.2,20.249999999999996,0.8,0.8,900.0,0.005,10
6.9750000000000005,900.2283371167905,198.841576173975,0.2,0.2,20.249999999999996,0.8,0.8,900.0,0.005,10
6.98,900.2260330479063,199.11744899021343,0.2,0.2,20.249999999999996,0.8,0.8,900.0,0.005,10
6.985,900.2232755772387,199.3614291157917,0.2,0.2,20.249999999999996,0.8,0.8,900.0,0.005,10
6.99,900.2202833872274,199.46618451964866,0.2,0.2,20.249999999999996,0.8,0.8,900.0,0.005,10
6.995,900.2175906311334,199.52846256532513,0.2,0.2,20.249999999999996,0.8,0.8,900.0,0.005,10
7.0,900.2142560839648,199.66528226500657,0.2,0.2,20.249999999999996,0.8,0.8,900.0,0.005,10
7.005,900.2107408315364,199.69164284443903,0.2,0.2,20.249999999999996,0.8,0.8,900.0,0.005,10
7.01,900.2070981015858,199.64554975114402,0.2,0.2,20.249999999999996,0.8,0.8,900.0,0.005,10
7.015000000000001,900.2036281502533,199.50845910998,0.2,0.2,20.249999999999996,0.8,0.8,900.0,0.005,10
7.0200000000000005,900.2005686669892,199.27438842452352,0.2,0.2,20.249999999999996,0.8,0.8,900.0,0.005,10
7.025,900.1980946578357,198.9784495575364,0.2,0.2,20.249999999999996,0.8,0.8,900.0,0.005,10
7.03,900.1963914996088,198.60995734365247,0.2,0.2,20.249999999999996,0.8,0.8,900.0,0.005,10
7.035,900.1955611009421,198.19176101139723,0.2,0.2,20.249999999999996,0.8,0.8,900.0,0.005,10
7.04,900.195372238671,197.86352381168575,0.2,0.2,20.249999999999996,0.8,0.8,900.0,0.005,10
7.045,900.1961271359129,197.45139254619744,0.2,0.2,20.249999999999996,0.8,0.8,900.0,0.005,10
7.05,900.198156140398,196.96645078989934,0.2,0.2,20.249999999999996,0.8,0.8,900.0,0.005,10
7.055,900.2000110311235,196.79374083326707,0.2,0.2,20.249999999999996,0.8,0.8,900.0,0.005,10
7.0600000000000005,900.2021774457153,196.69227076706358,0.2,0.2,20.249999999999996,0.8,0.8,900.0,0.005,10
7.065,900.2047854236359,196.49944002646242,0.2,0.2,20.249999999999996,0.8,0.8,900.0,0.005,10
7.07,900.2075264403845,196.34096290171337,0.2,0.2,20.249999999999996,0.8,0.8,900.0,0.005,10
7.075,900.210035702098,196.31038031358406,0.2,0.2,20.249999999999996,0.8,0.8,900.0,0.005,10
7.08,900.2126072676176,196.0504070475418,0.2,0.2,20.249999999999996,0.8,0.8,900.0,0.005,10
7.085,900.2150062236315,195.96490892362067,0.2,0.2,20.249999999999996,0.8,0.8,900.0,0.005,10
7.09,900.2170874420104,195.84188329639858,0.2,0.2,20.249999999999996,0.8,0.8,900.0,0.005,10
7.095,900.2188684928318,195.89695903269276,0.2,0.2,20.249999999999996,0.8,0.8,900.0,0.005,10
7.1000000000000005,900.2203656019615,196.0427004010927,0.2,0.2,20.249999999999996,0.8,0.8,900.0,0.005,10
7.105,900.221979572176,196.12070659054456,0.2,0.2,20.249999999999996,0.8,0.8,900.0,0.005,10
7.11,900.2237286258216,196.07772309921765,0.2,0.2,20.249999999999996,0.8,0.8,900.0,0.005,10
7.115,900.225585172763,195.9611128006803,0.2,0.2,20.249999999999996,0.8,0.8,900.0,0.005,10
7.12,900.2273359580975,195.93466373149877,0.2,0.2,20.249999999999996,0.8,0.8,900.0,0.005,10
7.125,900.2286045536252,196.09500086141696,0.2,0.2,20.249999999999996,0.8,0.8,900.0,0.005,10
7.13,900.2292130417445,196.3857582556621,0.2,0.2,20.249999999999996,0.8,0.8,900.0,0.005,10
7.135,900.2293697796733,196.70508047306478,0.2,0.2,20.249999999999996,0.8,0.8,900.0,0.005,10
7.140000000000001,900.2294490148673,197.0311035808921,0.2,0.2,20.249999999999996,0.8,0.8,900.0,0.005,10
7.1450000000000005,900.2291223517109,197.33782439786376,0.2,0.2,20.249999999999996,0.8,0.8,900.0,0.005,10
7.15,900.228441567468,197.66077484987068,0.2,0.2,20.249999999999996,0.8,0.8,900.0,0.005,10
7.155,900.2274548881277,197.98869381175535,0.2,0.2,20.249999999999996,0.8,0.8,900.0,0.005,10
7.16,900.2262314979245,198.31067823625284,0.2,0.2,20.249999999999996,0.8,0.8,900.0,0.005,10
7.165,900.2249148436646,198.5869020342297,0.2,0.2,20.249999999999996,0.8,0.8,900.0,0.005,10
7.17,900.2237973021778,198.8109891362937,0.2,0.2,20.249999999999996,0.8,0.8,900.0,0.005,10
7.175,900.2232683585116,198.83649074738864,0.2,0.2,20.249999999999996,0.8,0.8,900.0,0.005,10
7.18,900.2231256924309,198.81220378902134,0.2,0.2,20.249999999999996,0.8,0.8,900.0,0.005,10
7.1850000000000005,900.2229881694026,198.86424007457876,0.2,0.2,20.249999999999996,0.8,0.8,900.0,0.005,10
7.19,900.2229959935265,198.8901532368706,0.2,0.2,20.249999999999996,0.8,0.8,900.0,0.005,10
7.195,900.2231459350553,198.75899744308802,0.2,0.2,20.249999999999996,0.8,0.8,900.0,0.005,10
7.2,900.2236697955342,198.64853915727846,0.2,0.2,20.249999999999996,0.8,0.8,900.0,0.005,10
7.205,900.2239881241608,198.55179286669753,0.2,0.2,20.249999999999996,0.8,0.8,900.0,0.005,10
7.21,900.2254626965649,197.76957219162682,0.2,0.2,20.249999999999996,0.8,0.8,900.0,0.005,10
7.215,900.2261288952301,197.67756808893458,0.2,0.2,20.249999999999996,0.8,0.8,900.0,0.005,10
7.22,900.2264172809399,197.613587562284,0.2,0.2,20.249999999999996,0.8,0.8,900.0,0.005,10
7.2250000000000005,900.2265178075533,197.56794716118645,0.2,0.2,20.249999999999996,0.8,0.8,900.0,0.005,10
7.23,900.2265010802624,197.525660309388,0.2,0.2,20.249999999999996,0.8,0.8,900.0,0.005,10
7.235,900.2266267555855,197.45245098494155,0.2,0.2,20.249999999999996,0.8,0.8,900.0,0.005,10
7.24,900.2264154971899,197.4804272418508,0.2,0.2,20.249999999999996,0.8,0.8,900.0,0.005,10
7.245,900.2260713671307,197.53316709715273,0.2,0.2,20.249999999999996,0.8,0.8,900.0,0.005,10
7.25,900.2255362318004,197.61169990597813,0.2,0.2,20.249999999999996,0.8,0.8,900.0,0.005,10
7.255,900.2249565862538,197.652783215615,0.2,0.2,20.249999999999996,0.8,0.8,900.0,0.005,10
7.26,900.224567241888,197.7150995999058,0.2,0.2,20.249999999999996,0.8,0.8,900.0,0.005,10
7.265000000000001,900.2243308624007,197.78614307039206,0.2,0.2,20.249999999999996,0.8,0.8,900.0,0.005,10
7.2700000000000005,900.2241778465642,197.90922578346957,0.2,0.2,20.249999999999996,0.8,0.8,900.0,0.005,10
7.275,900.2245576254167,197.97238024750877,0.2,0.2,20.249999999999996,0.8,0.8,900.0,0.005,10
7.28,900.2249960472757,198.06012701117214,0.2,0.2,20.249999999999996,0.8,0.8,900.0,0.005,10
7.285,900.225451863249,198.19780502909165,0.2,0.2,20.249999999999996,0.8,0.8,900.0,0.005,10
7.29,900.2261599807472,198.33924368552033,0.2,0.2,20.249999999999996,0.8,0.8,900.0,0.005,10
7.295,900.2270422937528,198.5079999946836,0.2,0.2,20.249999999999996,0.8,0.8,900.0,0.005,10
7.3,900.2284482376318,198.70815679878882,0.2,0.2,20.249999999999996,0.8,0.8,900.0,0.005,10
7.305,900.2299531457729,198.9427699710168,0.2,0.2,20.249999999999996,0.8,0.8,900.0,0.005,10
7.3100000000000005,900.231473256429,199.19534092337582,0.2,0.2,20.249999999999996,0.8,0.8,900.0,0.005,10
7.315,900.2327851466748,199.50000602309518,0.2,0.2,20.249999999999996,0.8,0.8,900.0,0.005,10
7.32,900.2337971621589,199.84060220334092,0.2,0.2,20.249999999999996,0.8,0.8,900.0,0.005,10
7.325,900.2347129228283,200.08595525271184,0.2,0.2,20.249999999999996,0.8,0.8,900.0,0.005,10
7.33,900.2354661731864,200.4557985301289,0.2,0.2,20.249999999999996,0.8,0.8,900.0,0.005,10
7.335,900.2358166359735,200.8928882554422,0.2,0.2,20.249999999999996,0.8,0.8,900.0,0.005,10
7.34,900.23592970587,201.35613294901128,0.2,0.2,20.249999999999996,0.8,0.8,900.0,0.005,10
7.345,900.2359699424273,201.86318928393686,0.2,0.2,20.249999999999996,0.8,0.8,900.0,0.005,10
7.3500000000000005,900.2359925288968,202.4074665922547,0.2,0.2,20.249999999999996,0.8,0.8,900.0,0.005,10
7.355,900.2360720033663,202.94556754182727,0.2,0.2,20.249999999999996,0.8,0.8,900.0,0.005,10
7.36,900.2363400674476,203.5225375573337,0.2,0.2,20.249999999999996,0.8,0.8,900.0,0.005,10
7.365,900.2365098688236,204.18117844758928,0.2,0.2,20.249999999999996,0.8,0.8,900.0,0.005,10
7.37,900.236594412614,204.89440703399384,0.2,0.2,20.249999999999996,0.8,0.8,900.0,0.005,10
7.375,900.2365426456703,205.62253311267042,0.2,0.2,20.249999999999996,0.8,0.8,900.0,0.005,10
7.38,900.2362940874565,206.34462000363908,0.2,0.2,20.249999999999996,0.8,0.8,900.0,0.005,10
7.385,900.2360512569871,206.77517840295369,0.2,0.2,20.249999999999996,0.8,0.8,900.0,0.005,10
7.390000000000001,900.2357558490529,207.16120096537765,0.2,0.2,20.249999999999996,0.8,0.8,900.0,0.005,10
7.3950000000000005,900.2345468276063,207.66690307362535,0.2,0.2,20.249999999999996,0.8,0.8,900.0,0.005,10
7.4,900.2327811503321,208.00904249846965,0.2,0.2,20.249999999999996,0.8,0.8,900.0,0.005,10
7.405,900.2305994938799,208.21943883238512,0.2,0.2,20.249999999999996,0.8,0.8,900.0,0.005,10
7.41,900.2280972265339,208.27782046185172,0.2,0.2,20.249999999999996,0.8,0.8,900.0,0.005,10
7.415,900.2255619172398,208.17037014529447,0.2,0.2,20.249999999999996,0.8,0.8,900.0,0.005,10
7.42,900.2233296789924,207.93404517746143,0.2,0.2,20.249999999999996,0.8,0.8,900.0,0.005,10
7.425,900.2216635205011,207.61404465271445,0.2,0.2,20.249999999999996,0.8,0.8,900.0,0.005,10
7.43,900.2205899637943,207.2123465794501,0.2,0.2,20.249999999999996,0.8,0.8,900.0,0.005,10
7.4350000000000005,900.2200263451097,206.78677139845817,0.2,0.2,20.249999999999996,0.8,0.8,900.0,0.005,10
7.44,900.2201220945115,206.29411135399044,0.2,0.2,20.249999999999996,0.8,0.8,900.0,0.005,10
7.445,900.2206628800604,205.80727272683703,0.2,0.2,20.249999999999996,0.8,0.8,900.0,0.005,10
7.45,900.2213951107352,205.35686566349364,0.2,0.2,20.249999999999996,0.8,0.8,900.0,0.005,10
7.455,900.2222266987102,204.97117694446797,0.2,0.2,20.249999999999996,0.8,0.8,900.0,0.005,10
7.46,900.2230146383744,204.642516827112,0.2,0.2,20.249999999999996,0.8,0.8,900.0,0.005,10
7.465,900.2235652394747,204.36352357580304,0.2,0.2,20.249999999999996,0.8,0.8,900.0,0.005,10
7.47,900.2238155259344,204.0848912757113,0.2,0.2,20.249999999999996,0.8,0.8,900.0,0.005,10
7.4750000000000005,900.2236690090741,203.88225431404356,0.2,0.2,20.249999999999996,0.8,0.8,900.0,0.005,10
7.48,900.2228572690984,203.6969532712759,0.2,0.2,20.249999999999996,0.8,0.8,900.0,0.005,10
7.485,900.2214396879934,203.60920710706,0.2,0.2,20.249999999999996,0.8,0.8,900.0,0.005,10
7.49,900.2195765941451,203.5812595531856,0.2,0.2,20.249999999999996,0.8,0.8,900.0,0.005,10
7.495,900.2174685295668,203.58583865143166,0.2,0.2,20.249999999999996,0.8,0.8,900.0,0.005,10
7.5,900.2152917041163,203.60630940163728,0.2,0.2,20.249999999999996,0.8,0.8,900.0,0.005,10
7.505,900.2137452638659,203.27674268292193,0.2,0.2,20.249999999999996,0.8,0.8,900.0,0.005,10
7.51,900.2121556358643,203.25986877335393,0.2,0.2,20.249999999999996,0.8,0.8,900.0,0.005,10
7.515000000000001,900.2108394090812,203.26627312886052,0.2,0.2,20.249999999999996,0.8,0.8,900.0,0.005,10
7.5200000000000005,900.2100175614681,203.26445135173586,0.2,0.2,20.249999999999996,0.8,0.8,900.0,0.005,10
7.525,900.2097185566977,203.26719980530652,0.2,0.2,20.249999999999996,0.8,0.8,900.0,0.005,10
7.53,900.2100947173151,203.26526631745614,0.2,0.2,20.249999999999996,0.8,0.8,900.0,0.005,10
7.535,900.2111228623119,203.27931499917958,0.2,0.2,20.249999999999996,0.8,0.8,900.0,0.005,10
7.54,900.2126298649314,203.30365222544316,0.2,0.2,20.249999999999996,0.8,0.8,900.0,0.005,10
7.545,900.2145661161933,203.31886597387842,0.2,0.2,20.249999999999996,0.8,0.8,900.0,0.005,10
7.55,900.2165598817003,203.37389077222687,0.2,0.2,20.249999999999996,0.8,0.8,900.0,0.005,10
7.555,900.218487605329,203.4469170838536,0.2,0.2,20.249999999999996,0.8,0.8,900.0,0.005,10
7.5600000000000005,900.22037950257,203.48957098067896,0.2,0.2,20.249999999999996,0.8,0.8,900.0,0.005,10
7.565,900.2220292899206,203.54432369471346,0.2,0.2,20.249999999999996,0.8,0.8,900.0,0.005,10
7.57,900.2232407725858,203.67117845000132,0.2,0.2,20.249999999999996,0.8,0.8,900.0,0.005,10
7.575,900.2238582489382,203.82504672593672,0.2,0.2,20.249999999999996,0.8,0.8,900.0,0.005,10
7.58,900.2238943919666,204.00542071955732,0.2,0.2,20.249999999999996,0.8,0.8,900.0,0.005,10
7.585,900.2233166755062,204.20565132041983,0.2,0.2,20.249999999999996,0.8,0.8,900.0,0.005,10
7.59,900.222122006985,204.39378621507583,0.2,0.2,20.249999999999996,0.8,0.8,900.0,0.005,10
7.595,900.2204038875136,204.52107742549967,0.2,0.2,20.249999999999996,0.8,0.8,900.0,0.005,10
7.6000000000000005,900.2185675280846,204.51932298544563,0.2,0.2,20.249999999999996,0.8,0.8,900.0,0.005,10
7.605,900.2161561380203,204.52740062244771,0.2,0.2,20.249999999999996,0.8,0.8,900.0,0.005,10
7.61,900.2132734748844,204.47084685493013,0.2,0.2,20.249999999999996,0.8,0.8,900.0,0.005,10
7.615,900.2101604480567,204.32354035196695,0.2,0.2,20.249999999999996,0.8,0.8,900.0,0.005,10
7.62,900.2070107574269,204.0813595435319,0.2,0.2,20.249999999999996,0.8,0.8,900.0,0.005,10
7.625,900.2039642201672,203.75192642012962,0.2,0.2,20.249999999999996,0.8,0.8,900.0,0.005,10
7.63,900.201251882767,203.33041502931616,0.2,0.2,20.249999999999996,0.8,0.8,900.0,0.005,10
7.635,900.1989303895391,202.82143060271827,0.2,0.2,20.249999999999996,0.8,0.8,900.0,0.005,10
7.640000000000001,900.1970473520827,202.2622710582669,0.2,0.2,20.249999999999996,0.8,0.8,900.0,0.005,10
7.6450000000000005,900.1955890981848,201.69269515087663,0.2,0.2,20.249999999999996,0.8,0.8,900.0,0.005,10
7.65,900.1947893174037,201.09481599847592,0.2,0.2,20.249999999999996,0.8,0.8,900.0,0.005,10
7.655,900.1947281818938,200.49109652154445,0.2,0.2,20.249999999999996,0.8,0.8,900.0,0.005,10
7.66,900.1955437242766,199.8938429802051,0.2,0.2,20.249999999999996,0.8,0.8,900.0,0.005,10
7.665,900.1970781193244,199.31852491069722,0.2,0.2,20.249999999999996,0.8,0.8,900.0,0.005,10
7.67,900.1992836455828,198.77836691537757,0.2,0.2,20.249999999999996,0.8,0.8,900.0,0.005,10
7.675,900.2021013889682,198.2830526121395,0.2,0.2,20.249999999999996,0.8,0.8,900.0,0.005,10
7.68,900.2054203525862,197.84630551953512,0.2,0.2,20.249999999999996,0.8,0.8,900.0,0.005,10
7.6850000000000005,900.2091020747641,197.4777124312118,0.2,0.2,20.249999999999996,0.8,0.8,900.0,0.005,10
7.69,900.2129942260631,197.18231801868177,0.2,0.2,20.249999999999996,0.8,0.8,900.0,0.005,10
7.695,900.2169300424412,196.97300618731845,0.2,0.2,20.249999999999996,0.8,0.8,900.0,0.005,10
7.7,900.2208206650979,196.82266287757272,0.2,0.2,20.249999999999996,0.8,0.8,900.0,0.005,10
7.705,900.2249289328431,196.56174920589723,0.2,0.2,20.249999999999996,0.8,0.8,900.0,0.005,10
7.71,900.2284122517351,196.6070394222569,0.2,0.2,20.249999999999996,0.8,0.8,900.0,0.005,10
7.715,900.2314083909355,196.76166384816486,0.2,0.2,20.249999999999996,0.8,0.8,900.0,0.005,10
7.72,900.2339994795096,196.99387436004162,0.2,0.2,20.249999999999996,0.8,0.8,900.0,0.005,10
7.7250000000000005,900.23636657559,197.2752856515503,0.2,0.2,20.249999999999996,0.8,0.8,900.0,0.005,10
7.73,900.2382276027813,197.67180309149583,0.2,0.2,20.249999999999996,0.8,0.8,900.0,0.005,10
7.735,900.2399644756595,198.03423462123044,0.2,0.2,20.249999999999996,0.8,0.8,900.0,0.005,10
7.74,900.2415387578293,198.44325883103014,0.2,0.2,20.249999999999996,0.8,0.8,900.0,0.005,10
7.745,900.2429260962028,198.93489493049435,0.2,0.2,20.249999999999996,0.8,0.8,900.0,0.005,10
7.75,900.2442508178839,199.45917318620835,0.2,0.2,20.249999999999996,0.8,0.8,900.0,0.005,10
7.755,900.2458248973155,199.977228769676,0.2,0.2,20.249999999999996,0.8,0.8,900.0,0.005,10
7.76,900.2474386743916,200.52936042466612,0.2,0.2,20.249999999999996,0.8,0.8,900.0,0.005,10
7.765000000000001,900.2492180941173,201.08204697807022,0.2,0.2,20.249999999999996,0.8,0.8,900.0,0.005,10
7.7700000000000005,900.2511478542435,201.66758750148088,0.2,0.2,20.249999999999996,0.8,0.8,900.0,0.005,10
7.775,900.253271813151,202.28778642982343,0.2,0.2,20.249999999999996,0.8,0.8,900.0,0.005,10
7.78,900.2554990984747,202.89942627624959,0.2,0.2,20.249999999999996,0.8,0.8,900.0,0.005,10
7.785,900.2576089350814,203.54601423314298,0.2,0.2,20.249999999999996,0.8,0.8,900.0,0.005,10
7.79,900.2593676432776,204.2015753997608,0.2,0.2,20.249999999999996,0.8,0.8,900.0,0.005,10
7.795,900.2606732776377,204.86150638579053,0.2,0.2,20.249999999999996,0.8,0.8,900.0,0.005,10
7.8,900.2611740227454,205.5400598920954,0.2,0.2,20.249999999999996,0.8,0.8,900.0,0.005,10
7.805000000000001,900.2607908450126,206.2032955330352,0.2,0.2,20.249999999999996,0.8,0.8,900.0,0.005,10
7.8100000000000005,900.2594665028107,206.8275092576321,0.2,0.2,20.249999999999996,0.8,0.8,900.0,0.005,10
7.815,900.2569996921264,207.3972204669707,0.2,0.2,20.249999999999996,0.8,0.8,900.0,0.005,10
7.82,900.2533238393914,207.8805072565953,0.2,0.2,20.249999999999996,0.8,0.8,900.0,0.005,10
7.825,900.2484903112801,208.24102671385415,0.2,0.2,20.249999999999996,0.8,0.8,900.0,0.005,10
7.83,900.2426739879319,208.46638598421532,0.2,0.2,20.249999999999996,0.8,0.8,900.0,0.005,10
7.835,900.236176414628,208.542848847736,0.2,0.2,20.249999999999996,0.8,0.8,900.0,0.005,10
7.84,900.2293312681497,208.45536176951737,0.2,0.2,20.249999999999996,0.8,0.8,900.0,0.005,10
7.845,900.2225448114953,208.22643772444164,0.2,0.2,20.249999999999996,0.8,0.8,900.0,0.005,10
7.8500000000000005,900.2161102651226,207.8765232789493,0.2,0.2,20.249999999999996,0.8,0.8,900.0,0.005,10
7.855,900.2103669252522,207.4190290821806,0.2,0.2,20.249999999999996,0.8,0.8,900.0,0.005,10
7.86,900.2057302105693,206.7761060079591,0.2,0.2,20.249999999999996,0.8,0.8,900.0,0.005,10
7.865,900.2024377647416,206.11205291777242,0.2,0.2,20.249999999999996,0.8,0.8,900.0,0.005,10
7.87,900.200268224919,205.4858663171704,0.2,0.2,20.249999999999996,0.8,0.8,900.0,0.005,10
7.875,900.199224770453,204.8908785753739,0.2,0.2,20.249999999999996,0.8,0.8,900.0,0.005,10
7.88,900.1992502205783,204.33323854049476,0.2,0.2,20.249999999999996,0.8,0.8,900.0,0.005,10
7.885,900.2001665919831,203.82593697863848,0.2,0.2,20.249999999999996,0.8,0.8,900.0,0.005,10
7.890000000000001,900.2017245433951,203.3801528181374,0.2,0.2,20.249999999999996,0.8,0.8,900.0,0.005,10
7.8950000000000005,900.2036842128803,202.98810604704406,0.2,0.2,20.249999999999996,0.8,0.8,900.0,0.005,10
7.9,900.205777638491,202.6615849404058,0.2,0.2,20.249999999999996,0.8,0.8,900.0,0.005,10
7.905,900.2078186061459,202.36701201329498,0.2,0.2,20.249999999999996,0.8,0.8,900.0,0.005,10
7.91,900.2096110654209,202.1243190040493,0.2,0.2,20.249999999999996,0.8,0.8,900.0,0.005,10
7.915,900.2110361981449,201.8771720291867,0.2,0.2,20.249999999999996,0.8,0.8,900.0,0.005,10
7.92,900.2118630485181,201.73014199130282,0.2,0.2,20.249999999999996,0.8,0.8,900.0,0.005,10
7.925,900.212357046465,201.61833306623367,0.2,0.2,20.249999999999996,0.8,0.8,900.0,0.005,10
7.930000000000001,900.2126259813489,201.5365246890052,0.2,0.2,20.249999999999996,0.8,0.8,900.0,0.005,10
7.9350000000000005,900.2128143000041,201.46471935766758,0.2,0.2,20.249999999999996,0.8,0.8,900.0,0.005,10
7.94,900.2129964991617,201.4032253051546,0.2,0.2,20.249999999999996,0.8,0.8,900.0,0.005,10
7.945,900.2133809000206,201.34277221317208,0.2,0.2,20.249999999999996,0.8,0.8,900.0,0.005,10
7.95,900.2141135427999,201.28964206198967,0.2,0.2,20.249999999999996,0.8,0.8,900.0,0.005,10
7.955,900.2152440684388,201.24831034912808,0.2,0.2,20.249999999999996,0.8,0.8,900.0,0.005,10
7.96,900.2168242132346,201.22000607554068,0.2,0.2,20.249999999999996,0.8,0.8,900.0,0.005,10
7.965,900.2191317655096,200.99925868762307,0.2,0.2,20.249999999999996,0.8,0.8,900.0,0.005,10
7.97,900.2221753307333,200.77010866251314,0.2,0.2,20.249999999999996,0.8,0.8,900.0,0.005,10
7.9750000000000005,900.2257124033947,200.70040014792497,0.2,0.2,20.249999999999996,0.8,0.8,900.0,0.005,10
7.98,900.2291615050499,200.81027264667935,0.2,0.2,20.249999999999996,0.8,0.8,900.0,0.005,10
7.985,900.2326028580644,200.97688418981022,0.2,0.2,20.249999999999996,0.8,0.8,900.0,0.005,10
7.99,900.235933374937,201.21212127279537,0.2,0.2,20.249999999999996,0.8,0.8,900.0,0.005,10
7.995,900.2389564217482,201.52935815671358,0.2,0.2,20.249999999999996,0.8,0.8,900.0,0.005,10
8.0,900.2414781716355,201.94541896463937,0.2,0.2,20.249999999999996,0.8,0.8,900.0,0.005,10
8.005,900.2434260863105,202.45134772501936,0.2,0.2,20.249999999999996,0.8,0.8,900.0,0.005,10
8.01,900.2446780895021,203.0551147153441,0.2,0.2,20.249999999999996,0.8,0.8,900.0,0.005,10
8.015,900.2450453843867,203.73534530819177,0.2,0.2,20.249999999999996,0.8,0.8,900.0,0.005,10
8.02,900.2447218276042,204.4512619907059,0.2,0.2,20.249999999999996,0.8,0.8,900.0,0.005,10
8.025,900.2442677411309,205.04741893828606,0.2,0.2,20.249999999999996,0.8,0.8,900.0,0.005,10
8.03,900.2428882973638,205.75902312459564,0.2,0.2,20.249999999999996,0.8,0.8,900.0,0.005,10
8.035,900.2409578539532,206.46670566349397,0.2,0.2,20.249999999999996,0.8,0.8,900.0,0.005,10
8.040000000000001,900.2388918066771,207.15027472112448,0.2,0.2,20.249999999999996,0.8,0.8,900.0,0.005,10
8.045,900.2364856266462,207.81990153072348,0.2,0.2,20.249999999999996,0.8,0.8,900.0,0.005,10
8.05,900.2337867282024,208.43142726468292,0.2,0.2,20.249999999999996,0.8,0.8,900.0,0.005,10
8.055,900.2309481002926,208.97735354857096,0.2,0.2,20.249999999999996,0.8,0.8,900.0,0.005,10
8.06,900.227891467554,209.4288944242564,0.2,0.2,20.249999999999996,0.8,0.8,900.0,0.005,10
8.065,900.224492758764,209.76944642156994,0.2,0.2,20.249999999999996,0.8,0.8,900.0,0.005,10
8.07,900.2206828725259,209.97254626897137,0.2,0.2,20.249999999999996,0.8,0.8,900.0,0.005,10
8.075,900.2163065619649,210.02572026244835,0.2,0.2,20.249999999999996,0.8,0.8,900.0,0.005,10
8.08,900.2112311736882,209.93708871728037,0.2,0.2,20.249999999999996,0.8,0.8,900.0,0.005,10
8.085,900.2054725227938,209.69239115383547,0.2,0.2,20.249999999999996,0.8,0.8,900.0,0.005,10
8.09,900.1991810772759,209.29476020619208,0.2,0.2,20.249999999999996,0.8,0.8,900.0,0.005,10
8.095,900.1928635167343,208.55619699772296,0.2,0.2,20.249999999999996,0.8,0.8,900.0,0.005,10
8.1,900.1874836420061,207.75331558344126,0.2,0.2,20.249999999999996,0.8,0.8,900.0,0.005,10
8.105,900.1819039074137,207.0866516300959,0.2,0.2,20.249999999999996,0.8,0.8,900.0,0.005,10
8.11,900.1769285320531,206.3860562734731,0.2,0.2,20.249999999999996,0.8,0.8,900.0,0.005,10
8.115,900.1731950796242,205.6728811956509,0.2,0.2,20.249999999999996,0.8,0.8,900.0,0.005,10
8.120000000000001,900.1709474056271,205.00492696255762,0.2,0.2,20.249999999999996,0.8,0.8,900.0,0.005,10
8.125,900.1704184146698,204.33726117866232,0.2,0.2,20.249999999999996,0.8,0.8,900.0,0.005,10
8.13,900.1719845758458,203.74065671361953,0.2,0.2,20.249999999999996,0.8,0.8,900.0,0.005,10
8.135,900.1755048155612,203.262427505284,0.2,0.2,20.249999999999996,0.8,0.8,900.0,0.005,10
8.14,900.1806472277847,202.8632531833761,0.2,0.2,20.249999999999996,0.8,0.8,900.0,0.005,10
8.145,900.1870668637126,202.54663049802966,0.2,0.2,20.249999999999996,0.8,0.8,900.0,0.005,10
8.15,900.1949534145854,202.2580730439177,0.2,0.2,20.249999999999996,0.8,0.8,900.0,0.005,10
8.155,900.2037296110295,202.079462554116,0.2,0.2,20.249999999999996,0.8,0.8,900.0,0.005,10
8.16,900.2130422150118,202.00274115332152,0.2,0.2,20.249999999999996,0.8,0.8,900.0,0.005,10
8.165000000000001,900.2225936452065,202.04151074612508,0.2,0.2,20.249999999999996,0.8,0.8,900.0,0.005,10
8.17,900.232051213938,202.19424699845527,0.2,0.2,20.249999999999996,0.8,0.8,900.0,0.005,10
8.175,900.2410421164598,202.47840781538315,0.2,0.2,20.249999999999996,0.8,0.8,900.0,0.005,10
8.18,900.2492432929134,202.91033133225855,0.2,0.2,20.249999999999996,0.8,0.8,900.0,0.005,10
8.185,900.256435387568,203.4901262623234,0.2,0.2,20.249999999999996,0.8,0.8,900.0,0.005,10
8.19,900.2625323733043,204.17248725973585,0.2,0.2,20.249999999999996,0.8,0.8,900.0,0.005,10
8.195,900.2675405770218,204.9162220694588,0.2,0.2,20.249999999999996,0.8,0.8,900.0,0.005,10
8.2,900.2706923658365,205.80968993921218,0.2,0.2,20.249999999999996,0.8,0.8,900.0,0.005,10
8.205,900.2720462278922,206.7915893359937,0.2,0.2,20.249999999999996,0.8,0.8,900.0,0.005,10
8.21,900.2717936120187,207.84892716313632,0.2,0.2,20.249999999999996,0.8,0.8,900.0,0.005,10
8.215,900.2699519737581,208.9269524580309,0.2,0.2,20.249999999999996,0.8,0.8,900.0,0.005,10
8.22,900.2667922402164,209.95352665335312,0.2,0.2,20.249999999999996,0.8,0.8,900.0,0.005,10
8.225,900.2626561616639,210.88808058218257,0.2,0.2,20.249999999999996,0.8,0.8,900.0,0.005,10
8.23,900.2575355207989,211.6988641018674,0.2,0.2,20.249999999999996,0.8,0.8,900.0,0.005,10
8.235,900.2521779439774,212.26864696134842,0.2,0.2,20.249999999999996,0.8,0.8,900.0,0.005,10
8.24,900.245709580294,212.87439424440095,0.2,0.2,20.249999999999996,0.8,0.8,900.0,0.005,10
8.245000000000001,900.238720840845,213.35715709604918,0.2,0.2,20.249999999999996,0.8,0.8,900.0,0.005,10
8.25,900.2324267701514,213.27369384079077,0.2,0.2,20.249999999999996,0.8,0.8,900.0,0.005,10
8.255,900.2258707441168,213.41143647995244,0.2,0.2,20.249999999999996,0.8,0.8,900.0,0.005,10
8.26,900.2195408773632,213.43166784167627,0.2,0.2,20.249999999999996,0.8,0.8,900.0,0.005,10
8.265,900.2137840304812,213.30488391266746,0.2,0.2,20.249999999999996,0.8,0.8,900.0,0.005,10
8.27,900.2088529642209,212.9344409287926,0.2,0.2,20.249999999999996,0.8,0.8,900.0,0.005,10
8.275,900.2046992091755,212.46002432573388,0.2,0.2,20.249999999999996,0.8,0.8,900.0,0.005,10
8.28,900.2013591866652,211.94618841575158,0.2,0.2,20.249999999999996,0.8,0.8,900.0,0.005,10
8.285,900.198712511159,211.36314668916722,0.2,0.2,20.249999999999996,0.8,0.8,900.0,0.005,10
8.290000000000001,900.1968826527806,210.73322001840802,0.2,0.2,20.249999999999996,0.8,0.8,900.0,0.005,10
8.295,900.1961912443313,210.01155071724867,0.2,0.2,20.249999999999996,0.8,0.8,900.0,0.005,10
8.3,900.1961031157247,209.2966658440614,0.2,0.2,20.249999999999996,0.8,0.8,900.0,0.005,10
8.305,900.1967750979834,208.57915344292465,0.2,0.2,20.249999999999996,0.8,0.8,900.0,0.005,10
8.31,900.1986967487516,207.6457168784829,0.2,0.2,20.249999999999996,0.8,0.8,900.0,0.005,10
8.315,900.2003888008868,207.04565075991064,0.2,0.2,20.249999999999996,0.8,0.8,900.0,0.005,10
8.32,900.2020997125877,206.4919239724018,0.2,0.2,20.249999999999996,0.8,0.8,900.0,0.005,10
8.325,900.2038526912237,205.99990833802764,0.2,0.2,20.249999999999996,0.8,0.8,900.0,0.005,10
8.33,900.2056296233952,205.55505450151603,0.2,0.2,20.249999999999996,0.8,0.8,900.0,0.005,10
8.335,900.2072785712012,205.18487658589686,0.2,0.2,20.249999999999996,0.8,0.8,900.0,0.005,10
8.34,900.2087092916211,204.85424403513477,0.2,0.2,20.249999999999996,0.8,0.8,900.0,0.005,10
8.345,900.2100971949817,204.53482788648762,0.2,0.2,20.249999999999996,0.8,0.8,900.0,0.005,10
8.35,900.2110817644287,204.29043377590756,0.2,0.2,20.249999999999996,0.8,0.8,900.0,0.005,10
8.355,900.2119049587105,204.0809288461032,0.2,0.2,20.249999999999996,0.8,0.8,900.0,0.005,10
8.36,900.2126516982396,203.9310213391631,0.2,0.2,20.249999999999996,0.8,0.8,900.0,0.005,10
8.365,900.2135012633582,203.82693169927663,0.2,0.2,20.249999999999996,0.8,0.8,900.0,0.005,10
8.370000000000001,900.2145091693079,203.7706450808325,0.2,0.2,20.249999999999996,0.8,0.8,900.0,0.005,10
8.375,900.2159733819844,203.54302212492817,0.2,0.2,20.249999999999996,0.8,0.8,900.0,0.005,10
8.38,900.2181939487828,203.3816028565042,0.2,0.2,20.249999999999996,0.8,0.8,900.0,0.005,10
8.385,900.2204449594934,203.42537876854357,0.2,0.2,20.249999999999996,0.8,0.8,900.0,0.005,10
8.39,900.2232448823347,203.52304975835236,0.2,0.2,20.249999999999996,0.8,0.8,900.0,0.005,10
8.395,900.2268020110793,203.68675303683335,0.2,0.2,20.249999999999996,0.8,0.8,900.0,0.005,10
8.4,900.2311991809437,203.92143905526808,0.2,0.2,20.249999999999996,0.8,0.8,900.0,0.005,10
8.405,900.2364875284927,204.06654925237544,0.2,0.2,20.249999999999996,0.8,0.8,900.0,0.005,10
8.41,900.243150214172,204.24357973481946,0.2,0.2,20.249999999999996,0.8,0.8,900.0,0.005,10
8.415000000000001,900.2498952356112,204.7295515492756,0.2,0.2,20.249999999999996,0.8,0.8,900.0,0.005,10
8.42,900.2566927636733,205.30253963887054,0.2,0.2,20.249999999999996,0.8,0.8,900.0,0.005,10
8.425,900.2634814378981,205.98901956901318,0.2,0.2,20.249999999999996,0.8,0.8,900.0,0.005,10
8.43,900.2698159616458,206.8096276945689,0.2,0.2,20.249999999999996,0.8,0.8,900.0,0.005,10
8.435,900.2754073924839,207.7656396812669,0.2,0.2,20.249999999999996,0.8,0.8,900.0,0.005,10
8.44,900.2799097716211,208.84626005117136,0.2,0.2,20.249999999999996,0.8,0.8,900.0,0.005,10
8.445,900.2828548952226,210.0368564259357,0.2,0.2,20.249999999999996,0.8,0.8,900.0,0.005,10
8.45,900.2841398603377,211.26494770693637,0.2,0.2,20.249999999999996,0.8,0.8,900.0,0.005,10
8.455,900.2835812101508,212.58473457844772,0.2,0.2,20.249999999999996,0.8,0.8,900.0,0.005,10
8.46,900.2809837756301,213.9140211949471,0.2,0.2,20.249999999999996,0.8,0.8,900.0,0.005,10
8.465,900.2764539009394,215.20267346581244,0.2,0.2,20.249999999999996,0.8,0.8,900.0,0.005,10
8.47,900.270258821362,216.42119600251192,0.2,0.2,20.249999999999996,0.8,0.8,900.0,0.005,10
8.475,900.2626931595277,217.49909045810443,0.2,0.2,20.249999999999996,0.8,0.8,900.0,0.005,10
8.48,900.2539839009706,218.3894477133048,0.2,0.2,20.249999999999996,0.8,0.8,900.0,0.005,10
8.485,900.2443741400662,219.05557519257664,0.2,0.2,20.249999999999996,0.8,0.8,900.0,0.005,10
8.49,900.2345774089314,219.40642712910602,0.2,0.2,20.249999999999996,0.8,0.8,900.0,0.005,10
8.495000000000001,900.2250308161076,219.4142622708659,0.2,0.2,20.249999999999996,0.8,0.8,900.0,0.005,10
8.5,900.2155078737084,219.23617136103778,0.2,0.2,20.249999999999996,0.8,0.8,900.0,0.005,10
8.505,900.2064525258679,218.8286978229933,0.2,0.2,20.249999999999996,0.8,0.8,900.0,0.005,10
8.51,900.1984216578301,218.19414663363142,0.2,0.2,20.249999999999996,0.8,0.8,900.0,0.005,10
8.515,900.1916394018758,217.36396055990468,0.2,0.2,20.249999999999996,0.8,0.8,900.0,0.005,10
8.52,900.1862519176358,216.37856868114912,0.2,0.2,20.249999999999996,0.8,0.8,900.0,0.005,10
8.525,900.1824648756275,215.25041032505015,0.2,0.2,20.249999999999996,0.8,0.8,900.0,0.005,10
8.53,900.1800583364433,214.06085652979553,0.2,0.2,20.249999999999996,0.8,0.8,900.0,0.005,10
8.535,900.1788621422891,212.8551954664539,0.2,0.2,20.249999999999996,0.8,0.8,900.0,0.005,10
8.540000000000001,900.1787708920918,211.64828452077805,0.2,0.2,20.249999999999996,0.8,0.8,900.0,0.005,10
8.545,900.1796899208164,210.43853216337644,0.2,0.2,20.249999999999996,0.8,0.8,900.0,0.005,10
8.55,900.1812919970215,209.27624667158727,0.2,0.2,20.249999999999996,0.8,0.8,900.0,0.005,10
8.555,900.1833678009248,208.17416722560196,0.2,0.2,20.249999999999996,0.8,0.8,900.0,0.005,10
8.56,900.1857631543934,207.13676523725098,0.2,0.2,20.249999999999996,0.8,0.8,900.0,0.005,10
8.565,900.1882895510585,206.1824935301593,0.2,0.2,20.249999999999996,0.8,0.8,900.0,0.005,10
8.57,900.1908070249772,205.32091699263313,0.2,0.2,20.249999999999996,0.8,0.8,900.0,0.005,10
8.575000000000001,900.1932170312269,204.55822902835263,0.2,0.2,20.249999999999996,0.8,0.8,900.0,0.005,10
8.58,900.1954883863638,203.89721180135655,0.2,0.2,20.249999999999996,0.8,0.8,900.0,0.005,10
8.585,900.1977376390238,203.31318613815128,0.2,0.2,20.249999999999996,0.8,0.8,900.0,0.005,10
8.59,900.1998303277445,202.8267377455749,0.2,0.2,20.249999999999996,0.8,0.8,900.0,0.005,10
8.595,900.2020057935385,202.38649084946294,0.2,0.2,20.249999999999996,0.8,0.8,900.0,0.005,10
8.6,900.2042068516377,202.0476307147227,0.2,0.2,20.249999999999996,0.8,0.8,900.0,0.005,10
8.605,900.2064182514277,201.8148509806916,0.2,0.2,20.249999999999996,0.8,0.8,900.0,0.005,10
8.61,900.208795758178,201.66150212720902,0.2,0.2,20.249999999999996,0.8,0.8,900.0,0.005,10
8.615,900.2115370711311,201.57462537232385,0.2,0.2,20.249999999999996,0.8,0.8,900.0,0.005,10
8.620000000000001,900.2146545577451,201.55792647314362,0.2,0.2,20.249999999999996,0.8,0.8,900.0,0.005,10
8.625,900.2180914279311,201.60437234793974,0.2,0.2,20.249999999999996,0.8,0.8,900.0,0.005,10
8.63,900.221852374104,201.70278801511378,0.2,0.2,20.249999999999996,0.8,0.8,900.0,0.005,10
8.635,900.2258272865554,201.8595095567443,0.2,0.2,20.249999999999996,0.8,0.8,900.0,0.005,10
8.64,900.2298917813071,202.05993947148562,0.2,0.2,20.249999999999996,0.8,0.8,900.0,0.005,10
8.645,900.2339096163972,202.30317062604746,0.2,0.2,20.249999999999996,0.8,0.8,900.0,0.005,10
8.65,900.2375897815132,202.6115613737969,0.2,0.2,20.249999999999996,0.8,0.8,900.0,0.005,10
8.655,900.2408310626266,202.9650668271049,0.2,0.2,20.249999999999996,0.8,0.8,900.0,0.005,10
8.66,900.2435629915194,203.35538520094602,0.2,0.2,20.249999999999996,0.8,0.8,900.0,0.005,10
8.665000000000001,900.2456467609736,203.8178404785839,0.2,0.2,20.249999999999996,0.8,0.8,900.0,0.005,10
8.67,900.2469896348766,204.29211544883944,0.2,0.2,20.249999999999996,0.8,0.8,900.0,0.005,10
8.675,900.2475495661503,204.8499687165835,0.2,0.2,20.249999999999996,0.8,0.8,900.0,0.005,10
8.68,900.2473553767096,205.47525279231502,0.2,0.2,20.249999999999996,0.8,0.8,900.0,0.005,10
8.685,900.2464256903255,206.1531946910803,0.2,0.2,20.249999999999996,0.8,0.8,900.0,0.005,10
8.69,900.2449117076434,206.87563996583725,0.2,0.2,20.249999999999996,0.8,0.8,900.0,0.005,10
8.695,900.2429492028912,207.6297428822559,0.2,0.2,20.249999999999996,0.8,0.8,900.0,0.005,10
8.700000000000001,900.2406284714248,208.40002686611322,0.2,0.2,20.249999999999996,0.8,0.8,900.0,0.005,10
8.705,900.2380001666212,209.16510399558177,0.2,0.2,20.249999999999996,0.8,0.8,900.0,0.005,10
8.71,900.2351155090238,209.89541348272215,0.2,0.2,20.249999999999996,0.8,0.8,900.0,0.005,10
8.715,900.231953175095,210.57685927596148,0.2,0.2,20.249999999999996,0.8,0.8,900.0,0.005,10
8.72,900.2285288866673,211.1783979184925,0.2,0.2,20.249999999999996,0.8,0.8,900.0,0.005,10
8.725,900.2248801469353,211.6645562307653,0.2,0.2,20.249999999999996,0.8,0.8,900.0,0.005,10
8.73,900.2210569814285,212.01053515095873,0.2,0.2,20.249999999999996,0.8,0.8,900.0,0.005,10
8.735,900.2170024376178,212.21150627890117,0.2,0.2,20.249999999999996,0.8,0.8,900.0,0.005,10
8.74,900.2129873092154,212.19143004349928,0.2,0.2,20.249999999999996,0.8,0.8,900.0,0.005,10
8.745000000000001,900.2091716017189,212.03886854714318,0.2,0.2,20.249999999999996,0.8,0.8,900.0,0.005,10
8.75,900.205529694037,211.7889239303659,0.2,0.2,20.249999999999996,0.8,0.8,900.0,0.005,10
8.755,900.2022807236259,211.44447700005355,0.2,0.2,20.249999999999996,0.8,0.8,900.0,0.005,10
8.76,900.199697345878,211.02283044555136,0.2,0.2,20.249999999999996,0.8,0.8,900.0,0.005,10
8.765,900.1979902530047,210.54365329247435,0.2,0.2,20.249999999999996,0.8,0.8,900.0,0.005,10
8.77,900.1972111005074,210.0278930997358,0.2,0.2,20.249999999999996,0.8,0.8,900.0,0.005,10
8.775,900.1974073780283,209.49631417967885,0.2,0.2,20.249999999999996,0.8,0.8,900.0,0.005,10
8.78,900.1985976030281,208.95013726641295,0.2,0.2,20.249999999999996,0.8,0.8,900.0,0.005,10
8.785,900.2006666655118,208.4236017399391,0.2,0.2,20.249999999999996,0.8,0.8,900.0,0.005,10
8.790000000000001,900.203536295925,207.9284226281978,0.2,0.2,20.249999999999996,0.8,0.8,900.0,0.005,10
8.795,900.2071682103889,207.46229407826837,0.2,0.2,20.249999999999996,0.8,0.8,900.0,0.005,10
8.8,900.2114976243547,207.04553193959612,0.2,0.2,20.249999999999996,0.8,0.8,900.0,0.005,10
8.805,900.2160642677677,206.68996504671983,0.2,0.2,20.249999999999996,0.8,0.8,900.0,0.005,10
8.81,900.2208147498101,206.38008827051092,0.2,0.2,20.249999999999996,0.8,0.8,900.0,0.005,10
8.815,900.2257289882738,206.10962782073463,0.2,0.2,20.249999999999996,0.8,0.8,900.0,0.005,10
8.82,900.2304882444076,205.90943106897254,0.2,0.2,20.249999999999996,0.8,0.8,900.0,0.005,10
8.825000000000001,900.2349273174308,205.77763683130217,0.2,0.2,20.249999999999996,0.8,0.8,900.0,0.005,10
8.83,900.2388786567561,205.7125137379915,0.2,0.2,20.249999999999996,0.8,0.8,900.0,0.005,10
8.835,900.2422443804925,205.7091828454238,0.2,0.2,20.249999999999996,0.8,0.8,900.0,0.005,10
8.84,900.2448786479586,205.767768527087,0.2,0.2,20.249999999999996,0.8,0.8,900.0,0.005,10
8.845,900.2467307705024,205.8863177995459,0.2,0.2,20.249999999999996,0.8,0.8,900.0,0.005,10
8.85,900.2478420259314,206.0594482069322,0.2,0.2,20.249999999999996,0.8,0.8,900.0,0.005,10
8.855,900.2484314553508,206.23339062234197,0.2,0.2,20.249999999999996,0.8,0.8,900.0,0.005,10
8.86,900.2483845589219,206.48138526092725,0.2,0.2,20.249999999999996,0.8,0.8,900.0,0.005,10
8.865,900.247812898108,206.72468203715243,0.2,0.2,20.249999999999996,0.8,0.8,900.0,0.005,10
8.870000000000001,900.2469188127949,206.9330679783545,0.2,0.2,20.249999999999996,0.8,0.8,900.0,0.005,10
8.875,900.2457474187626,207.22818924988167,0.2,0.2,20.249999999999996,0.8,0.8,900.0,0.005,10
8.88,900.2445319473359,207.53571099939646,0.2,0.2,20.249999999999996,0.8,0.8,900.0,0.005,10
8.885,900.2433594042932,207.81523471679273,0.2,0.2,20.249999999999996,0.8,0.8,900.0,0.005,10
8.89,900.242428557077,208.01985388134122,0.2,0.2,20.249999999999996,0.8,0.8,900.0,0.005,10
8.895,900.2416340534622,208.2460322013477,0.2,0.2,20.249999999999996,0.8,0.8,900.0,0.005,10
8.9,900.2410739016484,208.45939349930808,0.2,0.2,20.249999999999996,0.8,0.8,900.0,0.005,10
8.905,900.2407939735219,208.6192707012327,0.2,0.2,20.249999999999996,0.8,0.8,900.0,0.005,10
8.91,900.2406381518452,208.79364232244606,0.2,0.2,20.249999999999996,0.8,0.8,900.0,0.005,10
8.915000000000001,900.240508430455,208.9377252261802,0.2,0.2,20.249999999999996,0.8,0.8,900.0,0.005,10
8.92,900.2403547285064,209.05274836790193,0.2,0.2,20.249999999999996,0.8,0.8,900.0,0.005,10
8.925,900.2400444099245,209.14292450048688,0.2,0.2,20.249999999999996,0.8,0.8,900.0,0.005,10
8.93,900.2394731350906,209.21704810798084,0.2,0.2,20.249999999999996,0.8,0.8,900.0,0.005,10
8.935,900.2386117818835,209.2539578224193,0.2,0.2,20.249999999999996,0.8,0.8,900.0,0.005,10
8.94,900.2372350936948,209.29235007725072,0.2,0.2,20.249999999999996,0.8,0.8,900.0,0.005,10
8.945,900.2352385724643,209.3053523202178,0.2,0.2,20.249999999999996,0.8,0.8,900.0,0.005,10
8.950000000000001,900.2325905387981,209.27888800343567,0.2,0.2,20.249999999999996,0.8,0.8,900.0,0.005,10
8.955,900.2293311446924,209.20980648568317,0.2,0.2,20.249999999999996,0.8,0.8,900.0,0.005,10
8.96,900.2255625155167,209.08179764961767,0.2,0.2,20.249999999999996,0.8,0.8,900.0,0.005,10
8.965,900.2214148029587,208.89149461763108,0.2,0.2,20.249999999999996,0.8,0.8,900.0,0.005,10
8.97,900.2170318006752,208.63621434831657,0.2,0.2,20.249999999999996,0.8,0.8,900.0,0.005,10
8.975,900.213333457737,207.94634935256636,0.2,0.2,20.249999999999996,0.8,0.8,900.0,0.005,10
8.98,900.2096426261571,207.47414612776927,0.2,0.2,20.249999999999996,0.8,0.8,900.0,0.005,10
8.985,900.2066569421626,206.76094932482886,0.2,0.2,20.249999999999996,0.8,0.8,900.0,0.005,10
8.99,900.2034303408192,206.33668166634592,0.2,0.2,20.249999999999996,0.8,0.8,900.0,0.005,10
8.995000000000001,900.2008891500893,205.87615426582622,0.2,0.2,20.249999999999996,0.8,0.8,900.0,0.005,10
9.0,900.1989756487447,205.43299202202402,0.2,0.2,20.249999999999996,0.8,0.8,900.0,0.005,10
9.005,900.1979469122537,205.01338496573345,0.2,0.2,20.249999999999996,0.8,0.8,900.0,0.005,10
9.01,900.197773987857,204.62087337354768,0.2,0.2,20.249999999999996,0.8,0.8,900.0,0.005,10
9.015,900.1984466680791,204.26434576115622,0.2,0.2,20.249999999999996,0.8,0.8,900.0,0.005,10
9.02,900.1999254120333,203.8852679840262,0.2,0.2,20.249999999999996,0.8,0.8,900.0,0.005,10
9.025,900.2021662723087,203.57560556381517,0.2,0.2,20.249999999999996,0.8,0.8,900.0,0.005,10
9.03,900.2046406021482,203.37626425584673,0.2,0.2,20.249999999999996,0.8,0.8,900.0,0.005,10
9.035,900.2073251843693,203.28448853382585,0.2,0.2,20.249999999999996,0.8,0.8,900.0,0.005,10
9.040000000000001,900.2102137617359,203.2824870713262,0.2,0.2,20.249999999999996,0.8,0.8,900.0,0.005,10
9.045,900.2127927298748,203.4067190695891,0.2,0.2,20.249999999999996,0.8,0.8,900.0,0.005,10
9.05,900.2150471051119,203.6193548249588,0.2,0.2,20.249999999999996,0.8,0.8,900.0,0.005,10
9.055,900.21702263052,203.8723624903614,0.2,0.2,20.249999999999996,0.8,0.8,900.0,0.005,10
9.06,900.2186259588568,204.13724818348385,0.2,0.2,20.249999999999996,0.8,0.8,900.0,0.005,10
9.065,900.2194561534092,204.5322519520457,0.2,0.2,20.249999999999996,0.8,0.8,900.0,0.005,10
9.07,900.2202287880698,204.84336422882294,0.2,0.2,20.249999999999996,0.8,0.8,900.0,0.005,10
9.075000000000001,900.2204247759182,205.19107808521045,0.2,0.2,20.249999999999996,0.8,0.8,900.0,0.005,10
9.08,900.2198019376,205.52044580135143,0.2,0.2,20.249999999999996,0.8,0.8,900.0,0.005,10
9.085,900.2183002083876,205.82038945334008,0.2,0.2,20.249999999999996,0.8,0.8,900.0,0.005,10
9.09,900.2164355557856,206.06022682793557,0.2,0.2,20.249999999999996,0.8,0.8,900.0,0.005,10
9.095,900.2145212868021,206.2250995686228,0.2,0.2,20.249999999999996,0.8,0.8,900.0,0.005,10
9.1,900.2127915081811,206.3021386202874,0.2,0.2,20.249999999999996,0.8,0.8,900.0,0.005,10
9.105,900.2117931726959,206.12294814813873,0.2,0.2,20.249999999999996,0.8,0.8,900.0,0.005,10
9.11,900.2110328141159,205.9609473711279,0.2,0.2,20.249999999999996,0.8,0.8,900.0,0.005,10
9.115,900.2106803676328,205.74605742898518,0.2,0.2,20.249999999999996,0.8,0.8,900.0,0.005,10
9.120000000000001,900.2109895440918,205.4742985256718,0.2,0.2,20.249999999999996,0.8,0.8,900.0,0.005,10
9.125,900.212419113489,205.14272403857257,0.2,0.2,20.249999999999996,0.8,0.8,900.0,0.005,10
9.13,900.2146128877911,204.83404547975985,0.2,0.2,20.249999999999996,0.8,0.8,900.0,0.005,10
9.135,900.2173182517611,204.50721947666958,0.2,0.2,20.249999999999996,0.8,0.8,900.0,0.005,10
9.14,900.2205581254098,204.19659904464547,0.2,0.2,20.249999999999996,0.8,0.8,900.0,0.005,10
9.145,900.2242496265524,203.92208558693076,0.2,0.2,20.249999999999996,0.8,0.8,900.0,0.005,10
9.15,900.2282661954118,203.71148221313166,0.2,0.2,20.249999999999996,0.8,0.8,900.0,0.005,10
9.155,900.2324665674947,203.5823580257842,0.2,0.2,20.249999999999996,0.8,0.8,900.0,0.005,10
9.16,900.2366898988628,203.54492070151966,0.2,0.2,20.249999999999996,0.8,0.8,900.0,0.005,10
9.165000000000001,900.2407742557047,203.4613805706339,0.2,0.2,20.249999999999996,0.8,0.8,900.0,0.005,10
9.17,900.2448456661597,203.49613196921808,0.2,0.2,20.249999999999996,0.8,0.8,900.0,0.005,10
9.175,900.2482727987828,203.72806380911467,0.2,0.2,20.249999999999996,0.8,0.8,900.0,0.005,10
9.18,900.25138536531,204.04461453334662,0.2,0.2,20.249999999999996,0.8,0.8,900.0,0.005,10
9.185,900.2540663805712,204.53383016424826,0.2,0.2,20.249999999999996,0.8,0.8,900.0,0.005,10
9.19,900.2561719284057,205.15687141680263,0.2,0.2,20.249999999999996,0.8,0.8,900.0,0.005,10
9.195,900.2576450355111,205.90159676429457,0.2,0.2,20.249999999999996,0.8,0.8,900.0,0.005,10
9.200000000000001,900.2582915375024,206.69649247204856,0.2,0.2,20.249999999999996,0.8,0.8,900.0,0.005,10
9.205,900.2581245792632,207.56327167786958,0.2,0.2,20.249999999999996,0.8,0.8,900.0,0.005,10
9.21,900.2570072705417,208.4902767552762,0.2,0.2,20.249999999999996,0.8,0.8,900.0,0.005,10
9.215,900.2545425732812,209.48252874966226,0.2,0.2,20.249999999999996,0.8,0.8,900.0,0.005,10
9.22,900.2507008157901,210.39559289696476,0.2,0.2,20.249999999999996,0.8,0.8,900.0,0.005,10
9.225,900.245690717898,211.1707993614218,0.2,0.2,20.249999999999996,0.8,0.8,900.0,0.005,10
9.23,900.2398137720435,211.56795820030206,0.2,0.2,20.249999999999996,0.8,0.8,900.0,0.005,10
9.235,900.2329417069834,212.00504964788112,0.2,0.2,20.249999999999996,0.8,0.8,900.0,0.005,10
9.24,900.2254379513269,212.1856830009243,0.2,0.2,20.249999999999996,0.8,0.8,900.0,0.005,10
9.245000000000001,900.2173973521595,212.25986286448244,0.2,0.2,20.249999999999996,0.8,0.8,900.0,0.005,10
9.25,900.2092112920152,212.1651633857214,0.2,0.2,20.249999999999996,0.8,0.8,900.0,0.005,10
9.255,900.2013091775079,211.88262981182302,0.2,0.2,20.249999999999996,0.8,0.8,900.0,0.005,10
9.26,900.1941411137535,211.417787485566,0.2,0.2,20.249999999999996,0.8,0.8,900.0,0.005,10
9.265,900.1879522430714,210.8333234854786,0.2,0.2,20.249999999999996,0.8,0.8,900.0,0.005,10
9.27,900.1831409503478,210.1702961993683,0.2,0.2,20.249999999999996,0.8,0.8,900.0,0.005,10
9.275,900.1797831408824,209.42086349440953,0.2,0.2,20.249999999999996,0.8,0.8,900.0,0.005,10
9.28,900.1782061077848,208.53970753501198,0.2,0.2,20.249999999999996,0.8,0.8,900.0,0.005,10
9.285,900.1788723035686,207.44134916154997,0.2,0.2,20.249999999999996,0.8,0.8,900.0,0.005,10
9.290000000000001,900.1808261347072,206.554583407937,0.2,0.2,20.249999999999996,0.8,0.8,900.0,0.005,10
9.295,900.184241448183,205.65359866014427,0.2,0.2,20.249999999999996,0.8,0.8,900.0,0.005,10
9.3,900.1888043190136,204.8817480593524,0.2,0.2,20.249999999999996,0.8,0.8,900.0,0.005,10
9.305,900.1944085423735,204.18507693414944,0.2,0.2,20.249999999999996,0.8,0.8,900.0,0.005,10
9.31,900.2009430935708,203.37725130011822,0.2,0.2,20.249999999999996,0.8,0.8,900.0,0.005,10
9.315,900.2080697123112,202.83871163586645,0.2,0.2,20.249999999999996,0.8,0.8,900.0,0.005,10
9.32,900.2150135565346,202.43504258269465,0.2,0.2,20.249999999999996,0.8,0.8,900.0,0.005,10
9.325000000000001,900.221837622282,202.12494949434807,0.2,0.2,20.249999999999996,0.8,0.8,900.0,0.005,10
9.33,900.2284001995183,201.9212767247421,0.2,0.2,20.249999999999996,0.8,0.8,900.0,0.005,10
9.335,900.2343802008207,201.9234984581279,0.2,0.2,20.249999999999996,0.8,0.8,900.0,0.005,10
9.34,900.2395430904487,202.09785595867942,0.2,0.2,20.249999999999996,0.8,0.8,900.0,0.005,10
9.345,900.2439617963428,202.40739449465144,0.2,0.2,20.249999999999996,0.8,0.8,900.0,0.005,10
9.35,900.247515634157,202.89286569756283,0.2,0.2,20.249999999999996,0.8,0.8,900.0,0.005,10
9.355,900.2501209642011,203.34180777727266,0.2,0.2,20.249999999999996,0.8,0.8,900.0,0.005,10
9.36,900.2519733132738,203.7417891337445,0.2,0.2,20.249999999999996,0.8,0.8,900.0,0.005,10
9.365,900.2521358003117,204.6262313304313,0.2,0.2,20.249999999999996,0.8,0.8,900.0,0.005,10
9.370000000000001,900.251123200351,205.6350654589268,0.2,0.2,20.249999999999996,0.8,0.8,900.0,0.005,10
9.375,900.2492343644489,206.65430747323725,0.2,0.2,20.249999999999996,0.8,0.8,900.0,0.005,10
9.38,900.2463860229359,207.60473524373364,0.2,0.2,20.249999999999996,0.8,0.8,900.0,0.005,10
9.385,900.2432160951364,208.2629498767661,0.2,0.2,20.249999999999996,0.8,0.8,900.0,0.005,10
9.39,900.2386376508152,209.19948346455587,0.2,0.2,20.249999999999996,0.8,0.8,900.0,0.005,10
9.395,900.2334912627562,209.85964320785888,0.2,0.2,20.249999999999996,0.8,0.8,900.0,0.005,10
9.4,900.227750693135,210.39698524117156,0.2,0.2,20.249999999999996,0.8,0.8,900.0,0.005,10
9.405,900.2217554321993,210.79330148720538,0.2,0.2,20.249999999999996,0.8,0.8,900.0,0.005,10
9.41,900.215997950713,210.9256822628646,0.2,0.2,20.249999999999996,0.8,0.8,900.0,0.005,10
9.415000000000001,900.2111479199878,210.79734209577302,0.2,0.2,20.249999999999996,0.8,0.8,900.0,0.005,10
9.42,900.2063345294952,210.6860861949885,0.2,0.2,20.249999999999996,0.8,0.8,900.0,0.005,10
9.425,900.201914740418,210.4308203818934,0.2,0.2,20.249999999999996,0.8,0.8,900.0,0.005,10
9.43,900.198297604784,210.04819285246066,0.2,0.2,20.249999999999996,0.8,0.8,900.0,0.005,10
9.435,900.1957636418025,209.54480936162292,0.2,0.2,20.249999999999996,0.8,0.8,900.0,0.005,10
9.44,900.1943703421592,208.94518012734798,0.2,0.2,20.249999999999996,0.8,0.8,900.0,0.005,10
9.445,900.1941157160344,208.2742157287987,0.2,0.2,20.249999999999996,0.8,0.8,900.0,0.005,10
9.450000000000001,900.19505276171,207.50457954597158,0.2,0.2,20.249999999999996,0.8,0.8,900.0,0.005,10
9.455,900.1968901476918,206.73112474583886,0.2,0.2,20.249999999999996,0.8,0.8,900.0,0.005,10
9.46,900.19952607545,206.0457134081311,0.2,0.2,20.249999999999996,0.8,0.8,900.0,0.005,10
9.465,900.2026946398912,205.42261103564832,0.2,0.2,20.249999999999996,0.8,0.8,900.0,0.005,10
9.47,900.2063121587549,204.81106591579154,0.2,0.2,20.249999999999996,0.8,0.8,900.0,0.005,10
9.475,900.2101248351753,204.28337750396105,0.2,0.2,20.249999999999996,0.8,0.8,900.0,0.005,10
9.48,900.2141665007133,203.86458532824312,0.2,0.2,20.249999999999996,0.8,0.8,900.0,0.005,10
9.485,900.2182530371742,203.62693396252115,0.2,0.2,20.249999999999996,0.8,0.8,900.0,0.005,10
9.49,900.2222330227571,203.50310863364848,0.2,0.2,20.249999999999996,0.8,0.8,900.0,0.005,10
9.495000000000001,900.2259319983309,203.49790477900135,0.2,0.2,20.249999999999996,0.8,0.8,900.0,0.005,10
9.5,900.229452961069,203.57860856047685,0.2,0.2,20.249999999999996,0.8,0.8,900.0,0.005,10
9.505,900.2329208693898,203.76699638181304,0.2,0.2,20.249999999999996,0.8,0.8,900.0,0.005,10
9.51,900.2357217606368,204.05154420191442,0.2,0.2,20.249999999999996,0.8,0.8,900.0,0.005,10
9.515,900.2378473646872,204.38277802510868,0.2,0.2,20.249999999999996,0.8,0.8,900.0,0.005,10
9.52,900.2394465307938,204.75824241305457,0.2,0.2,20.249999999999996,0.8,0.8,900.0,0.005,10
9.525,900.2405382109865,205.1649991728093,0.2,0.2,20.249999999999996,0.8,0.8,900.0,0.005,10
9.53,900.2411628792712,205.59477540655962,0.2,0.2,20.249999999999996,0.8,0.8,900.0,0.005,10
9.535,900.241364552094,206.03405551656297,0.2,0.2,20.249999999999996,0.8,0.8,900.0,0.005,10
9.540000000000001,900.2412161126672,206.41425909583288,0.2,0.2,20.249999999999996,0.8,0.8,900.0,0.005,10
9.545,900.2406500391943,206.8060923466013,0.2,0.2,20.249999999999996,0.8,0.8,900.0,0.005,10
9.55,900.2399241578885,207.11292220912497,0.2,0.2,20.249999999999996,0.8,0.8,900.0,0.005,10
9.555,900.2388210463259,207.40663840362248,0.2,0.2,20.249999999999996,0.8,0.8,900.0,0.005,10
9.56,900.2374047110071,207.66241754042758,0.2,0.2,20.249999999999996,0.8,0.8,900.0,0.005,10
9.565,900.2356012609544,207.87324397472506,0.2,0.2,20.249999999999996,0.8,0.8,900.0,0.005,10
9.57,900.233553805616,207.9905656840749,0.2,0.2,20.249999999999996,0.8,0.8,900.0,0.005,10
9.575000000000001,900.2313281225419,208.0270670294509,0.2,0.2,20.249999999999996,0.8,0.8,900.0,0.005,10
9.58,900.2290403510019,207.99134979429328,0.2,0.2,20.249999999999996,0.8,0.8,900.0,0.005,10
9.585,900.2267693708206,207.8447103764764,0.2,0.2,20.249999999999996,0.8,0.8,900.0,0.005,10
9.59,900.2245686425257,207.60987288727895,0.2,0.2,20.249999999999996,0.8,0.8,900.0,0.005,10
9.595,900.222040666742,207.401625380931,0.2,0.2,20.249999999999996,0.8,0.8,900.0,0.005,10
9.6,900.2194026873984,207.16584890070084,0.2,0.2,20.249999999999996,0.8,0.8,900.0,0.005,10
9.605,900.2166904346795,206.9025769373158,0.2,0.2,20.249999999999996,0.8,0.8,900.0,0.005,10
9.61,900.2140887358239,206.59485789097815,0.2,0.2,20.249999999999996,0.8,0.8,900.0,0.005,10
9.615,900.2113860180511,206.27480035691755,0.2,0.2,20.249999999999996,0.8,0.8,900.0,0.005,10
9.620000000000001,900.2087741104739,205.85424726904634,0.2,0.2,20.249999999999996,0.8,0.8,900.0,0.005,10
9.625,900.2063571495074,205.32473778249314,0.2,0.2,20.249999999999996,0.8,0.8,900.0,0.005,10
9.63,900.2041326928094,204.74910245408327,0.2,0.2,20.249999999999996,0.8,0.8,900.0,0.005,10
9.635,900.2019108992577,204.2577882302523,0.2,0.2,20.249999999999996,0.8,0.8,900.0,0.005,10
9.64,900.1998756692022,203.77270725683084,0.2,0.2,20.249999999999996,0.8,0.8,900.0,0.005,10
9.645,900.1982331892686,203.28516586053257,0.2,0.2,20.249999999999996,0.8,0.8,900.0,0.005,10
9.65,900.1971405414115,202.8015169458034,0.2,0.2,20.249999999999996,0.8,0.8,900.0,0.005,10
9.655,900.1967444348745,202.32100746577234,0.2,0.2,20.249999999999996,0.8,0.8,900.0,0.005,10
9.66,900.1971115374488,201.85473679602174,0.2,0.2,20.249999999999996,0.8,0.8,900.0,0.005,10
9.665000000000001,900.1985870177747,201.33562818501133,0.2,0.2,20.249999999999996,0.8,0.8,900.0,0.005,10
9.67,900.2008169705027,200.91048746936258,0.2,0.2,20.249999999999996,0.8,0.8,900.0,0.005,10
9.675,900.2041556229643,200.25460042191295,0.2,0.2,20.249999999999996,0.8,0.8,900.0,0.005,10
9.68,900.2084346448951,199.7144008662091,0.2,0.2,20.249999999999996,0.8,0.8,900.0,0.005,10
9.685,900.2133389176868,199.3727630887178,0.2,0.2,20.249999999999996,0.8,0.8,900.0,0.005,10
9.69,900.2187279013455,199.2144639045973,0.2,0.2,20.249999999999996,0.8,0.8,900.0,0.005,10
9.695,900.2247339113735,199.16956419448823,0.2,0.2,20.249999999999996,0.8,0.8,900.0,0.005,10
9.700000000000001,900.2311048983055,199.19449954827616,0.2,0.2,20.249999999999996,0.8,0.8,900.0,0.005,10
9.705,900.2376114968279,199.33347334696688,0.2,0.2,20.249999999999996,0.8,0.8,900.0,0.005,10
9.71,900.2436630191893,199.63318899924647,0.2,0.2,20.249999999999996,0.8,0.8,900.0,0.005,10
9.715,900.2494006107146,200.0613766757302,0.2,0.2,20.249999999999996,0.8,0.8,900.0,0.005,10
9.72,900.2546022360596,200.61718908095744,0.2,0.2,20.249999999999996,0.8,0.8,900.0,0.005,10
9.725,900.2592282558313,201.3256197715949,0.2,0.2,20.249999999999996,0.8,0.8,900.0,0.005,10
9.73,900.2629309850283,202.16879596666726,0.2,0.2,20.249999999999996,0.8,0.8,900.0,0.005,10
9.735,900.2654837256983,203.1213989543984,0.2,0.2,20.249999999999996,0.8,0.8,900.0,0.005,10
9.74,900.268288919186,203.4332619750991,0.2,0.2,20.249999999999996,0.8,0.8,900.0,0.005,10
9.745000000000001,900.2693446315914,204.39011839143183,0.2,0.2,20.249999999999996,0.8,0.8,900.0,0.005,10
9.75,900.2685339342995,205.48541536441746,0.2,0.2,20.249999999999996,0.8,0.8,900.0,0.005,10
9.755,900.2661234342472,206.58576006121484,0.2,0.2,20.249999999999996,0.8,0.8,900.0,0.005,10
9.76,900.2625548599132,207.62900641501454,0.2,0.2,20.249999999999996,0.8,0.8,900.0,0.005,10
9.765,900.2580225670964,208.5296102512674,0.2,0.2,20.249999999999996,0.8,0.8,900.0,0.005,10
9.77,900.2524818695141,209.35983448226565,0.2,0.2,20.249999999999996,0.8,0.8,900.0,0.005,10
9.775,900.2462318231452,209.94240396111394,0.2,0.2,20.249999999999996,0.8,0.8,900.0,0.005,10
9.78,900.2393611224617,210.52401176864367,0.2,0.2,20.249999999999996,0.8,0.8,900.0,0.005,10
9.785,900.2327147429794,210.7839946928472,0.2,0.2,20.249999999999996,0.8,0.8,900.0,0.005,10
9.790000000000001,900.2262730770054,210.94158966891146,0.2,0.2,20.249999999999996,0.8,0.8,900.0,0.005,10
9.795,900.2204342995029,210.8538599759345,0.2,0.2,20.249999999999996,0.8,0.8,900.0,0.005,10
9.8,900.2151961750528,210.71060929361232,0.2,0.2,20.249999999999996,0.8,0.8,900.0,0.005,10
9.805,900.2110241844053,210.4659074741529,0.2,0.2,20.249999999999996,0.8,0.8,900.0,0.005,10
9.81,900.208003604088,210.1417902810165,0.2,0.2,20.249999999999996,0.8,0.8,900.0,0.005,10
9.815,900.2061442417397,209.76115533926884,0.2,0.2,20.249999999999996,0.8,0.8,900.0,0.005,10
9.82,900.205375694348,209.34584429500035,0.2,0.2,20.249999999999996,0.8,0.8,900.0,0.005,10
9.825000000000001,900.2055198717138,208.92594840346402,0.2,0.2,20.249999999999996,0.8,0.8,900.0,0.005,10
9.83,900.2065907264089,208.43053121568116,0.2,0.2,20.249999999999996,0.8,0.8,900.0,0.005,10
9.835,900.2082440261797,207.95102228004365,0.2,0.2,20.249999999999996,0.8,0.8,900.0,0.005,10
9.84,900.2099323974535,207.57263525339053,0.2,0.2,20.249999999999996,0.8,0.8,900.0,0.005,10
9.845,900.2115663798509,207.23277962005082,0.2,0.2,20.249999999999996,0.8,0.8,900.0,0.005,10
9.85,900.2128525990615,206.9313371366884,0.2,0.2,20.249999999999996,0.8,0.8,900.0,0.005,10
9.855,900.2140219619713,206.3668992852291,0.2,0.2,20.249999999999996,0.8,0.8,900.0,0.005,10
9.86,900.215317132766,205.69647622934383,0.2,0.2,20.249999999999996,0.8,0.8,900.0,0.005,10
9.865,900.2156584147248,205.35484531873738,0.2,0.2,20.249999999999996,0.8,0.8,900.0,0.005,10
9.870000000000001,900.2156270414882,205.02288215811043,0.2,0.2,20.249999999999996,0.8,0.8,900.0,0.005,10
9.875,900.2156225838226,204.64746422164936,0.2,0.2,20.249999999999996,0.8,0.8,900.0,0.005,10
9.88,900.2158195984573,204.19073612869065,0.2,0.2,20.249999999999996,0.8,0.8,900.0,0.005,10
9.885,900.2162137081687,203.75580727433726,0.2,0.2,20.249999999999996,0.8,0.8,900.0,0.005,10
9.89,900.2169391732192,203.32267817822205,0.2,0.2,20.249999999999996,0.8,0.8,900.0,0.005,10
9.895,900.2181054557348,202.90540502321466,0.2,0.2,20.249999999999996,0.8,0.8,900.0,0.005,10
9.9,900.2194579320104,202.54279293596167,0.2,0.2,20.249999999999996,0.8,0.8,900.0,0.005,10
9.905,900.2210060793664,202.21336818991892,0.2,0.2,20.249999999999996,0.8,0.8,900.0,0.005,10
9.91,900.2226444726064,201.92140212271116,0.2,0.2,20.249999999999996,0.8,0.8,900.0,0.005,10
9.915000000000001,900.2242884708213,201.703075437726,0.2,0.2,20.249999999999996,0.8,0.8,900.0,0.005,10
9.92,900.2257332222605,201.55603405839685,0.2,0.2,20.249999999999996,0.8,0.8,900.0,0.005,10
9.925,900.226808477153,201.42778705917078,0.2,0.2,20.249999999999996,0.8,0.8,900.0,0.005,10
9.93,900.2274090210436,201.33070500956126,0.2,0.2,20.249999999999996,0.8,0.8,900.0,0.005,10
9.935,900.2277562534922,201.1760414541117,0.2,0.2,20.249999999999996,0.8,0.8,900.0,0.005,10
9.94,900.2275249155996,201.13267419005115,0.2,0.2,20.249999999999996,0.8,0.8,900.0,0.005,10
9.945,900.2266573810225,201.14527045155032,0.2,0.2,20.249999999999996,0.8,0.8,900.0,0.005,10
9.950000000000001,900.2253990520958,201.19276729874102,0.2,0.2,20.249999999999996,0.8,0.8,900.0,0.005,10
9.955,900.2239002075696,201.25891865156584,0.2,0.2,20.249999999999996,0.8,0.8,900.0,0.005,10
9.96,900.2223406806113,201.3170157548565,0.2,0.2,20.249999999999996,0.8,0.8,900.0,0.005,10
9.965,900.220751678334,201.37954273475376,0.2,0.2,20.249999999999996,0.8,0.8,900.0,0.005,10
9.97,900.2191893493639,201.43143707324404,0.2,0.2,20.249999999999996,0.8,0.8,900.0,0.005,10
9.975,900.217976092228,201.32431648181122,0.2,0.2,20.249999999999996,0.8,0.8,900.0,0.005,10
9.98,900.2169780841016,201.24827205213737,0.2,0.2,20.249999999999996,0.8,0.8,900.0,0.005,10
9.985,900.2160533071161,201.08057677527825,0.2,0.2,20.249999999999996,0.8,0.8,900.0,0.005,10
9.99,900.2152574758427,200.8707965269324,0.2,0.2,20.249999999999996,0.8,0.8,900.0,0.005,10
9.995000000000001,900.2143872341177,200.6321979244081,0.2,0.2,20.249999999999996,0.8,0.8,900.0,0.005,10
10.0,900.2135730158674,200.33445137310616,0.2,0.2,20.249999999999996,0.8,0.8,900.0,0.005,10
10.005,900.2127576072437,200.01366643828885,0.2,0.2,20.249999999999996,0.8,0.8,900.0,0.005,10
10.01,900.2120722341758,199.6132913139849,0.2,0.2,20.249999999999996,0.8,0.8,900.0,0.005,10
10.015,900.211690063539,199.19715292171438,0.2,0.2,20.249999999999996,0.8,0.8,900.0,0.005,10
10.02,900.2110507712472,198.7967743164972,0.2,0.2,20.249999999999996,0.8,0.8,900.0,0.005,10
10.025,900.210535475685,198.3379368755674,0.2,0.2,20.249999999999996,0.8,0.8,900.0,0.005,10
10.03,900.2103229697502,197.9022224295241,0.2,0.2,20.249999999999996,0.8,0.8,900.0,0.005,10
10.035,900.2100968056832,197.57919912295807,0.2,0.2,20.249999999999996,0.8,0.8,900.0,0.005,10
10.040000000000001,900.2100003853335,197.3148137384314,0.2,0.2,20.249999999999996,0.8,0.8,900.0,0.005,10
10.045,900.2107057564554,196.8154936971014,0.2,0.2,20.249999999999996,0.8,0.8,900.0,0.005,10
10.05,900.2119481361568,196.89877224465982,0.2,0.2,20.249999999999996,0.8,0.8,900.0,0.005,10
10.055,900.2129141117794,196.90924570441695,0.2,0.2,20.249999999999996,0.8,0.8,900.0,0.005,10
10.06,900.2140598603764,196.94988483190406,0.2,0.2,20.249999999999996,0.8,0.8,900.0,0.005,10
10.065,900.2154427681256,197.0628831611284,0.2,0.2,20.249999999999996,0.8,0.8,900.0,0.005,10
10.07,900.2174447407864,197.10351974503033,0.2,0.2,20.249999999999996,0.8,0.8,900.0,0.005,10
10.075000000000001,900.2192048266103,197.3959529675145,0.2,0.2,20.249999999999996,0.8,0.8,900.0,0.005,10
10.08,900.2207862740266,197.7237724461291,0.2,0.2,20.249999999999996,0.8,0.8,900.0,0.005,10
10.085,900.2222001710923,198.0897344649145,0.2,0.2,20.249999999999996,0.8,0.8,900.0,0.005,10
10.09,900.2233997659824,198.20970498173384,0.2,0.2,20.249999999999996,0.8,0.8,900.0,0.005,10
10.095,900.2246689093117,198.4103110964339,0.2,0.2,20.249999999999996,0.8,0.8,900.0,0.005,10
10.1,900.2251205971966,198.70180131718416,0.2,0.2,20.249999999999996,0.8,0.8,900.0,0.005,10
10.105,900.2249101800224,198.9677359741663,0.2,0.2,20.249999999999996,0.8,0.8,900.0,0.005,10
10.11,900.2243940312004,199.2071752365124,0.2,0.2,20.249999999999996,0.8,0.8,900.0,0.005,10
10.115,900.2234271114296,199.43085698278367,0.2,0.2,20.249999999999996,0.8,0.8,900.0,0.005,10
10.120000000000001,900.2220448996328,199.59589893962763,0.2,0.2,20.249999999999996,0.8,0.8,900.0,0.005,10
10.125,900.2204880773901,199.65773790110512,0.2,0.2,20.249999999999996,0.8,0.8,900.0,0.005,10
10.13,900.2189178699033,199.63892779949538,0.2,0.2,20.249999999999996,0.8,0.8,900.0,0.005,10
10.135,900.2174800523353,199.58789421800793,0.2,0.2,20.249999999999996,0.8,0.8,900.0,0.005,10
10.14,900.2165152200176,199.48149353252313,0.2,0.2,20.249999999999996,0.8,0.8,900.0,0.005,10
10.145,900.2160449232961,199.33163231953702,0.2,0.2,20.249999999999996,0.8,0.8,900.0,0.005,10
10.15,900.2164376108066,199.17548825918507,0.2,0.2,20.249999999999996,0.8,0.8,900.0,0.005,10
10.155,900.2176441089961,199.03514511116015,0.2,0.2,20.249999999999996,0.8,0.8,900.0,0.005,10
10.16,900.2197943077789,198.92828441274955,0.2,0.2,20.249999999999996,0.8,0.8,900.0,0.005,10
10.165000000000001,900.2230829899141,198.8216253913808,0.2,0.2,20.249999999999996,0.8,0.8,900.0,0.005,10
10.17,900.227175173255,198.7587646801714,0.2,0.2,20.249999999999996,0.8,0.8,900.0,0.005,10
10.175,900.2315908239487,198.74971432469007,0.2,0.2,20.249999999999996,0.8,0.8,900.0,0.005,10
10.18,900.2370012347942,198.41124326538025,0.2,0.2,20.249999999999996,0.8,0.8,900.0,0.005,10
10.185,900.2423871242968,198.59163054529526,0.2,0.2,20.249999999999996,0.8,0.8,900.0,0.005,10
10.19,900.2467730618076,199.02054260436947,0.2,0.2,20.249999999999996,0.8,0.8,900.0,0.005,10
10.195,900.2506198187239,199.32804695307067,0.2,0.2,20.249999999999996,0.8,0.8,900.0,0.005,10
10.200000000000001,900.2534827962719,199.66802137611097,0.2,0.2,20.249999999999996,0.8,0.8,900.0,0.005,10
10.205,900.2549817439412,200.20931026343,0.2,0.2,20.249999999999996,0.8,0.8,900.0,0.005,10
10.21,900.255002512397,200.85119190980564,0.2,0.2,20.249999999999996,0.8,0.8,900.0,0.005,10
10.215,900.253906433427,201.51237965265491,0.2,0.2,20.249999999999996,0.8,0.8,900.0,0.005,10
10.22,900.2518410315867,202.19012085673887,0.2,0.2,20.249999999999996,0.8,0.8,900.0,0.005,10
10.225,900.2489103610594,202.8889034896089,0.2,0.2,20.249999999999996,0.8,0.8,900.0,0.005,10
10.23,900.2453371552481,203.58908319434622,0.2,0.2,20.249999999999996,0.8,0.8,900.0,0.005,10
10.235,900.2412322808976,204.09020615383432,0.2,0.2,20.249999999999996,0.8,0.8,900.0,0.005,10
10.24,900.2367009403803,204.45671967109743,0.2,0.2,20.249999999999996,0.8,0.8,900.0,0.005,10
10.245000000000001,900.2326064295048,204.47815968938636,0.2,0.2,20.249999999999996,0.8,0.8,900.0,0.005,10
10.25,900.2289253847441,204.4055619233262,0.2,0.2,20.249999999999996,0.8,0.8,900.0,0.005,10
10.255,900.2250535121738,204.329231332469,0.2,0.2,20.249999999999996,0.8,0.8,900.0,0.005,10
10.26,900.221550608293,204.1552067501562,0.2,0.2,20.249999999999996,0.8,0.8,900.0,0.005,10
10.265,900.2187109098118,203.86150868030654,0.2,0.2,20.249999999999996,0.8,0.8,900.0,0.005,10
10.27,900.2165932287922,203.50832278219096,0.2,0.2,20.249999999999996,0.8,0.8,900.0,0.005,10
10.275,900.2149256773731,203.08607761635957,0.2,0.2,20.249999999999996,0.8,0.8,900.0,0.005,10
10.28,900.2138883175172,202.514854074559,0.2,0.2,20.249999999999996,0.8,0.8,900.0,0.005,10
10.285,900.2130442153326,201.94707105574105,0.2,0.2,20.249999999999996,0.8,0.8,900.0,0.005,10
10.290000000000001,900.2124561924413,201.3945277713914,0.2,0.2,20.249999999999996,0.8,0.8,900.0,0.005,10
10.295,900.2119167330063,200.86951859966388,0.2,0.2,20.249999999999996,0.8,0.8,900.0,0.005,10
10.3,900.2114506382537,200.37996671272444,0.2,0.2,20.249999999999996,0.8,0.8,900.0,0.005,10
10.305,900.2110689989228,199.93454414487096,0.2,0.2,20.249999999999996,0.8,0.8,900.0,0.005,10
10.31,900.210760991016,199.54485889650906,0.2,0.2,20.249999999999996,0.8,0.8,900.0,0.005,10
10.315,900.2105045986972,199.22225144557942,0.2,0.2,20.249999999999996,0.8,0.8,900.0,0.005,10
10.32,900.2103137539276,198.9709462170661,0.2,0.2,20.249999999999996,0.8,0.8,900.0,0.005,10
10.325000000000001,900.2102251900775,198.79287255050457,0.2,0.2,20.249999999999996,0.8,0.8,900.0,0.005,10
10.33,900.2103066870432,198.6964414498667,0.2,0.2,20.249999999999996,0.8,0.8,900.0,0.005,10
10.335,900.2105737631555,198.67764105786998,0.2,0.2,20.249999999999996,0.8,0.8,900.0,0.005,10
10.34,900.2110411008334,198.73245406400963,0.2,0.2,20.249999999999996,0.8,0.8,900.0,0.005,10
10.345,900.2117095519077,198.85604122610388,0.2,0.2,20.249999999999996,0.8,0.8,900.0,0.005,10
10.35,900.2125324504234,199.017105957552,0.2,0.2,20.249999999999996,0.8,0.8,900.0,0.005,10
10.355,900.2134518741631,199.2433294641914,0.2,0.2,20.249999999999996,0.8,0.8,900.0,0.005,10
10.36,900.2143135622922,199.50104908202013,0.2,0.2,20.249999999999996,0.8,0.8,900.0,0.005,10
10.365,900.2150818589628,199.78833465402332,0.2,0.2,20.249999999999996,0.8,0.8,900.0,0.005,10
10.370000000000001,900.2155938707274,200.07554122866742,0.2,0.2,20.249999999999996,0.8,0.8,900.0,0.005,10
10.375,900.2159325974111,200.33098352811422,0.2,0.2,20.249999999999996,0.8,0.8,900.0,0.005,10
10.38,900.2159049715722,200.53864083496916,0.2,0.2,20.249999999999996,0.8,0.8,900.0,0.005,10
10.385,900.2154681109829,200.67792090755714,0.2,0.2,20.249999999999996,0.8,0.8,900.0,0.005,10
10.39,900.2146855814457,200.72602307500594,0.2,0.2,20.249999999999996,0.8,0.8,900.0,0.005,10
10.395,900.2136362043498,200.669780966047,0.2,0.2,20.249999999999996,0.8,0.8,900.0,0.005,10
10.4,900.2124623906957,200.50859535661905,0.2,0.2,20.249999999999996,0.8,0.8,900.0,0.005,10
10.405,900.2113380725356,200.25250247868553,0.2,0.2,20.249999999999996,0.8,0.8,900.0,0.005,10
10.41,900.2104632364027,199.92089914143477,0.2,0.2,20.249999999999996,0.8,0.8,900.0,0.005,10
10.415000000000001,900.2100816617569,199.52627398902135,0.2,0.2,20.249999999999996,0.8,0.8,900.0,0.005,10
10.42,900.21028255666,199.11195325703304,0.2,0.2,20.249999999999996,0.8,0.8,900.0,0.005,10
10.425,900.2112376248064,198.6967141698708,0.2,0.2,20.249999999999996,0.8,0.8,900.0,0.005,10
10.43,900.2130264190694,198.3053807661482,0.2,0.2,20.249999999999996,0.8,0.8,900.0,0.005,10
10.435,900.2156181480248,197.95710322999588,0.2,0.2,20.249999999999996,0.8,0.8,900.0,0.005,10
10.44,900.2189514241709,197.6651767632802,0.2,0.2,20.249999999999996,0.8,0.8,900.0,0.005,10
10.445,900.2229339675216,197.44408777867017,0.2,0.2,20.249999999999996,0.8,0.8,900.0,0.005,10
10.450000000000001,900.2273576272778,197.30846794781772,0.2,0.2,20.249999999999996,0.8,0.8,900.0,0.005,10
10.455,900.2320112005636,197.2678283811539,0.2,0.2,20.249999999999996,0.8,0.8,900.0,0.005,10
10.46,900.236638135961,197.33142502382228,0.2,0.2,20.249999999999996,0.8,0.8,900.0,0.005,10
10.465,900.2409876523493,197.50193070426369,0.2,0.2,20.249999999999996,0.8,0.8,900.0,0.005,10
10.47,900.2447902822315,197.779810839761,0.2,0.2,20.249999999999996,0.8,0.8,900.0,0.005,10
10.475,900.2484317522423,197.75121191123202,0.2,0.2,20.249999999999996,0.8,0.8,900.0,0.005,10
10.48,900.2507689915516,198.14642443882707,0.2,0.2,20.249999999999996,0.8,0.8,900.0,0.005,10
10.485,900.2516288764032,198.67903755049736,0.2,0.2,20.249999999999996,0.8,0.8,900.0,0.005,10
10.49,900.251074137415,199.2633800528955,0.2,0.2,20.249999999999996,0.8,0.8,900.0,0.005,10
10.495000000000001,900.2491722117636,199.8453516496512,0.2,0.2,20.249999999999996,0.8,0.8,900.0,0.005,10
10.5,900.246472218353,200.32421849600317,0.2,0.2,20.249999999999996,0.8,0.8,900.0,0.005,10
10.505,900.2422702336694,200.89946240959134,0.2,0.2,20.249999999999996,0.8,0.8,900.0,0.005,10
10.51,900.2371057168241,201.3619008363236,0.2,0.2,20.249999999999996,0.8,0.8,900.0,0.005,10
10.515,900.2311887106077,201.71730458819545,0.2,0.2,20.249999999999996,0.8,0.8,900.0,0.005,10
10.52,900.2250063012201,201.941403847742,0.2,0.2,20.249999999999996,0.8,0.8,900.0,0.005,10
10.525,900.2187108098831,202.07814091351676,0.2,0.2,20.249999999999996,0.8,0.8,900.0,0.005,10
10.53,900.2125995686761,202.1029522414597,0.2,0.2,20.249999999999996,0.8,0.8,900.0,0.005,10
10.535,900.2073894762393,201.81941686288835,0.2,0.2,20.249999999999996,0.8,0.8,900.0,0.005,10
10.540000000000001,900.2026644951155,201.60695916754818,0.2,0.2,20.249999999999996,0.8,0.8,900.0,0.005,10
10.545,900.198781227174,201.2240806923369,0.2,0.2,20.249999999999996,0.8,0.8,900.0,0.005,10
10.55,900.1958669928372,200.8661373342161,0.2,0.2,20.249999999999996,0.8,0.8,900.0,0.005,10
10.555,900.1936659935592,200.49745458349756,0.2,0.2,20.249999999999996,0.8,0.8,900.0,0.005,10
10.56,900.192288659143,200.0937306412533,0.2,0.2,20.249999999999996,0.8,0.8,900.0,0.005,10
10.565,900.1916955129675,199.66916925435405,0.2,0.2,20.249999999999996,0.8,0.8,900.0,0.005,10
10.57,900.1921895144745,199.05754000411804,0.2,0.2,20.249999999999996,0.8,0.8,900.0,0.005,10
10.575000000000001,900.1931146711099,198.59329288534738,0.2,0.2,20.249999999999996,0.8,0.8,900.0,0.005,10
10.58,900.1945761081836,198.17022012881148,0.2,0.2,20.249999999999996,0.8,0.8,900.0,0.005,10
10.585,900.1965859869449,197.77944638941668,0.2,0.2,20.249999999999996,0.8,0.8,900.0,0.005,10
10.59,900.1990267148093,197.41915931884859,0.2,0.2,20.249999999999996,0.8,0.8,900.0,0.005,10
10.595,900.2017589045385,197.12518522520708,0.2,0.2,20.249999999999996,0.8,0.8,900.0,0.005,10
10.6,900.2053423659078,196.74130190016345,0.2,0.2,20.249999999999996,0.8,0.8,900.0,0.005,10
10.605,900.2092227473196,196.46048021733918,0.2,0.2,20.249999999999996,0.8,0.8,900.0,0.005,10
10.61,900.2136086865299,196.16540094663495,0.2,0.2,20.249999999999996,0.8,0.8,900.0,0.005,10
10.615,900.2178158070776,196.04882129306972,0.2,0.2,20.249999999999996,0.8,0.8,900.0,0.005,10
10.620000000000001,900.2223667661985,195.8809665985744,0.2,0.2,20.249999999999996,0.8,0.8,900.0,0.005,10
10.625,900.2268942271536,195.87061191575523,0.2,0.2,20.249999999999996,0.8,0.8,900.0,0.005,10
10.63,900.2314940269971,195.9956652226768,0.2,0.2,20.249999999999996,0.8,0.8,900.0,0.005,10
10.635,900.2356691745836,196.18645310766445,0.2,0.2,20.249999999999996,0.8,0.8,900.0,0.005,10
10.64,900.2395036158051,196.44316432756338,0.2,0.2,20.249999999999996,0.8,0.8,900.0,0.005,10
10.645,900.2429537944961,196.7739028734986,0.2,0.2,20.249999999999996,0.8,0.8,900.0,0.005,10
10.65,900.2458876611086,197.16535697600602,0.2,0.2,20.249999999999996,0.8,0.8,900.0,0.005,10
10.655,900.2483329598218,197.52124103130882,0.2,0.2,20.249999999999996,0.8,0.8,900.0,0.005,10
10.66,900.2503617664047,197.799488254699,0.2,0.2,20.249999999999996,0.8,0.8,900.0,0.005,10
10.665000000000001,900.2521194771502,198.00427379257542,0.2,0.2,20.249999999999996,0.8,0.8,900.0,0.005,10
10.67,900.2528381507694,198.39034136172373,0.2,0.2,20.249999999999996,0.8,0.8,900.0,0.005,10
10.675,900.252350030149,198.9446977143424,0.2,0.2,20.249999999999996,0.8,0.8,900.0,0.005,10
10.68,900.2511229295378,199.4733509246696,0.2,0.2,20.249999999999996,0.8,0.8,900.0,0.005,10
10.685,900.2494605588057,199.8761871303363,0.2,0.2,20.249999999999996,0.8,0.8,900.0,0.005,10
10.69,900.2476989891367,199.9994193173918,0.2,0.2,20.249999999999996,0.8,0.8,900.0,0.005,10
10.695,900.2454531683276,200.57037475543132,0.2,0.2,20.249999999999996,0.8,0.8,900.0,0.005,10
10.700000000000001,900.242608415548,201.24932444232584,0.2,0.2,20.249999999999996,0.8,0.8,900.0,0.005,10
10.705,900.2396281901546,201.90579512856414,0.2,0.2,20.249999999999996,0.8,0.8,900.0,0.005,10
10.71,900.2366945103238,202.498379032969,0.2,0.2,20.249999999999996,0.8,0.8,900.0,0.005,10
10.715,900.2342589579985,203.0553288629044,0.2,0.2,20.249999999999996,0.8,0.8,900.0,0.005,10
10.72,900.2321116353202,203.58565477936452,0.2,0.2,20.249999999999996,0.8,0.8,900.0,0.005,10
10.725,900.2305514807119,203.95454098359824,0.2,0.2,20.249999999999996,0.8,0.8,900.0,0.005,10
10.73,900.2298052291745,204.20727960807105,0.2,0.2,20.249999999999996,0.8,0.8,900.0,0.005,10
10.735,900.2290439662222,204.50591514799564,0.2,0.2,20.249999999999996,0.8,0.8,900.0,0.005,10
10.74,900.2285005934464,204.63327165380872,0.2,0.2,20.249999999999996,0.8,0.8,900.0,0.005,10
10.745000000000001,900.2282534523465,204.64132996158548,0.2,0.2,20.249999999999996,0.8,0.8,900.0,0.005,10
10.75,900.2278818915705,204.64044587270445,0.2,0.2,20.249999999999996,0.8,0.8,900.0,0.005,10
10.755,900.227376306541,204.5724198585702,0.2,0.2,20.249999999999996,0.8,0.8,900.0,0.005,10
10.76,900.2268229671264,204.47279595161686,0.2,0.2,20.249999999999996,0.8,0.8,900.0,0.005,10
10.765,900.2261346634738,204.3070880770253,0.2,0.2,20.249999999999996,0.8,0.8,900.0,0.005,10
10.77,900.225200950378,204.04792703044745,0.2,0.2,20.249999999999996,0.8,0.8,900.0,0.005,10
10.775,900.2240298562754,203.69119468443807,0.2,0.2,20.249999999999996,0.8,0.8,900.0,0.005,10
10.78,900.2229897875272,203.17095841020864,0.2,0.2,20.249999999999996,0.8,0.8,900.0,0.005,10
10.785,900.2220047692972,202.5944119089105,0.2,0.2,20.249999999999996,0.8,0.8,900.0,0.005,10
10.790000000000001,900.2210131956499,202.0133800830292,0.2,0.2,20.249999999999996,0.8,0.8,900.0,0.005,10
10.795,900.2199917886111,201.41749959579587,0.2,0.2,20.249999999999996,0.8,0.8,900.0,0.005,10
10.8,900.2192569613271,200.8440233035014,0.2,0.2,20.249999999999996,0.8,0.8,900.0,0.005,10
10.805,900.218677123892,200.31376025674317,0.2,0.2,20.249999999999996,0.8,0.8,900.0,0.005,10
10.81,900.2181781846975,199.82297884882323,0.2,0.2,20.249999999999996,0.8,0.8,900.0,0.005,10
10.815,900.217802917429,199.37418976081403,0.2,0.2,20.249999999999996,0.8,0.8,900.0,0.005,10
10.82,900.2178786150808,198.6435506303452,0.2,0.2,20.249999999999996,0.8,0.8,900.0,0.005,10
10.825000000000001,900.2185010081331,197.92047454857698,0.2,0.2,20.249999999999996,0.8,0.8,900.0,0.005,10
10.83,900.2188467148673,197.28544253781047,0.2,0.2,20.249999999999996,0.8,0.8,900.0,0.005,10
10.835,900.218654648365,196.89173403251158,0.2,0.2,20.249999999999996,0.8,0.8,900.0,0.005,10
10.84,900.218096342513,196.4061183001387,0.2,0.2,20.249999999999996,0.8,0.8,900.0,0.005,10
10.845,900.2172092618761,196.10752714630334,0.2,0.2,20.249999999999996,0.8,0.8,900.0,0.005,10
10.85,900.2159128365345,195.89422981630972,0.2,0.2,20.249999999999996,0.8,0.8,900.0,0.005,10
10.855,900.2143457725006,195.7458417358375,0.2,0.2,20.249999999999996,0.8,0.8,900.0,0.005,10
10.86,900.2126107533303,195.64220279900871,0.2,0.2,20.249999999999996,0.8,0.8,900.0,0.005,10
10.865,900.2106003237279,195.54273765914388,0.2,0.2,20.249999999999996,0.8,0.8,900.0,0.005,10
10.870000000000001,900.2088254434503,195.25624347229507,0.2,0.2,20.249999999999996,0.8,0.8,900.0,0.005,10
10.875,900.2067555339545,195.1276580294847,0.2,0.2,20.249999999999996,0.8,0.8,900.0,0.005,10
10.88,900.2047499584947,194.99375776395019,0.2,0.2,20.249999999999996,0.8,0.8,900.0,0.005,10
10.885,900.2029850411171,194.8544598782341,0.2,0.2,20.249999999999996,0.8,0.8,900.0,0.005,10
10.89,900.2016304955572,194.7006798812705,0.2,0.2,20.249999999999996,0.8,0.8,900.0,0.005,10
10.895,900.200732743717,194.5380112000741,0.2,0.2,20.249999999999996,0.8,0.8,900.0,0.005,10
10.9,900.2003990771741,194.3645590470017,0.2,0.2,20.249999999999996,0.8,0.8,900.0,0.005,10
10.905,900.2007066002353,194.18057037944484,0.2,0.2,20.249999999999996,0.8,0.8,900.0,0.005,10
10.91,900.2018463074701,193.9474479116589,0.2,0.2,20.249999999999996,0.8,0.8,900.0,0.005,10
10.915000000000001,900.2038206415884,193.57772553903501,0.2,0.2,20.249999999999996,0.8,0.8,900.0,0.005,10
10.92,900.2061545131771,193.38423083867602,0.2,0.2,20.249999999999996,0.8,0.8,900.0,0.005,10
10.925,900.2091597971929,193.15341875655344,0.2,0.2,20.249999999999996,0.8,0.8,900.0,0.005,10
10.93,900.2130388721238,192.90191502715786,0.2,0.2,20.249999999999996,0.8,0.8,900.0,0.005,10
10.935,900.2173847890808,192.76021499030858,0.2,0.2,20.249999999999996,0.8,0.8,900.0,0.005,10
10.94,900.2220572043512,192.70073187115293,0.2,0.2,20.249999999999996,0.8,0.8,900.0,0.005,10
10.945,900.227099641492,192.5885353597398,0.2,0.2,20.249999999999996,0.8,0.8,900.0,0.005,10
10.950000000000001,900.2322175965841,192.52839847935402,0.2,0.2,20.249999999999996,0.8,0.8,900.0,0.005,10
10.955,900.2369653819779,192.6034201762555,0.2,0.2,20.249999999999996,0.8,0.8,900.0,0.005,10
10.96,900.2412024066848,192.65767522496907,0.2,0.2,20.249999999999996,0.8,0.8,900.0,0.005,10
10.965,900.2446941563989,192.85861095063154,0.2,0.2,20.249999999999996,0.8,0.8,900.0,0.005,10
10.97,900.2470442865427,193.23286565513973,0.2,0.2,20.249999999999996,0.8,0.8,900.0,0.005,10
10.975,900.2482738841611,193.722629332021,0.2,0.2,20.249999999999996,0.8,0.8,900.0,0.005,10
10.98,900.24835343826,194.24703570214038,0.2,0.2,20.249999999999996,0.8,0.8,900.0,0.005,10
10.985,900.2473270650278,194.8395346827031,0.2,0.2,20.249999999999996,0.8,0.8,900.0,0.005,10
10.99,900.2451831227489,195.4864630071349,0.2,0.2,20.249999999999996,0.8,0.8,900.0,0.005,10
10.995000000000001,900.2419629294585,196.13074473363477,0.2,0.2,20.249999999999996,0.8,0.8,900.0,0.005,10
11.0,900.2379219892522,196.73737221607445,0.2,0.2,20.249999999999996,0.8,0.8,900.0,0.005,10
11.005,900.2333193955496,197.28804010867458,0.2,0.2,20.249999999999996,0.8,0.8,900.0,0.005,10
11.01,900.228580702266,197.70725696607508,0.2,0.2,20.249999999999996,0.8,0.8,900.0,0.005,10
11.015,900.2238994940284,198.03735518371903,0.2,0.2,20.249999999999996,0.8,0.8,900.0,0.005,10
11.02,900.219293130136,198.26469015734958,0.2,0.2,20.249999999999996,0.8,0.8,900.0,0.005,10
11.025,900.2150553754182,198.365392004282,0.2,0.2,20.249999999999996,0.8,0.8,900.0,0.005,10
11.03,900.2112399273675,198.38250631569835,0.2,0.2,20.249999999999996,0.8,0.8,900.0,0.005,10
11.035,900.2079463697731,198.28923184597974,0.2,0.2,20.249999999999996,0.8,0.8,900.0,0.005,10
11.040000000000001,900.205339344826,198.09771261473503,0.2,0.2,20.249999999999996,0.8,0.8,900.0,0.005,10
11.045,900.2035170320482,197.81372665674837,0.2,0.2,20.249999999999996,0.8,0.8,900.0,0.005,10
11.05,900.2022443781017,197.4865766167325,0.2,0.2,20.249999999999996,0.8,0.8,900.0,0.005,10
11.055,900.2015838004934,197.07383146269655,0.2,0.2,20.249999999999996,0.8,0.8,900.0,0.005,10
11.06,900.2015748104901,196.62064061009153,0.2,0.2,20.249999999999996,0.8,0.8,900.0,0.005,10
11.065,900.2021124676156,196.14430978220926,0.2,0.2,20.249999999999996,0.8,0.8,900.0,0.005,10
11.07,900.2032692364952,195.65768793880002,0.2,0.2,20.249999999999996,0.8,0.8,900.0,0.005,10
11.075000000000001,900.2048755480912,195.1724878273098,0.2,0.2,20.249999999999996,0.8,0.8,900.0,0.005,10
11.08,900.2069301783935,194.68934309518315,0.2,0.2,20.249999999999996,0.8,0.8,900.0,0.005,10
11.085,900.2093306299394,194.2200086185048,0.2,0.2,20.249999999999996,0.8,0.8,900.0,0.005,10
11.09,900.2120627521618,193.7727968600847,0.2,0.2,20.249999999999996,0.8,0.8,900.0,0.005,10
11.095,900.2151140358345,193.3543231552577,0.2,0.2,20.249999999999996,0.8,0.8,900.0,0.005,10
11.1,900.2184374533086,192.9760646558829,0.2,0.2,20.249999999999996,0.8,0.8,900.0,0.005,10
11.105,900.2219818885021,192.65013205086365,0.2,0.2,20.249999999999996,0.8,0.8,900.0,0.005,10
11.11,900.225722518829,192.38705299460514,0.2,0.2,20.249999999999996,0.8,0.8,900.0,0.005,10
11.115,900.2295652635299,192.2003279683691,0.2,0.2,20.249999999999996,0.8,0.8,900.0,0.005,10
11.120000000000001,900.233438716999,192.10405262751996,0.2,0.2,20.249999999999996,0.8,0.8,900.0,0.005,10
11.125,900.2372831433892,192.102367201328,0.2,0.2,20.249999999999996,0.8,0.8,900.0,0.005,10
11.13,900.2409769973809,192.15773092990125,0.2,0.2,20.249999999999996,0.8,0.8,900.0,0.005,10
11.135,900.244476169362,192.30144298902954,0.2,0.2,20.249999999999996,0.8,0.8,900.0,0.005,10
11.14,900.2477000098395,192.5624038605977,0.2,0.2,20.249999999999996,0.8,0.8,900.0,0.005,10
11.145,900.2505755792384,192.9412809451691,0.2,0.2,20.249999999999996,0.8,0.8,900.0,0.005,10
11.15,900.2528221116332,193.42123352085326,0.2,0.2,20.249999999999996,0.8,0.8,900.0,0.005,10
11.155,900.2543619631792,193.98856236189806,0.2,0.2,20.249999999999996,0.8,0.8,900.0,0.005,10
11.16,900.2551756089565,194.61815122002082,0.2,0.2,20.249999999999996,0.8,0.8,900.0,0.005,10
11.165000000000001,900.2552526371325,195.2886637295954,0.2,0.2,20.249999999999996,0.8,0.8,900.0,0.005,10
11.17,900.2543893811422,195.96311115074016,0.2,0.2,20.249999999999996,0.8,0.8,900.0,0.005,10
11.175,900.2525688088954,196.62405742404104,0.2,0.2,20.249999999999996,0.8,0.8,900.0,0.005,10
11.18,900.2499706877693,197.24814035626474,0.2,0.2,20.249999999999996,0.8,0.8,900.0,0.005,10
11.185,900.2466476506619,197.8172774820202,0.2,0.2,20.249999999999996,0.8,0.8,900.0,0.005,10
11.19,900.242571903092,198.32094755079717,0.2,0.2,20.249999999999996,0.8,0.8,900.0,0.005,10
11.195,900.238081724044,198.6501184137504,0.2,0.2,20.249999999999996,0.8,0.8,900.0,0.005,10
11.200000000000001,900.2332685603825,198.86094888229337,0.2,0.2,20.249999999999996,0.8,0.8,900.0,0.005,10
11.205,900.2282228207292,199.02592906135723,0.2,0.2,20.249999999999996,0.8,0.8,900.0,0.005,10
11.21,900.2230030126727,199.1038510484613,0.2,0.2,20.249999999999996,0.8,0.8,900.0,0.005,10
11.215,900.2179118584347,199.08427667602066,0.2,0.2,20.249999999999996,0.8,0.8,900.0,0.005,10
11.22,900.2131676843338,198.975319859146,0.2,0.2,20.249999999999996,0.8,0.8,900.0,0.005,10
11.225,900.2090287943511,198.71546211336215,0.2,0.2,20.249999999999996,0.8,0.8,900.0,0.005,10
11.23,900.2059626176178,198.29788105227868,0.2,0.2,20.249999999999996,0.8,0.8,900.0,0.005,10
11.235,900.20301407401,198.02049196372818,0.2,0.2,20.249999999999996,0.8,0.8,900.0,0.005,10
11.24,900.2005803361252,197.7076141689319,0.2,0.2,20.249999999999996,0.8,0.8,900.0,0.005,10
11.245000000000001,900.1989602168594,197.3209530001809,0.2,0.2,20.249999999999996,0.8,0.8,900.0,0.005,10
11.25,900.1977261260826,196.9356925446595,0.2,0.2,20.249999999999996,0.8,0.8,900.0,0.005,10
11.255,900.196891407578,196.51241256586005,0.2,0.2,20.249999999999996,0.8,0.8,900.0,0.005,10
11.26,900.1965419564602,196.03099809546148,0.2,0.2,20.249999999999996,0.8,0.8,900.0,0.005,10
11.265,900.196638813131,195.49415167590365,0.2,0.2,20.249999999999996,0.8,0.8,900.0,0.005,10
11.27,900.1976414285919,194.52727509636253,0.2,0.2,20.249999999999996,0.8,0.8,900.0,0.005,10
11.275,900.1989658361625,193.76116189826254,0.2,0.2,20.249999999999996,0.8,0.8,900.0,0.005,10
11.28,900.200723431914,193.04380396435315,0.2,0.2,20.249999999999996,0.8,0.8,900.0,0.005,10
11.285,900.2029839727121,192.32998589363413,0.2,0.2,20.249999999999996,0.8,0.8,900.0,0.005,10
11.290000000000001,900.205609625211,191.64956775152072,0.2,0.2,20.249999999999996,0.8,0.8,900.0,0.005,10
11.295,900.2087134275085,191.04624649063285,0.2,0.2,20.249999999999996,0.8,0.8,900.0,0.005,10
11.3,900.2119699282458,190.53547515306371,0.2,0.2,20.249999999999996,0.8,0.8,900.0,0.005,10
11.305,900.2151882776885,190.0920769951496,0.2,0.2,20.249999999999996,0.8,0.8,900.0,0.005,10
11.31,900.2182806001063,189.76500770628303,0.2,0.2,20.249999999999996,0.8,0.8,900.0,0.005,10
11.315,900.2212424544214,189.50284411763278,0.2,0.2,20.249999999999996,0.8,0.8,900.0,0.005,10
11.32,900.2241690877809,189.28712037041416,0.2,0.2,20.249999999999996,0.8,0.8,900.0,0.005,10
11.325000000000001,900.2269161848095,189.23486714379732,0.2,0.2,20.249999999999996,0.8,0.8,900.0,0.005,10
11.33,900.229251805707,189.33494461290553,0.2,0.2,20.249999999999996,0.8,0.8,900.0,0.005,10
11.335,900.2315486052839,189.42291782361684,0.2,0.2,20.249999999999996,0.8,0.8,900.0,0.005,10
11.34,900.2332402454116,189.70912807301002,0.2,0.2,20.249999999999996,0.8,0.8,900.0,0.005,10
11.345,900.2344885960429,190.10120141530146,0.2,0.2,20.249999999999996,0.8,0.8,900.0,0.005,10
11.35,900.2354087866024,190.5900652058263,0.2,0.2,20.249999999999996,0.8,0.8,900.0,0.005,10
11.355,900.2360200065078,191.13931168381265,0.2,0.2,20.249999999999996,0.8,0.8,900.0,0.005,10
11.36,900.2364130269451,191.7223485069333,0.2,0.2,20.249999999999996,0.8,0.8,900.0,0.005,10
11.365,900.2367353372268,192.3095029631395,0.2,0.2,20.249999999999996,0.8,0.8,900.0,0.005,10
11.370000000000001,900.237016221622,192.81733433252992,0.2,0.2,20.249999999999996,0.8,0.8,900.0,0.005,10
11.375,900.2371517878184,193.34186515030464,0.2,0.2,20.249999999999996,0.8,0.8,900.0,0.005,10
11.38,900.2371346272138,193.5789789509223,0.2,0.2,20.249999999999996,0.8,0.8,900.0,0.005,10
11.385,900.2371881274222,194.04927976576275,0.2,0.2,20.249999999999996,0.8,0.8,900.0,0.005,10
11.39,900.2368818207825,194.61853132598114,0.2,0.2,20.249999999999996,0.8,0.8,900.0,0.005,10
11.395,900.2363167278615,195.15432199718438,0.2,0.2,20.249999999999996,0.8,0.8,900.0,0.005,10
11.4,900.2354006512967,195.63304072560254,0.2,0.2,20.249999999999996,0.8,0.8,900.0,0.005,10
11.405,900.2342944937225,196.06453020597596,0.2,0.2,20.249999999999996,0.8,0.8,900.0,0.005,10
11.41,900.2329392534822,196.43297203745814,0.2,0.2,20.249999999999996,0.8,0.8,900.0,0.005,10
11.415000000000001,900.2314762843022,196.71854573287382,0.2,0.2,20.249999999999996,0.8,0.8,900.0,0.005,10
11.42,900.2298833313521,196.92845285019573,0.2,0.2,20.249999999999996,0.8,0.8,900.0,0.005,10
11.425,900.228045044952,197.05821908228728,0.2,0.2,20.249999999999996,0.8,0.8,900.0,0.005,10
11.43,900.2260794780068,197.1308754016907,0.2,0.2,20.249999999999996,0.8,0.8,900.0,0.005,10
11.435,900.2241309607706,197.1437594837172,0.2,0.2,20.249999999999996,0.8,0.8,900.0,0.005,10
11.44,900.2222195945878,197.08994376660914,0.2,0.2,20.249999999999996,0.8,0.8,900.0,0.005,10
11.445,900.2203207141498,197.00349651669774,0.2,0.2,20.249999999999996,0.8,0.8,900.0,0.005,10
11.450000000000001,900.2184249935555,196.88432645756626,0.2,0.2,20.249999999999996,0.8,0.8,900.0,0.005,10
11.455,900.2165893335302,196.69810225360524,0.2,0.2,20.249999999999996,0.8,0.8,900.0,0.005,10
11.46,900.2147956083321,196.47358048922442,0.2,0.2,20.249999999999996,0.8,0.8,900.0,0.005,10
11.465,900.2129883669153,196.22980122593614,0.2,0.2,20.249999999999996,0.8,0.8,900.0,0.005,10
11.47,900.2111901922756,195.963625210163,0.2,0.2,20.249999999999996,0.8,0.8,900.0,0.005,10
11.475,900.2095087015991,195.67292475415988,0.2,0.2,20.249999999999996,0.8,0.8,900.0,0.005,10
11.48,900.2081703539872,195.3218532854425,0.2,0.2,20.249999999999996,0.8,0.8,900.0,0.005,10
11.485,900.2070212672611,194.99681714066432,0.2,0.2,20.249999999999996,0.8,0.8,900.0,0.005,10
11.49,900.2059772251175,194.66192450325732,0.2,0.2,20.249999999999996,0.8,0.8,900.0,0.005,10
11.495000000000001,900.2051943802248,194.3094008500569,0.2,0.2,20.249999999999996,0.8,0.8,900.0,0.005,10
11.5,900.2050295732226,193.90490572818882,0.2,0.2,20.249999999999996,0.8,0.8,900.0,0.005,10
11.505,900.2051783075361,193.54282014172335,0.2,0.2,20.249999999999996,0.8,0.8,900.0,0.005,10
11.51,900.2058863243899,193.17667805515399,0.2,0.2,20.249999999999996,0.8,0.8,900.0,0.005,10
11.515,900.2070944378833,192.829812872767,0.2,0.2,20.249999999999996,0.8,0.8,900.0,0.005,10
11.52,900.2091370988284,192.35239478088621,0.2,0.2,20.249999999999996,0.8,0.8,900.0,0.005,10
11.525,900.2120782293524,191.97092121788174,0.2,0.2,20.249999999999996,0.8,0.8,900.0,0.005,10
11.53,900.2153562001531,191.75213447560364,0.2,0.2,20.249999999999996,0.8,0.8,900.0,0.005,10
11.535,900.21923200745,191.6174584898494,0.2,0.2,20.249999999999996,0.8,0.8,900.0,0.005,10
11.540000000000001,900.2237811818846,191.593668142262,0.2,0.2,20.249999999999996,0.8,0.8,900.0,0.005,10
11.545,900.2288093377679,191.70302395640877,0.2,0.2,20.249999999999996,0.8,0.8,900.0,0.005,10
11.55,900.2343232295198,191.9507145876233,0.2,0.2,20.249999999999996,0.8,0.8,900.0,0.005,10
11.555,900.2400386208475,192.36548789397705,0.2,0.2,20.249999999999996,0.8,0.8,900.0,0.005,10
11.56,900.2458881051185,192.92519746952306,0.2,0.2,20.249999999999996,0.8,0.8,900.0,0.005,10
11.565,900.2515903637127,193.624738521475,0.2,0.2,20.249999999999996,0.8,0.8,900.0,0.005,10
11.57,900.2568495757583,194.48226765766134,0.2,0.2,20.249999999999996,0.8,0.8,900.0,0.005,10
11.575000000000001,900.2614327308872,195.49118573554495,0.2,0.2,20.249999999999996,0.8,0.8,900.0,0.005,10
11.58,900.2656386787776,196.2823952858648,0.2,0.2,20.249999999999996,0.8,0.8,900.0,0.005,10
11.585,900.2687463658909,197.4915551567333,0.2,0.2,20.249999999999996,0.8,0.8,900.0,0.005,10
11.59,900.2703331992477,198.80092286998618,0.2,0.2,20.249999999999996,0.8,0.8,900.0,0.005,10
11.595,900.2704316297268,200.1162839988673,0.2,0.2,20.249999999999996,0.8,0.8,900.0,0.005,10
11.6,900.2690747041752,201.4048172628639,0.2,0.2,20.249999999999996,0.8,0.8,900.0,0.005,10
11.605,900.2662847609907,202.61407139973082,0.2,0.2,20.249999999999996,0.8,0.8,900.0,0.005,10
11.61,900.2620907511854,203.69401866655258,0.2,0.2,20.249999999999996,0.8,0.8,900.0,0.005,10
11.615,900.2565270080929,204.59350798454633,0.2,0.2,20.249999999999996,0.8,0.8,900.0,0.005,10
11.620000000000001,900.2498252883099,205.2584573592488,0.2,0.2,20.249999999999996,0.8,0.8,900.0,0.005,10
11.625,900.2422545301862,205.67685847718712,0.2,0.2,20.249999999999996,0.8,0.8,900.0,0.005,10
11.63,900.2341750498451,205.83376227541274,0.2,0.2,20.249999999999996,0.8,0.8,900.0,0.005,10
11.635,900.2270616077386,205.1058911410773,0.2,0.2,20.249999999999996,0.8,0.8,900.0,0.005,10
11.64,900.2201279747947,204.54110181070368,0.2,0.2,20.249999999999996,0.8,0.8,900.0,0.005,10
11.645,900.2130161920053,203.91313205873843,0.2,0.2,20.249999999999996,0.8,0.8,900.0,0.005,10
11.65,900.2075737185945,202.38819311017784,0.2,0.2,20.249999999999996,0.8,0.8,900.0,0.005,10
11.655,900.2027670839226,201.3495564206427,0.2,0.2,20.249999999999996,0.8,0.8,900.0,0.005,10
11.66,900.1990322455514,200.2669279940802,0.2,0.2,20.249999999999996,0.8,0.8,900.0,0.005,10
11.665000000000001,900.1967345231737,199.11617003146546,0.2,0.2,20.249999999999996,0.8,0.8,900.0,0.005,10
11.67,900.1958548036401,197.92681609583295,0.2,0.2,20.249999999999996,0.8,0.8,900.0,0.005,10
11.675,900.1961108584069,196.77542419538625,0.2,0.2,20.249999999999996,0.8,0.8,900.0,0.005,10
11.68,900.1972852009551,195.70279566324072,0.2,0.2,20.249999999999996,0.8,0.8,900.0,0.005,10
11.685,900.1992168164949,194.73007251032274,0.2,0.2,20.249999999999996,0.8,0.8,900.0,0.005,10
11.69,900.2016872933327,193.89247704167644,0.2,0.2,20.249999999999996,0.8,0.8,900.0,0.005,10
11.695,900.20437789091,193.2374439035053,0.2,0.2,20.249999999999996,0.8,0.8,900.0,0.005,10
11.700000000000001,900.207039667817,192.77814408068474,0.2,0.2,20.249999999999996,0.8,0.8,900.0,0.005,10
11.705,900.2099535511832,192.41011845009524,0.2,0.2,20.249999999999996,0.8,0.8,900.0,0.005,10
11.71,900.2125870806301,192.20300769598117,0.2,0.2,20.249999999999996,0.8,0.8,900.0,0.005,10
11.715,900.2142590147604,192.21935937854798,0.2,0.2,20.249999999999996,0.8,0.8,900.0,0.005,10
11.72,900.2149336245981,192.42275638925983,0.2,0.2,20.249999999999996,0.8,0.8,900.0,0.005,10
11.725,900.2147280066567,192.76513115750748,0.2,0.2,20.249999999999996,0.8,0.8,900.0,0.005,10
11.73,900.2136113687015,193.20932201711278,0.2,0.2,20.249999999999996,0.8,0.8,900.0,0.005,10
11.735,900.2118336961395,193.64852461601768,0.2,0.2,20.249999999999996,0.8,0.8,900.0,0.005,10
11.74,900.20972390543,194.07721135027506,0.2,0.2,20.249999999999996,0.8,0.8,900.0,0.005,10
11.745000000000001,900.2067959600631,194.54192283558984,0.2,0.2,20.249999999999996,0.8,0.8,900.0,0.005,10
11.75,900.2034718573557,194.9459304346412,0.2,0.2,20.249999999999996,0.8,0.8,900.0,0.005,10
11.755,900.2001279442891,195.25582543681008,0.2,0.2,20.249999999999996,0.8,0.8,900.0,0.005,10
11.76,900.1970988815677,195.47435074510486,0.2,0.2,20.249999999999996,0.8,0.8,900.0,0.005,10
11.765,900.1946386511231,195.58456241845303,0.2,0.2,20.249999999999996,0.8,0.8,900.0,0.005,10
11.77,900.19294177584,195.6137677568994,0.2,0.2,20.249999999999996,0.8,0.8,900.0,0.005,10
11.775,900.1921698923609,195.58658270023312,0.2,0.2,20.249999999999996,0.8,0.8,900.0,0.005,10
11.78,900.1923547510527,195.50025656761457,0.2,0.2,20.249999999999996,0.8,0.8,900.0,0.005,10
11.785,900.1934160156611,195.37086871340503,0.2,0.2,20.249999999999996,0.8,0.8,900.0,0.005,10
11.790000000000001,900.1952483430911,195.21702933138317,0.2,0.2,20.249999999999996,0.8,0.8,900.0,0.005,10
11.795,900.1974970323608,195.10634092168436,0.2,0.2,20.249999999999996,0.8,0.8,900.0,0.005,10
11.8,900.2000763287464,195.015232645345,0.2,0.2,20.249999999999996,0.8,0.8,900.0,0.005,10
11.805,900.2028390381365,194.93885909524639,0.2,0.2,20.249999999999996,0.8,0.8,900.0,0.005,10
11.81,900.205656423685,194.85996893612824,0.2,0.2,20.249999999999996,0.8,0.8,900.0,0.005,10
11.815,900.2086547095047,194.7749164158046,0.2,0.2,20.249999999999996,0.8,0.8,900.0,0.005,10
11.82,900.2114519281132,194.73566811092613,0.2,0.2,20.249999999999996,0.8,0.8,900.0,0.005,10
11.825000000000001,900.2141130260992,194.71593833601165,0.2,0.2,20.249999999999996,0.8,0.8,900.0,0.005,10
11.83,900.2167612657615,194.70586992182453,0.2,0.2,20.249999999999996,0.8,0.8,900.0,0.005,10
11.835,900.2197474522727,194.60514001595803,0.2,0.2,20.249999999999996,0.8,0.8,900.0,0.005,10
11.84,900.2235562521096,194.41381846304404,0.2,0.2,20.249999999999996,0.8,0.8,900.0,0.005,10
11.845,900.2274094069593,194.47364239324827,0.2,0.2,20.249999999999996,0.8,0.8,900.0,0.005,10
11.85,900.2324417890989,194.28553602474707,0.2,0.2,20.249999999999996,0.8,0.8,900.0,0.005,10
11.855,900.2377605535399,194.4817225369904,0.2,0.2,20.249999999999996,0.8,0.8,900.0,0.005,10
11.86,900.2434232378445,194.82082428648374,0.2,0.2,20.249999999999996,0.8,0.8,900.0,0.005,10
11.865,900.2495028698895,195.31571795193645,0.2,0.2,20.249999999999996,0.8,0.8,900.0,0.005,10
11.870000000000001,900.2559995779743,195.97451439372364,0.2,0.2,20.249999999999996,0.8,0.8,900.0,0.005,10
11.875,900.2626558859503,196.80727846805664,0.2,0.2,20.249999999999996,0.8,0.8,900.0,0.005,10
11.88,900.2692093514792,197.7994759319162,0.2,0.2,20.249999999999996,0.8,0.8,900.0,0.005,10
11.885,900.2751396714962,198.94748874185433,0.2,0.2,20.249999999999996,0.8,0.8,900.0,0.005,10
11.89,900.2804212754062,200.26908258991443,0.2,0.2,20.249999999999996,0.8,0.8,900.0,0.005,10
11.895,900.2847134464179,201.7201997122173,0.2,0.2,20.249999999999996,0.8,0.8,900.0,0.005,10
11.9,900.2877068755836,203.32682890965168,0.2,0.2,20.249999999999996,0.8,0.8,900.0,0.005,10
11.905,900.2889014212196,205.09534842801048,0.2,0.2,20.249999999999996,0.8,0.8,900.0,0.005,10
11.91,900.2881894513256,206.91733426606325,0.2,0.2,20.249999999999996,0.8,0.8,900.0,0.005,10
11.915000000000001,900.2854547913714,208.7299096114028,0.2,0.2,20.249999999999996,0.8,0.8,900.0,0.005,10
11.92,900.2805887381611,210.45807746932223,0.2,0.2,20.249999999999996,0.8,0.8,900.0,0.005,10
11.925,900.2735724592158,212.0407829851071,0.2,0.2,20.249999999999996,0.8,0.8,900.0,0.005,10
11.93,900.2644742041431,213.4197597406072,0.2,0.2,20.249999999999996,0.8,0.8,900.0,0.005,10
11.935,900.2544490157285,214.08024301087406,0.2,0.2,20.249999999999996,0.8,0.8,900.0,0.005,10
11.94,900.2432500901095,214.52668382043174,0.2,0.2,20.249999999999996,0.8,0.8,900.0,0.005,10
11.945,900.2304687670453,214.87962726457846,0.2,0.2,20.249999999999996,0.8,0.8,900.0,0.005,10
11.950000000000001,900.2168890309622,214.91031816540837,0.2,0.2,20.249999999999996,0.8,0.8,900.0,0.005,10
11.955,900.2035205971622,214.5875321873652,0.2,0.2,20.249999999999996,0.8,0.8,900.0,0.005,10
11.96,900.1913493785333,213.92306002884843,0.2,0.2,20.249999999999996,0.8,0.8,900.0,0.005,10
11.965,900.1806464232096,213.02106707347818,0.2,0.2,20.249999999999996,0.8,0.8,900.0,0.005,10
11.97,900.1719085122238,211.8939530995578,0.2,0.2,20.249999999999996,0.8,0.8,900.0,0.005,10
11.975,900.1655666201178,210.59671490165658,0.2,0.2,20.249999999999996,0.8,0.8,900.0,0.005,10
11.98,900.1617971349434,209.20507336765766,0.2,0.2,20.249999999999996,0.8,0.8,900.0,0.005,10
11.985,900.1608047227007,207.73971766014844,0.2,0.2,20.249999999999996,0.8,0.8,900.0,0.005,10
11.99,900.1624122040868,206.29546950133957,0.2,0.2,20.249999999999996,0.8,0.8,900.0,0.005,10
11.995000000000001,900.1665680856629,204.9070253064092,0.2,0.2,20.249999999999996,0.8,0.8,900.0,0.005,10
12.0,900.1726116669723,203.59438566207635,0.2,0.2,20.249999999999996,0.8,0.8,900.0,0.005,10
12.005,900.1798929343931,202.43818543634654,0.2,0.2,20.249999999999996,0.8,0.8,900.0,0.005,10
12.01,900.1882467239652,201.34667993877167,0.2,0.2,20.249999999999996,0.8,0.8,900.0,0.005,10
12.015,900.1967185552381,200.44027925467026,0.2,0.2,20.249999999999996,0.8,0.8,900.0,0.005,10
12.02,900.2049363380225,199.7006783227572,0.2,0.2,20.249999999999996,0.8,0.8,900.0,0.005,10
12.025,900.2125854781971,199.14396477695362,0.2,0.2,20.249999999999996,0.8,0.8,900.0,0.005,10
12.030000000000001,900.2195534385111,198.75952164664497,0.2,0.2,20.249999999999996,0.8,0.8,900.0,0.005,10
12.035,900.2256868448527,198.56952958696692,0.2,0.2,20.249999999999996,0.8,0.8,900.0,0.005,10
12.040000000000001,900.230897772267,198.58103794788798,0.2,0.2,20.249999999999996,0.8,0.8,900.0,0.005,10
12.045,900.235197548028,198.76787069588335,0.2,0.2,20.249999999999996,0.8,0.8,900.0,0.005,10
12.05,900.238639034867,199.15483336199677,0.2,0.2,20.249999999999996,0.8,0.8,900.0,0.005,10
12.055,900.2410884777898,199.7376400706679,0.2,0.2,20.249999999999996,0.8,0.8,900.0,0.005,10
12.06,900.2427590156805,200.45951134811756,0.2,0.2,20.249999999999996,0.8,0.8,900.0,0.005,10
12.065,900.2437374765304,201.2872046053986,0.2,0.2,20.249999999999996,0.8,0.8,900.0,0.005,10
12.07,900.2441967401198,202.18085785177823,0.2,0.2,20.249999999999996,0.8,0.8,900.0,0.005,10
12.075000000000001,900.2440375562882,203.12783198994333,0.2,0.2,20.249999999999996,0.8,0.8,900.0,0.005,10
12.08,900.2432546315832,204.0951860242325,0.2,0.2,20.249999999999996,0.8,0.8,900.0,0.005,10
12.085,900.2419418161978,205.05091967799584,0.2,0.2,20.249999999999996,0.8,0.8,900.0,0.005,10
12.09,900.24024501583,205.9776448514596,0.2,0.2,20.249999999999996,0.8,0.8,900.0,0.005,10
12.095,900.238323969688,206.86554306663817,0.2,0.2,20.249999999999996,0.8,0.8,900.0,0.005,10
12.1,900.2362706520248,207.70302111474803,0.2,0.2,20.249999999999996,0.8,0.8,900.0,0.005,10
12.105,900.2341295649438,208.48330546591183,0.2,0.2,20.249999999999996,0.8,0.8,900.0,0.005,10
12.11,900.2319104481745,209.18596058692327,0.2,0.2,20.249999999999996,0.8,0.8,900.0,0.005,10
12.115,900.2295982191158,209.78221147440425,0.2,0.2,20.249999999999996,0.8,0.8,900.0,0.005,10
12.120000000000001,900.2272001729549,210.24035208462536,0.2,0.2,20.249999999999996,0.8,0.8,900.0,0.005,10
12.125,900.2246511930958,210.52776910102315,0.2,0.2,20.249999999999996,0.8,0.8,900.0,0.005,10
12.13,900.2220059426164,210.41172987402715,0.2,0.2,20.249999999999996,0.8,0.8,900.0,0.005,10
12.135,900.2192862361018,210.158953856715,0.2,0.2,20.249999999999996,0.8,0.8,900.0,0.005,10
12.14,900.2160628625733,209.92912609171645,0.2,0.2,20.249999999999996,0.8,0.8,900.0,0.005,10
12.145,900.2128039093624,209.52995228339253,0.2,0.2,20.249999999999996,0.8,0.8,900.0,0.005,10
12.15,900.2099077793453,208.7967066688454,0.2,0.2,20.249999999999996,0.8,0.8,900.0,0.005,10
12.155000000000001,900.2067773805844,208.1460461568934,0.2,0.2,20.249999999999996,0.8,0.8,900.0,0.005,10
12.16,900.2039163029776,207.42609920773484,0.2,0.2,20.249999999999996,0.8,0.8,900.0,0.005,10
12.165000000000001,900.2010639282441,206.7740290713849,0.2,0.2,20.249999999999996,0.8,0.8,900.0,0.005,10
12.17,900.1994568432772,205.56264601969198,0.2,0.2,20.249999999999996,0.8,0.8,900.0,0.005,10
12.175,900.1978288327459,204.91355236758235,0.2,0.2,20.249999999999996,0.8,0.8,900.0,0.005,10
12.18,900.1964533760529,204.32103040072852,0.2,0.2,20.249999999999996,0.8,0.8,900.0,0.005,10
12.185,900.1958941431286,203.62068048181357,0.2,0.2,20.249999999999996,0.8,0.8,900.0,0.005,10
12.19,900.1958531034998,203.02252918378147,0.2,0.2,20.249999999999996,0.8,0.8,900.0,0.005,10
12.195,900.1963467118763,202.53045221577327,0.2,0.2,20.249999999999996,0.8,0.8,900.0,0.005,10
12.200000000000001,900.1972470262341,202.15525980413312,0.2,0.2,20.249999999999996,0.8,0.8,900.0,0.005,10
12.205,900.1986484751181,201.83660028837437,0.2,0.2,20.249999999999996,0.8,0.8,900.0,0.005,10
12.21,900.2004221224204,201.58789277374493,0.2,0.2,20.249999999999996,0.8,0.8,900.0,0.005,10
12.215,900.202379170866,201.4433743516595,0.2,0.2,20.249999999999996,0.8,0.8,900.0,0.005,10
12.22,900.2044922492682,201.3610504157083,0.2,0.2,20.249999999999996,0.8,0.8,900.0,0.005,10
12.225,900.2067011853745,201.33487846360157,0.2,0.2,20.249999999999996,0.8,0.8,900.0,0.005,10
12.23,900.2090659802365,201.34102319142275,0.2,0.2,20.249999999999996,0.8,0.8,900.0,0.005,10
12.235,900.211212938125,201.4115532602196,0.2,0.2,20.249999999999996,0.8,0.8,900.0,0.005,10
12.24,900.2135696260468,201.41176377359508,0.2,0.2,20.249999999999996,0.8,0.8,900.0,0.005,10
12.245000000000001,900.2160546477814,201.42704739656764,0.2,0.2,20.249999999999996,0.8,0.8,900.0,0.005,10
12.25,900.2183485021046,201.5362075050078,0.2,0.2,20.249999999999996,0.8,0.8,900.0,0.005,10
12.255,900.2206910959055,201.66796033179608,0.2,0.2,20.249999999999996,0.8,0.8,900.0,0.005,10
12.26,900.2229000093573,201.8003831596276,0.2,0.2,20.249999999999996,0.8,0.8,900.0,0.005,10
12.265,900.2251295514608,201.92857222085763,0.2,0.2,20.249999999999996,0.8,0.8,900.0,0.005,10
12.27,900.2276912512984,201.93253139557586,0.2,0.2,20.249999999999996,0.8,0.8,900.0,0.005,10
12.275,900.2301214633159,202.02400822576,0.2,0.2,20.249999999999996,0.8,0.8,900.0,0.005,10
12.280000000000001,900.2324794356033,202.19658493530312,0.2,0.2,20.249999999999996,0.8,0.8,900.0,0.005,10
12.285,900.2348926547996,202.37701428055598,0.2,0.2,20.249999999999996,0.8,0.8,900.0,0.005,10
12.290000000000001,900.2371861748068,202.59126322495956,0.2,0.2,20.249999999999996,0.8,0.8,900.0,0.005,10
12.295,900.2390926510051,202.84426670571654,0.2,0.2,20.249999999999996,0.8,0.8,900.0,0.005,10
12.3,900.2414872282952,202.78004874249578,0.2,0.2,20.249999999999996,0.8,0.8,900.0,0.005,10
12.305,900.2429151755304,203.09008483898594,0.2,0.2,20.249999999999996,0.8,0.8,900.0,0.005,10
12.31,900.2435537800245,203.44431255074403,0.2,0.2,20.249999999999996,0.8,0.8,900.0,0.005,10
12.315,900.2437385049017,203.82691049781127,0.2,0.2,20.249999999999996,0.8,0.8,900.0,0.005,10
12.32,900.2436129137045,204.22357831307173,0.2,0.2,20.249999999999996,0.8,0.8,900.0,0.005,10
12.325000000000001,900.2431515552767,204.6490387198696,0.2,0.2,20.249999999999996,0.8,0.8,900.0,0.005,10
12.33,900.242523167155,205.0131606727751,0.2,0.2,20.249999999999996,0.8,0.8,900.0,0.005,10
12.335,900.241658261754,205.40139111012323,0.2,0.2,20.249999999999996,0.8,0.8,900.0,0.005,10
12.34,900.2407539247691,205.8058951465664,0.2,0.2,20.249999999999996,0.8,0.8,900.0,0.005,10
12.345,900.239957026693,206.23164777640923,0.2,0.2,20.249999999999996,0.8,0.8,900.0,0.005,10
12.35,900.2395359307905,206.6718016362368,0.2,0.2,20.249999999999996,0.8,0.8,900.0,0.005,10
12.355,900.2394695881327,207.09942021484073,0.2,0.2,20.249999999999996,0.8,0.8,900.0,0.005,10
12.36,900.2398250403014,207.50513416019965,0.2,0.2,20.249999999999996,0.8,0.8,900.0,0.005,10
12.365,900.2406222413625,207.83528901563486,0.2,0.2,20.249999999999996,0.8,0.8,900.0,0.005,10
12.370000000000001,900.2417233019853,208.16811808329615,0.2,0.2,20.249999999999996,0.8,0.8,900.0,0.005,10
12.375,900.2430373508193,208.47570826771206,0.2,0.2,20.249999999999996,0.8,0.8,900.0,0.005,10
12.38,900.2443811340479,208.76916265051693,0.2,0.2,20.249999999999996,0.8,0.8,900.0,0.005,10
12.385,900.2456136110418,208.9562458175097,0.2,0.2,20.249999999999996,0.8,0.8,900.0,0.005,10
12.39,900.2465720503918,209.1777918322567,0.2,0.2,20.249999999999996,0.8,0.8,900.0,0.005,10
12.395,900.2470704396245,209.40638177636322,0.2,0.2,20.249999999999996,0.8,0.8,900.0,0.005,10
12.4,900.246750389992,209.6117008835354,0.2,0.2,20.249999999999996,0.8,0.8,900.0,0.005,10
12.405000000000001,900.2457828567353,209.7882447659463,0.2,0.2,20.249999999999996,0.8,0.8,900.0,0.005,10
12.41,900.2443138898534,209.91497844782427,0.2,0.2,20.249999999999996,0.8,0.8,900.0,0.005,10
12.415000000000001,900.2423725551153,210.0670687257369,0.2,0.2,20.249999999999996,0.8,0.8,900.0,0.005,10
12.42,900.2398191830251,210.21328796945608,0.2,0.2,20.249999999999996,0.8,0.8,900.0,0.005,10
12.425,900.236906872157,210.33503916591195,0.2,0.2,20.249999999999996,0.8,0.8,900.0,0.005,10
12.43,900.2339234545947,210.42358226296622,0.2,0.2,20.249999999999996,0.8,0.8,900.0,0.005,10
12.435,900.2312650906532,210.25854562943138,0.2,0.2,20.249999999999996,0.8,0.8,900.0,0.005,10
12.44,900.2287474718338,210.23658104115233,0.2,0.2,20.249999999999996,0.8,0.8,900.0,0.005,10
12.445,900.2261157553677,210.34493804162116,0.2,0.2,20.249999999999996,0.8,0.8,900.0,0.005,10
12.450000000000001,900.2236103294795,210.4713854682419,0.2,0.2,20.249999999999996,0.8,0.8,900.0,0.005,10
12.455,900.2211930183312,210.60115167794774,0.2,0.2,20.249999999999996,0.8,0.8,900.0,0.005,10
12.46,900.2188389790642,210.72017603984438,0.2,0.2,20.249999999999996,0.8,0.8,900.0,0.005,10
12.465,900.2165135256928,210.80274705012127,0.2,0.2,20.249999999999996,0.8,0.8,900.0,0.005,10
12.47,900.2142592665473,210.80304775538178,0.2,0.2,20.249999999999996,0.8,0.8,900.0,0.005,10
12.475,900.2127052277295,210.52441761715573,0.2,0.2,20.249999999999996,0.8,0.8,900.0,0.005,10
12.48,900.2105364147601,210.3537334725981,0.2,0.2,20.249999999999996,0.8,0.8,900.0,0.005,10
12.485,900.2082123788709,210.05250599515642,0.2,0.2,20.249999999999996,0.8,0.8,900.0,0.005,10
12.49,900.206033732491,209.58379464058362,0.2,0.2,20.249999999999996,0.8,0.8,900.0,0.005,10
12.495000000000001,900.2043188272672,208.99816965742687,0.2,0.2,20.249999999999996,0.8,0.8,900.0,0.005,10
12.5,900.203285419652,208.33411904499152,0.2,0.2,20.249999999999996,0.8,0.8,900.0,0.005,10
12.505,900.2029555079976,207.6402261518256,0.2,0.2,20.249999999999996,0.8,0.8,900.0,0.005,10
12.51,900.2035237400833,206.9245782060858,0.2,0.2,20.249999999999996,0.8,0.8,900.0,0.005,10
12.515,900.2050964561266,206.1455492492855,0.2,0.2,20.249999999999996,0.8,0.8,900.0,0.005,10
12.52,900.2071615128004,205.48800718317005,0.2,0.2,20.249999999999996,0.8,0.8,900.0,0.005,10
12.525,900.2097568742133,204.84130588937182,0.2,0.2,20.249999999999996,0.8,0.8,900.0,0.005,10
12.530000000000001,900.2126400199878,204.3093082977008,0.2,0.2,20.249999999999996,0.8,0.8,900.0,0.005,10
12.535,900.2154156753074,203.8318494581327,0.2,0.2,20.249999999999996,0.8,0.8,900.0,0.005,10
12.540000000000001,900.2178034281408,203.3929155136049,0.2,0.2,20.249999999999996,0.8,0.8,900.0,0.005,10
12.545,900.2196519962903,202.98214384840585,0.2,0.2,20.249999999999996,0.8,0.8,900.0,0.005,10
12.55,900.2209075230802,202.59244661730068,0.2,0.2,20.249999999999996,0.8,0.8,900.0,0.005,10
12.555,900.2215358425087,202.2254407042106,0.2,0.2,20.249999999999996,0.8,0.8,900.0,0.005,10
12.56,900.2217238227659,201.8493865868773,0.2,0.2,20.249999999999996,0.8,0.8,900.0,0.005,10
12.565,900.2215667150435,201.5050485341862,0.2,0.2,20.249999999999996,0.8,0.8,900.0,0.005,10
12.57,900.221127748295,201.14715668771493,0.2,0.2,20.249999999999996,0.8,0.8,900.0,0.005,10
12.575000000000001,900.2203113522356,200.9610960015667,0.2,0.2,20.249999999999996,0.8,0.8,900.0,0.005,10
12.58,900.2196437795232,200.83656966103248,0.2,0.2,20.249999999999996,0.8,0.8,900.0,0.005,10
12.585,900.2193681508559,200.77038355416732,0.2,0.2,20.249999999999996,0.8,0.8,900.0,0.005,10
12.59,900.2196286134339,200.7486442652297,0.2,0.2,20.249999999999996,0.8,0.8,900.0,0.005,10
12.595,900.220567743874,200.78911392469314,0.2,0.2,20.249999999999996,0.8,0.8,900.0,0.005,10
12.6,900.2219179758972,200.89379862398818,0.2,0.2,20.249999999999996,0.8,0.8,900.0,0.005,10
12.605,900.2238084770273,201.09969494147296,0.2,0.2,20.249999999999996,0.8,0.8,900.0,0.005,10
12.61,900.2260556270604,201.40243531472382,0.2,0.2,20.249999999999996,0.8,0.8,900.0,0.005,10
12.615,900.2298831456872,201.4888459570435,0.2,0.2,20.249999999999996,0.8,0.8,900.0,0.005,10
12.620000000000001,900.2327026193224,201.98161950197257,0.2,0.2,20.249999999999996,0.8,0.8,900.0,0.005,10
12.625,900.2348516063015,202.53202435594218,0.2,0.2,20.249999999999996,0.8,0.8,900.0,0.005,10
12.63,900.2363866639135,203.1243012294041,0.2,0.2,20.249999999999996,0.8,0.8,900.0,0.005,10
12.635,900.2371592407472,203.7445650854494,0.2,0.2,20.249999999999996,0.8,0.8,900.0,0.005,10
12.64,900.237472860098,204.2107365829022,0.2,0.2,20.249999999999996,0.8,0.8,900.0,0.005,10
12.645,900.2366359955516,204.73995994118656,0.2,0.2,20.249999999999996,0.8,0.8,900.0,0.005,10
12.65,900.2344685184497,205.23442958196625,0.2,0.2,20.249999999999996,0.8,0.8,900.0,0.005,10
12.655000000000001,900.2311625175676,205.64628133640622,0.2,0.2,20.249999999999996,0.8,0.8,900.0,0.005,10
12.66,900.227012234759,205.9429861428358,0.2,0.2,20.249999999999996,0.8,0.8,900.0,0.005,10
12.665000000000001,900.2222979896351,206.1012630030631,0.2,0.2,20.249999999999996,0.8,0.8,900.0,0.005,10
12.67,900.2173580458212,206.124896131301,0.2,0.2,20.249999999999996,0.8,0.8,900.0,0.005,10
12.675,900.2125609632809,206.0292503151758,0.2,0.2,20.249999999999996,0.8,0.8,900.0,0.005,10
12.68,900.2083622404938,205.8141795883093,0.2,0.2,20.249999999999996,0.8,0.8,900.0,0.005,10
12.685,900.2049420489113,205.4996649077774,0.2,0.2,20.249999999999996,0.8,0.8,900.0,0.005,10
12.69,900.2024778155406,205.16936439535885,0.2,0.2,20.249999999999996,0.8,0.8,900.0,0.005,10
12.695,900.2010541091653,204.81748499359918,0.2,0.2,20.249999999999996,0.8,0.8,900.0,0.005,10
12.700000000000001,900.2009543233091,204.4446408033298,0.2,0.2,20.249999999999996,0.8,0.8,900.0,0.005,10
12.705,900.2018358585094,204.11757419205009,0.2,0.2,20.249999999999996,0.8,0.8,900.0,0.005,10
12.71,900.2036801301506,203.83789535122258,0.2,0.2,20.249999999999996,0.8,0.8,900.0,0.005,10
12.715,900.2063816748525,203.6062474943414,0.2,0.2,20.249999999999996,0.8,0.8,900.0,0.005,10
12.72,900.2098429904131,203.38803471604578,0.2,0.2,20.249999999999996,0.8,0.8,900.0,0.005,10
12.725,900.2134586474025,203.24174499896313,0.2,0.2,20.249999999999996,0.8,0.8,900.0,0.005,10
12.73,900.2170894914042,203.14233804729798,0.2,0.2,20.249999999999996,0.8,0.8,900.0,0.005,10
12.735,900.2202937426157,203.11287170070577,0.2,0.2,20.249999999999996,0.8,0.8,900.0,0.005,10
12.74,900.2228940268875,203.12895514811396,0.2,0.2,20.249999999999996,0.8,0.8,900.0,0.005,10
12.745000000000001,900.2247754117715,203.17525242774715,0.2,0.2,20.249999999999996,0.8,0.8,900.0,0.005,10
12.75,900.2257664746072,203.24284271285498,0.2,0.2,20.249999999999996,0.8,0.8,900.0,0.005,10
12.755,900.2258221850151,203.31258289603903,0.2,0.2,20.249999999999996,0.8,0.8,900.0,0.005,10
12.76,900.2250510729808,203.34180644252834,0.2,0.2,20.249999999999996,0.8,0.8,900.0,0.005,10
12.765,900.2234903837123,203.3612616795452,0.2,0.2,20.249999999999996,0.8,0.8,900.0,0.005,10
12.77,900.2212146829266,203.35136818690594,0.2,0.2,20.249999999999996,0.8,0.8,900.0,0.005,10
12.775,900.2183842277294,203.3089535510028,0.2,0.2,20.249999999999996,0.8,0.8,900.0,0.005,10
12.780000000000001,900.215310628028,203.22491099500482,0.2,0.2,20.249999999999996,0.8,0.8,900.0,0.005,10
12.785,900.2122242387151,203.09496680278315,0.2,0.2,20.249999999999996,0.8,0.8,900.0,0.005,10
12.790000000000001,900.2094733587377,202.86531368069095,0.2,0.2,20.249999999999996,0.8,0.8,900.0,0.005,10
12.795,900.2072422427464,202.55666098469726,0.2,0.2,20.249999999999996,0.8,0.8,900.0,0.005,10
12.8,900.205395725002,202.27063039755066,0.2,0.2,20.249999999999996,0.8,0.8,900.0,0.005,10
12.805,900.20424362178,201.9591645611619,0.2,0.2,20.249999999999996,0.8,0.8,900.0,0.005,10
12.81,900.2041791871978,201.4999874450739,0.2,0.2,20.249999999999996,0.8,0.8,900.0,0.005,10
12.815,900.2050639374906,201.10823409102701,0.2,0.2,20.249999999999996,0.8,0.8,900.0,0.005,10
12.82,900.206806404477,200.76849222940675,0.2,0.2,20.249999999999996,0.8,0.8,900.0,0.005,10
12.825000000000001,900.2095188437481,200.45229900401,0.2,0.2,20.249999999999996,0.8,0.8,900.0,0.005,10
12.83,900.2132521669805,200.16679671712475,0.2,0.2,20.249999999999996,0.8,0.8,900.0,0.005,10
12.835,900.2179144921561,199.93582083605193,0.2,0.2,20.249999999999996,0.8,0.8,900.0,0.005,10
12.84,900.2236272248596,199.68883618487018,0.2,0.2,20.249999999999996,0.8,0.8,900.0,0.005,10
12.845,900.229940624119,199.5666382523124,0.2,0.2,20.249999999999996,0.8,0.8,900.0,0.005,10
12.85,900.2364743297891,199.53862606556066,0.2,0.2,20.249999999999996,0.8,0.8,900.0,0.005,10
12.855,900.2430974871244,199.5856431557838,0.2,0.2,20.249999999999996,0.8,0.8,900.0,0.005,10
12.86,900.249659621575,199.74150385387526,0.2,0.2,20.249999999999996,0.8,0.8,900.0,0.005,10
12.865,900.2559439758472,200.0231449806583,0.2,0.2,20.249999999999996,0.8,0.8,900.0,0.005,10
12.870000000000001,900.261710492423,200.43976033561282,0.2,0.2,20.249999999999996,0.8,0.8,900.0,0.005,10
12.875,900.2666697152669,200.9895708392893,0.2,0.2,20.249999999999996,0.8,0.8,900.0,0.005,10
12.88,900.2706534384333,201.64229403387847,0.2,0.2,20.249999999999996,0.8,0.8,900.0,0.005,10
12.885,900.2734810115368,202.41436149830082,0.2,0.2,20.249999999999996,0.8,0.8,900.0,0.005,10
12.89,900.2753249436637,203.08117143256408,0.2,0.2,20.249999999999996,0.8,0.8,900.0,0.005,10
12.895,900.2752137808308,204.03413995334233,0.2,0.2,20.249999999999996,0.8,0.8,900.0,0.005,10
12.9,900.2733129052206,205.0604881370905,0.2,0.2,20.249999999999996,0.8,0.8,900.0,0.005,10
12.905000000000001,900.2697110557167,206.1024581445675,0.2,0.2,20.249999999999996,0.8,0.8,900.0,0.005,10
12.91,900.2644669933536,207.0857930614534,0.2,0.2,20.249999999999996,0.8,0.8,900.0,0.005,10
12.915000000000001,900.2578001707703,208.02335313059012,0.2,0.2,20.249999999999996,0.8,0.8,900.0,0.005,10
12.92,900.2498264182182,208.84696360824614,0.2,0.2,20.249999999999996,0.8,0.8,900.0,0.005,10
12.925,900.2409914120142,209.4727777287443,0.2,0.2,20.249999999999996,0.8,0.8,900.0,0.005,10
12.93,900.2316774866224,209.91304694400202,0.2,0.2,20.249999999999996,0.8,0.8,900.0,0.005,10
12.935,900.222439423213,210.14065661016812,0.2,0.2,20.249999999999996,0.8,0.8,900.0,0.005,10
12.94,900.213530719354,210.17345509359052,0.2,0.2,20.249999999999996,0.8,0.8,900.0,0.005,10
12.945,900.205358522952,210.02419620219857,0.2,0.2,20.249999999999996,0.8,0.8,900.0,0.005,10
12.950000000000001,900.198456049091,209.7272579814947,0.2,0.2,20.249999999999996,0.8,0.8,900.0,0.005,10
12.955,900.1931754028972,209.3303289954141,0.2,0.2,20.249999999999996,0.8,0.8,900.0,0.005,10
12.96,900.1894410614275,208.85969759942495,0.2,0.2,20.249999999999996,0.8,0.8,900.0,0.005,10
12.965,900.18722938075,208.33669464951672,0.2,0.2,20.249999999999996,0.8,0.8,900.0,0.005,10
12.97,900.1864818380566,207.78558359796594,0.2,0.2,20.249999999999996,0.8,0.8,900.0,0.005,10
12.975,900.1889207906959,206.7624174269183,0.2,0.2,20.249999999999996,0.8,0.8,900.0,0.005,10
12.98,900.1918452231575,206.12302260908697,0.2,0.2,20.249999999999996,0.8,0.8,900.0,0.005,10
12.985,900.194569570255,205.61465961780826,0.2,0.2,20.249999999999996,0.8,0.8,900.0,0.005,10
12.99,900.1973659447333,205.1720834275309,0.2,0.2,20.249999999999996,0.8,0.8,900.0,0.005,10
12.995000000000001,900.2002130995256,204.79847330813982,0.2,0.2,20.249999999999996,0.8,0.8,900.0,0.005,10
13.0,900.2030217738649,204.25595732165215,0.2,0.2,20.249999999999996,0.8,0.8,900.0,0.005,10
13.005,900.2051894663978,203.9532599236207,0.2,0.2,20.249999999999996,0.8,0.8,900.0,0.005,10
13.01,900.2067034693962,203.6978557513493,0.2,0.2,20.249999999999996,0.8,0.8,900.0,0.005,10
13.015,900.2077046001878,203.49841894413782,0.2,0.2,20.249999999999996,0.8,0.8,900.0,0.005,10
13.02,900.2084261693883,203.34967503504382,0.2,0.2,20.249999999999996,0.8,0.8,900.0,0.005,10
13.025,900.2092782161667,203.25488683269253,0.2,0.2,20.249999999999996,0.8,0.8,900.0,0.005,10
13.030000000000001,900.210203785795,203.20406089935548,0.2,0.2,20.249999999999996,0.8,0.8,900.0,0.005,10
13.035,900.2116528640596,203.25408305123477,0.2,0.2,20.249999999999996,0.8,0.8,900.0,0.005,10
13.040000000000001,900.2138241477119,203.264558700848,0.2,0.2,20.249999999999996,0.8,0.8,900.0,0.005,10
13.045,900.2168369547967,203.32512445901816,0.2,0.2,20.249999999999996,0.8,0.8,900.0,0.005,10
13.05,900.2211291700633,203.3975516211403,0.2,0.2,20.249999999999996,0.8,0.8,900.0,0.005,10
13.055,900.2264720189781,203.5493605962707,0.2,0.2,20.249999999999996,0.8,0.8,900.0,0.005,10
13.06,900.2326691723011,203.76873593932535,0.2,0.2,20.249999999999996,0.8,0.8,900.0,0.005,10
13.065,900.2396109689971,204.06187578868307,0.2,0.2,20.249999999999996,0.8,0.8,900.0,0.005,10
13.07,900.2470481146229,204.4470858307618,0.2,0.2,20.249999999999996,0.8,0.8,900.0,0.005,10
13.075000000000001,900.2547012655444,204.94194179373432,0.2,0.2,20.249999999999996,0.8,0.8,900.0,0.005,10
13.08,900.2621643662766,205.5741490754579,0.2,0.2,20.249999999999996,0.8,0.8,900.0,0.005,10
13.085,900.2690417729655,206.34300398261766,0.2,0.2,20.249999999999996,0.8,0.8,900.0,0.005,10
13.09,900.2749555779857,207.27385062537275,0.2,0.2,20.249999999999996,0.8,0.8,900.0,0.005,10
13.095,900.2795148739094,208.330379407393,0.2,0.2,20.249999999999996,0.8,0.8,900.0,0.005,10
13.1,900.2824585547379,209.37125978614137,0.2,0.2,20.249999999999996,0.8,0.8,900.0,0.005,10
13.105,900.2837458392901,210.4649277403115,0.2,0.2,20.249999999999996,0.8,0.8,900.0,0.005,10
13.11,900.282777374739,211.72657868344513,0.2,0.2,20.249999999999996,0.8,0.8,900.0,0.005,10
13.115,900.2797668566953,213.03285949237684,0.2,0.2,20.249999999999996,0.8,0.8,900.0,0.005,10
13.120000000000001,900.2746814125642,214.30686786205143,0.2,0.2,20.249999999999996,0.8,0.8,900.0,0.005,10
13.125,900.2676572404138,215.43332005590094,0.2,0.2,20.249999999999996,0.8,0.8,900.0,0.005,10
13.13,900.2590817695407,216.36920438473797,0.2,0.2,20.249999999999996,0.8,0.8,900.0,0.005,10
13.135,900.2492567651179,217.00981000437716,0.2,0.2,20.249999999999996,0.8,0.8,900.0,0.005,10
13.14,900.238760372412,217.33546678686383,0.2,0.2,20.249999999999996,0.8,0.8,900.0,0.005,10
13.145,900.2277674514185,217.3942149674462,0.2,0.2,20.249999999999996,0.8,0.8,900.0,0.005,10
13.15,900.2169564027693,217.14576256984125,0.2,0.2,20.249999999999996,0.8,0.8,900.0,0.005,10
13.155000000000001,900.2071791079912,216.51444593371158,0.2,0.2,20.249999999999996,0.8,0.8,900.0,0.005,10
13.16,900.1986426894149,215.70555307263564,0.2,0.2,20.249999999999996,0.8,0.8,900.0,0.005,10
13.165000000000001,900.1915994309102,214.6920443346409,0.2,0.2,20.249999999999996,0.8,0.8,900.0,0.005,10
13.17,900.1863177369958,213.553847221572,0.2,0.2,20.249999999999996,0.8,0.8,900.0,0.005,10
13.175,900.1830228662673,212.34231483399626,0.2,0.2,20.249999999999996,0.8,0.8,900.0,0.005,10
13.18,900.1817570936666,211.0941024062995,0.2,0.2,20.249999999999996,0.8,0.8,900.0,0.005,10
13.185,900.1822743740138,209.85174241061736,0.2,0.2,20.249999999999996,0.8,0.8,900.0,0.005,10
13.19,900.1843285907447,208.63999929657243,0.2,0.2,20.249999999999996,0.8,0.8,900.0,0.005,10
13.195,900.1874996761622,207.47191052649924,0.2,0.2,20.249999999999996,0.8,0.8,900.0,0.005,10
13.200000000000001,900.1913576434857,206.3705519176305,0.2,0.2,20.249999999999996,0.8,0.8,900.0,0.005,10
13.205,900.1956994568615,205.17783423818025,0.2,0.2,20.249999999999996,0.8,0.8,900.0,0.005,10
13.21,900.1998931340371,204.14295302226716,0.2,0.2,20.249999999999996,0.8,0.8,900.0,0.005,10
13.215,900.2032359143417,203.3069378073505,0.2,0.2,20.249999999999996,0.8,0.8,900.0,0.005,10
13.22,900.2056987464786,202.57432301817548,0.2,0.2,20.249999999999996,0.8,0.8,900.0,0.005,10
13.225,900.2071727343563,201.93092013991438,0.2,0.2,20.249999999999996,0.8,0.8,900.0,0.005,10
13.23,900.2079142150739,201.31490587475562,0.2,0.2,20.249999999999996,0.8,0.8,900.0,0.005,10
13.235,900.2078323000239,200.78519883144054,0.2,0.2,20.249999999999996,0.8,0.8,900.0,0.005,10
13.24,900.2070638052816,200.3101975546472,0.2,0.2,20.249999999999996,0.8,0.8,900.0,0.005,10
13.245000000000001,900.2057234948279,199.86689746318837,0.2,0.2,20.249999999999996,0.8,0.8,900.0,0.005,10
13.25,900.204332745843,199.4111950556685,0.2,0.2,20.249999999999996,0.8,0.8,900.0,0.005,10
13.255,900.2031650679573,199.02731497643185,0.2,0.2,20.249999999999996,0.8,0.8,900.0,0.005,10
13.26,900.2025083028941,198.711711924374,0.2,0.2,20.249999999999996,0.8,0.8,900.0,0.005,10
13.265,900.2024797991887,198.4528878724495,0.2,0.2,20.249999999999996,0.8,0.8,900.0,0.005,10
13.27,900.2031844685483,198.24577462711946,0.2,0.2,20.249999999999996,0.8,0.8,900.0,0.005,10
13.275,900.2046429432448,198.1173840994855,0.2,0.2,20.249999999999996,0.8,0.8,900.0,0.005,10
13.280000000000001,900.2068241104624,198.03704318324577,0.2,0.2,20.249999999999996,0.8,0.8,900.0,0.005,10
13.285,900.2096111205718,198.00278879522895,0.2,0.2,20.249999999999996,0.8,0.8,900.0,0.005,10
13.290000000000001,900.212964467299,198.0099348580068,0.2,0.2,20.249999999999996,0.8,0.8,900.0,0.005,10
13.295,900.2165094773217,198.09253727903362,0.2,0.2,20.249999999999996,0.8,0.8,900.0,0.005,10
13.3,900.2199944914291,198.24699166126177,0.2,0.2,20.249999999999996,0.8,0.8,900.0,0.005,10
13.305,900.2232122716966,198.46270047744665,0.2,0.2,20.249999999999996,0.8,0.8,900.0,0.005,10
13.31,900.2259765637671,198.7276631232648,0.2,0.2,20.249999999999996,0.8,0.8,900.0,0.005,10
13.315,900.2280995473928,199.0360191790758,0.2,0.2,20.249999999999996,0.8,0.8,900.0,0.005,10
13.32,900.2295126394844,199.3950713742608,0.2,0.2,20.249999999999996,0.8,0.8,900.0,0.005,10
13.325000000000001,900.230159986929,199.7893585804186,0.2,0.2,20.249999999999996,0.8,0.8,900.0,0.005,10
13.33,900.2300319809402,200.20488359192427,0.2,0.2,20.249999999999996,0.8,0.8,900.0,0.005,10
13.335,900.2292314653779,200.6205973717065,0.2,0.2,20.249999999999996,0.8,0.8,900.0,0.005,10
13.34,900.2278753851386,201.01982147981397,0.2,0.2,20.249999999999996,0.8,0.8,900.0,0.005,10
13.345,900.2261162365771,201.3871061906464,0.2,0.2,20.249999999999996,0.8,0.8,900.0,0.005,10
13.35,900.2241812436982,201.67236884051812,0.2,0.2,20.249999999999996,0.8,0.8,900.0,0.005,10
13.355,900.2221823018484,201.93185354937836,0.2,0.2,20.249999999999996,0.8,0.8,900.0,0.005,10
13.36,900.2200703431794,202.14855656631985,0.2,0.2,20.249999999999996,0.8,0.8,900.0,0.005,10
13.365,900.2180386613878,202.31202107050487,0.2,0.2,20.249999999999996,0.8,0.8,900.0,0.005,10
13.370000000000001,900.2162839694737,202.40750605292018,0.2,0.2,20.249999999999996,0.8,0.8,900.0,0.005,10
13.375,900.2147329163028,202.46774527819844,0.2,0.2,20.249999999999996,0.8,0.8,900.0,0.005,10
13.38,900.2134058601345,202.48374079485086,0.2,0.2,20.249999999999996,0.8,0.8,900.0,0.005,10
13.385,900.2123252984264,202.47838813058183,0.2,0.2,20.249999999999996,0.8,0.8,900.0,0.005,10
13.39,900.2114963320337,202.44840056191885,0.2,0.2,20.249999999999996,0.8,0.8,900.0,0.005,10
13.395,900.2110031786984,202.39781599936893,0.2,0.2,20.249999999999996,0.8,0.8,900.0,0.005,10
13.4,900.210780420271,202.35343818680062,0.2,0.2,20.249999999999996,0.8,0.8,900.0,0.005,10
13.405000000000001,900.2107190404128,202.33070312141191,0.2,0.2,20.249999999999996,0.8,0.8,900.0,0.005,10
13.41,900.2108901776518,202.32707948581336,0.2,0.2,20.249999999999996,0.8,0.8,900.0,0.005,10
13.415000000000001,900.2111946410528,202.3530171166421,0.2,0.2,20.249999999999996,0.8,0.8,900.0,0.005,10
13.42,900.2116352179733,202.40656900338843,0.2,0.2,20.249999999999996,0.8,0.8,900.0,0.005,10
13.425,900.2122432300042,202.48573407182326,0.2,0.2,20.249999999999996,0.8,0.8,900.0,0.005,10
13.43,900.213027501753,202.58880596920446,0.2,0.2,20.249999999999996,0.8,0.8,900.0,0.005,10
13.435,900.2140761685986,202.69617573340025,0.2,0.2,20.249999999999996,0.8,0.8,900.0,0.005,10
13.44,900.2153245650846,202.79072138182303,0.2,0.2,20.249999999999996,0.8,0.8,900.0,0.005,10
13.445,900.2168431468831,202.89280673659826,0.2,0.2,20.249999999999996,0.8,0.8,900.0,0.005,10
13.450000000000001,900.2186487868296,203.01344232303705,0.2,0.2,20.249999999999996,0.8,0.8,900.0,0.005,10
13.455,900.2207259542757,203.14529747883682,0.2,0.2,20.249999999999996,0.8,0.8,900.0,0.005,10
13.46,900.2230764140628,203.26091716575692,0.2,0.2,20.249999999999996,0.8,0.8,900.0,0.005,10
13.465,900.2256989689816,203.356249174046,0.2,0.2,20.249999999999996,0.8,0.8,900.0,0.005,10
13.47,900.2282493386414,203.46271962015595,0.2,0.2,20.249999999999996,0.8,0.8,900.0,0.005,10
13.475,900.2308030134556,203.5217833769674,0.2,0.2,20.249999999999996,0.8,0.8,900.0,0.005,10
13.48,900.233172203875,203.57940048402676,0.2,0.2,20.249999999999996,0.8,0.8,900.0,0.005,10
13.485,900.2353364385481,203.65317030088096,0.2,0.2,20.249999999999996,0.8,0.8,900.0,0.005,10
13.49,900.2373626533921,203.73115769997708,0.2,0.2,20.249999999999996,0.8,0.8,900.0,0.005,10
13.495000000000001,900.2392491628794,203.8109083332125,0.2,0.2,20.249999999999996,0.8,0.8,900.0,0.005,10
13.5,900.2410260663123,203.88211354702068,0.2,0.2,20.249999999999996,0.8,0.8,900.0,0.005,10
13.505,900.2426469577916,203.9671407470917,0.2,0.2,20.249999999999996,0.8,0.8,900.0,0.005,10
13.51,900.2440497281798,204.04947969820677,0.2,0.2,20.249999999999996,0.8,0.8,900.0,0.005,10
13.515,900.2453506234672,204.04493588777686,0.2,0.2,20.249999999999996,0.8,0.8,900.0,0.005,10
13.52,900.246476103527,204.08028317722082,0.2,0.2,20.249999999999996,0.8,0.8,900.0,0.005,10
13.525,900.247216631443,204.26456659537934,0.2,0.2,20.249999999999996,0.8,0.8,900.0,0.005,10
13.530000000000001,900.2476383672642,204.4903455908532,0.2,0.2,20.249999999999996,0.8,0.8,900.0,0.005,10
13.535,900.247730539687,204.74616469001617,0.2,0.2,20.249999999999996,0.8,0.8,900.0,0.005,10
13.540000000000001,900.2477002348223,204.953123154766,0.2,0.2,20.249999999999996,0.8,0.8,900.0,0.005,10
13.545,900.2476073651343,205.16190077663316,0.2,0.2,20.249999999999996,0.8,0.8,900.0,0.005,10
13.55,900.2468808701062,205.46324126767954,0.2,0.2,20.249999999999996,0.8,0.8,900.0,0.005,10
13.555,900.2456915069129,205.73475328608836,0.2,0.2,20.249999999999996,0.8,0.8,900.0,0.005,10
13.56,900.2442354578703,205.96176952371374,0.2,0.2,20.249999999999996,0.8,0.8,900.0,0.005,10
13.565,900.2423494281328,206.20877496712075,0.2,0.2,20.249999999999996,0.8,0.8,900.0,0.005,10
13.57,900.2399938017609,206.45299396846744,0.2,0.2,20.249999999999996,0.8,0.8,900.0,0.005,10
13.575000000000001,900.237341238812,206.67398396190077,0.2,0.2,20.249999999999996,0.8,0.8,900.0,0.005,10
13.58,900.2345200176076,206.84698748379463,0.2,0.2,20.249999999999996,0.8,0.8,900.0,0.005,10
13.585,900.2319400686588,206.7096102472499,0.2,0.2,20.249999999999996,0.8,0.8,900.0,0.005,10
13.59,900.2297044278782,206.58588403504646,0.2,0.2,20.249999999999996,0.8,0.8,900.0,0.005,10
13.595,900.2272864325196,206.49612469363768,0.2,0.2,20.249999999999996,0.8,0.8,900.0,0.005,10
13.6,900.2249803428791,206.31670884683834,0.2,0.2,20.249999999999996,0.8,0.8,900.0,0.005,10
13.605,900.2228157191682,206.14782045474809,0.2,0.2,20.249999999999996,0.8,0.8,900.0,0.005,10
13.61,900.220958742819,205.95584512825425,0.2,0.2,20.249999999999996,0.8,0.8,900.0,0.005,10
13.615,900.21950433088,205.73327941198414,0.2,0.2,20.249999999999996,0.8,0.8,900.0,0.005,10
13.620000000000001,900.2182890384128,205.48667590987003,0.2,0.2,20.249999999999996,0.8,0.8,900.0,0.005,10
13.625,900.2172843826186,205.2042094811326,0.2,0.2,20.249999999999996,0.8,0.8,900.0,0.005,10
13.63,900.2164386419705,204.89091518353123,0.2,0.2,20.249999999999996,0.8,0.8,900.0,0.005,10
13.635,900.2156463062593,204.58934761297786,0.2,0.2,20.249999999999996,0.8,0.8,900.0,0.005,10
13.64,900.214858854801,204.29846230604267,0.2,0.2,20.249999999999996,0.8,0.8,900.0,0.005,10
13.645,900.2140486115235,204.0231719153628,0.2,0.2,20.249999999999996,0.8,0.8,900.0,0.005,10
13.65,900.2131568310137,203.79118866060875,0.2,0.2,20.249999999999996,0.8,0.8,900.0,0.005,10
13.655000000000001,900.2121517923862,203.57956597027058,0.2,0.2,20.249999999999996,0.8,0.8,900.0,0.005,10
13.66,900.2110438566315,203.38916154146463,0.2,0.2,20.249999999999996,0.8,0.8,900.0,0.005,10
13.665000000000001,900.209830412064,203.22319413340978,0.2,0.2,20.249999999999996,0.8,0.8,900.0,0.005,10
13.67,900.2085240073088,203.08111052314007,0.2,0.2,20.249999999999996,0.8,0.8,900.0,0.005,10
13.675,900.20717900137,202.9410075097748,0.2,0.2,20.249999999999996,0.8,0.8,900.0,0.005,10
13.68,900.205986549718,202.77134869518585,0.2,0.2,20.249999999999996,0.8,0.8,900.0,0.005,10
13.685,900.2051545796522,202.4732835354592,0.2,0.2,20.249999999999996,0.8,0.8,900.0,0.005,10
13.69,900.2043187060051,202.29259065950475,0.2,0.2,20.249999999999996,0.8,0.8,900.0,0.005,10
13.695,900.2034901340174,202.23070756878633,0.2,0.2,20.249999999999996,0.8,0.8,900.0,0.005,10
13.700000000000001,900.2030415244574,202.14943677589122,0.2,0.2,20.249999999999996,0.8,0.8,900.0,0.005,10
13.705,900.2030352438119,202.0798418170924,0.2,0.2,20.249999999999996,0.8,0.8,900.0,0.005,10
13.71,900.2033908876891,202.054988719524,0.2,0.2,20.249999999999996,0.8,0.8,900.0,0.005,10
13.715,900.2040608047864,202.04239562969488,0.2,0.2,20.249999999999996,0.8,0.8,900.0,0.005,10
13.72,900.2051338789455,201.96339659151843,0.2,0.2,20.249999999999996,0.8,0.8,900.0,0.005,10
13.725,900.2065395753206,201.93208241747692,0.2,0.2,20.249999999999996,0.8,0.8,900.0,0.005,10
13.73,900.2081391731592,201.94540120816592,0.2,0.2,20.249999999999996,0.8,0.8,900.0,0.005,10
13.735,900.2099971498876,201.96794176465292,0.2,0.2,20.249999999999996,0.8,0.8,900.0,0.005,10
13.74,900.2120615863024,201.949835890818,0.2,0.2,20.249999999999996,0.8,0.8,900.0,0.005,10
13.745000000000001,900.2142975410559,201.84534031442038,0.2,0.2,20.249999999999996,0.8,0.8,900.0,0.005,10
13.75,900.2170813839933,201.5415854208128,0.2,0.2,20.249999999999996,0.8,0.8,900.0,0.005,10
13.755,900.2196584263694,201.42777924183952,0.2,0.2,20.249999999999996,0.8,0.8,900.0,0.005,10
13.76,900.2219381398334,201.37405276768288,0.2,0.2,20.249999999999996,0.8,0.8,900.0,0.005,10
13.765,900.2239513152606,201.3729946534141,0.2,0.2,20.249999999999996,0.8,0.8,900.0,0.005,10
13.77,900.225679685117,201.3884396904563,0.2,0.2,20.249999999999996,0.8,0.8,900.0,0.005,10
13.775,900.2272893493406,201.42921803265378,0.2,0.2,20.249999999999996,0.8,0.8,900.0,0.005,10
13.780000000000001,900.2286292885225,201.52339389739262,0.2,0.2,20.249999999999996,0.8,0.8,900.0,0.005,10
13.785,900.2298779583936,201.63980039682028,0.2,0.2,20.249999999999996,0.8,0.8,900.0,0.005,10
13.790000000000001,900.2310115084208,201.79716474388601,0.2,0.2,20.249999999999996,0.8,0.8,900.0,0.005,10
13.795,900.2321720511769,202.00798376312386,0.2,0.2,20.249999999999996,0.8,0.8,900.0,0.005,10
13.8,900.2334265973243,202.27431381700433,0.2,0.2,20.249999999999996,0.8,0.8,900.0,0.005,10
13.805,900.234860038899,202.59875877247714,0.2,0.2,20.249999999999996,0.8,0.8,900.0,0.005,10
13.81,900.2367589761078,202.84853058891224,0.2,0.2,20.249999999999996,0.8,0.8,900.0,0.005,10
13.815,900.2392921331319,202.75953995556063,0.2,0.2,20.249999999999996,0.8,0.8,900.0,0.005,10
13.82,900.2430137816925,202.9475654595369,0.2,0.2,20.249999999999996,0.8,0.8,900.0,0.005,10
13.825000000000001,900.2457289624977,203.62929730082618,0.2,0.2,20.249999999999996,0.8,0.8,900.0,0.005,10
13.83,900.2480429707766,204.3667676228104,0.2,0.2,20.249999999999996,0.8,0.8,900.0,0.005,10
13.835,900.2501553265953,205.07731106202127,0.2,0.2,20.249999999999996,0.8,0.8,900.0,0.005,10
13.84,900.252003911576,205.87720949518365,0.2,0.2,20.249999999999996,0.8,0.8,900.0,0.005,10
13.845,900.2533108367305,206.74862301620277,0.2,0.2,20.249999999999996,0.8,0.8,900.0,0.005,10
13.85,900.2537439287918,207.66733198641973,0.2,0.2,20.249999999999996,0.8,0.8,900.0,0.005,10
13.855,900.2530908345798,208.62183951745823,0.2,0.2,20.249999999999996,0.8,0.8,900.0,0.005,10
13.86,900.2512667570801,209.53133712929315,0.2,0.2,20.249999999999996,0.8,0.8,900.0,0.005,10
13.865,900.2482157478483,210.34644956577057,0.2,0.2,20.249999999999996,0.8,0.8,900.0,0.005,10
13.870000000000001,900.2438983796677,211.04541268477456,0.2,0.2,20.249999999999996,0.8,0.8,900.0,0.005,10
13.875,900.2385478656797,211.59782228083012,0.2,0.2,20.249999999999996,0.8,0.8,900.0,0.005,10
13.88,900.2324847897575,211.96313827228553,0.2,0.2,20.249999999999996,0.8,0.8,900.0,0.005,10
13.885,900.2258838009179,212.12674644937567,0.2,0.2,20.249999999999996,0.8,0.8,900.0,0.005,10
13.89,900.2190040322429,212.0941782344302,0.2,0.2,20.249999999999996,0.8,0.8,900.0,0.005,10
13.895,900.2122303323007,211.85938084751135,0.2,0.2,20.249999999999996,0.8,0.8,900.0,0.005,10
13.9,900.2060241122477,211.37795755140863,0.2,0.2,20.249999999999996,0.8,0.8,900.0,0.005,10
13.905000000000001,900.2006385543627,210.73262671006458,0.2,0.2,20.249999999999996,0.8,0.8,900.0,0.005,10
13.91,900.1959575804718,210.02800995985206,0.2,0.2,20.249999999999996,0.8,0.8,900.0,0.005,10
13.915000000000001,900.1925289096014,209.23292615119783,0.2,0.2,20.249999999999996,0.8,0.8,900.0,0.005,10
13.92,900.190390557604,208.38166806458716,0.2,0.2,20.249999999999996,0.8,0.8,900.0,0.005,10
13.925,900.1894527115171,207.50129190100444,0.2,0.2,20.249999999999996,0.8,0.8,900.0,0.005,10
13.93,900.1898552540697,206.63195588406094,0.2,0.2,20.249999999999996,0.8,0.8,900.0,0.005,10
13.935,900.1911769838156,205.83081566799,0.2,0.2,20.249999999999996,0.8,0.8,900.0,0.005,10
13.94,900.1932587779945,205.07602905419705,0.2,0.2,20.249999999999996,0.8,0.8,900.0,0.005,10
13.945,900.1960768272605,204.36382414813335,0.2,0.2,20.249999999999996,0.8,0.8,900.0,0.005,10
13.950000000000001,900.1995158551365,203.72748403118018,0.2,0.2,20.249999999999996,0.8,0.8,900.0,0.005,10
13.955,900.2029328523403,203.19845150936865,0.2,0.2,20.249999999999996,0.8,0.8,900.0,0.005,10
13.96,900.2063894901017,202.75515652652237,0.2,0.2,20.249999999999996,0.8,0.8,900.0,0.005,10
13.965,900.2099147318397,202.37589013720196,0.2,0.2,20.249999999999996,0.8,0.8,900.0,0.005,10
13.97,900.2130883429703,202.13964308893816,0.2,0.2,20.249999999999996,0.8,0.8,900.0,0.005,10
13.975,900.2160948809278,202.03303334626023,0.2,0.2,20.249999999999996,0.8,0.8,900.0,0.005,10
13.98,900.2189538108312,202.05974944151757,0.2,0.2,20.249999999999996,0.8,0.8,900.0,0.005,10
13.985,900.2216737996893,202.21937963284284,0.2,0.2,20.249999999999996,0.8,0.8,900.0,0.005,10
13.99,900.2244927991492,202.464618324215,0.2,0.2,20.249999999999996,0.8,0.8,900.0,0.005,10
13.995000000000001,900.2272601255295,202.8686870837704,0.2,0.2,20.249999999999996,0.8,0.8,900.0,0.005,10
14.0,900.230035727291,203.39280179507753,0.2,0.2,20.249999999999996,0.8,0.8,900.0,0.005,10
14.005,900.2331332897537,203.992305862383,0.2,0.2,20.249999999999996,0.8,0.8,900.0,0.005,10
14.01,900.2365188860144,204.68472131402976,0.2,0.2,20.249999999999996,0.8,0.8,900.0,0.005,10
14.015,900.2402182825306,205.45971471234262,0.2,0.2,20.249999999999996,0.8,0.8,900.0,0.005,10
14.02,900.2441851306696,206.30429180242893,0.2,0.2,20.249999999999996,0.8,0.8,900.0,0.005,10
14.025,900.2482420443889,207.2161940293956,0.2,0.2,20.249999999999996,0.8,0.8,900.0,0.005,10
14.030000000000001,900.2522034981065,208.18905126922084,0.2,0.2,20.249999999999996,0.8,0.8,900.0,0.005,10
14.035,900.2558632764863,209.2116171562176,0.2,0.2,20.249999999999996,0.8,0.8,900.0,0.005,10
14.040000000000001,900.2589422851556,210.2684593641581,0.2,0.2,20.249999999999996,0.8,0.8,900.0,0.005,10
14.045,900.2611576172294,211.34180288068046,0.2,0.2,20.249999999999996,0.8,0.8,900.0,0.005,10
14.05,900.2622526511977,212.41078826740238,0.2,0.2,20.249999999999996,0.8,0.8,900.0,0.005,10
14.055,900.2619137947979,213.4493740010638,0.2,0.2,20.249999999999996,0.8,0.8,900.0,0.005,10
14.06,900.2599501833884,214.4198445208545,0.2,0.2,20.249999999999996,0.8,0.8,900.0,0.005,10
14.065,900.2562445197693,215.27570879111522,0.2,0.2,20.249999999999996,0.8,0.8,900.0,0.005,10
14.07,900.2508532883611,215.97010797718758,0.2,0.2,20.249999999999996,0.8,0.8,900.0,0.005,10
14.075000000000001,900.2439601946385,216.46352175080702,0.2,0.2,20.249999999999996,0.8,0.8,900.0,0.005,10
14.08,900.2358141722425,216.66479201769098,0.2,0.2,20.249999999999996,0.8,0.8,900.0,0.005,10
14.085,900.2268310597674,216.63516396894448,0.2,0.2,20.249999999999996,0.8,0.8,900.0,0.005,10
14.09,900.217507607397,216.3560873859177,0.2,0.2,20.249999999999996,0.8,0.8,900.0,0.005,10
14.095,900.2083101407279,215.84802637658169,0.2,0.2,20.249999999999996,0.8,0.8,900.0,0.005,10
14.1,900.1997284688313,215.11525485318762,0.2,0.2,20.249999999999996,0.8,0.8,900.0,0.005,10
14.105,900.192125289126,214.20871983543915,0.2,0.2,20.249999999999996,0.8,0.8,900.0,0.005,10
14.11,900.1859125047717,213.1677810297777,0.2,0.2,20.249999999999996,0.8,0.8,900.0,0.005,10
14.115,900.1814171002619,212.03981128441674,0.2,0.2,20.249999999999996,0.8,0.8,900.0,0.005,10
14.120000000000001,900.1785681781251,210.88829325565334,0.2,0.2,20.249999999999996,0.8,0.8,900.0,0.005,10
14.125,900.1774139921994,209.73599779074127,0.2,0.2,20.249999999999996,0.8,0.8,900.0,0.005,10
14.13,900.1779408722016,208.55724628129488,0.2,0.2,20.249999999999996,0.8,0.8,900.0,0.005,10
14.135,900.179983816122,207.44957631262005,0.2,0.2,20.249999999999996,0.8,0.8,900.0,0.005,10
14.14,900.1831207051403,206.42178216682936,0.2,0.2,20.249999999999996,0.8,0.8,900.0,0.005,10
14.145,900.1872085235576,205.47577812027393,0.2,0.2,20.249999999999996,0.8,0.8,900.0,0.005,10
14.15,900.1920330171847,204.62235371159795,0.2,0.2,20.249999999999996,0.8,0.8,900.0,0.005,10
14.155000000000001,900.1973721771209,203.86581027229792,0.2,0.2,20.249999999999996,0.8,0.8,900.0,0.005,10
14.16,900.2038999129395,202.7397139945752,0.2,0.2,20.249999999999996,0.8,0.8,900.0,0.005,10
14.165000000000001,900.209924733859,202.25028739458946,0.2,0.2,20.249999999999996,0.8,0.8,900.0,0.005,10
14.17,900.2157620296655,201.8907280924102,0.2,0.2,20.249999999999996,0.8,0.8,900.0,0.005,10
14.175,900.2214316933109,201.6420004832795,0.2,0.2,20.249999999999996,0.8,0.8,900.0,0.005,10
14.18,900.2269405296379,201.49554616362178,0.2,0.2,20.249999999999996,0.8,0.8,900.0,0.005,10
14.185,900.2320138490205,201.56517906036248,0.2,0.2,20.249999999999996,0.8,0.8,900.0,0.005,10
14.19,900.2367276014381,201.56102162017282,0.2,0.2,20.249999999999996,0.8,0.8,900.0,0.005,10
14.195,900.2407892474012,201.82453852296752,0.2,0.2,20.249999999999996,0.8,0.8,900.0,0.005,10
14.200000000000001,900.243681861745,202.2692475501613,0.2,0.2,20.249999999999996,0.8,0.8,900.0,0.005,10
14.205,900.2455826963165,202.7583504625145,0.2,0.2,20.249999999999996,0.8,0.8,900.0,0.005,10
14.21,900.2460905742834,203.35078105293326,0.2,0.2,20.249999999999996,0.8,0.8,900.0,0.005,10
14.215,900.2453731645913,203.94332382277574,0.2,0.2,20.249999999999996,0.8,0.8,900.0,0.005,10
14.22,900.2436957995435,204.47503002834674,0.2,0.2,20.249999999999996,0.8,0.8,900.0,0.005,10
14.225,900.2410798583561,204.95485941646672,0.2,0.2,20.249999999999996,0.8,0.8,900.0,0.005,10
14.23,900.2373626916398,205.39313323645192,0.2,0.2,20.249999999999996,0.8,0.8,900.0,0.005,10
14.235,900.2327870355114,205.68632381011724,0.2,0.2,20.249999999999996,0.8,0.8,900.0,0.005,10
14.24,900.2274131038931,205.91145427885175,0.2,0.2,20.249999999999996,0.8,0.8,900.0,0.005,10
14.245000000000001,900.2216430489184,206.03072600061273,0.2,0.2,20.249999999999996,0.8,0.8,900.0,0.005,10
14.25,900.216289964473,205.92407229864023,0.2,0.2,20.249999999999996,0.8,0.8,900.0,0.005,10
14.255,900.2112428104963,205.78353901277288,0.2,0.2,20.249999999999996,0.8,0.8,900.0,0.005,10
14.26,900.2065169799829,205.58361441870463,0.2,0.2,20.249999999999996,0.8,0.8,900.0,0.005,10
14.265,900.2021802739774,205.34036895623277,0.2,0.2,20.249999999999996,0.8,0.8,900.0,0.005,10
14.27,900.1985581209912,205.05090045031855,0.2,0.2,20.249999999999996,0.8,0.8,900.0,0.005,10
14.275,900.1965490164866,204.40502375551876,0.2,0.2,20.249999999999996,0.8,0.8,900.0,0.005,10
14.280000000000001,900.1959355672294,204.07822462263593,0.2,0.2,20.249999999999996,0.8,0.8,900.0,0.005,10
14.285,900.1953301094821,203.8166982999256,0.2,0.2,20.249999999999996,0.8,0.8,900.0,0.005,10
14.290000000000001,900.1951816934546,203.54998449759933,0.2,0.2,20.249999999999996,0.8,0.8,900.0,0.005,10
14.295,900.1960545961307,203.13787226543496,0.2,0.2,20.249999999999996,0.8,0.8,900.0,0.005,10
14.3,900.1972995654148,202.89185534975607,0.2,0.2,20.249999999999996,0.8,0.8,900.0,0.005,10
14.305,900.1986698999599,202.72233959313576,0.2,0.2,20.249999999999996,0.8,0.8,900.0,0.005,10
14.31,900.2002574463527,202.63206299612193,0.2,0.2,20.249999999999996,0.8,0.8,900.0,0.005,10
14.315,900.202034476098,202.62790613978015,0.2,0.2,20.249999999999996,0.8,0.8,900.0,0.005,10
14.32,900.2042196378552,202.52724649923172,0.2,0.2,20.249999999999996,0.8,0.8,900.0,0.005,10
14.325000000000001,900.2064068278219,202.61664126582315,0.2,0.2,20.249999999999996,0.8,0.8,900.0,0.005,10
14.33,900.2083628589035,202.80546866205836,0.2,0.2,20.249999999999996,0.8,0.8,900.0,0.005,10
14.335,900.2106890258879,202.98411709872138,0.2,0.2,20.249999999999996,0.8,0.8,900.0,0.005,10
14.34,900.2133423063906,203.18600991334827,0.2,0.2,20.249999999999996,0.8,0.8,900.0,0.005,10
14.345,900.2161153922318,203.46661002030936,0.2,0.2,20.249999999999996,0.8,0.8,900.0,0.005,10
14.35,900.2191375493492,203.77224206828808,0.2,0.2,20.249999999999996,0.8,0.8,900.0,0.005,10
14.355,900.2225091405489,204.09408468896726,0.2,0.2,20.249999999999996,0.8,0.8,900.0,0.005,10
14.36,900.2262279093513,204.41081180192296,0.2,0.2,20.249999999999996,0.8,0.8,900.0,0.005,10
14.365,900.2302916389874,204.61273452690386,0.2,0.2,20.249999999999996,0.8,0.8,900.0,0.005,10
14.370000000000001,900.2345100367115,204.91219841482578,0.2,0.2,20.249999999999996,0.8,0.8,900.0,0.005,10
14.375,900.2387669902047,205.17508877541388,0.2,0.2,20.249999999999996,0.8,0.8,900.0,0.005,10
14.38,900.2427314751068,205.5171970440334,0.2,0.2,20.249999999999996,0.8,0.8,900.0,0.005,10
14.385,900.2465461381177,205.6825170294924,0.2,0.2,20.249999999999996,0.8,0.8,900.0,0.005,10
14.39,900.2497644116219,206.0476401836773,0.2,0.2,20.249999999999996,0.8,0.8,900.0,0.005,10
14.395,900.2523518942255,206.50787966834915,0.2,0.2,20.249999999999996,0.8,0.8,900.0,0.005,10
14.4,900.2541744482785,207.02904314943555,0.2,0.2,20.249999999999996,0.8,0.8,900.0,0.005,10
14.405000000000001,900.2552658314336,207.58692388763754,0.2,0.2,20.249999999999996,0.8,0.8,900.0,0.005,10
14.41,900.2555480596751,208.21169408185318,0.2,0.2,20.249999999999996,0.8,0.8,900.0,0.005,10
14.415000000000001,900.2550510287249,208.88298690925313,0.2,0.2,20.249999999999996,0.8,0.8,900.0,0.005,10
14.42,900.2541201930728,209.34745976229416,0.2,0.2,20.249999999999996,0.8,0.8,900.0,0.005,10
14.425,900.2528775295318,209.78883158179093,0.2,0.2,20.249999999999996,0.8,0.8,900.0,0.005,10
14.43,900.2506082528818,210.34731059961618,0.2,0.2,20.249999999999996,0.8,0.8,900.0,0.005,10
14.435,900.247702036113,210.85743987598428,0.2,0.2,20.249999999999996,0.8,0.8,900.0,0.005,10
14.44,900.2440781455546,211.2822908945565,0.2,0.2,20.249999999999996,0.8,0.8,900.0,0.005,10
14.445,900.2406492384728,211.29583472097565,0.2,0.2,20.249999999999996,0.8,0.8,900.0,0.005,10
14.450000000000001,900.2369314832733,211.43419120340076,0.2,0.2,20.249999999999996,0.8,0.8,900.0,0.005,10
14.455,900.233279151291,211.4807351357958,0.2,0.2,20.249999999999996,0.8,0.8,900.0,0.005,10
14.46,900.2300546358543,211.42548932708237,0.2,0.2,20.249999999999996,0.8,0.8,900.0,0.005,10
14.465,900.2275221347445,211.2720900704551,0.2,0.2,20.249999999999996,0.8,0.8,900.0,0.005,10
14.47,900.2259730406786,211.05887276131838,0.2,0.2,20.249999999999996,0.8,0.8,900.0,0.005,10
14.475,900.2256796576451,210.78905108539786,0.2,0.2,20.249999999999996,0.8,0.8,900.0,0.005,10
14.48,900.2264683043139,210.53007406021703,0.2,0.2,20.249999999999996,0.8,0.8,900.0,0.005,10
14.485,900.2281359259331,210.30157737941687,0.2,0.2,20.249999999999996,0.8,0.8,900.0,0.005,10
14.49,900.2307326093148,210.0410501155184,0.2,0.2,20.249999999999996,0.8,0.8,900.0,0.005,10
14.495000000000001,900.2338812873652,209.87182103645574,0.2,0.2,20.249999999999996,0.8,0.8,900.0,0.005,10
14.5,900.2371729611497,209.77739220081142,0.2,0.2,20.249999999999996,0.8,0.8,900.0,0.005,10
14.505,900.2402729219486,209.76362570027834,0.2,0.2,20.249999999999996,0.8,0.8,900.0,0.005,10
14.51,900.242827715635,209.8713750778151,0.2,0.2,20.249999999999996,0.8,0.8,900.0,0.005,10
14.515,900.2445883314056,210.04385034908992,0.2,0.2,20.249999999999996,0.8,0.8,900.0,0.005,10
14.52,900.2454232085676,210.32052375236108,0.2,0.2,20.249999999999996,0.8,0.8,900.0,0.005,10
14.525,900.2451952148568,210.6922493348655,0.2,0.2,20.249999999999996,0.8,0.8,900.0,0.005,10
14.530000000000001,900.2439346388658,211.1183253602917,0.2,0.2,20.249999999999996,0.8,0.8,900.0,0.005,10
14.535,900.2418873204273,211.58500181546648,0.2,0.2,20.249999999999996,0.8,0.8,900.0,0.005,10
14.540000000000001,900.2393886130267,211.81896928331093,0.2,0.2,20.249999999999996,0.8,0.8,900.0,0.005,10
14.545,900.2363182421518,212.1320969579429,0.2,0.2,20.249999999999996,0.8,0.8,900.0,0.005,10
14.55,900.2328066819955,212.38793650316876,0.2,0.2,20.249999999999996,0.8,0.8,900.0,0.005,10
14.555,900.2293030816402,212.5581568774503,0.2,0.2,20.249999999999996,0.8,0.8,900.0,0.005,10
14.56,900.2255337228984,212.66683054013765,0.2,0.2,20.249999999999996,0.8,0.8,900.0,0.005,10
14.565,900.221905128268,212.65628978759293,0.2,0.2,20.249999999999996,0.8,0.8,900.0,0.005,10
14.57,900.2185856992153,212.52605793949996,0.2,0.2,20.249999999999996,0.8,0.8,900.0,0.005,10
14.575000000000001,900.2158262331477,212.25922894974676,0.2,0.2,20.249999999999996,0.8,0.8,900.0,0.005,10
14.58,900.2134057207917,211.93735246423284,0.2,0.2,20.249999999999996,0.8,0.8,900.0,0.005,10
14.585,900.2112302688549,211.53142315167247,0.2,0.2,20.249999999999996,0.8,0.8,900.0,0.005,10
14.59,900.2094296313825,211.07074539324833,0.2,0.2,20.249999999999996,0.8,0.8,900.0,0.005,10
14.595,900.207961863734,210.56087363185867,0.2,0.2,20.249999999999996,0.8,0.8,900.0,0.005,10
14.6,900.2070034525708,210.01112699324366,0.2,0.2,20.249999999999996,0.8,0.8,900.0,0.005,10
14.605,900.2065814771754,209.38610125994663,0.2,0.2,20.249999999999996,0.8,0.8,900.0,0.005,10
14.61,900.2064545803844,208.78790301189807,0.2,0.2,20.249999999999996,0.8,0.8,900.0,0.005,10
14.615,900.2067273952539,208.17398472719,0.2,0.2,20.249999999999996,0.8,0.8,900.0,0.005,10
14.620000000000001,900.2073246675774,207.63411843969087,0.2,0.2,20.249999999999996,0.8,0.8,900.0,0.005,10
14.625,900.208146221426,207.12482969771096,0.2,0.2,20.249999999999996,0.8,0.8,900.0,0.005,10
14.63,900.2091592248873,206.66619092919098,0.2,0.2,20.249999999999996,0.8,0.8,900.0,0.005,10
14.635,900.2102853760751,206.2861435821575,0.2,0.2,20.249999999999996,0.8,0.8,900.0,0.005,10
14.64,900.2115122703449,205.9660729178487,0.2,0.2,20.249999999999996,0.8,0.8,900.0,0.005,10
14.645,900.2128736337464,205.67599434430653,0.2,0.2,20.249999999999996,0.8,0.8,900.0,0.005,10
14.65,900.2142364252131,205.5064029412444,0.2,0.2,20.249999999999996,0.8,0.8,900.0,0.005,10
14.655000000000001,900.2155494497447,205.44356602974347,0.2,0.2,20.249999999999996,0.8,0.8,900.0,0.005,10
14.66,900.2172201963338,205.13011542384993,0.2,0.2,20.249999999999996,0.8,0.8,900.0,0.005,10
14.665000000000001,900.2189317807148,205.1470556736164,0.2,0.2,20.249999999999996,0.8,0.8,900.0,0.005,10
14.67,900.2205630321133,205.29145844064814,0.2,0.2,20.249999999999996,0.8,0.8,900.0,0.005,10
14.675,900.222230816527,205.52350679962265,0.2,0.2,20.249999999999996,0.8,0.8,900.0,0.005,10
14.68,900.2238443597955,205.83149498586604,0.2,0.2,20.249999999999996,0.8,0.8,900.0,0.005,10
14.685,900.2254640214863,206.21191349276987,0.2,0.2,20.249999999999996,0.8,0.8,900.0,0.005,10
14.69,900.226842068777,206.6694583857584,0.2,0.2,20.249999999999996,0.8,0.8,900.0,0.005,10
14.695,900.2277640822869,207.18925604134876,0.2,0.2,20.249999999999996,0.8,0.8,900.0,0.005,10
14.700000000000001,900.2281872620985,207.73744444737667,0.2,0.2,20.249999999999996,0.8,0.8,900.0,0.005,10
14.705,900.2283089549737,208.19919820034883,0.2,0.2,20.249999999999996,0.8,0.8,900.0,0.005,10
14.71,900.2275226041943,208.78842741098103,0.2,0.2,20.249999999999996,0.8,0.8,900.0,0.005,10
14.715,900.2259767774955,209.3762098716699,0.2,0.2,20.249999999999996,0.8,0.8,900.0,0.005,10
14.72,900.2237710925461,209.938605777244,0.2,0.2,20.249999999999996,0.8,0.8,900.0,0.005,10
14.725,900.2209390019306,210.45439710167815,0.2,0.2,20.249999999999996,0.8,0.8,900.0,0.005,10
14.73,900.2176821006483,210.86192461720606,0.2,0.2,20.249999999999996,0.8,0.8,900.0,0.005,10
14.735,900.2142343103318,211.10916948622457,0.2,0.2,20.249999999999996,0.8,0.8,900.0,0.005,10
14.74,900.2107674638454,211.25675830361112,0.2,0.2,20.249999999999996,0.8,0.8,900.0,0.005,10
14.745000000000001,900.207642804025,211.17641791132354,0.2,0.2,20.249999999999996,0.8,0.8,900.0,0.005,10
14.75,900.2049841447184,211.08797675854558,0.2,0.2,20.249999999999996,0.8,0.8,900.0,0.005,10
14.755,900.2030063676757,210.9707231255888,0.2,0.2,20.249999999999996,0.8,0.8,900.0,0.005,10
14.76,900.2018362451737,210.81087955998152,0.2,0.2,20.249999999999996,0.8,0.8,900.0,0.005,10
14.765,900.2014633206749,210.6025984487187,0.2,0.2,20.249999999999996,0.8,0.8,900.0,0.005,10
14.77,900.2019356485328,210.35740272027243,0.2,0.2,20.249999999999996,0.8,0.8,900.0,0.005,10
14.775,900.2032164577001,210.06418619747217,0.2,0.2,20.249999999999996,0.8,0.8,900.0,0.005,10
14.780000000000001,900.2050828022311,209.7500847699746,0.2,0.2,20.249999999999996,0.8,0.8,900.0,0.005,10
14.785,900.2070430962875,209.5052260950297,0.2,0.2,20.249999999999996,0.8,0.8,900.0,0.005,10
14.790000000000001,900.2089679779341,209.25116379377798,0.2,0.2,20.249999999999996,0.8,0.8,900.0,0.005,10
14.795,900.2108510737315,208.97427695253964,0.2,0.2,20.249999999999996,0.8,0.8,900.0,0.005,10
14.8,900.2126678487075,208.71902582367733,0.2,0.2,20.249999999999996,0.8,0.8,900.0,0.005,10
14.805,900.2149298511401,207.9639539956304,0.2,0.2,20.249999999999996,0.8,0.8,900.0,0.005,10
14.81,900.2168665854269,207.59463441685207,0.2,0.2,20.249999999999996,0.8,0.8,900.0,0.005,10
14.815,900.2178743174587,207.4281300899101,0.2,0.2,20.249999999999996,0.8,0.8,900.0,0.005,10
14.82,900.2184723943719,207.3449667043368,0.2,0.2,20.249999999999996,0.8,0.8,900.0,0.005,10
14.825000000000001,900.2188036496386,207.31625943490656,0.2,0.2,20.249999999999996,0.8,0.8,900.0,0.005,10
14.83,900.2190865610642,207.31641020044626,0.2,0.2,20.249999999999996,0.8,0.8,900.0,0.005,10
14.835,900.2192785153751,207.35312067737397,0.2,0.2,20.249999999999996,0.8,0.8,900.0,0.005,10
14.84,900.2195939489146,207.33929526271714,0.2,0.2,20.249999999999996,0.8,0.8,900.0,0.005,10
14.845,900.2199758998306,207.36345418974585,0.2,0.2,20.249999999999996,0.8,0.8,900.0,0.005,10
14.85,900.2201989733574,207.47189873793397,0.2,0.2,20.249999999999996,0.8,0.8,900.0,0.005,10
14.855,900.2205551925813,207.59365966094788,0.2,0.2,20.249999999999996,0.8,0.8,900.0,0.005,10
14.86,900.2210637728854,207.71881484366665,0.2,0.2,20.249999999999996,0.8,0.8,900.0,0.005,10
14.865,900.2217904876768,207.8382563567643,0.2,0.2,20.249999999999996,0.8,0.8,900.0,0.005,10
14.870000000000001,900.222773990683,207.96841751693506,0.2,0.2,20.249999999999996,0.8,0.8,900.0,0.005,10
14.875,900.2238780998158,208.12124046686307,0.2,0.2,20.249999999999996,0.8,0.8,900.0,0.005,10
14.88,900.2252523431188,208.20054944010843,0.2,0.2,20.249999999999996,0.8,0.8,900.0,0.005,10
14.885,900.227030632759,208.27633921602012,0.2,0.2,20.249999999999996,0.8,0.8,900.0,0.005,10
14.89,900.2285456820874,208.46115194209938,0.2,0.2,20.249999999999996,0.8,0.8,900.0,0.005,10
14.895,900.2299013213395,208.67113426386865,0.2,0.2,20.249999999999996,0.8,0.8,900.0,0.005,10
14.9,900.2311228500934,208.89947560989532,0.2,0.2,20.249999999999996,0.8,0.8,900.0,0.005,10
14.905000000000001,900.2322035769165,209.138016830782,0.2,0.2,20.249999999999996,0.8,0.8,900.0,0.005,10
14.91,900.2333217217528,209.29580408144432,0.2,0.2,20.249999999999996,0.8,0.8,900.0,0.005,10
14.915000000000001,900.2344672939623,209.4084931654002,0.2,0.2,20.249999999999996,0.8,0.8,900.0,0.005,10
14.92,900.2353067572723,209.56744033853397,0.2,0.2,20.249999999999996,0.8,0.8,900.0,0.005,10
14.925,900.2365977048853,209.38413915286802,0.2,0.2,20.249999999999996,0.8,0.8,900.0,0.005,10
14.93,900.2376804345378,209.43818703861334,0.2,0.2,20.249999999999996,0.8,0.8,900.0,0.005,10
14.935,900.2387675007499,209.49569946697898,0.2,0.2,20.249999999999996,0.8,0.8,900.0,0.005,10
14.94,900.2402128712238,209.47986674164878,0.2,0.2,20.249999999999996,0.8,0.8,900.0,0.005,10
14.945,900.2415715082354,209.5706462021325,0.2,0.2,20.249999999999996,0.8,0.8,900.0,0.005,10
14.950000000000001,900.2430355245176,209.66825239178925,0.2,0.2,20.249999999999996,0.8,0.8,900.0,0.005,10
14.955,900.2446820504106,209.79120439644953,0.2,0.2,20.249999999999996,0.8,0.8,900.0,0.005,10
14.96,900.2461799064481,209.92030846001754,0.2,0.2,20.249999999999996,0.8,0.8,900.0,0.005,10
14.965,900.2471899258769,210.0146765748806,0.2,0.2,20.249999999999996,0.8,0.8,900.0,0.005,10
14.97,900.2476993173515,210.08053697874803,0.2,0.2,20.249999999999996,0.8,0.8,900.0,0.005,10
14.975,900.2473842485882,210.18276933221097,0.2,0.2,20.249999999999996,0.8,0.8,900.0,0.005,10
14.98,900.2462643388365,210.2616765516722,0.2,0.2,20.249999999999996,0.8,0.8,900.0,0.005,10
14.985,900.2443461943008,210.310036551075,0.2,0.2,20.249999999999996,0.8,0.8,900.0,0.005,10
14.99,900.2414770486982,210.35325680041672,0.2,0.2,20.249999999999996,0.8,0.8,900.0,0.005,10
14.995000000000001,900.2378070434718,210.3116623661526,0.2,0.2,20.249999999999996,0.8,0.8,900.0,0.005,10
15.0,900.2335597595566,210.18612400234733,0.2,0.2,20.249999999999996,0.8,0.8,900.0,0.005,10
