time,density,kinetic_energy,stiffness,fluid_viscosity,boundary_viscosity,fluid_depth,rest_density_grid_spacing,smoothing_length,rest_density,time_step_size,target_density_error,solver_iterations,relaxation_factor,time_step_wall_clock_time,predicted_density_error
5.001,900.0419731789079,0.02977634943116267,0.0,0.2,0.2,20.249999999999996,0.8,0.8,900.0,0.003,0.0,20,0.5,0.01929494,0.004683792384727581
5.0040000000000004,900.0419731876694,0.029764958669211996,0.0,0.2,0.2,20.249999999999996,0.8,0.8,900.0,0.003,0.0,20,0.5,0.023138536,0.004683793366876968
5.007,900.0419731964579,0.029753814776023565,0.0,0.2,0.2,20.249999999999996,0.8,0.8,900.0,0.003,0.0,20,0.5,0.019026718,0.004683794351836357
5.01,900.0419732052718,0.029742917303170045,0.0,0.2,0.2,20.249999999999996,0.8,0.8,900.0,0.003,0.0,20,0.5,0.019250119,0.004683795339212568
5.013,900.0419732141098,0.029732265792653634,0.0,0.2,0.2,20.249999999999996,0.8,0.8,900.0,0.003,0.0,20,0.5,0.022103219,0.0046837963284504245
5.016,900.0419732229634,0.029721859809679552,0.0,0.2,0.2,20.249999999999996,0.8,0.8,900.0,0.003,0.0,20,0.5,0.019128898,0.004683797318961986
5.019,900.0419732318296,0.02971169893502464,0.0,0.2,0.2,20.249999999999996,0.8,0.8,900.0,0.003,0.0,20,0.5,0.018563665,0.004683798310089059
5.022,900.0419732407003,0.029701782771359944,0.0,0.2,0.2,20.249999999999996,0.8,0.8,900.0,0.003,0.0,20,0.5,0.022118809,0.004683799301141855
5.025,900.041973249571,0.029692110946829883,0.0,0.2,0.2,20.249999999999996,0.8,0.8,900.0,0.003,0.0,20,0.5,0.0192084,0.004683800291446224
5.0280000000000005,900.0419732584361,0.029682683114840715,0.0,0.2,0.2,20.249999999999996,0.8,0.8,900.0,0.003,0.0,20,0.5,0.019327831,0.0046838012803689716
5.031,900.0419732672907,0.029673498954370197,0.0,0.2,0.2,20.249999999999996,0.8,0.8,900.0,0.003,0.0,20,0.5,0.021842168,0.004683802267353625
5.034,900.0419732761242,0.029664558166932538,0.0,0.2,0.2,20.249999999999996,0.8,0.8,900.0,0.003,0.0,20,0.5,0.019037728,0.0046838032519512796
5.037,900.0419732849388,0.02965586047308124,0.0,0.2,0.2,20.249999999999996,0.8,0.8,900.0,0.003,0.0,20,0.5,0.019014329,0.004683804233782696
5.04,900.0419732937264,0.029647405618817596,0.0,0.2,0.2,20.249999999999996,0.8,0.8,900.0,0.003,0.0,20,0.5,0.022440141,0.004683805212568698
5.043,900.0419733024892,0.029639193374941957,0.0,0.2,0.2,20.249999999999996,0.8,0.8,900.0,0.003,0.0,20,0.5,0.01932879,0.004683806188134651
5.046,900.041973311219,0.029631223537647303,0.0,0.2,0.2,20.249999999999996,0.8,0.8,900.0,0.003,0.0,20,0.5,0.019100499,0.00468380716038969
5.049,900.0419733199248,0.029623495928989496,0.0,0.2,0.2,20.249999999999996,0.8,0.8,900.0,0.003,0.0,20,0.5,0.021903088,0.004683808129314246
5.0520000000000005,900.041973328596,0.02961601039691058,0.0,0.2,0.2,20.249999999999996,0.8,0.8,900.0,0.003,0.0,20,0.5,0.020095876,0.004683809094932733
5.055,900.0419733372362,0.02960876681523515,0.0,0.2,0.2,20.249999999999996,0.8,0.8,900.0,0.003,0.0,20,0.5,0.019494421,0.0046838100572964255
5.058,900.0419733458519,0.029601765083953586,0.0,0.2,0.2,20.249999999999996,0.8,0.8,900.0,0.003,0.0,20,0.5,0.02225926,0.004683811016465167
5.061,900.0419733544331,0.02959500512948146,0.0,0.2,0.2,20.249999999999996,0.8,0.8,900.0,0.003,0.0,20,0.5,0.018872827,0.004683811972509116
5.064,900.0419733629919,0.029588486904156126,0.0,0.2,0.2,20.249999999999996,0.8,0.8,900.0,0.003,0.0,20,0.5,0.018938127,0.004683812925503181
5.067,900.0419733715178,0.029582210386198717,0.0,0.2,0.2,20.249999999999996,0.8,0.8,900.0,0.003,0.0,20,0.5,0.022429811,0.004683813875517059
5.07,900.0419733800189,0.029576175579012303,0.0,0.2,0.2,20.249999999999996,0.8,0.8,900.0,0.003,0.0,20,0.5,0.01919009,0.004683814822645446
5.073,900.0419733884941,0.02957038250095463,0.0,0.2,0.2,20.249999999999996,0.8,0.8,900.0,0.003,0.0,20,0.5,0.019087178,0.004683815767022467
5.0760000000000005,900.0419733969436,0.02956483118364822,0.0,0.2,0.2,20.249999999999996,0.8,0.8,900.0,0.003,0.0,20,0.5,0.022040148,0.004683816708820697
5.079,900.0419734053697,0.029559521679073705,0.0,0.2,0.2,20.249999999999996,0.8,0.8,900.0,0.003,0.0,20,0.5,0.018785557,0.004683817648217015
5.082,900.0419734137758,0.02955445406325771,0.0,0.2,0.2,20.249999999999996,0.8,0.8,900.0,0.003,0.0,20,0.5,0.019364721,0.004683818585420833
5.085,900.0419734221605,0.02954962843261682,0.0,0.2,0.2,20.249999999999996,0.8,0.8,900.0,0.003,0.0,20,0.5,0.022279651,0.004683819520641638
5.088,900.0419734305262,0.029545044908227108,0.0,0.2,0.2,20.249999999999996,0.8,0.8,900.0,0.003,0.0,20,0.5,0.018668146,0.004683820454114188
5.091,900.0419734388767,0.02954070363658961,0.0,0.2,0.2,20.249999999999996,0.8,0.8,900.0,0.003,0.0,20,0.5,0.019304011,0.004683821386102496
5.094,900.0419734472158,0.029536604789645628,0.0,0.2,0.2,20.249999999999996,0.8,0.8,900.0,0.003,0.0,20,0.5,0.022040589,0.0046838223169095635
5.097,900.0419734555392,0.029532748558674302,0.0,0.2,0.2,20.249999999999996,0.8,0.8,900.0,0.003,0.0,20,0.5,0.018860908,0.004683823246980156
5.1000000000000005,900.0419734638621,0.029529135132999193,0.0,0.2,0.2,20.249999999999996,0.8,0.8,900.0,0.003,0.0,20,0.5,0.018795967,0.004683824176742769
5.103,900.0419734721792,0.029525764722876807,0.0,0.2,0.2,20.249999999999996,0.8,0.8,900.0,0.003,0.0,20,0.5,0.022434491,0.004683825106631862
5.106,900.0419734804952,0.029522637562095434,0.0,0.2,0.2,20.249999999999996,0.8,0.8,900.0,0.003,0.0,20,0.5,0.018897708,0.004683826037081836
5.109,900.0419734888189,0.029519753909610622,0.0,0.2,0.2,20.249999999999996,0.8,0.8,900.0,0.003,0.0,20,0.5,0.01917948,0.0046838269685156066
5.112,900.0419734971485,0.029517114049490725,0.0,0.2,0.2,20.249999999999996,0.8,0.8,900.0,0.003,0.0,20,0.5,0.021976189,0.00468382790133283
5.115,900.0419735054925,0.029514718290616044,0.0,0.2,0.2,20.249999999999996,0.8,0.8,900.0,0.003,0.0,20,0.5,0.018985218,0.0046838288359025634
5.118,900.0419735138488,0.029512566966072254,0.0,0.2,0.2,20.249999999999996,0.8,0.8,900.0,0.003,0.0,20,0.5,0.018970378,0.004683829772550285
5.121,900.0419735222258,0.029510660433216613,0.0,0.2,0.2,20.249999999999996,0.8,0.8,900.0,0.003,0.0,20,0.5,0.021992398,0.004683830711557641
5.124,900.0419735306245,0.029508999072146644,0.0,0.2,0.2,20.249999999999996,0.8,0.8,900.0,0.003,0.0,20,0.5,0.018995748,0.004683831653135856
5.127,900.0419735390439,0.029507583286366462,0.0,0.2,0.2,20.249999999999996,0.8,0.8,900.0,0.003,0.0,20,0.5,0.019451881,0.004683832597443462
5.13,900.0419735474871,0.029506413503575052,0.0,0.2,0.2,20.249999999999996,0.8,0.8,900.0,0.003,0.0,20,0.5,0.021785607,0.00468383354458797
5.133,900.0419735559559,0.029505490175839533,0.0,0.2,0.2,20.249999999999996,0.8,0.8,900.0,0.003,0.0,20,0.5,0.018846847,0.00468383449463232
5.136,900.0419735644516,0.029504813770113585,0.0,0.2,0.2,20.249999999999996,0.8,0.8,900.0,0.003,0.0,20,0.5,0.019152549,0.004683835447618364
5.139,900.0419735729723,0.029504384756168935,0.0,0.2,0.2,20.249999999999996,0.8,0.8,900.0,0.003,0.0,20,0.5,0.022095319,0.0046838364035626185
5.142,900.0419735815195,0.0295042036261297,0.0,0.2,0.2,20.249999999999996,0.8,0.8,900.0,0.003,0.0,20,0.5,0.018932338,0.004683837362463041
5.1450000000000005,900.0419735900939,0.029504270896133698,0.0,0.2,0.2,20.249999999999996,0.8,0.8,900.0,0.003,0.0,20,0.5,0.019026929,0.0046838383242663005
5.148,900.0419735986907,0.02950458710620722,0.0,0.2,0.2,20.249999999999996,0.8,0.8,900.0,0.003,0.0,20,0.5,0.022299021,0.004683839288888382
5.151,900.0419736073175,0.02950515281736896,0.0,0.2,0.2,20.249999999999996,0.8,0.8,900.0,0.003,0.0,20,0.5,0.020559168,0.0046838402561949115
5.154,900.0419736159645,0.029505968612412482,0.0,0.2,0.2,20.249999999999996,0.8,0.8,900.0,0.003,0.0,20,0.5,0.019741823,0.00468384122599631
5.157,900.0419736246334,0.029507035097613325,0.0,0.2,0.2,20.249999999999996,0.8,0.8,900.0,0.003,0.0,20,0.5,0.022024298,0.004683842198062776
5.16,900.0419736333231,0.029508352900785784,0.0,0.2,0.2,20.249999999999996,0.8,0.8,900.0,0.003,0.0,20,0.5,0.018947727,0.004683843172140122
5.163,900.0419736420318,0.029509922667430206,0.0,0.2,0.2,20.249999999999996,0.8,0.8,900.0,0.003,0.0,20,0.5,0.018903968,0.004683844147949361
5.166,900.0419736507532,0.029511745059511967,0.0,0.2,0.2,20.249999999999996,0.8,0.8,900.0,0.003,0.0,20,0.5,0.021660506,0.004683845125126412
5.1690000000000005,900.041973659487,0.02951382076196074,0.0,0.2,0.2,20.249999999999996,0.8,0.8,900.0,0.003,0.0,20,0.5,0.02066194,0.004683846103262945
5.172,900.0419736682288,0.02951615048262898,0.0,0.2,0.2,20.249999999999996,0.8,0.8,900.0,0.003,0.0,20,0.5,0.01935586,0.004683847081906799
5.175,900.0419736769759,0.029518734952170972,0.0,0.2,0.2,20.249999999999996,0.8,0.8,900.0,0.003,0.0,20,0.5,0.022177839,0.0046838480605815415
5.178,900.0419736857186,0.02952157492392486,0.0,0.2,0.2,20.249999999999996,0.8,0.8,900.0,0.003,0.0,20,0.5,0.018740456,0.004683849038786823
5.181,900.0419736944613,0.029524671173776818,0.0,0.2,0.2,20.249999999999996,0.8,0.8,900.0,0.003,0.0,20,0.5,0.018808987,0.004683850015997677
5.184,900.0419737031921,0.02952802450031695,0.0,0.2,0.2,20.249999999999996,0.8,0.8,900.0,0.003,0.0,20,0.5,0.022074789,0.004683850991672958
5.187,900.0419737119093,0.02953163572470191,0.0,0.2,0.2,20.249999999999996,0.8,0.8,900.0,0.003,0.0,20,0.5,0.018810927,0.004683851965275174
5.19,900.041973720607,0.02953550568662793,0.0,0.2,0.2,20.249999999999996,0.8,0.8,900.0,0.003,0.0,20,0.5,0.019067748,0.004683852936283174
5.1930000000000005,900.0419737292801,0.029539635238987862,0.0,0.2,0.2,20.249999999999996,0.8,0.8,900.0,0.003,0.0,20,0.5,0.02222858,0.004683853904171701
5.196,900.0419737379281,0.029544025254168337,0.0,0.2,0.2,20.249999999999996,0.8,0.8,900.0,0.003,0.0,20,0.5,0.019036529,0.004683854868418926
5.199,900.0419737465377,0.029548676619798868,0.0,0.2,0.2,20.249999999999996,0.8,0.8,900.0,0.003,0.0,20,0.5,0.018982908,0.004683855828482242
5.202,900.041973755112,0.02955359024323703,0.0,0.2,0.2,20.249999999999996,0.8,0.8,900.0,0.003,0.0,20,0.5,0.022167119,0.004683856783819004
5.205,900.041973763643,0.02955876704478276,0.0,0.2,0.2,20.249999999999996,0.8,0.8,900.0,0.003,0.0,20,0.5,0.019464491,0.004683857733893182
5.208,900.041973772126,0.029564207961706668,0.0,0.2,0.2,20.249999999999996,0.8,0.8,900.0,0.003,0.0,20,0.5,0.019035909,0.004683858678205606
5.211,900.0419737805563,0.029569913952107556,0.0,0.2,0.2,20.249999999999996,0.8,0.8,900.0,0.003,0.0,20,0.5,0.022645023,0.004683859616292881
5.214,900.0419737889323,0.029575885994641785,0.0,0.2,0.2,20.249999999999996,0.8,0.8,900.0,0.003,0.0,20,0.5,0.01919813,0.004683860547735493
5.2170000000000005,900.0419737972435,0.0295821250880013,0.0,0.2,0.2,20.249999999999996,0.8,0.8,900.0,0.003,0.0,20,0.5,0.019026489,0.0046838614721723786
5.22,900.0419738054944,0.02958863225016045,0.0,0.2,0.2,20.249999999999996,0.8,0.8,900.0,0.003,0.0,20,0.5,0.021930648,0.004683862389306368
5.223,900.041973813679,0.029595408519296162,0.0,0.2,0.2,20.249999999999996,0.8,0.8,900.0,0.003,0.0,20,0.5,0.019189249,0.004683863298905529
5.226,900.041973821795,0.02960245495368922,0.0,0.2,0.2,20.249999999999996,0.8,0.8,900.0,0.003,0.0,20,0.5,0.01943065,0.004683864200823349
5.229,900.0419738298388,0.029609772628784586,0.0,0.2,0.2,20.249999999999996,0.8,0.8,900.0,0.003,0.0,20,0.5,0.022463861,0.004683865094982461
5.232,900.0419738378139,0.02961736263726326,0.0,0.2,0.2,20.249999999999996,0.8,0.8,900.0,0.003,0.0,20,0.5,0.018975658,0.004683865981419392
5.235,900.0419738457203,0.029625226073256367,0.0,0.2,0.2,20.249999999999996,0.8,0.8,900.0,0.003,0.0,20,0.5,0.019134129,0.004683866860235359
5.238,900.0419738535562,0.029633364035470993,0.0,0.2,0.2,20.249999999999996,0.8,0.8,900.0,0.003,0.0,20,0.5,0.023421698,0.004683867731490421
5.2410000000000005,900.0419738613228,0.029641777639804575,0.0,0.2,0.2,20.249999999999996,0.8,0.8,900.0,0.003,0.0,20,0.5,0.019054049,0.0046838685952674515
5.244,900.0419738690243,0.029650468020967612,0.0,0.2,0.2,20.249999999999996,0.8,0.8,900.0,0.003,0.0,20,0.5,0.01926039,0.00468386945168214
5.247,900.0419738766607,0.029659436330812212,0.0,0.2,0.2,20.249999999999996,0.8,0.8,900.0,0.003,0.0,20,0.5,0.022063358,0.004683870300875149
5.25,900.0419738842251,0.029668683739167725,0.0,0.2,0.2,20.249999999999996,0.8,0.8,900.0,0.003,0.0,20,0.5,0.018804257,0.004683871143006456
5.253,900.0419738917286,0.029678211434198066,0.0,0.2,0.2,20.249999999999996,0.8,0.8,900.0,0.003,0.0,20,0.5,0.019507162,0.004683871978304201
5.256,900.0419738991715,0.029688020604455627,0.0,0.2,0.2,20.249999999999996,0.8,0.8,900.0,0.003,0.0,20,0.5,0.022405161,0.004683872807035043
5.259,900.0419739065513,0.029698112442316342,0.0,0.2,0.2,20.249999999999996,0.8,0.8,900.0,0.003,0.0,20,0.5,0.018794537,0.0046838736294266175
5.2620000000000005,900.041973913877,0.02970848815806015,0.0,0.2,0.2,20.249999999999996,0.8,0.8,900.0,0.003,0.0,20,0.5,0.018954228,0.004683874445783924
5.265,900.0419739211465,0.029719148963700336,0.0,0.2,0.2,20.249999999999996,0.8,0.8,900.0,0.003,0.0,20,0.5,0.021908748,0.004683875256504505
5.268,900.041973928367,0.029730096063172305,0.0,0.2,0.2,20.249999999999996,0.8,0.8,900.0,0.003,0.0,20,0.5,0.020397408,0.004683876061909815
5.271,900.041973935536,0.02974133066456968,0.0,0.2,0.2,20.249999999999996,0.8,0.8,900.0,0.003,0.0,20,0.5,0.018733777,0.004683876862307398
5.274,900.0419739426619,0.029752853988249287,0.0,0.2,0.2,20.249999999999996,0.8,0.8,900.0,0.003,0.0,20,0.5,0.022367661,0.0046838776580267845
5.277,900.0419739497454,0.02976466726854591,0.0,0.2,0.2,20.249999999999996,0.8,0.8,900.0,0.003,0.0,20,0.5,0.019154399,0.004683878449417091
5.28,900.0419739567872,0.029776771754993953,0.0,0.2,0.2,20.249999999999996,0.8,0.8,900.0,0.003,0.0,20,0.5,0.018743006,0.0046838792368446135
5.283,900.0419739637935,0.02978916870941596,0.0,0.2,0.2,20.249999999999996,0.8,0.8,900.0,0.003,0.0,20,0.5,0.022592212,0.004683880021289066
5.2860000000000005,900.0419739707759,0.02980185924907481,0.0,0.2,0.2,20.249999999999996,0.8,0.8,900.0,0.003,0.0,20,0.5,0.01921597,0.004683880803652141
5.289,900.0419739777404,0.02981484440970563,0.0,0.2,0.2,20.249999999999996,0.8,0.8,900.0,0.003,0.0,20,0.5,0.0192915,0.004683881584243076
5.292,900.041973984684,0.029828125223199702,0.0,0.2,0.2,20.249999999999996,0.8,0.8,900.0,0.003,0.0,20,0.5,0.022154019,0.004683882363073151
5.295,900.0419739916169,0.02984170273127769,0.0,0.2,0.2,20.249999999999996,0.8,0.8,900.0,0.003,0.0,20,0.5,0.019216309,0.004683883139987077
5.298,900.0419739985286,0.029855577986471316,0.0,0.2,0.2,20.249999999999996,0.8,0.8,900.0,0.003,0.0,20,0.5,0.019102679,0.004683883914703291
5.301,900.0419740054156,0.02986975205225092,0.0,0.2,0.2,20.249999999999996,0.8,0.8,900.0,0.003,0.0,20,0.5,0.0222414,0.004683884686839982
5.304,900.0419740122836,0.029884226002046075,0.0,0.2,0.2,20.249999999999996,0.8,0.8,900.0,0.003,0.0,20,0.5,0.019202129,0.004683885455985011
5.307,900.0419740191238,0.029899000915181283,0.0,0.2,0.2,20.249999999999996,0.8,0.8,900.0,0.003,0.0,20,0.5,0.019070998,0.004683886221751513
5.3100000000000005,900.0419740259305,0.02991407787666711,0.0,0.2,0.2,20.249999999999996,0.8,0.8,900.0,0.003,0.0,20,0.5,0.02225772,0.004683886983855189
5.313,900.0419740327079,0.029929457980126233,0.0,0.2,0.2,20.249999999999996,0.8,0.8,900.0,0.003,0.0,20,0.5,0.019045548,0.004683887742163958
5.316,900.0419740394458,0.029945142328744224,0.0,0.2,0.2,20.249999999999996,0.8,0.8,900.0,0.003,0.0,20,0.5,0.019159539,0.004683888496701087
5.319,900.041974046149,0.029961132035590848,0.0,0.2,0.2,20.249999999999996,0.8,0.8,900.0,0.003,0.0,20,0.5,0.02230625,0.004683889247591753
5.322,900.0419740528209,0.029977428228179677,0.0,0.2,0.2,20.249999999999996,0.8,0.8,900.0,0.003,0.0,20,0.5,0.019081858,0.00468388999512209
5.325,900.0419740594608,0.029994032044362608,0.0,0.2,0.2,20.249999999999996,0.8,0.8,900.0,0.003,0.0,20,0.5,0.019559332,0.00468389073974468
5.328,900.0419740660764,0.03001094461955412,0.0,0.2,0.2,20.249999999999996,0.8,0.8,900.0,0.003,0.0,20,0.5,0.023330457,0.004683891482331057
5.331,900.041974072673,0.030028167021570386,0.0,0.2,0.2,20.249999999999996,0.8,0.8,900.0,0.003,0.0,20,0.5,0.018814157,0.004683892223584835
5.3340000000000005,900.0419740792569,0.03004570027417417,0.0,0.2,0.2,20.249999999999996,0.8,0.8,900.0,0.003,0.0,20,0.5,0.018861197,0.00468389296402175
5.337,900.0419740858341,0.030063545402260486,0.0,0.2,0.2,20.249999999999996,0.8,0.8,900.0,0.003,0.0,20,0.5,0.02223994,0.004683893704113349
5.34,900.0419740924041,0.03008170342976509,0.0,0.2,0.2,20.249999999999996,0.8,0.8,900.0,0.003,0.0,20,0.5,0.018999728,0.004683894444191543
5.343,900.0419740989797,0.030100175386195856,0.0,0.2,0.2,20.249999999999996,0.8,0.8,900.0,0.003,0.0,20,0.5,0.018877747,0.004683895184416356
5.346,900.0419741055482,0.03011896230296799,0.0,0.2,0.2,20.249999999999996,0.8,0.8,900.0,0.003,0.0,20,0.5,0.02233804,0.00468389592471391
5.349,900.0419741121201,0.030138065215056374,0.0,0.2,0.2,20.249999999999996,0.8,0.8,900.0,0.003,0.0,20,0.5,0.019891334,0.004683896664770132
5.352,900.0419741186896,0.03015748516284753,0.0,0.2,0.2,20.249999999999996,0.8,0.8,900.0,0.003,0.0,20,0.5,0.01920409,0.0046838974040605864
5.355,900.0419741252496,0.030177223191824427,0.0,0.2,0.2,20.249999999999996,0.8,0.8,900.0,0.003,0.0,20,0.5,0.022438662,0.00468389814190323
5.3580000000000005,900.0419741317974,0.030197280352219507,0.0,0.2,0.2,20.249999999999996,0.8,0.8,900.0,0.003,0.0,20,0.5,0.019647362,0.0046838988775118814
5.361,900.0419741383266,0.03021765769902606,0.0,0.2,0.2,20.249999999999996,0.8,0.8,900.0,0.003,0.0,20,0.5,0.018827637,0.004683899610059177
5.364,900.0419741448254,0.03023835629185847,0.0,0.2,0.2,20.249999999999996,0.8,0.8,900.0,0.003,0.0,20,0.5,0.022609093,0.004683900338722547
5.367,900.0419741512858,0.030259377194707286,0.0,0.2,0.2,20.249999999999996,0.8,0.8,900.0,0.003,0.0,20,0.5,0.019723593,0.004683901062741882
5.37,900.0419741577089,0.03028072147530286,0.0,0.2,0.2,20.249999999999996,0.8,0.8,900.0,0.003,0.0,20,0.5,0.01940336,0.0046839017814572035
5.373,900.04197416408,0.030302390203152136,0.0,0.2,0.2,20.249999999999996,0.8,0.8,900.0,0.003,0.0,20,0.5,0.022679833,0.004683902494295069
5.376,900.0419741703993,0.030324384449404853,0.0,0.2,0.2,20.249999999999996,0.8,0.8,900.0,0.003,0.0,20,0.5,0.019362101,0.004683903200808106
5.3790000000000004,900.0419741766605,0.030346705288862953,0.0,0.2,0.2,20.249999999999996,0.8,0.8,900.0,0.003,0.0,20,0.5,0.01927572,0.004683903900688853
5.382,900.0419741828609,0.030369353797648976,0.0,0.2,0.2,20.249999999999996,0.8,0.8,900.0,0.003,0.0,20,0.5,0.022156479,0.0046839045937304025
5.385,900.0419741890017,0.03039233105335504,0.0,0.2,0.2,20.249999999999996,0.8,0.8,900.0,0.003,0.0,20,0.5,0.019010258,0.004683905279781757
5.388,900.0419741950757,0.030415638136654544,0.0,0.2,0.2,20.249999999999996,0.8,0.8,900.0,0.003,0.0,20,0.5,0.019119339,0.004683905958743906
5.391,900.0419742010882,0.030439276132259132,0.0,0.2,0.2,20.249999999999996,0.8,0.8,900.0,0.003,0.0,20,0.5,0.02229779,0.004683906630549519
5.394,900.041974207033,0.03046324612782038,0.0,0.2,0.2,20.249999999999996,0.8,0.8,900.0,0.003,0.0,20,0.5,0.019185099,0.004683907295129588
5.397,900.0419742129142,0.03048754921363247,0.0,0.2,0.2,20.249999999999996,0.8,0.8,900.0,0.003,0.0,20,0.5,0.018790836,0.004683907952384203
5.4,900.0419742187279,0.030512186482653494,0.0,0.2,0.2,20.249999999999996,0.8,0.8,900.0,0.003,0.0,20,0.5,0.022414621,0.004683908602189712
5.4030000000000005,900.0419742244761,0.03053715903016569,0.0,0.2,0.2,20.249999999999996,0.8,0.8,900.0,0.003,0.0,20,0.5,0.019012258,0.004683909244387852
5.406,900.0419742301492,0.030562467953488454,0.0,0.2,0.2,20.249999999999996,0.8,0.8,900.0,0.003,0.0,20,0.5,0.01922433,0.0046839098787953256
5.409,900.0419742357552,0.03058811435189424,0.0,0.2,0.2,20.249999999999996,0.8,0.8,900.0,0.003,0.0,20,0.5,0.023553578,0.00468391050520781
5.412,900.0419742412895,0.03061409932639275,0.0,0.2,0.2,20.249999999999996,0.8,0.8,900.0,0.003,0.0,20,0.5,0.019514761,0.0046839111234108005
5.415,900.041974246751,0.030640423979509637,0.0,0.2,0.2,20.249999999999996,0.8,0.8,900.0,0.003,0.0,20,0.5,0.020137995,0.004683911733201227
5.418,900.0419742521332,0.030667089414767198,0.0,0.2,0.2,20.249999999999996,0.8,0.8,900.0,0.003,0.0,20,0.5,0.022018698,0.004683912334399892
5.421,900.0419742574369,0.03069409673618403,0.0,0.2,0.2,20.249999999999996,0.8,0.8,900.0,0.003,0.0,20,0.5,0.018799606,0.004683912926864121
5.424,900.0419742626625,0.030721447049130383,0.0,0.2,0.2,20.249999999999996,0.8,0.8,900.0,0.003,0.0,20,0.5,0.018948118,0.004683913510504148
5.4270000000000005,900.041974267809,0.030749141460295146,0.0,0.2,0.2,20.249999999999996,0.8,0.8,900.0,0.003,0.0,20,0.5,0.022288141,0.004683914085293241
5.43,900.0419742728726,0.030777181077071693,0.0,0.2,0.2,20.249999999999996,0.8,0.8,900.0,0.003,0.0,20,0.5,0.019443111,0.004683914651270906
5.433,900.0419742778588,0.030805567007587093,0.0,0.2,0.2,20.249999999999996,0.8,0.8,900.0,0.003,0.0,20,0.5,0.019374711,0.004683915208543613
5.436,900.041974282764,0.03083430036073857,0.0,0.2,0.2,20.249999999999996,0.8,0.8,900.0,0.003,0.0,20,0.5,0.022148219,0.00468391575728413
5.439,900.041974287594,0.030863382246644838,0.0,0.2,0.2,20.249999999999996,0.8,0.8,900.0,0.003,0.0,20,0.5,0.019662062,0.004683916297717731
5.442,900.0419742923488,0.030892813776137767,0.0,0.2,0.2,20.249999999999996,0.8,0.8,900.0,0.003,0.0,20,0.5,0.018945727,0.004683916830116357
5.445,900.0419742970284,0.030922596060683805,0.0,0.2,0.2,20.249999999999996,0.8,0.8,900.0,0.003,0.0,20,0.5,0.022589972,0.0046839173547835004
5.448,900.0419743016392,0.030952730212295384,0.0,0.2,0.2,20.249999999999996,0.8,0.8,900.0,0.003,0.0,20,0.5,0.019374731,0.004683917872043325
5.4510000000000005,900.0419743061814,0.030983217343496204,0.0,0.2,0.2,20.249999999999996,0.8,0.8,900.0,0.003,0.0,20,0.5,0.019202439,0.004683918382212656
5.454,900.0419743106605,0.03101405856794784,0.0,0.2,0.2,20.249999999999996,0.8,0.8,900.0,0.003,0.0,20,0.5,0.02217914,0.004683918885604944
5.457,900.041974315079,0.031045254999938852,0.0,0.2,0.2,20.249999999999996,0.8,0.8,900.0,0.003,0.0,20,0.5,0.019149009,0.004683919382518855
5.46,900.0419743194358,0.031076807754045418,0.0,0.2,0.2,20.249999999999996,0.8,0.8,900.0,0.003,0.0,20,0.5,0.018969387,0.004683919873233274
5.463,900.0419743237378,0.031108717945082954,0.0,0.2,0.2,20.249999999999996,0.8,0.8,900.0,0.003,0.0,20,0.5,0.022782104,0.004683920358000165
5.466,900.0419743279862,0.031140986687723013,0.0,0.2,0.2,20.249999999999996,0.8,0.8,900.0,0.003,0.0,20,0.5,0.018925548,0.0046839208370571435
5.469,900.041974332182,0.03117361509506402,0.0,0.2,0.2,20.249999999999996,0.8,0.8,900.0,0.003,0.0,20,0.5,0.019107399,0.00468392131062408
5.472,900.0419743363274,0.031206604280140365,0.0,0.2,0.2,20.249999999999996,0.8,0.8,900.0,0.003,0.0,20,0.5,0.022287531,0.00468392177890445
5.4750000000000005,900.0419743404237,0.031239955356042962,0.0,0.2,0.2,20.249999999999996,0.8,0.8,900.0,0.003,0.0,20,0.5,0.019246,0.004683922242085924
5.478,900.0419743444749,0.0312736694348745,0.0,0.2,0.2,20.249999999999996,0.8,0.8,900.0,0.003,0.0,20,0.5,0.018947428,0.004683922700357815
5.481,900.0419743484807,0.031307747622620445,0.0,0.2,0.2,20.249999999999996,0.8,0.8,900.0,0.003,0.0,20,0.5,0.02214838,0.004683923153878013
5.484,900.0419743524435,0.0313421910245153,0.0,0.2,0.2,20.249999999999996,0.8,0.8,900.0,0.003,0.0,20,0.5,0.019886644,0.004683923602791651
5.487,900.0419743563654,0.03137700074636133,0.0,0.2,0.2,20.249999999999996,0.8,0.8,900.0,0.003,0.0,20,0.5,0.019234069,0.004683924047295205
5.49,900.0419743602458,0.0314121778725007,0.0,0.2,0.2,20.249999999999996,0.8,0.8,900.0,0.003,0.0,20,0.5,0.021920427,0.00468392448758362
5.493,900.0419743640882,0.03144772346989032,0.0,0.2,0.2,20.249999999999996,0.8,0.8,900.0,0.003,0.0,20,0.5,0.018824437,0.0046839249237744796
5.496,900.0419743678937,0.0314836386052777,0.0,0.2,0.2,20.249999999999996,0.8,0.8,900.0,0.003,0.0,20,0.5,0.019133009,0.004683925355976724
5.4990000000000006,900.041974371661,0.031519924344537015,0.0,0.2,0.2,20.249999999999996,0.8,0.8,900.0,0.003,0.0,20,0.5,0.02229782,0.004683925784291838
5.502,900.0419743753968,0.031556581751951425,0.0,0.2,0.2,20.249999999999996,0.8,0.8,900.0,0.003,0.0,20,0.5,0.019435822,0.004683926208811328
5.505,900.0419743790966,0.03159361188541317,0.0,0.2,0.2,20.249999999999996,0.8,0.8,900.0,0.003,0.0,20,0.5,0.019703453,0.004683926629552742
5.508,900.0419743827612,0.031631015796888914,0.0,0.2,0.2,20.249999999999996,0.8,0.8,900.0,0.003,0.0,20,0.5,0.022531992,0.004683927046447159
5.511,900.0419743863919,0.0316687945367748,0.0,0.2,0.2,20.249999999999996,0.8,0.8,900.0,0.003,0.0,20,0.5,0.019080278,0.004683927459367808
5.514,900.0419743899857,0.03170694915523171,0.0,0.2,0.2,20.249999999999996,0.8,0.8,900.0,0.003,0.0,20,0.5,0.019186899,0.004683927868173813
5.517,900.0419743935454,0.031745480695006996,0.0,0.2,0.2,20.249999999999996,0.8,0.8,900.0,0.003,0.0,20,0.5,0.02234828,0.004683928272724015
5.5200000000000005,900.0419743970635,0.031784390189623375,0.0,0.2,0.2,20.249999999999996,0.8,0.8,900.0,0.003,0.0,20,0.5,0.019141418,0.004683928672839619
5.523,900.041974400541,0.0318236786688289,0.0,0.2,0.2,20.249999999999996,0.8,0.8,900.0,0.003,0.0,20,0.5,0.018846257,0.004683929068315626
5.526,900.0419744039783,0.031863347158280104,0.0,0.2,0.2,20.249999999999996,0.8,0.8,900.0,0.003,0.0,20,0.5,0.021795617,0.004683929458909417
5.529,900.0419744073682,0.03190339668127417,0.0,0.2,0.2,20.249999999999996,0.8,0.8,900.0,0.003,0.0,20,0.5,0.01929315,0.004683929844350573
5.532,900.0419744107131,0.03194382826129393,0.0,0.2,0.2,20.249999999999996,0.8,0.8,900.0,0.003,0.0,20,0.5,0.019247289,0.004683930224355293
5.535,900.04197441401,0.031984642922087525,0.0,0.2,0.2,20.249999999999996,0.8,0.8,900.0,0.003,0.0,20,0.5,0.022414611,0.004683930598628952
5.538,900.0419744172523,0.03202584168787134,0.0,0.2,0.2,20.249999999999996,0.8,0.8,900.0,0.003,0.0,20,0.5,0.019663963,0.004683930966864782
5.541,900.0419744204415,0.032067425583486235,0.0,0.2,0.2,20.249999999999996,0.8,0.8,900.0,0.003,0.0,20,0.5,0.01917306,0.0046839313287523315
5.5440000000000005,900.041974423571,0.03210939563452992,0.0,0.2,0.2,20.249999999999996,0.8,0.8,900.0,0.003,0.0,20,0.5,0.021940798,0.0046839316839801005
5.547,900.0419744266401,0.03215175286655586,0.0,0.2,0.2,20.249999999999996,0.8,0.8,900.0,0.003,0.0,20,0.5,0.01922951,0.004683932032244817
5.55,900.0419744296474,0.03219449830431776,0.0,0.2,0.2,20.249999999999996,0.8,0.8,900.0,0.003,0.0,20,0.5,0.019540481,0.004683932373263319
5.553,900.0419744325878,0.03223763297031306,0.0,0.2,0.2,20.249999999999996,0.8,0.8,900.0,0.003,0.0,20,0.5,0.022113039,0.004683932706761133
5.556,900.0419744354613,0.03228115788831834,0.0,0.2,0.2,20.249999999999996,0.8,0.8,900.0,0.003,0.0,20,0.5,0.019408531,0.004683933032485878
5.559,900.0419744382641,0.03232507408334408,0.0,0.2,0.2,20.249999999999996,0.8,0.8,900.0,0.003,0.0,20,0.5,0.019244549,0.0046839333502103064
5.562,900.0419744409945,0.03236938258085043,0.0,0.2,0.2,20.249999999999996,0.8,0.8,900.0,0.003,0.0,20,0.5,0.022429581,0.004683933659696793
5.565,900.0419744436513,0.03241408440606931,0.0,0.2,0.2,20.249999999999996,0.8,0.8,900.0,0.003,0.0,20,0.5,0.019115549,0.004683933960705403
5.5680000000000005,900.04197444623,0.03245918058549207,0.0,0.2,0.2,20.249999999999996,0.8,0.8,900.0,0.003,0.0,20,0.5,0.019591122,0.00468393425301502
5.571,900.04197444873,0.03250467214551423,0.0,0.2,0.2,20.249999999999996,0.8,0.8,900.0,0.003,0.0,20,0.5,0.022456601,0.004683934536747971
5.574,900.041974451156,0.032550560075641256,0.0,0.2,0.2,20.249999999999996,0.8,0.8,900.0,0.003,0.0,20,0.5,0.018971878,0.004683934811919931
5.577,900.0419744535026,0.032596845350373146,0.0,0.2,0.2,20.249999999999996,0.8,0.8,900.0,0.003,0.0,20,0.5,0.018751856,0.00468393507837098
5.58,900.041974455771,0.032643528945856676,0.0,0.2,0.2,20.249999999999996,0.8,0.8,900.0,0.003,0.0,20,0.5,0.022563242,0.004683935335961757
5.583,900.0419744579614,0.0326906118314768,0.0,0.2,0.2,20.249999999999996,0.8,0.8,900.0,0.003,0.0,20,0.5,0.01938541,0.004683935584600988
5.586,900.0419744600692,0.032738094961653835,0.0,0.2,0.2,20.249999999999996,0.8,0.8,900.0,0.003,0.0,20,0.5,0.01928604,0.004683935824164225
5.589,900.0419744620937,0.03278597929247043,0.0,0.2,0.2,20.249999999999996,0.8,0.8,900.0,0.003,0.0,20,0.5,0.022742403,0.00468393605453467
5.5920000000000005,900.0419744640375,0.032834265782902834,0.0,0.2,0.2,20.249999999999996,0.8,0.8,900.0,0.003,0.0,20,0.5,0.019598092,0.004683936275608011
5.595,900.041974465896,0.03288295539481977,0.0,0.2,0.2,20.249999999999996,0.8,0.8,900.0,0.003,0.0,20,0.5,0.019171189,0.0046839364872928654
5.598,900.041974467671,0.03293204909320152,0.0,0.2,0.2,20.249999999999996,0.8,0.8,900.0,0.003,0.0,20,0.5,0.022055189,0.004683936689521918
5.601,900.0419744693548,0.03298154784633052,0.0,0.2,0.2,20.249999999999996,0.8,0.8,900.0,0.003,0.0,20,0.5,0.018937587,0.004683936882306186
5.604,900.041974470959,0.03303145261897738,0.0,0.2,0.2,20.249999999999996,0.8,0.8,900.0,0.003,0.0,20,0.5,0.018908678,0.00468393706575332
5.607,900.0419744724788,0.033081764368851706,0.0,0.2,0.2,20.249999999999996,0.8,0.8,900.0,0.003,0.0,20,0.5,0.022688743,0.0046839372401604774
5.61,900.041974473916,0.03313248400948479,0.0,0.2,0.2,20.249999999999996,0.8,0.8,900.0,0.003,0.0,20,0.5,0.019198959,0.0046839374065279875
5.613,900.0419744752866,0.03318361229371773,0.0,0.2,0.2,20.249999999999996,0.8,0.8,900.0,0.003,0.0,20,0.5,0.018990607,0.00468393756534884
5.6160000000000005,900.0419744765863,0.03323514993279098,0.0,0.2,0.2,20.249999999999996,0.8,0.8,900.0,0.003,0.0,20,0.5,0.022192509,0.004683937716937095
5.619,900.0419744778219,0.033287097632169624,0.0,0.2,0.2,20.249999999999996,0.8,0.8,900.0,0.003,0.0,20,0.5,0.01933666,0.004683937861521305
5.622,900.0419744789937,0.033339456097900046,0.0,0.2,0.2,20.249999999999996,0.8,0.8,900.0,0.003,0.0,20,0.5,0.018573435,0.004683937999250766
5.625,900.0419744801025,0.03339222603715866,0.0,0.2,0.2,20.249999999999996,0.8,0.8,900.0,0.003,0.0,20,0.5,0.021800007,0.004683938130183786
5.628,900.0419744811539,0.03344540815843629,0.0,0.2,0.2,20.249999999999996,0.8,0.8,900.0,0.003,0.0,20,0.5,0.019222339,0.004683938254308289
5.631,900.0419744821379,0.03349900317122035,0.0,0.2,0.2,20.249999999999996,0.8,0.8,900.0,0.003,0.0,20,0.5,0.019506661,0.0046839383715950875
5.634,900.0419744830671,0.033553011774551396,0.0,0.2,0.2,20.249999999999996,0.8,0.8,900.0,0.003,0.0,20,0.5,0.02233915,0.004683938482606248
5.6370000000000005,900.0419744839417,0.033607434468060304,0.0,0.2,0.2,20.249999999999996,0.8,0.8,900.0,0.003,0.0,20,0.5,0.019582912,0.004683938587801227
5.64,900.0419744847648,0.03366227167254295,0.0,0.2,0.2,20.249999999999996,0.8,0.8,900.0,0.003,0.0,20,0.5,0.018705136,0.004683938687424838
5.643,900.0419744855337,0.033717523808104825,0.0,0.2,0.2,20.249999999999996,0.8,0.8,900.0,0.003,0.0,20,0.5,0.022985995,0.004683938781766181
5.646,900.0419744862568,0.03377319129372128,0.0,0.2,0.2,20.249999999999996,0.8,0.8,900.0,0.003,0.0,20,0.5,0.018716616,0.004683938871114184
5.649,900.0419744869366,0.033829274547807965,0.0,0.2,0.2,20.249999999999996,0.8,0.8,900.0,0.003,0.0,20,0.5,0.019017118,0.004683938955974981
5.652,900.0419744875747,0.03388577391701253,0.0,0.2,0.2,20.249999999999996,0.8,0.8,900.0,0.003,0.0,20,0.5,0.021871397,0.004683939037010648
5.655,900.0419744881798,0.03394268966141635,0.0,0.2,0.2,20.249999999999996,0.8,0.8,900.0,0.003,0.0,20,0.5,0.01928872,0.004683939114503161
5.658,900.0419744887547,0.03400002203570319,0.0,0.2,0.2,20.249999999999996,0.8,0.8,900.0,0.003,0.0,20,0.5,0.019008078,0.004683939188659112
5.6610000000000005,900.0419744892939,0.03405777129123093,0.0,0.2,0.2,20.249999999999996,0.8,0.8,900.0,0.003,0.0,20,0.5,0.022837423,0.0046839392596413395
5.664,900.0419744898095,0.03411593767794937,0.0,0.2,0.2,20.249999999999996,0.8,0.8,900.0,0.003,0.0,20,0.5,0.019226479,0.004683939327539455
5.667,900.0419744902922,0.034174521444716825,0.0,0.2,0.2,20.249999999999996,0.8,0.8,900.0,0.003,0.0,20,0.5,0.018996068,0.00468393939235123
5.67,900.0419744907504,0.034233522839595854,0.0,0.2,0.2,20.249999999999996,0.8,0.8,900.0,0.003,0.0,20,0.5,0.022736343,0.004683939453986069
5.673,900.0419744911795,0.03429294211003505,0.0,0.2,0.2,20.249999999999996,0.8,0.8,900.0,0.003,0.0,20,0.5,0.01931129,0.004683939512295051
5.676,900.0419744915755,0.03435277950309328,0.0,0.2,0.2,20.249999999999996,0.8,0.8,900.0,0.003,0.0,20,0.5,0.018888297,0.004683939567083595
5.679,900.0419744919413,0.03441303526538761,0.0,0.2,0.2,20.249999999999996,0.8,0.8,900.0,0.003,0.0,20,0.5,0.022523091,0.004683939618156062
5.682,900.0419744922739,0.034473709638884936,0.0,0.2,0.2,20.249999999999996,0.8,0.8,900.0,0.003,0.0,20,0.5,0.019044708,0.004683939665299488
5.6850000000000005,900.0419744925694,0.03453480286394785,0.0,0.2,0.2,20.249999999999996,0.8,0.8,900.0,0.003,0.0,20,0.5,0.019017598,0.004683939708318688
5.688,900.0419744928279,0.03459631518128449,0.0,0.2,0.2,20.249999999999996,0.8,0.8,900.0,0.003,0.0,20,0.5,0.021968298,0.004683939747043928
5.691,900.0419744930487,0.034658246831525005,0.0,0.2,0.2,20.249999999999996,0.8,0.8,900.0,0.003,0.0,20,0.5,0.01930903,0.0046839397813507105
5.694,900.0419744932282,0.03472059804253331,0.0,0.2,0.2,20.249999999999996,0.8,0.8,900.0,0.003,0.0,20,0.5,0.01925222,0.004683939811159576
5.697,900.0419744933688,0.034783369034036574,0.0,0.2,0.2,20.249999999999996,0.8,0.8,900.0,0.003,0.0,20,0.5,0.022101089,0.004683939836433679
5.7,900.0419744934665,0.03484656002768412,0.0,0.2,0.2,20.249999999999996,0.8,0.8,900.0,0.003,0.0,20,0.5,0.019583282,0.004683939857170637
5.703,900.0419744935222,0.034910171247209736,0.0,0.2,0.2,20.249999999999996,0.8,0.8,900.0,0.003,0.0,20,0.5,0.019370991,0.004683939873375971
5.706,900.0419744935393,0.03497420291899264,0.0,0.2,0.2,20.249999999999996,0.8,0.8,900.0,0.003,0.0,20,0.5,0.023060796,0.004683939885031096
5.7090000000000005,900.0419744935131,0.03503865527240181,0.0,0.2,0.2,20.249999999999996,0.8,0.8,900.0,0.003,0.0,20,0.5,0.018738596,0.004683939892097571
5.712,900.0419744934454,0.03510352853318159,0.0,0.2,0.2,20.249999999999996,0.8,0.8,900.0,0.003,0.0,20,0.5,0.018884067,0.004683939894551107
5.715,900.0419744933376,0.03516882291462598,0.0,0.2,0.2,20.249999999999996,0.8,0.8,900.0,0.003,0.0,20,0.5,0.021915987,0.0046839398923141165
5.718,900.0419744931862,0.03523453863300157,0.0,0.2,0.2,20.249999999999996,0.8,0.8,900.0,0.003,0.0,20,0.5,0.019409301,0.004683939885267024
5.721,900.04197449299,0.03530067590840285,0.0,0.2,0.2,20.249999999999996,0.8,0.8,900.0,0.003,0.0,20,0.5,0.018797566,0.00468393987324096
5.724,900.0419744927523,0.03536723496362083,0.0,0.2,0.2,20.249999999999996,0.8,0.8,900.0,0.003,0.0,20,0.5,0.022652863,0.004683939856036993
5.727,900.0419744924644,0.035434216023174654,0.0,0.2,0.2,20.249999999999996,0.8,0.8,900.0,0.003,0.0,20,0.5,0.019153339,0.004683939833409366
5.73,900.0419744921284,0.035501619312579696,0.0,0.2,0.2,20.249999999999996,0.8,0.8,900.0,0.003,0.0,20,0.5,0.019297891,0.004683939805078345
5.7330000000000005,900.0419744917389,0.03556944506022821,0.0,0.2,0.2,20.249999999999996,0.8,0.8,900.0,0.003,0.0,20,0.5,0.022789223,0.004683939770745283
5.736,900.0419744913,0.035637693499439384,0.0,0.2,0.2,20.249999999999996,0.8,0.8,900.0,0.003,0.0,20,0.5,0.019445691,0.0046839397301013976
5.739,900.041974490799,0.035706364868825766,0.0,0.2,0.2,20.249999999999996,0.8,0.8,900.0,0.003,0.0,20,0.5,0.019690683,0.004683939682847975
5.742,900.0419744902415,0.035775459412179265,0.0,0.2,0.2,20.249999999999996,0.8,0.8,900.0,0.003,0.0,20,0.5,0.022535202,0.004683939628778755
5.745,900.0419744896193,0.03584497736728083,0.0,0.2,0.2,20.249999999999996,0.8,0.8,900.0,0.003,0.0,20,0.5,0.018902647,0.004683939567699825
5.748,900.0419744889365,0.03591491897473277,0.0,0.2,0.2,20.249999999999996,0.8,0.8,900.0,0.003,0.0,20,0.5,0.019136449,0.004683939499440418
5.751,900.0419744881891,0.03598528447970038,0.0,0.2,0.2,20.249999999999996,0.8,0.8,900.0,0.003,0.0,20,0.5,0.022061278,0.00468393942387046
5.7540000000000004,900.0419744873756,0.036056074133762904,0.0,0.2,0.2,20.249999999999996,0.8,0.8,900.0,0.003,0.0,20,0.5,0.019140668,0.004683939340886379
5.757000000000001,900.0419744864957,0.03612728819589248,0.0,0.2,0.2,20.249999999999996,0.8,0.8,900.0,0.003,0.0,20,0.5,0.019159329,0.00468393925042422
5.76,900.041974485547,0.03619892693303808,0.0,0.2,0.2,20.249999999999996,0.8,0.8,900.0,0.003,0.0,20,0.5,0.02235102,0.0046839391524557275
5.763,900.0419744845269,0.03627099062067923,0.0,0.2,0.2,20.249999999999996,0.8,0.8,900.0,0.003,0.0,20,0.5,0.019790323,0.004683939046964451
5.766,900.0419744834437,0.036343479543887156,0.0,0.2,0.2,20.249999999999996,0.8,0.8,900.0,0.003,0.0,20,0.5,0.019143199,0.004683938933927034
5.769,900.0419744822917,0.03641639399837234,0.0,0.2,0.2,20.249999999999996,0.8,0.8,900.0,0.003,0.0,20,0.5,0.022805244,0.004683938813341004
5.772,900.0419744810705,0.0364897342888674,0.0,0.2,0.2,20.249999999999996,0.8,0.8,900.0,0.003,0.0,20,0.5,0.019252209,0.004683938685217673
5.775,900.0419744797812,0.03656350072996346,0.0,0.2,0.2,20.249999999999996,0.8,0.8,900.0,0.003,0.0,20,0.5,0.01933955,0.004683938549591558
5.7780000000000005,900.0419744784231,0.036637693646761914,0.0,0.2,0.2,20.249999999999996,0.8,0.8,900.0,0.003,0.0,20,0.5,0.02226987,0.0046839384065285065
5.781,900.0419744769974,0.03671231337342575,0.0,0.2,0.2,20.249999999999996,0.8,0.8,900.0,0.003,0.0,20,0.5,0.019535792,0.0046839382561222895
5.784,900.0419744755094,0.036787360256342126,0.0,0.2,0.2,20.249999999999996,0.8,0.8,900.0,0.003,0.0,20,0.5,0.019605412,0.004683938098471587
5.787,900.0419744739527,0.03686283465838585,0.0,0.2,0.2,20.249999999999996,0.8,0.8,900.0,0.003,0.0,20,0.5,0.022189879,0.004683937933735298
5.79,900.0419744723301,0.036938736952502875,0.0,0.2,0.2,20.249999999999996,0.8,0.8,900.0,0.003,0.0,20,0.5,0.019130128,0.004683937762088856
5.793,900.0419744706473,0.03701506752378576,0.0,0.2,0.2,20.249999999999996,0.8,0.8,900.0,0.003,0.0,20,0.5,0.018939538,0.004683937583827439
5.796,900.0419744689074,0.03709182673867289,0.0,0.2,0.2,20.249999999999996,0.8,0.8,900.0,0.003,0.0,20,0.5,0.022569182,0.004683937399439583
5.799,900.041974467112,0.03716901492150129,0.0,0.2,0.2,20.249999999999996,0.8,0.8,900.0,0.003,0.0,20,0.5,0.01940423,0.004683937209338932
5.8020000000000005,900.0419744652646,0.03724663239775385,0.0,0.2,0.2,20.249999999999996,0.8,0.8,900.0,0.003,0.0,20,0.5,0.019898654,0.004683937014409237
5.805,900.0419744633757,0.03732467942876855,0.0,0.2,0.2,20.249999999999996,0.8,0.8,900.0,0.003,0.0,20,0.5,0.022589893,0.004683936815099186
5.808,900.041974461448,0.03740315627352044,0.0,0.2,0.2,20.249999999999996,0.8,0.8,900.0,0.003,0.0,20,0.5,0.019501071,0.004683936611672626
5.811,900.0419744594808,0.03748206320510249,0.0,0.2,0.2,20.249999999999996,0.8,0.8,900.0,0.003,0.0,20,0.5,0.018763256,0.004683936404407661
5.814,900.0419744574808,0.03756140051199121,0.0,0.2,0.2,20.249999999999996,0.8,0.8,900.0,0.003,0.0,20,0.5,0.021937667,0.00468393619350964
5.817,900.0419744554463,0.03764116849900261,0.0,0.2,0.2,20.249999999999996,0.8,0.8,900.0,0.003,0.0,20,0.5,0.018935727,0.00468393597910644
5.82,900.0419744533795,0.037721367480330066,0.0,0.2,0.2,20.249999999999996,0.8,0.8,900.0,0.003,0.0,20,0.5,0.019066618,0.004683935761258873
5.823,900.0419744512807,0.037801997770056814,0.0,0.2,0.2,20.249999999999996,0.8,0.8,900.0,0.003,0.0,20,0.5,0.021916247,0.004683935539930041
5.8260000000000005,900.0419744491523,0.03788305969947319,0.0,0.2,0.2,20.249999999999996,0.8,0.8,900.0,0.003,0.0,20,0.5,0.019040318,0.004683935315048655
5.829,900.0419744469912,0.037964553619275115,0.0,0.2,0.2,20.249999999999996,0.8,0.8,900.0,0.003,0.0,20,0.5,0.019013637,0.0046839350865396446
5.832,900.0419744447961,0.038046479898584264,0.0,0.2,0.2,20.249999999999996,0.8,0.8,900.0,0.003,0.0,20,0.5,0.021929138,0.004683934854348458
5.835,900.0419744425709,0.038128838925058084,0.0,0.2,0.2,20.249999999999996,0.8,0.8,900.0,0.003,0.0,20,0.5,0.019471672,0.004683934618465501
5.838,900.0419744403071,0.038211631105361805,0.0,0.2,0.2,20.249999999999996,0.8,0.8,900.0,0.003,0.0,20,0.5,0.019828083,0.00468393437899386
5.841,900.041974438014,0.03829485684367884,0.0,0.2,0.2,20.249999999999996,0.8,0.8,900.0,0.003,0.0,20,0.5,0.022396701,0.004683934137160433
5.844,900.0419744357026,0.03837851628960514,0.0,0.2,0.2,20.249999999999996,0.8,0.8,900.0,0.003,0.0,20,0.5,0.019027048,0.004683933893826611
5.847,900.0419744333856,0.03846260952630019,0.0,0.2,0.2,20.249999999999996,0.8,0.8,900.0,0.003,0.0,20,0.5,0.019135449,0.004683933651094883
5.8500000000000005,900.0419744310777,0.0385471361541734,0.0,0.2,0.2,20.249999999999996,0.8,0.8,900.0,0.003,0.0,20,0.5,0.021985947,0.004683933411927954
5.853,900.0419744288052,0.03863209524884394,0.0,0.2,0.2,20.249999999999996,0.8,0.8,900.0,0.003,0.0,20,0.5,0.019618402,0.004683933176638083
5.856,900.0419744265702,0.03871748586953328,0.0,0.2,0.2,20.249999999999996,0.8,0.8,900.0,0.003,0.0,20,0.5,0.018927988,0.004683932944739964
5.859,900.0419744243595,0.03880330705934057,0.0,0.2,0.2,20.249999999999996,0.8,0.8,900.0,0.003,0.0,20,0.5,0.022093958,0.004683932714913287
5.862,900.0419744221682,0.038889557864876835,0.0,0.2,0.2,20.249999999999996,0.8,0.8,900.0,0.003,0.0,20,0.5,0.019497041,0.004683932485110058
5.865,900.0419744199785,0.038976237336373454,0.0,0.2,0.2,20.249999999999996,0.8,0.8,900.0,0.003,0.0,20,0.5,0.018731255,0.004683932252796159
5.868,900.0419744177635,0.03906334452704624,0.0,0.2,0.2,20.249999999999996,0.8,0.8,900.0,0.003,0.0,20,0.5,0.02226387,0.004683932015285772
5.871,900.0419744155037,0.03915087849121652,0.0,0.2,0.2,20.249999999999996,0.8,0.8,900.0,0.003,0.0,20,0.5,0.01929936,0.004683931770073268
5.8740000000000006,900.041974413173,0.03923883828850626,0.0,0.2,0.2,20.249999999999996,0.8,0.8,900.0,0.003,0.0,20,0.5,0.019082918,0.004683931515078552
5.877,900.0419744107553,0.03932722298432992,0.0,0.2,0.2,20.249999999999996,0.8,0.8,900.0,0.003,0.0,20,0.5,0.02239678,0.0046839312487953495
5.88,900.0419744082379,0.03941603164844259,0.0,0.2,0.2,20.249999999999996,0.8,0.8,900.0,0.003,0.0,20,0.5,0.018936157,0.004683930970597214
5.883,900.0419744056132,0.03950526325174068,0.0,0.2,0.2,20.249999999999996,0.8,0.8,900.0,0.003,0.0,20,0.5,0.018887317,0.0046839306806264564
5.886,900.0419744028848,0.03959491670025926,0.0,0.2,0.2,20.249999999999996,0.8,0.8,900.0,0.003,0.0,20,0.5,0.02220236,0.004683930379666538
5.889,900.0419744000565,0.03968499084580659,0.0,0.2,0.2,20.249999999999996,0.8,0.8,900.0,0.003,0.0,20,0.5,0.018852127,0.004683930068914792
5.892,900.0419743971416,0.0397754845246553,0.0,0.2,0.2,20.249999999999996,0.8,0.8,900.0,0.003,0.0,20,0.5,0.0193939,0.004683929749807712
5.8950000000000005,900.0419743941532,0.03986639658558483,0.0,0.2,0.2,20.249999999999996,0.8,0.8,900.0,0.003,0.0,20,0.5,0.022634792,0.004683929423976985
5.898,900.0419743911009,0.03995772588345944,0.0,0.2,0.2,20.249999999999996,0.8,0.8,900.0,0.003,0.0,20,0.5,0.019611451,0.004683929093032925
5.901,900.0419743880038,0.04004947127875128,0.0,0.2,0.2,20.249999999999996,0.8,0.8,900.0,0.003,0.0,20,0.5,0.019081328,0.0046839287583770005
5.904,900.0419743848732,0.04014163163788688,0.0,0.2,0.2,20.249999999999996,0.8,0.8,900.0,0.003,0.0,20,0.5,0.0222725,0.004683928421101389
5.907,900.0419743817192,0.040234205820927196,0.0,0.2,0.2,20.249999999999996,0.8,0.8,900.0,0.003,0.0,20,0.5,0.019168088,0.004683928081925722
5.91,900.041974378548,0.04032719265707464,0.0,0.2,0.2,20.249999999999996,0.8,0.8,900.0,0.003,0.0,20,0.5,0.01938028,0.004683927741001789
5.913,900.0419743753621,0.0404205909789292,0.0,0.2,0.2,20.249999999999996,0.8,0.8,900.0,0.003,0.0,20,0.5,0.022454091,0.004683927398088505
5.916,900.0419743721563,0.04051439962605586,0.0,0.2,0.2,20.249999999999996,0.8,0.8,900.0,0.003,0.0,20,0.5,0.019235239,0.0046839270526302275
5.9190000000000005,900.0419743689265,0.040608617444832115,0.0,0.2,0.2,20.249999999999996,0.8,0.8,900.0,0.003,0.0,20,0.5,0.019245979,0.00468392670382594
5.922,900.0419743656713,0.0407032432885824,0.0,0.2,0.2,20.249999999999996,0.8,0.8,900.0,0.003,0.0,20,0.5,0.022483601,0.0046839263507606225
5.925,900.0419743623764,0.040798276014472876,0.0,0.2,0.2,20.249999999999996,0.8,0.8,900.0,0.003,0.0,20,0.5,0.019808884,0.004683925992984834
5.928,900.0419743590409,0.04089371442422066,0.0,0.2,0.2,20.249999999999996,0.8,0.8,900.0,0.003,0.0,20,0.5,0.019046199,0.004683925630117287
5.931,900.0419743556627,0.040989557196585674,0.0,0.2,0.2,20.249999999999996,0.8,0.8,900.0,0.003,0.0,20,0.5,0.022410671,0.004683925262107286
5.934,900.0419743522424,0.04108580283836996,0.0,0.2,0.2,20.249999999999996,0.8,0.8,900.0,0.003,0.0,20,0.5,0.018928838,0.0046839248886959735
5.937,900.0419743487671,0.04118244984919174,0.0,0.2,0.2,20.249999999999996,0.8,0.8,900.0,0.003,0.0,20,0.5,0.019032378,0.004683924509776489
5.94,900.041974345249,0.04127949672927327,0.0,0.2,0.2,20.249999999999996,0.8,0.8,900.0,0.003,0.0,20,0.5,0.022065628,0.004683924125687248
5.9430000000000005,900.0419743416832,0.04137694189812447,0.0,0.2,0.2,20.249999999999996,0.8,0.8,900.0,0.003,0.0,20,0.5,0.019088558,0.004683923736749221
5.946,900.0419743380737,0.04147478374227686,0.0,0.2,0.2,20.249999999999996,0.8,0.8,900.0,0.003,0.0,20,0.5,0.019150109,0.004683923343062712
5.949,900.041974334421,0.04157302065285431,0.0,0.2,0.2,20.249999999999996,0.8,0.8,900.0,0.003,0.0,20,0.5,0.022458251,0.004683922944643288
5.952,900.0419743307266,0.04167165102541879,0.0,0.2,0.2,20.249999999999996,0.8,0.8,900.0,0.003,0.0,20,0.5,0.019459461,0.004683922541465688
5.955,900.0419743269906,0.04177067325084114,0.0,0.2,0.2,20.249999999999996,0.8,0.8,900.0,0.003,0.0,20,0.5,0.019649413,0.004683922134170384
5.958,900.0419743232195,0.04187008556035812,0.0,0.2,0.2,20.249999999999996,0.8,0.8,900.0,0.003,0.0,20,0.5,0.02224085,0.004683921723672615
5.961,900.041974319425,0.04196988604286006,0.0,0.2,0.2,20.249999999999996,0.8,0.8,900.0,0.003,0.0,20,0.5,0.019575342,0.004683921310592866
5.964,900.0419743156046,0.042070072614516466,0.0,0.2,0.2,20.249999999999996,0.8,0.8,900.0,0.003,0.0,20,0.5,0.019691052,0.004683920895034939
5.9670000000000005,900.0419743117692,0.04217064312445903,0.0,0.2,0.2,20.249999999999996,0.8,0.8,900.0,0.003,0.0,20,0.5,0.02225866,0.0046839204787330075
5.97,900.0419743079277,0.042271595073813506,0.0,0.2,0.2,20.249999999999996,0.8,0.8,900.0,0.003,0.0,20,0.5,0.018842147,0.00468392006252586
5.973,900.0419743040871,0.04237292588295474,0.0,0.2,0.2,20.249999999999996,0.8,0.8,900.0,0.003,0.0,20,0.5,0.018926288,0.004683919646235254
5.976,900.0419743002475,0.042474632968354124,0.0,0.2,0.2,20.249999999999996,0.8,0.8,900.0,0.003,0.0,20,0.5,0.022444901,0.004683919229249265
5.979,900.0419742963982,0.04257671374521201,0.0,0.2,0.2,20.249999999999996,0.8,0.8,900.0,0.003,0.0,20,0.5,0.018914607,0.004683918810730121
5.982,900.0419742925369,0.04267916563034125,0.0,0.2,0.2,20.249999999999996,0.8,0.8,900.0,0.003,0.0,20,0.5,0.019580891,0.004683918389697486
5.985,900.041974288652,0.04278198604313434,0.0,0.2,0.2,20.249999999999996,0.8,0.8,900.0,0.003,0.0,20,0.5,0.022366881,0.004683917965096893
5.988,900.0419742847356,0.04288517240613769,0.0,0.2,0.2,20.249999999999996,0.8,0.8,900.0,0.003,0.0,20,0.5,0.019032648,0.004683917535911712
5.9910000000000005,900.0419742807763,0.04298872214565014,0.0,0.2,0.2,20.249999999999996,0.8,0.8,900.0,0.003,0.0,20,0.5,0.018943997,0.004683917101306648
5.994,900.0419742767706,0.043092632691957886,0.0,0.2,0.2,20.249999999999996,0.8,0.8,900.0,0.003,0.0,20,0.5,0.022495381,0.004683916660801014
5.997,900.0419742727123,0.043196901460092516,0.0,0.2,0.2,20.249999999999996,0.8,0.8,900.0,0.003,0.0,20,0.5,0.019651602,0.004683916214232345
6.0,900.0419742685979,0.04330152586115505,0.0,0.2,0.2,20.249999999999996,0.8,0.8,900.0,0.003,0.0,20,0.5,0.019092939,0.004683915761842733
6.003,900.0419742644328,0.04340650328266252,0.0,0.2,0.2,20.249999999999996,0.8,0.8,900.0,0.003,0.0,20,0.5,0.022518312,0.004683915304231176
6.006,900.0419742602197,0.04351183109664516,0.0,0.2,0.2,20.249999999999996,0.8,0.8,900.0,0.003,0.0,20,0.5,0.0192381,0.004683914842209224
6.009,900.0419742559711,0.04361750668155759,0.0,0.2,0.2,20.249999999999996,0.8,0.8,900.0,0.003,0.0,20,0.5,0.019035268,0.0046839143767548296
6.0120000000000005,900.0419742516881,0.04372352742344954,0.0,0.2,0.2,20.249999999999996,0.8,0.8,900.0,0.003,0.0,20,0.5,0.021829277,0.00468391390891806
6.015000000000001,900.0419742473842,0.0438298907147157,0.0,0.2,0.2,20.249999999999996,0.8,0.8,900.0,0.003,0.0,20,0.5,0.018894407,0.004683913439720864
6.018,900.0419742430671,0.043936593946327325,0.0,0.2,0.2,20.249999999999996,0.8,0.8,900.0,0.003,0.0,20,0.5,0.019425881,0.00468391297006982
6.021,900.0419742387487,0.044043634515314324,0.0,0.2,0.2,20.249999999999996,0.8,0.8,900.0,0.003,0.0,20,0.5,0.022432471,0.0046839125006835815
6.024,900.0419742344286,0.04415100982717802,0.0,0.2,0.2,20.249999999999996,0.8,0.8,900.0,0.003,0.0,20,0.5,0.019759203,0.004683912032072687
6.027,900.0419742301212,0.04425871729369373,0.0,0.2,0.2,20.249999999999996,0.8,0.8,900.0,0.003,0.0,20,0.5,0.019473061,0.004683911564484333
6.03,900.041974225815,0.04436675434611227,0.0,0.2,0.2,20.249999999999996,0.8,0.8,900.0,0.003,0.0,20,0.5,0.021932387,0.0046839110978079196
6.033,900.0419742215194,0.0444751184790972,0.0,0.2,0.2,20.249999999999996,0.8,0.8,900.0,0.003,0.0,20,0.5,0.018813116,0.004683910632018081
6.0360000000000005,900.0419742172304,0.04458380720777233,0.0,0.2,0.2,20.249999999999996,0.8,0.8,900.0,0.003,0.0,20,0.5,0.019228299,0.004683910167116868
6.039,900.0419742129557,0.04469281806138089,0.0,0.2,0.2,20.249999999999996,0.8,0.8,900.0,0.003,0.0,20,0.5,0.022821713,0.004683909703404241
6.042,900.0419742086898,0.04480214849660091,0.0,0.2,0.2,20.249999999999996,0.8,0.8,900.0,0.003,0.0,20,0.5,0.019113689,0.004683909241139576
6.045,900.0419742044337,0.04491179593042598,0.0,0.2,0.2,20.249999999999996,0.8,0.8,900.0,0.003,0.0,20,0.5,0.019521641,0.004683908780351346
6.048,900.0419742001986,0.04502175778424139,0.0,0.2,0.2,20.249999999999996,0.8,0.8,900.0,0.003,0.0,20,0.5,0.0222573,0.004683908321497687
6.051,900.0419741959802,0.04513203134334048,0.0,0.2,0.2,20.249999999999996,0.8,0.8,900.0,0.003,0.0,20,0.5,0.01922997,0.004683907865000963
6.054,900.0419741917856,0.04524261385103971,0.0,0.2,0.2,20.249999999999996,0.8,0.8,900.0,0.003,0.0,20,0.5,0.019179329,0.0046839074110186845
6.057,900.0419741876085,0.04535350256919833,0.0,0.2,0.2,20.249999999999996,0.8,0.8,900.0,0.003,0.0,20,0.5,0.02233053,0.00468390695956197
6.0600000000000005,900.041974183456,0.04546469477920009,0.0,0.2,0.2,20.249999999999996,0.8,0.8,900.0,0.003,0.0,20,0.5,0.019193579,0.004683906510477451
6.063,900.0419741793252,0.04557618778228693,0.0,0.2,0.2,20.249999999999996,0.8,0.8,900.0,0.003,0.0,20,0.5,0.019467661,0.004683906063473159
6.066,900.0419741752117,0.04568797890030789,0.0,0.2,0.2,20.249999999999996,0.8,0.8,900.0,0.003,0.0,20,0.5,0.02228074,0.004683905618168666
6.069,900.0419741711154,0.04580006547409806,0.0,0.2,0.2,20.249999999999996,0.8,0.8,900.0,0.003,0.0,20,0.5,0.019163579,0.0046839051739633476
6.072,900.0419741670245,0.045912444924041194,0.0,0.2,0.2,20.249999999999996,0.8,0.8,900.0,0.003,0.0,20,0.5,0.019096868,0.004683904729869521
6.075,900.0419741629315,0.04602511484387687,0.0,0.2,0.2,20.249999999999996,0.8,0.8,900.0,0.003,0.0,20,0.5,0.021881557,0.004683904285523688
6.078,900.0419741588371,0.046138072864044956,0.0,0.2,0.2,20.249999999999996,0.8,0.8,900.0,0.003,0.0,20,0.5,0.019149019,0.0046839038407048015
6.081,900.0419741547381,0.04625131664500854,0.0,0.2,0.2,20.249999999999996,0.8,0.8,900.0,0.003,0.0,20,0.5,0.019572681,0.004683903395329323
6.0840000000000005,900.0419741506355,0.04636484387906507,0.0,0.2,0.2,20.249999999999996,0.8,0.8,900.0,0.003,0.0,20,0.5,0.022112169,0.004683902949493079
6.087,900.0419741465281,0.04647865228936422,0.0,0.2,0.2,20.249999999999996,0.8,0.8,900.0,0.003,0.0,20,0.5,0.01922913,0.004683902503447281
6.09,900.0419741424146,0.046592739630328374,0.0,0.2,0.2,20.249999999999996,0.8,0.8,900.0,0.003,0.0,20,0.5,0.019619962,0.004683902057539801
6.093,900.0419741383065,0.046707103685816785,0.0,0.2,0.2,20.249999999999996,0.8,0.8,900.0,0.003,0.0,20,0.5,0.02233771,0.004683901612150919
6.096,900.041974134203,0.04682174226625541,0.0,0.2,0.2,20.249999999999996,0.8,0.8,900.0,0.003,0.0,20,0.5,0.019024929,0.004683901167593086
6.099,900.0419741301029,0.046936653216565996,0.0,0.2,0.2,20.249999999999996,0.8,0.8,900.0,0.003,0.0,20,0.5,0.019133539,0.004683900724111397
6.102,900.0419741260164,0.04705183441419335,0.0,0.2,0.2,20.249999999999996,0.8,0.8,900.0,0.003,0.0,20,0.5,0.022067229,0.004683900281514155
6.105,900.0419741219272,0.04716728388722409,0.0,0.2,0.2,20.249999999999996,0.8,0.8,900.0,0.003,0.0,20,0.5,0.019420581,0.004683899838986054
6.1080000000000005,900.0419741178436,0.047282999914194754,0.0,0.2,0.2,20.249999999999996,0.8,0.8,900.0,0.003,0.0,20,0.5,0.019575082,0.00468389939628011
6.111,900.0419741137563,0.04739898080268769,0.0,0.2,0.2,20.249999999999996,0.8,0.8,900.0,0.003,0.0,20,0.5,0.021931707,0.0046838989535669525
6.114,900.0419741096819,0.04751522472721668,0.0,0.2,0.2,20.249999999999996,0.8,0.8,900.0,0.003,0.0,20,0.5,0.019163179,0.0046838985123557365
6.117,900.0419741056197,0.047631729402472504,0.0,0.2,0.2,20.249999999999996,0.8,0.8,900.0,0.003,0.0,20,0.5,0.018914757,0.004683898073385448
6.12,900.041974101578,0.0477484924960956,0.0,0.2,0.2,20.249999999999996,0.8,0.8,900.0,0.003,0.0,20,0.5,0.02226092,0.004683897637536311
6.123,900.0419740975667,0.047865511626565535,0.0,0.2,0.2,20.249999999999996,0.8,0.8,900.0,0.003,0.0,20,0.5,0.019471841,0.004683897205446458
6.126,900.0419740935839,0.04798278442865081,0.0,0.2,0.2,20.249999999999996,0.8,0.8,900.0,0.003,0.0,20,0.5,0.019053668,0.004683896777405
6.1290000000000004,900.0419740896406,0.04810030856711439,0.0,0.2,0.2,20.249999999999996,0.8,0.8,900.0,0.003,0.0,20,0.5,0.02220414,0.004683896353283726
6.132000000000001,900.0419740857317,0.04821808173844298,0.0,0.2,0.2,20.249999999999996,0.8,0.8,900.0,0.003,0.0,20,0.5,0.018948548,0.004683895932545484
6.135,900.0419740818559,0.048336101677661066,0.0,0.2,0.2,20.249999999999996,0.8,0.8,900.0,0.003,0.0,20,0.5,0.018796747,0.004683895514627372
6.138,900.0419740780021,0.04845436608063319,0.0,0.2,0.2,20.249999999999996,0.8,0.8,900.0,0.003,0.0,20,0.5,0.021821657,0.004683895099762948
6.141,900.0419740741825,0.048572872389189704,0.0,0.2,0.2,20.249999999999996,0.8,0.8,900.0,0.003,0.0,20,0.5,0.018689315,0.004683894687397392
6.144,900.0419740703802,0.04869161804497021,0.0,0.2,0.2,20.249999999999996,0.8,0.8,900.0,0.003,0.0,20,0.5,0.018917347,0.004683894276684104
6.147,900.0419740665944,0.048810600513762424,0.0,0.2,0.2,20.249999999999996,0.8,0.8,900.0,0.003,0.0,20,0.5,0.022538351,0.004683893866774759
6.15,900.041974062816,0.04892981729175471,0.0,0.2,0.2,20.249999999999996,0.8,0.8,900.0,0.003,0.0,20,0.5,0.018866627,0.004683893456881432
6.1530000000000005,900.0419740590371,0.04904926590940109,0.0,0.2,0.2,20.249999999999996,0.8,0.8,900.0,0.003,0.0,20,0.5,0.019369141,0.0046838930462933534
6.156,900.0419740552504,0.049168943932291,0.0,0.2,0.2,20.249999999999996,0.8,0.8,900.0,0.003,0.0,20,0.5,0.022394431,0.0046838926343937895
6.159,900.0419740514502,0.04928884896153274,0.0,0.2,0.2,20.249999999999996,0.8,0.8,900.0,0.003,0.0,20,0.5,0.018926718,0.004683892220756866
6.162,900.0419740476357,0.04940897862809411,0.0,0.2,0.2,20.249999999999996,0.8,0.8,900.0,0.003,0.0,20,0.5,0.019649602,0.004683891805165502
6.165,900.041974043804,0.04952933059768427,0.0,0.2,0.2,20.249999999999996,0.8,0.8,900.0,0.003,0.0,20,0.5,0.022012008,0.004683891387688176
6.168,900.0419740399531,0.04964990256778043,0.0,0.2,0.2,20.249999999999996,0.8,0.8,900.0,0.003,0.0,20,0.5,0.018887197,0.004683890968565117
6.171,900.041974036091,0.04977069227438726,0.0,0.2,0.2,20.249999999999996,0.8,0.8,900.0,0.003,0.0,20,0.5,0.019220489,0.0046838905481765385
6.174,900.0419740322108,0.04989169749578464,0.0,0.2,0.2,20.249999999999996,0.8,0.8,900.0,0.003,0.0,20,0.5,0.02237863,0.0046838901270106585
6.1770000000000005,900.0419740283263,0.05001291605362444,0.0,0.2,0.2,20.249999999999996,0.8,0.8,900.0,0.003,0.0,20,0.5,0.018942427,0.004683889705603556
6.18,900.0419740244405,0.05013434581112601,0.0,0.2,0.2,20.249999999999996,0.8,0.8,900.0,0.003,0.0,20,0.5,0.019118689,0.004683889284683357
6.183,900.0419740205581,0.05025598464242137,0.0,0.2,0.2,20.249999999999996,0.8,0.8,900.0,0.003,0.0,20,0.5,0.022002308,0.004683888864748124
6.186,900.0419740166803,0.050377830458269095,0.0,0.2,0.2,20.249999999999996,0.8,0.8,900.0,0.003,0.0,20,0.5,0.018841937,0.004683888446055544
6.189,900.0419740128174,0.05049988122319819,0.0,0.2,0.2,20.249999999999996,0.8,0.8,900.0,0.003,0.0,20,0.5,0.01925306,0.004683888028764328
6.192,900.0419740089677,0.05062213495187437,0.0,0.2,0.2,20.249999999999996,0.8,0.8,900.0,0.003,0.0,20,0.5,0.021792307,0.004683887613123497
6.195,900.0419740051321,0.050744589662284754,0.0,0.2,0.2,20.249999999999996,0.8,0.8,900.0,0.003,0.0,20,0.5,0.019531822,0.004683887199185619
6.198,900.041974001308,0.05086724340813487,0.0,0.2,0.2,20.249999999999996,0.8,0.8,900.0,0.003,0.0,20,0.5,0.018729676,0.004683886786781899
6.2010000000000005,900.0419739974992,0.050990094285224934,0.0,0.2,0.2,20.249999999999996,0.8,0.8,900.0,0.003,0.0,20,0.5,0.021758096,0.0046838863756696455
6.204,900.0419739937009,0.051113140412746554,0.0,0.2,0.2,20.249999999999996,0.8,0.8,900.0,0.003,0.0,20,0.5,0.018829366,0.0046838859655109755
6.207,900.0419739899105,0.05123637994278994,0.0,0.2,0.2,20.249999999999996,0.8,0.8,900.0,0.003,0.0,20,0.5,0.019016838,0.0046838855558944655
6.21,900.0419739861247,0.05135981106786219,0.0,0.2,0.2,20.249999999999996,0.8,0.8,900.0,0.003,0.0,20,0.5,0.02219981,0.004683885146265761
6.213,900.0419739823396,0.05148343203578887,0.0,0.2,0.2,20.249999999999996,0.8,0.8,900.0,0.003,0.0,20,0.5,0.019013028,0.0046838847361064745
6.216,900.0419739785476,0.05160724114203816,0.0,0.2,0.2,20.249999999999996,0.8,0.8,900.0,0.003,0.0,20,0.5,0.018733376,0.0046838843249902675
6.219,900.0419739747466,0.05173123671907834,0.0,0.2,0.2,20.249999999999996,0.8,0.8,900.0,0.003,0.0,20,0.5,0.023012965,0.0046838839125141725
6.222,900.0419739709338,0.051855417157376675,0.0,0.2,0.2,20.249999999999996,0.8,0.8,900.0,0.003,0.0,20,0.5,0.019475871,0.0046838834984921085
6.2250000000000005,900.0419739671077,0.05197978087922753,0.0,0.2,0.2,20.249999999999996,0.8,0.8,900.0,0.003,0.0,20,0.5,0.019033318,0.004683883083222195
6.228,900.041973963272,0.052104326283446904,0.0,0.2,0.2,20.249999999999996,0.8,0.8,900.0,0.003,0.0,20,0.5,0.021984088,0.00468388266755105
6.231,900.0419739594565,0.0522290515863241,0.0,0.2,0.2,20.249999999999996,0.8,0.8,900.0,0.003,0.0,20,0.5,0.018798246,0.0046838822585077945
6.234,900.041973955703,0.05235395360791832,0.0,0.2,0.2,20.249999999999996,0.8,0.8,900.0,0.003,0.0,20,0.5,0.01934625,0.004683881858850926
6.237,900.041973952032,0.05247902895577091,0.0,0.2,0.2,20.249999999999996,0.8,0.8,900.0,0.003,0.0,20,0.5,0.022151388,0.00468388146916566
6.24,900.0419739484531,0.05260427427844764,0.0,0.2,0.2,20.249999999999996,0.8,0.8,900.0,0.003,0.0,20,0.5,0.019039448,0.004683881089259417
6.243,900.0419739449584,0.05272968628214691,0.0,0.2,0.2,20.249999999999996,0.8,0.8,900.0,0.003,0.0,20,0.5,0.019512831,0.0046838807178937545
6.246,900.0419739415381,0.05285526173733021,0.0,0.2,0.2,20.249999999999996,0.8,0.8,900.0,0.003,0.0,20,0.5,0.021947998,0.004683880352620334
6.2490000000000006,900.0419739381697,0.05298099748346104,0.0,0.2,0.2,20.249999999999996,0.8,0.8,900.0,0.003,0.0,20,0.5,0.019612272,0.004683879989984548
6.252,900.0419739348273,0.05310689043205068,0.0,0.2,0.2,20.249999999999996,0.8,0.8,900.0,0.003,0.0,20,0.5,0.019160308,0.004683879626023462
6.255,900.0419739314721,0.053232937562065326,0.0,0.2,0.2,20.249999999999996,0.8,0.8,900.0,0.003,0.0,20,0.5,0.022112999,0.004683879256808246
6.258,900.0419739280635,0.05335913591926379,0.0,0.2,0.2,20.249999999999996,0.8,0.8,900.0,0.003,0.0,20,0.5,0.018969998,0.004683878878667325
6.261,900.0419739245773,0.05348548266296853,0.0,0.2,0.2,20.249999999999996,0.8,0.8,900.0,0.003,0.0,20,0.5,0.019287419,0.004683878487794982
6.264,900.0419739209718,0.05361197516208606,0.0,0.2,0.2,20.249999999999996,0.8,0.8,900.0,0.003,0.0,20,0.5,0.022053948,0.004683878081628672
6.267,900.0419739172294,0.053738610840942655,0.0,0.2,0.2,20.249999999999996,0.8,0.8,900.0,0.003,0.0,20,0.5,0.018769476,0.004683877658647836
6.2700000000000005,900.041973913337,0.05386538718384338,0.0,0.2,0.2,20.249999999999996,0.8,0.8,900.0,0.003,0.0,20,0.5,0.019009688,0.004683877218970652
6.273,900.0419739092952,0.05399230154683788,0.0,0.2,0.2,20.249999999999996,0.8,0.8,900.0,0.003,0.0,20,0.5,0.022034528,0.004683876763352595
6.276,900.0419739051088,0.05411935131272702,0.0,0.2,0.2,20.249999999999996,0.8,0.8,900.0,0.003,0.0,20,0.5,0.018969158,0.004683876293119724
6.279,900.0419739008117,0.05424653388356847,0.0,0.2,0.2,20.249999999999996,0.8,0.8,900.0,0.003,0.0,20,0.5,0.019132998,0.0046838758160684495
6.282,900.0419738965019,0.054373844679893465,0.0,0.2,0.2,20.249999999999996,0.8,0.8,900.0,0.003,0.0,20,0.5,0.021908337,0.004683875346175354
6.285,900.0419738922546,0.05450127630887139,0.0,0.2,0.2,20.249999999999996,0.8,0.8,900.0,0.003,0.0,20,0.5,0.018812766,0.00468387488493859
6.288,900.0419738880825,0.054628821369339636,0.0,0.2,0.2,20.249999999999996,0.8,0.8,900.0,0.003,0.0,20,0.5,0.018728946,0.0046838744314783125
6.291,900.041973883976,0.05475647248486907,0.0,0.2,0.2,20.249999999999996,0.8,0.8,900.0,0.003,0.0,20,0.5,0.021951548,0.004683873983876503
6.2940000000000005,900.0419738799238,0.05488422231210817,0.0,0.2,0.2,20.249999999999996,0.8,0.8,900.0,0.003,0.0,20,0.5,0.018804287,0.004683873538551115
6.297,900.0419738758885,0.055012063546722695,0.0,0.2,0.2,20.249999999999996,0.8,0.8,900.0,0.003,0.0,20,0.5,0.019182539,0.0046838730898418005
6.3,900.0419738718286,0.055139988905252964,0.0,0.2,0.2,20.249999999999996,0.8,0.8,900.0,0.003,0.0,20,0.5,0.022115859,0.004683872632201378
6.303,900.0419738676978,0.05526799059616463,0.0,0.2,0.2,20.249999999999996,0.8,0.8,900.0,0.003,0.0,20,0.5,0.018850467,0.004683872159389506
6.306,900.041973863429,0.05539606052081173,0.0,0.2,0.2,20.249999999999996,0.8,0.8,900.0,0.003,0.0,20,0.5,0.019186449,0.004683871664435503
6.309,900.0419738589619,0.055524190608690877,0.0,0.2,0.2,20.249999999999996,0.8,0.8,900.0,0.003,0.0,20,0.5,0.022202679,0.004683871141936134
6.312,900.0419738542437,0.05565237282632754,0.0,0.2,0.2,20.249999999999996,0.8,0.8,900.0,0.003,0.0,20,0.5,0.018795516,0.004683870588582974
6.315,900.0419738492526,0.05578059915022388,0.0,0.2,0.2,20.249999999999996,0.8,0.8,900.0,0.003,0.0,20,0.5,0.01939755,0.0046838700040940555
6.3180000000000005,900.0419738439809,0.055908861397280955,0.0,0.2,0.2,20.249999999999996,0.8,0.8,900.0,0.003,0.0,20,0.5,0.021695695,0.004683869389710305
6.321,900.0419738384402,0.05603715138910973,0.0,0.2,0.2,20.249999999999996,0.8,0.8,900.0,0.003,0.0,20,0.5,0.019091148,0.004683868748129152
6.324,900.0419738326527,0.05616546099432321,0.0,0.2,0.2,20.249999999999996,0.8,0.8,900.0,0.003,0.0,20,0.5,0.019048138,0.004683868083437549
6.327,900.0419738266595,0.05629378212927918,0.0,0.2,0.2,20.249999999999996,0.8,0.8,900.0,0.003,0.0,20,0.5,0.022141379,0.004683867400797641
6.33,900.041973820504,0.05642210671470764,0.0,0.2,0.2,20.249999999999996,0.8,0.8,900.0,0.003,0.0,20,0.5,0.019057318,0.004683866705953936
6.333,900.0419738142365,0.056550426647823275,0.0,0.2,0.2,20.249999999999996,0.8,0.8,900.0,0.003,0.0,20,0.5,0.018894867,0.004683866004395689
6.336,900.0419738079074,0.05667873387974924,0.0,0.2,0.2,20.249999999999996,0.8,0.8,900.0,0.003,0.0,20,0.5,0.022039538,0.004683865301160492
6.339,900.041973801564,0.05680702041399314,0.0,0.2,0.2,20.249999999999996,0.8,0.8,900.0,0.003,0.0,20,0.5,0.018916017,0.004683864600502424
6.3420000000000005,900.0419737952404,0.05693527830652013,0.0,0.2,0.2,20.249999999999996,0.8,0.8,900.0,0.003,0.0,20,0.5,0.019018008,0.004683863905643377
6.345,900.0419737889681,0.057063499679428135,0.0,0.2,0.2,20.249999999999996,0.8,0.8,900.0,0.003,0.0,20,0.5,0.022256979,0.004683863218728047
6.348,900.0419737827627,0.05719167672447562,0.0,0.2,0.2,20.249999999999996,0.8,0.8,900.0,0.003,0.0,20,0.5,0.019002117,0.004683862540833173
6.351,900.041973776637,0.0573198017061512,0.0,0.2,0.2,20.249999999999996,0.8,0.8,900.0,0.003,0.0,20,0.5,0.018986708,0.004683861872362363
6.354,900.0419737706042,0.05744786686260518,0.0,0.2,0.2,20.249999999999996,0.8,0.8,900.0,0.003,0.0,20,0.5,0.02225094,0.004683861213998733
6.357,900.0419737646623,0.057575864125128336,0.0,0.2,0.2,20.249999999999996,0.8,0.8,900.0,0.003,0.0,20,0.5,0.018643075,0.004683860565348356
6.36,900.0419737588044,0.0577037854429525,0.0,0.2,0.2,20.249999999999996,0.8,0.8,900.0,0.003,0.0,20,0.5,0.019088009,0.00468385992575001
6.363,900.0419737530281,0.05783162284900412,0.0,0.2,0.2,20.249999999999996,0.8,0.8,900.0,0.003,0.0,20,0.5,0.02237087,0.004683859294585751
6.3660000000000005,900.0419737473243,0.05795936846414898,0.0,0.2,0.2,20.249999999999996,0.8,0.8,900.0,0.003,0.0,20,0.5,0.019219849,0.004683858671381171
6.369,900.0419737416886,0.05808701449652018,0.0,0.2,0.2,20.249999999999996,0.8,0.8,900.0,0.003,0.0,20,0.5,0.019228399,0.0046838580558934495
6.372,900.0419737361259,0.05821455324329804,0.0,0.2,0.2,20.249999999999996,0.8,0.8,900.0,0.003,0.0,20,0.5,0.021596945,0.0046838574481960224
6.375,900.041973730627,0.05834197710038584,0.0,0.2,0.2,20.249999999999996,0.8,0.8,900.0,0.003,0.0,20,0.5,0.019576192,0.004683856848739058
6.378,900.041973725201,0.05846927856874506,0.0,0.2,0.2,20.249999999999996,0.8,0.8,900.0,0.003,0.0,20,0.5,0.019166959,0.004683856258360396
6.381,900.0419737198552,0.05859645025706335,0.0,0.2,0.2,20.249999999999996,0.8,0.8,900.0,0.003,0.0,20,0.5,0.021504974,0.0046838556782527645
6.384,900.0419737145978,0.05872348488378879,0.0,0.2,0.2,20.249999999999996,0.8,0.8,900.0,0.003,0.0,20,0.5,0.018983098,0.004683855109783665
6.3870000000000005,900.0419737094415,0.05885037528439066,0.0,0.2,0.2,20.249999999999996,0.8,0.8,900.0,0.003,0.0,20,0.5,0.019204339,0.004683854554395019
6.390000000000001,900.0419737044034,0.05897711441989963,0.0,0.2,0.2,20.249999999999996,0.8,0.8,900.0,0.003,0.0,20,0.5,0.021820216,0.004683854013489463
6.393,900.0419736994901,0.059103695376907295,0.0,0.2,0.2,20.249999999999996,0.8,0.8,900.0,0.003,0.0,20,0.5,0.018857887,0.004683853488270858
6.396,900.0419736947182,0.05923011137354141,0.0,0.2,0.2,20.249999999999996,0.8,0.8,900.0,0.003,0.0,20,0.5,0.019179849,0.004683852979686453
6.399,900.0419736900891,0.05935635575990625,0.0,0.2,0.2,20.249999999999996,0.8,0.8,900.0,0.003,0.0,20,0.5,0.022272399,0.004683852488444796
6.402,900.0419736856242,0.05948242198601197,0.0,0.2,0.2,20.249999999999996,0.8,0.8,900.0,0.003,0.0,20,0.5,0.018976037,0.004683852016068683
6.405,900.0419736813224,0.0596083033142559,0.0,0.2,0.2,20.249999999999996,0.8,0.8,900.0,0.003,0.0,20,0.5,0.019045218,0.004683851562991797
6.408,900.0419736771946,0.05973399306312151,0.0,0.2,0.2,20.249999999999996,0.8,0.8,900.0,0.003,0.0,20,0.5,0.022274489,0.004683851128652364
6.4110000000000005,900.0419736732343,0.05985948469077842,0.0,0.2,0.2,20.249999999999996,0.8,0.8,900.0,0.003,0.0,20,0.5,0.019183169,0.004683850712068664
6.414,900.0419736694284,0.05998477177041363,0.0,0.2,0.2,20.249999999999996,0.8,0.8,900.0,0.003,0.0,20,0.5,0.018862767,0.004683850311861093
6.417,900.0419736657659,0.06010984800634663,0.0,0.2,0.2,20.249999999999996,0.8,0.8,900.0,0.003,0.0,20,0.5,0.021968927,0.004683849926279255
6.42,900.041973662235,0.06023470723723173,0.0,0.2,0.2,20.249999999999996,0.8,0.8,900.0,0.003,0.0,20,0.5,0.019019598,0.004683849553535289
6.423,900.0419736588153,0.06035934339882014,0.0,0.2,0.2,20.249999999999996,0.8,0.8,900.0,0.003,0.0,20,0.5,0.01936197,0.004683849191606312
6.426,900.0419736554919,0.06048375058324061,0.0,0.2,0.2,20.249999999999996,0.8,0.8,900.0,0.003,0.0,20,0.5,0.021674216,0.004683848838486794
6.429,900.0419736522424,0.06060792304811311,0.0,0.2,0.2,20.249999999999996,0.8,0.8,900.0,0.003,0.0,20,0.5,0.019655702,0.004683848492545893
6.432,900.0419736490594,0.060731855123747354,0.0,0.2,0.2,20.249999999999996,0.8,0.8,900.0,0.003,0.0,20,0.5,0.018876797,0.004683848152396072
6.4350000000000005,900.0419736459238,0.060855541214867685,0.0,0.2,0.2,20.249999999999996,0.8,0.8,900.0,0.003,0.0,20,0.5,0.022537442,0.004683847816413214
6.438,900.0419736428199,0.060978975902279735,0.0,0.2,0.2,20.249999999999996,0.8,0.8,900.0,0.003,0.0,20,0.5,0.019029288,0.0046838474830822536
6.441,900.041973639737,0.06110215395360614,0.0,0.2,0.2,20.249999999999996,0.8,0.8,900.0,0.003,0.0,20,0.5,0.018879227,0.004683847150996282
6.444,900.041973636662,0.06122507034230703,0.0,0.2,0.2,20.249999999999996,0.8,0.8,900.0,0.003,0.0,20,0.5,0.022020378,0.004683846818967961
6.447,900.0419736335865,0.061347720229906276,0.0,0.2,0.2,20.249999999999996,0.8,0.8,900.0,0.003,0.0,20,0.5,0.019014197,0.004683846485962569
6.45,900.041973630491,0.06147009896028763,0.0,0.2,0.2,20.249999999999996,0.8,0.8,900.0,0.003,0.0,20,0.5,0.019079258,0.004683846151038085
6.453,900.0419736273825,0.06159220206649896,0.0,0.2,0.2,20.249999999999996,0.8,0.8,900.0,0.003,0.0,20,0.5,0.022616372,0.004683845813351689
6.456,900.0419736242402,0.06171402527445031,0.0,0.2,0.2,20.249999999999996,0.8,0.8,900.0,0.003,0.0,20,0.5,0.019480511,0.0046838454720712075
6.4590000000000005,900.0419736210655,0.06183556451219743,0.0,0.2,0.2,20.249999999999996,0.8,0.8,900.0,0.003,0.0,20,0.5,0.018959907,0.004683845126443376
6.462,900.0419736178475,0.06195681588856357,0.0,0.2,0.2,20.249999999999996,0.8,0.8,900.0,0.003,0.0,20,0.5,0.021786226,0.0046838447762592
6.465,900.0419736145852,0.062077775572931246,0.0,0.2,0.2,20.249999999999996,0.8,0.8,900.0,0.003,0.0,20,0.5,0.019405551,0.004683844420806616
6.468,900.0419736112694,0.06219843992515613,0.0,0.2,0.2,20.249999999999996,0.8,0.8,900.0,0.003,0.0,20,0.5,0.018901277,0.00468384405898613
6.471,900.0419736078939,0.062318805526796105,0.0,0.2,0.2,20.249999999999996,0.8,0.8,900.0,0.003,0.0,20,0.5,0.022124419,0.004683843689693265
6.474,900.0419736044479,0.062438869155700995,0.0,0.2,0.2,20.249999999999996,0.8,0.8,900.0,0.003,0.0,20,0.5,0.019126429,0.00468384331190092
6.477,900.0419736009194,0.0625586277720665,0.0,0.2,0.2,20.249999999999996,0.8,0.8,900.0,0.003,0.0,20,0.5,0.018962427,0.004683842924363848
6.48,900.0419735972991,0.06267807854654789,0.0,0.2,0.2,20.249999999999996,0.8,0.8,900.0,0.003,0.0,20,0.5,0.02228477,0.004683842525739488
6.4830000000000005,900.0419735935742,0.0627972188729707,0.0,0.2,0.2,20.249999999999996,0.8,0.8,900.0,0.003,0.0,20,0.5,0.01925826,0.0046838421146578975
6.486,900.0419735897352,0.06291604637624819,0.0,0.2,0.2,20.249999999999996,0.8,0.8,900.0,0.003,0.0,20,0.5,0.019232769,0.004683841689777383
6.489,900.0419735857621,0.06303455891103099,0.0,0.2,0.2,20.249999999999996,0.8,0.8,900.0,0.003,0.0,20,0.5,0.022713003,0.0046838412498003005
6.492,900.0419735816531,0.06315275456666866,0.0,0.2,0.2,20.249999999999996,0.8,0.8,900.0,0.003,0.0,20,0.5,0.019322159,0.004683840793516697
6.495,900.0419735773901,0.06327063167173551,0.0,0.2,0.2,20.249999999999996,0.8,0.8,900.0,0.003,0.0,20,0.5,0.018958617,0.004683840319863594
6.498,900.0419735729668,0.06338818879421348,0.0,0.2,0.2,20.249999999999996,0.8,0.8,900.0,0.003,0.0,20,0.5,0.022088239,0.004683839827940315
6.501,900.0419735683744,0.06350542475065346,0.0,0.2,0.2,20.249999999999996,0.8,0.8,900.0,0.003,0.0,20,0.5,0.01933055,0.004683839317080742
6.5040000000000004,900.0419735636029,0.06362233860560267,0.0,0.2,0.2,20.249999999999996,0.8,0.8,900.0,0.003,0.0,20,0.5,0.019048698,0.0046838387869506184
6.507000000000001,900.0419735586598,0.06373892965971724,0.0,0.2,0.2,20.249999999999996,0.8,0.8,900.0,0.003,0.0,20,0.5,0.022511481,0.004683838237345687
6.51,900.0419735535332,0.06385519746784926,0.0,0.2,0.2,20.249999999999996,0.8,0.8,900.0,0.003,0.0,20,0.5,0.019161328,0.004683837668277416
6.513,900.0419735482303,0.06397114182182054,0.0,0.2,0.2,20.249999999999996,0.8,0.8,900.0,0.003,0.0,20,0.5,0.018954567,0.004683837080821635
6.516,900.0419735427736,0.0640867624719022,0.0,0.2,0.2,20.249999999999996,0.8,0.8,900.0,0.003,0.0,20,0.5,0.021854647,0.004683836478451898
6.519,900.0419735371757,0.06420205867013255,0.0,0.2,0.2,20.249999999999996,0.8,0.8,900.0,0.003,0.0,20,0.5,0.019125159,0.004683835861771356
6.522,900.0419735314488,0.06431702989595373,0.0,0.2,0.2,20.249999999999996,0.8,0.8,900.0,0.003,0.0,20,0.5,0.019504411,0.004683835232808135
6.525,900.0419735256388,0.06443167530851225,0.0,0.2,0.2,20.249999999999996,0.8,0.8,900.0,0.003,0.0,20,0.5,0.022578822,0.0046838345989993774
6.5280000000000005,900.0419735197958,0.06454599228402311,0.0,0.2,0.2,20.249999999999996,0.8,0.8,900.0,0.003,0.0,20,0.5,0.019090718,0.004683833964161904
6.531,900.0419735139361,0.0646599779752706,0.0,0.2,0.2,20.249999999999996,0.8,0.8,900.0,0.003,0.0,20,0.5,0.019191489,0.004683833329097166
6.534,900.0419735080657,0.06477362973345378,0.0,0.2,0.2,20.249999999999996,0.8,0.8,900.0,0.003,0.0,20,0.5,0.023329777,0.0046838326922033656
6.537,900.041973502177,0.06488694516692933,0.0,0.2,0.2,20.249999999999996,0.8,0.8,900.0,0.003,0.0,20,0.5,0.018984368,0.004683832050828532
6.54,900.0419734962469,0.06499992190967685,0.0,0.2,0.2,20.249999999999996,0.8,0.8,900.0,0.003,0.0,20,0.5,0.019873683,0.0046838314013744825
6.543,900.0419734902435,0.06511255770741003,0.0,0.2,0.2,20.249999999999996,0.8,0.8,900.0,0.003,0.0,20,0.5,0.022600562,0.004683830739380673
6.546,900.0419734841191,0.06522485043634128,0.0,0.2,0.2,20.249999999999996,0.8,0.8,900.0,0.003,0.0,20,0.5,0.018983258,0.004683830059875725
6.549,900.0419734778324,0.06533679820470999,0.0,0.2,0.2,20.249999999999996,0.8,0.8,900.0,0.003,0.0,20,0.5,0.018879127,0.004683829358128236
6.5520000000000005,900.0419734713395,0.06544839939588341,0.0,0.2,0.2,20.249999999999996,0.8,0.8,900.0,0.003,0.0,20,0.5,0.022656062,0.004683828630351382
6.555,900.0419734646043,0.06555965267625909,0.0,0.2,0.2,20.249999999999996,0.8,0.8,900.0,0.003,0.0,20,0.5,0.019162769,0.004683827874057033
6.558,900.0419734576111,0.06567055700046524,0.0,0.2,0.2,20.249999999999996,0.8,0.8,900.0,0.003,0.0,20,0.5,0.018700585,0.004683827088952552
6.561,900.0419734503756,0.06578111146626545,0.0,0.2,0.2,20.249999999999996,0.8,0.8,900.0,0.003,0.0,20,0.5,0.022036158,0.0046838262776061484
6.564,900.0419734429032,0.06589131512606516,0.0,0.2,0.2,20.249999999999996,0.8,0.8,900.0,0.003,0.0,20,0.5,0.018572185,0.00468382544246351
6.567,900.0419734352105,0.06600116708645427,0.0,0.2,0.2,20.249999999999996,0.8,0.8,900.0,0.003,0.0,20,0.5,0.019042758,0.004683824586730904
6.57,900.0419734273269,0.06611066666498588,0.0,0.2,0.2,20.249999999999996,0.8,0.8,900.0,0.003,0.0,20,0.5,0.02228113,0.004683823714090083
6.573,900.0419734192872,0.06621981346927971,0.0,0.2,0.2,20.249999999999996,0.8,0.8,900.0,0.003,0.0,20,0.5,0.018904208,0.004683822828420274
6.5760000000000005,900.0419734111248,0.0663286073925051,0.0,0.2,0.2,20.249999999999996,0.8,0.8,900.0,0.003,0.0,20,0.5,0.018689186,0.004683821933894824
6.579,900.0419734028877,0.06643704835845027,0.0,0.2,0.2,20.249999999999996,0.8,0.8,900.0,0.003,0.0,20,0.5,0.023490118,0.004683821034652487
6.582,900.0419733945994,0.06654513619057767,0.0,0.2,0.2,20.249999999999996,0.8,0.8,900.0,0.003,0.0,20,0.5,0.018813997,0.004683820132886775
6.585,900.0419733862838,0.06665287099326653,0.0,0.2,0.2,20.249999999999996,0.8,0.8,900.0,0.003,0.0,20,0.5,0.01920164,0.004683819229932745
6.588,900.0419733779472,0.0667602531598466,0.0,0.2,0.2,20.249999999999996,0.8,0.8,900.0,0.003,0.0,20,0.5,0.021683986,0.004683818326304713
6.591,900.041973369599,0.06686728337508685,0.0,0.2,0.2,20.249999999999996,0.8,0.8,900.0,0.003,0.0,20,0.5,0.018498065,0.004683817421798383
6.594,900.04197336124,0.06697396261758204,0.0,0.2,0.2,20.249999999999996,0.8,0.8,900.0,0.003,0.0,20,0.5,0.018884397,0.0046838165156688465
6.597,900.0419733528544,0.06708029216211837,0.0,0.2,0.2,20.249999999999996,0.8,0.8,900.0,0.003,0.0,20,0.5,0.021644735,0.004683815606889169
6.6000000000000005,900.0419733444414,0.06718627358009878,0.0,0.2,0.2,20.249999999999996,0.8,0.8,900.0,0.003,0.0,20,0.5,0.018982277,0.004683814694415636
6.603,900.0419733359937,0.06729190872350904,0.0,0.2,0.2,20.249999999999996,0.8,0.8,900.0,0.003,0.0,20,0.5,0.018905007,0.004683813778443435
6.606,900.0419733275152,0.0673971992848682,0.0,0.2,0.2,20.249999999999996,0.8,0.8,900.0,0.003,0.0,20,0.5,0.022022608,0.00468381285946597
6.609,900.0419733190025,0.06750214687808215,0.0,0.2,0.2,20.249999999999996,0.8,0.8,900.0,0.003,0.0,20,0.5,0.019038728,0.004683811937199388
6.612,900.0419733104588,0.06760675340685329,0.0,0.2,0.2,20.249999999999996,0.8,0.8,900.0,0.003,0.0,20,0.5,0.018748886,0.004683811012440974
6.615,900.0419733018898,0.0677110210007942,0.0,0.2,0.2,20.249999999999996,0.8,0.8,900.0,0.003,0.0,20,0.5,0.021894267,0.0046838100866239355
6.618,900.0419732933103,0.06781495198773334,0.0,0.2,0.2,20.249999999999996,0.8,0.8,900.0,0.003,0.0,20,0.5,0.018989197,0.004683809161205746
6.621,900.0419732847265,0.06791854895419093,0.0,0.2,0.2,20.249999999999996,0.8,0.8,900.0,0.003,0.0,20,0.5,0.019124318,0.00468380823788334
6.6240000000000006,900.0419732761549,0.06802181475395344,0.0,0.2,0.2,20.249999999999996,0.8,0.8,900.0,0.003,0.0,20,0.5,0.022068358,0.00468380731846972
6.627,900.0419732676179,0.06812475252486797,0.0,0.2,0.2,20.249999999999996,0.8,0.8,900.0,0.003,0.0,20,0.5,0.018915677,0.00468380640469433
6.63,900.0419732591181,0.06822736569644765,0.0,0.2,0.2,20.249999999999996,0.8,0.8,900.0,0.003,0.0,20,0.5,0.019028468,0.004683805498099553
6.633,900.0419732506798,0.06832965798973291,0.0,0.2,0.2,20.249999999999996,0.8,0.8,900.0,0.003,0.0,20,0.5,0.02219821,0.00468380459996497
6.636,900.0419732423096,0.06843163341453067,0.0,0.2,0.2,20.249999999999996,0.8,0.8,900.0,0.003,0.0,20,0.5,0.018969517,0.0046838037112850355
6.639,900.0419732340209,0.06853329626349661,0.0,0.2,0.2,20.249999999999996,0.8,0.8,900.0,0.003,0.0,20,0.5,0.018853837,0.004683802832751012
6.642,900.0419732258194,0.06863465111932014,0.0,0.2,0.2,20.249999999999996,0.8,0.8,900.0,0.003,0.0,20,0.5,0.022436531,0.004683801966449617
6.6450000000000005,900.0419732177307,0.06873570246917159,0.0,0.2,0.2,20.249999999999996,0.8,0.8,900.0,0.003,0.0,20,0.5,0.018938808,0.0046838011153708305
6.648000000000001,900.0419732097746,0.06883645469357083,0.0,0.2,0.2,20.249999999999996,0.8,0.8,900.0,0.003,0.0,20,0.5,0.018995498,0.004683800281176819
6.651,900.041973201984,0.06893691225789478,0.0,0.2,0.2,20.249999999999996,0.8,0.8,900.0,0.003,0.0,20,0.5,0.022034249,0.004683799468165328
6.654,900.0419731943804,0.06903707884917473,0.0,0.2,0.2,20.249999999999996,0.8,0.8,900.0,0.003,0.0,20,0.5,0.018856217,0.004683798677804092
6.657,900.0419731869773,0.06913695800278395,0.0,0.2,0.2,20.249999999999996,0.8,0.8,900.0,0.003,0.0,20,0.5,0.018866967,0.00468379790907733
6.66,900.0419731797604,0.06923655351111646,0.0,0.2,0.2,20.249999999999996,0.8,0.8,900.0,0.003,0.0,20,0.5,0.021650185,0.0046837971603358106
6.663,900.0419731727218,0.06933586941813404,0.0,0.2,0.2,20.249999999999996,0.8,0.8,900.0,0.003,0.0,20,0.5,0.018917657,0.004683796429268306
6.666,900.0419731658336,0.0694349100115613,0.0,0.2,0.2,20.249999999999996,0.8,0.8,900.0,0.003,0.0,20,0.5,0.019119408,0.004683795712892568
6.6690000000000005,900.0419731590675,0.06953367983527431,0.0,0.2,0.2,20.249999999999996,0.8,0.8,900.0,0.003,0.0,20,0.5,0.022097508,0.004683795007497088
6.672,900.0419731523959,0.06963218372549822,0.0,0.2,0.2,20.249999999999996,0.8,0.8,900.0,0.003,0.0,20,0.5,0.018683315,0.00468379430891716
6.675,900.0419731457785,0.06973042682180303,0.0,0.2,0.2,20.249999999999996,0.8,0.8,900.0,0.003,0.0,20,0.5,0.018819946,0.004683793613275977
6.678,900.0419731391808,0.06982841451403739,0.0,0.2,0.2,20.249999999999996,0.8,0.8,900.0,0.003,0.0,20,0.5,0.022129799,0.004683792917468227
6.681,900.0419731325802,0.06992615239204711,0.0,0.2,0.2,20.249999999999996,0.8,0.8,900.0,0.003,0.0,20,0.5,0.019178019,0.0046837922193669595
6.684,900.0419731259512,0.0700236462461058,0.0,0.2,0.2,20.249999999999996,0.8,0.8,900.0,0.003,0.0,20,0.5,0.019318689,0.004683791517857673
6.687,900.0419731192836,0.07012090209019077,0.0,0.2,0.2,20.249999999999996,0.8,0.8,900.0,0.003,0.0,20,0.5,0.021860327,0.004683790812733583
6.69,900.0419731125796,0.07021792617285602,0.0,0.2,0.2,20.249999999999996,0.8,0.8,900.0,0.003,0.0,20,0.5,0.019047018,0.004683790104614254
6.6930000000000005,900.0419731058437,0.070314724977584,0.0,0.2,0.2,20.249999999999996,0.8,0.8,900.0,0.003,0.0,20,0.5,0.019177669,0.0046837893949661594
6.696,900.0419730991156,0.07041130514199419,0.0,0.2,0.2,20.249999999999996,0.8,0.8,900.0,0.003,0.0,20,0.5,0.021707446,0.004683788690821619
6.699,900.0419730924473,0.07050767210875047,0.0,0.2,0.2,20.249999999999996,0.8,0.8,900.0,0.003,0.0,20,0.5,0.018619475,0.004683787997627487
6.702,900.0419730858737,0.07060383101884803,0.0,0.2,0.2,20.249999999999996,0.8,0.8,900.0,0.003,0.0,20,0.5,0.018820177,0.0046837873184533375
6.705,900.0419730794182,0.07069978725094678,0.0,0.2,0.2,20.249999999999996,0.8,0.8,900.0,0.003,0.0,20,0.5,0.022141359,0.004683786655859914
6.708,900.0419730731054,0.0707955464241086,0.0,0.2,0.2,20.249999999999996,0.8,0.8,900.0,0.003,0.0,20,0.5,0.018808026,0.0046837860113705596
6.711,900.0419730669512,0.07089111435419038,0.0,0.2,0.2,20.249999999999996,0.8,0.8,900.0,0.003,0.0,20,0.5,0.018780877,0.004683785384971928
6.714,900.0419730609519,0.07098649706431687,0.0,0.2,0.2,20.249999999999996,0.8,0.8,900.0,0.003,0.0,20,0.5,0.021923228,0.004683784774999642
6.7170000000000005,900.0419730550958,0.07108170080377509,0.0,0.2,0.2,20.249999999999996,0.8,0.8,900.0,0.003,0.0,20,0.5,0.019241489,0.004683784178430012
6.72,900.0419730493505,0.07117673204989168,0.0,0.2,0.2,20.249999999999996,0.8,0.8,900.0,0.003,0.0,20,0.5,0.018802926,0.004683783591364768
6.723,900.0419730436864,0.07127159750279816,0.0,0.2,0.2,20.249999999999996,0.8,0.8,900.0,0.003,0.0,20,0.5,0.021696395,0.004683783009582852
6.726,900.041973038065,0.0713663040790233,0.0,0.2,0.2,20.249999999999996,0.8,0.8,900.0,0.003,0.0,20,0.5,0.018823426,0.0046837824289600065
6.729,900.0419730324464,0.07146085890852337,0.0,0.2,0.2,20.249999999999996,0.8,0.8,900.0,0.003,0.0,20,0.5,0.019001188,0.004683781845967965
6.732,900.0419730268059,0.07155526927773993,0.0,0.2,0.2,20.249999999999996,0.8,0.8,900.0,0.003,0.0,20,0.5,0.021649266,0.004683781258539489
6.735,900.0419730211221,0.07164954243388248,0.0,0.2,0.2,20.249999999999996,0.8,0.8,900.0,0.003,0.0,20,0.5,0.018889267,0.004683780664727661
6.738,900.0419730153733,0.07174368580508737,0.0,0.2,0.2,20.249999999999996,0.8,0.8,900.0,0.003,0.0,20,0.5,0.018874486,0.004683780063227351
6.7410000000000005,900.0419730095524,0.07183770703738929,0.0,0.2,0.2,20.249999999999996,0.8,0.8,900.0,0.003,0.0,20,0.5,0.021964978,0.004683779453616266
6.744,900.0419730036484,0.07193161399075951,0.0,0.2,0.2,20.249999999999996,0.8,0.8,900.0,0.003,0.0,20,0.5,0.018899277,0.004683778836256389
6.747,900.0419729976737,0.07202541473983852,0.0,0.2,0.2,20.249999999999996,0.8,0.8,900.0,0.003,0.0,20,0.5,0.01933213,0.004683778212152179
6.75,900.041972991652,0.07211911756119614,0.0,0.2,0.2,20.249999999999996,0.8,0.8,900.0,0.003,0.0,20,0.5,0.021952377,0.004683777588843509
6.753,900.0419729856629,0.07221272942397583,0.0,0.2,0.2,20.249999999999996,0.8,0.8,900.0,0.003,0.0,20,0.5,0.018900617,0.004683776974426657
6.756,900.0419729797419,0.07230625659328765,0.0,0.2,0.2,20.249999999999996,0.8,0.8,900.0,0.003,0.0,20,0.5,0.018655136,0.004683776371125038
6.759,900.0419729739169,0.07239970561686125,0.0,0.2,0.2,20.249999999999996,0.8,0.8,900.0,0.003,0.0,20,0.5,0.021867767,0.004683775779765575
6.7620000000000005,900.0419729681926,0.07249308319351797,0.0,0.2,0.2,20.249999999999996,0.8,0.8,900.0,0.003,0.0,20,0.5,0.018900467,0.004683775199860183
6.765000000000001,900.0419729625664,0.07258639616792259,0.0,0.2,0.2,20.249999999999996,0.8,0.8,900.0,0.003,0.0,20,0.5,0.019150928,0.004683774629616517
6.768,900.0419729570192,0.07267965151251772,0.0,0.2,0.2,20.249999999999996,0.8,0.8,900.0,0.003,0.0,20,0.5,0.021838777,0.0046837740659299255
6.771,900.0419729515309,0.0727728563250483,0.0,0.2,0.2,20.249999999999996,0.8,0.8,900.0,0.003,0.0,20,0.5,0.018568855,0.004683773504633836
6.774,900.0419729460535,0.07286601783719487,0.0,0.2,0.2,20.249999999999996,0.8,0.8,900.0,0.003,0.0,20,0.5,0.018909547,0.0046837729411152605
6.777,900.041972940554,0.07295914340929074,0.0,0.2,0.2,20.249999999999996,0.8,0.8,900.0,0.003,0.0,20,0.5,0.021659905,0.004683772371001046
6.78,900.0419729349925,0.07305224048565147,0.0,0.2,0.2,20.249999999999996,0.8,0.8,900.0,0.003,0.0,20,0.5,0.018475694,0.0046837717906414115
6.783,900.041972929329,0.0731453165879402,0.0,0.2,0.2,20.249999999999996,0.8,0.8,900.0,0.003,0.0,20,0.5,0.018983697,0.004683771197294431
6.7860000000000005,900.041972923555,0.07323837934390603,0.0,0.2,0.2,20.249999999999996,0.8,0.8,900.0,0.003,0.0,20,0.5,0.021707466,0.004683770589543005
6.789,900.041972917641,0.07333143645022153,0.0,0.2,0.2,20.249999999999996,0.8,0.8,900.0,0.003,0.0,20,0.5,0.018573925,0.004683769967621699
6.792,900.0419729116174,0.07342449548526503,0.0,0.2,0.2,20.249999999999996,0.8,0.8,900.0,0.003,0.0,20,0.5,0.019000858,0.004683769335185066
6.795,900.0419729054948,0.07351756338530867,0.0,0.2,0.2,20.249999999999996,0.8,0.8,900.0,0.003,0.0,20,0.5,0.022022548,0.004683768694802376
6.798,900.041972899302,0.07361064705138351,0.0,0.2,0.2,20.249999999999996,0.8,0.8,900.0,0.003,0.0,20,0.5,0.018652055,0.004683768049608555
6.801,900.0419728930568,0.07370375346513232,0.0,0.2,0.2,20.249999999999996,0.8,0.8,900.0,0.003,0.0,20,0.5,0.018847456,0.004683767403154888
6.804,900.0419728868017,0.07379688970123326,0.0,0.2,0.2,20.249999999999996,0.8,0.8,900.0,0.003,0.0,20,0.5,0.0223682,0.004683766758718591
6.807,900.0419728805545,0.07389006292545927,0.0,0.2,0.2,20.249999999999996,0.8,0.8,900.0,0.003,0.0,20,0.5,0.018852056,0.004683766118837403
6.8100000000000005,900.0419728743489,0.07398328039300818,0.0,0.2,0.2,20.249999999999996,0.8,0.8,900.0,0.003,0.0,20,0.5,0.019049918,0.004683765485168223
6.813,900.0419728681909,0.07407654944445338,0.0,0.2,0.2,20.249999999999996,0.8,0.8,900.0,0.003,0.0,20,0.5,0.021762867,0.004683764858471897
6.816,900.0419728620913,0.07416987750132904,0.0,0.2,0.2,20.249999999999996,0.8,0.8,900.0,0.003,0.0,20,0.5,0.018851947,0.004683764238666966
6.819,900.0419728560487,0.07426327206014648,0.0,0.2,0.2,20.249999999999996,0.8,0.8,900.0,0.003,0.0,20,0.5,0.019056708,0.004683763624936119
6.822,900.0419728500614,0.07435674068458198,0.0,0.2,0.2,20.249999999999996,0.8,0.8,900.0,0.003,0.0,20,0.5,0.02230577,0.004683763015902994
6.825,900.0419728441088,0.07445029099923893,0.0,0.2,0.2,20.249999999999996,0.8,0.8,900.0,0.003,0.0,20,0.5,0.019083698,0.004683762409828754
6.828,900.0419728381792,0.07454393069220376,0.0,0.2,0.2,20.249999999999996,0.8,0.8,900.0,0.003,0.0,20,0.5,0.018764066,0.004683761804843725
6.831,900.0419728322579,0.07463766751101475,0.0,0.2,0.2,20.249999999999996,0.8,0.8,900.0,0.003,0.0,20,0.5,0.022255399,0.0046837611991986
6.8340000000000005,900.0419728263221,0.07473150924921425,0.0,0.2,0.2,20.249999999999996,0.8,0.8,900.0,0.003,0.0,20,0.5,0.018659476,0.00468376059153171
6.837,900.0419728203666,0.07482546372169178,0.0,0.2,0.2,20.249999999999996,0.8,0.8,900.0,0.003,0.0,20,0.5,0.018653976,0.00468375998088241
6.84,900.0419728143801,0.074919538784704,0.0,0.2,0.2,20.249999999999996,0.8,0.8,900.0,0.003,0.0,20,0.5,0.022192859,0.004683759366728921
6.843,900.0419728083594,0.07501374233932784,0.0,0.2,0.2,20.249999999999996,0.8,0.8,900.0,0.003,0.0,20,0.5,0.018838136,0.0046837587490361045
6.846,900.0419728023062,0.0751080823185095,0.0,0.2,0.2,20.249999999999996,0.8,0.8,900.0,0.003,0.0,20,0.5,0.018605695,0.0046837581282420295
6.849,900.0419727962186,0.07520256667387672,0.0,0.2,0.2,20.249999999999996,0.8,0.8,900.0,0.003,0.0,20,0.5,0.022820993,0.004683757505149072
6.852,900.0419727901127,0.07529720337008756,0.0,0.2,0.2,20.249999999999996,0.8,0.8,900.0,0.003,0.0,20,0.5,0.019087588,0.004683756881070821
6.855,900.0419727839939,0.07539200029506767,0.0,0.2,0.2,20.249999999999996,0.8,0.8,900.0,0.003,0.0,20,0.5,0.019703022,0.0046837562578280825
6.8580000000000005,900.0419727779006,0.07548696511927871,0.0,0.2,0.2,20.249999999999996,0.8,0.8,900.0,0.003,0.0,20,0.5,0.021902887,0.004683755638410745
6.861,900.0419727718393,0.07558210489044308,0.0,0.2,0.2,20.249999999999996,0.8,0.8,900.0,0.003,0.0,20,0.5,0.018602375,0.00468375502401761
6.864,900.0419727658234,0.07567742660913722,0.0,0.2,0.2,20.249999999999996,0.8,0.8,900.0,0.003,0.0,20,0.5,0.018831866,0.004683754415948018
6.867,900.0419727598583,0.07577293726955545,0.0,0.2,0.2,20.249999999999996,0.8,0.8,900.0,0.003,0.0,20,0.5,0.021922897,0.004683753815478166
6.87,900.0419727539622,0.07586864381467244,0.0,0.2,0.2,20.249999999999996,0.8,0.8,900.0,0.003,0.0,20,0.5,0.018544815,0.004683753223595439
6.873,900.0419727481426,0.07596455310572277,0.0,0.2,0.2,20.249999999999996,0.8,0.8,900.0,0.003,0.0,20,0.5,0.019013097,0.004683752640673719
6.876,900.0419727424045,0.07606067197241012,0.0,0.2,0.2,20.249999999999996,0.8,0.8,900.0,0.003,0.0,20,0.5,0.023159475,0.004683752066412285
6.8790000000000004,900.0419727367401,0.07615700723093136,0.0,0.2,0.2,20.249999999999996,0.8,0.8,900.0,0.003,0.0,20,0.5,0.019088278,0.004683751500096258
6.882000000000001,900.0419727311427,0.07625356565534964,0.0,0.2,0.2,20.249999999999996,0.8,0.8,900.0,0.003,0.0,20,0.5,0.019148429,0.004683750940704625
6.885,900.0419727256052,0.07635035396779341,0.0,0.2,0.2,20.249999999999996,0.8,0.8,900.0,0.003,0.0,20,0.5,0.023142865,0.004683750387019626
6.888,900.0419727201224,0.07644737885210358,0.0,0.2,0.2,20.249999999999996,0.8,0.8,900.0,0.003,0.0,20,0.5,0.021258212,0.004683749838080276
6.891,900.0419727146906,0.07654464681467528,0.0,0.2,0.2,20.249999999999996,0.8,0.8,900.0,0.003,0.0,20,0.5,0.02080301,0.00468374929425261
6.894,900.0419727093026,0.07664216372609804,0.0,0.2,0.2,20.249999999999996,0.8,0.8,900.0,0.003,0.0,20,0.5,0.025005438,0.004683748754793831
6.897,900.0419727039547,0.07673993535029922,0.0,0.2,0.2,20.249999999999996,0.8,0.8,900.0,0.003,0.0,20,0.5,0.020707719,0.004683748219270864
6.9,900.0419726986423,0.07683796741058779,0.0,0.2,0.2,20.249999999999996,0.8,0.8,900.0,0.003,0.0,20,0.5,0.019604422,0.004683747687651452
6.9030000000000005,900.0419726933587,0.07693626558962745,0.0,0.2,0.2,20.249999999999996,0.8,0.8,900.0,0.003,0.0,20,0.5,0.02231446,0.00468374716005755
6.906000000000001,900.041972688111,0.07703483552813224,0.0,0.2,0.2,20.249999999999996,0.8,0.8,900.0,0.003,0.0,20,0.5,0.019175118,0.004683746636562966
6.909,900.0419726829002,0.0771336828218935,0.0,0.2,0.2,20.249999999999996,0.8,0.8,900.0,0.003,0.0,20,0.5,0.020283406,0.0046837461171663885
6.912,900.0419726777258,0.07723281302022765,0.0,0.2,0.2,20.249999999999996,0.8,0.8,900.0,0.003,0.0,20,0.5,0.02237433,0.004683745601834123
6.915,900.0419726725858,0.07733223162282873,0.0,0.2,0.2,20.249999999999996,0.8,0.8,900.0,0.003,0.0,20,0.5,0.019075729,0.004683745090573287
6.918,900.0419726674766,0.07743194407560833,0.0,0.2,0.2,20.249999999999996,0.8,0.8,900.0,0.003,0.0,20,0.5,0.019273209,0.00468374458347297
6.921,900.0419726624114,0.07753195576628048,0.0,0.2,0.2,20.249999999999996,0.8,0.8,900.0,0.003,0.0,20,0.5,0.022204389,0.004683744080682074
6.924,900.0419726573805,0.077632272020993,0.0,0.2,0.2,20.249999999999996,0.8,0.8,900.0,0.003,0.0,20,0.5,0.019036207,0.0046837435824002
6.9270000000000005,900.0419726523902,0.07773289809818608,0.0,0.2,0.2,20.249999999999996,0.8,0.8,900.0,0.003,0.0,20,0.5,0.018968467,0.004683743088962873
6.93,900.0419726474541,0.07783383914941917,0.0,0.2,0.2,20.249999999999996,0.8,0.8,900.0,0.003,0.0,20,0.5,0.022267919,0.004683742602608159
6.933,900.0419726426015,0.0779350994540692,0.0,0.2,0.2,20.249999999999996,0.8,0.8,900.0,0.003,0.0,20,0.5,0.019173148,0.00468374212641853
6.936,900.0419726378444,0.07803668219229118,0.0,0.2,0.2,20.249999999999996,0.8,0.8,900.0,0.003,0.0,20,0.5,0.018970067,0.004683741659575928
6.939,900.0419726331725,0.07813859040698773,0.0,0.2,0.2,20.249999999999996,0.8,0.8,900.0,0.003,0.0,20,0.5,0.022211179,0.004683741202076547
6.942,900.0419726285849,0.07824082676759717,0.0,0.2,0.2,20.249999999999996,0.8,0.8,900.0,0.003,0.0,20,0.5,0.019647841,0.004683740753199924
6.945,900.0419726240829,0.0783433937789493,0.0,0.2,0.2,20.249999999999996,0.8,0.8,900.0,0.003,0.0,20,0.5,0.019268949,0.004683740313060176
6.948,900.0419726196629,0.07844629341771642,0.0,0.2,0.2,20.249999999999996,0.8,0.8,900.0,0.003,0.0,20,0.5,0.021630605,0.004683739879358536
6.9510000000000005,900.0419726153001,0.0785495275461766,0.0,0.2,0.2,20.249999999999996,0.8,0.8,900.0,0.003,0.0,20,0.5,0.019086648,0.004683739448618026
6.954,900.0419726109632,0.07865309796478998,0.0,0.2,0.2,20.249999999999996,0.8,0.8,900.0,0.003,0.0,20,0.5,0.019171099,0.004683739017740791
6.957,900.041972606625,0.0787570063999741,0.0,0.2,0.2,20.249999999999996,0.8,0.8,900.0,0.003,0.0,20,0.5,0.022035888,0.004683738584295594
6.96,900.0419726022693,0.0788612544732449,0.0,0.2,0.2,20.249999999999996,0.8,0.8,900.0,0.003,0.0,20,0.5,0.019147149,0.004683738146829122
6.963,900.0419725978821,0.07896584354233283,0.0,0.2,0.2,20.249999999999996,0.8,0.8,900.0,0.003,0.0,20,0.5,0.018586685,0.0046837377044688855
6.966,900.0419725934514,0.07907077480571255,0.0,0.2,0.2,20.249999999999996,0.8,0.8,900.0,0.003,0.0,20,0.5,0.021790036,0.004683737256848147
6.969,900.0419725889761,0.0791760493176178,0.0,0.2,0.2,20.249999999999996,0.8,0.8,900.0,0.003,0.0,20,0.5,0.01935494,0.004683736804186627
6.972,900.0419725844619,0.07928166792099187,0.0,0.2,0.2,20.249999999999996,0.8,0.8,900.0,0.003,0.0,20,0.5,0.018855286,0.0046837363474941445
6.9750000000000005,900.0419725799106,0.07938763113623946,0.0,0.2,0.2,20.249999999999996,0.8,0.8,900.0,0.003,0.0,20,0.5,0.02229453,0.0046837358876863746
6.978,900.0419725753344,0.07949393937414556,0.0,0.2,0.2,20.249999999999996,0.8,0.8,900.0,0.003,0.0,20,0.5,0.019223219,0.004683735426060201
6.981,900.0419725707436,0.07960059294793909,0.0,0.2,0.2,20.249999999999996,0.8,0.8,900.0,0.003,0.0,20,0.5,0.018966147,0.004683734964042699
6.984,900.041972566149,0.07970759206240856,0.0,0.2,0.2,20.249999999999996,0.8,0.8,900.0,0.003,0.0,20,0.5,0.022090688,0.004683734502894754
6.987,900.0419725615636,0.07981493682002937,0.0,0.2,0.2,20.249999999999996,0.8,0.8,900.0,0.003,0.0,20,0.5,0.018990487,0.004683734043577829
6.99,900.0419725570014,0.07992262722292252,0.0,0.2,0.2,20.249999999999996,0.8,0.8,900.0,0.003,0.0,20,0.5,0.018701005,0.00468373358825868
6.993,900.0419725524844,0.08003066295586407,0.0,0.2,0.2,20.249999999999996,0.8,0.8,900.0,0.003,0.0,20,0.5,0.022166928,0.00468373313912394
6.996,900.0419725480215,0.08013904347701108,0.0,0.2,0.2,20.249999999999996,0.8,0.8,900.0,0.003,0.0,20,0.5,0.018733786,0.004683732696818665
6.9990000000000006,900.0419725436238,0.08024776812850315,0.0,0.2,0.2,20.249999999999996,0.8,0.8,900.0,0.003,0.0,20,0.5,0.019030428,0.0046837322613121745
7.002,900.0419725392903,0.08035683614916488,0.0,0.2,0.2,20.249999999999996,0.8,0.8,900.0,0.003,0.0,20,0.5,0.022790353,0.004683731832079542
7.005,900.0419725350142,0.08046624666312191,0.0,0.2,0.2,20.249999999999996,0.8,0.8,900.0,0.003,0.0,20,0.5,0.019003058,0.0046837314083270605
7.008,900.0419725307873,0.08057599870396205,0.0,0.2,0.2,20.249999999999996,0.8,0.8,900.0,0.003,0.0,20,0.5,0.018858027,0.004683730988983194
7.011,900.0419725266028,0.08068609121458381,0.0,0.2,0.2,20.249999999999996,0.8,0.8,900.0,0.003,0.0,20,0.5,0.021991838,0.004683730572798173
7.014,900.0419725224524,0.08079652304864703,0.0,0.2,0.2,20.249999999999996,0.8,0.8,900.0,0.003,0.0,20,0.5,0.019218779,0.0046837301587860855
7.017,900.0419725183372,0.08090729282406312,0.0,0.2,0.2,20.249999999999996,0.8,0.8,900.0,0.003,0.0,20,0.5,0.01926691,0.004683729748255851
7.0200000000000005,900.041972514268,0.08101839808017679,0.0,0.2,0.2,20.249999999999996,0.8,0.8,900.0,0.003,0.0,20,0.5,0.022596511,0.004683729340923989
7.023000000000001,900.0419725102312,0.08112983592281377,0.0,0.2,0.2,20.249999999999996,0.8,0.8,900.0,0.003,0.0,20,0.5,0.018690705,0.004683728937426052
7.026,900.0419725062351,0.08124160298867361,0.0,0.2,0.2,20.249999999999996,0.8,0.8,900.0,0.003,0.0,20,0.5,0.019582261,0.004683728537926961
7.029,900.0419725022768,0.081353695721058,0.0,0.2,0.2,20.249999999999996,0.8,0.8,900.0,0.003,0.0,20,0.5,0.022195189,0.004683728141873117
7.032,900.0419724983497,0.08146611047213133,0.0,0.2,0.2,20.249999999999996,0.8,0.8,900.0,0.003,0.0,20,0.5,0.019012628,0.004683727748275126
7.035,900.0419724944505,0.08157884350424928,0.0,0.2,0.2,20.249999999999996,0.8,0.8,900.0,0.003,0.0,20,0.5,0.018841347,0.0046837273557836095
7.038,900.0419724905624,0.08169189097163221,0.0,0.2,0.2,20.249999999999996,0.8,0.8,900.0,0.003,0.0,20,0.5,0.021625256,0.004683726962812995
7.041,900.0419724866665,0.08180524892122916,0.0,0.2,0.2,20.249999999999996,0.8,0.8,900.0,0.003,0.0,20,0.5,0.018877427,0.0046837265675223096
7.0440000000000005,900.0419724827494,0.08191891337765314,0.0,0.2,0.2,20.249999999999996,0.8,0.8,900.0,0.003,0.0,20,0.5,0.018829807,0.0046837261681207075
7.047,900.0419724787989,0.08203288032023792,0.0,0.2,0.2,20.249999999999996,0.8,0.8,900.0,0.003,0.0,20,0.5,0.021962828,0.004683725763294228
7.05,900.0419724748017,0.0821471456534133,0.0,0.2,0.2,20.249999999999996,0.8,0.8,900.0,0.003,0.0,20,0.5,0.020038555,0.004683725352333302
7.053,900.0419724707563,0.08226170520608277,0.0,0.2,0.2,20.249999999999996,0.8,0.8,900.0,0.003,0.0,20,0.5,0.018927277,0.004683724935644927
7.056,900.0419724666592,0.0823765546298369,0.0,0.2,0.2,20.249999999999996,0.8,0.8,900.0,0.003,0.0,20,0.5,0.021983677,0.004683724514262112
7.059,900.0419724625314,0.08249168944188147,0.0,0.2,0.2,20.249999999999996,0.8,0.8,900.0,0.003,0.0,20,0.5,0.019218269,0.004683724091033751
7.062,900.0419724584071,0.08260710441197709,0.0,0.2,0.2,20.249999999999996,0.8,0.8,900.0,0.003,0.0,20,0.5,0.019223709,0.004683723669139151
7.065,900.0419724542945,0.08272279369490072,0.0,0.2,0.2,20.249999999999996,0.8,0.8,900.0,0.003,0.0,20,0.5,0.022094628,0.0046837232496398816
7.0680000000000005,900.0419724502127,0.08283875136886412,0.0,0.2,0.2,20.249999999999996,0.8,0.8,900.0,0.003,0.0,20,0.5,0.018813626,0.004683722833259791
7.071,900.0419724461556,0.08295497144773,0.0,0.2,0.2,20.249999999999996,0.8,0.8,900.0,0.003,0.0,20,0.5,0.019038317,0.004683722420264906
7.074,900.0419724421353,0.0830714478793339,0.0,0.2,0.2,20.249999999999996,0.8,0.8,900.0,0.003,0.0,20,0.5,0.021900717,0.0046837220104585
7.077,900.0419724381487,0.08318817454198174,0.0,0.2,0.2,20.249999999999996,0.8,0.8,900.0,0.003,0.0,20,0.5,0.018987938,0.004683721603244365
7.08,900.0419724341863,0.08330514524821686,0.0,0.2,0.2,20.249999999999996,0.8,0.8,900.0,0.003,0.0,20,0.5,0.01935138,0.004683721197781425
7.083,900.041972430244,0.08342235375055766,0.0,0.2,0.2,20.249999999999996,0.8,0.8,900.0,0.003,0.0,20,0.5,0.022201529,0.00468372079314585
7.086,900.0419724263122,0.08353979374448549,0.0,0.2,0.2,20.249999999999996,0.8,0.8,900.0,0.003,0.0,20,0.5,0.018854397,0.004683720388466458
7.089,900.041972422385,0.08365745886613311,0.0,0.2,0.2,20.249999999999996,0.8,0.8,900.0,0.003,0.0,20,0.5,0.019055378,0.004683719983087576
7.0920000000000005,900.0419724184569,0.08377534266157163,0.0,0.2,0.2,20.249999999999996,0.8,0.8,900.0,0.003,0.0,20,0.5,0.022129158,0.004683719576532295
7.095,900.0419724145295,0.08389343857640344,0.0,0.2,0.2,20.249999999999996,0.8,0.8,900.0,0.003,0.0,20,0.5,0.019331119,0.004683719169431761
7.098,900.0419724106713,0.0840117394127645,0.0,0.2,0.2,20.249999999999996,0.8,0.8,900.0,0.003,0.0,20,0.5,0.019568361,0.004683718771629465
7.101,900.0419724069313,0.0841302341700967,0.0,0.2,0.2,20.249999999999996,0.8,0.8,900.0,0.003,0.0,20,0.5,0.021800636,0.004683718390500863
7.104,900.0419724033603,0.08424891042636329,0.0,0.2,0.2,20.249999999999996,0.8,0.8,900.0,0.003,0.0,20,0.5,0.018573624,0.004683718030624762
7.107,900.0419723999875,0.08436775509704972,0.0,0.2,0.2,20.249999999999996,0.8,0.8,900.0,0.003,0.0,20,0.5,0.018917537,0.0046837176933053285
7.11,900.041972396817,0.08448675485943893,0.0,0.2,0.2,20.249999999999996,0.8,0.8,900.0,0.003,0.0,20,0.5,0.022094449,0.004683717376863428
7.113,900.0419723938426,0.08460589634561258,0.0,0.2,0.2,20.249999999999996,0.8,0.8,900.0,0.003,0.0,20,0.5,0.018792976,0.004683717078000145
7.1160000000000005,900.0419723910277,0.084725166129002,0.0,0.2,0.2,20.249999999999996,0.8,0.8,900.0,0.003,0.0,20,0.5,0.019541091,0.004683716792591011
7.119,900.0419723883416,0.08484455070322862,0.0,0.2,0.2,20.249999999999996,0.8,0.8,900.0,0.003,0.0,20,0.5,0.021583304,0.004683716515219059
7.122,900.0419723857239,0.08496403666181294,0.0,0.2,0.2,20.249999999999996,0.8,0.8,900.0,0.003,0.0,20,0.5,0.018759416,0.004683716239170915
7.125,900.0419723831236,0.08508361085135016,0.0,0.2,0.2,20.249999999999996,0.8,0.8,900.0,0.003,0.0,20,0.5,0.019734533,0.004683715958887008
7.128,900.0419723804886,0.08520326008103246,0.0,0.2,0.2,20.249999999999996,0.8,0.8,900.0,0.003,0.0,20,0.5,0.021995208,0.004683715669237208
7.131,900.0419723777766,0.08532297121552138,0.0,0.2,0.2,20.249999999999996,0.8,0.8,900.0,0.003,0.0,20,0.5,0.018869897,0.004683715367006714
7.134,900.0419723749662,0.08544273084303024,0.0,0.2,0.2,20.249999999999996,0.8,0.8,900.0,0.003,0.0,20,0.5,0.018922127,0.004683715051080322
7.1370000000000005,900.0419723720405,0.0855625252616357,0.0,0.2,0.2,20.249999999999996,0.8,0.8,900.0,0.003,0.0,20,0.5,0.021722766,0.004683714721873084
7.140000000000001,900.0419723690092,0.08568234051930575,0.0,0.2,0.2,20.249999999999996,0.8,0.8,900.0,0.003,0.0,20,0.5,0.01923178,0.004683714382461322
7.143,900.0419723658923,0.08580216223212545,0.0,0.2,0.2,20.249999999999996,0.8,0.8,900.0,0.003,0.0,20,0.5,0.018739956,0.004683714036038014
7.146,900.0419723627177,0.0859219759931673,0.0,0.2,0.2,20.249999999999996,0.8,0.8,900.0,0.003,0.0,20,0.5,0.022034688,0.004683713686554578
7.149,900.0419723595242,0.08604176737325073,0.0,0.2,0.2,20.249999999999996,0.8,0.8,900.0,0.003,0.0,20,0.5,0.018809876,0.004683713338544196
7.152,900.0419723563551,0.08616152178549115,0.0,0.2,0.2,20.249999999999996,0.8,0.8,900.0,0.003,0.0,20,0.5,0.018816917,0.0046837129961142965
7.155,900.0419723532684,0.0862812243160674,0.0,0.2,0.2,20.249999999999996,0.8,0.8,900.0,0.003,0.0,20,0.5,0.021989848,0.0046837126629921035
7.158,900.0419723502765,0.08640085910455664,0.0,0.2,0.2,20.249999999999996,0.8,0.8,900.0,0.003,0.0,20,0.5,0.018637374,0.004683712342195186
7.1610000000000005,900.0419723473976,0.08652041019151983,0.0,0.2,0.2,20.249999999999996,0.8,0.8,900.0,0.003,0.0,20,0.5,0.019051988,0.00468371203561979
7.164000000000001,900.0419723446499,0.08663986164961049,0.0,0.2,0.2,20.249999999999996,0.8,0.8,900.0,0.003,0.0,20,0.5,0.021792086,0.004683711742312441
7.167,900.0419723420285,0.08675919773360029,0.0,0.2,0.2,20.249999999999996,0.8,0.8,900.0,0.003,0.0,20,0.5,0.018780516,0.004683711460506559
7.17,900.0419723395145,0.0868784027126189,0.0,0.2,0.2,20.249999999999996,0.8,0.8,900.0,0.003,0.0,20,0.5,0.018809936,0.0046837111874202765
7.173,900.041972337084,0.08699746086615463,0.0,0.2,0.2,20.249999999999996,0.8,0.8,900.0,0.003,0.0,20,0.5,0.022178839,0.004683710919589803
7.176,900.0419723347075,0.08711635648812475,0.0,0.2,0.2,20.249999999999996,0.8,0.8,900.0,0.003,0.0,20,0.5,0.018641715,0.0046837106533408725
7.179,900.0419723323496,0.08723507388723692,0.0,0.2,0.2,20.249999999999996,0.8,0.8,900.0,0.003,0.0,20,0.5,0.01944672,0.004683710385122744
7.182,900.041972329983,0.08735359739212592,0.0,0.2,0.2,20.249999999999996,0.8,0.8,900.0,0.003,0.0,20,0.5,0.021880887,0.004683710111936434
7.1850000000000005,900.0419723275792,0.08747191129867475,0.0,0.2,0.2,20.249999999999996,0.8,0.8,900.0,0.003,0.0,20,0.5,0.019306499,0.004683709831358506
7.188,900.0419723251167,0.08758999991583649,0.0,0.2,0.2,20.249999999999996,0.8,0.8,900.0,0.003,0.0,20,0.5,0.018799636,0.004683709541687383
7.191,900.0419723225726,0.08770784759341242,0.0,0.2,0.2,20.249999999999996,0.8,0.8,900.0,0.003,0.0,20,0.5,0.021844176,0.00468370924206964
7.194,900.0419723199501,0.08782543872660209,0.0,0.2,0.2,20.249999999999996,0.8,0.8,900.0,0.003,0.0,20,0.5,0.018808176,0.0046837089324387625
7.197,900.0419723172407,0.08794275775970026,0.0,0.2,0.2,20.249999999999996,0.8,0.8,900.0,0.003,0.0,20,0.5,0.018780786,0.004683708613377829
7.2,900.0419723144585,0.08805978919098006,0.0,0.2,0.2,20.249999999999996,0.8,0.8,900.0,0.003,0.0,20,0.5,0.022035058,0.004683708286067984
7.203,900.0419723116078,0.08817651754540953,0.0,0.2,0.2,20.249999999999996,0.8,0.8,900.0,0.003,0.0,20,0.5,0.018756176,0.004683707952097501
7.206,900.0419723087075,0.08829292734931299,0.0,0.2,0.2,20.249999999999996,0.8,0.8,900.0,0.003,0.0,20,0.5,0.018725565,0.00468370761289422
7.2090000000000005,900.0419723057651,0.088409003179252,0.0,0.2,0.2,20.249999999999996,0.8,0.8,900.0,0.003,0.0,20,0.5,0.022050757,0.004683707269634054
7.212,900.0419723027918,0.08852472968812536,0.0,0.2,0.2,20.249999999999996,0.8,0.8,900.0,0.003,0.0,20,0.5,0.018620655,0.004683706923041738
7.215,900.0419722997963,0.08864009166917439,0.0,0.2,0.2,20.249999999999996,0.8,0.8,900.0,0.003,0.0,20,0.5,0.018849887,0.004683706573527684
7.218,900.0419722967778,0.08875507399847732,0.0,0.2,0.2,20.249999999999996,0.8,0.8,900.0,0.003,0.0,20,0.5,0.021934957,0.004683706221084345
7.221,900.0419722937426,0.08886966160895318,0.0,0.2,0.2,20.249999999999996,0.8,0.8,900.0,0.003,0.0,20,0.5,0.019023718,0.004683705865195933
7.224,900.0419722906804,0.08898383951681797,0.0,0.2,0.2,20.249999999999996,0.8,0.8,900.0,0.003,0.0,20,0.5,0.018878867,0.004683705504957968
7.227,900.0419722875886,0.08909759282232661,0.0,0.2,0.2,20.249999999999996,0.8,0.8,900.0,0.003,0.0,20,0.5,0.021812477,0.004683705139347541
7.23,900.0419722844645,0.08921090667165171,0.0,0.2,0.2,20.249999999999996,0.8,0.8,900.0,0.003,0.0,20,0.5,0.018844847,0.004683704767587038
7.2330000000000005,900.0419722812875,0.08932376619534228,0.0,0.2,0.2,20.249999999999996,0.8,0.8,900.0,0.003,0.0,20,0.5,0.018760756,0.004683704388135885
7.236,900.0419722780503,0.08943615660525919,0.0,0.2,0.2,20.249999999999996,0.8,0.8,900.0,0.003,0.0,20,0.5,0.022622642,0.004683703999882377
7.239,900.0419722747574,0.08954806306858686,0.0,0.2,0.2,20.249999999999996,0.8,0.8,900.0,0.003,0.0,20,0.5,0.018824436,0.00468370360473123
7.242,900.0419722714345,0.08965946991884012,0.0,0.2,0.2,20.249999999999996,0.8,0.8,900.0,0.003,0.0,20,0.5,0.019278029,0.0046837032053389524
7.245,900.041972268094,0.08977036090437887,0.0,0.2,0.2,20.249999999999996,0.8,0.8,900.0,0.003,0.0,20,0.5,0.022023427,0.004683702802421791
7.248,900.0419722647288,0.08988071978142748,0.0,0.2,0.2,20.249999999999996,0.8,0.8,900.0,0.003,0.0,20,0.5,0.018427683,0.004683702395776218
7.251,900.0419722613346,0.08999053043996973,0.0,0.2,0.2,20.249999999999996,0.8,0.8,900.0,0.003,0.0,20,0.5,0.018774986,0.004683701985184358
7.2540000000000004,900.0419722579102,0.09009977690440103,0.0,0.2,0.2,20.249999999999996,0.8,0.8,900.0,0.003,0.0,20,0.5,0.022732602,0.004683701570119838
7.257000000000001,900.0419722544528,0.09020844334253766,0.0,0.2,0.2,20.249999999999996,0.8,0.8,900.0,0.003,0.0,20,0.5,0.018525615,0.004683701149541691
7.26,900.0419722509534,0.09031651406515433,0.0,0.2,0.2,20.249999999999996,0.8,0.8,900.0,0.003,0.0,20,0.5,0.018822537,0.004683700722100497
7.263,900.0419722473996,0.09042397344800443,0.0,0.2,0.2,20.249999999999996,0.8,0.8,900.0,0.003,0.0,20,0.5,0.02226415,0.004683700286176279
7.266,900.0419722437758,0.09053080596601124,0.0,0.2,0.2,20.249999999999996,0.8,0.8,900.0,0.003,0.0,20,0.5,0.019137568,0.004683699839857421
7.269,900.041972240061,0.09063699630641751,0.0,0.2,0.2,20.249999999999996,0.8,0.8,900.0,0.003,0.0,20,0.5,0.0194084,0.004683699381511009
7.272,900.0419722362459,0.09074252933810402,0.0,0.2,0.2,20.249999999999996,0.8,0.8,900.0,0.003,0.0,20,0.5,0.02238136,0.004683698909842867
7.275,900.0419722323173,0.09084739008739293,0.0,0.2,0.2,20.249999999999996,0.8,0.8,900.0,0.003,0.0,20,0.5,0.018555615,0.004683698423850844
7.2780000000000005,900.0419722282652,0.09095156374238014,0.0,0.2,0.2,20.249999999999996,0.8,0.8,900.0,0.003,0.0,20,0.5,0.018819817,0.004683697922981692
7.281000000000001,900.0419722240943,0.09105503563982896,0.0,0.2,0.2,20.249999999999996,0.8,0.8,900.0,0.003,0.0,20,0.5,0.022000168,0.004683697409045858
7.284,900.0419722198158,0.09115779082254921,0.0,0.2,0.2,20.249999999999996,0.8,0.8,900.0,0.003,0.0,20,0.5,0.018723116,0.00468369688456507
7.287,900.0419722154505,0.09125981423881824,0.0,0.2,0.2,20.249999999999996,0.8,0.8,900.0,0.003,0.0,20,0.5,0.019068418,0.004683696352435492
7.29,900.041972211022,0.09136109083470126,0.0,0.2,0.2,20.249999999999996,0.8,0.8,900.0,0.003,0.0,20,0.5,0.022171489,0.004683695815402935
7.293,900.0419722065634,0.09146160567843796,0.0,0.2,0.2,20.249999999999996,0.8,0.8,900.0,0.003,0.0,20,0.5,0.018954747,0.004683695276629001
7.296,900.0419722020958,0.09156134380439618,0.0,0.2,0.2,20.249999999999996,0.8,0.8,900.0,0.003,0.0,20,0.5,0.019155918,0.004683694738237864
7.299,900.0419721976376,0.09166029038601732,0.0,0.2,0.2,20.249999999999996,0.8,0.8,900.0,0.003,0.0,20,0.5,0.023235126,0.004683694201497636
7.3020000000000005,900.0419721931997,0.09175843078129255,0.0,0.2,0.2,20.249999999999996,0.8,0.8,900.0,0.003,0.0,20,0.5,0.019058248,0.004683693666988844
7.305,900.0419721887868,0.09185575053322874,0.0,0.2,0.2,20.249999999999996,0.8,0.8,900.0,0.003,0.0,20,0.5,0.019186808,0.004683693134567743
7.308,900.0419721844013,0.09195223536880409,0.0,0.2,0.2,20.249999999999996,0.8,0.8,900.0,0.003,0.0,20,0.5,0.022058868,0.004683692603354404
7.311,900.0419721800289,0.09204787120646722,0.0,0.2,0.2,20.249999999999996,0.8,0.8,900.0,0.003,0.0,20,0.5,0.018847496,0.004683692071822756
7.314,900.0419721756638,0.09214264415940995,0.0,0.2,0.2,20.249999999999996,0.8,0.8,900.0,0.003,0.0,20,0.5,0.019485891,0.004683691538385049
7.317,900.0419721713325,0.0922365404502413,0.0,0.2,0.2,20.249999999999996,0.8,0.8,900.0,0.003,0.0,20,0.5,0.021985797,0.004683691005297641
7.32,900.0419721670254,0.09232954571703055,0.0,0.2,0.2,20.249999999999996,0.8,0.8,900.0,0.003,0.0,20,0.5,0.018947757,0.004683690471487294
7.323,900.0419721627211,0.09242164556503504,0.0,0.2,0.2,20.249999999999996,0.8,0.8,900.0,0.003,0.0,20,0.5,0.01938243,0.004683689934573282
7.3260000000000005,900.0419721583913,0.09251282579232167,0.0,0.2,0.2,20.249999999999996,0.8,0.8,900.0,0.003,0.0,20,0.5,0.021588045,0.004683689392648285
7.329,900.0419721540264,0.09260307239534624,0.0,0.2,0.2,20.249999999999996,0.8,0.8,900.0,0.003,0.0,20,0.5,0.019027638,0.004683688844306189
7.332,900.0419721496152,0.09269237142862874,0.0,0.2,0.2,20.249999999999996,0.8,0.8,900.0,0.003,0.0,20,0.5,0.018841746,0.004683688288110216
7.335,900.041972145144,0.09278070906357465,0.0,0.2,0.2,20.249999999999996,0.8,0.8,900.0,0.003,0.0,20,0.5,0.021741026,0.004683687722692753
7.338,900.0419721405931,0.09286807165257899,0.0,0.2,0.2,20.249999999999996,0.8,0.8,900.0,0.003,0.0,20,0.5,0.019018057,0.004683687146687634
7.341,900.0419721359535,0.09295444576294393,0.0,0.2,0.2,20.249999999999996,0.8,0.8,900.0,0.003,0.0,20,0.5,0.019155718,0.004683686558840894
7.344,900.0419721312287,0.09303981815232412,0.0,0.2,0.2,20.249999999999996,0.8,0.8,900.0,0.003,0.0,20,0.5,0.022212849,0.004683685960000082
7.347,900.041972126411,0.09312417509919796,0.0,0.2,0.2,20.249999999999996,0.8,0.8,900.0,0.003,0.0,20,0.5,0.019030388,0.0046836853505441345
7.3500000000000005,900.0419721215034,0.09320750283870848,0.0,0.2,0.2,20.249999999999996,0.8,0.8,900.0,0.003,0.0,20,0.5,0.019133348,0.004683684730244571
7.353,900.0419721165099,0.09328978780800683,0.0,0.2,0.2,20.249999999999996,0.8,0.8,900.0,0.003,0.0,20,0.5,0.021880517,0.004683684099111214
7.356,900.0419721114248,0.09337101660898998,0.0,0.2,0.2,20.249999999999996,0.8,0.8,900.0,0.003,0.0,20,0.5,0.018874946,0.004683683456967805
7.359,900.0419721062493,0.09345117601269194,0.0,0.2,0.2,20.249999999999996,0.8,0.8,900.0,0.003,0.0,20,0.5,0.019249709,0.004683682803431028
7.362,900.0419721009717,0.09353025300228983,0.0,0.2,0.2,20.249999999999996,0.8,0.8,900.0,0.003,0.0,20,0.5,0.021972477,0.0046836821379891615
7.365,900.0419720955938,0.09360823477633,0.0,0.2,0.2,20.249999999999996,0.8,0.8,900.0,0.003,0.0,20,0.5,0.018946338,0.004683681460048129
7.368,900.0419720901112,0.09368510875004007,0.0,0.2,0.2,20.249999999999996,0.8,0.8,900.0,0.003,0.0,20,0.5,0.019230169,0.004683680768986361
7.371,900.0419720845179,0.09376086255736231,0.0,0.2,0.2,20.249999999999996,0.8,0.8,900.0,0.003,0.0,20,0.5,0.021734705,0.004683680064204933
7.3740000000000006,900.0419720788022,0.09383548405194785,0.0,0.2,0.2,20.249999999999996,0.8,0.8,900.0,0.003,0.0,20,0.5,0.018772876,0.004683679345158684
7.377,900.0419720729675,0.09390896130797925,0.0,0.2,0.2,20.249999999999996,0.8,0.8,900.0,0.003,0.0,20,0.5,0.019008648,0.00468367861137914
7.38,900.0419720670055,0.09398128262083007,0.0,0.2,0.2,20.249999999999996,0.8,0.8,900.0,0.003,0.0,20,0.5,0.022235409,0.00468367786256531
7.383,900.0419720609179,0.09405243647778637,0.0,0.2,0.2,20.249999999999996,0.8,0.8,900.0,0.003,0.0,20,0.5,0.018735376,0.004683677099439071
7.386,900.04197205471,0.09412241131685838,0.0,0.2,0.2,20.249999999999996,0.8,0.8,900.0,0.003,0.0,20,0.5,0.019210489,0.004683676322229351
7.389,900.0419720483853,0.09419119572723862,0.0,0.2,0.2,20.249999999999996,0.8,0.8,900.0,0.003,0.0,20,0.5,0.021903516,0.00468367553116104
7.392,900.0419720419479,0.09425877839143704,0.0,0.2,0.2,20.249999999999996,0.8,0.8,900.0,0.003,0.0,20,0.5,0.018739376,0.004683674726370588
7.3950000000000005,900.0419720353946,0.09432514815489092,0.0,0.2,0.2,20.249999999999996,0.8,0.8,900.0,0.003,0.0,20,0.5,0.018750596,0.004683673907882668
7.398000000000001,900.0419720287221,0.09439029406236328,0.0,0.2,0.2,20.249999999999996,0.8,0.8,900.0,0.003,0.0,20,0.5,0.022180838,0.0046836730760170244
7.401,900.0419720219412,0.09445420523850842,0.0,0.2,0.2,20.249999999999996,0.8,0.8,900.0,0.003,0.0,20,0.5,0.018703755,0.004683672230818611
7.404,900.0419720150447,0.09451687096499772,0.0,0.2,0.2,20.249999999999996,0.8,0.8,900.0,0.003,0.0,20,0.5,0.019292499,0.004683671371990228
7.407,900.0419720080331,0.09457828075303082,0.0,0.2,0.2,20.249999999999996,0.8,0.8,900.0,0.003,0.0,20,0.5,0.022088468,0.004683670499217511
7.41,900.0419720009014,0.0946384243434566,0.0,0.2,0.2,20.249999999999996,0.8,0.8,900.0,0.003,0.0,20,0.5,0.018789475,0.004683669612111072
7.413,900.0419719936784,0.09469729170301742,0.0,0.2,0.2,20.249999999999996,0.8,0.8,900.0,0.003,0.0,20,0.5,0.019260459,0.004683668712191699
7.416,900.0419719863852,0.09475487240085688,0.0,0.2,0.2,20.249999999999996,0.8,0.8,900.0,0.003,0.0,20,0.5,0.021936957,0.004683667801493507
7.4190000000000005,900.0419719790015,0.09481115585083226,0.0,0.2,0.2,20.249999999999996,0.8,0.8,900.0,0.003,0.0,20,0.5,0.018903867,0.004683666880547889
7.422000000000001,900.0419719715323,0.09486613177818139,0.0,0.2,0.2,20.249999999999996,0.8,0.8,900.0,0.003,0.0,20,0.5,0.01934961,0.004683665949363494
7.425,900.0419719639733,0.0949197901744085,0.0,0.2,0.2,20.249999999999996,0.8,0.8,900.0,0.003,0.0,20,0.5,0.022090868,0.004683665007504215
7.428,900.0419719563234,0.09497212127489346,0.0,0.2,0.2,20.249999999999996,0.8,0.8,900.0,0.003,0.0,20,0.5,0.018946607,0.004683664054181114
7.431,900.041971948576,0.09502311554912274,0.0,0.2,0.2,20.249999999999996,0.8,0.8,900.0,0.003,0.0,20,0.5,0.018888767,0.004683663088394697
7.434,900.0419719407186,0.09507276369976547,0.0,0.2,0.2,20.249999999999996,0.8,0.8,900.0,0.003,0.0,20,0.5,0.022531701,0.004683662109090901
7.437,900.0419719327441,0.09512105665244933,0.0,0.2,0.2,20.249999999999996,0.8,0.8,900.0,0.003,0.0,20,0.5,0.018625635,0.0046836611151231475
7.44,900.0419719246426,0.09516798552900266,0.0,0.2,0.2,20.249999999999996,0.8,0.8,900.0,0.003,0.0,20,0.5,0.019582861,0.004683660105629619
7.4430000000000005,900.0419719164053,0.0952135417743028,0.0,0.2,0.2,20.249999999999996,0.8,0.8,900.0,0.003,0.0,20,0.5,0.021762026,0.004683659079907554
7.446,900.0419719080245,0.09525771706878325,0.0,0.2,0.2,20.249999999999996,0.8,0.8,900.0,0.003,0.0,20,0.5,0.019035598,0.004683658037430075
7.449,900.0419718995005,0.09530050332370557,0.0,0.2,0.2,20.249999999999996,0.8,0.8,900.0,0.003,0.0,20,0.5,0.018765846,0.004683656977927617
7.452,900.0419718908258,0.09534189268518968,0.0,0.2,0.2,20.249999999999996,0.8,0.8,900.0,0.003,0.0,20,0.5,0.021661496,0.00468365590148363
7.455,900.0419718820065,0.09538187751075891,0.0,0.2,0.2,20.249999999999996,0.8,0.8,900.0,0.003,0.0,20,0.5,0.019109308,0.004683654808359898
7.458,900.0419718730388,0.0954204503880472,0.0,0.2,0.2,20.249999999999996,0.8,0.8,900.0,0.003,0.0,20,0.5,0.018780136,0.0046836536989753
7.461,900.0419718639322,0.0954576041404975,0.0,0.2,0.2,20.249999999999996,0.8,0.8,900.0,0.003,0.0,20,0.5,0.021854287,0.004683652573969743
7.464,900.0419718546965,0.09549333180817209,0.0,0.2,0.2,20.249999999999996,0.8,0.8,900.0,0.003,0.0,20,0.5,0.018672745,0.004683651434692753
7.4670000000000005,900.0419718453364,0.09552762655511635,0.0,0.2,0.2,20.249999999999996,0.8,0.8,900.0,0.003,0.0,20,0.5,0.018793176,0.004683650281535352
7.47,900.0419718358556,0.09556048174824935,0.0,0.2,0.2,20.249999999999996,0.8,0.8,900.0,0.003,0.0,20,0.5,0.021693955,0.004683649114626919
7.473,900.0419718262553,0.09559189097916,0.0,0.2,0.2,20.249999999999996,0.8,0.8,900.0,0.003,0.0,20,0.5,0.018855516,0.004683647934234365
7.476,900.0419718165372,0.09562184805521093,0.0,0.2,0.2,20.249999999999996,0.8,0.8,900.0,0.003,0.0,20,0.5,0.018715045,0.0046836467406893975
7.479,900.0419718067095,0.09565034698614068,0.0,0.2,0.2,20.249999999999996,0.8,0.8,900.0,0.003,0.0,20,0.5,0.022040878,0.004683645533816281
7.482,900.0419717967665,0.09567738199262202,0.0,0.2,0.2,20.249999999999996,0.8,0.8,900.0,0.003,0.0,20,0.5,0.018819397,0.004683644313329374
7.485,900.0419717867054,0.0957029474672239,0.0,0.2,0.2,20.249999999999996,0.8,0.8,900.0,0.003,0.0,20,0.5,0.01935655,0.004683643078689703
7.488,900.0419717765213,0.09572703802158422,0.0,0.2,0.2,20.249999999999996,0.8,0.8,900.0,0.003,0.0,20,0.5,0.021836207,0.004683641829283585
7.4910000000000005,900.0419717662078,0.09574964846814853,0.0,0.2,0.2,20.249999999999996,0.8,0.8,900.0,0.003,0.0,20,0.5,0.018666365,0.0046836405644990805
7.494,900.0419717557601,0.09577077382850002,0.0,0.2,0.2,20.249999999999996,0.8,0.8,900.0,0.003,0.0,20,0.5,0.018738145,0.004683639283739174
7.497,900.0419717451751,0.0957904093411316,0.0,0.2,0.2,20.249999999999996,0.8,0.8,900.0,0.003,0.0,20,0.5,0.022843523,0.004683637986499128
7.5,900.0419717344415,0.09580855046136419,0.0,0.2,0.2,20.249999999999996,0.8,0.8,900.0,0.003,0.0,20,0.5,0.019013257,0.004683636672422971
7.503,900.0419717235646,0.09582519285772113,0.0,0.2,0.2,20.249999999999996,0.8,0.8,900.0,0.003,0.0,20,0.5,0.01940048,0.004683635341456476
7.506,900.0419717125382,0.09584033239737141,0.0,0.2,0.2,20.249999999999996,0.8,0.8,900.0,0.003,0.0,20,0.5,0.021794777,0.00468363399364072
7.509,900.0419717013629,0.09585396515648709,0.0,0.2,0.2,20.249999999999996,0.8,0.8,900.0,0.003,0.0,20,0.5,0.018762946,0.004683632629124506
7.5120000000000005,900.0419716900409,0.095866087425415,0.0,0.2,0.2,20.249999999999996,0.8,0.8,900.0,0.003,0.0,20,0.5,0.018647275,0.004683631248205273
7.515000000000001,900.0419716785756,0.0958766957055198,0.0,0.2,0.2,20.249999999999996,0.8,0.8,900.0,0.003,0.0,20,0.5,0.022149368,0.004683629851267014
7.518,900.0419716669663,0.09588578670852384,0.0,0.2,0.2,20.249999999999996,0.8,0.8,900.0,0.003,0.0,20,0.5,0.018584434,0.004683628438758654
7.521,900.0419716552225,0.09589335734847722,0.0,0.2,0.2,20.249999999999996,0.8,0.8,900.0,0.003,0.0,20,0.5,0.018828666,0.004683627011105699
7.524,900.0419716433462,0.0958994047455054,0.0,0.2,0.2,20.249999999999996,0.8,0.8,900.0,0.003,0.0,20,0.5,0.022123238,0.004683625569696979
7.527,900.0419716314337,0.09590392579719793,0.0,0.2,0.2,20.249999999999996,0.8,0.8,900.0,0.003,0.0,20,0.5,0.018915617,0.00468362413214228
7.53,900.0419716195992,0.0959069121055662,0.0,0.2,0.2,20.249999999999996,0.8,0.8,900.0,0.003,0.0,20,0.5,0.018787956,0.004683622705889555
7.533,900.0419716078663,0.0959083538493867,0.0,0.2,0.2,20.249999999999996,0.8,0.8,900.0,0.003,0.0,20,0.5,0.021404583,0.004683621290872519
7.5360000000000005,900.0419715962308,0.09590824148528425,0.0,0.2,0.2,20.249999999999996,0.8,0.8,900.0,0.003,0.0,20,0.5,0.018824517,0.004683619887042826
7.539000000000001,900.0419715847025,0.09590656574939703,0.0,0.2,0.2,20.249999999999996,0.8,0.8,900.0,0.003,0.0,20,0.5,0.018724006,0.004683618493006273
7.542,900.041971573262,0.09590331764066305,0.0,0.2,0.2,20.249999999999996,0.8,0.8,900.0,0.003,0.0,20,0.5,0.022572302,0.004683617105036458
7.545,900.0419715618764,0.09589848839335254,0.0,0.2,0.2,20.249999999999996,0.8,0.8,900.0,0.003,0.0,20,0.5,0.019570701,0.0046836157170867514
7.548,900.0419715504914,0.09589206949725537,0.0,0.2,0.2,20.249999999999996,0.8,0.8,900.0,0.003,0.0,20,0.5,0.01940402,0.0046836143216235845
7.551,900.041971539043,0.0958840527135546,0.0,0.2,0.2,20.249999999999996,0.8,0.8,900.0,0.003,0.0,20,0.5,0.02246772,0.004683612910833729
7.554,900.0419715274538,0.09587443006971644,0.0,0.2,0.2,20.249999999999996,0.8,0.8,900.0,0.003,0.0,20,0.5,0.018777545,0.004683611477601105
7.557,900.041971515667,0.0958631938631922,0.0,0.2,0.2,20.249999999999996,0.8,0.8,900.0,0.003,0.0,20,0.5,0.018991017,0.0046836100162812155
7.5600000000000005,900.0419715036279,0.09585033666324135,0.0,0.2,0.2,20.249999999999996,0.8,0.8,900.0,0.003,0.0,20,0.5,0.021993387,0.004683608523187082
7.563,900.041971491304,0.09583585131162334,0.0,0.2,0.2,20.249999999999996,0.8,0.8,900.0,0.003,0.0,20,0.5,0.019175569,0.004683606996866876
7.566,900.0419714786826,0.09581973094879082,0.0,0.2,0.2,20.249999999999996,0.8,0.8,900.0,0.003,0.0,20,0.5,0.019268319,0.004683605438252083
7.569,900.0419714657817,0.0958019689880328,0.0,0.2,0.2,20.249999999999996,0.8,0.8,900.0,0.003,0.0,20,0.5,0.022029697,0.004683603851852878
7.572,900.0419714526422,0.09578255861540713,0.0,0.2,0.2,20.249999999999996,0.8,0.8,900.0,0.003,0.0,20,0.5,0.019013097,0.004683602243443451
7.575,900.041971439305,0.09576149304487709,0.0,0.2,0.2,20.249999999999996,0.8,0.8,900.0,0.003,0.0,20,0.5,0.018892607,0.004683600618350873
7.578,900.0419714258148,0.09573876575281887,0.0,0.2,0.2,20.249999999999996,0.8,0.8,900.0,0.003,0.0,20,0.5,0.022161229,0.004683598982185753
7.581,900.0419714122286,0.0957143704839682,0.0,0.2,0.2,20.249999999999996,0.8,0.8,900.0,0.003,0.0,20,0.5,0.01926603,0.004683597340324378
7.5840000000000005,900.0419713985932,0.09568830122470831,0.0,0.2,0.2,20.249999999999996,0.8,0.8,900.0,0.003,0.0,20,0.5,0.018723646,0.0046835956975025805
7.587,900.0419713849465,0.09566055206009692,0.0,0.2,0.2,20.249999999999996,0.8,0.8,900.0,0.003,0.0,20,0.5,0.021811306,0.004683594057126728
7.59,900.0419713713217,0.09563111731008778,0.0,0.2,0.2,20.249999999999996,0.8,0.8,900.0,0.003,0.0,20,0.5,0.019772762,0.004683592421000982
7.593,900.0419713577359,0.09559999156217025,0.0,0.2,0.2,20.249999999999996,0.8,0.8,900.0,0.003,0.0,20,0.5,0.019021698,0.0046835907893543844
7.596,900.0419713441833,0.09556716967649369,0.0,0.2,0.2,20.249999999999996,0.8,0.8,900.0,0.003,0.0,20,0.5,0.022239619,0.004683589161102597
7.599,900.0419713306658,0.09553264678496831,0.0,0.2,0.2,20.249999999999996,0.8,0.8,900.0,0.003,0.0,20,0.5,0.018670796,0.004683587534203921
7.602,900.0419713171541,0.0954964182902454,0.0,0.2,0.2,20.249999999999996,0.8,0.8,900.0,0.003,0.0,20,0.5,0.018822356,0.004683585906023997
7.605,900.0419713036313,0.09545847986593213,0.0,0.2,0.2,20.249999999999996,0.8,0.8,900.0,0.003,0.0,20,0.5,0.022199349,0.004683584273725218
7.6080000000000005,900.04197129007,0.09541882745625714,0.0,0.2,0.2,20.249999999999996,0.8,0.8,900.0,0.003,0.0,20,0.5,0.018983818,0.004683582634972749
7.611,900.0419712764595,0.09537745715296583,0.0,0.2,0.2,20.249999999999996,0.8,0.8,900.0,0.003,0.0,20,0.5,0.018794006,0.004683580989279555
7.614,900.0419712627877,0.09533436486217067,0.0,0.2,0.2,20.249999999999996,0.8,0.8,900.0,0.003,0.0,20,0.5,0.022669462,0.004683579335643859
7.617,900.0419712490424,0.09528954671293872,0.0,0.2,0.2,20.249999999999996,0.8,0.8,900.0,0.003,0.0,20,0.5,0.019824123,0.004683577673787319
7.62,900.0419712352223,0.09524299904601143,0.0,0.2,0.2,20.249999999999996,0.8,0.8,900.0,0.003,0.0,20,0.5,0.018619534,0.004683576004488242
7.623,900.0419712213353,0.0951947184010822,0.0,0.2,0.2,20.249999999999996,0.8,0.8,900.0,0.003,0.0,20,0.5,0.022304919,0.00468357432900079
7.626,900.0419712073885,0.09514470159153855,0.0,0.2,0.2,20.249999999999996,0.8,0.8,900.0,0.003,0.0,20,0.5,0.019147218,0.0046835726490496304
7.6290000000000004,900.0419711934015,0.09509294570408752,0.0,0.2,0.2,20.249999999999996,0.8,0.8,900.0,0.003,0.0,20,0.5,0.019354049,0.004683570966784508
7.632000000000001,900.041971179391,0.09503944807789066,0.0,0.2,0.2,20.249999999999996,0.8,0.8,900.0,0.003,0.0,20,0.5,0.0222992,0.004683569284645709
7.635,900.0419711653759,0.09498420630346932,0.0,0.2,0.2,20.249999999999996,0.8,0.8,900.0,0.003,0.0,20,0.5,0.018975787,0.004683567605012506
7.638,900.0419711513828,0.0949272182409813,0.0,0.2,0.2,20.249999999999996,0.8,0.8,900.0,0.003,0.0,20,0.5,0.01950155,0.004683565930029013
7.641,900.0419711374285,0.09486848201609627,0.0,0.2,0.2,20.249999999999996,0.8,0.8,900.0,0.003,0.0,20,0.5,0.022546101,0.004683564261503234
7.644,900.0419711235313,0.09480799603045513,0.0,0.2,0.2,20.249999999999996,0.8,0.8,900.0,0.003,0.0,20,0.5,0.019208078,0.0046835626025648345
7.647,900.0419711097405,0.09474575863394946,0.0,0.2,0.2,20.249999999999996,0.8,0.8,900.0,0.003,0.0,20,0.5,0.018799416,0.004683560958724617
7.65,900.0419710960869,0.09468176762828676,0.0,0.2,0.2,20.249999999999996,0.8,0.8,900.0,0.003,0.0,20,0.5,0.022526142,0.004683559332401715
7.6530000000000005,900.0419710825875,0.0946160209135152,0.0,0.2,0.2,20.249999999999996,0.8,0.8,900.0,0.003,0.0,20,0.5,0.018517244,0.004683557725076314
7.656000000000001,900.0419710692548,0.09454851656755864,0.0,0.2,0.2,20.249999999999996,0.8,0.8,900.0,0.003,0.0,20,0.5,0.018856186,0.004683556137186447
7.659,900.0419710560922,0.09447925294466664,0.0,0.2,0.2,20.249999999999996,0.8,0.8,900.0,0.003,0.0,20,0.5,0.02231901,0.004683554568360437
7.662,900.0419710430933,0.0944082286860179,0.0,0.2,0.2,20.249999999999996,0.8,0.8,900.0,0.003,0.0,20,0.5,0.01931226,0.004683553017575546
7.665,900.0419710302556,0.09433544272358926,0.0,0.2,0.2,20.249999999999996,0.8,0.8,900.0,0.003,0.0,20,0.5,0.018761206,0.004683551483425999
7.668,900.0419710175782,0.09426089425320079,0.0,0.2,0.2,20.249999999999996,0.8,0.8,900.0,0.003,0.0,20,0.5,0.021853197,0.004683549969295122
7.671,900.0419710051415,0.09418458155948159,0.0,0.2,0.2,20.249999999999996,0.8,0.8,900.0,0.003,0.0,20,0.5,0.01943147,0.00468354848967426
7.674,900.0419709930163,0.09410650102671633,0.0,0.2,0.2,20.249999999999996,0.8,0.8,900.0,0.003,0.0,20,0.5,0.018900466,0.0046835470487229984
7.6770000000000005,900.0419709812387,0.09402664910145818,0.0,0.2,0.2,20.249999999999996,0.8,0.8,900.0,0.003,0.0,20,0.5,0.022128978,0.004683545648467247
7.68,900.0419709698198,0.09394502220899027,0.0,0.2,0.2,20.249999999999996,0.8,0.8,900.0,0.003,0.0,20,0.5,0.019195458,0.004683544289679399
7.683,900.0419709587734,0.09386161698640189,0.0,0.2,0.2,20.249999999999996,0.8,0.8,900.0,0.003,0.0,20,0.5,0.0194242,0.004683542973936875
7.686,900.0419709481246,0.09377642986539764,0.0,0.2,0.2,20.249999999999996,0.8,0.8,900.0,0.003,0.0,20,0.5,0.021629066,0.004683541702524186
7.689,900.0419709378906,0.09368945697019031,0.0,0.2,0.2,20.249999999999996,0.8,0.8,900.0,0.003,0.0,20,0.5,0.019214849,0.004683540475797352
7.692,900.0419709280585,0.09360069350132315,0.0,0.2,0.2,20.249999999999996,0.8,0.8,900.0,0.003,0.0,20,0.5,0.019134879,0.004683539290385923
7.695,900.0419709185923,0.09351013476896226,0.0,0.2,0.2,20.249999999999996,0.8,0.8,900.0,0.003,0.0,20,0.5,0.021940777,0.0046835381425602085
7.698,900.0419709094551,0.09341777641968597,0.0,0.2,0.2,20.249999999999996,0.8,0.8,900.0,0.003,0.0,20,0.5,0.019009417,0.004683537028441167
7.7010000000000005,900.0419709006155,0.09332361443442393,0.0,0.2,0.2,20.249999999999996,0.8,0.8,900.0,0.003,0.0,20,0.5,0.018826606,0.004683535943676115
7.704,900.0419708920314,0.0932276451262192,0.0,0.2,0.2,20.249999999999996,0.8,0.8,900.0,0.003,0.0,20,0.5,0.02238854,0.004683534883878676
7.707,900.0419708836677,0.09312986513931024,0.0,0.2,0.2,20.249999999999996,0.8,0.8,900.0,0.003,0.0,20,0.5,0.018915457,0.004683533845440721
7.71,900.0419708754978,0.0930302714066339,0.0,0.2,0.2,20.249999999999996,0.8,0.8,900.0,0.003,0.0,20,0.5,0.018899247,0.004683532828203143
7.713,900.0419708675264,0.09292886057137612,0.0,0.2,0.2,20.249999999999996,0.8,0.8,900.0,0.003,0.0,20,0.5,0.022041028,0.004683531834278104
7.716,900.041970859761,0.09282562895356013,0.0,0.2,0.2,20.249999999999996,0.8,0.8,900.0,0.003,0.0,20,0.5,0.019087509,0.004683530865091183
7.719,900.0419708522109,0.09272057317875312,0.0,0.2,0.2,20.249999999999996,0.8,0.8,900.0,0.003,0.0,20,0.5,0.018552474,0.004683529922578335
7.722,900.0419708448956,0.09261369030627745,0.0,0.2,0.2,20.249999999999996,0.8,0.8,900.0,0.003,0.0,20,0.5,0.021818726,0.004683529009563685
7.7250000000000005,900.0419708378377,0.092504977750206,0.0,0.2,0.2,20.249999999999996,0.8,0.8,900.0,0.003,0.0,20,0.5,0.019316929,0.004683528128898092
7.728,900.0419708310645,0.09239443330439467,0.0,0.2,0.2,20.249999999999996,0.8,0.8,900.0,0.003,0.0,20,0.5,0.019144838,0.0046835272830158745
7.731,900.0419708245946,0.09228205514015432,0.0,0.2,0.2,20.249999999999996,0.8,0.8,900.0,0.003,0.0,20,0.5,0.021902557,0.00468352647374956
7.734,900.0419708184456,0.09216784182163945,0.0,0.2,0.2,20.249999999999996,0.8,0.8,900.0,0.003,0.0,20,0.5,0.018760985,0.004683525704175574
7.737,900.0419708126595,0.09205179186095222,0.0,0.2,0.2,20.249999999999996,0.8,0.8,900.0,0.003,0.0,20,0.5,0.019009817,0.004683524979283
7.74,900.0419708072677,0.09193390346044096,0.0,0.2,0.2,20.249999999999996,0.8,0.8,900.0,0.003,0.0,20,0.5,0.021819296,0.004683524300610473
7.743,900.0419708022924,0.0918141751565931,0.0,0.2,0.2,20.249999999999996,0.8,0.8,900.0,0.003,0.0,20,0.5,0.018930617,0.004683523669816843
7.746,900.041970797739,0.09169260546346725,0.0,0.2,0.2,20.249999999999996,0.8,0.8,900.0,0.003,0.0,20,0.5,0.018416733,0.004683523087074886
7.7490000000000006,900.0419707936048,0.09156919318694344,0.0,0.2,0.2,20.249999999999996,0.8,0.8,900.0,0.003,0.0,20,0.5,0.022086038,0.004683522551367263
7.752,900.0419707898836,0.09144393752771295,0.0,0.2,0.2,20.249999999999996,0.8,0.8,900.0,0.003,0.0,20,0.5,0.018593864,0.004683522060800244
7.755,900.0419707865593,0.091316838117359,0.0,0.2,0.2,20.249999999999996,0.8,0.8,900.0,0.003,0.0,20,0.5,0.018784466,0.004683521612700949
7.758,900.0419707835973,0.0911878950193637,0.0,0.2,0.2,20.249999999999996,0.8,0.8,900.0,0.003,0.0,20,0.5,0.021954347,0.00468352120376847
7.761,900.0419707809805,0.09105710872952423,0.0,0.2,0.2,20.249999999999996,0.8,0.8,900.0,0.003,0.0,20,0.5,0.018776426,0.004683520830882464
7.764,900.0419707786749,0.09092448013319913,0.0,0.2,0.2,20.249999999999996,0.8,0.8,900.0,0.003,0.0,20,0.5,0.018722106,0.004683520491310517
7.767,900.041970776661,0.09079001050305613,0.0,0.2,0.2,20.249999999999996,0.8,0.8,900.0,0.003,0.0,20,0.5,0.021903957,0.00468352018293584
7.7700000000000005,900.0419707749176,0.09065370149952882,0.0,0.2,0.2,20.249999999999996,0.8,0.8,900.0,0.003,0.0,20,0.5,0.018697235,0.004683519904775423
7.773000000000001,900.0419707734446,0.09051555509847203,0.0,0.2,0.2,20.249999999999996,0.8,0.8,900.0,0.003,0.0,20,0.5,0.018674786,0.004683519657111619
7.776,900.0419707722339,0.09037557354568426,0.0,0.2,0.2,20.249999999999996,0.8,0.8,900.0,0.003,0.0,20,0.5,0.021565175,0.004683519439909134
7.779,900.0419707712848,0.09023375947392244,0.0,0.2,0.2,20.249999999999996,0.8,0.8,900.0,0.003,0.0,20,0.5,0.018788876,0.0046835192535252266
7.782,900.0419707706016,0.09009011593008787,0.0,0.2,0.2,20.249999999999996,0.8,0.8,900.0,0.003,0.0,20,0.5,0.018862236,0.004683519098655014
7.785,900.0419707701896,0.08994464637382966,0.0,0.2,0.2,20.249999999999996,0.8,0.8,900.0,0.003,0.0,20,0.5,0.021875756,0.004683518976043273
7.788,900.0419707700546,0.08979735469777629,0.0,0.2,0.2,20.249999999999996,0.8,0.8,900.0,0.003,0.0,20,0.5,0.019181698,0.004683518886327142
7.791,900.0419707702005,0.08964824523105332,0.0,0.2,0.2,20.249999999999996,0.8,0.8,900.0,0.003,0.0,20,0.5,0.019302579,0.004683518829894984
7.7940000000000005,900.0419707706386,0.08949732274294166,0.0,0.2,0.2,20.249999999999996,0.8,0.8,900.0,0.003,0.0,20,0.5,0.021980518,0.004683518806797834
7.797000000000001,900.0419707713583,0.08934459244908904,0.0,0.2,0.2,20.249999999999996,0.8,0.8,900.0,0.003,0.0,20,0.5,0.018796586,0.004683518816734198
7.8,900.0419707723613,0.08919006001350441,0.0,0.2,0.2,20.249999999999996,0.8,0.8,900.0,0.003,0.0,20,0.5,0.019278609,0.004683518859201939
7.803,900.0419707736454,0.08903373152911484,0.0,0.2,0.2,20.249999999999996,0.8,0.8,900.0,0.003,0.0,20,0.5,0.022524102,0.004683518933476379
7.806,900.0419707752037,0.08887561348518928,0.0,0.2,0.2,20.249999999999996,0.8,0.8,900.0,0.003,0.0,20,0.5,0.019137648,0.004683519038698561
7.809,900.0419707770259,0.08871571274320891,0.0,0.2,0.2,20.249999999999996,0.8,0.8,900.0,0.003,0.0,20,0.5,0.018970627,0.004683519173640007
7.812,900.0419707790983,0.0885540366257029,0.0,0.2,0.2,20.249999999999996,0.8,0.8,900.0,0.003,0.0,20,0.5,0.02243452,0.004683519336986782
7.815,900.0419707814159,0.08839059290697586,0.0,0.2,0.2,20.249999999999996,0.8,0.8,900.0,0.003,0.0,20,0.5,0.018957766,0.004683519527696717
7.8180000000000005,900.0419707839638,0.0882253897574453,0.0,0.2,0.2,20.249999999999996,0.8,0.8,900.0,0.003,0.0,20,0.5,0.018740086,0.004683519744769367
7.821,900.0419707867359,0.08805843580567753,0.0,0.2,0.2,20.249999999999996,0.8,0.8,900.0,0.003,0.0,20,0.5,0.021930947,0.004683519987298902
7.824,900.0419707897195,0.08788974015254003,0.0,0.2,0.2,20.249999999999996,0.8,0.8,900.0,0.003,0.0,20,0.5,0.019460121,0.004683520254580262
7.827,900.0419707929134,0.08771931237803739,0.0,0.2,0.2,20.249999999999996,0.8,0.8,900.0,0.003,0.0,20,0.5,0.018583344,0.004683520546140111
7.83,900.0419707963074,0.08754716255336026,0.0,0.2,0.2,20.249999999999996,0.8,0.8,900.0,0.003,0.0,20,0.5,0.022122648,0.004683520861768133
7.833,900.0419707999037,0.08737330123024531,0.0,0.2,0.2,20.249999999999996,0.8,0.8,900.0,0.003,0.0,20,0.5,0.018733336,0.004683521201392443
7.836,900.0419708037007,0.08719773943901708,0.0,0.2,0.2,20.249999999999996,0.8,0.8,900.0,0.003,0.0,20,0.5,0.018494774,0.004683521565030575
7.839,900.0419708076979,0.08702048868980822,0.0,0.2,0.2,20.249999999999996,0.8,0.8,900.0,0.003,0.0,20,0.5,0.0223718,0.004683521953387094
7.8420000000000005,900.0419708119159,0.08684156080748927,0.0,0.2,0.2,20.249999999999996,0.8,0.8,900.0,0.003,0.0,20,0.5,0.018830906,0.004683522369361191
7.845,900.0419708163664,0.08666096754294147,0.0,0.2,0.2,20.249999999999996,0.8,0.8,900.0,0.003,0.0,20,0.5,0.018703555,0.0046835228131952115
7.848,900.0419708210488,0.08647872110545071,0.0,0.2,0.2,20.249999999999996,0.8,0.8,900.0,0.003,0.0,20,0.5,0.021764865,0.004683523284495294
7.851,900.0419708259645,0.08629483422081329,0.0,0.2,0.2,20.249999999999996,0.8,0.8,900.0,0.003,0.0,20,0.5,0.018678135,0.004683523782782643
7.854,900.0419708311038,0.08610932012304823,0.0,0.2,0.2,20.249999999999996,0.8,0.8,900.0,0.003,0.0,20,0.5,0.019259839,0.004683524307395271
7.857,900.0419708364662,0.08592219252971625,0.0,0.2,0.2,20.249999999999996,0.8,0.8,900.0,0.003,0.0,20,0.5,0.021932217,0.004683524857247353
7.86,900.0419708420332,0.0857334656578639,0.0,0.2,0.2,20.249999999999996,0.8,0.8,900.0,0.003,0.0,20,0.5,0.018916416,0.0046835254308082355
7.863,900.0419708477999,0.08554315427831856,0.0,0.2,0.2,20.249999999999996,0.8,0.8,900.0,0.003,0.0,20,0.5,0.018688395,0.0046835260263580775
7.8660000000000005,900.0419708537454,0.08535127370692938,0.0,0.2,0.2,20.249999999999996,0.8,0.8,900.0,0.003,0.0,20,0.5,0.021950247,0.004683526642086145
7.869,900.0419708598561,0.08515783980000201,0.0,0.2,0.2,20.249999999999996,0.8,0.8,900.0,0.003,0.0,20,0.5,0.018574085,0.004683527276054965
7.872,900.041970866111,0.08496286899164149,0.0,0.2,0.2,20.249999999999996,0.8,0.8,900.0,0.003,0.0,20,0.5,0.018686785,0.004683527926902317
7.875,900.0419708725016,0.08476637821347521,0.0,0.2,0.2,20.249999999999996,0.8,0.8,900.0,0.003,0.0,20,0.5,0.022241799,0.0046835285936021745
7.878,900.0419708790176,0.08456838488896778,0.0,0.2,0.2,20.249999999999996,0.8,0.8,900.0,0.003,0.0,20,0.5,0.018815446,0.004683529275564666
7.881,900.0419708856534,0.0843689068961305,0.0,0.2,0.2,20.249999999999996,0.8,0.8,900.0,0.003,0.0,20,0.5,0.019098747,0.004683529972705951
7.884,900.0419708924128,0.08416796252388853,0.0,0.2,0.2,20.249999999999996,0.8,0.8,900.0,0.003,0.0,20,0.5,0.022778472,0.004683530685412671
7.8870000000000005,900.0419708992946,0.08396557051182976,0.0,0.2,0.2,20.249999999999996,0.8,0.8,900.0,0.003,0.0,20,0.5,0.018891436,0.004683531414338553
7.890000000000001,900.0419709063037,0.08376175008197387,0.0,0.2,0.2,20.249999999999996,0.8,0.8,900.0,0.003,0.0,20,0.5,0.019008838,0.004683532160362397
7.893,900.0419709134497,0.0835565209263978,0.0,0.2,0.2,20.249999999999996,0.8,0.8,900.0,0.003,0.0,20,0.5,0.022169419,0.004683532924382119
7.896,900.041970920741,0.08334990321592514,0.0,0.2,0.2,20.249999999999996,0.8,0.8,900.0,0.003,0.0,20,0.5,0.019164458,0.004683533707157258
7.899,900.0419709281849,0.08314191759889542,0.0,0.2,0.2,20.249999999999996,0.8,0.8,900.0,0.003,0.0,20,0.5,0.018636535,0.004683534509231766
7.902,900.0419709357816,0.08293258519752016,0.0,0.2,0.2,20.249999999999996,0.8,0.8,900.0,0.003,0.0,20,0.5,0.021934167,0.004683535330712164
7.905,900.0419709435383,0.0827219276521017,0.0,0.2,0.2,20.249999999999996,0.8,0.8,900.0,0.003,0.0,20,0.5,0.019040718,0.004683536171345621
7.908,900.0419709514483,0.082509967104681,0.0,0.2,0.2,20.249999999999996,0.8,0.8,900.0,0.003,0.0,20,0.5,0.018860687,0.0046835370305450715
7.9110000000000005,900.041970959503,0.08229672617821289,0.0,0.2,0.2,20.249999999999996,0.8,0.8,900.0,0.003,0.0,20,0.5,0.022586291,0.004683537907435938
7.914000000000001,900.0419709677021,0.08208222803995414,0.0,0.2,0.2,20.249999999999996,0.8,0.8,900.0,0.003,0.0,20,0.5,0.018738735,0.004683538801253062
7.917,900.0419709760348,0.08186649631074597,0.0,0.2,0.2,20.249999999999996,0.8,0.8,900.0,0.003,0.0,20,0.5,0.019105108,0.004683539711114506
7.92,900.0419709844949,0.08164955505580407,0.0,0.2,0.2,20.249999999999996,0.8,0.8,900.0,0.003,0.0,20,0.5,0.022288569,0.004683540636198251
7.923,900.0419709930734,0.0814314287657842,0.0,0.2,0.2,20.249999999999996,0.8,0.8,900.0,0.003,0.0,20,0.5,0.018539565,0.004683541575755521
7.926,900.0419710017648,0.08121214235706167,0.0,0.2,0.2,20.249999999999996,0.8,0.8,900.0,0.003,0.0,20,0.5,0.019112668,0.0046835425291303235
7.929,900.0419710105649,0.08099172116948067,0.0,0.2,0.2,20.249999999999996,0.8,0.8,900.0,0.003,0.0,20,0.5,0.02245062,0.004683543495832959
7.932,900.0419710194637,0.08077019095857912,0.0,0.2,0.2,20.249999999999996,0.8,0.8,900.0,0.003,0.0,20,0.5,0.018860626,0.004683544475534673
7.9350000000000005,900.0419710284656,0.08054757788883406,0.0,0.2,0.2,20.249999999999996,0.8,0.8,900.0,0.003,0.0,20,0.5,0.01951844,0.004683545468021661
7.938,900.0419710375654,0.08032390852783855,0.0,0.2,0.2,20.249999999999996,0.8,0.8,900.0,0.003,0.0,20,0.5,0.022350329,0.0046835464731690354
7.941,900.0419710467596,0.08009920984188322,0.0,0.2,0.2,20.249999999999996,0.8,0.8,900.0,0.003,0.0,20,0.5,0.01933351,0.004683547490655296
7.944,900.0419710560446,0.07987350926924941,0.0,0.2,0.2,20.249999999999996,0.8,0.8,900.0,0.003,0.0,20,0.5,0.019096048,0.004683548520318661
7.947,900.0419710654246,0.07964683466109092,0.0,0.2,0.2,20.249999999999996,0.8,0.8,900.0,0.003,0.0,20,0.5,0.021668526,0.0046835495621139565
7.95,900.0419710748939,0.07941921424078083,0.0,0.2,0.2,20.249999999999996,0.8,0.8,900.0,0.003,0.0,20,0.5,0.018883727,0.004683550615888945
7.953,900.0419710844584,0.07919067659748444,0.0,0.2,0.2,20.249999999999996,0.8,0.8,900.0,0.003,0.0,20,0.5,0.019300749,0.004683551681446949
7.956,900.0419710941103,0.0789612506676499,0.0,0.2,0.2,20.249999999999996,0.8,0.8,900.0,0.003,0.0,20,0.5,0.021758656,0.004683552758530802
7.9590000000000005,900.0419711038448,0.07873096572178673,0.0,0.2,0.2,20.249999999999996,0.8,0.8,900.0,0.003,0.0,20,0.5,0.018770696,0.004683553846782408
7.962,900.0419711136668,0.07849985136237123,0.0,0.2,0.2,20.249999999999996,0.8,0.8,900.0,0.003,0.0,20,0.5,0.0193395,0.004683554945764563
7.965,900.0419711235724,0.07826793751324482,0.0,0.2,0.2,20.249999999999996,0.8,0.8,900.0,0.003,0.0,20,0.5,0.022082738,0.004683556056338271
7.968,900.041971133586,0.07803525393420233,0.0,0.2,0.2,20.249999999999996,0.8,0.8,900.0,0.003,0.0,20,0.5,0.018938357,0.0046835571801757915
7.971,900.0419711437048,0.0778018299341563,0.0,0.2,0.2,20.249999999999996,0.8,0.8,900.0,0.003,0.0,20,0.5,0.019113068,0.004683558316695876
7.974,900.0419711539204,0.07756769511832222,0.0,0.2,0.2,20.249999999999996,0.8,0.8,900.0,0.003,0.0,20,0.5,0.023022734,0.004683559464797349
7.977,900.0419711642346,0.07733287938911791,0.0,0.2,0.2,20.249999999999996,0.8,0.8,900.0,0.003,0.0,20,0.5,0.018569175,0.004683560625377505
7.98,900.0419711746563,0.07709741231911992,0.0,0.2,0.2,20.249999999999996,0.8,0.8,900.0,0.003,0.0,20,0.5,0.018630775,0.004683561799522312
7.9830000000000005,900.0419711851806,0.07686132329110322,0.0,0.2,0.2,20.249999999999996,0.8,0.8,900.0,0.003,0.0,20,0.5,0.021781235,0.004683562986039478
7.986,900.041971195803,0.07662464196000218,0.0,0.2,0.2,20.249999999999996,0.8,0.8,900.0,0.003,0.0,20,0.5,0.019060288,0.004683564183689404
7.989,900.0419712065104,0.07638739823788213,0.0,0.2,0.2,20.249999999999996,0.8,0.8,900.0,0.003,0.0,20,0.5,0.019075048,0.004683565391189972
7.992,900.0419712172921,0.0761496222835988,0.0,0.2,0.2,20.249999999999996,0.8,0.8,900.0,0.003,0.0,20,0.5,0.021807146,0.004683566607092527
7.995,900.0419712281309,0.07591134449066275,0.0,0.2,0.2,20.249999999999996,0.8,0.8,900.0,0.003,0.0,20,0.5,0.019879533,0.004683567829779408
7.998,900.0419712390182,0.07567259545623699,0.0,0.2,0.2,20.249999999999996,0.8,0.8,900.0,0.003,0.0,20,0.5,0.019621701,0.00468356905796588
8.001,900.0419712499431,0.0754334058137025,0.0,0.2,0.2,20.249999999999996,0.8,0.8,900.0,0.003,0.0,20,0.5,0.022338959,0.004683570290113295
8.004,900.0419712608917,0.07519380630467656,0.0,0.2,0.2,20.249999999999996,0.8,0.8,900.0,0.003,0.0,20,0.5,0.019720712,0.00468357152519922
8.007,900.0419712718561,0.07495382761427709,0.0,0.2,0.2,20.249999999999996,0.8,0.8,900.0,0.003,0.0,20,0.5,0.019005637,0.004683572762249402
8.01,900.0419712828237,0.07471350048515071,0.0,0.2,0.2,20.249999999999996,0.8,0.8,900.0,0.003,0.0,20,0.5,0.022439331,0.0046835740003117994
8.013,900.0419712938002,0.07447285580253789,0.0,0.2,0.2,20.249999999999996,0.8,0.8,900.0,0.003,0.0,20,0.5,0.019292649,0.00468357524095746
8.016,900.0419713047868,0.07423192414655419,0.0,0.2,0.2,20.249999999999996,0.8,0.8,900.0,0.003,0.0,20,0.5,0.019171708,0.004683576485474153
8.019,900.0419713157986,0.07399073605439101,0.0,0.2,0.2,20.249999999999996,0.8,0.8,900.0,0.003,0.0,20,0.5,0.02241941,0.004683577734043906
8.022,900.0419713268294,0.07374932219203714,0.0,0.2,0.2,20.249999999999996,0.8,0.8,900.0,0.003,0.0,20,0.5,0.019122648,0.0046835789865802635
8.025,900.0419713378881,0.07350771334527573,0.0,0.2,0.2,20.249999999999996,0.8,0.8,900.0,0.003,0.0,20,0.5,0.018994637,0.004683580242683115
8.028,900.0419713489581,0.0732659403896993,0.0,0.2,0.2,20.249999999999996,0.8,0.8,900.0,0.003,0.0,20,0.5,0.021859936,0.004683581501669857
8.031,900.0419713600431,0.07302403415807524,0.0,0.2,0.2,20.249999999999996,0.8,0.8,900.0,0.003,0.0,20,0.5,0.018900276,0.004683582762286769
8.034,900.0419713711339,0.07278202553508853,0.0,0.2,0.2,20.249999999999996,0.8,0.8,900.0,0.003,0.0,20,0.5,0.019137508,0.004683584022842445
8.037,900.0419713822064,0.07253994546609435,0.0,0.2,0.2,20.249999999999996,0.8,0.8,900.0,0.003,0.0,20,0.5,0.022708222,0.004683585281399973
8.040000000000001,900.0419713932541,0.07229782494427399,0.0,0.2,0.2,20.249999999999996,0.8,0.8,900.0,0.003,0.0,20,0.5,0.018837836,0.004683586535946115
8.043000000000001,900.0419714042504,0.07205569499857283,0.0,0.2,0.2,20.249999999999996,0.8,0.8,900.0,0.003,0.0,20,0.5,0.019152768,0.004683587784571852
8.046,900.0419714151815,0.07181358666919072,0.0,0.2,0.2,20.249999999999996,0.8,0.8,900.0,0.003,0.0,20,0.5,0.022043567,0.004683589025706063
8.049,900.0419714260329,0.07157153098425101,0.0,0.2,0.2,20.249999999999996,0.8,0.8,900.0,0.003,0.0,20,0.5,0.019321099,0.004683590258052429
8.052,900.0419714367996,0.07132955896022651,0.0,0.2,0.2,20.249999999999996,0.8,0.8,900.0,0.003,0.0,20,0.5,0.019125358,0.004683591480768292
8.055,900.0419714474642,0.07108770156382674,0.0,0.2,0.2,20.249999999999996,0.8,0.8,900.0,0.003,0.0,20,0.5,0.02243721,0.004683592693368814
8.058,900.0419714580274,0.070845989718654,0.0,0.2,0.2,20.249999999999996,0.8,0.8,900.0,0.003,0.0,20,0.5,0.018784226,0.004683593895699526
8.061,900.0419714684889,0.07060445430366379,0.0,0.2,0.2,20.249999999999996,0.8,0.8,900.0,0.003,0.0,20,0.5,0.018923407,0.004683595087892053
8.064,900.0419714788485,0.07036312614252851,0.0,0.2,0.2,20.249999999999996,0.8,0.8,900.0,0.003,0.0,20,0.5,0.021937347,0.004683596270275616
8.067,900.0419714891104,0.07012203598156846,0.0,0.2,0.2,20.249999999999996,0.8,0.8,900.0,0.003,0.0,20,0.5,0.019225819,0.004683597443213351
8.07,900.0419714992787,0.06988121448209299,0.0,0.2,0.2,20.249999999999996,0.8,0.8,900.0,0.003,0.0,20,0.5,0.019686461,0.004683598607050408
8.073,900.0419715093545,0.06964069219124884,0.0,0.2,0.2,20.249999999999996,0.8,0.8,900.0,0.003,0.0,20,0.5,0.021715515,0.004683599761953171
8.076,900.041971519342,0.06940049953550147,0.0,0.2,0.2,20.249999999999996,0.8,0.8,900.0,0.003,0.0,20,0.5,0.019329769,0.004683600907933695
8.079,900.0419715292371,0.06916066679351783,0.0,0.2,0.2,20.249999999999996,0.8,0.8,900.0,0.003,0.0,20,0.5,0.018825336,0.004683602044820809
8.082,900.0419715390458,0.06892122409714749,0.0,0.2,0.2,20.249999999999996,0.8,0.8,900.0,0.003,0.0,20,0.5,0.022099908,0.0046836031722413815
8.085,900.0419715487587,0.06868220142198357,0.0,0.2,0.2,20.249999999999996,0.8,0.8,900.0,0.003,0.0,20,0.5,0.01947206,0.004683604289658532
8.088000000000001,900.0419715583764,0.06844362856946393,0.0,0.2,0.2,20.249999999999996,0.8,0.8,900.0,0.003,0.0,20,0.5,0.019703301,0.0046836053963691645
8.091,900.0419715678884,0.0682055351457063,0.0,0.2,0.2,20.249999999999996,0.8,0.8,900.0,0.003,0.0,20,0.5,0.022528131,0.0046836064915838395
8.094,900.0419715772891,0.06796795053887747,0.0,0.2,0.2,20.249999999999996,0.8,0.8,900.0,0.003,0.0,20,0.5,0.019013678,0.004683607574361813
8.097,900.0419715865705,0.06773090392492742,0.0,0.2,0.2,20.249999999999996,0.8,0.8,900.0,0.003,0.0,20,0.5,0.019198969,0.004683608643616355
8.1,900.0419715957247,0.06749442427258932,0.0,0.2,0.2,20.249999999999996,0.8,0.8,900.0,0.003,0.0,20,0.5,0.022109288,0.004683609698227367
8.103,900.0419716047338,0.06725854032941123,0.0,0.2,0.2,20.249999999999996,0.8,0.8,900.0,0.003,0.0,20,0.5,0.018419913,0.004683610737161679
8.106,900.0419716135971,0.06702328059470763,0.0,0.2,0.2,20.249999999999996,0.8,0.8,900.0,0.003,0.0,20,0.5,0.019173839,0.004683611759491887
8.109,900.0419716223035,0.06678867332437124,0.0,0.2,0.2,20.249999999999996,0.8,0.8,900.0,0.003,0.0,20,0.5,0.022202869,0.0046836127644660705
8.112,900.0419716308483,0.06655474649616827,0.0,0.2,0.2,20.249999999999996,0.8,0.8,900.0,0.003,0.0,20,0.5,0.019074828,0.004683613751473516
8.115,900.0419716392253,0.06632152779673761,0.0,0.2,0.2,20.249999999999996,0.8,0.8,900.0,0.003,0.0,20,0.5,0.019102838,0.00468361471999078
8.118,900.0419716474307,0.06608904462869354,0.0,0.2,0.2,20.249999999999996,0.8,0.8,900.0,0.003,0.0,20,0.5,0.022596022,0.004683615669760437
8.121,900.041971655461,0.0658573240379883,0.0,0.2,0.2,20.249999999999996,0.8,0.8,900.0,0.003,0.0,20,0.5,0.019060008,0.004683616600617775
8.124,900.041971663319,0.06562639274843036,0.0,0.2,0.2,20.249999999999996,0.8,0.8,900.0,0.003,0.0,20,0.5,0.01942303,0.00468361751260899
8.127,900.0419716709987,0.06539627715647875,0.0,0.2,0.2,20.249999999999996,0.8,0.8,900.0,0.003,0.0,20,0.5,0.022637801,0.004683618405837621
8.13,900.0419716785049,0.0651670033275604,0.0,0.2,0.2,20.249999999999996,0.8,0.8,900.0,0.003,0.0,20,0.5,0.018871776,0.004683619280514294
8.133000000000001,900.0419716858523,0.06493859695935542,0.0,0.2,0.2,20.249999999999996,0.8,0.8,900.0,0.003,0.0,20,0.5,0.019273959,0.004683620137257344
8.136000000000001,900.0419716930317,0.06471108322567835,0.0,0.2,0.2,20.249999999999996,0.8,0.8,900.0,0.003,0.0,20,0.5,0.021995008,0.00468362097636768
8.139,900.0419717000544,0.0644844868681775,0.0,0.2,0.2,20.249999999999996,0.8,0.8,900.0,0.003,0.0,20,0.5,0.019526441,0.004683621798302321
8.142,900.0419717069142,0.0642588321705133,0.0,0.2,0.2,20.249999999999996,0.8,0.8,900.0,0.003,0.0,20,0.5,0.019095298,0.004683622602894433
8.145,900.0419717136149,0.06403414307165801,0.0,0.2,0.2,20.249999999999996,0.8,0.8,900.0,0.003,0.0,20,0.5,0.022538461,0.004683623389764615
8.148,900.0419717201487,0.06381044316175263,0.0,0.2,0.2,20.249999999999996,0.8,0.8,900.0,0.003,0.0,20,0.5,0.018858506,0.004683624158311755
8.151,900.0419717265155,0.06358775566407125,0.0,0.2,0.2,20.249999999999996,0.8,0.8,900.0,0.003,0.0,20,0.5,0.018810886,0.004683624907649371
8.154,900.0419717327067,0.06336610343278673,0.0,0.2,0.2,20.249999999999996,0.8,0.8,900.0,0.003,0.0,20,0.5,0.022607202,0.004683625636753768
8.157,900.0419717387093,0.06314550894575922,0.0,0.2,0.2,20.249999999999996,0.8,0.8,900.0,0.003,0.0,20,0.5,0.019205809,0.004683626344619048
8.16,900.0419717445166,0.06292599429781395,0.0,0.2,0.2,20.249999999999996,0.8,0.8,900.0,0.003,0.0,20,0.5,0.018881556,0.004683627030380657
8.163,900.041971750125,0.06270758119344615,0.0,0.2,0.2,20.249999999999996,0.8,0.8,900.0,0.003,0.0,20,0.5,0.021960476,0.004683627693532266
8.166,900.0419717555292,0.06249029090807332,0.0,0.2,0.2,20.249999999999996,0.8,0.8,900.0,0.003,0.0,20,0.5,0.018830636,0.004683628333874021
8.169,900.0419717607278,0.0622741442841034,0.0,0.2,0.2,20.249999999999996,0.8,0.8,900.0,0.003,0.0,20,0.5,0.019004317,0.00468362895135075
8.172,900.0419717657164,0.06205916175247222,0.0,0.2,0.2,20.249999999999996,0.8,0.8,900.0,0.003,0.0,20,0.5,0.022522171,0.0046836295461878475
8.175,900.0419717704987,0.0618453633256734,0.0,0.2,0.2,20.249999999999996,0.8,0.8,900.0,0.003,0.0,20,0.5,0.019325979,0.004683630118952661
8.178,900.0419717750792,0.061632768573174145,0.0,0.2,0.2,20.249999999999996,0.8,0.8,900.0,0.003,0.0,20,0.5,0.018797636,0.004683630670289109
8.181000000000001,900.0419717794667,0.06142139663403305,0.0,0.2,0.2,20.249999999999996,0.8,0.8,900.0,0.003,0.0,20,0.5,0.022067108,0.004683631200915352
8.184000000000001,900.0419717836638,0.061211266213285105,0.0,0.2,0.2,20.249999999999996,0.8,0.8,900.0,0.003,0.0,20,0.5,0.018893687,0.004683631711677993
8.187,900.0419717876815,0.061002395566830125,0.0,0.2,0.2,20.249999999999996,0.8,0.8,900.0,0.003,0.0,20,0.5,0.01944512,0.004683632203415784
8.19,900.0419717915289,0.06079480250678551,0.0,0.2,0.2,20.249999999999996,0.8,0.8,900.0,0.003,0.0,20,0.5,0.022218799,0.004683632676869307
8.193,900.041971795204,0.060588504400284085,0.0,0.2,0.2,20.249999999999996,0.8,0.8,900.0,0.003,0.0,20,0.5,0.019342199,0.004683633132633609
8.196,900.0419717987224,0.06038351816828374,0.0,0.2,0.2,20.249999999999996,0.8,0.8,900.0,0.003,0.0,20,0.5,0.019139778,0.004683633571122595
8.199,900.0419718020851,0.06017986027990444,0.0,0.2,0.2,20.249999999999996,0.8,0.8,900.0,0.003,0.0,20,0.5,0.02235771,0.00468363399258103
8.202,900.0419718052906,0.05997754674742939,0.0,0.2,0.2,20.249999999999996,0.8,0.8,900.0,0.003,0.0,20,0.5,0.018902947,0.004683634397119232
8.205,900.0419718083411,0.05977659312222672,0.0,0.2,0.2,20.249999999999996,0.8,0.8,900.0,0.003,0.0,20,0.5,0.019319519,0.004683634784751848
8.208,900.0419718112428,0.059577014492908587,0.0,0.2,0.2,20.249999999999996,0.8,0.8,900.0,0.003,0.0,20,0.5,0.022231909,0.004683635155450398
8.211,900.0419718139897,0.05937882548294457,0.0,0.2,0.2,20.249999999999996,0.8,0.8,900.0,0.003,0.0,20,0.5,0.019320779,0.004683635509194735
8.214,900.0419718165839,0.05918204024839981,0.0,0.2,0.2,20.249999999999996,0.8,0.8,900.0,0.003,0.0,20,0.5,0.019010787,0.004683635846017818
8.217,900.0419718190241,0.058986672475250204,0.0,0.2,0.2,20.249999999999996,0.8,0.8,900.0,0.003,0.0,20,0.5,0.022258429,0.004683636166081952
8.22,900.0419718213138,0.05879273535627164,0.0,0.2,0.2,20.249999999999996,0.8,0.8,900.0,0.003,0.0,20,0.5,0.019317569,0.004683636469652131
8.223,900.0419718234566,0.05860024160190409,0.0,0.2,0.2,20.249999999999996,0.8,0.8,900.0,0.003,0.0,20,0.5,0.018956667,0.00468363675710802
8.226,900.0419718254545,0.05840920345118388,0.0,0.2,0.2,20.249999999999996,0.8,0.8,900.0,0.003,0.0,20,0.5,0.021897306,0.00468363702896557
8.229000000000001,900.0419718273095,0.05821963266918175,0.0,0.2,0.2,20.249999999999996,0.8,0.8,900.0,0.003,0.0,20,0.5,0.019027957,0.004683637285585914
8.232,900.0419718290264,0.05803154058945371,0.0,0.2,0.2,20.249999999999996,0.8,0.8,900.0,0.003,0.0,20,0.5,0.01935905,0.0046836375272969796
8.235,900.0419718306086,0.05784493810684203,0.0,0.2,0.2,20.249999999999996,0.8,0.8,900.0,0.003,0.0,20,0.5,0.021911136,0.004683637754817813
8.238,900.041971832067,0.05765983562524209,0.0,0.2,0.2,20.249999999999996,0.8,0.8,900.0,0.003,0.0,20,0.5,0.018994457,0.004683637968912255
8.241,900.0419718334015,0.05747624302031171,0.0,0.2,0.2,20.249999999999996,0.8,0.8,900.0,0.003,0.0,20,0.5,0.01931111,0.004683638170257894
8.244,900.0419718346246,0.057294169677294254,0.0,0.2,0.2,20.249999999999996,0.8,0.8,900.0,0.003,0.0,20,0.5,0.021962307,0.0046836383594904465
8.247,900.0419718357376,0.05711362451413006,0.0,0.2,0.2,20.249999999999996,0.8,0.8,900.0,0.003,0.0,20,0.5,0.018901806,0.004683638537316613
8.25,900.0419718367497,0.05693461595792086,0.0,0.2,0.2,20.249999999999996,0.8,0.8,900.0,0.003,0.0,20,0.5,0.019147908,0.004683638704478918
8.253,900.0419718376709,0.05675715193138171,0.0,0.2,0.2,20.249999999999996,0.8,0.8,900.0,0.003,0.0,20,0.5,0.021864897,0.004683638861893212
8.256,900.0419718385156,0.05658123977514843,0.0,0.2,0.2,20.249999999999996,0.8,0.8,900.0,0.003,0.0,20,0.5,0.018993447,0.004683639010811263
8.259,900.041971839284,0.056406886173954056,0.0,0.2,0.2,20.249999999999996,0.8,0.8,900.0,0.003,0.0,20,0.5,0.018811306,0.004683639151910801
8.262,900.0419718399864,0.05623409734809247,0.0,0.2,0.2,20.249999999999996,0.8,0.8,900.0,0.003,0.0,20,0.5,0.022078708,0.004683639285807105
8.265,900.0419718406217,0.05606287903871502,0.0,0.2,0.2,20.249999999999996,0.8,0.8,900.0,0.003,0.0,20,0.5,0.019102677,0.004683639412858348
8.268,900.0419718412061,0.055893236515413454,0.0,0.2,0.2,20.249999999999996,0.8,0.8,900.0,0.003,0.0,20,0.5,0.018830896,0.004683639533435539
8.271,900.0419718417302,0.05572517450366055,0.0,0.2,0.2,20.249999999999996,0.8,0.8,900.0,0.003,0.0,20,0.5,0.022012798,0.004683639647739511
8.274000000000001,900.041971842202,0.055558697272816725,0.0,0.2,0.2,20.249999999999996,0.8,0.8,900.0,0.003,0.0,20,0.5,0.019023978,0.004683639755810602
8.277000000000001,900.0419718426209,0.055393808658366954,0.0,0.2,0.2,20.249999999999996,0.8,0.8,900.0,0.003,0.0,20,0.5,0.019206379,0.004683639857638276
8.28,900.0419718429793,0.05523051206251058,0.0,0.2,0.2,20.249999999999996,0.8,0.8,900.0,0.003,0.0,20,0.5,0.022107158,0.004683639952974953
8.283,900.0419718432843,0.05506881049499651,0.0,0.2,0.2,20.249999999999996,0.8,0.8,900.0,0.003,0.0,20,0.5,0.019194218,0.004683640041788047
8.286,900.04197184353,0.05490870653747645,0.0,0.2,0.2,20.249999999999996,0.8,0.8,900.0,0.003,0.0,20,0.5,0.01943201,0.004683640124190408
8.289,900.0419718437233,0.054750202345485395,0.0,0.2,0.2,20.249999999999996,0.8,0.8,900.0,0.003,0.0,20,0.5,0.022495071,0.004683640200444002
8.292,900.0419718438595,0.05459329964349747,0.0,0.2,0.2,20.249999999999996,0.8,0.8,900.0,0.003,0.0,20,0.5,0.019505681,0.004683640270898373
8.295,900.0419718439475,0.054437999725290925,0.0,0.2,0.2,20.249999999999996,0.8,0.8,900.0,0.003,0.0,20,0.5,0.019227188,0.004683640336087038
8.298,900.0419718439962,0.05428430345037554,0.0,0.2,0.2,20.249999999999996,0.8,0.8,900.0,0.003,0.0,20,0.5,0.021808856,0.0046836403970729554
8.301,900.0419718440063,0.05413221107562042,0.0,0.2,0.2,20.249999999999996,0.8,0.8,900.0,0.003,0.0,20,0.5,0.019494961,0.004683640455124058
8.304,900.0419718439954,0.053981722382385064,0.0,0.2,0.2,20.249999999999996,0.8,0.8,900.0,0.003,0.0,20,0.5,0.018742406,0.0046836405115389616
8.307,900.0419718439722,0.05383283674788642,0.0,0.2,0.2,20.249999999999996,0.8,0.8,900.0,0.003,0.0,20,0.5,0.022092697,0.004683640567591621
8.31,900.0419718439445,0.053685553151429005,0.0,0.2,0.2,20.249999999999996,0.8,0.8,900.0,0.003,0.0,20,0.5,0.019197658,0.0046836406244748245
8.313,900.0419718439259,0.05353987017921714,0.0,0.2,0.2,20.249999999999996,0.8,0.8,900.0,0.003,0.0,20,0.5,0.018801635,0.004683640683241102
8.316,900.0419718439317,0.05339578603994283,0.0,0.2,0.2,20.249999999999996,0.8,0.8,900.0,0.003,0.0,20,0.5,0.02242475,0.004683640744696761
8.319,900.0419718439613,0.05325329858158893,0.0,0.2,0.2,20.249999999999996,0.8,0.8,900.0,0.003,0.0,20,0.5,0.019204758,0.00468364080938423
8.322000000000001,900.0419718440234,0.053112405280091916,0.0,0.2,0.2,20.249999999999996,0.8,0.8,900.0,0.003,0.0,20,0.5,0.018902706,0.00468364087756557
8.325,900.0419718441179,0.0529731032444067,0.0,0.2,0.2,20.249999999999996,0.8,0.8,900.0,0.003,0.0,20,0.5,0.021849956,0.004683640949263551
8.328,900.0419718442477,0.05283538922296704,0.0,0.2,0.2,20.249999999999996,0.8,0.8,900.0,0.003,0.0,20,0.5,0.018821626,0.004683641024327345
8.331,900.0419718444097,0.05269925961029557,0.0,0.2,0.2,20.249999999999996,0.8,0.8,900.0,0.003,0.0,20,0.5,0.019073978,0.00468364110249995
8.334,900.0419718446036,0.05256471045369101,0.0,0.2,0.2,20.249999999999996,0.8,0.8,900.0,0.003,0.0,20,0.5,0.022281519,0.004683641183482507
8.337,900.0419718448219,0.05243173745979256,0.0,0.2,0.2,20.249999999999996,0.8,0.8,900.0,0.003,0.0,20,0.5,0.018912977,0.004683641266995888
8.34,900.0419718450681,0.052300336001641475,0.0,0.2,0.2,20.249999999999996,0.8,0.8,900.0,0.003,0.0,20,0.5,0.019068908,0.004683641352837085
8.343,900.0419718453379,0.052170501124622515,0.0,0.2,0.2,20.249999999999996,0.8,0.8,900.0,0.003,0.0,20,0.5,0.021611485,0.0046836414408555046
8.346,900.0419718456271,0.05204222756026884,0.0,0.2,0.2,20.249999999999996,0.8,0.8,900.0,0.003,0.0,20,0.5,0.018780266,0.0046836415310153355
8.349,900.0419718459431,0.05191550973584993,0.0,0.2,0.2,20.249999999999996,0.8,0.8,900.0,0.003,0.0,20,0.5,0.018743055,0.004683641623601258
8.352,900.0419718462845,0.05179034176726336,0.0,0.2,0.2,20.249999999999996,0.8,0.8,900.0,0.003,0.0,20,0.5,0.021837056,0.004683641718915708
8.355,900.0419718466488,0.05166671747028923,0.0,0.2,0.2,20.249999999999996,0.8,0.8,900.0,0.003,0.0,20,0.5,0.019223478,0.004683641817350546
8.358,900.0419718470499,0.051544630359165206,0.0,0.2,0.2,20.249999999999996,0.8,0.8,900.0,0.003,0.0,20,0.5,0.018963147,0.0046836419193491295
8.361,900.0419718474836,0.05142407365360157,0.0,0.2,0.2,20.249999999999996,0.8,0.8,900.0,0.003,0.0,20,0.5,0.021909546,0.004683642025247445
8.364,900.0419718479559,0.05130504032533253,0.0,0.2,0.2,20.249999999999996,0.8,0.8,900.0,0.003,0.0,20,0.5,0.018993367,0.004683642135392055
8.367,900.0419718484675,0.051187523083204914,0.0,0.2,0.2,20.249999999999996,0.8,0.8,900.0,0.003,0.0,20,0.5,0.019075057,0.004683642250125376
8.370000000000001,900.0419718490265,0.05107151437114173,0.0,0.2,0.2,20.249999999999996,0.8,0.8,900.0,0.003,0.0,20,0.5,0.021855886,0.00468364236982625
8.373,900.0419718496346,0.05095700632008014,0.0,0.2,0.2,20.249999999999996,0.8,0.8,900.0,0.003,0.0,20,0.5,0.019028518,0.0046836424948271255
8.376,900.0419718502926,0.05084399077517621,0.0,0.2,0.2,20.249999999999996,0.8,0.8,900.0,0.003,0.0,20,0.5,0.018726896,0.004683642625362629
8.379,900.0419718510024,0.05073245933005268,0.0,0.2,0.2,20.249999999999996,0.8,0.8,900.0,0.003,0.0,20,0.5,0.02233136,0.004683642761621083
8.382,900.0419718517715,0.05062240332424555,0.0,0.2,0.2,20.249999999999996,0.8,0.8,900.0,0.003,0.0,20,0.5,0.019116808,0.0046836429038602185
8.385,900.0419718525944,0.05051381382209758,0.0,0.2,0.2,20.249999999999996,0.8,0.8,900.0,0.003,0.0,20,0.5,0.018820365,0.004683643052206516
8.388,900.0419718534765,0.050406681643716124,0.0,0.2,0.2,20.249999999999996,0.8,0.8,900.0,0.003,0.0,20,0.5,0.02234312,0.004683643206792691
8.391,900.0419718544232,0.050300997382447726,0.0,0.2,0.2,20.249999999999996,0.8,0.8,900.0,0.003,0.0,20,0.5,0.019162258,0.004683643368036174
8.394,900.0419718554318,0.05019675132913002,0.0,0.2,0.2,20.249999999999996,0.8,0.8,900.0,0.003,0.0,20,0.5,0.018778005,0.004683643535858291
8.397,900.0419718565034,0.0500939335773969,0.0,0.2,0.2,20.249999999999996,0.8,0.8,900.0,0.003,0.0,20,0.5,0.022702992,0.004683643710195859
8.4,900.0419718576354,0.04999253404558256,0.0,0.2,0.2,20.249999999999996,0.8,0.8,900.0,0.003,0.0,20,0.5,0.0195104,0.004683643891156684
8.403,900.0419718588349,0.049892542467185885,0.0,0.2,0.2,20.249999999999996,0.8,0.8,900.0,0.003,0.0,20,0.5,0.019344709,0.004683644078903027
8.406,900.0419718600923,0.04979394840096456,0.0,0.2,0.2,20.249999999999996,0.8,0.8,900.0,0.003,0.0,20,0.5,0.021769095,0.004683644273522988
8.409,900.0419718614169,0.04969674125245781,0.0,0.2,0.2,20.249999999999996,0.8,0.8,900.0,0.003,0.0,20,0.5,0.018863976,0.004683644475088597
8.412,900.041971862809,0.0496009102796423,0.0,0.2,0.2,20.249999999999996,0.8,0.8,900.0,0.003,0.0,20,0.5,0.018861847,0.004683644683677549
8.415000000000001,900.0419718642638,0.04950644460316279,0.0,0.2,0.2,20.249999999999996,0.8,0.8,900.0,0.003,0.0,20,0.5,0.022212989,0.004683644899392978
8.418000000000001,900.0419718657841,0.04941333321073008,0.0,0.2,0.2,20.249999999999996,0.8,0.8,900.0,0.003,0.0,20,0.5,0.019214269,0.004683645122403839
8.421,900.0419718673745,0.04932156495023364,0.0,0.2,0.2,20.249999999999996,0.8,0.8,900.0,0.003,0.0,20,0.5,0.019563811,0.0046836453528863705
8.424,900.041971869038,0.049231128541392576,0.0,0.2,0.2,20.249999999999996,0.8,0.8,900.0,0.003,0.0,20,0.5,0.022750482,0.004683645591044551
8.427,900.0419718707694,0.049142012595828476,0.0,0.2,0.2,20.249999999999996,0.8,0.8,900.0,0.003,0.0,20,0.5,0.018780196,0.004683645837099449
8.43,900.0419718725738,0.049054205625955694,0.0,0.2,0.2,20.249999999999996,0.8,0.8,900.0,0.003,0.0,20,0.5,0.019095937,0.004683646091275949
8.433,900.041971874453,0.04896769605152875,0.0,0.2,0.2,20.249999999999996,0.8,0.8,900.0,0.003,0.0,20,0.5,0.022503421,0.004683646353782548
8.436,900.0419718764109,0.048882472207261066,0.0,0.2,0.2,20.249999999999996,0.8,0.8,900.0,0.003,0.0,20,0.5,0.018994787,0.004683646624835535
8.439,900.0419718784543,0.048798522340995854,0.0,0.2,0.2,20.249999999999996,0.8,0.8,900.0,0.003,0.0,20,0.5,0.018787335,0.004683646904609223
8.442,900.0419718805692,0.04871583462590395,0.0,0.2,0.2,20.249999999999996,0.8,0.8,900.0,0.003,0.0,20,0.5,0.021641785,0.004683647193274444
8.445,900.0419718827694,0.048634397175680626,0.0,0.2,0.2,20.249999999999996,0.8,0.8,900.0,0.003,0.0,20,0.5,0.019621921,0.004683647490980065
8.448,900.0419718850559,0.04855419805140076,0.0,0.2,0.2,20.249999999999996,0.8,0.8,900.0,0.003,0.0,20,0.5,0.018715485,0.004683647797860343
8.451,900.0419718874222,0.04847522526655434,0.0,0.2,0.2,20.249999999999996,0.8,0.8,900.0,0.003,0.0,20,0.5,0.021734975,0.004683648114043759
8.454,900.0419718898778,0.04839746679304208,0.0,0.2,0.2,20.249999999999996,0.8,0.8,900.0,0.003,0.0,20,0.5,0.018655125,0.004683648439728635
8.457,900.0419718924203,0.04832091053293038,0.0,0.2,0.2,20.249999999999996,0.8,0.8,900.0,0.003,0.0,20,0.5,0.019821423,0.004683648775108935
8.46,900.0419718950545,0.04824554431604047,0.0,0.2,0.2,20.249999999999996,0.8,0.8,900.0,0.003,0.0,20,0.5,0.022044428,0.004683649120165203
8.463000000000001,900.0419718977731,0.04817135589356555,0.0,0.2,0.2,20.249999999999996,0.8,0.8,900.0,0.003,0.0,20,0.5,0.018794056,0.004683649474634947
8.466,900.0419719005831,0.0480983329877098,0.0,0.2,0.2,20.249999999999996,0.8,0.8,900.0,0.003,0.0,20,0.5,0.019072898,0.0046836498383988545
8.469,900.0419719034787,0.04802646327480852,0.0,0.2,0.2,20.249999999999996,0.8,0.8,900.0,0.003,0.0,20,0.5,0.021831326,0.004683650211224895
8.472,900.0419719064571,0.047955734388682204,0.0,0.2,0.2,20.249999999999996,0.8,0.8,900.0,0.003,0.0,20,0.5,0.018772166,0.0046836505928502265
8.475,900.041971909519,0.04788613394018233,0.0,0.2,0.2,20.249999999999996,0.8,0.8,900.0,0.003,0.0,20,0.5,0.019070178,0.004683650983030991
8.478,900.0419719126609,0.047817649545854025,0.0,0.2,0.2,20.249999999999996,0.8,0.8,900.0,0.003,0.0,20,0.5,0.021923867,0.004683651381646497
8.481,900.0419719158772,0.047750268822484176,0.0,0.2,0.2,20.249999999999996,0.8,0.8,900.0,0.003,0.0,20,0.5,0.018942786,0.0046836517886749
8.484,900.0419719191727,0.04768397941802037,0.0,0.2,0.2,20.249999999999996,0.8,0.8,900.0,0.003,0.0,20,0.5,0.019566411,0.004683652204274405
8.487,900.0419719225423,0.047618768998720175,0.0,0.2,0.2,20.249999999999996,0.8,0.8,900.0,0.003,0.0,20,0.5,0.021863576,0.004683652628701719
8.49,900.0419719259982,0.047554625261914805,0.0,0.2,0.2,20.249999999999996,0.8,0.8,900.0,0.003,0.0,20,0.5,0.018972447,0.004683653062359555
8.493,900.0419719295406,0.0474915359292686,0.0,0.2,0.2,20.249999999999996,0.8,0.8,900.0,0.003,0.0,20,0.5,0.019366589,0.004683653505924355
8.496,900.0419719331745,0.04742948873120172,0.0,0.2,0.2,20.249999999999996,0.8,0.8,900.0,0.003,0.0,20,0.5,0.022088738,0.004683653959786349
8.499,900.0419719369006,0.04736847144485993,0.0,0.2,0.2,20.249999999999996,0.8,0.8,900.0,0.003,0.0,20,0.5,0.019024477,0.004683654424353405
8.502,900.0419719407299,0.047308471900639235,0.0,0.2,0.2,20.249999999999996,0.8,0.8,900.0,0.003,0.0,20,0.5,0.018972837,0.004683654900202383
8.505,900.0419719446584,0.04724947796325536,0.0,0.2,0.2,20.249999999999996,0.8,0.8,900.0,0.003,0.0,20,0.5,0.021656885,0.004683655388095795
8.508000000000001,900.0419719486953,0.047191477533897616,0.0,0.2,0.2,20.249999999999996,0.8,0.8,900.0,0.003,0.0,20,0.5,0.018752995,0.004683655888719476
8.511000000000001,900.0419719528528,0.04713445858201841,0.0,0.2,0.2,20.249999999999996,0.8,0.8,900.0,0.003,0.0,20,0.5,0.019162238,0.00468365640265913
8.514,900.0419719571279,0.047078409148121246,0.0,0.2,0.2,20.249999999999996,0.8,0.8,900.0,0.003,0.0,20,0.5,0.022141828,0.004683656930471822
8.517,900.0419719615346,0.04702331732092283,0.0,0.2,0.2,20.249999999999996,0.8,0.8,900.0,0.003,0.0,20,0.5,0.020212305,0.004683657472663443
8.52,900.0419719660692,0.046969171227777794,0.0,0.2,0.2,20.249999999999996,0.8,0.8,900.0,0.003,0.0,20,0.5,0.019077657,0.004683658029431426
8.523,900.0419719707392,0.046915959085116206,0.0,0.2,0.2,20.249999999999996,0.8,0.8,900.0,0.003,0.0,20,0.5,0.022565381,0.004683658600819992
8.526,900.0419719755374,0.0468636692034588,0.0,0.2,0.2,20.249999999999996,0.8,0.8,900.0,0.003,0.0,20,0.5,0.018811286,0.004683659186735405
8.529,900.0419719804729,0.04681228998941218,0.0,0.2,0.2,20.249999999999996,0.8,0.8,900.0,0.003,0.0,20,0.5,0.019166378,0.004683659787047172
8.532,900.0419719855375,0.04676180989901946,0.0,0.2,0.2,20.249999999999996,0.8,0.8,900.0,0.003,0.0,20,0.5,0.022828762,0.004683660401559659
8.535,900.041971990733,0.046712217441496326,0.0,0.2,0.2,20.249999999999996,0.8,0.8,900.0,0.003,0.0,20,0.5,0.019387239,0.0046836610298698666
8.538,900.0419719960521,0.046663501234530856,0.0,0.2,0.2,20.249999999999996,0.8,0.8,900.0,0.003,0.0,20,0.5,0.019320709,0.004683661671597215
8.541,900.041972001495,0.04661565000704441,0.0,0.2,0.2,20.249999999999996,0.8,0.8,900.0,0.003,0.0,20,0.5,0.022805922,0.0046836623263568355
8.544,900.0419720070528,0.04656865260323038,0.0,0.2,0.2,20.249999999999996,0.8,0.8,900.0,0.003,0.0,20,0.5,0.019159938,0.004683662993786865
8.547,900.0419720127296,0.046522497985686674,0.0,0.2,0.2,20.249999999999996,0.8,0.8,900.0,0.003,0.0,20,0.5,0.019022328,0.004683663673583892
8.55,900.0419720185159,0.04647717523765933,0.0,0.2,0.2,20.249999999999996,0.8,0.8,900.0,0.003,0.0,20,0.5,0.021987297,0.004683664365531328
8.553,900.041972024413,0.04643267356595875,0.0,0.2,0.2,20.249999999999996,0.8,0.8,900.0,0.003,0.0,20,0.5,0.019333079,0.004683665069509616
8.556000000000001,900.0419720304202,0.04638898231013234,0.0,0.2,0.2,20.249999999999996,0.8,0.8,900.0,0.003,0.0,20,0.5,0.019543531,0.004683665785546164
8.559000000000001,900.0419720365354,0.04634609094482519,0.0,0.2,0.2,20.249999999999996,0.8,0.8,900.0,0.003,0.0,20,0.5,0.022237219,0.00468366651384543
8.562,900.0419720427589,0.04630398907462803,0.0,0.2,0.2,20.249999999999996,0.8,0.8,900.0,0.003,0.0,20,0.5,0.019124448,0.0046836672546980394
8.565,900.0419720491029,0.04626266643648696,0.0,0.2,0.2,20.249999999999996,0.8,0.8,900.0,0.003,0.0,20,0.5,0.019309259,0.004683668008445148
8.568,900.0419720555599,0.04622211290169455,0.0,0.2,0.2,20.249999999999996,0.8,0.8,900.0,0.003,0.0,20,0.5,0.022047878,0.004683668775495367
8.571,900.0419720621419,0.046182318457877444,0.0,0.2,0.2,20.249999999999996,0.8,0.8,900.0,0.003,0.0,20,0.5,0.019096538,0.004683669556303401
8.574,900.041972068845,0.04614327320141134,0.0,0.2,0.2,20.249999999999996,0.8,0.8,900.0,0.003,0.0,20,0.5,0.01934025,0.0046836703511905125
8.577,900.041972075678,0.04610496736748928,0.0,0.2,0.2,20.249999999999996,0.8,0.8,900.0,0.003,0.0,20,0.5,0.022823233,0.004683671160341126
8.58,900.0419720826394,0.04606739133018875,0.0,0.2,0.2,20.249999999999996,0.8,0.8,900.0,0.003,0.0,20,0.5,0.019241179,0.004683671984129572
8.583,900.0419720897362,0.04603053550306775,0.0,0.2,0.2,20.249999999999996,0.8,0.8,900.0,0.003,0.0,20,0.5,0.018996807,0.004683672822860941
8.586,900.041972096965,0.04599439037349048,0.0,0.2,0.2,20.249999999999996,0.8,0.8,900.0,0.003,0.0,20,0.5,0.022537991,0.004683673676493586
8.589,900.0419721043313,0.04595894653082116,0.0,0.2,0.2,20.249999999999996,0.8,0.8,900.0,0.003,0.0,20,0.5,0.018933356,0.00468367454456606
8.592,900.0419721118262,0.04592419470502769,0.0,0.2,0.2,20.249999999999996,0.8,0.8,900.0,0.003,0.0,20,0.5,0.019008057,0.004683675426295363
8.595,900.0419721194464,0.0458901257677062,0.0,0.2,0.2,20.249999999999996,0.8,0.8,900.0,0.003,0.0,20,0.5,0.022296999,0.004683676320690659
8.598,900.0419721271809,0.04585673073438663,0.0,0.2,0.2,20.249999999999996,0.8,0.8,900.0,0.003,0.0,20,0.5,0.020468107,0.004683677226724396
8.601,900.0419721350177,0.04582400076550136,0.0,0.2,0.2,20.249999999999996,0.8,0.8,900.0,0.003,0.0,20,0.5,0.020089514,0.00468367814346826
8.604000000000001,900.041972142956,0.04579192716618729,0.0,0.2,0.2,20.249999999999996,0.8,0.8,900.0,0.003,0.0,20,0.5,0.022694391,0.004683679070182751
8.607,900.0419721509829,0.045760501384949935,0.0,0.2,0.2,20.249999999999996,0.8,0.8,900.0,0.003,0.0,20,0.5,0.019560141,0.004683680006362137
8.61,900.0419721590946,0.04572971500028722,0.0,0.2,0.2,20.249999999999996,0.8,0.8,900.0,0.003,0.0,20,0.5,0.019171309,0.004683680951767118
8.613,900.0419721672904,0.04569955970156982,0.0,0.2,0.2,20.249999999999996,0.8,0.8,900.0,0.003,0.0,20,0.5,0.022147258,0.004683681906391057
8.616,900.0419721755712,0.045670027323190525,0.0,0.2,0.2,20.249999999999996,0.8,0.8,900.0,0.003,0.0,20,0.5,0.01951377,0.004683682870449868
8.619,900.0419721839362,0.04564110984579993,0.0,0.2,0.2,20.249999999999996,0.8,0.8,900.0,0.003,0.0,20,0.5,0.019063348,0.004683683844338055
8.622,900.0419721923907,0.045612799396140005,0.0,0.2,0.2,20.249999999999996,0.8,0.8,900.0,0.003,0.0,20,0.5,0.02237866,0.004683684828573771
8.625,900.0419722009399,0.04558508824668505,0.0,0.2,0.2,20.249999999999996,0.8,0.8,900.0,0.003,0.0,20,0.5,0.018783326,0.004683685823792836
8.628,900.0419722095886,0.045557968794064006,0.0,0.2,0.2,20.249999999999996,0.8,0.8,900.0,0.003,0.0,20,0.5,0.018872436,0.004683686830769123
8.631,900.041972218345,0.045531433539262346,0.0,0.2,0.2,20.249999999999996,0.8,0.8,900.0,0.003,0.0,20,0.5,0.022292579,0.00468368785021298
8.634,900.0419722272131,0.04550547513581448,0.0,0.2,0.2,20.249999999999996,0.8,0.8,900.0,0.003,0.0,20,0.5,0.018760155,0.004683688882779635
8.637,900.0419722362017,0.045480086382041124,0.0,0.2,0.2,20.249999999999996,0.8,0.8,900.0,0.003,0.0,20,0.5,0.018830716,0.004683689929128372
8.64,900.0419722453148,0.04545526018317748,0.0,0.2,0.2,20.249999999999996,0.8,0.8,900.0,0.003,0.0,20,0.5,0.021956447,0.004683690989758351
8.643,900.0419722545631,0.04543098955771348,0.0,0.2,0.2,20.249999999999996,0.8,0.8,900.0,0.003,0.0,20,0.5,0.018983107,0.004683692064916621
8.646,900.041972263935,0.04540726765252984,0.0,0.2,0.2,20.249999999999996,0.8,0.8,900.0,0.003,0.0,20,0.5,0.01948125,0.0046836931545441
8.649000000000001,900.0419722734389,0.04538408775299248,0.0,0.2,0.2,20.249999999999996,0.8,0.8,900.0,0.003,0.0,20,0.5,0.022094128,0.004683694258363102
8.652000000000001,900.0419722830711,0.045361443292784714,0.0,0.2,0.2,20.249999999999996,0.8,0.8,900.0,0.003,0.0,20,0.5,0.018900937,0.0046836953761550965
8.655,900.0419722928323,0.04533932782146257,0.0,0.2,0.2,20.249999999999996,0.8,0.8,900.0,0.003,0.0,20,0.5,0.019331109,0.0046836965074613665
8.658,900.0419723027156,0.04531773502462469,0.0,0.2,0.2,20.249999999999996,0.8,0.8,900.0,0.003,0.0,20,0.5,0.021566694,0.004683697651694836
8.661,900.0419723127142,0.04529665872211416,0.0,0.2,0.2,20.249999999999996,0.8,0.8,900.0,0.003,0.0,20,0.5,0.018969117,0.00468369880821055
8.664,900.0419723228256,0.0452760928531791,0.0,0.2,0.2,20.249999999999996,0.8,0.8,900.0,0.003,0.0,20,0.5,0.018972267,0.004683699976332151
8.667,900.0419723330416,0.045256031485440856,0.0,0.2,0.2,20.249999999999996,0.8,0.8,900.0,0.003,0.0,20,0.5,0.02247844,0.00468370115541578
8.67,900.0419723433581,0.045236468817225636,0.0,0.2,0.2,20.249999999999996,0.8,0.8,900.0,0.003,0.0,20,0.5,0.018918327,0.004683702344887471
8.673,900.0419723537674,0.045217399176350426,0.0,0.2,0.2,20.249999999999996,0.8,0.8,900.0,0.003,0.0,20,0.5,0.018815495,0.004683703544257242
8.676,900.0419723642667,0.04519881701525719,0.0,0.2,0.2,20.249999999999996,0.8,0.8,900.0,0.003,0.0,20,0.5,0.022283019,0.004683704753130522
8.679,900.0419723748527,0.045180716901984656,0.0,0.2,0.2,20.249999999999996,0.8,0.8,900.0,0.003,0.0,20,0.5,0.018909447,0.00468370597118928
8.682,900.0419723855226,0.045163093524338394,0.0,0.2,0.2,20.249999999999996,0.8,0.8,900.0,0.003,0.0,20,0.5,0.018818246,0.004683707198185035
8.685,900.04197239627,0.045145941691307215,0.0,0.2,0.2,20.249999999999996,0.8,0.8,900.0,0.003,0.0,20,0.5,0.022065567,0.004683708433929663
8.688,900.041972407101,0.04512925633121248,0.0,0.2,0.2,20.249999999999996,0.8,0.8,900.0,0.003,0.0,20,0.5,0.018737025,0.004683709678258419
8.691,900.0419724180048,0.04511303248816299,0.0,0.2,0.2,20.249999999999996,0.8,0.8,900.0,0.003,0.0,20,0.5,0.019488021,0.0046837109310355115
8.694,900.0419724289892,0.045097265323105123,0.0,0.2,0.2,20.249999999999996,0.8,0.8,900.0,0.003,0.0,20,0.5,0.022471481,0.004683712192123366
8.697000000000001,900.0419724400484,0.04508195010860196,0.0,0.2,0.2,20.249999999999996,0.8,0.8,900.0,0.003,0.0,20,0.5,0.01940148,0.004683713461380928
8.700000000000001,900.0419724511806,0.045067082207278675,0.0,0.2,0.2,20.249999999999996,0.8,0.8,900.0,0.003,0.0,20,0.5,0.018951407,0.004683714738539395
8.703,900.0419724623843,0.045052657088171515,0.0,0.2,0.2,20.249999999999996,0.8,0.8,900.0,0.003,0.0,20,0.5,0.021954686,0.004683716023230408
8.706,900.0419724736557,0.04503867033087806,0.0,0.2,0.2,20.249999999999996,0.8,0.8,900.0,0.003,0.0,20,0.5,0.018920046,0.004683717315010545
8.709,900.0419724849938,0.04502511762397899,0.0,0.2,0.2,20.249999999999996,0.8,0.8,900.0,0.003,0.0,20,0.5,0.019621961,0.004683718613355675
8.712,900.0419724963915,0.04501199476071095,0.0,0.2,0.2,20.249999999999996,0.8,0.8,900.0,0.003,0.0,20,0.5,0.021874157,0.004683719917679044
8.715,900.0419725078409,0.044999297633268,0.0,0.2,0.2,20.249999999999996,0.8,0.8,900.0,0.003,0.0,20,0.5,0.01938665,0.004683721227337021
8.718,900.0419725193422,0.044987022226838924,0.0,0.2,0.2,20.249999999999996,0.8,0.8,900.0,0.003,0.0,20,0.5,0.018894856,0.004683722541660468
8.721,900.0419725308848,0.04497516462346443,0.0,0.2,0.2,20.249999999999996,0.8,0.8,900.0,0.003,0.0,20,0.5,0.022088418,0.004683723859991938
8.724,900.0419725424647,0.04496372099999162,0.0,0.2,0.2,20.249999999999996,0.8,0.8,900.0,0.003,0.0,20,0.5,0.018918887,0.004683725181694761
8.727,900.0419725540733,0.044952687625421324,0.0,0.2,0.2,20.249999999999996,0.8,0.8,900.0,0.003,0.0,20,0.5,0.019573061,0.004683726506168876
8.73,900.0419725657106,0.04494206085787729,0.0,0.2,0.2,20.249999999999996,0.8,0.8,900.0,0.003,0.0,20,0.5,0.022050207,0.004683727832870438
8.733,900.0419725773671,0.04493183714071392,0.0,0.2,0.2,20.249999999999996,0.8,0.8,900.0,0.003,0.0,20,0.5,0.019041137,0.004683729161310948
8.736,900.041972589042,0.044922013010066236,0.0,0.2,0.2,20.249999999999996,0.8,0.8,900.0,0.003,0.0,20,0.5,0.019170279,0.004683730491066104
8.739,900.0419726007297,0.044912585089028983,0.0,0.2,0.2,20.249999999999996,0.8,0.8,900.0,0.003,0.0,20,0.5,0.021955537,0.004683731821816932
8.742,900.0419726124258,0.0449035500552415,0.0,0.2,0.2,20.249999999999996,0.8,0.8,900.0,0.003,0.0,20,0.5,0.019075918,0.004683733153393
8.745000000000001,900.0419726241305,0.04489490460625709,0.0,0.2,0.2,20.249999999999996,0.8,0.8,900.0,0.003,0.0,20,0.5,0.019372029,0.004683734485341025
8.748,900.0419726358415,0.04488664551251345,0.0,0.2,0.2,20.249999999999996,0.8,0.8,900.0,0.003,0.0,20,0.5,0.021569744,0.004683735817147789
8.751,900.04197264755,0.0448787696172411,0.0,0.2,0.2,20.249999999999996,0.8,0.8,900.0,0.003,0.0,20,0.5,0.018954557,0.004683737148301506
8.754,900.041972659255,0.04487127383368451,0.0,0.2,0.2,20.249999999999996,0.8,0.8,900.0,0.003,0.0,20,0.5,0.019442559,0.004683738478281878
8.757,900.0419726709484,0.044864155142790824,0.0,0.2,0.2,20.249999999999996,0.8,0.8,900.0,0.003,0.0,20,0.5,0.022890123,0.004683739806552748
8.76,900.0419726826299,0.04485741059107489,0.0,0.2,0.2,20.249999999999996,0.8,0.8,900.0,0.003,0.0,20,0.5,0.018863367,0.004683741132585585
8.763,900.0419726942915,0.04485103728776017,0.0,0.2,0.2,20.249999999999996,0.8,0.8,900.0,0.003,0.0,20,0.5,0.019104228,0.0046837424559452445
8.766,900.0419727059301,0.044845032388411254,0.0,0.2,0.2,20.249999999999996,0.8,0.8,900.0,0.003,0.0,20,0.5,0.021658264,0.0046837437762816065
8.769,900.0419727175425,0.04483939309747758,0.0,0.2,0.2,20.249999999999996,0.8,0.8,900.0,0.003,0.0,20,0.5,0.018972667,0.004683745093273284
8.772,900.0419727291279,0.04483411667625497,0.0,0.2,0.2,20.249999999999996,0.8,0.8,900.0,0.003,0.0,20,0.5,0.018967417,0.004683746406694266
8.775,900.0419727406785,0.04482920044025966,0.0,0.2,0.2,20.249999999999996,0.8,0.8,900.0,0.003,0.0,20,0.5,0.022666691,0.004683747716381221
8.778,900.0419727521974,0.04482464176227606,0.0,0.2,0.2,20.249999999999996,0.8,0.8,900.0,0.003,0.0,20,0.5,0.018870856,0.00468374902210253
8.781,900.0419727636826,0.04482043809083457,0.0,0.2,0.2,20.249999999999996,0.8,0.8,900.0,0.003,0.0,20,0.5,0.01951365,0.004683750323768005
8.784,900.041972775129,0.044816586924650736,0.0,0.2,0.2,20.249999999999996,0.8,0.8,900.0,0.003,0.0,20,0.5,0.022098967,0.004683751621407996
8.787,900.0419727865446,0.044813085805662414,0.0,0.2,0.2,20.249999999999996,0.8,0.8,900.0,0.003,0.0,20,0.5,0.018930826,0.004683752915133683
8.790000000000001,900.0419727979246,0.04480993231151318,0.0,0.2,0.2,20.249999999999996,0.8,0.8,900.0,0.003,0.0,20,0.5,0.018840606,0.004683754205100489
8.793000000000001,900.0419728092728,0.04480712403518096,0.0,0.2,0.2,20.249999999999996,0.8,0.8,900.0,0.003,0.0,20,0.5,0.022070278,0.004683755491456264
8.796,900.0419728205876,0.04480465859234775,0.0,0.2,0.2,20.249999999999996,0.8,0.8,900.0,0.003,0.0,20,0.5,0.019083808,0.004683756774279216
8.799,900.0419728318714,0.04480253363346693,0.0,0.2,0.2,20.249999999999996,0.8,0.8,900.0,0.003,0.0,20,0.5,0.018691035,0.004683758053595074
8.802,900.0419728431247,0.04480074684129627,0.0,0.2,0.2,20.249999999999996,0.8,0.8,900.0,0.003,0.0,20,0.5,0.022183328,0.004683759329388382
8.805,900.0419728543494,0.04479929592735583,0.0,0.2,0.2,20.249999999999996,0.8,0.8,900.0,0.003,0.0,20,0.5,0.019686711,0.00468376060162306
8.808,900.0419728655435,0.044798178630681695,0.0,0.2,0.2,20.249999999999996,0.8,0.8,900.0,0.003,0.0,20,0.5,0.019140538,0.004683761870271589
8.811,900.0419728767052,0.04479739271609827,0.0,0.2,0.2,20.249999999999996,0.8,0.8,900.0,0.003,0.0,20,0.5,0.022846982,0.004683763135345772
8.814,900.0419728878361,0.0447969359721682,0.0,0.2,0.2,20.249999999999996,0.8,0.8,900.0,0.003,0.0,20,0.5,0.019520871,0.00468376439690493
8.817,900.0419728989348,0.04479680620870774,0.0,0.2,0.2,20.249999999999996,0.8,0.8,900.0,0.003,0.0,20,0.5,0.019215468,0.004683765655175496
8.82,900.0419729100092,0.044797001217432554,0.0,0.2,0.2,20.249999999999996,0.8,0.8,900.0,0.003,0.0,20,0.5,0.022327689,0.004683766910662669
8.823,900.0419729210612,0.04479751873823361,0.0,0.2,0.2,20.249999999999996,0.8,0.8,900.0,0.003,0.0,20,0.5,0.018926007,0.004683768163881858
8.826,900.0419729320907,0.04479835651526465,0.0,0.2,0.2,20.249999999999996,0.8,0.8,900.0,0.003,0.0,20,0.5,0.0193484,0.004683769415304663
8.829,900.0419729431094,0.04479951225235277,0.0,0.2,0.2,20.249999999999996,0.8,0.8,900.0,0.003,0.0,20,0.5,0.022285459,0.004683770665195639
8.832,900.0419729541087,0.044800983646504235,0.0,0.2,0.2,20.249999999999996,0.8,0.8,900.0,0.003,0.0,20,0.5,0.019292959,0.004683771913713215
8.835,900.0419729651038,0.04480276840203771,0.0,0.2,0.2,20.249999999999996,0.8,0.8,900.0,0.003,0.0,20,0.5,0.018705595,0.004683773161001164
8.838000000000001,900.0419729760865,0.04480486422954866,0.0,0.2,0.2,20.249999999999996,0.8,0.8,900.0,0.003,0.0,20,0.5,0.02249656,0.004683774407187969
8.841,900.0419729870621,0.04480726884250098,0.0,0.2,0.2,20.249999999999996,0.8,0.8,900.0,0.003,0.0,20,0.5,0.019118337,0.004683775652388357
8.844,900.0419729980279,0.0448099799558163,0.0,0.2,0.2,20.249999999999996,0.8,0.8,900.0,0.003,0.0,20,0.5,0.01941114,0.004683776896760928
8.847,900.0419730089935,0.04481299527511571,0.0,0.2,0.2,20.249999999999996,0.8,0.8,900.0,0.003,0.0,20,0.5,0.022843843,0.004683778140665822
8.85,900.0419730199578,0.0448163124586971,0.0,0.2,0.2,20.249999999999996,0.8,0.8,900.0,0.003,0.0,20,0.5,0.019089827,0.004683779384387334
8.853,900.0419730309216,0.04481992914450901,0.0,0.2,0.2,20.249999999999996,0.8,0.8,900.0,0.003,0.0,20,0.5,0.019312589,0.004683780628253177
8.856,900.0419730418885,0.0448238429572364,0.0,0.2,0.2,20.249999999999996,0.8,0.8,900.0,0.003,0.0,20,0.5,0.022511451,0.004683781872662835
8.859,900.041973052862,0.04482805151298282,0.0,0.2,0.2,20.249999999999996,0.8,0.8,900.0,0.003,0.0,20,0.5,0.019055137,0.004683783118067483
8.862,900.041973063848,0.044832552415540745,0.0,0.2,0.2,20.249999999999996,0.8,0.8,900.0,0.003,0.0,20,0.5,0.019700262,0.004683784364969012
8.865,900.0419730748507,0.04483734324070701,0.0,0.2,0.2,20.249999999999996,0.8,0.8,900.0,0.003,0.0,20,0.5,0.02236524,0.004683785614464744
8.868,900.0419730858837,0.044842421418047826,0.0,0.2,0.2,20.249999999999996,0.8,0.8,900.0,0.003,0.0,20,0.5,0.01938293,0.00468378686704919
8.871,900.0419730969454,0.04484778431743816,0.0,0.2,0.2,20.249999999999996,0.8,0.8,900.0,0.003,0.0,20,0.5,0.01943404,0.004683788122949449
8.874,900.0419731080391,0.04485342929333415,0.0,0.2,0.2,20.249999999999996,0.8,0.8,900.0,0.003,0.0,20,0.5,0.022005877,0.00468378938236865
8.877,900.041973119166,0.044859353685439134,0.0,0.2,0.2,20.249999999999996,0.8,0.8,900.0,0.003,0.0,20,0.5,0.018874356,0.0046837906454152735
8.88,900.0419731303241,0.044865554805137736,0.0,0.2,0.2,20.249999999999996,0.8,0.8,900.0,0.003,0.0,20,0.5,0.018982257,0.004683791912107925
8.883000000000001,900.0419731415212,0.04487202995746282,0.0,0.2,0.2,20.249999999999996,0.8,0.8,900.0,0.003,0.0,20,0.5,0.02248891,0.004683793182294493
8.886000000000001,900.0419731527485,0.04487877643448974,0.0,0.2,0.2,20.249999999999996,0.8,0.8,900.0,0.003,0.0,20,0.5,0.019024078,0.004683794455704219
8.889,900.0419731640078,0.04488579151384541,0.0,0.2,0.2,20.249999999999996,0.8,0.8,900.0,0.003,0.0,20,0.5,0.018827046,0.00468379573200693
8.892,900.0419731752929,0.044893072454710234,0.0,0.2,0.2,20.249999999999996,0.8,0.8,900.0,0.003,0.0,20,0.5,0.022701332,0.004683797010863139
8.895,900.0419731866043,0.044900616493549976,0.0,0.2,0.2,20.249999999999996,0.8,0.8,900.0,0.003,0.0,20,0.5,0.019043087,0.0046837982919305425
8.898,900.041973197934,0.04490842085003325,0.0,0.2,0.2,20.249999999999996,0.8,0.8,900.0,0.003,0.0,20,0.5,0.01938902,0.004683799575066792
8.901,900.0419732092888,0.04491648267677665,0.0,0.2,0.2,20.249999999999996,0.8,0.8,900.0,0.003,0.0,20,0.5,0.022483351,0.00468380086037185
8.904,900.0419732206643,0.04492479907126248,0.0,0.2,0.2,20.249999999999996,0.8,0.8,900.0,0.003,0.0,20,0.5,0.019643922,0.004683802148057924
8.907,900.0419732320594,0.044933367113087035,0.0,0.2,0.2,20.249999999999996,0.8,0.8,900.0,0.003,0.0,20,0.5,0.01947877,0.004683803438396141
8.91,900.0419732434821,0.04494218385808654,0.0,0.2,0.2,20.249999999999996,0.8,0.8,900.0,0.003,0.0,20,0.5,0.022130978,0.004683804731665406
8.913,900.0419732549335,0.044951246337744825,0.0,0.2,0.2,20.249999999999996,0.8,0.8,900.0,0.003,0.0,20,0.5,0.018878667,0.004683806028157413
8.916,900.0419732664166,0.04496055153234194,0.0,0.2,0.2,20.249999999999996,0.8,0.8,900.0,0.003,0.0,20,0.5,0.019087177,0.004683807328135014
8.919,900.0419732779319,0.04497009639084242,0.0,0.2,0.2,20.249999999999996,0.8,0.8,900.0,0.003,0.0,20,0.5,0.022170038,0.004683808631797861
8.922,900.0419732894844,0.04497987784538841,0.0,0.2,0.2,20.249999999999996,0.8,0.8,900.0,0.003,0.0,20,0.5,0.01949682,0.004683809939268431
8.925,900.0419733010679,0.04498989281175061,0.0,0.2,0.2,20.249999999999996,0.8,0.8,900.0,0.003,0.0,20,0.5,0.019008606,0.004683811250585699
8.928,900.041973312695,0.04500013818002892,0.0,0.2,0.2,20.249999999999996,0.8,0.8,900.0,0.003,0.0,20,0.5,0.02248384,0.004683812565749831
8.931000000000001,900.0419733243641,0.04501061072166723,0.0,0.2,0.2,20.249999999999996,0.8,0.8,900.0,0.003,0.0,20,0.5,0.019086868,0.004683813884735792
8.934000000000001,900.0419733360666,0.04502130715253101,0.0,0.2,0.2,20.249999999999996,0.8,0.8,900.0,0.003,0.0,20,0.5,0.0195025,0.0046838152074852426
8.937,900.0419733478051,0.045032224169911234,0.0,0.2,0.2,20.249999999999996,0.8,0.8,900.0,0.003,0.0,20,0.5,0.022366689,0.004683816533775628
8.94,900.0419733595778,0.04504335845274528,0.0,0.2,0.2,20.249999999999996,0.8,0.8,900.0,0.003,0.0,20,0.5,0.019700752,0.004683817863214139
8.943,900.0419733713805,0.04505470666254435,0.0,0.2,0.2,20.249999999999996,0.8,0.8,900.0,0.003,0.0,20,0.5,0.018901946,0.004683819195325252
8.946,900.0419733832089,0.0450662654406509,0.0,0.2,0.2,20.249999999999996,0.8,0.8,900.0,0.003,0.0,20,0.5,0.021905006,0.004683820529597725
8.949,900.0419733950591,0.045078031397741664,0.0,0.2,0.2,20.249999999999996,0.8,0.8,900.0,0.003,0.0,20,0.5,0.019005067,0.0046838218655230884
8.952,900.0419734069263,0.045090001087256575,0.0,0.2,0.2,20.249999999999996,0.8,0.8,900.0,0.003,0.0,20,0.5,0.018951407,0.004683823202743261
8.955,900.0419734188089,0.045102171064662404,0.0,0.2,0.2,20.249999999999996,0.8,0.8,900.0,0.003,0.0,20,0.5,0.02246486,0.004683824540960133
8.958,900.041973430701,0.045114537872035926,0.0,0.2,0.2,20.249999999999996,0.8,0.8,900.0,0.003,0.0,20,0.5,0.019174498,0.004683825879991942
8.961,900.0419734426029,0.0451270980298705,0.0,0.2,0.2,20.249999999999996,0.8,0.8,900.0,0.003,0.0,20,0.5,0.018692545,0.0046838272199638065
8.964,900.0419734545168,0.04513984795873551,0.0,0.2,0.2,20.249999999999996,0.8,0.8,900.0,0.003,0.0,20,0.5,0.022085858,0.004683828561499236
8.967,900.0419734664464,0.04515278388846813,0.0,0.2,0.2,20.249999999999996,0.8,0.8,900.0,0.003,0.0,20,0.5,0.018897977,0.004683829905437807
8.97,900.0419734784012,0.045165901996704824,0.0,0.2,0.2,20.249999999999996,0.8,0.8,900.0,0.003,0.0,20,0.5,0.019726022,0.004683831252723009
8.973,900.0419734903835,0.045179198446305656,0.0,0.2,0.2,20.249999999999996,0.8,0.8,900.0,0.003,0.0,20,0.5,0.021952526,0.004683832604282691
8.976,900.0419735024105,0.04519266938645054,0.0,0.2,0.2,20.249999999999996,0.8,0.8,900.0,0.003,0.0,20,0.5,0.018857366,0.0046838339610024895
8.979000000000001,900.0419735144868,0.045206310933590566,0.0,0.2,0.2,20.249999999999996,0.8,0.8,900.0,0.003,0.0,20,0.5,0.018928397,0.004683835323686714
8.982,900.0419735266182,0.0452201191602664,0.0,0.2,0.2,20.249999999999996,0.8,0.8,900.0,0.003,0.0,20,0.5,0.022207859,0.00468383669284733
8.985,900.0419735388086,0.04523409011653466,0.0,0.2,0.2,20.249999999999996,0.8,0.8,900.0,0.003,0.0,20,0.5,0.019120458,0.004683838068701984
8.988,900.0419735510598,0.04524821984298851,0.0,0.2,0.2,20.249999999999996,0.8,0.8,900.0,0.003,0.0,20,0.5,0.019098978,0.004683839451215838
8.991,900.0419735633758,0.04526250436561349,0.0,0.2,0.2,20.249999999999996,0.8,0.8,900.0,0.003,0.0,20,0.5,0.02248828,0.0046838408401160435
8.994,900.04197357575,0.045276939699439606,0.0,0.2,0.2,20.249999999999996,0.8,0.8,900.0,0.003,0.0,20,0.5,0.01939126,0.0046838422349161826
8.997,900.0419735881787,0.04529152185364815,0.0,0.2,0.2,20.249999999999996,0.8,0.8,900.0,0.003,0.0,20,0.5,0.019063058,0.004683843634999679
9.0,900.0419736006552,0.04530624683268216,0.0,0.2,0.2,20.249999999999996,0.8,0.8,900.0,0.003,0.0,20,0.5,0.022409499,0.004683845039690225
9.003,900.0419736131754,0.04532111063737239,0.0,0.2,0.2,20.249999999999996,0.8,0.8,900.0,0.003,0.0,20,0.5,0.019024667,0.004683846448353734
9.006,900.041973625734,0.0453361092623557,0.0,0.2,0.2,20.249999999999996,0.8,0.8,900.0,0.003,0.0,20,0.5,0.019100538,0.004683847860744069
9.009,900.041973638327,0.045351238559750165,0.0,0.2,0.2,20.249999999999996,0.8,0.8,900.0,0.003,0.0,20,0.5,0.02245736,0.004683849276917051
9.012,900.0419736509565,0.04536649430849565,0.0,0.2,0.2,20.249999999999996,0.8,0.8,900.0,0.003,0.0,20,0.5,0.0195582,0.004683850697047172
9.015,900.0419736636222,0.04538187228786539,0.0,0.2,0.2,20.249999999999996,0.8,0.8,900.0,0.003,0.0,20,0.5,0.019201378,0.004683852121463979
9.018,900.0419736763321,0.0453973682789035,0.0,0.2,0.2,20.249999999999996,0.8,0.8,900.0,0.003,0.0,20,0.5,0.022981423,0.004683853550603868
9.021,900.0419736890816,0.045412978067210126,0.0,0.2,0.2,20.249999999999996,0.8,0.8,900.0,0.003,0.0,20,0.5,0.019075947,0.004683854984907414
9.024000000000001,900.0419737018838,0.045428697452192975,0.0,0.2,0.2,20.249999999999996,0.8,0.8,900.0,0.003,0.0,20,0.5,0.019154178,0.004683856424804813
9.027000000000001,900.0419737147308,0.04544452224127179,0.0,0.2,0.2,20.249999999999996,0.8,0.8,900.0,0.003,0.0,20,0.5,0.022527291,0.004683857870703118
9.03,900.0419737276376,0.0454604482496667,0.0,0.2,0.2,20.249999999999996,0.8,0.8,900.0,0.003,0.0,20,0.5,0.018507554,0.004683859323006005
9.033,900.0419737406067,0.04547647124745925,0.0,0.2,0.2,20.249999999999996,0.8,0.8,900.0,0.003,0.0,20,0.5,0.01933142,0.004683860782116755
9.036,900.0419737536364,0.04549258683175348,0.0,0.2,0.2,20.249999999999996,0.8,0.8,900.0,0.003,0.0,20,0.5,0.021920547,0.00468386224803139
9.039,900.0419737667302,0.04550879056075306,0.0,0.2,0.2,20.249999999999996,0.8,0.8,900.0,0.003,0.0,20,0.5,0.019329889,0.0046838637205299525
9.042,900.0419737798843,0.045525077980038804,0.0,0.2,0.2,20.249999999999996,0.8,0.8,900.0,0.003,0.0,20,0.5,0.018852726,0.004683865199208165
9.045,900.041973793096,0.04554144464398716,0.0,0.2,0.2,20.249999999999996,0.8,0.8,900.0,0.003,0.0,20,0.5,0.0224048,0.0046838666835821935
9.048,900.0419738063588,0.045557886118914565,0.0,0.2,0.2,20.249999999999996,0.8,0.8,900.0,0.003,0.0,20,0.5,0.018952906,0.0046838681731968335
9.051,900.041973819671,0.04557439797780918,0.0,0.2,0.2,20.249999999999996,0.8,0.8,900.0,0.003,0.0,20,0.5,0.019205448,0.004683869667636057
9.054,900.0419738330254,0.04559097580690865,0.0,0.2,0.2,20.249999999999996,0.8,0.8,900.0,0.003,0.0,20,0.5,0.022344779,0.004683871166496573
9.057,900.0419738464228,0.04560761521828573,0.0,0.2,0.2,20.249999999999996,0.8,0.8,900.0,0.003,0.0,20,0.5,0.018846365,0.004683872669511177
9.06,900.0419738598592,0.045624311843379936,0.0,0.2,0.2,20.249999999999996,0.8,0.8,900.0,0.003,0.0,20,0.5,0.019704371,0.004683874176577134
9.063,900.0419738733314,0.04564106133290168,0.0,0.2,0.2,20.249999999999996,0.8,0.8,900.0,0.003,0.0,20,0.5,0.021789666,0.0046838756877451765
9.066,900.0419738868447,0.045657859360025074,0.0,0.2,0.2,20.249999999999996,0.8,0.8,900.0,0.003,0.0,20,0.5,0.019339299,0.004683877203480464
9.069,900.0419739004028,0.045674701530056365,0.0,0.2,0.2,20.249999999999996,0.8,0.8,900.0,0.003,0.0,20,0.5,0.019256369,0.0046838787251084375
9.072000000000001,900.0419739140191,0.0456915832397251,0.0,0.2,0.2,20.249999999999996,0.8,0.8,900.0,0.003,0.0,20,0.5,0.02237337,0.004683880253609678
9.075000000000001,900.0419739276964,0.045708499897649586,0.0,0.2,0.2,20.249999999999996,0.8,0.8,900.0,0.003,0.0,20,0.5,0.018448273,0.004683881790037991
9.078,900.0419739414472,0.04572544694077433,0.0,0.2,0.2,20.249999999999996,0.8,0.8,900.0,0.003,0.0,20,0.5,0.01943201,0.004683883335447868
9.081,900.04197395528,0.04574241983648059,0.0,0.2,0.2,20.249999999999996,0.8,0.8,900.0,0.003,0.0,20,0.5,0.022135738,0.004683884890789214
9.084,900.0419739692023,0.04575941408377729,0.0,0.2,0.2,20.249999999999996,0.8,0.8,900.0,0.003,0.0,20,0.5,0.018810225,0.00468388645683027
9.087,900.0419739832234,0.04577642521437119,0.0,0.2,0.2,20.249999999999996,0.8,0.8,900.0,0.003,0.0,20,0.5,0.019694331,0.0046838880340988225
9.09,900.0419739973439,0.045793448794205736,0.0,0.2,0.2,20.249999999999996,0.8,0.8,900.0,0.003,0.0,20,0.5,0.022572441,0.004683889622865262
9.093,900.0419740115726,0.04581048042019248,0.0,0.2,0.2,20.249999999999996,0.8,0.8,900.0,0.003,0.0,20,0.5,0.019118788,0.004683891223127837
9.096,900.0419740259033,0.045827515720625905,0.0,0.2,0.2,20.249999999999996,0.8,0.8,900.0,0.003,0.0,20,0.5,0.019162408,0.004683892834933182
9.099,900.0419740403398,0.04584455027152867,0.0,0.2,0.2,20.249999999999996,0.8,0.8,900.0,0.003,0.0,20,0.5,0.02242514,0.004683894458320284
9.102,900.0419740548823,0.04586157965075189,0.0,0.2,0.2,20.249999999999996,0.8,0.8,900.0,0.003,0.0,20,0.5,0.019220649,0.004683896093154858
9.105,900.0419740695294,0.045878599476301594,0.0,0.2,0.2,20.249999999999996,0.8,0.8,900.0,0.003,0.0,20,0.5,0.01938535,0.004683897739147097
9.108,900.0419740842755,0.045895605407141896,0.0,0.2,0.2,20.249999999999996,0.8,0.8,900.0,0.003,0.0,20,0.5,0.022268269,0.004683899395961475
9.111,900.0419740991243,0.04591259307346278,0.0,0.2,0.2,20.249999999999996,0.8,0.8,900.0,0.003,0.0,20,0.5,0.019400259,0.004683901063436675
9.114,900.0419741140729,0.0459295578750466,0.0,0.2,0.2,20.249999999999996,0.8,0.8,900.0,0.003,0.0,20,0.5,0.019836172,0.004683902741297751
9.117,900.0419741291132,0.04594649520431095,0.0,0.2,0.2,20.249999999999996,0.8,0.8,900.0,0.003,0.0,20,0.5,0.022107647,0.004683904429103603
9.120000000000001,900.0419741442466,0.04596340048733128,0.0,0.2,0.2,20.249999999999996,0.8,0.8,900.0,0.003,0.0,20,0.5,0.019222338,0.004683906126204128
9.123,900.0419741594646,0.04598026920171766,0.0,0.2,0.2,20.249999999999996,0.8,0.8,900.0,0.003,0.0,20,0.5,0.019284718,0.0046839078320146865
9.126,900.041974174762,0.045997096879559156,0.0,0.2,0.2,20.249999999999996,0.8,0.8,900.0,0.003,0.0,20,0.5,0.021862936,0.004683909546110555
9.129,900.0419741901329,0.046013879108226435,0.0,0.2,0.2,20.249999999999996,0.8,0.8,900.0,0.003,0.0,20,0.5,0.019170178,0.004683911268263773
9.132,900.041974205581,0.046030611531993094,0.0,0.2,0.2,20.249999999999996,0.8,0.8,900.0,0.003,0.0,20,0.5,0.019062688,0.0046839129984432605
9.135,900.0419742210997,0.04604728985336486,0.0,0.2,0.2,20.249999999999996,0.8,0.8,900.0,0.003,0.0,20,0.5,0.022211009,0.0046839147367821
9.138,900.0419742366925,0.04606390983370377,0.0,0.2,0.2,20.249999999999996,0.8,0.8,900.0,0.003,0.0,20,0.5,0.019094348,0.004683916483556542
9.141,900.0419742523635,0.04608046729432648,0.0,0.2,0.2,20.249999999999996,0.8,0.8,900.0,0.003,0.0,20,0.5,0.018955627,0.004683918239155505
9.144,900.0419742681145,0.04609695811331889,0.0,0.2,0.2,20.249999999999996,0.8,0.8,900.0,0.003,0.0,20,0.5,0.022101267,0.004683920004037995
9.147,900.0419742839496,0.04611337823003022,0.0,0.2,0.2,20.249999999999996,0.8,0.8,900.0,0.003,0.0,20,0.5,0.018907927,0.004683921778694217
9.15,900.0419742998766,0.0461297236478369,0.0,0.2,0.2,20.249999999999996,0.8,0.8,900.0,0.003,0.0,20,0.5,0.018830916,0.004683923563625777
9.153,900.0419743158933,0.04614599043543125,0.0,0.2,0.2,20.249999999999996,0.8,0.8,900.0,0.003,0.0,20,0.5,0.022330019,0.0046839253593128315
9.156,900.0419743320095,0.04616217472776694,0.0,0.2,0.2,20.249999999999996,0.8,0.8,900.0,0.003,0.0,20,0.5,0.019153178,0.0046839271661941965
9.159,900.0419743482266,0.046178272725928886,0.0,0.2,0.2,20.249999999999996,0.8,0.8,900.0,0.003,0.0,20,0.5,0.019057867,0.004683928984642125
9.162,900.0419743645474,0.04619428069622804,0.0,0.2,0.2,20.249999999999996,0.8,0.8,900.0,0.003,0.0,20,0.5,0.021804505,0.004683930814942496
9.165000000000001,900.0419743809772,0.04621019497126729,0.0,0.2,0.2,20.249999999999996,0.8,0.8,900.0,0.003,0.0,20,0.5,0.018969967,0.004683932657303558
9.168000000000001,900.0419743975161,0.046226011950563736,0.0,0.2,0.2,20.249999999999996,0.8,0.8,900.0,0.003,0.0,20,0.5,0.018986787,0.004683934511959749
9.171,900.041974414167,0.046241728091420985,0.0,0.2,0.2,20.249999999999996,0.8,0.8,900.0,0.003,0.0,20,0.5,0.021661095,0.0046839363789963045
9.174,900.0419744309298,0.046257339916949816,0.0,0.2,0.2,20.249999999999996,0.8,0.8,900.0,0.003,0.0,20,0.5,0.018869396,0.004683938258408291
9.177,900.0419744478055,0.046272844022021024,0.0,0.2,0.2,20.249999999999996,0.8,0.8,900.0,0.003,0.0,20,0.5,0.019111298,0.004683940150171184
9.18,900.0419744647942,0.04628823707478787,0.0,0.2,0.2,20.249999999999996,0.8,0.8,900.0,0.003,0.0,20,0.5,0.022072008,0.004683942054260822
9.183,900.0419744818929,0.04630351581747555,0.0,0.2,0.2,20.249999999999996,0.8,0.8,900.0,0.003,0.0,20,0.5,0.018999457,0.004683943970661241
9.186,900.0419744991033,0.04631867706682144,0.0,0.2,0.2,20.249999999999996,0.8,0.8,900.0,0.003,0.0,20,0.5,0.018732426,0.004683945899379096
9.189,900.0419745164254,0.04633371771439413,0.0,0.2,0.2,20.249999999999996,0.8,0.8,900.0,0.003,0.0,20,0.5,0.021818946,0.004683947840447755
9.192,900.0419745338587,0.046348634727026786,0.0,0.2,0.2,20.249999999999996,0.8,0.8,900.0,0.003,0.0,20,0.5,0.018754926,0.004683949793979653
9.195,900.0419745514031,0.04636342514145447,0.0,0.2,0.2,20.249999999999996,0.8,0.8,900.0,0.003,0.0,20,0.5,0.019022887,0.004683951760280712
9.198,900.0419745690656,0.04637808604497587,0.0,0.2,0.2,20.249999999999996,0.8,0.8,900.0,0.003,0.0,20,0.5,0.021760575,0.004683953739657098
9.201,900.0419745868465,0.046392614591614534,0.0,0.2,0.2,20.249999999999996,0.8,0.8,900.0,0.003,0.0,20,0.5,0.019292789,0.0046839557324069685
9.204,900.0419746047501,0.046407007994215196,0.0,0.2,0.2,20.249999999999996,0.8,0.8,900.0,0.003,0.0,20,0.5,0.019034227,0.004683957738716232
9.207,900.0419746227734,0.046421263541751134,0.0,0.2,0.2,20.249999999999996,0.8,0.8,900.0,0.003,0.0,20,0.5,0.022281639,0.004683959758695447
9.21,900.0419746409217,0.046435378600402755,0.0,0.2,0.2,20.249999999999996,0.8,0.8,900.0,0.003,0.0,20,0.5,0.018663325,0.004683961792363689
9.213000000000001,900.0419746591938,0.04644935061505789,0.0,0.2,0.2,20.249999999999996,0.8,0.8,900.0,0.003,0.0,20,0.5,0.019547941,0.004683963839635142
9.216000000000001,900.0419746775864,0.046463177112021706,0.0,0.2,0.2,20.249999999999996,0.8,0.8,900.0,0.003,0.0,20,0.5,0.021980557,0.004683965900377297
9.219,900.0419746961046,0.04647685569138423,0.0,0.2,0.2,20.249999999999996,0.8,0.8,900.0,0.003,0.0,20,0.5,0.019035847,0.004683967974409473
9.222,900.0419747147376,0.04649038403063611,0.0,0.2,0.2,20.249999999999996,0.8,0.8,900.0,0.003,0.0,20,0.5,0.018846766,0.004683970061499278
9.225,900.0419747334919,0.04650375988784643,0.0,0.2,0.2,20.249999999999996,0.8,0.8,900.0,0.003,0.0,20,0.5,0.021730175,0.004683972161381442
9.228,900.041974752363,0.046516981087266096,0.0,0.2,0.2,20.249999999999996,0.8,0.8,900.0,0.003,0.0,20,0.5,0.01939624,0.004683974273857524
9.231,900.0419747713479,0.046530045480415505,0.0,0.2,0.2,20.249999999999996,0.8,0.8,900.0,0.003,0.0,20,0.5,0.018830726,0.004683976398914076
9.234,900.0419747904456,0.04654295092085823,0.0,0.2,0.2,20.249999999999996,0.8,0.8,900.0,0.003,0.0,20,0.5,0.021803965,0.004683978536269418
9.237,900.0419748096541,0.04655569534109447,0.0,0.2,0.2,20.249999999999996,0.8,0.8,900.0,0.003,0.0,20,0.5,0.018729075,0.004683980685639836
9.24,900.0419748289743,0.04656827676407407,0.0,0.2,0.2,20.249999999999996,0.8,0.8,900.0,0.003,0.0,20,0.5,0.018954027,0.004683982846973257
9.243,900.0419748483994,0.046580693256134106,0.0,0.2,0.2,20.249999999999996,0.8,0.8,900.0,0.003,0.0,20,0.5,0.021553054,0.00468398502032734
9.246,900.041974867937,0.04659294294306147,0.0,0.2,0.2,20.249999999999996,0.8,0.8,900.0,0.003,0.0,20,0.5,0.018754885,0.0046839872056690275
9.249,900.0419748875788,0.04660502403151735,0.0,0.2,0.2,20.249999999999996,0.8,0.8,900.0,0.003,0.0,20,0.5,0.019192128,0.004683989402828543
9.252,900.0419749073326,0.046616934778807774,0.0,0.2,0.2,20.249999999999996,0.8,0.8,900.0,0.003,0.0,20,0.5,0.022333469,0.004683991611573563
9.255,900.0419749271877,0.046628673278117004,0.0,0.2,0.2,20.249999999999996,0.8,0.8,900.0,0.003,0.0,20,0.5,0.018753365,0.004683993831120453
9.258000000000001,900.0419749471417,0.04664023765222066,0.0,0.2,0.2,20.249999999999996,0.8,0.8,900.0,0.003,0.0,20,0.5,0.018622714,0.004683996060238014
9.261000000000001,900.0419749671828,0.04665162610976959,0.0,0.2,0.2,20.249999999999996,0.8,0.8,900.0,0.003,0.0,20,0.5,0.021575853,0.004683998297481773
9.264,900.0419749872949,0.04666283694478401,0.0,0.2,0.2,20.249999999999996,0.8,0.8,900.0,0.003,0.0,20,0.5,0.018974017,0.004684000541373492
9.267,900.0419750074686,0.04667386853662977,0.0,0.2,0.2,20.249999999999996,0.8,0.8,900.0,0.003,0.0,20,0.5,0.018948897,0.0046840027905368856
9.27,900.0419750276934,0.04668471934879352,0.0,0.2,0.2,20.249999999999996,0.8,0.8,900.0,0.003,0.0,20,0.5,0.021875486,0.0046840050440438135
9.273,900.0419750479591,0.04669538788515116,0.0,0.2,0.2,20.249999999999996,0.8,0.8,900.0,0.003,0.0,20,0.5,0.019540491,0.004684007301093047
9.276,900.0419750682552,0.04670587270217109,0.0,0.2,0.2,20.249999999999996,0.8,0.8,900.0,0.003,0.0,20,0.5,0.019147998,0.004684009560809167
9.279,900.041975088575,0.04671617243474039,0.0,0.2,0.2,20.249999999999996,0.8,0.8,900.0,0.003,0.0,20,0.5,0.022047227,0.0046840118227307
9.282,900.0419751089179,0.04672628573686951,0.0,0.2,0.2,20.249999999999996,0.8,0.8,900.0,0.003,0.0,20,0.5,0.019259298,0.004684014086783315
9.285,900.0419751292789,0.04673621130739442,0.0,0.2,0.2,20.249999999999996,0.8,0.8,900.0,0.003,0.0,20,0.5,0.018926557,0.004684016353192094
9.288,900.0419751496619,0.04674594791316689,0.0,0.2,0.2,20.249999999999996,0.8,0.8,900.0,0.003,0.0,20,0.5,0.021833935,0.004684018622384073
9.291,900.0419751700738,0.046755494389304736,0.0,0.2,0.2,20.249999999999996,0.8,0.8,900.0,0.003,0.0,20,0.5,0.018925866,0.004684020894801109
9.294,900.0419751905092,0.04676484965212892,0.0,0.2,0.2,20.249999999999996,0.8,0.8,900.0,0.003,0.0,20,0.5,0.018965576,0.004684023170856331
9.297,900.0419752109788,0.0467740127014271,0.0,0.2,0.2,20.249999999999996,0.8,0.8,900.0,0.003,0.0,20,0.5,0.0225653,0.0046840254509006056
9.3,900.0419752314878,0.046782982613826504,0.0,0.2,0.2,20.249999999999996,0.8,0.8,900.0,0.003,0.0,20,0.5,0.018960446,0.004684027735191404
9.303,900.0419752520324,0.04679175853603373,0.0,0.2,0.2,20.249999999999996,0.8,0.8,900.0,0.003,0.0,20,0.5,0.018969477,0.004684030023812853
9.306000000000001,900.041975272615,0.04680033969619615,0.0,0.2,0.2,20.249999999999996,0.8,0.8,900.0,0.003,0.0,20,0.5,0.021752025,0.004684032316700181
9.309000000000001,900.0419752932377,0.04680872540303857,0.0,0.2,0.2,20.249999999999996,0.8,0.8,900.0,0.003,0.0,20,0.5,0.018759505,0.004684034613658658
9.312,900.0419753138979,0.046816915025432754,0.0,0.2,0.2,20.249999999999996,0.8,0.8,900.0,0.003,0.0,20,0.5,0.018856356,0.004684036914336434
9.315,900.0419753345903,0.04682490800444253,0.0,0.2,0.2,20.249999999999996,0.8,0.8,900.0,0.003,0.0,20,0.5,0.022188038,0.004684039218285615
9.318,900.0419753553115,0.04683270386138185,0.0,0.2,0.2,20.249999999999996,0.8,0.8,900.0,0.003,0.0,20,0.5,0.019039197,0.004684041525010287
9.321,900.0419753760601,0.046840302197415425,0.0,0.2,0.2,20.249999999999996,0.8,0.8,900.0,0.003,0.0,20,0.5,0.018895097,0.004684043834006383
9.324,900.0419753968291,0.04684770269309445,0.0,0.2,0.2,20.249999999999996,0.8,0.8,900.0,0.003,0.0,20,0.5,0.021542264,0.0046840461447965
9.327,900.0419754176097,0.0468549051101374,0.0,0.2,0.2,20.249999999999996,0.8,0.8,900.0,0.003,0.0,20,0.5,0.018906756,0.0046840484569516195
9.33,900.0419754384081,0.0468619092957105,0.0,0.2,0.2,20.249999999999996,0.8,0.8,900.0,0.003,0.0,20,0.5,0.019171917,0.004684050770311879
9.333,900.041975459214,0.046868715144101104,0.0,0.2,0.2,20.249999999999996,0.8,0.8,900.0,0.003,0.0,20,0.5,0.021747905,0.004684053084944814
9.336,900.0419754800313,0.04687532257543903,0.0,0.2,0.2,20.249999999999996,0.8,0.8,900.0,0.003,0.0,20,0.5,0.018732495,0.0046840554009820205
9.339,900.0419755008647,0.0468817315563834,0.0,0.2,0.2,20.249999999999996,0.8,0.8,900.0,0.003,0.0,20,0.5,0.018879456,0.004684057718471764
9.342,900.041975521712,0.0468879421261614,0.0,0.2,0.2,20.249999999999996,0.8,0.8,900.0,0.003,0.0,20,0.5,0.022208378,0.00468406003748692
9.345,900.0419755425689,0.046893954385032834,0.0,0.2,0.2,20.249999999999996,0.8,0.8,900.0,0.003,0.0,20,0.5,0.018651274,0.004684062358012509
9.348,900.0419755634434,0.04689976848919874,0.0,0.2,0.2,20.249999999999996,0.8,0.8,900.0,0.003,0.0,20,0.5,0.018825016,0.004684064679920037
9.351,900.041975584328,0.046905384664717595,0.0,0.2,0.2,20.249999999999996,0.8,0.8,900.0,0.003,0.0,20,0.5,0.022249439,0.004684067003029744
9.354000000000001,900.0419756052264,0.04691080320203781,0.0,0.2,0.2,20.249999999999996,0.8,0.8,900.0,0.003,0.0,20,0.5,0.018934747,0.004684069327268055
9.357,900.0419756261343,0.046916024418192086,0.0,0.2,0.2,20.249999999999996,0.8,0.8,900.0,0.003,0.0,20,0.5,0.019157518,0.004684071652731989
9.36,900.041975647055,0.04692104856291861,0.0,0.2,0.2,20.249999999999996,0.8,0.8,900.0,0.003,0.0,20,0.5,0.022235708,0.004684073979386209
9.363,900.0419756679861,0.04692587586406668,0.0,0.2,0.2,20.249999999999996,0.8,0.8,900.0,0.003,0.0,20,0.5,0.019074507,0.004684076306893838
9.366,900.0419756889258,0.046930506619116755,0.0,0.2,0.2,20.249999999999996,0.8,0.8,900.0,0.003,0.0,20,0.5,0.018739745,0.0046840786349034436
9.369,900.0419757098676,0.04693494119120113,0.0,0.2,0.2,20.249999999999996,0.8,0.8,900.0,0.003,0.0,20,0.5,0.022315429,0.004684080962926634
9.372,900.0419757308115,0.04693918001367542,0.0,0.2,0.2,20.249999999999996,0.8,0.8,900.0,0.003,0.0,20,0.5,0.018879966,0.004684083290370184
9.375,900.0419757517516,0.04694322358970699,0.0,0.2,0.2,20.249999999999996,0.8,0.8,900.0,0.003,0.0,20,0.5,0.019103678,0.004684085616573071
9.378,900.0419757726784,0.04694707248965425,0.0,0.2,0.2,20.249999999999996,0.8,0.8,900.0,0.003,0.0,20,0.5,0.021900527,0.004684087940859414
9.381,900.0419757935871,0.04695072734198375,0.0,0.2,0.2,20.249999999999996,0.8,0.8,900.0,0.003,0.0,20,0.5,0.019340169,0.004684090262518249
9.384,900.0419758144748,0.04695418884015456,0.0,0.2,0.2,20.249999999999996,0.8,0.8,900.0,0.003,0.0,20,0.5,0.019196988,0.004684092580873075
9.387,900.0419758353281,0.04695745774458754,0.0,0.2,0.2,20.249999999999996,0.8,0.8,900.0,0.003,0.0,20,0.5,0.022075957,0.0046840948953353265
9.39,900.0419758561497,0.04696053488159317,0.0,0.2,0.2,20.249999999999996,0.8,0.8,900.0,0.003,0.0,20,0.5,0.018874547,0.004684097205429219
9.393,900.0419758769322,0.04696342114307493,0.0,0.2,0.2,20.249999999999996,0.8,0.8,900.0,0.003,0.0,20,0.5,0.018917486,0.004684099510809159
9.396,900.0419758976711,0.04696611748563093,0.0,0.2,0.2,20.249999999999996,0.8,0.8,900.0,0.003,0.0,20,0.5,0.022073707,0.0046841018112467984
9.399000000000001,900.0419759183674,0.046968624929977186,0.0,0.2,0.2,20.249999999999996,0.8,0.8,900.0,0.003,0.0,20,0.5,0.019025037,0.004684104106613631
9.402000000000001,900.0419759390173,0.04697094455506468,0.0,0.2,0.2,20.249999999999996,0.8,0.8,900.0,0.003,0.0,20,0.5,0.018623334,0.004684106396821458
9.405,900.0419759596192,0.046973077496653436,0.0,0.2,0.2,20.249999999999996,0.8,0.8,900.0,0.003,0.0,20,0.5,0.022103588,0.004684108681782463
9.408,900.0419759801752,0.04697502495159997,0.0,0.2,0.2,20.249999999999996,0.8,0.8,900.0,0.003,0.0,20,0.5,0.018899676,0.004684110961436302
9.411,900.0419760006832,0.04697678816939186,0.0,0.2,0.2,20.249999999999996,0.8,0.8,900.0,0.003,0.0,20,0.5,0.019032147,0.004684113235699003
9.414,900.0419760211463,0.046978368452449876,0.0,0.2,0.2,20.249999999999996,0.8,0.8,900.0,0.003,0.0,20,0.5,0.022025947,0.0046841155044749835
9.417,900.0419760415567,0.04697976715559291,0.0,0.2,0.2,20.249999999999996,0.8,0.8,900.0,0.003,0.0,20,0.5,0.019316829,0.0046841177677181675
9.42,900.0419760619199,0.04698098567952077,0.0,0.2,0.2,20.249999999999996,0.8,0.8,900.0,0.003,0.0,20,0.5,0.019100868,0.004684120025415599
9.423,900.0419760822433,0.04698202543768496,0.0,0.2,0.2,20.249999999999996,0.8,0.8,900.0,0.003,0.0,20,0.5,0.021829586,0.004684122277553339
9.426,900.0419761025161,0.046982887767195024,0.0,0.2,0.2,20.249999999999996,0.8,0.8,900.0,0.003,0.0,20,0.5,0.018958686,0.004684124524092556
9.429,900.0419761227407,0.04698357413437131,0.0,0.2,0.2,20.249999999999996,0.8,0.8,900.0,0.003,0.0,20,0.5,0.019146667,0.00468412676486681
9.432,900.0419761429142,0.04698408605510681,0.0,0.2,0.2,20.249999999999996,0.8,0.8,900.0,0.003,0.0,20,0.5,0.022387149,0.004684128999669976
9.435,900.0419761630332,0.046984425087195955,0.0,0.2,0.2,20.249999999999996,0.8,0.8,900.0,0.003,0.0,20,0.5,0.018797765,0.004684131228342804
9.438,900.0419761830971,0.04698459282486533,0.0,0.2,0.2,20.249999999999996,0.8,0.8,900.0,0.003,0.0,20,0.5,0.018810745,0.004684133450762737
9.441,900.0419762031056,0.04698459091364097,0.0,0.2,0.2,20.249999999999996,0.8,0.8,900.0,0.003,0.0,20,0.5,0.022270429,0.004684135666842067
9.444,900.041976223058,0.04698442104728229,0.0,0.2,0.2,20.249999999999996,0.8,0.8,900.0,0.003,0.0,20,0.5,0.019080728,0.004684137876516107
9.447000000000001,900.0419762429489,0.0469840849668412,0.0,0.2,0.2,20.249999999999996,0.8,0.8,900.0,0.003,0.0,20,0.5,0.018988267,0.004684140079807153
9.450000000000001,900.0419762627872,0.046983584453278014,0.0,0.2,0.2,20.249999999999996,0.8,0.8,900.0,0.003,0.0,20,0.5,0.022134928,0.00468414227685744
9.453,900.0419762825667,0.046982921320456526,0.0,0.2,0.2,20.249999999999996,0.8,0.8,900.0,0.003,0.0,20,0.5,0.019020787,0.0046841444676979675
9.456,900.0419763022951,0.046982097429655985,0.0,0.2,0.2,20.249999999999996,0.8,0.8,900.0,0.003,0.0,20,0.5,0.019070627,0.004684146652419108
9.459,900.0419763219627,0.04698111469189747,0.0,0.2,0.2,20.249999999999996,0.8,0.8,900.0,0.003,0.0,20,0.5,0.022684581,0.004684148831301638
9.462,900.0419763415858,0.046979974988111496,0.0,0.2,0.2,20.249999999999996,0.8,0.8,900.0,0.003,0.0,20,0.5,0.019267049,0.004684151006342011
9.465,900.0419763611785,0.04697867950804015,0.0,0.2,0.2,20.249999999999996,0.8,0.8,900.0,0.003,0.0,20,0.5,0.019192178,0.00468415317950441
9.468,900.0419763807511,0.04697722929508227,0.0,0.2,0.2,20.249999999999996,0.8,0.8,900.0,0.003,0.0,20,0.5,0.022390509,0.0046841553518413665
9.471,900.0419764003213,0.04697562541954612,0.0,0.2,0.2,20.249999999999996,0.8,0.8,900.0,0.003,0.0,20,0.5,0.019788712,0.004684157523500307
9.474,900.0419764198807,0.04697386898547391,0.0,0.2,0.2,20.249999999999996,0.8,0.8,900.0,0.003,0.0,20,0.5,0.019684952,0.004684159693931414
9.477,900.0419764394284,0.04697196113193993,0.0,0.2,0.2,20.249999999999996,0.8,0.8,900.0,0.003,0.0,20,0.5,0.022576991,0.004684161862402551
9.48,900.0419764589632,0.046969903008232734,0.0,0.2,0.2,20.249999999999996,0.8,0.8,900.0,0.003,0.0,20,0.5,0.018860246,0.004684164028093483
9.483,900.0419764784741,0.04696769577050905,0.0,0.2,0.2,20.249999999999996,0.8,0.8,900.0,0.003,0.0,20,0.5,0.018657854,0.00468416618983728
9.486,900.0419764979467,0.04696534060447074,0.0,0.2,0.2,20.249999999999996,0.8,0.8,900.0,0.003,0.0,20,0.5,0.022084217,0.004684168346464555
9.489,900.0419765173735,0.046962838726676386,0.0,0.2,0.2,20.249999999999996,0.8,0.8,900.0,0.003,0.0,20,0.5,0.018938326,0.004684170496931161
9.492,900.0419765367469,0.04696019138399578,0.0,0.2,0.2,20.249999999999996,0.8,0.8,900.0,0.003,0.0,20,0.5,0.019291148,0.004684172640410999
9.495000000000001,900.0419765560591,0.04695739985170765,0.0,0.2,0.2,20.249999999999996,0.8,0.8,900.0,0.003,0.0,20,0.5,0.022146108,0.004684174776347235
9.498,900.0419765752985,0.04695446543356995,0.0,0.2,0.2,20.249999999999996,0.8,0.8,900.0,0.003,0.0,20,0.5,0.019655311,0.004684176904485253
9.501,900.0419765944706,0.04695138946194397,0.0,0.2,0.2,20.249999999999996,0.8,0.8,900.0,0.003,0.0,20,0.5,0.019025017,0.00468417902522145
9.504,900.0419766135799,0.04694817311792658,0.0,0.2,0.2,20.249999999999996,0.8,0.8,900.0,0.003,0.0,20,0.5,0.021950236,0.004684181139751795
9.507,900.0419766326338,0.04694481733895974,0.0,0.2,0.2,20.249999999999996,0.8,0.8,900.0,0.003,0.0,20,0.5,0.018826796,0.004684183248795323
9.51,900.0419766516397,0.0469413230856198,0.0,0.2,0.2,20.249999999999996,0.8,0.8,900.0,0.003,0.0,20,0.5,0.019282699,0.004684185352497083
9.513,900.0419766705973,0.04693769134025151,0.0,0.2,0.2,20.249999999999996,0.8,0.8,900.0,0.003,0.0,20,0.5,0.022286529,0.004684187450452912
9.516,900.0419766895021,0.04693392309370816,0.0,0.2,0.2,20.249999999999996,0.8,0.8,900.0,0.003,0.0,20,0.5,0.019638351,0.004684189541799379
9.519,900.0419767083494,0.04693001935754288,0.0,0.2,0.2,20.249999999999996,0.8,0.8,900.0,0.003,0.0,20,0.5,0.019562851,0.004684191625396179
9.522,900.0419767271264,0.04692598116629925,0.0,0.2,0.2,20.249999999999996,0.8,0.8,900.0,0.003,0.0,20,0.5,0.022334899,0.004684193700035546
9.525,900.0419767458206,0.046921809562970616,0.0,0.2,0.2,20.249999999999996,0.8,0.8,900.0,0.003,0.0,20,0.5,0.018608894,0.004684195764534645
9.528,900.0419767644254,0.04691750560377927,0.0,0.2,0.2,20.249999999999996,0.8,0.8,900.0,0.003,0.0,20,0.5,0.019339529,0.004684197817812826
9.531,900.0419767829305,0.04691307036694501,0.0,0.2,0.2,20.249999999999996,0.8,0.8,900.0,0.003,0.0,20,0.5,0.022078657,0.004684199858969576
9.534,900.041976801326,0.04690850495215678,0.0,0.2,0.2,20.249999999999996,0.8,0.8,900.0,0.003,0.0,20,0.5,0.019051277,0.0046842018873434945
9.537,900.0419768196085,0.04690381047992963,0.0,0.2,0.2,20.249999999999996,0.8,0.8,900.0,0.003,0.0,20,0.5,0.019158217,0.004684203902530551
9.540000000000001,900.04197683777,0.0468989880911161,0.0,0.2,0.2,20.249999999999996,0.8,0.8,900.0,0.003,0.0,20,0.5,0.022226438,0.004684205904366526
9.543000000000001,900.0419768558143,0.046894038947446634,0.0,0.2,0.2,20.249999999999996,0.8,0.8,900.0,0.003,0.0,20,0.5,0.019626821,0.004684207892927063
9.546,900.0419768737374,0.04688896422946414,0.0,0.2,0.2,20.249999999999996,0.8,0.8,900.0,0.003,0.0,20,0.5,0.019051397,0.004684209868469055
9.549,900.0419768915442,0.046883765136129435,0.0,0.2,0.2,20.249999999999996,0.8,0.8,900.0,0.003,0.0,20,0.5,0.021958697,0.004684211831354878
9.552,900.0419769092382,0.04687844288490066,0.0,0.2,0.2,20.249999999999996,0.8,0.8,900.0,0.003,0.0,20,0.5,0.019014467,0.00468421378198418
9.555,900.0419769268202,0.0468729987112899,0.0,0.2,0.2,20.249999999999996,0.8,0.8,900.0,0.003,0.0,20,0.5,0.018823916,0.004684215720728356
9.558,900.0419769442984,0.046867433866589495,0.0,0.2,0.2,20.249999999999996,0.8,0.8,900.0,0.003,0.0,20,0.5,0.022098187,0.004684217647932408
9.561,900.0419769616708,0.04686174959210772,0.0,0.2,0.2,20.249999999999996,0.8,0.8,900.0,0.003,0.0,20,0.5,0.019186358,0.004684219563757553
9.564,900.0419769789414,0.04685594712216072,0.0,0.2,0.2,20.249999999999996,0.8,0.8,900.0,0.003,0.0,20,0.5,0.019144848,0.00468422146801562
9.567,900.0419769961111,0.04685002768061117,0.0,0.2,0.2,20.249999999999996,0.8,0.8,900.0,0.003,0.0,20,0.5,0.02244949,0.004684223360115462
9.57,900.0419770131699,0.04684399250372856,0.0,0.2,0.2,20.249999999999996,0.8,0.8,900.0,0.003,0.0,20,0.5,0.019126477,0.004684225239214176
9.573,900.0419770301104,0.04683784284109846,0.0,0.2,0.2,20.249999999999996,0.8,0.8,900.0,0.003,0.0,20,0.5,0.018942826,0.004684227104326236
9.576,900.0419770469255,0.04683157995662705,0.0,0.2,0.2,20.249999999999996,0.8,0.8,900.0,0.003,0.0,20,0.5,0.022317749,0.0046842289544317545
9.579,900.0419770636064,0.04682520512870147,0.0,0.2,0.2,20.249999999999996,0.8,0.8,900.0,0.003,0.0,20,0.5,0.018999847,0.004684230788568155
9.582,900.0419770801436,0.04681871964857276,0.0,0.2,0.2,20.249999999999996,0.8,0.8,900.0,0.003,0.0,20,0.5,0.0194405,0.004684232605929565
9.585,900.0419770965349,0.04681212481572653,0.0,0.2,0.2,20.249999999999996,0.8,0.8,900.0,0.003,0.0,20,0.5,0.022378979,0.004684234405872799
9.588000000000001,900.0419771127627,0.046805421941707684,0.0,0.2,0.2,20.249999999999996,0.8,0.8,900.0,0.003,0.0,20,0.5,0.019019997,0.004684236187964305
9.591000000000001,900.0419771288363,0.04679861234791328,0.0,0.2,0.2,20.249999999999996,0.8,0.8,900.0,0.003,0.0,20,0.5,0.019037517,0.004684237952013679
9.594,900.0419771447456,0.046791697366496514,0.0,0.2,0.2,20.249999999999996,0.8,0.8,900.0,0.003,0.0,20,0.5,0.022163648,0.004684239698072524
9.597,900.0419771604934,0.046784678330679674,0.0,0.2,0.2,20.249999999999996,0.8,0.8,900.0,0.003,0.0,20,0.5,0.018850836,0.004684241426408713
9.6,900.0419771760851,0.046777556545214836,0.0,0.2,0.2,20.249999999999996,0.8,0.8,900.0,0.003,0.0,20,0.5,0.019875153,0.004684243137545291
9.603,900.041977191524,0.04677033332470389,0.0,0.2,0.2,20.249999999999996,0.8,0.8,900.0,0.003,0.0,20,0.5,0.02250783,0.0046842448325118856
9.606,900.041977206815,0.04676300982388907,0.0,0.2,0.2,20.249999999999996,0.8,0.8,900.0,0.003,0.0,20,0.5,0.01958189,0.004684246512706297
9.609,900.0419772219809,0.04675558714807686,0.0,0.2,0.2,20.249999999999996,0.8,0.8,900.0,0.003,0.0,20,0.5,0.019375229,0.004684248179887464
9.612,900.0419772370279,0.046748066394524265,0.0,0.2,0.2,20.249999999999996,0.8,0.8,900.0,0.003,0.0,20,0.5,0.022343689,0.0046842498356220305
9.615,900.0419772519757,0.04674044863463204,0.0,0.2,0.2,20.249999999999996,0.8,0.8,900.0,0.003,0.0,20,0.5,0.019243669,0.004684251481108328
9.618,900.0419772668297,0.04673273491897285,0.0,0.2,0.2,20.249999999999996,0.8,0.8,900.0,0.003,0.0,20,0.5,0.018999657,0.004684253117084236
9.621,900.0419772816027,0.04672492628473748,0.0,0.2,0.2,20.249999999999996,0.8,0.8,900.0,0.003,0.0,20,0.5,0.022335679,0.004684254744255431
9.624,900.041977296298,0.04671702367494354,0.0,0.2,0.2,20.249999999999996,0.8,0.8,900.0,0.003,0.0,20,0.5,0.018869116,0.004684256362708699
9.627,900.0419773109132,0.04670902802037587,0.0,0.2,0.2,20.249999999999996,0.8,0.8,900.0,0.003,0.0,20,0.5,0.018796326,0.004684257972039729
9.63,900.0419773254504,0.04670094025704828,0.0,0.2,0.2,20.249999999999996,0.8,0.8,900.0,0.003,0.0,20,0.5,0.02246049,0.0046842595714951946
9.633000000000001,900.0419773398949,0.0466927613259079,0.0,0.2,0.2,20.249999999999996,0.8,0.8,900.0,0.003,0.0,20,0.5,0.018790275,0.004684261160074699
9.636000000000001,900.0419773542407,0.04668449217216968,0.0,0.2,0.2,20.249999999999996,0.8,0.8,900.0,0.003,0.0,20,0.5,0.019080977,0.004684262736626304
9.639,900.0419773684852,0.046676133745688256,0.0,0.2,0.2,20.249999999999996,0.8,0.8,900.0,0.003,0.0,20,0.5,0.022169047,0.0046842642999383975
9.642,900.0419773826067,0.046667687001187404,0.0,0.2,0.2,20.249999999999996,0.8,0.8,900.0,0.003,0.0,20,0.5,0.019228568,0.004684265848848447
9.645,900.0419773965987,0.04665915289817773,0.0,0.2,0.2,20.249999999999996,0.8,0.8,900.0,0.003,0.0,20,0.5,0.019157808,0.004684267382333954
9.648,900.0419774104527,0.0466505324006515,0.0,0.2,0.2,20.249999999999996,0.8,0.8,900.0,0.003,0.0,20,0.5,0.022243658,0.004684268899584611
9.651,900.0419774241616,0.046641826477041085,0.0,0.2,0.2,20.249999999999996,0.8,0.8,900.0,0.003,0.0,20,0.5,0.018867986,0.004684270400053091
9.654,900.0419774377204,0.04663303609312114,0.0,0.2,0.2,20.249999999999996,0.8,0.8,900.0,0.003,0.0,20,0.5,0.019717082,0.004684271883471113
9.657,900.041977451127,0.04662416220326456,0.0,0.2,0.2,20.249999999999996,0.8,0.8,900.0,0.003,0.0,20,0.5,0.022089427,0.004684273349790557
9.66,900.0419774643789,0.04661520576549388,0.0,0.2,0.2,20.249999999999996,0.8,0.8,900.0,0.003,0.0,20,0.5,0.018939417,0.004684274799167759
9.663,900.0419774774804,0.04660616774223157,0.0,0.2,0.2,20.249999999999996,0.8,0.8,900.0,0.003,0.0,20,0.5,0.019307119,0.00468427623191036
9.666,900.0419774904344,0.04659704909640873,0.0,0.2,0.2,20.249999999999996,0.8,0.8,900.0,0.003,0.0,20,0.5,0.02248007,0.0046842776483625465
9.669,900.041977503241,0.046587850791290866,0.0,0.2,0.2,20.249999999999996,0.8,0.8,900.0,0.003,0.0,20,0.5,0.019766282,0.004684279048841839
9.672,900.041977515904,0.04657857379463523,0.0,0.2,0.2,20.249999999999996,0.8,0.8,900.0,0.003,0.0,20,0.5,0.018988367,0.004684280433614609
9.675,900.041977528428,0.04656921908071899,0.0,0.2,0.2,20.249999999999996,0.8,0.8,900.0,0.003,0.0,20,0.5,0.022835502,0.004684281802832854
9.678,900.0419775408095,0.04655978763387288,0.0,0.2,0.2,20.249999999999996,0.8,0.8,900.0,0.003,0.0,20,0.5,0.019039147,0.004684283156524005
9.681000000000001,900.041977553054,0.04655028044476944,0.0,0.2,0.2,20.249999999999996,0.8,0.8,900.0,0.003,0.0,20,0.5,0.019316229,0.0046842844945766526
9.684000000000001,900.0419775651553,0.04654069851551521,0.0,0.2,0.2,20.249999999999996,0.8,0.8,900.0,0.003,0.0,20,0.5,0.022699091,0.00468428581684082
9.687,900.0419775771177,0.04653104284710965,0.0,0.2,0.2,20.249999999999996,0.8,0.8,900.0,0.003,0.0,20,0.5,0.019123197,0.004684287123120127
9.69,900.0419775889363,0.04652131444420463,0.0,0.2,0.2,20.249999999999996,0.8,0.8,900.0,0.003,0.0,20,0.5,0.019297709,0.004684288413176279
9.693,900.0419776006091,0.04651151431670833,0.0,0.2,0.2,20.249999999999996,0.8,0.8,900.0,0.003,0.0,20,0.5,0.02251744,0.004684289686757135
9.696,900.0419776121333,0.04650164347928238,0.0,0.2,0.2,20.249999999999996,0.8,0.8,900.0,0.003,0.0,20,0.5,0.019052817,0.0046842909436343875
9.699,900.0419776235077,0.04649170294935286,0.0,0.2,0.2,20.249999999999996,0.8,0.8,900.0,0.003,0.0,20,0.5,0.019658451,0.004684292183643368
9.702,900.0419776347338,0.04648169374955262,0.0,0.2,0.2,20.249999999999996,0.8,0.8,900.0,0.003,0.0,20,0.5,0.022370869,0.004684293406758631
9.705,900.0419776458072,0.04647161689683883,0.0,0.2,0.2,20.249999999999996,0.8,0.8,900.0,0.003,0.0,20,0.5,0.019231198,0.004684294613109493
9.708,900.0419776567297,0.04646147339643713,0.0,0.2,0.2,20.249999999999996,0.8,0.8,900.0,0.003,0.0,20,0.5,0.019223928,0.0046842958028227456
9.711,900.0419776675044,0.04645126425929798,0.0,0.2,0.2,20.249999999999996,0.8,0.8,900.0,0.003,0.0,20,0.5,0.021989157,0.004684296976098167
9.714,900.0419776781295,0.0464409905013848,0.0,0.2,0.2,20.249999999999996,0.8,0.8,900.0,0.003,0.0,20,0.5,0.018891086,0.004684298133200679
9.717,900.0419776886102,0.046430653144468294,0.0,0.2,0.2,20.249999999999996,0.8,0.8,900.0,0.003,0.0,20,0.5,0.019237398,0.004684299274441044
9.72,900.0419776989505,0.046420253215895914,0.0,0.2,0.2,20.249999999999996,0.8,0.8,900.0,0.003,0.0,20,0.5,0.022027697,0.0046843004001558865
9.723,900.0419777091505,0.0464097917479298,0.0,0.2,0.2,20.249999999999996,0.8,0.8,900.0,0.003,0.0,20,0.5,0.019065547,0.004684301510792597
9.726,900.0419777192228,0.046399269698217054,0.0,0.2,0.2,20.249999999999996,0.8,0.8,900.0,0.003,0.0,20,0.5,0.019605751,0.004684302607065949
9.729000000000001,900.0419777291611,0.04638868771490565,0.0,0.2,0.2,20.249999999999996,0.8,0.8,900.0,0.003,0.0,20,0.5,0.022131568,0.004684303689440618
9.732,900.0419777389737,0.04637804641322978,0.0,0.2,0.2,20.249999999999996,0.8,0.8,900.0,0.003,0.0,20,0.5,0.019777252,0.004684304758301204
9.735,900.0419777486702,0.046367346411350735,0.0,0.2,0.2,20.249999999999996,0.8,0.8,900.0,0.003,0.0,20,0.5,0.019137917,0.004684305813934324
9.738,900.0419777582438,0.046356588328241966,0.0,0.2,0.2,20.249999999999996,0.8,0.8,900.0,0.003,0.0,20,0.5,0.021881396,0.00468430685642514
9.741,900.0419777677039,0.046345772791492684,0.0,0.2,0.2,20.249999999999996,0.8,0.8,900.0,0.003,0.0,20,0.5,0.019371049,0.004684307886265418
9.744,900.0419777770569,0.046334900056325984,0.0,0.2,0.2,20.249999999999996,0.8,0.8,900.0,0.003,0.0,20,0.5,0.01939926,0.004684308905384537
9.747,900.0419777863116,0.046323969473814314,0.0,0.2,0.2,20.249999999999996,0.8,0.8,900.0,0.003,0.0,20,0.5,0.021759135,0.004684309914618087
9.75,900.041977795479,0.04631298035450846,0.0,0.2,0.2,20.249999999999996,0.8,0.8,900.0,0.003,0.0,20,0.5,0.019219498,0.004684310914247446
9.753,900.0419778045604,0.04630193200979801,0.0,0.2,0.2,20.249999999999996,0.8,0.8,900.0,0.003,0.0,20,0.5,0.019252389,0.004684311903912565
9.756,900.0419778135519,0.04629082376027495,0.0,0.2,0.2,20.249999999999996,0.8,0.8,900.0,0.003,0.0,20,0.5,0.022317029,0.0046843128828151165
9.759,900.0419778224486,0.04627965492894531,0.0,0.2,0.2,20.249999999999996,0.8,0.8,900.0,0.003,0.0,20,0.5,0.019227608,0.0046843138499900435
9.762,900.0419778312397,0.046268424840263445,0.0,0.2,0.2,20.249999999999996,0.8,0.8,900.0,0.003,0.0,20,0.5,0.019653771,0.0046843148044872765
9.765,900.0419778399156,0.04625713281785773,0.0,0.2,0.2,20.249999999999996,0.8,0.8,900.0,0.003,0.0,20,0.5,0.02241803,0.004684315745550687
9.768,900.0419778484735,0.04624577817744444,0.0,0.2,0.2,20.249999999999996,0.8,0.8,900.0,0.003,0.0,20,0.5,0.019198338,0.004684316672708599
9.771,900.0419778569033,0.046234360236966386,0.0,0.2,0.2,20.249999999999996,0.8,0.8,900.0,0.003,0.0,20,0.5,0.019028927,0.004684317585849858
9.774000000000001,900.0419778652132,0.0462228783117355,0.0,0.2,0.2,20.249999999999996,0.8,0.8,900.0,0.003,0.0,20,0.5,0.022267308,0.004684318485322114
9.777000000000001,900.0419778734068,0.04621133163496219,0.0,0.2,0.2,20.249999999999996,0.8,0.8,900.0,0.003,0.0,20,0.5,0.018918537,0.004684319371923869
9.78,900.0419778814836,0.04619971933728168,0.0,0.2,0.2,20.249999999999996,0.8,0.8,900.0,0.003,0.0,20,0.5,0.019253698,0.004684320246402141
9.783,900.0419778894512,0.04618804055172259,0.0,0.2,0.2,20.249999999999996,0.8,0.8,900.0,0.003,0.0,20,0.5,0.022246208,0.0046843211095303665
9.786,900.0419778973205,0.04617629441728822,0.0,0.2,0.2,20.249999999999996,0.8,0.8,900.0,0.003,0.0,20,0.5,0.019088727,0.004684321962123986
9.789,900.0419779050941,0.04616448005825038,0.0,0.2,0.2,20.249999999999996,0.8,0.8,900.0,0.003,0.0,20,0.5,0.019171018,0.0046843228049210355
9.792,900.0419779127783,0.046152596595900076,0.0,0.2,0.2,20.249999999999996,0.8,0.8,900.0,0.003,0.0,20,0.5,0.022568561,0.004684323638407641
9.795,900.0419779203803,0.04614064317172318,0.0,0.2,0.2,20.249999999999996,0.8,0.8,900.0,0.003,0.0,20,0.5,0.018771686,0.0046843244628455875
9.798,900.0419779279026,0.046128618933051535,0.0,0.2,0.2,20.249999999999996,0.8,0.8,900.0,0.003,0.0,20,0.5,0.019677701,0.004684325278281685
9.801,900.0419779353442,0.04611652302984843,0.0,0.2,0.2,20.249999999999996,0.8,0.8,900.0,0.003,0.0,20,0.5,0.021927486,0.004684326084491959
9.804,900.0419779427027,0.046104354623917536,0.0,0.2,0.2,20.249999999999996,0.8,0.8,900.0,0.003,0.0,20,0.5,0.019120337,0.004684326881100238
9.807,900.0419779499824,0.04609211284790376,0.0,0.2,0.2,20.249999999999996,0.8,0.8,900.0,0.003,0.0,20,0.5,0.018991087,0.004684327668941541
9.81,900.0419779571934,0.046079796083917796,0.0,0.2,0.2,20.249999999999996,0.8,0.8,900.0,0.003,0.0,20,0.5,0.02246638,0.004684328450348775
9.813,900.0419779643453,0.046067402566068005,0.0,0.2,0.2,20.249999999999996,0.8,0.8,900.0,0.003,0.0,20,0.5,0.019033387,0.004684329227166134
9.816,900.0419779714566,0.04605493058639706,0.0,0.2,0.2,20.249999999999996,0.8,0.8,900.0,0.003,0.0,20,0.5,0.018989126,0.004684330000165181
9.819,900.0419779785327,0.04604237843910168,0.0,0.2,0.2,20.249999999999996,0.8,0.8,900.0,0.003,0.0,20,0.5,0.022368629,0.004684330768999397
9.822000000000001,900.04197798557,0.04602974442660985,0.0,0.2,0.2,20.249999999999996,0.8,0.8,900.0,0.003,0.0,20,0.5,0.018748225,0.004684331532421751
9.825000000000001,900.0419779925631,0.04601702686379756,0.0,0.2,0.2,20.249999999999996,0.8,0.8,900.0,0.003,0.0,20,0.5,0.019065917,0.004684332288595666
9.828,900.0419779994871,0.04600422408228723,0.0,0.2,0.2,20.249999999999996,0.8,0.8,900.0,0.003,0.0,20,0.5,0.022074147,0.004684333035433198
9.831,900.0419780063277,0.04599133442917325,0.0,0.2,0.2,20.249999999999996,0.8,0.8,900.0,0.003,0.0,20,0.5,0.019160347,0.004684333770854036
9.834,900.0419780130659,0.04597835626774651,0.0,0.2,0.2,20.249999999999996,0.8,0.8,900.0,0.003,0.0,20,0.5,0.019090497,0.004684334492950013
9.837,900.0419780196869,0.04596528798099855,0.0,0.2,0.2,20.249999999999996,0.8,0.8,900.0,0.003,0.0,20,0.5,0.022076637,0.004684335200110862
9.84,900.0419780261701,0.04595212797358201,0.0,0.2,0.2,20.249999999999996,0.8,0.8,900.0,0.003,0.0,20,0.5,0.019016066,0.004684335891068804
9.843,900.041978032512,0.045938874672830136,0.0,0.2,0.2,20.249999999999996,0.8,0.8,900.0,0.003,0.0,20,0.5,0.019008687,0.004684336564916265
9.846,900.0419780386986,0.0459255265310397,0.0,0.2,0.2,20.249999999999996,0.8,0.8,900.0,0.003,0.0,20,0.5,0.02249961,0.004684337221186572
9.849,900.0419780447279,0.04591208200131397,0.0,0.2,0.2,20.249999999999996,0.8,0.8,900.0,0.003,0.0,20,0.5,0.019144048,0.004684337859978292
9.852,900.0419780506096,0.04589853950831956,0.0,0.2,0.2,20.249999999999996,0.8,0.8,900.0,0.003,0.0,20,0.5,0.019039257,0.004684338481872922
9.855,900.0419780563418,0.0458848974692402,0.0,0.2,0.2,20.249999999999996,0.8,0.8,900.0,0.003,0.0,20,0.5,0.02247903,0.004684339087163725
9.858,900.0419780619321,0.045871154011218204,0.0,0.2,0.2,20.249999999999996,0.8,0.8,900.0,0.003,0.0,20,0.5,0.019045777,0.004684339676286779
9.861,900.0419780673723,0.045857307336656584,0.0,0.2,0.2,20.249999999999996,0.8,0.8,900.0,0.003,0.0,20,0.5,0.018866066,0.004684340249667706
9.864,900.0419780726756,0.045843355774354666,0.0,0.2,0.2,20.249999999999996,0.8,0.8,900.0,0.003,0.0,20,0.5,0.022058877,0.0046843408074189845
9.867,900.0419780778394,0.04582929765409027,0.0,0.2,0.2,20.249999999999996,0.8,0.8,900.0,0.003,0.0,20,0.5,0.018841426,0.0046843413494465115
9.870000000000001,900.0419780828587,0.045815131302735485,0.0,0.2,0.2,20.249999999999996,0.8,0.8,900.0,0.003,0.0,20,0.5,0.019311629,0.004684341875413837
9.873,900.0419780877355,0.045800855071495054,0.0,0.2,0.2,20.249999999999996,0.8,0.8,900.0,0.003,0.0,20,0.5,0.022417049,0.004684342384896236
9.876,900.0419780924665,0.045786467327488034,0.0,0.2,0.2,20.249999999999996,0.8,0.8,900.0,0.003,0.0,20,0.5,0.018828126,0.0046843428773090615
9.879,900.0419780970407,0.04577196646110714,0.0,0.2,0.2,20.249999999999996,0.8,0.8,900.0,0.003,0.0,20,0.5,0.018990916,0.0046843433519381745
9.882,900.0419781014571,0.04575735089017206,0.0,0.2,0.2,20.249999999999996,0.8,0.8,900.0,0.003,0.0,20,0.5,0.02249494,0.0046843438080572675
9.885,900.0419781057075,0.045742619061968845,0.0,0.2,0.2,20.249999999999996,0.8,0.8,900.0,0.003,0.0,20,0.5,0.019073397,0.004684344245011032
9.888,900.041978109785,0.04572776944602489,0.0,0.2,0.2,20.249999999999996,0.8,0.8,900.0,0.003,0.0,20,0.5,0.019178988,0.004684344662270871
9.891,900.0419781136864,0.04571280052622353,0.0,0.2,0.2,20.249999999999996,0.8,0.8,900.0,0.003,0.0,20,0.5,0.022126198,0.0046843450593905284
9.894,900.0419781174054,0.045697710815420976,0.0,0.2,0.2,20.249999999999996,0.8,0.8,900.0,0.003,0.0,20,0.5,0.018865806,0.004684345436057866
9.897,900.041978120944,0.04568249885907383,0.0,0.2,0.2,20.249999999999996,0.8,0.8,900.0,0.003,0.0,20,0.5,0.018952446,0.004684345792142556
9.9,900.0419781242947,0.045667163238110216,0.0,0.2,0.2,20.249999999999996,0.8,0.8,900.0,0.003,0.0,20,0.5,0.02256051,0.00468434612767838
9.903,900.0419781274617,0.04565170255193519,0.0,0.2,0.2,20.249999999999996,0.8,0.8,900.0,0.003,0.0,20,0.5,0.019533591,0.004684346442749133
9.906,900.041978130445,0.04563611539303573,0.0,0.2,0.2,20.249999999999996,0.8,0.8,900.0,0.003,0.0,20,0.5,0.019030527,0.004684346737469647
9.909,900.0419781332441,0.04562040038505219,0.0,0.2,0.2,20.249999999999996,0.8,0.8,900.0,0.003,0.0,20,0.5,0.022128747,0.004684347012043519
9.912,900.0419781358656,0.04560455618818775,0.0,0.2,0.2,20.249999999999996,0.8,0.8,900.0,0.003,0.0,20,0.5,0.019012086,0.0046843472667978964
9.915000000000001,900.0419781383068,0.045588581498195814,0.0,0.2,0.2,20.249999999999996,0.8,0.8,900.0,0.003,0.0,20,0.5,0.018846836,0.004684347502146009
9.918000000000001,900.041978140574,0.04557247504829216,0.0,0.2,0.2,20.249999999999996,0.8,0.8,900.0,0.003,0.0,20,0.5,0.021617594,0.004684347718651253
9.921,900.0419781426717,0.045556235604282715,0.0,0.2,0.2,20.249999999999996,0.8,0.8,900.0,0.003,0.0,20,0.5,0.019600401,0.0046843479170403275
9.924,900.0419781446069,0.045539861963524816,0.0,0.2,0.2,20.249999999999996,0.8,0.8,900.0,0.003,0.0,20,0.5,0.019394499,0.004684348098158168
9.927,900.0419781463859,0.04552335296254975,0.0,0.2,0.2,20.249999999999996,0.8,0.8,900.0,0.003,0.0,20,0.5,0.022076057,0.004684348262939771
9.93,900.0419781480193,0.04550670747773403,0.0,0.2,0.2,20.249999999999996,0.8,0.8,900.0,0.003,0.0,20,0.5,0.01953609,0.004684348412375698
9.933,900.0419781495149,0.04548992442488683,0.0,0.2,0.2,20.249999999999996,0.8,0.8,900.0,0.003,0.0,20,0.5,0.018926887,0.0046843485474942145
9.936,900.0419781508782,0.04547300276084214,0.0,0.2,0.2,20.249999999999996,0.8,0.8,900.0,0.003,0.0,20,0.5,0.022117078,0.0046843486693275
9.939,900.0419781521277,0.04545594148396036,0.0,0.2,0.2,20.249999999999996,0.8,0.8,900.0,0.003,0.0,20,0.5,0.018773515,0.004684348778905942
9.942,900.0419781532634,0.045438739631487306,0.0,0.2,0.2,20.249999999999996,0.8,0.8,900.0,0.003,0.0,20,0.5,0.018944846,0.004684348877298311
9.945,900.0419781542997,0.045421396274468964,0.0,0.2,0.2,20.249999999999996,0.8,0.8,900.0,0.003,0.0,20,0.5,0.021932426,0.0046843489655041485
9.948,900.0419781552431,0.045403910526026145,0.0,0.2,0.2,20.249999999999996,0.8,0.8,900.0,0.003,0.0,20,0.5,0.019322688,0.004684349044457033
9.951,900.0419781561025,0.045386281542168526,0.0,0.2,0.2,20.249999999999996,0.8,0.8,900.0,0.003,0.0,20,0.5,0.01957259,0.004684349115022926
9.954,900.0419781568883,0.04536850852198621,0.0,0.2,0.2,20.249999999999996,0.8,0.8,900.0,0.003,0.0,20,0.5,0.02249051,0.004684349178004585
9.957,900.0419781576071,0.04535059070721426,0.0,0.2,0.2,20.249999999999996,0.8,0.8,900.0,0.003,0.0,20,0.5,0.01944404,0.004684349234165773
9.96,900.0419781582606,0.04533252737619931,0.0,0.2,0.2,20.249999999999996,0.8,0.8,900.0,0.003,0.0,20,0.5,0.019473209,0.004684349284218511
9.963000000000001,900.0419781588606,0.0453143178431025,0.0,0.2,0.2,20.249999999999996,0.8,0.8,900.0,0.003,0.0,20,0.5,0.022094147,0.004684349328796732
9.966000000000001,900.0419781594153,0.04529596146669885,0.0,0.2,0.2,20.249999999999996,0.8,0.8,900.0,0.003,0.0,20,0.5,0.019064667,0.004684349368547325
9.969,900.0419781599268,0.04527745764210557,0.0,0.2,0.2,20.249999999999996,0.8,0.8,900.0,0.003,0.0,20,0.5,0.019730832,0.0046843494040863815
9.972,900.0419781604028,0.04525880579609124,0.0,0.2,0.2,20.249999999999996,0.8,0.8,900.0,0.003,0.0,20,0.5,0.022202508,0.004684349435779409
9.975,900.0419781608434,0.04524000540105936,0.0,0.2,0.2,20.249999999999996,0.8,0.8,900.0,0.003,0.0,20,0.5,0.019231898,0.004684349463999725
9.978,900.0419781612511,0.04522105597309473,0.0,0.2,0.2,20.249999999999996,0.8,0.8,900.0,0.003,0.0,20,0.5,0.018905926,0.00468434948915102
9.981,900.0419781616331,0.04520195707299288,0.0,0.2,0.2,20.249999999999996,0.8,0.8,900.0,0.003,0.0,20,0.5,0.022219109,0.0046843495116376385
9.984,900.0419781619905,0.04518270830667447,0.0,0.2,0.2,20.249999999999996,0.8,0.8,900.0,0.003,0.0,20,0.5,0.019011857,0.004684349531816848
9.987,900.0419781623256,0.04516330932516466,0.0,0.2,0.2,20.249999999999996,0.8,0.8,900.0,0.003,0.0,20,0.5,0.01939635,0.004684349549991883
9.99,900.0419781626432,0.04514375982065068,0.0,0.2,0.2,20.249999999999996,0.8,0.8,900.0,0.003,0.0,20,0.5,0.022108247,0.004684349566642533
9.993,900.0419781629494,0.04512405943016588,0.0,0.2,0.2,20.249999999999996,0.8,0.8,900.0,0.003,0.0,20,0.5,0.018750505,0.004684349582599143
9.996,900.0419781632509,0.04510420774865609,0.0,0.2,0.2,20.249999999999996,0.8,0.8,900.0,0.003,0.0,20,0.5,0.018771755,0.004684349598842864
9.999,900.0419781635536,0.04508420437269544,0.0,0.2,0.2,20.249999999999996,0.8,0.8,900.0,0.003,0.0,20,0.5,0.022091647,0.004684349616133195
10.002,900.0419781638649,0.045064048931452695,0.0,0.2,0.2,20.249999999999996,0.8,0.8,900.0,0.003,0.0,20,0.5,0.018803786,0.004684349635048692
10.005,900.041978164193,0.04504374106716626,0.0,0.2,0.2,20.249999999999996,0.8,0.8,900.0,0.003,0.0,20,0.5,0.019044277,0.0046843496559436796
10.008000000000001,900.0419781645351,0.045023280460666525,0.0,0.2,0.2,20.249999999999996,0.8,0.8,900.0,0.003,0.0,20,0.5,0.02257901,0.004684349678902162
10.011000000000001,900.0419781649007,0.045002666839797284,0.0,0.2,0.2,20.249999999999996,0.8,0.8,900.0,0.003,0.0,20,0.5,0.019297758,0.0046843497037402995
10.014,900.0419781652757,0.044981899980043184,0.0,0.2,0.2,20.249999999999996,0.8,0.8,900.0,0.003,0.0,20,0.5,0.019624671,0.004684349730004637
10.017,900.0419781656692,0.04496097970476975,0.0,0.2,0.2,20.249999999999996,0.8,0.8,900.0,0.003,0.0,20,0.5,0.021918136,0.004684349757363339
10.02,900.0419781660715,0.044939905781319484,0.0,0.2,0.2,20.249999999999996,0.8,0.8,900.0,0.003,0.0,20,0.5,0.019037287,0.004684349786310144
10.023,900.0419781664898,0.04491867777621913,0.0,0.2,0.2,20.249999999999996,0.8,0.8,900.0,0.003,0.0,20,0.5,0.018591934,0.004684349816979627
10.026,900.0419781669241,0.04489729528810402,0.0,0.2,0.2,20.249999999999996,0.8,0.8,900.0,0.003,0.0,20,0.5,0.02249225,0.004684349848947576
10.029,900.0419781673685,0.04487575795900943,0.0,0.2,0.2,20.249999999999996,0.8,0.8,900.0,0.003,0.0,20,0.5,0.018849596,0.004684349881289989
10.032,900.0419781678153,0.04485406547444087,0.0,0.2,0.2,20.249999999999996,0.8,0.8,900.0,0.003,0.0,20,0.5,0.018785185,0.004684349912769148
10.035,900.0419781682549,0.04483221756276221,0.0,0.2,0.2,20.249999999999996,0.8,0.8,900.0,0.003,0.0,20,0.5,0.021864326,0.0046843499420038395
10.038,900.0419781686759,0.04481021399521183,0.0,0.2,0.2,20.249999999999996,0.8,0.8,900.0,0.003,0.0,20,0.5,0.018643614,0.004684349967596655
10.041,900.0419781690605,0.04478805458575188,0.0,0.2,0.2,20.249999999999996,0.8,0.8,900.0,0.003,0.0,20,0.5,0.019800453,0.004684349988183347
10.044,900.0419781694039,0.04476573919423127,0.0,0.2,0.2,20.249999999999996,0.8,0.8,900.0,0.003,0.0,20,0.5,0.021724265,0.004684350002458065
10.047,900.041978169688,0.04474326772500063,0.0,0.2,0.2,20.249999999999996,0.8,0.8,900.0,0.003,0.0,20,0.5,0.0194241,0.00468435000922239
10.05,900.0419781699035,0.0447206401246209,0.0,0.2,0.2,20.249999999999996,0.8,0.8,900.0,0.003,0.0,20,0.5,0.019168248,0.004684350007427625
10.053,900.0419781700431,0.04469785638174783,0.0,0.2,0.2,20.249999999999996,0.8,0.8,900.0,0.003,0.0,20,0.5,0.021689344,0.004684349996214117
10.056000000000001,900.0419781701002,0.04467491652675005,0.0,0.2,0.2,20.249999999999996,0.8,0.8,900.0,0.003,0.0,20,0.5,0.018976436,0.004684349974935827
10.059000000000001,900.0419781700625,0.04465182063070396,0.0,0.2,0.2,20.249999999999996,0.8,0.8,900.0,0.003,0.0,20,0.5,0.018705924,0.004684349943148707
10.062,900.0419781699313,0.04462856880632589,0.0,0.2,0.2,20.249999999999996,0.8,0.8,900.0,0.003,0.0,20,0.5,0.022030457,0.004684349900500957
10.065,900.0419781697035,0.04460516123040142,0.0,0.2,0.2,20.249999999999996,0.8,0.8,900.0,0.003,0.0,20,0.5,0.018780725,0.004684349846710043
10.068,900.0419781693755,0.0445815981333813,0.0,0.2,0.2,20.249999999999996,0.8,0.8,900.0,0.003,0.0,20,0.5,0.019156678,0.004684349781575033
10.071,900.0419781689426,0.04455787979447466,0.0,0.2,0.2,20.249999999999996,0.8,0.8,900.0,0.003,0.0,20,0.5,0.021950037,0.004684349704914242
10.074,900.0419781684077,0.0445340065404879,0.0,0.2,0.2,20.249999999999996,0.8,0.8,900.0,0.003,0.0,20,0.5,0.018962577,0.0046843496165767376
10.077,900.0419781677678,0.04450997873796649,0.0,0.2,0.2,20.249999999999996,0.8,0.8,900.0,0.003,0.0,20,0.5,0.018926256,0.00468434951643109
10.08,900.0419781670197,0.04448579679273686,0.0,0.2,0.2,20.249999999999996,0.8,0.8,900.0,0.003,0.0,20,0.5,0.023203604,0.00468434940437213
10.083,900.0419781661681,0.04446146114818681,0.0,0.2,0.2,20.249999999999996,0.8,0.8,900.0,0.003,0.0,20,0.5,0.019115727,0.004684349280388657
10.086,900.0419781652076,0.04443697212455088,0.0,0.2,0.2,20.249999999999996,0.8,0.8,900.0,0.003,0.0,20,0.5,0.018958076,0.0046843491441716355
10.089,900.0419781641396,0.04441232995181587,0.0,0.2,0.2,20.249999999999996,0.8,0.8,900.0,0.003,0.0,20,0.5,0.022345629,0.004684348994785565
10.092,900.0419781629504,0.04438753489536309,0.0,0.2,0.2,20.249999999999996,0.8,0.8,900.0,0.003,0.0,20,0.5,0.018999507,0.004684348830964825
10.095,900.0419781616328,0.04436258725453183,0.0,0.2,0.2,20.249999999999996,0.8,0.8,900.0,0.003,0.0,20,0.5,0.018822916,0.004684348651386103
10.098,900.0419781601697,0.04433748736210528,0.0,0.2,0.2,20.249999999999996,0.8,0.8,900.0,0.003,0.0,20,0.5,0.02239564,0.004684348454919286
10.101,900.0419781585595,0.04431223557903817,0.0,0.2,0.2,20.249999999999996,0.8,0.8,900.0,0.003,0.0,20,0.5,0.019015797,0.00468434824077781
10.104000000000001,900.0419781567842,0.04428683229443528,0.0,0.2,0.2,20.249999999999996,0.8,0.8,900.0,0.003,0.0,20,0.5,0.018847075,0.004684348008607866
10.107000000000001,900.0419781548527,0.044261277927767045,0.0,0.2,0.2,20.249999999999996,0.8,0.8,900.0,0.003,0.0,20,0.5,0.022145807,0.004684347759560901
10.11,900.0419781527742,0.04423557246749786,0.0,0.2,0.2,20.249999999999996,0.8,0.8,900.0,0.003,0.0,20,0.5,0.018978206,0.00468434749669539
10.113,900.0419781505711,0.044209715323085146,0.0,0.2,0.2,20.249999999999996,0.8,0.8,900.0,0.003,0.0,20,0.5,0.018593314,0.004684347222668031
10.116,900.041978148267,0.04418370592978502,0.0,0.2,0.2,20.249999999999996,0.8,0.8,900.0,0.003,0.0,20,0.5,0.022370939,0.004684346939598317
10.119,900.041978145882,0.04415754375344491,0.0,0.2,0.2,20.249999999999996,0.8,0.8,900.0,0.003,0.0,20,0.5,0.018707504,0.004684346649019914
10.122,900.0419781434282,0.044131228257903256,0.0,0.2,0.2,20.249999999999996,0.8,0.8,900.0,0.003,0.0,20,0.5,0.018952926,0.004684346352115383
10.125,900.0419781409189,0.0441047589146699,0.0,0.2,0.2,20.249999999999996,0.8,0.8,900.0,0.003,0.0,20,0.5,0.022140657,0.00468434604989251
10.128,900.0419781383576,0.044078135222286804,0.0,0.2,0.2,20.249999999999996,0.8,0.8,900.0,0.003,0.0,20,0.5,0.018792005,0.004684345743261296
10.131,900.0419781357629,0.04405135670641029,0.0,0.2,0.2,20.249999999999996,0.8,0.8,900.0,0.003,0.0,20,0.5,0.019115737,0.004684345433081727
10.134,900.0419781331337,0.04402442290208267,0.0,0.2,0.2,20.249999999999996,0.8,0.8,900.0,0.003,0.0,20,0.5,0.021715514,0.004684345120059008
10.137,900.0419781304762,0.043997333365952386,0.0,0.2,0.2,20.249999999999996,0.8,0.8,900.0,0.003,0.0,20,0.5,0.019319949,0.004684344804746893
10.14,900.0419781278031,0.04397008768404086,0.0,0.2,0.2,20.249999999999996,0.8,0.8,900.0,0.003,0.0,20,0.5,0.018991217,0.004684344487592552
10.143,900.0419781251103,0.043942685471146575,0.0,0.2,0.2,20.249999999999996,0.8,0.8,900.0,0.003,0.0,20,0.5,0.022070847,0.004684344168992539
10.146,900.0419781224034,0.04391512637071479,0.0,0.2,0.2,20.249999999999996,0.8,0.8,900.0,0.003,0.0,20,0.5,0.019027197,0.004684343849348756
10.149000000000001,900.0419781196889,0.043887410048744815,0.0,0.2,0.2,20.249999999999996,0.8,0.8,900.0,0.003,0.0,20,0.5,0.018881426,0.004684343529107948
10.152000000000001,900.0419781169683,0.04385953618735697,0.0,0.2,0.2,20.249999999999996,0.8,0.8,900.0,0.003,0.0,20,0.5,0.021793646,0.004684343208745995
10.155,900.0419781142455,0.04383150449462344,0.0,0.2,0.2,20.249999999999996,0.8,0.8,900.0,0.003,0.0,20,0.5,0.018791785,0.004684342888797706
10.158,900.0419781115273,0.04380331470424359,0.0,0.2,0.2,20.249999999999996,0.8,0.8,900.0,0.003,0.0,20,0.5,0.019103797,0.00468434256984855
10.161,900.041978108816,0.043774966574830265,0.0,0.2,0.2,20.249999999999996,0.8,0.8,900.0,0.003,0.0,20,0.5,0.022935203,0.004684342252603282
10.164,900.0419781061237,0.04374645987051826,0.0,0.2,0.2,20.249999999999996,0.8,0.8,900.0,0.003,0.0,20,0.5,0.018947046,0.0046843419377646895
10.167,900.0419781034509,0.04371779437547367,0.0,0.2,0.2,20.249999999999996,0.8,0.8,900.0,0.003,0.0,20,0.5,0.018854945,0.004684341625955519
10.17,900.0419781008043,0.0436889698993129,0.0,0.2,0.2,20.249999999999996,0.8,0.8,900.0,0.003,0.0,20,0.5,0.021949036,0.004684341317716863
10.173,900.0419780981915,0.043659986270985614,0.0,0.2,0.2,20.249999999999996,0.8,0.8,900.0,0.003,0.0,20,0.5,0.018891276,0.004684341013466998
10.176,900.0419780956107,0.04363084333990544,0.0,0.2,0.2,20.249999999999996,0.8,0.8,900.0,0.003,0.0,20,0.5,0.018776235,0.004684340713452002
10.179,900.0419780930694,0.043601540981427094,0.0,0.2,0.2,20.249999999999996,0.8,0.8,900.0,0.003,0.0,20,0.5,0.021971426,0.004684340417748875
10.182,900.0419780905763,0.04357207909154294,0.0,0.2,0.2,20.249999999999996,0.8,0.8,900.0,0.003,0.0,20,0.5,0.018876296,0.00468434012645084
10.185,900.0419780881246,0.04354245738474873,0.0,0.2,0.2,20.249999999999996,0.8,0.8,900.0,0.003,0.0,20,0.5,0.018821146,0.00468433983953755
10.188,900.0419780857164,0.04351267561193301,0.0,0.2,0.2,20.249999999999996,0.8,0.8,900.0,0.003,0.0,20,0.5,0.022017777,0.004684339557008546
10.191,900.041978083346,0.04348273351440947,0.0,0.2,0.2,20.249999999999996,0.8,0.8,900.0,0.003,0.0,20,0.5,0.018817505,0.004684339278735823
10.194,900.0419780810121,0.04345263081262913,0.0,0.2,0.2,20.249999999999996,0.8,0.8,900.0,0.003,0.0,20,0.5,0.018810405,0.0046843390044979715
10.197000000000001,900.0419780787173,0.043422367242478846,0.0,0.2,0.2,20.249999999999996,0.8,0.8,900.0,0.003,0.0,20,0.5,0.022074697,0.0046843387339496004
10.200000000000001,900.0419780764588,0.04339194255551806,0.0,0.2,0.2,20.249999999999996,0.8,0.8,900.0,0.003,0.0,20,0.5,0.019021456,0.004684338466524693
10.203,900.0419780742226,0.04336135652788168,0.0,0.2,0.2,20.249999999999996,0.8,0.8,900.0,0.003,0.0,20,0.5,0.018999776,0.004684338201467273
10.206,900.0419780720079,0.043330608957809075,0.0,0.2,0.2,20.249999999999996,0.8,0.8,900.0,0.003,0.0,20,0.5,0.022178008,0.004684337937916513
10.209,900.0419780698121,0.043299699638043095,0.0,0.2,0.2,20.249999999999996,0.8,0.8,900.0,0.003,0.0,20,0.5,0.019039197,0.004684337674950435
10.212,900.0419780676193,0.04326862831306965,0.0,0.2,0.2,20.249999999999996,0.8,0.8,900.0,0.003,0.0,20,0.5,0.019130697,0.004684337411317245
10.215,900.0419780654236,0.04323739472960014,0.0,0.2,0.2,20.249999999999996,0.8,0.8,900.0,0.003,0.0,20,0.5,0.022120947,0.004684337145482958
10.218,900.041978063207,0.04320599864842376,0.0,0.2,0.2,20.249999999999996,0.8,0.8,900.0,0.003,0.0,20,0.5,0.018788905,0.0046843368756924715
10.221,900.0419780609567,0.043174439832584864,0.0,0.2,0.2,20.249999999999996,0.8,0.8,900.0,0.003,0.0,20,0.5,0.018737365,0.004684336600074639
10.224,900.0419780586532,0.043142718013829774,0.0,0.2,0.2,20.249999999999996,0.8,0.8,900.0,0.003,0.0,20,0.5,0.021875985,0.004684336316677339
10.227,900.0419780562772,0.04311083294595174,0.0,0.2,0.2,20.249999999999996,0.8,0.8,900.0,0.003,0.0,20,0.5,0.018798905,0.004684336023706546
10.23,900.0419780538172,0.04307878442253858,0.0,0.2,0.2,20.249999999999996,0.8,0.8,900.0,0.003,0.0,20,0.5,0.019315338,0.004684335719739976
10.233,900.0419780512598,0.043046572260370966,0.0,0.2,0.2,20.249999999999996,0.8,0.8,900.0,0.003,0.0,20,0.5,0.022304819,0.00468433540373998
10.236,900.0419780485938,0.04301419628926813,0.0,0.2,0.2,20.249999999999996,0.8,0.8,900.0,0.003,0.0,20,0.5,0.019151048,0.004684335074990058
10.239,900.0419780458126,0.04298165635152787,0.0,0.2,0.2,20.249999999999996,0.8,0.8,900.0,0.003,0.0,20,0.5,0.018853636,0.004684334732901924
10.242,900.0419780429103,0.04294895231341864,0.0,0.2,0.2,20.249999999999996,0.8,0.8,900.0,0.003,0.0,20,0.5,0.022101728,0.004684334377011833
10.245000000000001,900.0419780398817,0.04291608406614192,0.0,0.2,0.2,20.249999999999996,0.8,0.8,900.0,0.003,0.0,20,0.5,0.018865236,0.004684334006939719
10.248,900.0419780367305,0.042883051525805606,0.0,0.2,0.2,20.249999999999996,0.8,0.8,900.0,0.003,0.0,20,0.5,0.019157528,0.00468433362231837
10.251,900.0419780334448,0.04284985463343103,0.0,0.2,0.2,20.249999999999996,0.8,0.8,900.0,0.003,0.0,20,0.5,0.021794325,0.004684333222815584
10.254,900.041978030029,0.042816493326276475,0.0,0.2,0.2,20.249999999999996,0.8,0.8,900.0,0.003,0.0,20,0.5,0.018842436,0.004684332808102196
10.257,900.0419780264717,0.04278296753019719,0.0,0.2,0.2,20.249999999999996,0.8,0.8,900.0,0.003,0.0,20,0.5,0.019009826,0.004684332377640664
10.26,900.0419780227767,0.042749277194523226,0.0,0.2,0.2,20.249999999999996,0.8,0.8,900.0,0.003,0.0,20,0.5,0.021906636,0.004684331930750741
10.263,900.0419780189283,0.04271542229040886,0.0,0.2,0.2,20.249999999999996,0.8,0.8,900.0,0.003,0.0,20,0.5,0.018792785,0.004684331466657939
10.266,900.0419780149268,0.04268140280381753,0.0,0.2,0.2,20.249999999999996,0.8,0.8,900.0,0.003,0.0,20,0.5,0.018892976,0.004684330984494142
10.269,900.041978010764,0.04264721873917358,0.0,0.2,0.2,20.249999999999996,0.8,0.8,900.0,0.003,0.0,20,0.5,0.022218928,0.004684330483364848
10.272,900.0419780064276,0.042612870119212366,0.0,0.2,0.2,20.249999999999996,0.8,0.8,900.0,0.003,0.0,20,0.5,0.019998753,0.004684329962405878
10.275,900.0419780019158,0.042578356985862154,0.0,0.2,0.2,20.249999999999996,0.8,0.8,900.0,0.003,0.0,20,0.5,0.018978676,0.004684329420861412
10.278,900.0419779972196,0.04254367940093046,0.0,0.2,0.2,20.249999999999996,0.8,0.8,900.0,0.003,0.0,20,0.5,0.02249949,0.004684328858155774
10.281,900.0419779923302,0.04250883744102231,0.0,0.2,0.2,20.249999999999996,0.8,0.8,900.0,0.003,0.0,20,0.5,0.018985937,0.004684328273911048
10.284,900.0419779872453,0.04247383120413517,0.0,0.2,0.2,20.249999999999996,0.8,0.8,900.0,0.003,0.0,20,0.5,0.019086697,0.004684327667996806
10.287,900.0419779819656,0.04243866078055719,0.0,0.2,0.2,20.249999999999996,0.8,0.8,900.0,0.003,0.0,20,0.5,0.02254552,0.004684327040440328
10.290000000000001,900.0419779764912,0.04240332627722647,0.0,0.2,0.2,20.249999999999996,0.8,0.8,900.0,0.003,0.0,20,0.5,0.019035316,0.004684326391454873
10.293000000000001,900.0419779708247,0.04236782782166966,0.0,0.2,0.2,20.249999999999996,0.8,0.8,900.0,0.003,0.0,20,0.5,0.018771405,0.004684325721498025
10.296,900.0419779649685,0.0423321655133869,0.0,0.2,0.2,20.249999999999996,0.8,0.8,900.0,0.003,0.0,20,0.5,0.021974467,0.004684325031174812
10.299,900.0419779589304,0.04229633945018904,0.0,0.2,0.2,20.249999999999996,0.8,0.8,900.0,0.003,0.0,20,0.5,0.019284059,0.0046843243213096075
10.302,900.0419779527152,0.04226034973431641,0.0,0.2,0.2,20.249999999999996,0.8,0.8,900.0,0.003,0.0,20,0.5,0.018761505,0.004684323592906974
10.305,900.0419779463328,0.04222419647678061,0.0,0.2,0.2,20.249999999999996,0.8,0.8,900.0,0.003,0.0,20,0.5,0.022770552,0.0046843228470835226
10.308,900.0419779397926,0.04218787980995918,0.0,0.2,0.2,20.249999999999996,0.8,0.8,900.0,0.003,0.0,20,0.5,0.018848076,0.004684322084958799
10.311,900.0419779331077,0.04215139989166802,0.0,0.2,0.2,20.249999999999996,0.8,0.8,900.0,0.003,0.0,20,0.5,0.019407569,0.00468432130761158
10.314,900.0419779262828,0.042114756906300815,0.0,0.2,0.2,20.249999999999996,0.8,0.8,900.0,0.003,0.0,20,0.5,0.022670941,0.004684320516043569
10.317,900.0419779193282,0.042077951065083115,0.0,0.2,0.2,20.249999999999996,0.8,0.8,900.0,0.003,0.0,20,0.5,0.019363879,0.004684319711211586
10.32,900.0419779122554,0.04204098259122538,0.0,0.2,0.2,20.249999999999996,0.8,0.8,900.0,0.003,0.0,20,0.5,0.018867316,0.004684318894172105
10.323,900.0419779050726,0.042003851654484656,0.0,0.2,0.2,20.249999999999996,0.8,0.8,900.0,0.003,0.0,20,0.5,0.022595341,0.004684318065876695
10.326,900.041977897787,0.04196655843867599,0.0,0.2,0.2,20.249999999999996,0.8,0.8,900.0,0.003,0.0,20,0.5,0.01948703,0.004684317227191198
10.329,900.0419778904092,0.04192910315003753,0.0,0.2,0.2,20.249999999999996,0.8,0.8,900.0,0.003,0.0,20,0.5,0.019163948,0.004684316379281102
10.332,900.0419778829516,0.041891485867099676,0.0,0.2,0.2,20.249999999999996,0.8,0.8,900.0,0.003,0.0,20,0.5,0.022417799,0.004684315523922243
10.335,900.0419778754243,0.041853706410514925,0.0,0.2,0.2,20.249999999999996,0.8,0.8,900.0,0.003,0.0,20,0.5,0.018838696,0.004684314662237439
10.338000000000001,900.0419778678413,0.041815764619783716,0.0,0.2,0.2,20.249999999999996,0.8,0.8,900.0,0.003,0.0,20,0.5,0.018648425,0.004684313795227967
10.341000000000001,900.0419778602092,0.04177766035578207,0.0,0.2,0.2,20.249999999999996,0.8,0.8,900.0,0.003,0.0,20,0.5,0.0224613,0.004684312923781459
10.344,900.041977852537,0.041739393497916485,0.0,0.2,0.2,20.249999999999996,0.8,0.8,900.0,0.003,0.0,20,0.5,0.018819476,0.004684312048631659
10.347,900.041977844829,0.04170096394913739,0.0,0.2,0.2,20.249999999999996,0.8,0.8,900.0,0.003,0.0,20,0.5,0.019338329,0.0046843111703858634
10.35,900.041977837097,0.04166237163647771,0.0,0.2,0.2,20.249999999999996,0.8,0.8,900.0,0.003,0.0,20,0.5,0.022345828,0.0046843102895559215
10.353,900.0419778293333,0.04162361651470548,0.0,0.2,0.2,20.249999999999996,0.8,0.8,900.0,0.003,0.0,20,0.5,0.018598044,0.0046843094066293
10.356,900.0419778215563,0.04158469856630773,0.0,0.2,0.2,20.249999999999996,0.8,0.8,900.0,0.003,0.0,20,0.5,0.018793256,0.004684308522058027
10.359,900.0419778137596,0.04154561781506795,0.0,0.2,0.2,20.249999999999996,0.8,0.8,900.0,0.003,0.0,20,0.5,0.022020047,0.004684307636339133
10.362,900.0419778059512,0.04150637431823869,0.0,0.2,0.2,20.249999999999996,0.8,0.8,900.0,0.003,0.0,20,0.5,0.018905186,0.004684306750009089
10.365,900.0419777981401,0.041466968160063615,0.0,0.2,0.2,20.249999999999996,0.8,0.8,900.0,0.003,0.0,20,0.5,0.019174357,0.004684305863623289
10.368,900.0419777903257,0.04142739945290929,0.0,0.2,0.2,20.249999999999996,0.8,0.8,900.0,0.003,0.0,20,0.5,0.022647111,0.004684304977787969
10.371,900.0419777825168,0.04138766833543152,0.0,0.2,0.2,20.249999999999996,0.8,0.8,900.0,0.003,0.0,20,0.5,0.019242679,0.0046843040931523255
10.374,900.0419777747137,0.04134777497253939,0.0,0.2,0.2,20.249999999999996,0.8,0.8,900.0,0.003,0.0,20,0.5,0.019176748,0.00468430321040007
10.377,900.0419777669323,0.0413077195553542,0.0,0.2,0.2,20.249999999999996,0.8,0.8,900.0,0.003,0.0,20,0.5,0.02244909,0.004684302330232244
10.38,900.0419777591711,0.04126750229907236,0.0,0.2,0.2,20.249999999999996,0.8,0.8,900.0,0.003,0.0,20,0.5,0.01940095,0.00468430145331091
10.383000000000001,900.0419777514345,0.041227123445490385,0.0,0.2,0.2,20.249999999999996,0.8,0.8,900.0,0.003,0.0,20,0.5,0.01946537,0.00468430058022955
10.386000000000001,900.0419777437359,0.04118658326336504,0.0,0.2,0.2,20.249999999999996,0.8,0.8,900.0,0.003,0.0,20,0.5,0.021890146,0.004684299711508021
10.389,900.0419777360746,0.041145882047734665,0.0,0.2,0.2,20.249999999999996,0.8,0.8,900.0,0.003,0.0,20,0.5,0.019095607,0.004684298847557446
10.392,900.0419777284554,0.04110502011688157,0.0,0.2,0.2,20.249999999999996,0.8,0.8,900.0,0.003,0.0,20,0.5,0.019277488,0.0046842979886778345
10.395,900.0419777208815,0.041063997812210304,0.0,0.2,0.2,20.249999999999996,0.8,0.8,900.0,0.003,0.0,20,0.5,0.022136417,0.004684297135011988
10.398,900.0419777133512,0.041022815501305654,0.0,0.2,0.2,20.249999999999996,0.8,0.8,900.0,0.003,0.0,20,0.5,0.018874736,0.0046842962865765725
10.401,900.0419777058677,0.040981473574281634,0.0,0.2,0.2,20.249999999999996,0.8,0.8,900.0,0.003,0.0,20,0.5,0.019126107,0.004684295443283348
10.404,900.0419776984305,0.040939972441972984,0.0,0.2,0.2,20.249999999999996,0.8,0.8,900.0,0.003,0.0,20,0.5,0.022080867,0.00468429460491967
10.407,900.0419776910384,0.040898312543571305,0.0,0.2,0.2,20.249999999999996,0.8,0.8,900.0,0.003,0.0,20,0.5,0.019346888,0.004684293771212449
10.41,900.0419776836852,0.04085649434883448,0.0,0.2,0.2,20.249999999999996,0.8,0.8,900.0,0.003,0.0,20,0.5,0.019015287,0.004684292941913278
10.413,900.0419776763725,0.040814518351937085,0.0,0.2,0.2,20.249999999999996,0.8,0.8,900.0,0.003,0.0,20,0.5,0.021964467,0.0046842921167578625
10.416,900.0419776690935,0.04077238507070185,0.0,0.2,0.2,20.249999999999996,0.8,0.8,900.0,0.003,0.0,20,0.5,0.01955594,0.004684291295535107
10.419,900.0419776618527,0.04073009504530116,0.0,0.2,0.2,20.249999999999996,0.8,0.8,900.0,0.003,0.0,20,0.5,0.018945356,0.0046842904780738555
10.422,900.0419776546439,0.04068764884159405,0.0,0.2,0.2,20.249999999999996,0.8,0.8,900.0,0.003,0.0,20,0.5,0.022239338,0.0046842896642335825
10.425,900.0419776474658,0.040645047052197604,0.0,0.2,0.2,20.249999999999996,0.8,0.8,900.0,0.003,0.0,20,0.5,0.01944427,0.0046842888539058505
10.428,900.0419776403191,0.04060229029656384,0.0,0.2,0.2,20.249999999999996,0.8,0.8,900.0,0.003,0.0,20,0.5,0.019262078,0.004684288046992921
10.431000000000001,900.0419776332054,0.04055937922087954,0.0,0.2,0.2,20.249999999999996,0.8,0.8,900.0,0.003,0.0,20,0.5,0.022178008,0.0046842872434072055
10.434000000000001,900.0419776261175,0.04051631449805696,0.0,0.2,0.2,20.249999999999996,0.8,0.8,900.0,0.003,0.0,20,0.5,0.019252328,0.004684286443062376
10.437,900.0419776190563,0.040473096827711816,0.0,0.2,0.2,20.249999999999996,0.8,0.8,900.0,0.003,0.0,20,0.5,0.019877132,0.004684285645853813
10.44,900.0419776120239,0.04042972693586655,0.0,0.2,0.2,20.249999999999996,0.8,0.8,900.0,0.003,0.0,20,0.5,0.022123947,0.004684284851660544
10.443,900.0419776050161,0.04038620557520879,0.0,0.2,0.2,20.249999999999996,0.8,0.8,900.0,0.003,0.0,20,0.5,0.018959377,0.004684284060331106
10.446,900.0419775980351,0.04034253352602194,0.0,0.2,0.2,20.249999999999996,0.8,0.8,900.0,0.003,0.0,20,0.5,0.019019027,0.00468428327169255
10.449,900.0419775910802,0.04029871159382169,0.0,0.2,0.2,20.249999999999996,0.8,0.8,900.0,0.003,0.0,20,0.5,0.022227579,0.004684282485537651
10.452,900.041977584143,0.04025474060769033,0.0,0.2,0.2,20.249999999999996,0.8,0.8,900.0,0.003,0.0,20,0.5,0.018911786,0.004684281701633664
10.455,900.0419775772245,0.04021062141830635,0.0,0.2,0.2,20.249999999999996,0.8,0.8,900.0,0.003,0.0,20,0.5,0.019523411,0.004684280919726018
10.458,900.0419775703263,0.04016635490229084,0.0,0.2,0.2,20.249999999999996,0.8,0.8,900.0,0.003,0.0,20,0.5,0.02256651,0.004684280139538519
10.461,900.0419775634376,0.04012194196391228,0.0,0.2,0.2,20.249999999999996,0.8,0.8,900.0,0.003,0.0,20,0.5,0.019402589,0.004684279360756448
10.464,900.0419775565651,0.040077383536475525,0.0,0.2,0.2,20.249999999999996,0.8,0.8,900.0,0.003,0.0,20,0.5,0.01954913,0.004684278583066251
10.467,900.0419775496994,0.04003268057676094,0.0,0.2,0.2,20.249999999999996,0.8,0.8,900.0,0.003,0.0,20,0.5,0.022027037,0.004684277806157159
10.47,900.0419775428396,0.039987834068248476,0.0,0.2,0.2,20.249999999999996,0.8,0.8,900.0,0.003,0.0,20,0.5,0.018948146,0.004684277029734577
10.473,900.0419775359838,0.03994284502039235,0.0,0.2,0.2,20.249999999999996,0.8,0.8,900.0,0.003,0.0,20,0.5,0.019230628,0.00468427625355967
10.476,900.0419775291306,0.03989771445893085,0.0,0.2,0.2,20.249999999999996,0.8,0.8,900.0,0.003,0.0,20,0.5,0.021782595,0.004684275477480829
10.479000000000001,900.0419775222753,0.03985244342598609,0.0,0.2,0.2,20.249999999999996,0.8,0.8,900.0,0.003,0.0,20,0.5,0.019157948,0.004684274701421054
10.482000000000001,900.0419775154227,0.039807032985246675,0.0,0.2,0.2,20.249999999999996,0.8,0.8,900.0,0.003,0.0,20,0.5,0.019355489,0.004684273925355072
10.485,900.0419775085637,0.039761484225765004,0.0,0.2,0.2,20.249999999999996,0.8,0.8,900.0,0.003,0.0,20,0.5,0.021781135,0.0046842731493080105
10.488,900.0419775017126,0.03971579824487843,0.0,0.2,0.2,20.249999999999996,0.8,0.8,900.0,0.003,0.0,20,0.5,0.019054647,0.004684272373401668
10.491,900.041977494859,0.03966997613467739,0.0,0.2,0.2,20.249999999999996,0.8,0.8,900.0,0.003,0.0,20,0.5,0.018794855,0.004684271597706115
10.494,900.0419774880037,0.03962401900050307,0.0,0.2,0.2,20.249999999999996,0.8,0.8,900.0,0.003,0.0,20,0.5,0.021901406,0.004684270822184291
10.497,900.0419774811515,0.039577927972619754,0.0,0.2,0.2,20.249999999999996,0.8,0.8,900.0,0.003,0.0,20,0.5,0.018934226,0.004684270046748174
10.5,900.0419774742982,0.03953170420748384,0.0,0.2,0.2,20.249999999999996,0.8,0.8,900.0,0.003,0.0,20,0.5,0.019204698,0.004684269271301481
10.503,900.0419774674457,0.03948534886459044,0.0,0.2,0.2,20.249999999999996,0.8,0.8,900.0,0.003,0.0,20,0.5,0.022086787,0.004684268495800517
10.506,900.0419774605913,0.03943886307351218,0.0,0.2,0.2,20.249999999999996,0.8,0.8,900.0,0.003,0.0,20,0.5,0.019015486,0.004684267720077958
10.509,900.0419774537363,0.039392247983054435,0.0,0.2,0.2,20.249999999999996,0.8,0.8,900.0,0.003,0.0,20,0.5,0.018983276,0.00468426694394483
10.512,900.041977446873,0.03934550476711185,0.0,0.2,0.2,20.249999999999996,0.8,0.8,900.0,0.003,0.0,20,0.5,0.021997426,0.0046842661672867065
10.515,900.0419774400082,0.03929863462689678,0.0,0.2,0.2,20.249999999999996,0.8,0.8,900.0,0.003,0.0,20,0.5,0.019121097,0.004684265390015194
10.518,900.0419774331324,0.03925163878930036,0.0,0.2,0.2,20.249999999999996,0.8,0.8,900.0,0.003,0.0,20,0.5,0.018787745,0.0046842646120386616
10.521,900.0419774262526,0.03920451850619345,0.0,0.2,0.2,20.249999999999996,0.8,0.8,900.0,0.003,0.0,20,0.5,0.022262379,0.0046842638332787396
10.524000000000001,900.0419774193647,0.039157275052085584,0.0,0.2,0.2,20.249999999999996,0.8,0.8,900.0,0.003,0.0,20,0.5,0.019057727,0.004684263053654782
10.527000000000001,900.041977412465,0.039109909727450036,0.0,0.2,0.2,20.249999999999996,0.8,0.8,900.0,0.003,0.0,20,0.5,0.01948251,0.004684262273087472
10.53,900.0419774055573,0.03906242385987694,0.0,0.2,0.2,20.249999999999996,0.8,0.8,900.0,0.003,0.0,20,0.5,0.022009486,0.004684261491491418
10.533,900.0419773986392,0.03901481880403139,0.0,0.2,0.2,20.249999999999996,0.8,0.8,900.0,0.003,0.0,20,0.5,0.01952463,0.004684260708788296
10.536,900.0419773917124,0.038967095934196186,0.0,0.2,0.2,20.249999999999996,0.8,0.8,900.0,0.003,0.0,20,0.5,0.019131998,0.004684259925145579
10.539,900.0419773847759,0.03891925657208074,0.0,0.2,0.2,20.249999999999996,0.8,0.8,900.0,0.003,0.0,20,0.5,0.022223898,0.004684259140695723
10.542,900.0419773778302,0.038871302041960584,0.0,0.2,0.2,20.249999999999996,0.8,0.8,900.0,0.003,0.0,20,0.5,0.019048707,0.00468425835538501
10.545,900.0419773708725,0.03882323369547499,0.0,0.2,0.2,20.249999999999996,0.8,0.8,900.0,0.003,0.0,20,0.5,0.01943244,0.004684257568997311
10.548,900.0419773639056,0.03877505291154676,0.0,0.2,0.2,20.249999999999996,0.8,0.8,900.0,0.003,0.0,20,0.5,0.022242148,0.004684256781215803
10.551,900.0419773569276,0.038726761095987834,0.0,0.2,0.2,20.249999999999996,0.8,0.8,900.0,0.003,0.0,20,0.5,0.018960966,0.004684255991673438
10.554,900.0419773499298,0.038678359680945455,0.0,0.2,0.2,20.249999999999996,0.8,0.8,900.0,0.003,0.0,20,0.5,0.018994486,0.004684255199980798
10.557,900.0419773429106,0.03862985012554846,0.0,0.2,0.2,20.249999999999996,0.8,0.8,900.0,0.003,0.0,20,0.5,0.021913506,0.004684254405752236
10.56,900.0419773358694,0.03858123391608336,0.0,0.2,0.2,20.249999999999996,0.8,0.8,900.0,0.003,0.0,20,0.5,0.018924106,0.00468425360863468
10.563,900.0419773288015,0.03853251256556828,0.0,0.2,0.2,20.249999999999996,0.8,0.8,900.0,0.003,0.0,20,0.5,0.019353848,0.00468425280830617
10.566,900.0419773217028,0.03848368761326566,0.0,0.2,0.2,20.249999999999996,0.8,0.8,900.0,0.003,0.0,20,0.5,0.022069607,0.004684252004506799
10.569,900.041977314569,0.03843476062208782,0.0,0.2,0.2,20.249999999999996,0.8,0.8,900.0,0.003,0.0,20,0.5,0.019039657,0.004684251197012006
10.572000000000001,900.0419773074066,0.03838573318007595,0.0,0.2,0.2,20.249999999999996,0.8,0.8,900.0,0.003,0.0,20,0.5,0.019676541,0.004684250385642605
10.575000000000001,900.041977300201,0.03833660690127141,0.0,0.2,0.2,20.249999999999996,0.8,0.8,900.0,0.003,0.0,20,0.5,0.022034817,0.004684249570277102
10.578,900.0419772929639,0.03828738342585565,0.0,0.2,0.2,20.249999999999996,0.8,0.8,900.0,0.003,0.0,20,0.5,0.019046776,0.004684248750825108
10.581,900.0419772856844,0.03823806442225856,0.0,0.2,0.2,20.249999999999996,0.8,0.8,900.0,0.003,0.0,20,0.5,0.019293378,0.004684247927195166
10.584,900.0419772783686,0.03818865159117132,0.0,0.2,0.2,20.249999999999996,0.8,0.8,900.0,0.003,0.0,20,0.5,0.021820745,0.00468424709934161
10.587,900.0419772710139,0.038139146662027175,0.0,0.2,0.2,20.249999999999996,0.8,0.8,900.0,0.003,0.0,20,0.5,0.018725134,0.00468424626722746
10.59,900.0419772636149,0.0380895513906074,0.0,0.2,0.2,20.249999999999996,0.8,0.8,900.0,0.003,0.0,20,0.5,0.019075766,0.004684245430818772
10.593,900.0419772561809,0.03803986755858321,0.0,0.2,0.2,20.249999999999996,0.8,0.8,900.0,0.003,0.0,20,0.5,0.022224248,0.004684244590107792
10.596,900.0419772487047,0.03799009696579366,0.0,0.2,0.2,20.249999999999996,0.8,0.8,900.0,0.003,0.0,20,0.5,0.01942613,0.0046842437450531635
10.599,900.0419772411866,0.03794024142717907,0.0,0.2,0.2,20.249999999999996,0.8,0.8,900.0,0.003,0.0,20,0.5,0.01949217,0.00468424289556737
10.602,900.0419772336297,0.03789030273814025,0.0,0.2,0.2,20.249999999999996,0.8,0.8,900.0,0.003,0.0,20,0.5,0.022126727,0.004684242041385487
10.605,900.0419772260292,0.03784028271134157,0.0,0.2,0.2,20.249999999999996,0.8,0.8,900.0,0.003,0.0,20,0.5,0.018927716,0.00468424118227136
10.608,900.0419772183852,0.03779018313508705,0.0,0.2,0.2,20.249999999999996,0.8,0.8,900.0,0.003,0.0,20,0.5,0.018754495,0.004684240318533719
10.611,900.041977210698,0.03774000560371675,0.0,0.2,0.2,20.249999999999996,0.8,0.8,900.0,0.003,0.0,20,0.5,0.021864886,0.0046842394500701484
10.614,900.0419772029699,0.0376897516635945,0.0,0.2,0.2,20.249999999999996,0.8,0.8,900.0,0.003,0.0,20,0.5,0.019201868,0.0046842385764968636
10.617,900.0419771951928,0.03763942287337452,0.0,0.2,0.2,20.249999999999996,0.8,0.8,900.0,0.003,0.0,20,0.5,0.019328368,0.004684237697408335
10.620000000000001,900.0419771873628,0.03758902081566868,0.0,0.2,0.2,20.249999999999996,0.8,0.8,900.0,0.003,0.0,20,0.5,0.021971066,0.0046842368124454066
10.623000000000001,900.041977179482,0.037538547094687826,0.0,0.2,0.2,20.249999999999996,0.8,0.8,900.0,0.003,0.0,20,0.5,0.01949667,0.004684235921316705
10.626,900.041977171543,0.03748800332971776,0.0,0.2,0.2,20.249999999999996,0.8,0.8,900.0,0.003,0.0,20,0.5,0.018893996,0.004684235023748751
10.629,900.0419771635453,0.03743739116130398,0.0,0.2,0.2,20.249999999999996,0.8,0.8,900.0,0.003,0.0,20,0.5,0.022531319,0.004684234119524135
10.632,900.0419771554865,0.03738671225267186,0.0,0.2,0.2,20.249999999999996,0.8,0.8,900.0,0.003,0.0,20,0.5,0.018691595,0.004684233208517325
10.635,900.0419771473651,0.03733596828598656,0.0,0.2,0.2,20.249999999999996,0.8,0.8,900.0,0.003,0.0,20,0.5,0.018861875,0.004684232290685932
10.638,900.0419771391794,0.03728516096417636,0.0,0.2,0.2,20.249999999999996,0.8,0.8,900.0,0.003,0.0,20,0.5,0.022316548,0.0046842313660639305
10.641,900.0419771309336,0.03723429201220068,0.0,0.2,0.2,20.249999999999996,0.8,0.8,900.0,0.003,0.0,20,0.5,0.019037237,0.004684230434775644
10.644,900.0419771226244,0.03718336316661787,0.0,0.2,0.2,20.249999999999996,0.8,0.8,900.0,0.003,0.0,20,0.5,0.019276099,0.004684229497002855
10.647,900.0419771142557,0.03713237618179379,0.0,0.2,0.2,20.249999999999996,0.8,0.8,900.0,0.003,0.0,20,0.5,0.022223388,0.004684228552999921
10.65,900.0419771058295,0.03708133283453112,0.0,0.2,0.2,20.249999999999996,0.8,0.8,900.0,0.003,0.0,20,0.5,0.019195948,0.004684227603138264
10.653,900.0419770973496,0.03703023491689725,0.0,0.2,0.2,20.249999999999996,0.8,0.8,900.0,0.003,0.0,20,0.5,0.019966123,0.004684226647913091
10.656,900.0419770888215,0.03697908421706426,0.0,0.2,0.2,20.249999999999996,0.8,0.8,900.0,0.003,0.0,20,0.5,0.022262859,0.004684225687816497
10.659,900.0419770802462,0.0369278825369882,0.0,0.2,0.2,20.249999999999996,0.8,0.8,900.0,0.003,0.0,20,0.5,0.019053187,0.004684224723269683
10.662,900.0419770716314,0.036876631700449775,0.0,0.2,0.2,20.249999999999996,0.8,0.8,900.0,0.003,0.0,20,0.5,0.019185348,0.004684223754607097
10.665000000000001,900.0419770629769,0.036825333552237834,0.0,0.2,0.2,20.249999999999996,0.8,0.8,900.0,0.003,0.0,20,0.5,0.021969846,0.004684222782085595
10.668000000000001,900.0419770542875,0.03677398995869831,0.0,0.2,0.2,20.249999999999996,0.8,0.8,900.0,0.003,0.0,20,0.5,0.018967706,0.004684221805883633
10.671,900.0419770455613,0.03672260280716372,0.0,0.2,0.2,20.249999999999996,0.8,0.8,900.0,0.003,0.0,20,0.5,0.018859776,0.00468422082611063
10.674,900.041977036804,0.03667117400353645,0.0,0.2,0.2,20.249999999999996,0.8,0.8,900.0,0.003,0.0,20,0.5,0.022376559,0.004684219842950644
10.677,900.0419770280145,0.03661970543551121,0.0,0.2,0.2,20.249999999999996,0.8,0.8,900.0,0.003,0.0,20,0.5,0.01963253,0.004684218856922299
10.68,900.0419770191946,0.03656819892271226,0.0,0.2,0.2,20.249999999999996,0.8,0.8,900.0,0.003,0.0,20,0.5,0.018716055,0.004684217868591348
10.683,900.0419770103567,0.03651665629276349,0.0,0.2,0.2,20.249999999999996,0.8,0.8,900.0,0.003,0.0,20,0.5,0.022123727,0.004684216878568265
10.686,900.0419770015022,0.036465079388390755,0.0,0.2,0.2,20.249999999999996,0.8,0.8,900.0,0.003,0.0,20,0.5,0.018995686,0.004684215887408612
10.689,900.0419769926349,0.03641347006846848,0.0,0.2,0.2,20.249999999999996,0.8,0.8,900.0,0.003,0.0,20,0.5,0.019361639,0.004684214895549782
10.692,900.0419769837605,0.03636183020943392,0.0,0.2,0.2,20.249999999999996,0.8,0.8,900.0,0.003,0.0,20,0.5,0.022700271,0.004684213903300398
10.695,900.0419769748831,0.036310161704507064,0.0,0.2,0.2,20.249999999999996,0.8,0.8,900.0,0.003,0.0,20,0.5,0.01950392,0.004684212910835178
10.698,900.0419769659982,0.03625846646320741,0.0,0.2,0.2,20.249999999999996,0.8,0.8,900.0,0.003,0.0,20,0.5,0.019046857,0.004684211918201977
10.701,900.0419769571103,0.03620674641194935,0.0,0.2,0.2,20.249999999999996,0.8,0.8,900.0,0.003,0.0,20,0.5,0.021865205,0.004684210925336491
10.704,900.0419769482223,0.03615500349408176,0.0,0.2,0.2,20.249999999999996,0.8,0.8,900.0,0.003,0.0,20,0.5,0.019157497,0.004684209932084996
10.707,900.0419769393275,0.03610323966969748,0.0,0.2,0.2,20.249999999999996,0.8,0.8,900.0,0.003,0.0,20,0.5,0.019420469,0.00468420893824292
10.71,900.0419769304251,0.03605145691494189,0.0,0.2,0.2,20.249999999999996,0.8,0.8,900.0,0.003,0.0,20,0.5,0.021854946,0.004684207943662317
10.713000000000001,900.0419769215171,0.03599965720615754,0.0,0.2,0.2,20.249999999999996,0.8,0.8,900.0,0.003,0.0,20,0.5,0.019195358,0.004684206948343053
10.716000000000001,900.041976912597,0.03594784251898975,0.0,0.2,0.2,20.249999999999996,0.8,0.8,900.0,0.003,0.0,20,0.5,0.018940386,0.0046842059524368615
10.719,900.041976903673,0.03589601483378416,0.0,0.2,0.2,20.249999999999996,0.8,0.8,900.0,0.003,0.0,20,0.5,0.022248659,0.004684204956184941
10.722,900.0419768947426,0.03584417614234856,0.0,0.2,0.2,20.249999999999996,0.8,0.8,900.0,0.003,0.0,20,0.5,0.018952126,0.004684203959945178
10.725,900.0419768858145,0.035792328436029586,0.0,0.2,0.2,20.249999999999996,0.8,0.8,900.0,0.003,0.0,20,0.5,0.018910975,0.0046842029640122166
10.728,900.0419768768842,0.03574047372027898,0.0,0.2,0.2,20.249999999999996,0.8,0.8,900.0,0.003,0.0,20,0.5,0.022396559,0.0046842019686077095
10.731,900.0419768679591,0.03568861401573208,0.0,0.2,0.2,20.249999999999996,0.8,0.8,900.0,0.003,0.0,20,0.5,0.019249639,0.004684200973863981
10.734,900.0419768590366,0.035636751358458355,0.0,0.2,0.2,20.249999999999996,0.8,0.8,900.0,0.003,0.0,20,0.5,0.018886226,0.004684199979818328
10.737,900.0419768501223,0.03558488779323185,0.0,0.2,0.2,20.249999999999996,0.8,0.8,900.0,0.003,0.0,20,0.5,0.021952576,0.004684198986422253
10.74,900.0419768412077,0.03553302536676195,0.0,0.2,0.2,20.249999999999996,0.8,0.8,900.0,0.003,0.0,20,0.5,0.019242168,0.0046841979935047205
10.743,900.0419768322989,0.03548116614006797,0.0,0.2,0.2,20.249999999999996,0.8,0.8,900.0,0.003,0.0,20,0.5,0.018927916,0.004684197000826749
10.746,900.0419768233883,0.03542931218620147,0.0,0.2,0.2,20.249999999999996,0.8,0.8,900.0,0.003,0.0,20,0.5,0.022772592,0.004684196008150491
10.749,900.0419768144814,0.035377465571701155,0.0,0.2,0.2,20.249999999999996,0.8,0.8,900.0,0.003,0.0,20,0.5,0.019768452,0.00468419501515631
10.752,900.041976805566,0.035325628372550544,0.0,0.2,0.2,20.249999999999996,0.8,0.8,900.0,0.003,0.0,20,0.5,0.01943809,0.0046841940214643225
10.755,900.0419767966418,0.035273802679760616,0.0,0.2,0.2,20.249999999999996,0.8,0.8,900.0,0.003,0.0,20,0.5,0.022383479,0.004684193026668634
10.758000000000001,900.04197678771,0.03522199059766652,0.0,0.2,0.2,20.249999999999996,0.8,0.8,900.0,0.003,0.0,20,0.5,0.019147227,0.004684192030347254
10.761000000000001,900.0419767787616,0.03517019424341436,0.0,0.2,0.2,20.249999999999996,0.8,0.8,900.0,0.003,0.0,20,0.5,0.01941011,0.0046841910320726985
10.764,900.0419767697922,0.03511841574647117,0.0,0.2,0.2,20.249999999999996,0.8,0.8,900.0,0.003,0.0,20,0.5,0.022679811,0.004684190031352983
10.767,900.0419767607942,0.035066657254199274,0.0,0.2,0.2,20.249999999999996,0.8,0.8,900.0,0.003,0.0,20,0.5,0.019102537,0.004684189027475833
10.77,900.0419767517653,0.035014920944332256,0.0,0.2,0.2,20.249999999999996,0.8,0.8,900.0,0.003,0.0,20,0.5,0.019088276,0.0046841880201277915
10.773,900.041976742707,0.03496320900783805,0.0,0.2,0.2,20.249999999999996,0.8,0.8,900.0,0.003,0.0,20,0.5,0.022021956,0.0046841870090557226
10.776,900.0419767336109,0.03491152364673584,0.0,0.2,0.2,20.249999999999996,0.8,0.8,900.0,0.003,0.0,20,0.5,0.018912726,0.004684185993998888
10.779,900.0419767244806,0.03485986707401735,0.0,0.2,0.2,20.249999999999996,0.8,0.8,900.0,0.003,0.0,20,0.5,0.018943416,0.004684184974715866
10.782,900.0419767153064,0.03480824151350544,0.0,0.2,0.2,20.249999999999996,0.8,0.8,900.0,0.003,0.0,20,0.5,0.021844495,0.00468418395100451
10.785,900.0419767060938,0.03475664919366828,0.0,0.2,0.2,20.249999999999996,0.8,0.8,900.0,0.003,0.0,20,0.5,0.018940236,0.004684182922789385
10.788,900.0419766968372,0.03470509232713986,0.0,0.2,0.2,20.249999999999996,0.8,0.8,900.0,0.003,0.0,20,0.5,0.019057177,0.00468418188994751
10.791,900.0419766875407,0.034653573126927656,0.0,0.2,0.2,20.249999999999996,0.8,0.8,900.0,0.003,0.0,20,0.5,0.022219368,0.004684180852402556
10.794,900.0419766781987,0.034602093791239213,0.0,0.2,0.2,20.249999999999996,0.8,0.8,900.0,0.003,0.0,20,0.5,0.019783851,0.00468417980999706
10.797,900.0419766688145,0.03455065652329129,0.0,0.2,0.2,20.249999999999996,0.8,0.8,900.0,0.003,0.0,20,0.5,0.01944669,0.004684178762513846
10.8,900.0419766593809,0.03449926353077844,0.0,0.2,0.2,20.249999999999996,0.8,0.8,900.0,0.003,0.0,20,0.5,0.022001177,0.004684177709700848
10.803,900.0419766498985,0.03444791701228592,0.0,0.2,0.2,20.249999999999996,0.8,0.8,900.0,0.003,0.0,20,0.5,0.019028897,0.004684176651212765
10.806000000000001,900.0419766403636,0.03439661917070032,0.0,0.2,0.2,20.249999999999996,0.8,0.8,900.0,0.003,0.0,20,0.5,0.019368559,0.004684175586655739
10.809000000000001,900.0419766307735,0.034345372216938515,0.0,0.2,0.2,20.249999999999996,0.8,0.8,900.0,0.003,0.0,20,0.5,0.022854702,0.004684174515622456
10.812,900.0419766211256,0.03429417836977201,0.0,0.2,0.2,20.249999999999996,0.8,0.8,900.0,0.003,0.0,20,0.5,0.019017727,0.004684173437730769
10.815,900.04197661141,0.03424303985325577,0.0,0.2,0.2,20.249999999999996,0.8,0.8,900.0,0.003,0.0,20,0.5,0.018971307,0.004684172352622088
10.818,900.0419766016324,0.034191958895965595,0.0,0.2,0.2,20.249999999999996,0.8,0.8,900.0,0.003,0.0,20,0.5,0.023403576,0.004684171260059096
10.821,900.0419765917835,0.03414093771422766,0.0,0.2,0.2,20.249999999999996,0.8,0.8,900.0,0.003,0.0,20,0.5,0.018964967,0.004684170160002597
10.824,900.0419765818685,0.03408997851758747,0.0,0.2,0.2,20.249999999999996,0.8,0.8,900.0,0.003,0.0,20,0.5,0.01953916,0.004684169052590328
10.827,900.0419765718841,0.03403908351778919,0.0,0.2,0.2,20.249999999999996,0.8,0.8,900.0,0.003,0.0,20,0.5,0.022446489,0.0046841679380745125
10.83,900.0419765618378,0.033988254928625575,0.0,0.2,0.2,20.249999999999996,0.8,0.8,900.0,0.003,0.0,20,0.5,0.018827405,0.004684166816793483
10.833,900.0419765517238,0.033937494933927746,0.0,0.2,0.2,20.249999999999996,0.8,0.8,900.0,0.003,0.0,20,0.5,0.018815356,0.004684165689037492
10.836,900.0419765415533,0.033886805697093,0.0,0.2,0.2,20.249999999999996,0.8,0.8,900.0,0.003,0.0,20,0.5,0.022383999,0.00468416455500315
10.839,900.0419765313272,0.03383618938779428,0.0,0.2,0.2,20.249999999999996,0.8,0.8,900.0,0.003,0.0,20,0.5,0.019469949,0.004684163414789591
10.842,900.0419765210395,0.03378564818381911,0.0,0.2,0.2,20.249999999999996,0.8,0.8,900.0,0.003,0.0,20,0.5,0.019030916,0.004684162268414297
10.845,900.0419765106976,0.033735184268030995,0.0,0.2,0.2,20.249999999999996,0.8,0.8,900.0,0.003,0.0,20,0.5,0.022423759,0.004684161115857561
10.848,900.0419765002997,0.03368479981681591,0.0,0.2,0.2,20.249999999999996,0.8,0.8,900.0,0.003,0.0,20,0.5,0.019367239,0.00468415995710037
10.851,900.0419764898444,0.033634497010349505,0.0,0.2,0.2,20.249999999999996,0.8,0.8,900.0,0.003,0.0,20,0.5,0.019216638,0.0046841587921111
10.854000000000001,900.0419764793322,0.033584278035984017,0.0,0.2,0.2,20.249999999999996,0.8,0.8,900.0,0.003,0.0,20,0.5,0.022228978,0.004684157620878083
10.857000000000001,900.0419764687605,0.03353414508815505,0.0,0.2,0.2,20.249999999999996,0.8,0.8,900.0,0.003,0.0,20,0.5,0.019054267,0.004684156443432924
10.86,900.0419764581296,0.033484100368241565,0.0,0.2,0.2,20.249999999999996,0.8,0.8,900.0,0.003,0.0,20,0.5,0.018878236,0.004684155259876695
10.863,900.0419764474462,0.03343414608286278,0.0,0.2,0.2,20.249999999999996,0.8,0.8,900.0,0.003,0.0,20,0.5,0.022189908,0.004684154070376938
10.866,900.041976436708,0.03338428443558972,0.0,0.2,0.2,20.249999999999996,0.8,0.8,900.0,0.003,0.0,20,0.5,0.018734284,0.00468415287518884
10.869,900.0419764259174,0.033334517634449785,0.0,0.2,0.2,20.249999999999996,0.8,0.8,900.0,0.003,0.0,20,0.5,0.019062027,0.004684151674664344
10.872,900.0419764150745,0.03328484789388663,0.0,0.2,0.2,20.249999999999996,0.8,0.8,900.0,0.003,0.0,20,0.5,0.02248661,0.004684150469234376
10.875,900.0419764041884,0.033235277434311095,0.0,0.2,0.2,20.249999999999996,0.8,0.8,900.0,0.003,0.0,20,0.5,0.018681334,0.0046841492593859
10.878,900.0419763932614,0.03318580848212278,0.0,0.2,0.2,20.249999999999996,0.8,0.8,900.0,0.003,0.0,20,0.5,0.018802355,0.004684148045642371
10.881,900.0419763822948,0.033136443267258966,0.0,0.2,0.2,20.249999999999996,0.8,0.8,900.0,0.003,0.0,20,0.5,0.021949236,0.004684146828571276
10.884,900.0419763713016,0.03308718401103552,0.0,0.2,0.2,20.249999999999996,0.8,0.8,900.0,0.003,0.0,20,0.5,0.019888683,0.004684145608707374
10.887,900.0419763602789,0.033038032941668904,0.0,0.2,0.2,20.249999999999996,0.8,0.8,900.0,0.003,0.0,20,0.5,0.019155588,0.004684144386529095
10.89,900.0419763492367,0.03298899229345864,0.0,0.2,0.2,20.249999999999996,0.8,0.8,900.0,0.003,0.0,20,0.5,0.021990337,0.004684143162470388
10.893,900.0419763381728,0.03294006430522018,0.0,0.2,0.2,20.249999999999996,0.8,0.8,900.0,0.003,0.0,20,0.5,0.018921636,0.00468414193691295
10.896,900.0419763270969,0.03289125122035585,0.0,0.2,0.2,20.249999999999996,0.8,0.8,900.0,0.003,0.0,20,0.5,0.019268159,0.004684140710180648
10.899000000000001,900.041976316006,0.03284255528665512,0.0,0.2,0.2,20.249999999999996,0.8,0.8,900.0,0.003,0.0,20,0.5,0.022133927,0.00468413948255201
10.902000000000001,900.0419763049083,0.03279397875504378,0.0,0.2,0.2,20.249999999999996,0.8,0.8,900.0,0.003,0.0,20,0.5,0.018827615,0.004684138254257794
10.905,900.0419762938022,0.03274552388013305,0.0,0.2,0.2,20.249999999999996,0.8,0.8,900.0,0.003,0.0,20,0.5,0.019117407,0.004684137025500429
10.908,900.0419762826872,0.03269719292031736,0.0,0.2,0.2,20.249999999999996,0.8,0.8,900.0,0.003,0.0,20,0.5,0.022075507,0.004684135796498977
10.911,900.0419762715757,0.03264898813808796,0.0,0.2,0.2,20.249999999999996,0.8,0.8,900.0,0.003,0.0,20,0.5,0.019103997,0.004684134567569278
10.914,900.0419762604606,0.03260091179505552,0.0,0.2,0.2,20.249999999999996,0.8,0.8,900.0,0.003,0.0,20,0.5,0.019031797,0.004684133339137128
10.917,900.0419762493476,0.03255296615330493,0.0,0.2,0.2,20.249999999999996,0.8,0.8,900.0,0.003,0.0,20,0.5,0.021898406,0.004684132111716632
10.92,900.0419762382431,0.032505153477679884,0.0,0.2,0.2,20.249999999999996,0.8,0.8,900.0,0.003,0.0,20,0.5,0.018978416,0.004684130885843053
10.923,900.0419762271501,0.03245747603345112,0.0,0.2,0.2,20.249999999999996,0.8,0.8,900.0,0.003,0.0,20,0.5,0.018960346,0.004684129661997507
10.926,900.0419762160778,0.032409936074594414,0.0,0.2,0.2,20.249999999999996,0.8,0.8,900.0,0.003,0.0,20,0.5,0.02245833,0.004684128440524385
10.929,900.0419762050232,0.032362535846385786,0.0,0.2,0.2,20.249999999999996,0.8,0.8,900.0,0.003,0.0,20,0.5,0.018980096,0.004684127221670942
10.932,900.0419761939913,0.03231527757770869,0.0,0.2,0.2,20.249999999999996,0.8,0.8,900.0,0.003,0.0,20,0.5,0.019766201,0.004684126005511858
10.935,900.0419761829806,0.032268163498990525,0.0,0.2,0.2,20.249999999999996,0.8,0.8,900.0,0.003,0.0,20,0.5,0.021675184,0.004684124792009119
10.938,900.0419761719945,0.03222119584079627,0.0,0.2,0.2,20.249999999999996,0.8,0.8,900.0,0.003,0.0,20,0.5,0.018845575,0.004684123581055333
10.941,900.041976161029,0.03217437683018143,0.0,0.2,0.2,20.249999999999996,0.8,0.8,900.0,0.003,0.0,20,0.5,0.018792955,0.00468412237242013
10.944,900.0419761500851,0.03212770869487185,0.0,0.2,0.2,20.249999999999996,0.8,0.8,900.0,0.003,0.0,20,0.5,0.022222748,0.0046841211658424
10.947000000000001,900.0419761391577,0.03208119366129504,0.0,0.2,0.2,20.249999999999996,0.8,0.8,900.0,0.003,0.0,20,0.5,0.018532704,0.004684119961172627
10.950000000000001,900.0419761282468,0.032034833926176405,0.0,0.2,0.2,20.249999999999996,0.8,0.8,900.0,0.003,0.0,20,0.5,0.01947786,0.0046841187582918435
10.953,900.0419761173492,0.03198863167722634,0.0,0.2,0.2,20.249999999999996,0.8,0.8,900.0,0.003,0.0,20,0.5,0.02254047,0.004684117557116747
10.956,900.0419761064662,0.03194258909550464,0.0,0.2,0.2,20.249999999999996,0.8,0.8,900.0,0.003,0.0,20,0.5,0.018860835,0.004684116357655982
10.959,900.0419760955994,0.03189670834435821,0.0,0.2,0.2,20.249999999999996,0.8,0.8,900.0,0.003,0.0,20,0.5,0.018962526,0.00468411515985624
10.962,900.041976084746,0.03185099158551634,0.0,0.2,0.2,20.249999999999996,0.8,0.8,900.0,0.003,0.0,20,0.5,0.021993016,0.004684113963661557
10.965,900.0419760739051,0.03180544098105443,0.0,0.2,0.2,20.249999999999996,0.8,0.8,900.0,0.003,0.0,20,0.5,0.018798555,0.004684112769041432
10.968,900.0419760630792,0.03176005868910724,0.0,0.2,0.2,20.249999999999996,0.8,0.8,900.0,0.003,0.0,20,0.5,0.019026907,0.004684111575990722
10.971,900.041976052264,0.031714846842830824,0.0,0.2,0.2,20.249999999999996,0.8,0.8,900.0,0.003,0.0,20,0.5,0.021880665,0.004684110384475473
10.974,900.041976041462,0.03166980756770316,0.0,0.2,0.2,20.249999999999996,0.8,0.8,900.0,0.003,0.0,20,0.5,0.018972696,0.00468410919450431
10.977,900.0419760306742,0.0316249429872044,0.0,0.2,0.2,20.249999999999996,0.8,0.8,900.0,0.003,0.0,20,0.5,0.019030856,0.004684108006129792
10.98,900.0419760198992,0.03158025522280378,0.0,0.2,0.2,20.249999999999996,0.8,0.8,900.0,0.003,0.0,20,0.5,0.022057867,0.004684106819427295
10.983,900.0419760091373,0.03153574639356688,0.0,0.2,0.2,20.249999999999996,0.8,0.8,900.0,0.003,0.0,20,0.5,0.018981816,0.004684105634477756
10.986,900.0419759983914,0.03149141861593846,0.0,0.2,0.2,20.249999999999996,0.8,0.8,900.0,0.003,0.0,20,0.5,0.018884536,0.004684104451371044
10.989,900.0419759876598,0.03144727400253804,0.0,0.2,0.2,20.249999999999996,0.8,0.8,900.0,0.003,0.0,20,0.5,0.022075677,0.004684103270222394
10.992,900.0419759769431,0.031403314659319476,0.0,0.2,0.2,20.249999999999996,0.8,0.8,900.0,0.003,0.0,20,0.5,0.018867665,0.004684102091136136
10.995000000000001,900.041975966247,0.031359542688646026,0.0,0.2,0.2,20.249999999999996,0.8,0.8,900.0,0.003,0.0,20,0.5,0.018703385,0.004684100914223105
10.998000000000001,900.0419759555697,0.03131596018916347,0.0,0.2,0.2,20.249999999999996,0.8,0.8,900.0,0.003,0.0,20,0.5,0.021975017,0.004684099739598922
11.001,900.0419759449087,0.03127256925561346,0.0,0.2,0.2,20.249999999999996,0.8,0.8,900.0,0.003,0.0,20,0.5,0.018699815,0.004684098567382045
11.004,900.0419759342728,0.031229371977458495,0.0,0.2,0.2,20.249999999999996,0.8,0.8,900.0,0.003,0.0,20,0.5,0.019140907,0.0046840973977062255
11.007,900.041975923654,0.031186370437187465,0.0,0.2,0.2,20.249999999999996,0.8,0.8,900.0,0.003,0.0,20,0.5,0.021933806,0.004684096230697488
11.01,900.0419759130623,0.031143566712818843,0.0,0.2,0.2,20.249999999999996,0.8,0.8,900.0,0.003,0.0,20,0.5,0.018810385,0.004684095066497144
11.013,900.0419759024924,0.03110096286551494,0.0,0.2,0.2,20.249999999999996,0.8,0.8,900.0,0.003,0.0,20,0.5,0.018945966,0.004684093905221311
11.016,900.0419758919475,0.031058560945308792,0.0,0.2,0.2,20.249999999999996,0.8,0.8,900.0,0.003,0.0,20,0.5,0.022108688,0.0046840927469243504
11.019,900.0419758814317,0.031016362997519604,0.0,0.2,0.2,20.249999999999996,0.8,0.8,900.0,0.003,0.0,20,0.5,0.019176507,0.00468409159163812
11.022,900.041975870939,0.03097437106255771,0.0,0.2,0.2,20.249999999999996,0.8,0.8,900.0,0.003,0.0,20,0.5,0.019093937,0.004684090439403677
11.025,900.0419758604716,0.030932587175544018,0.0,0.2,0.2,20.249999999999996,0.8,0.8,900.0,0.003,0.0,20,0.5,0.021918555,0.004684089290291875
11.028,900.0419758500349,0.030891013357999493,0.0,0.2,0.2,20.249999999999996,0.8,0.8,900.0,0.003,0.0,20,0.5,0.018771415,0.004684088144504207
11.031,900.0419758396245,0.03084965159871453,0.0,0.2,0.2,20.249999999999996,0.8,0.8,900.0,0.003,0.0,20,0.5,0.018837415,0.004684087002352843
11.034,900.0419758292452,0.030808503876361335,0.0,0.2,0.2,20.249999999999996,0.8,0.8,900.0,0.003,0.0,20,0.5,0.021923446,0.004684085864251259
11.037,900.0419758189051,0.030767572163362535,0.0,0.2,0.2,20.249999999999996,0.8,0.8,900.0,0.003,0.0,20,0.5,0.018651044,0.004684084730681367
11.040000000000001,900.0419758086028,0.030726858425180237,0.0,0.2,0.2,20.249999999999996,0.8,0.8,900.0,0.003,0.0,20,0.5,0.019092277,0.004684083602165238
11.043000000000001,900.0419757983449,0.030686364616973702,0.0,0.2,0.2,20.249999999999996,0.8,0.8,900.0,0.003,0.0,20,0.5,0.02246684,0.004684082479202484
11.046,900.0419757881383,0.030646092685895014,0.0,0.2,0.2,20.249999999999996,0.8,0.8,900.0,0.003,0.0,20,0.5,0.018864056,0.004684081362226726
11.049,900.0419757779814,0.030606044572034512,0.0,0.2,0.2,20.249999999999996,0.8,0.8,900.0,0.003,0.0,20,0.5,0.018699865,0.004684080251598608
11.052,900.0419757678812,0.030566222209065033,0.0,0.2,0.2,20.249999999999996,0.8,0.8,900.0,0.003,0.0,20,0.5,0.022094167,0.0046840791476068355
11.055,900.0419757578405,0.030526627523384527,0.0,0.2,0.2,20.249999999999996,0.8,0.8,900.0,0.003,0.0,20,0.5,0.019213538,0.004684078050470885
11.058,900.0419757478631,0.0304872624336611,0.0,0.2,0.2,20.249999999999996,0.8,0.8,900.0,0.003,0.0,20,0.5,0.019379829,0.004684076960353818
11.061,900.0419757379436,0.030448128849552378,0.0,0.2,0.2,20.249999999999996,0.8,0.8,900.0,0.003,0.0,20,0.5,0.022120007,0.004684075877360341
11.064,900.0419757280903,0.03040922867194823,0.0,0.2,0.2,20.249999999999996,0.8,0.8,900.0,0.003,0.0,20,0.5,0.018991156,0.004684074801553332
11.067,900.0419757182997,0.030370563793452834,0.0,0.2,0.2,20.249999999999996,0.8,0.8,900.0,0.003,0.0,20,0.5,0.018878895,0.004684073732965739
11.07,900.0419757085749,0.030332136098255257,0.0,0.2,0.2,20.249999999999996,0.8,0.8,900.0,0.003,0.0,20,0.5,0.022111627,0.0046840726716368235
11.073,900.0419756989141,0.03029394745982189,0.0,0.2,0.2,20.249999999999996,0.8,0.8,900.0,0.003,0.0,20,0.5,0.018809515,0.004684071617674232
11.076,900.0419756893161,0.030255999732591705,0.0,0.2,0.2,20.249999999999996,0.8,0.8,900.0,0.003,0.0,20,0.5,0.018984226,0.004684070571175461
11.079,900.0419756797897,0.03021829475709044,0.0,0.2,0.2,20.249999999999996,0.8,0.8,900.0,0.003,0.0,20,0.5,0.022278548,0.00468406953224301
11.082,900.0419756703257,0.030180834362625465,0.0,0.2,0.2,20.249999999999996,0.8,0.8,900.0,0.003,0.0,20,0.5,0.018890676,0.004684068501010869
11.085,900.0419756609338,0.03014362036615833,0.0,0.2,0.2,20.249999999999996,0.8,0.8,900.0,0.003,0.0,20,0.5,0.01954399,0.004684067477680643
11.088000000000001,900.0419756516106,0.030106654569503007,0.0,0.2,0.2,20.249999999999996,0.8,0.8,900.0,0.003,0.0,20,0.5,0.022396309,0.0046840664624273574
11.091000000000001,900.0419756423619,0.030069938760271767,0.0,0.2,0.2,20.249999999999996,0.8,0.8,900.0,0.003,0.0,20,0.5,0.018902336,0.004684065455539365
11.094,900.0419756331872,0.030033474684536793,0.0,0.2,0.2,20.249999999999996,0.8,0.8,900.0,0.003,0.0,20,0.5,0.019172277,0.00468406445726459
11.097,900.0419756240935,0.029997264062203093,0.0,0.2,0.2,20.249999999999996,0.8,0.8,900.0,0.003,0.0,20,0.5,0.02253338,0.004684063467882293
11.1,900.041975615076,0.0299613085723749,0.0,0.2,0.2,20.249999999999996,0.8,0.8,900.0,0.003,0.0,20,0.5,0.019095987,0.004684062487581385
11.103,900.0419756061418,0.029925609882209388,0.0,0.2,0.2,20.249999999999996,0.8,0.8,900.0,0.003,0.0,20,0.5,0.018850596,0.004684061516496593
11.106,900.0419755972898,0.029890169649472005,0.0,0.2,0.2,20.249999999999996,0.8,0.8,900.0,0.003,0.0,20,0.5,0.021806165,0.004684060554676364
11.109,900.0419755885197,0.02985498952205626,0.0,0.2,0.2,20.249999999999996,0.8,0.8,900.0,0.003,0.0,20,0.5,0.018889015,0.004684059602073363
11.112,900.0419755798287,0.02982007113641033,0.0,0.2,0.2,20.249999999999996,0.8,0.8,900.0,0.003,0.0,20,0.5,0.018979666,0.004684058658561016
11.115,900.0419755712244,0.029785416118120724,0.0,0.2,0.2,20.249999999999996,0.8,0.8,900.0,0.003,0.0,20,0.5,0.021991046,0.004684057723961499
11.118,900.0419755626959,0.029751026082783915,0.0,0.2,0.2,20.249999999999996,0.8,0.8,900.0,0.003,0.0,20,0.5,0.018715315,0.004684056798066254
11.121,900.0419755542492,0.029716902635986787,0.0,0.2,0.2,20.249999999999996,0.8,0.8,900.0,0.003,0.0,20,0.5,0.018753334,0.004684055880661075
11.124,900.0419755458729,0.029683047371660214,0.0,0.2,0.2,20.249999999999996,0.8,0.8,900.0,0.003,0.0,20,0.5,0.022477209,0.004684054971540605
11.127,900.0419755375751,0.02964946187186767,0.0,0.2,0.2,20.249999999999996,0.8,0.8,900.0,0.003,0.0,20,0.5,0.019710432,0.0046840540705219025
11.13,900.0419755293465,0.029616147706086008,0.0,0.2,0.2,20.249999999999996,0.8,0.8,900.0,0.003,0.0,20,0.5,0.019403019,0.004684053177452758
11.133000000000001,900.0419755211904,0.029583106428613285,0.0,0.2,0.2,20.249999999999996,0.8,0.8,900.0,0.003,0.0,20,0.5,0.023161034,0.004684052292228924
11.136000000000001,900.0419755131027,0.0295503395737257,0.0,0.2,0.2,20.249999999999996,0.8,0.8,900.0,0.003,0.0,20,0.5,0.01945925,0.004684051414736704
11.139,900.04197550509,0.02951784866241807,0.0,0.2,0.2,20.249999999999996,0.8,0.8,900.0,0.003,0.0,20,0.5,0.019190968,0.0046840505449632025
11.142,900.041975497145,0.029485635183709693,0.0,0.2,0.2,20.249999999999996,0.8,0.8,900.0,0.003,0.0,20,0.5,0.022105297,0.004684049682963181
11.145,900.0419754892642,0.02945370060029102,0.0,0.2,0.2,20.249999999999996,0.8,0.8,900.0,0.003,0.0,20,0.5,0.019724761,0.004684048828761406
11.148,900.0419754814587,0.02942204636526617,0.0,0.2,0.2,20.249999999999996,0.8,0.8,900.0,0.003,0.0,20,0.5,0.019293088,0.0046840479824038625
11.151,900.0419754737214,0.029390673919233983,0.0,0.2,0.2,20.249999999999996,0.8,0.8,900.0,0.003,0.0,20,0.5,0.021873826,0.004684047143953072
11.154,900.0419754660539,0.029359584688466674,0.0,0.2,0.2,20.249999999999996,0.8,0.8,900.0,0.003,0.0,20,0.5,0.018598204,0.004684046313459885
11.157,900.0419754584593,0.02932878008731976,0.0,0.2,0.2,20.249999999999996,0.8,0.8,900.0,0.003,0.0,20,0.5,0.018543973,0.004684045490929416
11.16,900.0419754509329,0.02929826151298906,0.0,0.2,0.2,20.249999999999996,0.8,0.8,900.0,0.003,0.0,20,0.5,0.021802615,0.004684044676296946
11.163,900.0419754434827,0.02926803034014974,0.0,0.2,0.2,20.249999999999996,0.8,0.8,900.0,0.003,0.0,20,0.5,0.018556893,0.004684043869356321
11.166,900.0419754360997,0.02923808793175477,0.0,0.2,0.2,20.249999999999996,0.8,0.8,900.0,0.003,0.0,20,0.5,0.018817605,0.0046840430698371965
11.169,900.0419754287823,0.02920843563778196,0.0,0.2,0.2,20.249999999999996,0.8,0.8,900.0,0.003,0.0,20,0.5,0.022209087,0.0046840422773928156
11.172,900.0419754215266,0.029179074796967085,0.0,0.2,0.2,20.249999999999996,0.8,0.8,900.0,0.003,0.0,20,0.5,0.018789824,0.004684041491619256
11.175,900.0419754143318,0.02915000673675672,0.0,0.2,0.2,20.249999999999996,0.8,0.8,900.0,0.003,0.0,20,0.5,0.019302478,0.004684040712084783
11.178,900.0419754071954,0.029121232774120764,0.0,0.2,0.2,20.249999999999996,0.8,0.8,900.0,0.003,0.0,20,0.5,0.022448529,0.00468403993836698
11.181000000000001,900.0419754001074,0.02909275421559708,0.0,0.2,0.2,20.249999999999996,0.8,0.8,900.0,0.003,0.0,20,0.5,0.019043516,0.004684039170146249
11.184000000000001,900.0419753930738,0.029064572340327735,0.0,0.2,0.2,20.249999999999996,0.8,0.8,900.0,0.003,0.0,20,0.5,0.018503423,0.004684038407368521
11.187,900.0419753860888,0.029036688368928285,0.0,0.2,0.2,20.249999999999996,0.8,0.8,900.0,0.003,0.0,20,0.5,0.021805435,0.0046840376499286745
11.19,900.0419753791513,0.029009103508387164,0.0,0.2,0.2,20.249999999999996,0.8,0.8,900.0,0.003,0.0,20,0.5,0.018894296,0.004684036897691412
11.193,900.041975372261,0.028981818954838125,0.0,0.2,0.2,20.249999999999996,0.8,0.8,900.0,0.003,0.0,20,0.5,0.019103837,0.00468403615054197
11.196,900.0419753654148,0.02895483589400143,0.0,0.2,0.2,20.249999999999996,0.8,0.8,900.0,0.003,0.0,20,0.5,0.021790735,0.004684035408405965
11.199,900.0419753586145,0.0289281555011104,0.0,0.2,0.2,20.249999999999996,0.8,0.8,900.0,0.003,0.0,20,0.5,0.01946017,0.00468403467124242
11.202,900.041975351857,0.0289017789412523,0.0,0.2,0.2,20.249999999999996,0.8,0.8,900.0,0.003,0.0,20,0.5,0.01957155,0.004684033939015341
11.205,900.0419753451488,0.028875707367943277,0.0,0.2,0.2,20.249999999999996,0.8,0.8,900.0,0.003,0.0,20,0.5,0.021863875,0.0046840332116820284
11.208,900.0419753384816,0.028849941923545522,0.0,0.2,0.2,20.249999999999996,0.8,0.8,900.0,0.003,0.0,20,0.5,0.019014487,0.004684032489170439
11.211,900.0419753318552,0.02882448374065768,0.0,0.2,0.2,20.249999999999996,0.8,0.8,900.0,0.003,0.0,20,0.5,0.019247628,0.004684031771390211
11.214,900.0419753252748,0.02879933394216787,0.0,0.2,0.2,20.249999999999996,0.8,0.8,900.0,0.003,0.0,20,0.5,0.022060357,0.004684031058229465
11.217,900.041975318734,0.028774493641321425,0.0,0.2,0.2,20.249999999999996,0.8,0.8,900.0,0.003,0.0,20,0.5,0.019113367,0.00468403034956552
11.22,900.0419753122341,0.028749963941803937,0.0,0.2,0.2,20.249999999999996,0.8,0.8,900.0,0.003,0.0,20,0.5,0.018783025,0.004684029645263909
11.223,900.0419753057728,0.02872574593766134,0.0,0.2,0.2,20.249999999999996,0.8,0.8,900.0,0.003,0.0,20,0.5,0.022641051,0.004684028945385567
11.226,900.0419752993512,0.02870184066529039,0.0,0.2,0.2,20.249999999999996,0.8,0.8,900.0,0.003,0.0,20,0.5,0.018826675,0.004684028250128828
11.229000000000001,900.041975292973,0.028678249113228044,0.0,0.2,0.2,20.249999999999996,0.8,0.8,900.0,0.003,0.0,20,0.5,0.019019216,0.004684027559673742
11.232000000000001,900.0419752866379,0.02865497222847913,0.0,0.2,0.2,20.249999999999996,0.8,0.8,900.0,0.003,0.0,20,0.5,0.022310738,0.0046840268743673875
11.235,900.041975280352,0.028632010860440427,0.0,0.2,0.2,20.249999999999996,0.8,0.8,900.0,0.003,0.0,20,0.5,0.018847765,0.004684026194328614
11.238,900.0419752741128,0.02860936584288875,0.0,0.2,0.2,20.249999999999996,0.8,0.8,900.0,0.003,0.0,20,0.5,0.019301869,0.00468402551953563
11.241,900.0419752679175,0.02858703799910847,0.0,0.2,0.2,20.249999999999996,0.8,0.8,900.0,0.003,0.0,20,0.5,0.021883516,0.004684024849863389
11.244,900.0419752617694,0.028565028141985006,0.0,0.2,0.2,20.249999999999996,0.8,0.8,900.0,0.003,0.0,20,0.5,0.0209696,0.004684024185091156
11.247,900.0419752556664,0.028543337075145513,0.0,0.2,0.2,20.249999999999996,0.8,0.8,900.0,0.003,0.0,20,0.5,0.019245028,0.0046840235249103745
11.25,900.041975249603,0.02852196559705567,0.0,0.2,0.2,20.249999999999996,0.8,0.8,900.0,0.003,0.0,20,0.5,0.021886385,0.004684022869001623
11.253,900.0419752435778,0.028500914496510335,0.0,0.2,0.2,20.249999999999996,0.8,0.8,900.0,0.003,0.0,20,0.5,0.018840585,0.004684022217034755
11.256,900.0419752375934,0.028480184551836225,0.0,0.2,0.2,20.249999999999996,0.8,0.8,900.0,0.003,0.0,20,0.5,0.018988167,0.004684021568715446
11.259,900.0419752316363,0.028459776531547153,0.0,0.2,0.2,20.249999999999996,0.8,0.8,900.0,0.003,0.0,20,0.5,0.021851665,0.004684020923803775
11.262,900.0419752257112,0.028439691187371757,0.0,0.2,0.2,20.249999999999996,0.8,0.8,900.0,0.003,0.0,20,0.5,0.018625154,0.0046840202821444655
11.265,900.041975219817,0.02841992925679365,0.0,0.2,0.2,20.249999999999996,0.8,0.8,900.0,0.003,0.0,20,0.5,0.018791295,0.004684019643657147
11.268,900.0419752139503,0.028400491468546733,0.0,0.2,0.2,20.249999999999996,0.8,0.8,900.0,0.003,0.0,20,0.5,0.022321758,0.004684019008350669
11.271,900.0419752081128,0.028381378540852226,0.0,0.2,0.2,20.249999999999996,0.8,0.8,900.0,0.003,0.0,20,0.5,0.018583724,0.004684018376291023
11.274000000000001,900.0419752023037,0.028362591181130322,0.0,0.2,0.2,20.249999999999996,0.8,0.8,900.0,0.003,0.0,20,0.5,0.018820035,0.0046840177475698476
11.277000000000001,900.041975196526,0.028344130087401574,0.0,0.2,0.2,20.249999999999996,0.8,0.8,900.0,0.003,0.0,20,0.5,0.022148107,0.004684017122300888
11.28,900.041975190782,0.02832599594917062,0.0,0.2,0.2,20.249999999999996,0.8,0.8,900.0,0.003,0.0,20,0.5,0.018783185,0.004684016500811264
11.283,900.0419751850735,0.028308189364977247,0.0,0.2,0.2,20.249999999999996,0.8,0.8,900.0,0.003,0.0,20,0.5,0.018801295,0.004684015884475919
11.286,900.0419751794159,0.028290710528530168,0.0,0.2,0.2,20.249999999999996,0.8,0.8,900.0,0.003,0.0,20,0.5,0.022369579,0.00468401527379369
11.289,900.0419751738093,0.028273559571816445,0.0,0.2,0.2,20.249999999999996,0.8,0.8,900.0,0.003,0.0,20,0.5,0.018745105,0.004684014668942651
11.292,900.0419751682515,0.028256736621969713,0.0,0.2,0.2,20.249999999999996,0.8,0.8,900.0,0.003,0.0,20,0.5,0.019030356,0.004684014069970984
11.295,900.0419751627495,0.02824024179748822,0.0,0.2,0.2,20.249999999999996,0.8,0.8,900.0,0.003,0.0,20,0.5,0.022046116,0.004684013476726015
11.298,900.0419751572995,0.028224075201854437,0.0,0.2,0.2,20.249999999999996,0.8,0.8,900.0,0.003,0.0,20,0.5,0.018855116,0.004684012888789149
11.301,900.0419751518966,0.028208236934798448,0.0,0.2,0.2,20.249999999999996,0.8,0.8,900.0,0.003,0.0,20,0.5,0.018952766,0.004684012305556167
11.304,900.041975146535,0.028192727091858365,0.0,0.2,0.2,20.249999999999996,0.8,0.8,900.0,0.003,0.0,20,0.5,0.021828355,0.0046840117263530654
11.307,900.0419751412112,0.028177545764545522,0.0,0.2,0.2,20.249999999999996,0.8,0.8,900.0,0.003,0.0,20,0.5,0.019206097,0.004684011150524338
11.31,900.0419751359182,0.0281626930419519,0.0,0.2,0.2,20.249999999999996,0.8,0.8,900.0,0.003,0.0,20,0.5,0.018891645,0.004684010577523405
11.313,900.0419751306504,0.02814816900302502,0.0,0.2,0.2,20.249999999999996,0.8,0.8,900.0,0.003,0.0,20,0.5,0.022198387,0.004684010006956502
11.316,900.0419751254028,0.028133973720006922,0.0,0.2,0.2,20.249999999999996,0.8,0.8,900.0,0.003,0.0,20,0.5,0.018915616,0.004684009438609526
11.319,900.0419751201767,0.02812010726426624,0.0,0.2,0.2,20.249999999999996,0.8,0.8,900.0,0.003,0.0,20,0.5,0.018651504,0.00468400887246698
11.322000000000001,900.0419751149709,0.02810656970642602,0.0,0.2,0.2,20.249999999999996,0.8,0.8,900.0,0.003,0.0,20,0.5,0.022261838,0.004684008308718505
11.325000000000001,900.0419751097869,0.02809336111636475,0.0,0.2,0.2,20.249999999999996,0.8,0.8,900.0,0.003,0.0,20,0.5,0.018450613,0.004684007747758394
11.328,900.0419751046301,0.02808048155413647,0.0,0.2,0.2,20.249999999999996,0.8,0.8,900.0,0.003,0.0,20,0.5,0.018603074,0.00468400719009057
11.331,900.0419750995018,0.02806793107372216,0.0,0.2,0.2,20.249999999999996,0.8,0.8,900.0,0.003,0.0,20,0.5,0.022338229,0.00468400663628866
11.334,900.0419750944089,0.028055709727656586,0.0,0.2,0.2,20.249999999999996,0.8,0.8,900.0,0.003,0.0,20,0.5,0.018835156,0.004684006087026587
11.337,900.0419750893567,0.028043817558533257,0.0,0.2,0.2,20.249999999999996,0.8,0.8,900.0,0.003,0.0,20,0.5,0.018838826,0.004684005542939956
11.34,900.041975084353,0.028032254607606787,0.0,0.2,0.2,20.249999999999996,0.8,0.8,900.0,0.003,0.0,20,0.5,0.022315418,0.004684005004557686
11.343,900.0419750793989,0.028021020918816825,0.0,0.2,0.2,20.249999999999996,0.8,0.8,900.0,0.003,0.0,20,0.5,0.018675854,0.004684004472295248
11.346,900.0419750745012,0.028010116539792917,0.0,0.2,0.2,20.249999999999996,0.8,0.8,900.0,0.003,0.0,20,0.5,0.018880296,0.004684003946465527
11.349,900.0419750696611,0.02799954151660085,0.0,0.2,0.2,20.249999999999996,0.8,0.8,900.0,0.003,0.0,20,0.5,0.021927186,0.004684003427266455
11.352,900.0419750648812,0.02798929589266731,0.0,0.2,0.2,20.249999999999996,0.8,0.8,900.0,0.003,0.0,20,0.5,0.018939135,0.004684002914744557
11.355,900.0419750601596,0.02797937971469206,0.0,0.2,0.2,20.249999999999996,0.8,0.8,900.0,0.003,0.0,20,0.5,0.019140337,0.004684002408828262
11.358,900.0419750555003,0.027969793034208806,0.0,0.2,0.2,20.249999999999996,0.8,0.8,900.0,0.003,0.0,20,0.5,0.022356228,0.00468400190937106
11.361,900.041975050899,0.02796053590735083,0.0,0.2,0.2,20.249999999999996,0.8,0.8,900.0,0.003,0.0,20,0.5,0.018807865,0.00468400141619346
11.364,900.0419750463518,0.027951608394753805,0.0,0.2,0.2,20.249999999999996,0.8,0.8,900.0,0.003,0.0,20,0.5,0.019272157,0.004684000929113613
11.367,900.0419750418596,0.027943010561723033,0.0,0.2,0.2,20.249999999999996,0.8,0.8,900.0,0.003,0.0,20,0.5,0.022339388,0.004684000447974992
11.370000000000001,900.0419750374241,0.027934742478921144,0.0,0.2,0.2,20.249999999999996,0.8,0.8,900.0,0.003,0.0,20,0.5,0.019134387,0.004683999972678227
11.373000000000001,900.0419750330351,0.027926804222829046,0.0,0.2,0.2,20.249999999999996,0.8,0.8,900.0,0.003,0.0,20,0.5,0.018824825,0.004683999503180108
11.376,900.0419750287048,0.027919195877348257,0.0,0.2,0.2,20.249999999999996,0.8,0.8,900.0,0.003,0.0,20,0.5,0.021707175,0.00468399903952587
11.379,900.041975024425,0.02791191753373023,0.0,0.2,0.2,20.249999999999996,0.8,0.8,900.0,0.003,0.0,20,0.5,0.019300728,0.004683998581842609
11.382,900.0419750201994,0.027904969290266084,0.0,0.2,0.2,20.249999999999996,0.8,0.8,900.0,0.003,0.0,20,0.5,0.019001296,0.004683998130333809
11.385,900.0419750160302,0.02789835125475957,0.0,0.2,0.2,20.249999999999996,0.8,0.8,900.0,0.003,0.0,20,0.5,0.022055047,0.0046839976852547215
11.388,900.0419750119167,0.02789206354597277,0.0,0.2,0.2,20.249999999999996,0.8,0.8,900.0,0.003,0.0,20,0.5,0.018919936,0.004683997246924
11.391,900.0419750078636,0.027886106282975796,0.0,0.2,0.2,20.249999999999996,0.8,0.8,900.0,0.003,0.0,20,0.5,0.018502723,0.004683996815722582
11.394,900.0419750038801,0.027880479575324385,0.0,0.2,0.2,20.249999999999996,0.8,0.8,900.0,0.003,0.0,20,0.5,0.022168047,0.004683996391912605
11.397,900.0419749999577,0.02787518354142809,0.0,0.2,0.2,20.249999999999996,0.8,0.8,900.0,0.003,0.0,20,0.5,0.018489033,0.004683995975696428
11.4,900.0419749961064,0.027870218309668085,0.0,0.2,0.2,20.249999999999996,0.8,0.8,900.0,0.003,0.0,20,0.5,0.018729854,0.004683995567219253
11.403,900.0419749923275,0.027865584018635994,0.0,0.2,0.2,20.249999999999996,0.8,0.8,900.0,0.003,0.0,20,0.5,0.022281498,0.004683995166559361
11.406,900.0419749886138,0.027861280817576984,0.0,0.2,0.2,20.249999999999996,0.8,0.8,900.0,0.003,0.0,20,0.5,0.019044356,0.004683994773723251
11.409,900.0419749849741,0.027857308866205854,0.0,0.2,0.2,20.249999999999996,0.8,0.8,900.0,0.003,0.0,20,0.5,0.019269808,0.0046839943886503605
11.412,900.0419749814035,0.02785366833516571,0.0,0.2,0.2,20.249999999999996,0.8,0.8,900.0,0.003,0.0,20,0.5,0.021934436,0.004683994011220688
11.415000000000001,900.0419749779054,0.027850359406355392,0.0,0.2,0.2,20.249999999999996,0.8,0.8,900.0,0.003,0.0,20,0.5,0.018925046,0.004683993641262466
11.418000000000001,900.0419749744729,0.027847382274107,0.0,0.2,0.2,20.249999999999996,0.8,0.8,900.0,0.003,0.0,20,0.5,0.018880815,0.0046839932785931165
11.421,900.041974971101,0.027844737145416118,0.0,0.2,0.2,20.249999999999996,0.8,0.8,900.0,0.003,0.0,20,0.5,0.022072746,0.004683992923025962
11.424,900.0419749678015,0.02784242424041343,0.0,0.2,0.2,20.249999999999996,0.8,0.8,900.0,0.003,0.0,20,0.5,0.018587903,0.00468399257438698
11.427,900.0419749645583,0.027840443793084705,0.0,0.2,0.2,20.249999999999996,0.8,0.8,900.0,0.003,0.0,20,0.5,0.019012496,0.004683992232530615
11.43,900.0419749613769,0.027838796051606853,0.0,0.2,0.2,20.249999999999996,0.8,0.8,900.0,0.003,0.0,20,0.5,0.021681734,0.004683991897345245
11.433,900.0419749582567,0.02783748127848322,0.0,0.2,0.2,20.249999999999996,0.8,0.8,900.0,0.003,0.0,20,0.5,0.019274799,0.004683991568752427
11.436,900.0419749551974,0.0278364997513165,0.0,0.2,0.2,20.249999999999996,0.8,0.8,900.0,0.003,0.0,20,0.5,0.018621954,0.00468399124669757
11.439,900.041974952196,0.027835851763126297,0.0,0.2,0.2,20.249999999999996,0.8,0.8,900.0,0.003,0.0,20,0.5,0.022882201,0.004683990931155919
11.442,900.0419749492519,0.027835537622535177,0.0,0.2,0.2,20.249999999999996,0.8,0.8,900.0,0.003,0.0,20,0.5,0.019080957,0.004683990622307796
11.445,900.0419749463737,0.027835557599498295,0.0,0.2,0.2,20.249999999999996,0.8,0.8,900.0,0.003,0.0,20,0.5,0.018978947,0.004683990320422465
11.448,900.0419749435525,0.02783591194141251,0.0,0.2,0.2,20.249999999999996,0.8,0.8,900.0,0.003,0.0,20,0.5,0.021856645,0.004683990025633404
11.451,900.0419749407998,0.02783660091315994,0.0,0.2,0.2,20.249999999999996,0.8,0.8,900.0,0.003,0.0,20,0.5,0.019036366,0.004683989737985569
11.454,900.0419749381113,0.027837624796407983,0.0,0.2,0.2,20.249999999999996,0.8,0.8,900.0,0.003,0.0,20,0.5,0.018928386,0.004683989457453134
11.457,900.041974935485,0.027838983884447444,0.0,0.2,0.2,20.249999999999996,0.8,0.8,900.0,0.003,0.0,20,0.5,0.022129996,0.004683989183916469
11.46,900.041974932925,0.027840678488436566,0.0,0.2,0.2,20.249999999999996,0.8,0.8,900.0,0.003,0.0,20,0.5,0.019077197,0.004683988917194697
11.463000000000001,900.041974930421,0.027842708938968782,0.0,0.2,0.2,20.249999999999996,0.8,0.8,900.0,0.003,0.0,20,0.5,0.018516503,0.0046839886573154
11.466000000000001,900.0419749279876,0.027845075513031767,0.0,0.2,0.2,20.249999999999996,0.8,0.8,900.0,0.003,0.0,20,0.5,0.022042636,0.004683988404577968
11.469,900.0419749256142,0.027847778403547532,0.0,0.2,0.2,20.249999999999996,0.8,0.8,900.0,0.003,0.0,20,0.5,0.019390669,0.004683988158976428
11.472,900.0419749233048,0.027850817820577092,0.0,0.2,0.2,20.249999999999996,0.8,0.8,900.0,0.003,0.0,20,0.5,0.019660901,0.004683987920504122
11.475,900.0419749210635,0.027854193993132305,0.0,0.2,0.2,20.249999999999996,0.8,0.8,900.0,0.003,0.0,20,0.5,0.021517203,0.004683987689147863
11.478,900.0419749188844,0.02785790716991243,0.0,0.2,0.2,20.249999999999996,0.8,0.8,900.0,0.003,0.0,20,0.5,0.019276558,0.004683987464858542
11.481,900.0419749167698,0.027861957618941714,0.0,0.2,0.2,20.249999999999996,0.8,0.8,900.0,0.003,0.0,20,0.5,0.018667944,0.0046839872475421835
11.484,900.0419749147164,0.027866345616578938,0.0,0.2,0.2,20.249999999999996,0.8,0.8,900.0,0.003,0.0,20,0.5,0.022135997,0.004683987037010771
11.487,900.0419749127241,0.027871071458064986,0.0,0.2,0.2,20.249999999999996,0.8,0.8,900.0,0.003,0.0,20,0.5,0.018762215,0.0046839868331873934
11.49,900.0419749107967,0.02787613541555349,0.0,0.2,0.2,20.249999999999996,0.8,0.8,900.0,0.003,0.0,20,0.5,0.019047336,0.004683986637109527
11.493,900.0419749089394,0.02788153749482501,0.0,0.2,0.2,20.249999999999996,0.8,0.8,900.0,0.003,0.0,20,0.5,0.021844975,0.00468398644948633
11.496,900.0419749071609,0.02788727766715668,0.0,0.2,0.2,20.249999999999996,0.8,0.8,900.0,0.003,0.0,20,0.5,0.019112527,0.004683986270549124
11.499,900.041974905458,0.027893355917196768,0.0,0.2,0.2,20.249999999999996,0.8,0.8,900.0,0.003,0.0,20,0.5,0.018707514,0.004683986100319026
11.502,900.0419749038349,0.027899772213232265,0.0,0.2,0.2,20.249999999999996,0.8,0.8,900.0,0.003,0.0,20,0.5,0.022853462,0.0046839859385453
11.505,900.0419749022888,0.027906526535133924,0.0,0.2,0.2,20.249999999999996,0.8,0.8,900.0,0.003,0.0,20,0.5,0.018803625,0.004683985784775262
11.508000000000001,900.0419749008139,0.027913618881285403,0.0,0.2,0.2,20.249999999999996,0.8,0.8,900.0,0.003,0.0,20,0.5,0.018711434,0.004683985638437204
11.511000000000001,900.0419748994076,0.027921049263131863,0.0,0.2,0.2,20.249999999999996,0.8,0.8,900.0,0.003,0.0,20,0.5,0.021939865,0.0046839854988721214
11.514000000000001,900.0419748980615,0.027928817707854877,0.0,0.2,0.2,20.249999999999996,0.8,0.8,900.0,0.003,0.0,20,0.5,0.019097897,0.004683985365414931
11.517,900.04197489677,0.027936924262741945,0.0,0.2,0.2,20.249999999999996,0.8,0.8,900.0,0.003,0.0,20,0.5,0.018815705,0.004683985237471829
11.52,900.041974895529,0.02794536899531389,0.0,0.2,0.2,20.249999999999996,0.8,0.8,900.0,0.003,0.0,20,0.5,0.021797225,0.004683985114587995
11.523,900.0419748943343,0.02795415199378134,0.0,0.2,0.2,20.249999999999996,0.8,0.8,900.0,0.003,0.0,20,0.5,0.018921006,0.00468398499647318
11.526,900.0419748931828,0.02796327336396416,0.0,0.2,0.2,20.249999999999996,0.8,0.8,900.0,0.003,0.0,20,0.5,0.018901856,0.004683984883090531
11.529,900.0419748920759,0.027972733207303743,0.0,0.2,0.2,20.249999999999996,0.8,0.8,900.0,0.003,0.0,20,0.5,0.022437429,0.0046839847744650845
11.532,900.041974891014,0.027982531641808542,0.0,0.2,0.2,20.249999999999996,0.8,0.8,900.0,0.003,0.0,20,0.5,0.019169317,0.004683984670758375
11.535,900.0419748899916,0.027992668807723428,0.0,0.2,0.2,20.249999999999996,0.8,0.8,900.0,0.003,0.0,20,0.5,0.019450939,0.004683984572254264
11.538,900.0419748890189,0.02800314486805123,0.0,0.2,0.2,20.249999999999996,0.8,0.8,900.0,0.003,0.0,20,0.5,0.022156077,0.004683984479288371
11.541,900.0419748881,0.02801395999959256,0.0,0.2,0.2,20.249999999999996,0.8,0.8,900.0,0.003,0.0,20,0.5,0.018954356,0.00468398439322723
11.544,900.04197488725,0.028025114036402576,0.0,0.2,0.2,20.249999999999996,0.8,0.8,900.0,0.003,0.0,20,0.5,0.018874625,0.004683984316141713
11.547,900.0419748864764,0.02803660648130454,0.0,0.2,0.2,20.249999999999996,0.8,0.8,900.0,0.003,0.0,20,0.5,0.022191387,0.004683984248935466
11.55,900.0419748857927,0.028048436849218414,0.0,0.2,0.2,20.249999999999996,0.8,0.8,900.0,0.003,0.0,20,0.5,0.018765694,0.004683984191826538
11.553,900.0419748852032,0.028060604667735325,0.0,0.2,0.2,20.249999999999996,0.8,0.8,900.0,0.003,0.0,20,0.5,0.019016026,0.00468398414436011
11.556000000000001,900.0419748846979,0.028073109479665247,0.0,0.2,0.2,20.249999999999996,0.8,0.8,900.0,0.003,0.0,20,0.5,0.021880275,0.004683984105459814
11.559000000000001,900.0419748842695,0.02808595084166155,0.0,0.2,0.2,20.249999999999996,0.8,0.8,900.0,0.003,0.0,20,0.5,0.018690065,0.004683984073892771
11.562,900.0419748839104,0.028099128284919714,0.0,0.2,0.2,20.249999999999996,0.8,0.8,900.0,0.003,0.0,20,0.5,0.018964796,0.004683984048021294
11.565,900.0419748836051,0.02811264134175142,0.0,0.2,0.2,20.249999999999996,0.8,0.8,900.0,0.003,0.0,20,0.5,0.022355548,0.004683984025983951
11.568,900.0419748833303,0.028126489561929847,0.0,0.2,0.2,20.249999999999996,0.8,0.8,900.0,0.003,0.0,20,0.5,0.019428099,0.004683984006095125
11.571,900.0419748830777,0.028140672512711257,0.0,0.2,0.2,20.249999999999996,0.8,0.8,900.0,0.003,0.0,20,0.5,0.018622004,0.0046839839870411884
11.574,900.0419748828318,0.028155189779120925,0.0,0.2,0.2,20.249999999999996,0.8,0.8,900.0,0.003,0.0,20,0.5,0.022116716,0.004683983967971302
11.577,900.0419748825855,0.02817004096421508,0.0,0.2,0.2,20.249999999999996,0.8,0.8,900.0,0.003,0.0,20,0.5,0.019255788,0.004683983948509229
11.58,900.0419748823352,0.028185225689258863,0.0,0.2,0.2,20.249999999999996,0.8,0.8,900.0,0.003,0.0,20,0.5,0.018750724,0.004683983928717506
11.583,900.0419748820884,0.028200743589246284,0.0,0.2,0.2,20.249999999999996,0.8,0.8,900.0,0.003,0.0,20,0.5,0.021621274,0.00468398390968164
11.586,900.0419748818473,0.028216594018325818,0.0,0.2,0.2,20.249999999999996,0.8,0.8,900.0,0.003,0.0,20,0.5,0.018482152,0.00468398389289122
11.589,900.0419748816314,0.028232776151162917,0.0,0.2,0.2,20.249999999999996,0.8,0.8,900.0,0.003,0.0,20,0.5,0.019204808,0.004683983879564166
11.592,900.0419748814467,0.028249289172825317,0.0,0.2,0.2,20.249999999999996,0.8,0.8,900.0,0.003,0.0,20,0.5,0.021846745,0.004683983870966555
11.595,900.0419748812975,0.028266132279756506,0.0,0.2,0.2,20.249999999999996,0.8,0.8,900.0,0.003,0.0,20,0.5,0.018769735,0.004683983868315905
11.598,900.0419748812102,0.028283304678303464,0.0,0.2,0.2,20.249999999999996,0.8,0.8,900.0,0.003,0.0,20,0.5,0.018763895,0.004683983872700559
11.601,900.0419748811833,0.028300805540144323,0.0,0.2,0.2,20.249999999999996,0.8,0.8,900.0,0.003,0.0,20,0.5,0.021608394,0.004683983885027906
11.604000000000001,900.0419748812296,0.028318633955215073,0.0,0.2,0.2,20.249999999999996,0.8,0.8,900.0,0.003,0.0,20,0.5,0.018787985,0.00468398390547919
11.607000000000001,900.0419748813487,0.0283367890193229,0.0,0.2,0.2,20.249999999999996,0.8,0.8,900.0,0.003,0.0,20,0.5,0.018669714,0.004683983933660867
11.61,900.041974881537,0.028355269836430035,0.0,0.2,0.2,20.249999999999996,0.8,0.8,900.0,0.003,0.0,20,0.5,0.021826435,0.0046839839687430156
11.613,900.0419748817867,0.0283740755189074,0.0,0.2,0.2,20.249999999999996,0.8,0.8,900.0,0.003,0.0,20,0.5,0.018397322,0.004683984009569155
11.616,900.0419748820898,0.028393205187863733,0.0,0.2,0.2,20.249999999999996,0.8,0.8,900.0,0.003,0.0,20,0.5,0.018820155,0.0046839840547807906
11.619,900.0419748824335,0.028412657973427662,0.0,0.2,0.2,20.249999999999996,0.8,0.8,900.0,0.003,0.0,20,0.5,0.021747415,0.0046839841029535255
11.622,900.0419748828016,0.028432433014999488,0.0,0.2,0.2,20.249999999999996,0.8,0.8,900.0,0.003,0.0,20,0.5,0.018817575,0.004683984152729541
11.625,900.041974883186,0.02845252946098289,0.0,0.2,0.2,20.249999999999996,0.8,0.8,900.0,0.003,0.0,20,0.5,0.019059837,0.004683984202955467
11.628,900.0419748835754,0.02847294646665366,0.0,0.2,0.2,20.249999999999996,0.8,0.8,900.0,0.003,0.0,20,0.5,0.022064627,0.004683984252724553
11.631,900.0419748839587,0.02849368319677418,0.0,0.2,0.2,20.249999999999996,0.8,0.8,900.0,0.003,0.0,20,0.5,0.018566934,0.004683984301441059
11.634,900.0419748843348,0.02851473882558855,0.0,0.2,0.2,20.249999999999996,0.8,0.8,900.0,0.003,0.0,20,0.5,0.018463493,0.004683984348829691
11.637,900.0419748846995,0.02853611253704205,0.0,0.2,0.2,20.249999999999996,0.8,0.8,900.0,0.003,0.0,20,0.5,0.022040357,0.004683984394920809
11.64,900.0419748850533,0.028557803525424936,0.0,0.2,0.2,20.249999999999996,0.8,0.8,900.0,0.003,0.0,20,0.5,0.018806005,0.0046839844399893
11.643,900.0419748853955,0.028579810995306897,0.0,0.2,0.2,20.249999999999996,0.8,0.8,900.0,0.003,0.0,20,0.5,0.018849355,0.0046839844845227045
11.646,900.0419748857354,0.028602134152885095,0.0,0.2,0.2,20.249999999999996,0.8,0.8,900.0,0.003,0.0,20,0.5,0.021744215,0.004683984529136351
11.649000000000001,900.0419748860775,0.02862477221052998,0.0,0.2,0.2,20.249999999999996,0.8,0.8,900.0,0.003,0.0,20,0.5,0.018573944,0.004683984574456013
11.652000000000001,900.0419748864247,0.02864772439116317,0.0,0.2,0.2,20.249999999999996,0.8,0.8,900.0,0.003,0.0,20,0.5,0.018918466,0.004683984621039821
11.655,900.0419748867841,0.02867098992665299,0.0,0.2,0.2,20.249999999999996,0.8,0.8,900.0,0.003,0.0,20,0.5,0.021901965,0.004683984669328973
11.658,900.04197488716,0.028694568059731473,0.0,0.2,0.2,20.249999999999996,0.8,0.8,900.0,0.003,0.0,20,0.5,0.018628004,0.00468398471959137
11.661,900.0419748875506,0.028718458044521042,0.0,0.2,0.2,20.249999999999996,0.8,0.8,900.0,0.003,0.0,20,0.5,0.018921745,0.004683984771948547
11.664,900.0419748879625,0.028742659120759007,0.0,0.2,0.2,20.249999999999996,0.8,0.8,900.0,0.003,0.0,20,0.5,0.021840025,0.004683984826382242
11.667,900.0419748883965,0.0287671705035587,0.0,0.2,0.2,20.249999999999996,0.8,0.8,900.0,0.003,0.0,20,0.5,0.018704684,0.004683984882610346
11.67,900.0419748888436,0.028791991420279696,0.0,0.2,0.2,20.249999999999996,0.8,0.8,900.0,0.003,0.0,20,0.5,0.018662014,0.004683984940226564
11.673,900.0419748893037,0.028817121109204973,0.0,0.2,0.2,20.249999999999996,0.8,0.8,900.0,0.003,0.0,20,0.5,0.021891225,0.004683984998729317
11.676,900.041974889773,0.02884255881966502,0.0,0.2,0.2,20.249999999999996,0.8,0.8,900.0,0.003,0.0,20,0.5,0.018849516,0.004683985057580394
11.679,900.0419748902457,0.028868303811890633,0.0,0.2,0.2,20.249999999999996,0.8,0.8,900.0,0.003,0.0,20,0.5,0.018723785,0.0046839851162491135
11.682,900.041974890716,0.02889435535793288,0.0,0.2,0.2,20.249999999999996,0.8,0.8,900.0,0.003,0.0,20,0.5,0.021854185,0.004683985174281874
11.685,900.041974891179,0.028920712741866854,0.0,0.2,0.2,20.249999999999996,0.8,0.8,900.0,0.003,0.0,20,0.5,0.018858595,0.004683985231351212
11.688,900.041974891639,0.02894737525998279,0.0,0.2,0.2,20.249999999999996,0.8,0.8,900.0,0.003,0.0,20,0.5,0.019091226,0.004683985287281892
11.691,900.0419748920867,0.028974342220994393,0.0,0.2,0.2,20.249999999999996,0.8,0.8,900.0,0.003,0.0,20,0.5,0.021747864,0.0046839853420694195
11.694,900.041974892524,0.029001612946264396,0.0,0.2,0.2,20.249999999999996,0.8,0.8,900.0,0.003,0.0,20,0.5,0.018854055,0.0046839853958734745
11.697000000000001,900.0419748929527,0.02902918677000523,0.0,0.2,0.2,20.249999999999996,0.8,0.8,900.0,0.003,0.0,20,0.5,0.019208728,0.004683985448999382
11.700000000000001,900.0419748933737,0.02905706304001117,0.0,0.2,0.2,20.249999999999996,0.8,0.8,900.0,0.003,0.0,20,0.5,0.021518213,0.004683985501885106
11.703,900.0419748937918,0.02908524112055517,0.0,0.2,0.2,20.249999999999996,0.8,0.8,900.0,0.003,0.0,20,0.5,0.018527663,0.004683985555065573
11.706,900.0419748942181,0.029113720384310073,0.0,0.2,0.2,20.249999999999996,0.8,0.8,900.0,0.003,0.0,20,0.5,0.018655393,0.004683985609123242
11.709,900.0419748946482,0.02914250021128821,0.0,0.2,0.2,20.249999999999996,0.8,0.8,900.0,0.003,0.0,20,0.5,0.021986546,0.004683985664601592
11.712,900.0419748950945,0.029171579995570997,0.0,0.2,0.2,20.249999999999996,0.8,0.8,900.0,0.003,0.0,20,0.5,0.018862055,0.004683985722006115
11.715,900.0419748955574,0.029200959145421937,0.0,0.2,0.2,20.249999999999996,0.8,0.8,900.0,0.003,0.0,20,0.5,0.019002447,0.004683985781782169
11.718,900.0419748960403,0.029230637083495492,0.0,0.2,0.2,20.249999999999996,0.8,0.8,900.0,0.003,0.0,20,0.5,0.021796065,0.0046839858442846785
11.721,900.0419748965481,0.02926061324685055,0.0,0.2,0.2,20.249999999999996,0.8,0.8,900.0,0.003,0.0,20,0.5,0.019366539,0.004683985909768112
11.724,900.0419748970852,0.02929088708663686,0.0,0.2,0.2,20.249999999999996,0.8,0.8,900.0,0.003,0.0,20,0.5,0.019053566,0.004683985978393003
11.727,900.0419748976486,0.029321458068416337,0.0,0.2,0.2,20.249999999999996,0.8,0.8,900.0,0.003,0.0,20,0.5,0.021518622,0.004683986050226982
11.73,900.0419748982412,0.029352325673551588,0.0,0.2,0.2,20.249999999999996,0.8,0.8,900.0,0.003,0.0,20,0.5,0.018615804,0.004683986125276401
11.733,900.0419748988656,0.02938348939894981,0.0,0.2,0.2,20.249999999999996,0.8,0.8,900.0,0.003,0.0,20,0.5,0.018867095,0.004683986203513733
11.736,900.041974899515,0.029414948757262527,0.0,0.2,0.2,20.249999999999996,0.8,0.8,900.0,0.003,0.0,20,0.5,0.022482109,0.0046839862848956125
11.739,900.0419749001952,0.029446703276583695,0.0,0.2,0.2,20.249999999999996,0.8,0.8,900.0,0.003,0.0,20,0.5,0.018564623,0.004683986369491016
11.742,900.0419749009056,0.029478752478868258,0.0,0.2,0.2,20.249999999999996,0.8,0.8,900.0,0.003,0.0,20,0.5,0.018746264,0.004683986457359779
11.745000000000001,900.0419749016434,0.029511095891119072,0.0,0.2,0.2,20.249999999999996,0.8,0.8,900.0,0.003,0.0,20,0.5,0.022188407,0.0046839865485073014
11.748000000000001,900.0419749024126,0.029543733055585438,0.0,0.2,0.2,20.249999999999996,0.8,0.8,900.0,0.003,0.0,20,0.5,0.018654164,0.004683986642963462
11.751,900.041974903214,0.029576663527651488,0.0,0.2,0.2,20.249999999999996,0.8,0.8,900.0,0.003,0.0,20,0.5,0.018731574,0.004683986740758222
11.754,900.0419749040421,0.029609886878492513,0.0,0.2,0.2,20.249999999999996,0.8,0.8,900.0,0.003,0.0,20,0.5,0.021749154,0.004683986841912279
11.757,900.0419749049005,0.029643402696256996,0.0,0.2,0.2,20.249999999999996,0.8,0.8,900.0,0.003,0.0,20,0.5,0.018937376,0.004683986946459805
11.76,900.0419749057926,0.029677210582925273,0.0,0.2,0.2,20.249999999999996,0.8,0.8,900.0,0.003,0.0,20,0.5,0.019094157,0.00468398705447696
11.763,900.0419749067163,0.029711310148147055,0.0,0.2,0.2,20.249999999999996,0.8,0.8,900.0,0.003,0.0,20,0.5,0.021971625,0.004683987166018675
11.766,900.0419749076685,0.02974570101842071,0.0,0.2,0.2,20.249999999999996,0.8,0.8,900.0,0.003,0.0,20,0.5,0.018488213,0.004683987281116771
11.769,900.041974908656,0.02978038283791416,0.0,0.2,0.2,20.249999999999996,0.8,0.8,900.0,0.003,0.0,20,0.5,0.018506383,0.004683987399781288
11.772,900.0419749096751,0.029815355255072347,0.0,0.2,0.2,20.249999999999996,0.8,0.8,900.0,0.003,0.0,20,0.5,0.021914945,0.004683987522014779
11.775,900.0419749107258,0.02985061787192174,0.0,0.2,0.2,20.249999999999996,0.8,0.8,900.0,0.003,0.0,20,0.5,0.018703124,0.004683987647443113
11.778,900.0419749118078,0.029886170300299733,0.0,0.2,0.2,20.249999999999996,0.8,0.8,900.0,0.003,0.0,20,0.5,0.018758705,0.0046839877755725495
11.781,900.0419749129111,0.029922012168686302,0.0,0.2,0.2,20.249999999999996,0.8,0.8,900.0,0.003,0.0,20,0.5,0.022658151,0.004683987906098839
11.784,900.0419749140374,0.029958143059312624,0.0,0.2,0.2,20.249999999999996,0.8,0.8,900.0,0.003,0.0,20,0.5,0.018933406,0.004683988038670785
11.787,900.0419749151839,0.029994562538585796,0.0,0.2,0.2,20.249999999999996,0.8,0.8,900.0,0.003,0.0,20,0.5,0.019688201,0.004683988172700557
11.790000000000001,900.0419749163491,0.030031270191149855,0.0,0.2,0.2,20.249999999999996,0.8,0.8,900.0,0.003,0.0,20,0.5,0.022051536,0.004683988307545631
11.793000000000001,900.0419749175136,0.030068265614082934,0.0,0.2,0.2,20.249999999999996,0.8,0.8,900.0,0.003,0.0,20,0.5,0.018713214,0.004683988442611934
11.796,900.0419749186856,0.030105548404037768,0.0,0.2,0.2,20.249999999999996,0.8,0.8,900.0,0.003,0.0,20,0.5,0.018702774,0.004683988577368192
11.799,900.0419749198528,0.030143118175130185,0.0,0.2,0.2,20.249999999999996,0.8,0.8,900.0,0.003,0.0,20,0.5,0.02259219,0.004683988711390236
11.802,900.041974921012,0.03018097455996755,0.0,0.2,0.2,20.249999999999996,0.8,0.8,900.0,0.003,0.0,20,0.5,0.018915885,0.004683988844366861
11.805,900.0419749221622,0.030219117210067856,0.0,0.2,0.2,20.249999999999996,0.8,0.8,900.0,0.003,0.0,20,0.5,0.018901605,0.004683988976095014
11.808,900.0419749233043,0.030257545796493417,0.0,0.2,0.2,20.249999999999996,0.8,0.8,900.0,0.003,0.0,20,0.5,0.02253748,0.004683989106469635
11.811,900.0419749244336,0.030296260010099666,0.0,0.2,0.2,20.249999999999996,0.8,0.8,900.0,0.003,0.0,20,0.5,0.019237468,0.004683989235506315
11.814,900.041974925553,0.030335259547037398,0.0,0.2,0.2,20.249999999999996,0.8,0.8,900.0,0.003,0.0,20,0.5,0.018596274,0.004683989363550809
11.817,900.0419749266606,0.03037454404890532,0.0,0.2,0.2,20.249999999999996,0.8,0.8,900.0,0.003,0.0,20,0.5,0.022345379,0.004683989490833452
11.82,900.0419749277622,0.03041411316675502,0.0,0.2,0.2,20.249999999999996,0.8,0.8,900.0,0.003,0.0,20,0.5,0.019043027,0.004683989617457879
11.823,900.0419749288612,0.030453966571613235,0.0,0.2,0.2,20.249999999999996,0.8,0.8,900.0,0.003,0.0,20,0.5,0.018869005,0.004683989743429032
11.826,900.0419749299542,0.03049410395538171,0.0,0.2,0.2,20.249999999999996,0.8,0.8,900.0,0.003,0.0,20,0.5,0.021911105,0.0046839898686259025
11.829,900.0419749310374,0.030534525032688224,0.0,0.2,0.2,20.249999999999996,0.8,0.8,900.0,0.003,0.0,20,0.5,0.019046156,0.004683989992846704
11.832,900.0419749321138,0.030575229515320428,0.0,0.2,0.2,20.249999999999996,0.8,0.8,900.0,0.003,0.0,20,0.5,0.019106227,0.004683990115818576
11.835,900.0419749331801,0.030616217109349125,0.0,0.2,0.2,20.249999999999996,0.8,0.8,900.0,0.003,0.0,20,0.5,0.022105227,0.004683990237108777
11.838000000000001,900.0419749342301,0.030657487539511887,0.0,0.2,0.2,20.249999999999996,0.8,0.8,900.0,0.003,0.0,20,0.5,0.018351202,0.00468399035620328
11.841000000000001,900.0419749352618,0.030699040543901077,0.0,0.2,0.2,20.249999999999996,0.8,0.8,900.0,0.003,0.0,20,0.5,0.01961193,0.004683990472519388
11.844,900.0419749362671,0.030740875880824105,0.0,0.2,0.2,20.249999999999996,0.8,0.8,900.0,0.003,0.0,20,0.5,0.02247156,0.0046839905854768205
11.847,900.0419749372438,0.03078299332911878,0.0,0.2,0.2,20.249999999999996,0.8,0.8,900.0,0.003,0.0,20,0.5,0.018658254,0.004683990694568282
11.85,900.0419749381841,0.030825392684049054,0.0,0.2,0.2,20.249999999999996,0.8,0.8,900.0,0.003,0.0,20,0.5,0.01948889,0.004683990799372796
11.853,900.0419749390919,0.03086807369875706,0.0,0.2,0.2,20.249999999999996,0.8,0.8,900.0,0.003,0.0,20,0.5,0.021389383,0.004683990899706348
11.856,900.041974939959,0.030911035989693785,0.0,0.2,0.2,20.249999999999996,0.8,0.8,900.0,0.003,0.0,20,0.5,0.019078527,0.00468399099543555
11.859,900.0419749407844,0.0309542791831283,0.0,0.2,0.2,20.249999999999996,0.8,0.8,900.0,0.003,0.0,20,0.5,0.018797245,0.004683991086664215
11.862,900.0419749415726,0.03099780290701107,0.0,0.2,0.2,20.249999999999996,0.8,0.8,900.0,0.003,0.0,20,0.5,0.021890125,0.004683991174682366
11.865,900.0419749423321,0.031041606512750432,0.0,0.2,0.2,20.249999999999996,0.8,0.8,900.0,0.003,0.0,20,0.5,0.018746315,0.0046839912608708486
11.868,900.0419749430763,0.03108568926000425,0.0,0.2,0.2,20.249999999999996,0.8,0.8,900.0,0.003,0.0,20,0.5,0.018929676,0.004683991346189487
11.871,900.0419749438134,0.031130050422608496,0.0,0.2,0.2,20.249999999999996,0.8,0.8,900.0,0.003,0.0,20,0.5,0.021497562,0.004683991431399989
11.874,900.0419749445539,0.03117468926289053,0.0,0.2,0.2,20.249999999999996,0.8,0.8,900.0,0.003,0.0,20,0.5,0.018640374,0.004683991517084011
11.877,900.0419749452932,0.03121960504387558,0.0,0.2,0.2,20.249999999999996,0.8,0.8,900.0,0.003,0.0,20,0.5,0.019068997,0.004683991603572487
11.88,900.0419749460406,0.03126479704371536,0.0,0.2,0.2,20.249999999999996,0.8,0.8,900.0,0.003,0.0,20,0.5,0.021913086,0.004683991690931212
11.883000000000001,900.0419749467986,0.031310264555970656,0.0,0.2,0.2,20.249999999999996,0.8,0.8,900.0,0.003,0.0,20,0.5,0.018435142,0.004683991778931594
11.886000000000001,900.0419749475592,0.031356006889851656,0.0,0.2,0.2,20.249999999999996,0.8,0.8,900.0,0.003,0.0,20,0.5,0.018509843,0.004683991867094279
11.889000000000001,900.0419749483241,0.03140202337039667,0.0,0.2,0.2,20.249999999999996,0.8,0.8,900.0,0.003,0.0,20,0.5,0.021766534,0.004683991954735757
11.892,900.0419749490869,0.031448313338411915,0.0,0.2,0.2,20.249999999999996,0.8,0.8,900.0,0.003,0.0,20,0.5,0.018993937,0.004683992041067809
11.895,900.0419749498359,0.031494876150026344,0.0,0.2,0.2,20.249999999999996,0.8,0.8,900.0,0.003,0.0,20,0.5,0.018556864,0.004683992125269516
11.898,900.0419749505643,0.03154171117749144,0.0,0.2,0.2,20.249999999999996,0.8,0.8,900.0,0.003,0.0,20,0.5,0.021966926,0.0046839922065863475
11.901,900.0419749512675,0.03158881780540202,0.0,0.2,0.2,20.249999999999996,0.8,0.8,900.0,0.003,0.0,20,0.5,0.019020577,0.004683992284395715
11.904,900.04197495194,0.031636195431888024,0.0,0.2,0.2,20.249999999999996,0.8,0.8,900.0,0.003,0.0,20,0.5,0.018664754,0.004683992358256886
11.907,900.0419749525788,0.03168384347164227,0.0,0.2,0.2,20.249999999999996,0.8,0.8,900.0,0.003,0.0,20,0.5,0.021760014,0.004683992427947233
11.91,900.0419749531764,0.03173176135465657,0.0,0.2,0.2,20.249999999999996,0.8,0.8,900.0,0.003,0.0,20,0.5,0.018752875,0.004683992493458198
11.913,900.041974953743,0.031779948524475146,0.0,0.2,0.2,20.249999999999996,0.8,0.8,900.0,0.003,0.0,20,0.5,0.018523443,0.004683992554972953
11.916,900.0419749542731,0.031828404439575776,0.0,0.2,0.2,20.249999999999996,0.8,0.8,900.0,0.003,0.0,20,0.5,0.021640073,0.004683992612903831
11.919,900.0419749547683,0.03187712856240895,0.0,0.2,0.2,20.249999999999996,0.8,0.8,900.0,0.003,0.0,20,0.5,0.018692194,0.004683992667719979
11.922,900.0419749552387,0.03192612037115394,0.0,0.2,0.2,20.249999999999996,0.8,0.8,900.0,0.003,0.0,20,0.5,0.018763074,0.004683992719894818
11.925,900.0419749556851,0.03197537936273232,0.0,0.2,0.2,20.249999999999996,0.8,0.8,900.0,0.003,0.0,20,0.5,0.022012876,0.004683992769867364
11.928,900.041974956113,0.03202490505262782,0.0,0.2,0.2,20.249999999999996,0.8,0.8,900.0,0.003,0.0,20,0.5,0.019102277,0.004683992818009371
11.931000000000001,900.0419749565242,0.03207469697502349,0.0,0.2,0.2,20.249999999999996,0.8,0.8,900.0,0.003,0.0,20,0.5,0.018805314,0.004683992864586232
11.934000000000001,900.0419749569201,0.032124754682768555,0.0,0.2,0.2,20.249999999999996,0.8,0.8,900.0,0.003,0.0,20,0.5,0.021814935,0.0046839929097355305
11.937,900.0419749573026,0.03217507774791595,0.0,0.2,0.2,20.249999999999996,0.8,0.8,900.0,0.003,0.0,20,0.5,0.018568924,0.004683992953456798
11.94,900.0419749576756,0.032225665762653066,0.0,0.2,0.2,20.249999999999996,0.8,0.8,900.0,0.003,0.0,20,0.5,0.018708054,0.0046839929956226725
11.943,900.0419749580326,0.03227651834042084,0.0,0.2,0.2,20.249999999999996,0.8,0.8,900.0,0.003,0.0,20,0.5,0.021693364,0.00468399303600989
11.946,900.041974958377,0.03232763511481107,0.0,0.2,0.2,20.249999999999996,0.8,0.8,900.0,0.003,0.0,20,0.5,0.018465233,0.004683993074339426
11.949,900.0419749586983,0.032379015741237464,0.0,0.2,0.2,20.249999999999996,0.8,0.8,900.0,0.003,0.0,20,0.5,0.018700103,0.004683993110311443
11.952,900.0419749590021,0.032430659896054155,0.0,0.2,0.2,20.249999999999996,0.8,0.8,900.0,0.003,0.0,20,0.5,0.021797855,0.00468399314363656
11.955,900.0419749592814,0.03248256727339754,0.0,0.2,0.2,20.249999999999996,0.8,0.8,900.0,0.003,0.0,20,0.5,0.018565313,0.004683993174053089
11.958,900.0419749595366,0.03253473758692816,0.0,0.2,0.2,20.249999999999996,0.8,0.8,900.0,0.003,0.0,20,0.5,0.018944876,0.004683993201354585
11.961,900.0419749597613,0.0325871705716261,0.0,0.2,0.2,20.249999999999996,0.8,0.8,900.0,0.003,0.0,20,0.5,0.021820135,0.00468399322540577
11.964,900.0419749599589,0.03263986598411833,0.0,0.2,0.2,20.249999999999996,0.8,0.8,900.0,0.003,0.0,20,0.5,0.018565733,0.0046839932461467185
11.967,900.0419749601261,0.032692823602152726,0.0,0.2,0.2,20.249999999999996,0.8,0.8,900.0,0.003,0.0,20,0.5,0.018509883,0.004683993263599573
11.97,900.041974960265,0.032746043220514144,0.0,0.2,0.2,20.249999999999996,0.8,0.8,900.0,0.003,0.0,20,0.5,0.021625794,0.004683993277863931
11.973,900.0419749603757,0.03279952465057141,0.0,0.2,0.2,20.249999999999996,0.8,0.8,900.0,0.003,0.0,20,0.5,0.018676905,0.00468399328909092
11.976,900.0419749604607,0.03285326772164917,0.0,0.2,0.2,20.249999999999996,0.8,0.8,900.0,0.003,0.0,20,0.5,0.018659974,0.004683993297420098
11.979000000000001,900.0419749605203,0.032907272283468944,0.0,0.2,0.2,20.249999999999996,0.8,0.8,900.0,0.003,0.0,20,0.5,0.021458593,0.004683993303017883
11.982000000000001,900.041974960555,0.0329615382003489,0.0,0.2,0.2,20.249999999999996,0.8,0.8,900.0,0.003,0.0,20,0.5,0.019224368,0.004683993305974847
11.985,900.0419749605666,0.03301606535689236,0.0,0.2,0.2,20.249999999999996,0.8,0.8,900.0,0.003,0.0,20,0.5,0.018775295,0.004683993306320629
11.988,900.0419749605569,0.03307085366134007,0.0,0.2,0.2,20.249999999999996,0.8,0.8,900.0,0.003,0.0,20,0.5,0.021731854,0.004683993304021454
11.991,900.0419749605186,0.033125903046175666,0.0,0.2,0.2,20.249999999999996,0.8,0.8,900.0,0.003,0.0,20,0.5,0.020052353,0.004683993299001098
11.994,900.0419749604588,0.033181213468447636,0.0,0.2,0.2,20.249999999999996,0.8,0.8,900.0,0.003,0.0,20,0.5,0.019164967,0.004683993291138144
11.997,900.0419749603753,0.03323678491007461,0.0,0.2,0.2,20.249999999999996,0.8,0.8,900.0,0.003,0.0,20,0.5,0.021326861,0.004683993280287389
12.0,900.0419749602628,0.03329261737816031,0.0,0.2,0.2,20.249999999999996,0.8,0.8,900.0,0.003,0.0,20,0.5,0.018571183,0.004683993266292986
12.003,900.0419749601261,0.03334871090528633,0.0,0.2,0.2,20.249999999999996,0.8,0.8,900.0,0.003,0.0,20,0.5,0.01965985,0.004683993249005649
12.006,900.0419749599561,0.03340506554714906,0.0,0.2,0.2,20.249999999999996,0.8,0.8,900.0,0.003,0.0,20,0.5,0.021643144,0.00468399322833941
12.009,900.041974959756,0.03346168136661493,0.0,0.2,0.2,20.249999999999996,0.8,0.8,900.0,0.003,0.0,20,0.5,0.018759924,0.004683993204166395
12.012,900.0419749595281,0.033518558449292524,0.0,0.2,0.2,20.249999999999996,0.8,0.8,900.0,0.003,0.0,20,0.5,0.018540983,0.004683993176369851
12.015,900.0419749592659,0.03357569690689408,0.0,0.2,0.2,20.249999999999996,0.8,0.8,900.0,0.003,0.0,20,0.5,0.021714324,0.004683993144873725
12.018,900.0419749589703,0.03363309687540307,0.0,0.2,0.2,20.249999999999996,0.8,0.8,900.0,0.003,0.0,20,0.5,0.018632094,0.004683993109707484
12.021,900.0419749586436,0.03369075850333725,0.0,0.2,0.2,20.249999999999996,0.8,0.8,900.0,0.003,0.0,20,0.5,0.018725624,0.004683993070990218
12.024000000000001,900.0419749582867,0.03374868195540266,0.0,0.2,0.2,20.249999999999996,0.8,0.8,900.0,0.003,0.0,20,0.5,0.021685614,0.004683993028939449
12.027000000000001,900.0419749578981,0.03380686738581993,0.0,0.2,0.2,20.249999999999996,0.8,0.8,900.0,0.003,0.0,20,0.5,0.018702384,0.004683992984051372
12.030000000000001,900.0419749574891,0.03386531487284177,0.0,0.2,0.2,20.249999999999996,0.8,0.8,900.0,0.003,0.0,20,0.5,0.018929646,0.004683992937699488
12.033,900.0419749570685,0.033924024200302674,0.0,0.2,0.2,20.249999999999996,0.8,0.8,900.0,0.003,0.0,20,0.5,0.022292458,0.004683992891220889
12.036,900.0419749566456,0.033982995059121585,0.0,0.2,0.2,20.249999999999996,0.8,0.8,900.0,0.003,0.0,20,0.5,0.018955325,0.004683992845505227
12.039,900.0419749562319,0.034042227157786105,0.0,0.2,0.2,20.249999999999996,0.8,0.8,900.0,0.003,0.0,20,0.5,0.019133327,0.00468399280117214
12.042,900.0419749558331,0.0341017202231499,0.0,0.2,0.2,20.249999999999996,0.8,0.8,900.0,0.003,0.0,20,0.5,0.021899566,0.004683992758524589
12.045,900.0419749554458,0.03416147400190797,0.0,0.2,0.2,20.249999999999996,0.8,0.8,900.0,0.003,0.0,20,0.5,0.018800945,0.004683992717484452
12.048,900.0419749550757,0.034221488261069286,0.0,0.2,0.2,20.249999999999996,0.8,0.8,900.0,0.003,0.0,20,0.5,0.01957116,0.004683992677577831
12.051,900.0419749547162,0.03428176278732111,0.0,0.2,0.2,20.249999999999996,0.8,0.8,900.0,0.003,0.0,20,0.5,0.021529763,0.004683992638007911
12.054,900.0419749543552,0.03434229738456495,0.0,0.2,0.2,20.249999999999996,0.8,0.8,900.0,0.003,0.0,20,0.5,0.019141327,0.0046839925977447735
12.057,900.0419749539944,0.03440309187740503,0.0,0.2,0.2,20.249999999999996,0.8,0.8,900.0,0.003,0.0,20,0.5,0.018620203,0.00468399255570229
12.06,900.0419749536151,0.03446414611174291,0.0,0.2,0.2,20.249999999999996,0.8,0.8,900.0,0.003,0.0,20,0.5,0.022353928,0.004683992510876144
12.063,900.0419749532118,0.03452545995507438,0.0,0.2,0.2,20.249999999999996,0.8,0.8,900.0,0.003,0.0,20,0.5,0.018980386,0.004683992462435329
12.066,900.0419749527778,0.03458703329678904,0.0,0.2,0.2,20.249999999999996,0.8,0.8,900.0,0.003,0.0,20,0.5,0.018834405,0.004683992409808204
12.069,900.0419749523058,0.03464886603700981,0.0,0.2,0.2,20.249999999999996,0.8,0.8,900.0,0.003,0.0,20,0.5,0.021938935,0.004683992352672216
12.072000000000001,900.0419749517957,0.03471095808025385,0.0,0.2,0.2,20.249999999999996,0.8,0.8,900.0,0.003,0.0,20,0.5,0.018876155,0.004683992291055146
12.075000000000001,900.0419749512458,0.03477330930419126,0.0,0.2,0.2,20.249999999999996,0.8,0.8,900.0,0.003,0.0,20,0.5,0.018519043,0.004683992225116843
12.078,900.0419749506581,0.03483591959989334,0.0,0.2,0.2,20.249999999999996,0.8,0.8,900.0,0.003,0.0,20,0.5,0.022117876,0.004683992155205621
12.081,900.0419749500336,0.034898788864314016,0.0,0.2,0.2,20.249999999999996,0.8,0.8,900.0,0.003,0.0,20,0.5,0.018721724,0.004683992081861798
12.084,900.0419749493811,0.03496191698564328,0.0,0.2,0.2,20.249999999999996,0.8,0.8,900.0,0.003,0.0,20,0.5,0.01968428,0.004683992005634809
12.087,900.0419749487,0.03502530386256549,0.0,0.2,0.2,20.249999999999996,0.8,0.8,900.0,0.003,0.0,20,0.5,0.022055426,0.004683991927022237
12.09,900.0419749480016,0.03508894941687822,0.0,0.2,0.2,20.249999999999996,0.8,0.8,900.0,0.003,0.0,20,0.5,0.019237367,0.004683991846486215
12.093,900.0419749472848,0.03515285358705964,0.0,0.2,0.2,20.249999999999996,0.8,0.8,900.0,0.003,0.0,20,0.5,0.018779284,0.004683991764358888
12.096,900.0419749465548,0.03521701633327117,0.0,0.2,0.2,20.249999999999996,0.8,0.8,900.0,0.003,0.0,20,0.5,0.022103057,0.00468399168077355
12.099,900.0419749458104,0.03528143764927199,0.0,0.2,0.2,20.249999999999996,0.8,0.8,900.0,0.003,0.0,20,0.5,0.018925996,0.0046839915956358915
12.102,900.0419749450526,0.03534611756732508,0.0,0.2,0.2,20.249999999999996,0.8,0.8,900.0,0.003,0.0,20,0.5,0.019263198,0.00468399150870979
12.105,900.0419749442793,0.03541105614591289,0.0,0.2,0.2,20.249999999999996,0.8,0.8,900.0,0.003,0.0,20,0.5,0.022346698,0.004683991419627162
12.108,900.041974943489,0.03547625346970994,0.0,0.2,0.2,20.249999999999996,0.8,0.8,900.0,0.003,0.0,20,0.5,0.018865606,0.004683991327957123
12.111,900.0419749426737,0.03554170964930157,0.0,0.2,0.2,20.249999999999996,0.8,0.8,900.0,0.003,0.0,20,0.5,0.019150627,0.004683991233271064
12.114,900.041974941833,0.03560742482200676,0.0,0.2,0.2,20.249999999999996,0.8,0.8,900.0,0.003,0.0,20,0.5,0.021743575,0.004683991135227006
12.117,900.0419749409639,0.03567339914903698,0.0,0.2,0.2,20.249999999999996,0.8,0.8,900.0,0.003,0.0,20,0.5,0.018799115,0.004683991034085911
12.120000000000001,900.0419749400733,0.03573963255349119,0.0,0.2,0.2,20.249999999999996,0.8,0.8,900.0,0.003,0.0,20,0.5,0.019312558,0.004683990930279071
12.123000000000001,900.0419749391586,0.03580612475460021,0.0,0.2,0.2,20.249999999999996,0.8,0.8,900.0,0.003,0.0,20,0.5,0.021870746,0.004683990823781737
12.126,900.0419749382194,0.03587287548789376,0.0,0.2,0.2,20.249999999999996,0.8,0.8,900.0,0.003,0.0,20,0.5,0.019094336,0.0046839907147799755
12.129,900.0419749372608,0.03593988450469993,0.0,0.2,0.2,20.249999999999996,0.8,0.8,900.0,0.003,0.0,20,0.5,0.019055897,0.004683990603514168
12.132,900.0419749362808,0.03600715157198793,0.0,0.2,0.2,20.249999999999996,0.8,0.8,900.0,0.003,0.0,20,0.5,0.021547683,0.004683990490185724
12.135,900.0419749352818,0.036074676459015936,0.0,0.2,0.2,20.249999999999996,0.8,0.8,900.0,0.003,0.0,20,0.5,0.019193507,0.004683990374917724
12.138,900.0419749342675,0.0361424589388418,0.0,0.2,0.2,20.249999999999996,0.8,0.8,900.0,0.003,0.0,20,0.5,0.019224018,0.00468399025773023
12.141,900.0419749332381,0.03621049880172464,0.0,0.2,0.2,20.249999999999996,0.8,0.8,900.0,0.003,0.0,20,0.5,0.022118047,0.004683990138574585
12.144,900.0419749321883,0.036278795856161755,0.0,0.2,0.2,20.249999999999996,0.8,0.8,900.0,0.003,0.0,20,0.5,0.018936105,0.004683990017391462
12.147,900.041974931121,0.03634734992422011,0.0,0.2,0.2,20.249999999999996,0.8,0.8,900.0,0.003,0.0,20,0.5,0.018658994,0.004683989894068364
12.15,900.0419749300388,0.03641616085747735,0.0,0.2,0.2,20.249999999999996,0.8,0.8,900.0,0.003,0.0,20,0.5,0.022157557,0.004683989768474247
12.153,900.0419749289315,0.0364852285441589,0.0,0.2,0.2,20.249999999999996,0.8,0.8,900.0,0.003,0.0,20,0.5,0.018606183,0.004683989640654539
12.156,900.0419749278062,0.036554552888330254,0.0,0.2,0.2,20.249999999999996,0.8,0.8,900.0,0.003,0.0,20,0.5,0.019465989,0.0046839895107721585
12.159,900.0419749266674,0.03662413380984895,0.0,0.2,0.2,20.249999999999996,0.8,0.8,900.0,0.003,0.0,20,0.5,0.021922036,0.004683989379049932
12.162,900.0419749255105,0.0366939712475095,0.0,0.2,0.2,20.249999999999996,0.8,0.8,900.0,0.003,0.0,20,0.5,0.018456303,0.004683989245782411
12.165000000000001,900.04197492434,0.03676406514624186,0.0,0.2,0.2,20.249999999999996,0.8,0.8,900.0,0.003,0.0,20,0.5,0.018740684,0.00468398911127795
12.168000000000001,900.0419749231619,0.036834415436939834,0.0,0.2,0.2,20.249999999999996,0.8,0.8,900.0,0.003,0.0,20,0.5,0.022391099,0.004683988976438589
12.171,900.0419749219841,0.0369050217816984,0.0,0.2,0.2,20.249999999999996,0.8,0.8,900.0,0.003,0.0,20,0.5,0.018882656,0.00468398884185301
12.174,900.0419749208088,0.03697588376112841,0.0,0.2,0.2,20.249999999999996,0.8,0.8,900.0,0.003,0.0,20,0.5,0.018859965,0.0046839887076733635
12.177,900.0419749196413,0.03704700094430545,0.0,0.2,0.2,20.249999999999996,0.8,0.8,900.0,0.003,0.0,20,0.5,0.022029896,0.004683988573913444
12.18,900.0419749184769,0.03711837284708457,0.0,0.2,0.2,20.249999999999996,0.8,0.8,900.0,0.003,0.0,20,0.5,0.018718294,0.0046839884401619954
12.183,900.0419749173167,0.03718999889167411,0.0,0.2,0.2,20.249999999999996,0.8,0.8,900.0,0.003,0.0,20,0.5,0.018890055,0.004683988305453843
12.186,900.041974916146,0.037261878498945085,0.0,0.2,0.2,20.249999999999996,0.8,0.8,900.0,0.003,0.0,20,0.5,0.022209527,0.00468398816857624
12.189,900.0419749149564,0.0373340110966557,0.0,0.2,0.2,20.249999999999996,0.8,0.8,900.0,0.003,0.0,20,0.5,0.018668353,0.004683988028184858
12.192,900.041974913738,0.03740639612396412,0.0,0.2,0.2,20.249999999999996,0.8,0.8,900.0,0.003,0.0,20,0.5,0.018722304,0.004683987882939859
12.195,900.0419749124738,0.037479033031557134,0.0,0.2,0.2,20.249999999999996,0.8,0.8,900.0,0.003,0.0,20,0.5,0.022090256,0.004683987731602639
12.198,900.0419749111556,0.03755192128060974,0.0,0.2,0.2,20.249999999999996,0.8,0.8,900.0,0.003,0.0,20,0.5,0.01961243,0.004683987573092114
12.201,900.0419749097802,0.03762506034273641,0.0,0.2,0.2,20.249999999999996,0.8,0.8,900.0,0.003,0.0,20,0.5,0.019271838,0.0046839874065229175
12.204,900.0419749083271,0.03769844970220343,0.0,0.2,0.2,20.249999999999996,0.8,0.8,900.0,0.003,0.0,20,0.5,0.021921805,0.00468398723123334
12.207,900.0419749067989,0.03777208885371891,0.0,0.2,0.2,20.249999999999996,0.8,0.8,900.0,0.003,0.0,20,0.5,0.019235697,0.004683987046988963
12.21,900.0419749051944,0.03784597717221429,0.0,0.2,0.2,20.249999999999996,0.8,0.8,900.0,0.003,0.0,20,0.5,0.018869435,0.004683986853720572
12.213000000000001,900.0419749035086,0.037920113970772856,0.0,0.2,0.2,20.249999999999996,0.8,0.8,900.0,0.003,0.0,20,0.5,0.022251477,0.004683986651370863
12.216000000000001,900.0419749017402,0.037994498568169804,0.0,0.2,0.2,20.249999999999996,0.8,0.8,900.0,0.003,0.0,20,0.5,0.019342888,0.004683986440059938
12.219,900.0419748998941,0.03806913027526381,0.0,0.2,0.2,20.249999999999996,0.8,0.8,900.0,0.003,0.0,20,0.5,0.018799964,0.004683986219917886
12.222,900.0419748979685,0.03814400841214301,0.0,0.2,0.2,20.249999999999996,0.8,0.8,900.0,0.003,0.0,20,0.5,0.022347338,0.004683985991023911
12.225,900.0419748959666,0.03821913231047736,0.0,0.2,0.2,20.249999999999996,0.8,0.8,900.0,0.003,0.0,20,0.5,0.018788765,0.004683985753363851
12.228,900.0419748938841,0.03829450131410299,0.0,0.2,0.2,20.249999999999996,0.8,0.8,900.0,0.003,0.0,20,0.5,0.019290948,0.004683985506961858
12.231,900.0419748917253,0.03837011469200658,0.0,0.2,0.2,20.249999999999996,0.8,0.8,900.0,0.003,0.0,20,0.5,0.022076777,0.004683985251772135
12.234,900.0419748894889,0.03844597160848029,0.0,0.2,0.2,20.249999999999996,0.8,0.8,900.0,0.003,0.0,20,0.5,0.019287718,0.004683984987217401
12.237,900.041974887174,0.03852207123614997,0.0,0.2,0.2,20.249999999999996,0.8,0.8,900.0,0.003,0.0,20,0.5,0.018994546,0.004683984712603707
12.24,900.0419748847613,0.03859841275374897,0.0,0.2,0.2,20.249999999999996,0.8,0.8,900.0,0.003,0.0,20,0.5,0.021614683,0.00468398442727525
12.243,900.0419748822563,0.03867499525354702,0.0,0.2,0.2,20.249999999999996,0.8,0.8,900.0,0.003,0.0,20,0.5,0.018925415,0.004683984130318037
12.246,900.0419748796498,0.038751817790504316,0.0,0.2,0.2,20.249999999999996,0.8,0.8,900.0,0.003,0.0,20,0.5,0.018505293,0.004683983820638045
12.249,900.0419748769269,0.03882887942664289,0.0,0.2,0.2,20.249999999999996,0.8,0.8,900.0,0.003,0.0,20,0.5,0.021986826,0.004683983497248768
12.252,900.0419748740852,0.03890617922894941,0.0,0.2,0.2,20.249999999999996,0.8,0.8,900.0,0.003,0.0,20,0.5,0.018617653,0.004683983159356559
12.255,900.0419748711093,0.0389837162715805,0.0,0.2,0.2,20.249999999999996,0.8,0.8,900.0,0.003,0.0,20,0.5,0.019131036,0.00468398280640284
12.258000000000001,900.0419748680017,0.03906148963629192,0.0,0.2,0.2,20.249999999999996,0.8,0.8,900.0,0.003,0.0,20,0.5,0.022026216,0.004683982438114403
12.261000000000001,900.0419748647575,0.03913949840296625,0.0,0.2,0.2,20.249999999999996,0.8,0.8,900.0,0.003,0.0,20,0.5,0.019267037,0.004683982055719556
12.264000000000001,900.0419748613932,0.03921774127373617,0.0,0.2,0.2,20.249999999999996,0.8,0.8,900.0,0.003,0.0,20,0.5,0.018731004,0.004683981660923111
12.267,900.041974857919,0.039296216765037334,0.0,0.2,0.2,20.249999999999996,0.8,0.8,900.0,0.003,0.0,20,0.5,0.022143907,0.004683981254821939
12.27,900.0419748543407,0.03937492340525838,0.0,0.2,0.2,20.249999999999996,0.8,0.8,900.0,0.003,0.0,20,0.5,0.018817575,0.004683980838185919
12.273,900.0419748506687,0.03945385973492255,0.0,0.2,0.2,20.249999999999996,0.8,0.8,900.0,0.003,0.0,20,0.5,0.018744814,0.0046839804115437625
12.276,900.0419748469077,0.03953302430734277,0.0,0.2,0.2,20.249999999999996,0.8,0.8,900.0,0.003,0.0,20,0.5,0.021864105,0.004683979975190823
12.279,900.0419748430588,0.03961241568801161,0.0,0.2,0.2,20.249999999999996,0.8,0.8,900.0,0.003,0.0,20,0.5,0.019109796,0.004683979529296499
12.282,900.0419748391282,0.03969203236852689,0.0,0.2,0.2,20.249999999999996,0.8,0.8,900.0,0.003,0.0,20,0.5,0.019124007,0.004683979073710036
12.285,900.0419748351109,0.039771872801670584,0.0,0.2,0.2,20.249999999999996,0.8,0.8,900.0,0.003,0.0,20,0.5,0.021987996,0.004683978607873297
12.288,900.0419748309978,0.03985193545339821,0.0,0.2,0.2,20.249999999999996,0.8,0.8,900.0,0.003,0.0,20,0.5,0.018612113,0.004683978131040071
12.291,900.0419748267902,0.0399322188029933,0.0,0.2,0.2,20.249999999999996,0.8,0.8,900.0,0.003,0.0,20,0.5,0.018472362,0.004683977642427039
12.294,900.0419748224804,0.04001272134273217,0.0,0.2,0.2,20.249999999999996,0.8,0.8,900.0,0.003,0.0,20,0.5,0.022302278,0.004683977141744006
12.297,900.0419748180593,0.04009344140814652,0.0,0.2,0.2,20.249999999999996,0.8,0.8,900.0,0.003,0.0,20,0.5,0.018565653,0.0046839766290402065
12.3,900.0419748135355,0.040174377202284575,0.0,0.2,0.2,20.249999999999996,0.8,0.8,900.0,0.003,0.0,20,0.5,0.018704644,0.004683976105100746
12.303,900.0419748089148,0.04025552648378542,0.0,0.2,0.2,20.249999999999996,0.8,0.8,900.0,0.003,0.0,20,0.5,0.021437102,0.004683975570746723
12.306000000000001,900.0419748042019,0.04033688681873643,0.0,0.2,0.2,20.249999999999996,0.8,0.8,900.0,0.003,0.0,20,0.5,0.019031976,0.004683975026666079
12.309000000000001,900.0419747994008,0.04041845577878794,0.0,0.2,0.2,20.249999999999996,0.8,0.8,900.0,0.003,0.0,20,0.5,0.018713844,0.00468397447373981
12.312,900.041974794525,0.04050023094450137,0.0,0.2,0.2,20.249999999999996,0.8,0.8,900.0,0.003,0.0,20,0.5,0.022237317,0.004683973912890396
12.315,900.041974789573,0.04058220990022906,0.0,0.2,0.2,20.249999999999996,0.8,0.8,900.0,0.003,0.0,20,0.5,0.018758095,0.004683973344960064
12.318,900.0419747845615,0.040664390234546315,0.0,0.2,0.2,20.249999999999996,0.8,0.8,900.0,0.003,0.0,20,0.5,0.018784005,0.004683972770692211
12.321,900.0419747794897,0.04074676954076166,0.0,0.2,0.2,20.249999999999996,0.8,0.8,900.0,0.003,0.0,20,0.5,0.021545652,0.004683972190781883
12.324,900.0419747743724,0.040829345417617485,0.0,0.2,0.2,20.249999999999996,0.8,0.8,900.0,0.003,0.0,20,0.5,0.018393182,0.0046839716059142375
12.327,900.0419747692135,0.040912115458731996,0.0,0.2,0.2,20.249999999999996,0.8,0.8,900.0,0.003,0.0,20,0.5,0.019082687,0.004683971016827772
12.33,900.0419747640141,0.04099507720937528,0.0,0.2,0.2,20.249999999999996,0.8,0.8,900.0,0.003,0.0,20,0.5,0.022066196,0.004683970424143236
12.333,900.0419747587844,0.0410782282100922,0.0,0.2,0.2,20.249999999999996,0.8,0.8,900.0,0.003,0.0,20,0.5,0.018837074,0.004683969828481223
12.336,900.0419747535278,0.041161566004667145,0.0,0.2,0.2,20.249999999999996,0.8,0.8,900.0,0.003,0.0,20,0.5,0.019077516,0.004683969230421256
12.339,900.0419747482531,0.04124508814115872,0.0,0.2,0.2,20.249999999999996,0.8,0.8,900.0,0.003,0.0,20,0.5,0.022551509,0.004683968630412071
12.342,900.0419747429592,0.04132879218723889,0.0,0.2,0.2,20.249999999999996,0.8,0.8,900.0,0.003,0.0,20,0.5,0.018675714,0.004683968028772252
12.345,900.0419747376526,0.041412675726540824,0.0,0.2,0.2,20.249999999999996,0.8,0.8,900.0,0.003,0.0,20,0.5,0.018606383,0.004683967425718213
12.348,900.0419747323311,0.04149673635399932,0.0,0.2,0.2,20.249999999999996,0.8,0.8,900.0,0.003,0.0,20,0.5,0.021909626,0.004683966821383991
12.351,900.0419747269998,0.04158097167581547,0.0,0.2,0.2,20.249999999999996,0.8,0.8,900.0,0.003,0.0,20,0.5,0.018661534,0.004683966215846793
12.354000000000001,900.041974721662,0.04166537931084589,0.0,0.2,0.2,20.249999999999996,0.8,0.8,900.0,0.003,0.0,20,0.5,0.018605573,0.004683965609136769
12.357000000000001,900.0419747163077,0.04174995689169721,0.0,0.2,0.2,20.249999999999996,0.8,0.8,900.0,0.003,0.0,20,0.5,0.022040397,0.004683965001278912
12.36,900.0419747109472,0.04183470205767869,0.0,0.2,0.2,20.249999999999996,0.8,0.8,900.0,0.003,0.0,20,0.5,0.018966186,0.00468396439226637
12.363,900.0419747055777,0.04191961246189616,0.0,0.2,0.2,20.249999999999996,0.8,0.8,900.0,0.003,0.0,20,0.5,0.018643864,0.004683963782065854
12.366,900.0419747001984,0.04200468577473582,0.0,0.2,0.2,20.249999999999996,0.8,0.8,900.0,0.003,0.0,20,0.5,0.022098496,0.004683963171081202
12.369,900.0419746948158,0.04208991952466725,0.0,0.2,0.2,20.249999999999996,0.8,0.8,900.0,0.003,0.0,20,0.5,0.019100276,0.0046839625618893006
12.372,900.0419746894587,0.04217531049941274,0.0,0.2,0.2,20.249999999999996,0.8,0.8,900.0,0.003,0.0,20,0.5,0.018514702,0.004683961957043093
12.375,900.0419746841445,0.04226085513548757,0.0,0.2,0.2,20.249999999999996,0.8,0.8,900.0,0.003,0.0,20,0.5,0.021821515,0.004683961358535041
12.378,900.0419746788826,0.042346549793978144,0.0,0.2,0.2,20.249999999999996,0.8,0.8,900.0,0.003,0.0,20,0.5,0.019234478,0.004683960767887647
12.381,900.041974673696,0.042432390829602956,0.0,0.2,0.2,20.249999999999996,0.8,0.8,900.0,0.003,0.0,20,0.5,0.019138527,0.0046839601859437535
12.384,900.041974668585,0.042518374608727476,0.0,0.2,0.2,20.249999999999996,0.8,0.8,900.0,0.003,0.0,20,0.5,0.021861045,0.004683959612840704
12.387,900.0419746635561,0.04260449751021795,0.0,0.2,0.2,20.249999999999996,0.8,0.8,900.0,0.003,0.0,20,0.5,0.019286378,0.004683959048063603
12.39,900.0419746586026,0.04269075592650912,0.0,0.2,0.2,20.249999999999996,0.8,0.8,900.0,0.003,0.0,20,0.5,0.018812554,0.004683958490543721
12.393,900.0419746537136,0.04277714626479969,0.0,0.2,0.2,20.249999999999996,0.8,0.8,900.0,0.003,0.0,20,0.5,0.021456422,0.004683957938814391
12.396,900.0419746488781,0.042863664948275045,0.0,0.2,0.2,20.249999999999996,0.8,0.8,900.0,0.003,0.0,20,0.5,0.018600533,0.004683957391161976
12.399000000000001,900.0419746440779,0.04295030841448172,0.0,0.2,0.2,20.249999999999996,0.8,0.8,900.0,0.003,0.0,20,0.5,0.018978256,0.004683956845805565
12.402000000000001,900.0419746392996,0.04303707311093362,0.0,0.2,0.2,20.249999999999996,0.8,0.8,900.0,0.003,0.0,20,0.5,0.022180117,0.004683956300994669
12.405000000000001,900.0419746345293,0.043123955504014815,0.0,0.2,0.2,20.249999999999996,0.8,0.8,900.0,0.003,0.0,20,0.5,0.018677924,0.004683955755164921
12.408,900.0419746297459,0.043210952080300104,0.0,0.2,0.2,20.249999999999996,0.8,0.8,900.0,0.003,0.0,20,0.5,0.018819025,0.004683955207057547
12.411,900.0419746249455,0.04329805934874355,0.0,0.2,0.2,20.249999999999996,0.8,0.8,900.0,0.003,0.0,20,0.5,0.021865195,0.004683954655773305
12.414,900.0419746201181,0.043385273841158846,0.0,0.2,0.2,20.249999999999996,0.8,0.8,900.0,0.003,0.0,20,0.5,0.019144847,0.004683954100744234
12.417,900.0419746152543,0.043472592120908767,0.0,0.2,0.2,20.249999999999996,0.8,0.8,900.0,0.003,0.0,20,0.5,0.018797155,0.00468395354160803
12.42,900.0419746103532,0.043560010796941696,0.0,0.2,0.2,20.249999999999996,0.8,0.8,900.0,0.003,0.0,20,0.5,0.021709294,0.004683952978304793
12.423,900.0419746054206,0.043647526460197435,0.0,0.2,0.2,20.249999999999996,0.8,0.8,900.0,0.003,0.0,20,0.5,0.018909626,0.004683952410816624
12.426,900.0419746004493,0.043735135715106024,0.0,0.2,0.2,20.249999999999996,0.8,0.8,900.0,0.003,0.0,20,0.5,0.018555103,0.004683951839124426
12.429,900.0419745954382,0.04382283519298458,0.0,0.2,0.2,20.249999999999996,0.8,0.8,900.0,0.003,0.0,20,0.5,0.022170637,0.004683951263243422
12.432,900.0419745903932,0.04391062153532992,0.0,0.2,0.2,20.249999999999996,0.8,0.8,900.0,0.003,0.0,20,0.5,0.018669204,0.00468395068309684
12.435,900.0419745853069,0.04399849141361469,0.0,0.2,0.2,20.249999999999996,0.8,0.8,900.0,0.003,0.0,20,0.5,0.019222577,0.0046839500984815225
12.438,900.0419745801797,0.044086441537269795,0.0,0.2,0.2,20.249999999999996,0.8,0.8,900.0,0.003,0.0,20,0.5,0.022517109,0.004683949509083741
12.441,900.0419745750123,0.044174468656658104,0.0,0.2,0.2,20.249999999999996,0.8,0.8,900.0,0.003,0.0,20,0.5,0.018706914,0.004683948914511282
12.444,900.0419745697999,0.04426256956263864,0.0,0.2,0.2,20.249999999999996,0.8,0.8,900.0,0.003,0.0,20,0.5,0.018803075,0.004683948314329473
12.447000000000001,900.0419745645328,0.044350741074120084,0.0,0.2,0.2,20.249999999999996,0.8,0.8,900.0,0.003,0.0,20,0.5,0.02272923,0.004683947708797994
12.450000000000001,900.0419745592301,0.04443897971311613,0.0,0.2,0.2,20.249999999999996,0.8,0.8,900.0,0.003,0.0,20,0.5,0.018570703,0.004683947098233273
12.453,900.0419745538761,0.044527281904953975,0.0,0.2,0.2,20.249999999999996,0.8,0.8,900.0,0.003,0.0,20,0.5,0.018698624,0.004683946482731672
12.456,900.0419745484809,0.044615644123935295,0.0,0.2,0.2,20.249999999999996,0.8,0.8,900.0,0.003,0.0,20,0.5,0.021673084,0.004683945862388403
12.459,900.0419745430437,0.04470406287608021,0.0,0.2,0.2,20.249999999999996,0.8,0.8,900.0,0.003,0.0,20,0.5,0.018313172,0.004683945237423025
12.462,900.0419745375626,0.04479253463279277,0.0,0.2,0.2,20.249999999999996,0.8,0.8,900.0,0.003,0.0,20,0.5,0.018715304,0.004683944607781889
12.465,900.0419745320403,0.044881055891378654,0.0,0.2,0.2,20.249999999999996,0.8,0.8,900.0,0.003,0.0,20,0.5,0.021753094,0.00468394397328265
12.468,900.0419745264757,0.0449696231952302,0.0,0.2,0.2,20.249999999999996,0.8,0.8,900.0,0.003,0.0,20,0.5,0.019044006,0.0046839433337298175
12.471,900.0419745208666,0.0450582330623673,0.0,0.2,0.2,20.249999999999996,0.8,0.8,900.0,0.003,0.0,20,0.5,0.019061526,0.0046839426890322835
12.474,900.0419745152119,0.04514688193679691,0.0,0.2,0.2,20.249999999999996,0.8,0.8,900.0,0.003,0.0,20,0.5,0.021728724,0.004683942039089564
12.477,900.0419745095091,0.045235566321369755,0.0,0.2,0.2,20.249999999999996,0.8,0.8,900.0,0.003,0.0,20,0.5,0.018622103,0.004683941383922515
12.48,900.041974503759,0.04532428277641142,0.0,0.2,0.2,20.249999999999996,0.8,0.8,900.0,0.003,0.0,20,0.5,0.019102706,0.004683940723591699
12.483,900.0419744979619,0.04541302792120956,0.0,0.2,0.2,20.249999999999996,0.8,0.8,900.0,0.003,0.0,20,0.5,0.021444502,0.00468394005815711
12.486,900.0419744921219,0.04550179844236606,0.0,0.2,0.2,20.249999999999996,0.8,0.8,900.0,0.003,0.0,20,0.5,0.018690074,0.004683939387751273
12.489,900.0419744862362,0.045590591096471664,0.0,0.2,0.2,20.249999999999996,0.8,0.8,900.0,0.003,0.0,20,0.5,0.018826105,0.004683938712610458
12.492,900.0419744803077,0.0456794027113364,0.0,0.2,0.2,20.249999999999996,0.8,0.8,900.0,0.003,0.0,20,0.5,0.021895555,0.004683938033107106
12.495000000000001,900.0419744743397,0.04576823018066874,0.0,0.2,0.2,20.249999999999996,0.8,0.8,900.0,0.003,0.0,20,0.5,0.019104567,0.004683937349677059
12.498000000000001,900.0419744683371,0.04585707045957208,0.0,0.2,0.2,20.249999999999996,0.8,0.8,900.0,0.003,0.0,20,0.5,0.018739174,0.004683936662878069
12.501,900.0419744623056,0.045945920553263665,0.0,0.2,0.2,20.249999999999996,0.8,0.8,900.0,0.003,0.0,20,0.5,0.022415469,0.004683935973248102
12.504,900.0419744562462,0.04603477754835307,0.0,0.2,0.2,20.249999999999996,0.8,0.8,900.0,0.003,0.0,20,0.5,0.018529273,0.004683935281346705
12.507,900.0419744501693,0.046123638615706355,0.0,0.2,0.2,20.249999999999996,0.8,0.8,900.0,0.003,0.0,20,0.5,0.019055527,0.004683934587721149
12.51,900.0419744440735,0.04621250101182529,0.0,0.2,0.2,20.249999999999996,0.8,0.8,900.0,0.003,0.0,20,0.5,0.022187697,0.004683933892893711
12.513,900.0419744379659,0.04630136208049884,0.0,0.2,0.2,20.249999999999996,0.8,0.8,900.0,0.003,0.0,20,0.5,0.019220727,0.004683933197326142
12.516,900.0419744318624,0.04639021925546139,0.0,0.2,0.2,20.249999999999996,0.8,0.8,900.0,0.003,0.0,20,0.5,0.018762314,0.004683932504023962
12.519,900.0419744257877,0.0464790691475632,0.0,0.2,0.2,20.249999999999996,0.8,0.8,900.0,0.003,0.0,20,0.5,0.022261917,0.004683931817867882
12.522,900.0419744197798,0.046567907618546664,0.0,0.2,0.2,20.249999999999996,0.8,0.8,900.0,0.003,0.0,20,0.5,0.018886965,0.0046839311416980375
12.525,900.0419744138592,0.04665673060061304,0.0,0.2,0.2,20.249999999999996,0.8,0.8,900.0,0.003,0.0,20,0.5,0.018869235,0.004683930477583101
12.528,900.0419744080458,0.04674553409934034,0.0,0.2,0.2,20.249999999999996,0.8,0.8,900.0,0.003,0.0,20,0.5,0.022051026,0.004683929826557888
12.531,900.0419744023533,0.04683431419520665,0.0,0.2,0.2,20.249999999999996,0.8,0.8,900.0,0.003,0.0,20,0.5,0.018851355,0.004683929188434286
12.534,900.0419743967731,0.04692306704000825,0.0,0.2,0.2,20.249999999999996,0.8,0.8,900.0,0.003,0.0,20,0.5,0.018677984,0.004683928562140001
12.537,900.0419743913053,0.047011788729307835,0.0,0.2,0.2,20.249999999999996,0.8,0.8,900.0,0.003,0.0,20,0.5,0.02264766,0.004683927946346733
12.540000000000001,900.0419743859297,0.047100475153812944,0.0,0.2,0.2,20.249999999999996,0.8,0.8,900.0,0.003,0.0,20,0.5,0.018812425,0.004683927338468174
12.543000000000001,900.041974380624,0.04718912226560159,0.0,0.2,0.2,20.249999999999996,0.8,0.8,900.0,0.003,0.0,20,0.5,0.018632574,0.004683926735977884
12.546,900.0419743753725,0.047277725935074504,0.0,0.2,0.2,20.249999999999996,0.8,0.8,900.0,0.003,0.0,20,0.5,0.021585663,0.00468392613703941
12.549,900.0419743701582,0.04736628166141111,0.0,0.2,0.2,20.249999999999996,0.8,0.8,900.0,0.003,0.0,20,0.5,0.019206757,0.004683925540121439
12.552,900.0419743649595,0.04745478465649035,0.0,0.2,0.2,20.249999999999996,0.8,0.8,900.0,0.003,0.0,20,0.5,0.019370758,0.004683924943068626
12.555,900.0419743597603,0.04754323021009164,0.0,0.2,0.2,20.249999999999996,0.8,0.8,900.0,0.003,0.0,20,0.5,0.021827264,0.004683924344114225
12.558,900.0419743545436,0.04763161369392815,0.0,0.2,0.2,20.249999999999996,0.8,0.8,900.0,0.003,0.0,20,0.5,0.018765174,0.004683923742190445
12.561,900.0419743493019,0.047719930558753426,0.0,0.2,0.2,20.249999999999996,0.8,0.8,900.0,0.003,0.0,20,0.5,0.018856285,0.004683923137029142
12.564,900.0419743440302,0.04780817632372888,0.0,0.2,0.2,20.249999999999996,0.8,0.8,900.0,0.003,0.0,20,0.5,0.022208827,0.004683922529070811
12.567,900.041974338731,0.04789634659060429,0.0,0.2,0.2,20.249999999999996,0.8,0.8,900.0,0.003,0.0,20,0.5,0.019046226,0.004683921919307067
12.57,900.0419743334177,0.04798443705448445,0.0,0.2,0.2,20.249999999999996,0.8,0.8,900.0,0.003,0.0,20,0.5,0.018928145,0.004683921309381231
12.573,900.0419743281093,0.04807244331014572,0.0,0.2,0.2,20.249999999999996,0.8,0.8,900.0,0.003,0.0,20,0.5,0.022026156,0.0046839207012301775
12.576,900.0419743228144,0.048160360702085625,0.0,0.2,0.2,20.249999999999996,0.8,0.8,900.0,0.003,0.0,20,0.5,0.018769215,0.004683920095776849
12.579,900.0419743175456,0.04824818465371823,0.0,0.2,0.2,20.249999999999996,0.8,0.8,900.0,0.003,0.0,20,0.5,0.018723914,0.004683919493726157
12.582,900.041974312303,0.04833591071663862,0.0,0.2,0.2,20.249999999999996,0.8,0.8,900.0,0.003,0.0,20,0.5,0.022144147,0.004683918895204543
12.585,900.0419743070908,0.04842353466508752,0.0,0.2,0.2,20.249999999999996,0.8,0.8,900.0,0.003,0.0,20,0.5,0.018806255,0.004683918300378555
12.588000000000001,900.041974301911,0.048511052359773245,0.0,0.2,0.2,20.249999999999996,0.8,0.8,900.0,0.003,0.0,20,0.5,0.018765595,0.00468391770919243
12.591000000000001,900.0419742967646,0.04859845976090637,0.0,0.2,0.2,20.249999999999996,0.8,0.8,900.0,0.003,0.0,20,0.5,0.02252186,0.004683917121445149
12.594,900.0419742916488,0.04868575293367263,0.0,0.2,0.2,20.249999999999996,0.8,0.8,900.0,0.003,0.0,20,0.5,0.019045366,0.004683916536865164
12.597,900.0419742865594,0.04877292804866715,0.0,0.2,0.2,20.249999999999996,0.8,0.8,900.0,0.003,0.0,20,0.5,0.018754174,0.004683915955175997
12.6,900.0419742814954,0.04885998138412526,0.0,0.2,0.2,20.249999999999996,0.8,0.8,900.0,0.003,0.0,20,0.5,0.022064227,0.004683915376117833
12.603,900.0419742764537,0.048946909328130554,0.0,0.2,0.2,20.249999999999996,0.8,0.8,900.0,0.003,0.0,20,0.5,0.018659124,0.0046839147994468784
12.606,900.0419742714339,0.04903370838172073,0.0,0.2,0.2,20.249999999999996,0.8,0.8,900.0,0.003,0.0,20,0.5,0.019111786,0.004683914224946593
12.609,900.0419742664311,0.049120375161936417,0.0,0.2,0.2,20.249999999999996,0.8,0.8,900.0,0.003,0.0,20,0.5,0.022079156,0.004683913652195472
12.612,900.0419742614432,0.04920690648114703,0.0,0.2,0.2,20.249999999999996,0.8,0.8,900.0,0.003,0.0,20,0.5,0.018528763,0.004683913080164738
12.615,900.0419742564584,0.049293299467157985,0.0,0.2,0.2,20.249999999999996,0.8,0.8,900.0,0.003,0.0,20,0.5,0.018833535,0.004683912508339325
12.618,900.0419742514742,0.04937955137343647,0.0,0.2,0.2,20.249999999999996,0.8,0.8,900.0,0.003,0.0,20,0.5,0.022382909,0.004683911936610162
12.621,900.0419742464916,0.04946565954293765,0.0,0.2,0.2,20.249999999999996,0.8,0.8,900.0,0.003,0.0,20,0.5,0.018787875,0.00468391136491485
12.624,900.041974241506,0.04955162144826854,0.0,0.2,0.2,20.249999999999996,0.8,0.8,900.0,0.003,0.0,20,0.5,0.019175717,0.004683910793249993
12.627,900.0419742365222,0.049637434749441864,0.0,0.2,0.2,20.249999999999996,0.8,0.8,900.0,0.003,0.0,20,0.5,0.022439349,0.004683910221901309
12.63,900.0419742315408,0.049723097229347354,0.0,0.2,0.2,20.249999999999996,0.8,0.8,900.0,0.003,0.0,20,0.5,0.018834185,0.004683909651402163
12.633000000000001,900.0419742265641,0.049808606771437385,0.0,0.2,0.2,20.249999999999996,0.8,0.8,900.0,0.003,0.0,20,0.5,0.018926215,0.004683909082348999
12.636000000000001,900.0419742215988,0.04989396139602273,0.0,0.2,0.2,20.249999999999996,0.8,0.8,900.0,0.003,0.0,20,0.5,0.022013925,0.004683908515359716
12.639000000000001,900.0419742166563,0.04997915927597127,0.0,0.2,0.2,20.249999999999996,0.8,0.8,900.0,0.003,0.0,20,0.5,0.018783074,0.00468390795106895
12.642,900.041974211734,0.05006419871338843,0.0,0.2,0.2,20.249999999999996,0.8,0.8,900.0,0.003,0.0,20,0.5,0.019094306,0.004683907389848928
12.645,900.0419742068256,0.05014907831542384,0.0,0.2,0.2,20.249999999999996,0.8,0.8,900.0,0.003,0.0,20,0.5,0.022014936,0.004683906829732933
12.648,900.0419742019253,0.05023379784217768,0.0,0.2,0.2,20.249999999999996,0.8,0.8,900.0,0.003,0.0,20,0.5,0.019216468,0.004683906269828737
12.651,900.0419741970239,0.05031835730426491,0.0,0.2,0.2,20.249999999999996,0.8,0.8,900.0,0.003,0.0,20,0.5,0.019006316,0.004683905709307898
12.654,900.0419741921199,0.05040275685916861,0.0,0.2,0.2,20.249999999999996,0.8,0.8,900.0,0.003,0.0,20,0.5,0.022527239,0.004683905147541416
12.657,900.041974187198,0.050486996810308854,0.0,0.2,0.2,20.249999999999996,0.8,0.8,900.0,0.003,0.0,20,0.5,0.018959156,0.004683904584296696
12.66,900.0419741822636,0.050571077610158784,0.0,0.2,0.2,20.249999999999996,0.8,0.8,900.0,0.003,0.0,20,0.5,0.018628303,0.004683904019710293
12.663,900.0419741773168,0.0506549998619828,0.0,0.2,0.2,20.249999999999996,0.8,0.8,900.0,0.003,0.0,20,0.5,0.022615699,0.004683903454187008
12.666,900.0419741723587,0.05073876431328776,0.0,0.2,0.2,20.249999999999996,0.8,0.8,900.0,0.003,0.0,20,0.5,0.019014506,0.004683902888214969
12.669,900.0419741673963,0.05082237187842764,0.0,0.2,0.2,20.249999999999996,0.8,0.8,900.0,0.003,0.0,20,0.5,0.018615824,0.0046839023222679
12.672,900.041974162432,0.05090582363087769,0.0,0.2,0.2,20.249999999999996,0.8,0.8,900.0,0.003,0.0,20,0.5,0.023116464,0.004683901756724515
12.675,900.0419741574678,0.050989120828621635,0.0,0.2,0.2,20.249999999999996,0.8,0.8,900.0,0.003,0.0,20,0.5,0.018655204,0.004683901191915875
12.678,900.0419741525101,0.05107226492818992,0.0,0.2,0.2,20.249999999999996,0.8,0.8,900.0,0.003,0.0,20,0.5,0.018837305,0.004683900628253766
12.681000000000001,900.0419741475629,0.0511552575547581,0.0,0.2,0.2,20.249999999999996,0.8,0.8,900.0,0.003,0.0,20,0.5,0.022427229,0.004683900066087311
12.684000000000001,900.0419741426226,0.05123810050489025,0.0,0.2,0.2,20.249999999999996,0.8,0.8,900.0,0.003,0.0,20,0.5,0.018340471,0.004683899505642861
12.687,900.041974137698,0.051320795749550806,0.0,0.2,0.2,20.249999999999996,0.8,0.8,900.0,0.003,0.0,20,0.5,0.018821555,0.004683898946886223
12.69,900.0419741327854,0.0514033454464081,0.0,0.2,0.2,20.249999999999996,0.8,0.8,900.0,0.003,0.0,20,0.5,0.022469289,0.004683898389690234
12.693,900.0419741278846,0.05148575187285951,0.0,0.2,0.2,20.249999999999996,0.8,0.8,900.0,0.003,0.0,20,0.5,0.018847765,0.0046838978337897805
12.696,900.0419741229979,0.051568017432377745,0.0,0.2,0.2,20.249999999999996,0.8,0.8,900.0,0.003,0.0,20,0.5,0.018711354,0.004683897278647988
12.699,900.0419741181095,0.05165014471049089,0.0,0.2,0.2,20.249999999999996,0.8,0.8,900.0,0.003,0.0,20,0.5,0.021977896,0.004683896723589576
12.702,900.0419741132253,0.05173213647703376,0.0,0.2,0.2,20.249999999999996,0.8,0.8,900.0,0.003,0.0,20,0.5,0.019203998,0.004683896167954709
12.705,900.0419741083339,0.05181399564293584,0.0,0.2,0.2,20.249999999999996,0.8,0.8,900.0,0.003,0.0,20,0.5,0.018558363,0.004683895611084911
12.708,900.0419741034386,0.05189572522074582,0.0,0.2,0.2,20.249999999999996,0.8,0.8,900.0,0.003,0.0,20,0.5,0.022140406,0.004683895054333128
12.711,900.0419740985536,0.05197732718467931,0.0,0.2,0.2,20.249999999999996,0.8,0.8,900.0,0.003,0.0,20,0.5,0.018336131,0.004683894498629031
12.714,900.041974093676,0.0520588031143284,0.0,0.2,0.2,20.249999999999996,0.8,0.8,900.0,0.003,0.0,20,0.5,0.018644523,0.004683893944092597
12.717,900.041974088808,0.05214015476858098,0.0,0.2,0.2,20.249999999999996,0.8,0.8,900.0,0.003,0.0,20,0.5,0.021990956,0.0046838933913400035
12.72,900.0419740839543,0.052221384063266686,0.0,0.2,0.2,20.249999999999996,0.8,0.8,900.0,0.003,0.0,20,0.5,0.018570953,0.004683892840906471
12.723,900.0419740791205,0.052302493105653734,0.0,0.2,0.2,20.249999999999996,0.8,0.8,900.0,0.003,0.0,20,0.5,0.019013626,0.004683892293016983
12.726,900.0419740743056,0.0523834841793707,0.0,0.2,0.2,20.249999999999996,0.8,0.8,900.0,0.003,0.0,20,0.5,0.021824785,0.004683891748114108
12.729000000000001,900.0419740695195,0.05246435964321121,0.0,0.2,0.2,20.249999999999996,0.8,0.8,900.0,0.003,0.0,20,0.5,0.019207438,0.004683891207012381
12.732000000000001,900.0419740647746,0.05254512179670205,0.0,0.2,0.2,20.249999999999996,0.8,0.8,900.0,0.003,0.0,20,0.5,0.019177807,0.004683890673560828
12.735,900.0419740601011,0.05262577187497193,0.0,0.2,0.2,20.249999999999996,0.8,0.8,900.0,0.003,0.0,20,0.5,0.021874165,0.004683890151154012
12.738,900.0419740555318,0.052706311029442496,0.0,0.2,0.2,20.249999999999996,0.8,0.8,900.0,0.003,0.0,20,0.5,0.01958087,0.0046838896440531035
12.741,900.0419740510989,0.052786740135980365,0.0,0.2,0.2,20.249999999999996,0.8,0.8,900.0,0.003,0.0,20,0.5,0.018866735,0.004683889156174889
12.744,900.0419740468333,0.05286706010460542,0.0,0.2,0.2,20.249999999999996,0.8,0.8,900.0,0.003,0.0,20,0.5,0.021864535,0.004683888690187279
12.747,900.0419740427652,0.05294727203194066,0.0,0.2,0.2,20.249999999999996,0.8,0.8,900.0,0.003,0.0,20,0.5,0.019233767,0.004683888247498271
12.75,900.0419740389048,0.05302737719994226,0.0,0.2,0.2,20.249999999999996,0.8,0.8,900.0,0.003,0.0,20,0.5,0.018746044,0.0046838878282119845
12.753,900.0419740352513,0.05310737707690826,0.0,0.2,0.2,20.249999999999996,0.8,0.8,900.0,0.003,0.0,20,0.5,0.022354568,0.004683887431253556
12.756,900.0419740317957,0.053187273322099785,0.0,0.2,0.2,20.249999999999996,0.8,0.8,900.0,0.003,0.0,20,0.5,0.018628434,0.004683887054620597
12.759,900.0419740285229,0.053267067788405204,0.0,0.2,0.2,20.249999999999996,0.8,0.8,900.0,0.003,0.0,20,0.5,0.018452783,0.0046838866957125865
12.762,900.0419740254039,0.05334676252302905,0.0,0.2,0.2,20.249999999999996,0.8,0.8,900.0,0.003,0.0,20,0.5,0.023076823,0.004683886351382801
12.765,900.0419740224156,0.05342635988045565,0.0,0.2,0.2,20.249999999999996,0.8,0.8,900.0,0.003,0.0,20,0.5,0.018704624,0.004683886018122023
12.768,900.0419740195248,0.053505862489743594,0.0,0.2,0.2,20.249999999999996,0.8,0.8,900.0,0.003,0.0,20,0.5,0.018788685,0.004683885693347525
12.771,900.0419740167096,0.053585272896705415,0.0,0.2,0.2,20.249999999999996,0.8,0.8,900.0,0.003,0.0,20,0.5,0.021630913,0.004683885374488916
12.774000000000001,900.0419740139467,0.05366459381119313,0.0,0.2,0.2,20.249999999999996,0.8,0.8,900.0,0.003,0.0,20,0.5,0.018628443,0.0046838850594926075
12.777000000000001,900.0419740112154,0.05374382812173427,0.0,0.2,0.2,20.249999999999996,0.8,0.8,900.0,0.003,0.0,20,0.5,0.018783694,0.004683884747074192
12.780000000000001,900.041974008505,0.05382297891475402,0.0,0.2,0.2,20.249999999999996,0.8,0.8,900.0,0.003,0.0,20,0.5,0.021819534,0.004683884436721886
12.783,900.0419740058122,0.053902049488450995,0.0,0.2,0.2,20.249999999999996,0.8,0.8,900.0,0.003,0.0,20,0.5,0.018925835,0.004683884128650914
12.786,900.0419740031347,0.05398104335469686,0.0,0.2,0.2,20.249999999999996,0.8,0.8,900.0,0.003,0.0,20,0.5,0.019048796,0.004683883823671185
12.789,900.0419740004849,0.05405996424035812,0.0,0.2,0.2,20.249999999999996,0.8,0.8,900.0,0.003,0.0,20,0.5,0.021639543,0.004683883523078598
12.792,900.041973997876,0.05413881604905779,0.0,0.2,0.2,20.249999999999996,0.8,0.8,900.0,0.003,0.0,20,0.5,0.018935515,0.0046838832282825845
12.795,900.0419739953144,0.054217602881746436,0.0,0.2,0.2,20.249999999999996,0.8,0.8,900.0,0.003,0.0,20,0.5,0.018701664,0.0046838829403746994
12.798,900.0419739928111,0.05429632908750966,0.0,0.2,0.2,20.249999999999996,0.8,0.8,900.0,0.003,0.0,20,0.5,0.022014236,0.00468388266029049
12.801,900.0419739903872,0.054374999237942125,0.0,0.2,0.2,20.249999999999996,0.8,0.8,900.0,0.003,0.0,20,0.5,0.018627484,0.004683882392480953
12.804,900.0419739880966,0.05445361665109873,0.0,0.2,0.2,20.249999999999996,0.8,0.8,900.0,0.003,0.0,20,0.5,0.018870225,0.004683882143112732
12.807,900.0419739859719,0.054532183258480374,0.0,0.2,0.2,20.249999999999996,0.8,0.8,900.0,0.003,0.0,20,0.5,0.022034316,0.004683881911840175
12.81,900.0419739840049,0.05461070119434434,0.0,0.2,0.2,20.249999999999996,0.8,0.8,900.0,0.003,0.0,20,0.5,0.018654283,0.004683881695758131
12.813,900.0419739821729,0.05468917281703754,0.0,0.2,0.2,20.249999999999996,0.8,0.8,900.0,0.003,0.0,20,0.5,0.018918406,0.004683881491249669
12.816,900.0419739804388,0.05476760071015064,0.0,0.2,0.2,20.249999999999996,0.8,0.8,900.0,0.003,0.0,20,0.5,0.021893225,0.004683881294258268
12.819,900.0419739787766,0.0548459876743308,0.0,0.2,0.2,20.249999999999996,0.8,0.8,900.0,0.003,0.0,20,0.5,0.018952485,0.004683881102054584
12.822000000000001,900.0419739771628,0.054924336127411086,0.0,0.2,0.2,20.249999999999996,0.8,0.8,900.0,0.003,0.0,20,0.5,0.018788844,0.004683880913212208
12.825000000000001,900.0419739755778,0.05500264804000807,0.0,0.2,0.2,20.249999999999996,0.8,0.8,900.0,0.003,0.0,20,0.5,0.021757514,0.004683880724138558
12.828,900.0419739739912,0.05508092558713465,0.0,0.2,0.2,20.249999999999996,0.8,0.8,900.0,0.003,0.0,20,0.5,0.019836492,0.0046838805328982425
12.831,900.0419739723867,0.05515917059865014,0.0,0.2,0.2,20.249999999999996,0.8,0.8,900.0,0.003,0.0,20,0.5,0.018629184,0.004683880337774264
12.834,900.0419739707447,0.055237384920212455,0.0,0.2,0.2,20.249999999999996,0.8,0.8,900.0,0.003,0.0,20,0.5,0.021867715,0.004683880136625294
12.837,900.0419739690445,0.05531557065924121,0.0,0.2,0.2,20.249999999999996,0.8,0.8,900.0,0.003,0.0,20,0.5,0.019191357,0.004683879927963078
12.84,900.0419739672777,0.05539373013817525,0.0,0.2,0.2,20.249999999999996,0.8,0.8,900.0,0.003,0.0,20,0.5,0.018707774,0.004683879711023754
12.843,900.0419739654342,0.055471865887890805,0.0,0.2,0.2,20.249999999999996,0.8,0.8,900.0,0.003,0.0,20,0.5,0.021819995,0.0046838794865245595
12.846,900.0419739635355,0.05554998038169072,0.0,0.2,0.2,20.249999999999996,0.8,0.8,900.0,0.003,0.0,20,0.5,0.018760274,0.004683879262511338
12.849,900.041973961646,0.0556280746343072,0.0,0.2,0.2,20.249999999999996,0.8,0.8,900.0,0.003,0.0,20,0.5,0.018446803,0.004683879044385417
12.852,900.0419739598025,0.055706149630905706,0.0,0.2,0.2,20.249999999999996,0.8,0.8,900.0,0.003,0.0,20,0.5,0.021819545,0.004683878834465011
12.855,900.0419739580283,0.05578420658477009,0.0,0.2,0.2,20.249999999999996,0.8,0.8,900.0,0.003,0.0,20,0.5,0.019085287,0.0046838786330902155
12.858,900.0419739563314,0.05586224695721909,0.0,0.2,0.2,20.249999999999996,0.8,0.8,900.0,0.003,0.0,20,0.5,0.018591023,0.004683878439167991
12.861,900.041973954703,0.05594027243599329,0.0,0.2,0.2,20.249999999999996,0.8,0.8,900.0,0.003,0.0,20,0.5,0.021921845,0.004683878251958187
12.864,900.0419739531436,0.05601828407393587,0.0,0.2,0.2,20.249999999999996,0.8,0.8,900.0,0.003,0.0,20,0.5,0.018661684,0.00468387806960204
12.867,900.0419739516225,0.05609628246335459,0.0,0.2,0.2,20.249999999999996,0.8,0.8,900.0,0.003,0.0,20,0.5,0.018578422,0.004683877887317882
12.870000000000001,900.0419739501029,0.05617426852665656,0.0,0.2,0.2,20.249999999999996,0.8,0.8,900.0,0.003,0.0,20,0.5,0.022009266,0.0046838777024737505
12.873000000000001,900.041973948557,0.05625224296945068,0.0,0.2,0.2,20.249999999999996,0.8,0.8,900.0,0.003,0.0,20,0.5,0.018600703,0.004683877513318798
12.876,900.0419739469743,0.05633020657019657,0.0,0.2,0.2,20.249999999999996,0.8,0.8,900.0,0.003,0.0,20,0.5,0.019783811,0.004683877318742584
12.879,900.0419739453354,0.056408160314416034,0.0,0.2,0.2,20.249999999999996,0.8,0.8,900.0,0.003,0.0,20,0.5,0.022010165,0.004683877118842687
12.882,900.0419739436508,0.05648610537783733,0.0,0.2,0.2,20.249999999999996,0.8,0.8,900.0,0.003,0.0,20,0.5,0.018789424,0.004683876915618559
12.885,900.0419739419374,0.05656404292441661,0.0,0.2,0.2,20.249999999999996,0.8,0.8,900.0,0.003,0.0,20,0.5,0.018884555,0.004683876712095782
12.888,900.0419739402174,0.05664197420221401,0.0,0.2,0.2,20.249999999999996,0.8,0.8,900.0,0.003,0.0,20,0.5,0.022093657,0.004683876511327887
12.891,900.0419739385172,0.056719900671947945,0.0,0.2,0.2,20.249999999999996,0.8,0.8,900.0,0.003,0.0,20,0.5,0.018819935,0.004683876316375631
12.894,900.0419739368702,0.056797824000294636,0.0,0.2,0.2,20.249999999999996,0.8,0.8,900.0,0.003,0.0,20,0.5,0.018817225,0.004683876130180019
12.897,900.0419739352991,0.05687574605548707,0.0,0.2,0.2,20.249999999999996,0.8,0.8,900.0,0.003,0.0,20,0.5,0.022361508,0.004683875955318333
12.9,900.0419739338329,0.05695366890793549,0.0,0.2,0.2,20.249999999999996,0.8,0.8,900.0,0.003,0.0,20,0.5,0.018477073,0.0046838757950781115
12.903,900.0419739325058,0.05703159404494575,0.0,0.2,0.2,20.249999999999996,0.8,0.8,900.0,0.003,0.0,20,0.5,0.018873925,0.004683875653002357
12.906,900.0419739313388,0.05710952223385187,0.0,0.2,0.2,20.249999999999996,0.8,0.8,900.0,0.003,0.0,20,0.5,0.022161216,0.004683875530373935
12.909,900.0419739303475,0.05718745441698029,0.0,0.2,0.2,20.249999999999996,0.8,0.8,900.0,0.003,0.0,20,0.5,0.018654293,0.004683875427750781
12.912,900.0419739295286,0.057265391739219226,0.0,0.2,0.2,20.249999999999996,0.8,0.8,900.0,0.003,0.0,20,0.5,0.018615503,0.004683875344937937
12.915000000000001,900.0419739288883,0.057343335550632625,0.0,0.2,0.2,20.249999999999996,0.8,0.8,900.0,0.003,0.0,20,0.5,0.021959115,0.004683875281068344
12.918000000000001,900.0419739284134,0.05742128740889982,0.0,0.2,0.2,20.249999999999996,0.8,0.8,900.0,0.003,0.0,20,0.5,0.018938805,0.004683875234808455
12.921000000000001,900.0419739280908,0.0574992490813349,0.0,0.2,0.2,20.249999999999996,0.8,0.8,900.0,0.003,0.0,20,0.5,0.019180637,0.004683875204622212
12.924,900.0419739279141,0.05757722254635486,0.0,0.2,0.2,20.249999999999996,0.8,0.8,900.0,0.003,0.0,20,0.5,0.021610423,0.004683875189032039
12.927,900.0419739278622,0.057655209995155714,0.0,0.2,0.2,20.249999999999996,0.8,0.8,900.0,0.003,0.0,20,0.5,0.019757671,0.004683875186827692
12.93,900.04197392793,0.05773321383340533,0.0,0.2,0.2,20.249999999999996,0.8,0.8,900.0,0.003,0.0,20,0.5,0.018729644,0.004683875197254846
12.933,900.0419739281081,0.057811236682435645,0.0,0.2,0.2,20.249999999999996,0.8,0.8,900.0,0.003,0.0,20,0.5,0.022285677,0.004683875220112725
12.936,900.0419739283959,0.05788928138062185,0.0,0.2,0.2,20.249999999999996,0.8,0.8,900.0,0.003,0.0,20,0.5,0.018719194,0.004683875255796439
12.939,900.0419739287958,0.05796735098507948,0.0,0.2,0.2,20.249999999999996,0.8,0.8,900.0,0.003,0.0,20,0.5,0.018712474,0.00468387530524632
12.942,900.0419739293137,0.05804544877418503,0.0,0.2,0.2,20.249999999999996,0.8,0.8,900.0,0.003,0.0,20,0.5,0.022169287,0.004683875369841325
12.945,900.0419739299667,0.058123578249240526,0.0,0.2,0.2,20.249999999999996,0.8,0.8,900.0,0.003,0.0,20,0.5,0.019038486,0.0046838754512534995
12.948,900.0419739307691,0.05820174313625415,0.0,0.2,0.2,20.249999999999996,0.8,0.8,900.0,0.003,0.0,20,0.5,0.018973196,0.004683875551266698
12.951,900.041973931733,0.05827994738873278,0.0,0.2,0.2,20.249999999999996,0.8,0.8,900.0,0.003,0.0,20,0.5,0.021849065,0.004683875671596342
12.954,900.041973932882,0.05835819519386973,0.0,0.2,0.2,20.249999999999996,0.8,0.8,900.0,0.003,0.0,20,0.5,0.018540683,0.004683875815289949
12.957,900.0419739342473,0.05843649049507049,0.0,0.2,0.2,20.249999999999996,0.8,0.8,900.0,0.003,0.0,20,0.5,0.018859555,0.004683875986263752
12.96,900.0419739358571,0.0585148370074556,0.0,0.2,0.2,20.249999999999996,0.8,0.8,900.0,0.003,0.0,20,0.5,0.021945925,0.004683876186592001
12.963000000000001,900.0419739377243,0.05859323869495016,0.0,0.2,0.2,20.249999999999996,0.8,0.8,900.0,0.003,0.0,20,0.5,0.018423312,0.004683876417072309
12.966000000000001,900.0419739398576,0.058671699776758214,0.0,0.2,0.2,20.249999999999996,0.8,0.8,900.0,0.003,0.0,20,0.5,0.019887112,0.004683876677391624
12.969,900.04197394226,0.058750224732443734,0.0,0.2,0.2,20.249999999999996,0.8,0.8,900.0,0.003,0.0,20,0.5,0.022480599,0.004683876967448362
12.972,900.0419739449353,0.05882881778593651,0.0,0.2,0.2,20.249999999999996,0.8,0.8,900.0,0.003,0.0,20,0.5,0.019105306,0.004683877287397525
12.975,900.0419739478779,0.05890748282535756,0.0,0.2,0.2,20.249999999999996,0.8,0.8,900.0,0.003,0.0,20,0.5,0.018958115,0.004683877635635134
12.978,900.0419739510648,0.05898622400284389,0.0,0.2,0.2,20.249999999999996,0.8,0.8,900.0,0.003,0.0,20,0.5,0.022299107,0.004683878010329382
12.981,900.0419739544914,0.05906504572738352,0.0,0.2,0.2,20.249999999999996,0.8,0.8,900.0,0.003,0.0,20,0.5,0.019309178,0.004683878409516024
12.984,900.0419739581366,0.059143952618041375,0.0,0.2,0.2,20.249999999999996,0.8,0.8,900.0,0.003,0.0,20,0.5,0.018681313,0.00468387883210673
12.987,900.0419739619939,0.05922294911883842,0.0,0.2,0.2,20.249999999999996,0.8,0.8,900.0,0.003,0.0,20,0.5,0.021996025,0.004683879277846621
12.99,900.0419739660572,0.05930203954841912,0.0,0.2,0.2,20.249999999999996,0.8,0.8,900.0,0.003,0.0,20,0.5,0.019048596,0.004683879745703219
12.993,900.0419739703136,0.05938122847015443,0.0,0.2,0.2,20.249999999999996,0.8,0.8,900.0,0.003,0.0,20,0.5,0.018947086,0.004683880234177663
12.996,900.0419739747543,0.05946052072795562,0.0,0.2,0.2,20.249999999999996,0.8,0.8,900.0,0.003,0.0,20,0.5,0.022230778,0.004683880742505959
12.999,900.0419739793756,0.05953992113578148,0.0,0.2,0.2,20.249999999999996,0.8,0.8,900.0,0.003,0.0,20,0.5,0.018898055,0.0046838812719315615
13.002,900.0419739841855,0.05961943420096585,0.0,0.2,0.2,20.249999999999996,0.8,0.8,900.0,0.003,0.0,20,0.5,0.018876155,0.004683881822519444
13.005,900.0419739891789,0.05969906471096715,0.0,0.2,0.2,20.249999999999996,0.8,0.8,900.0,0.003,0.0,20,0.5,0.022316848,0.004683882393394296
13.008000000000001,900.0419739943528,0.05977881772638165,0.0,0.2,0.2,20.249999999999996,0.8,0.8,900.0,0.003,0.0,20,0.5,0.018575883,0.004683882982959593
13.011000000000001,900.041973999689,0.05985869856277389,0.0,0.2,0.2,20.249999999999996,0.8,0.8,900.0,0.003,0.0,20,0.5,0.018875065,0.004683883588835979
13.014000000000001,900.0419740051697,0.05993871282651533,0.0,0.2,0.2,20.249999999999996,0.8,0.8,900.0,0.003,0.0,20,0.5,0.021616603,0.004683884208122955
13.017,900.0419740107659,0.060018866421148225,0.0,0.2,0.2,20.249999999999996,0.8,0.8,900.0,0.003,0.0,20,0.5,0.019205927,0.004683884837781915
13.02,900.0419740164499,0.06009916553632554,0.0,0.2,0.2,20.249999999999996,0.8,0.8,900.0,0.003,0.0,20,0.5,0.018458292,0.00468388547489849
13.023,900.0419740222005,0.06017961666512545,0.0,0.2,0.2,20.249999999999996,0.8,0.8,900.0,0.003,0.0,20,0.5,0.022352098,0.004683886116926821
13.026,900.0419740279874,0.06026022660810175,0.0,0.2,0.2,20.249999999999996,0.8,0.8,900.0,0.003,0.0,20,0.5,0.019205397,0.004683886761951526
13.029,900.0419740338011,0.06034100244201829,0.0,0.2,0.2,20.249999999999996,0.8,0.8,900.0,0.003,0.0,20,0.5,0.018610713,0.0046838874087916
13.032,900.0419740396248,0.060421951516400264,0.0,0.2,0.2,20.249999999999996,0.8,0.8,900.0,0.003,0.0,20,0.5,0.022002915,0.004683888056824099
13.035,900.0419740454562,0.06050308149552278,0.0,0.2,0.2,20.249999999999996,0.8,0.8,900.0,0.003,0.0,20,0.5,0.018699894,0.004683888706016875
13.038,900.0419740512945,0.060584400360189195,0.0,0.2,0.2,20.249999999999996,0.8,0.8,900.0,0.003,0.0,20,0.5,0.018596423,0.004683889357572586
13.041,900.0419740571704,0.06066591605943354,0.0,0.2,0.2,20.249999999999996,0.8,0.8,900.0,0.003,0.0,20,0.5,0.021974395,0.004683890016283101
13.044,900.04197406311,0.060747635501269624,0.0,0.2,0.2,20.249999999999996,0.8,0.8,900.0,0.003,0.0,20,0.5,0.019004066,0.004683890684367333
13.047,900.0419740691301,0.06082956578415038,0.0,0.2,0.2,20.249999999999996,0.8,0.8,900.0,0.003,0.0,20,0.5,0.019016736,0.00468389136356898
13.05,900.0419740752415,0.060911714335053525,0.0,0.2,0.2,20.249999999999996,0.8,0.8,900.0,0.003,0.0,20,0.5,0.021853814,0.004683892055637248
13.053,900.0419740814672,0.060994088910997654,0.0,0.2,0.2,20.249999999999996,0.8,0.8,900.0,0.003,0.0,20,0.5,0.018897965,0.004683892761987537
13.056000000000001,900.0419740878158,0.06107669760095862,0.0,0.2,0.2,20.249999999999996,0.8,0.8,900.0,0.003,0.0,20,0.5,0.019080467,0.004683893483346229
13.059000000000001,900.0419740942926,0.061159548815444185,0.0,0.2,0.2,20.249999999999996,0.8,0.8,900.0,0.003,0.0,20,0.5,0.021557953,0.004683894219562777
13.062,900.0419741009032,0.061242651293539375,0.0,0.2,0.2,20.249999999999996,0.8,0.8,900.0,0.003,0.0,20,0.5,0.018733524,0.004683894969659461
13.065,900.0419741076269,0.0613260141120922,0.0,0.2,0.2,20.249999999999996,0.8,0.8,900.0,0.003,0.0,20,0.5,0.018724904,0.004683895732070713
13.068,900.0419741144615,0.06140964668719789,0.0,0.2,0.2,20.249999999999996,0.8,0.8,900.0,0.003,0.0,20,0.5,0.021735704,0.0046838965049341656
13.071,900.0419741213904,0.06149355876753329,0.0,0.2,0.2,20.249999999999996,0.8,0.8,900.0,0.003,0.0,20,0.5,0.018775415,0.004683897289577447
13.074,900.0419741284376,0.06157775945539509,0.0,0.2,0.2,20.249999999999996,0.8,0.8,900.0,0.003,0.0,20,0.5,0.018701374,0.0046838980908112185
13.077,900.0419741356304,0.06166225697004375,0.0,0.2,0.2,20.249999999999996,0.8,0.8,900.0,0.003,0.0,20,0.5,0.021932375,0.004683898909245592
13.08,900.041974142968,0.061747059881054084,0.0,0.2,0.2,20.249999999999996,0.8,0.8,900.0,0.003,0.0,20,0.5,0.018972136,0.004683899743372522
13.083,900.0419741504422,0.061832177119733836,0.0,0.2,0.2,20.249999999999996,0.8,0.8,900.0,0.003,0.0,20,0.5,0.019467579,0.00468390059090358
13.086,900.0419741580336,0.06191761798305608,0.0,0.2,0.2,20.249999999999996,0.8,0.8,900.0,0.003,0.0,20,0.5,0.021613633,0.004683901449426834
13.089,900.0419741657179,0.062003392076337496,0.0,0.2,0.2,20.249999999999996,0.8,0.8,900.0,0.003,0.0,20,0.5,0.018601062,0.004683902316734627
13.092,900.0419741734844,0.062089509264744734,0.0,0.2,0.2,20.249999999999996,0.8,0.8,900.0,0.003,0.0,20,0.5,0.018687324,0.004683903191524443
13.095,900.0419741813124,0.06217597921291953,0.0,0.2,0.2,20.249999999999996,0.8,0.8,900.0,0.003,0.0,20,0.5,0.021660874,0.004683904072498801
13.098,900.0419741891938,0.06226281166574997,0.0,0.2,0.2,20.249999999999996,0.8,0.8,900.0,0.003,0.0,20,0.5,0.018733294,0.004683904958262859
13.101,900.0419741971166,0.06235001663218794,0.0,0.2,0.2,20.249999999999996,0.8,0.8,900.0,0.003,0.0,20,0.5,0.019073746,0.004683905847977329
13.104000000000001,900.041974205067,0.06243760443932943,0.0,0.2,0.2,20.249999999999996,0.8,0.8,900.0,0.003,0.0,20,0.5,0.021651453,0.00468390674141653
13.107000000000001,900.0419742130492,0.0625255857370135,0.0,0.2,0.2,20.249999999999996,0.8,0.8,900.0,0.003,0.0,20,0.5,0.018747284,0.004683907639032337
13.11,900.0419742210639,0.06261397140457245,0.0,0.2,0.2,20.249999999999996,0.8,0.8,900.0,0.003,0.0,20,0.5,0.018390842,0.0046839085416966655
13.113,900.0419742291191,0.06270277267450315,0.0,0.2,0.2,20.249999999999996,0.8,0.8,900.0,0.003,0.0,20,0.5,0.021588733,0.004683909450667173
13.116,900.0419742372264,0.06279200114570549,0.0,0.2,0.2,20.249999999999996,0.8,0.8,900.0,0.003,0.0,20,0.5,0.018858855,0.004683910367442618
13.119,900.041974245398,0.06288166877340162,0.0,0.2,0.2,20.249999999999996,0.8,0.8,900.0,0.003,0.0,20,0.5,0.018630683,0.004683911293579311
13.122,900.0419742536512,0.06297178786719784,0.0,0.2,0.2,20.249999999999996,0.8,0.8,900.0,0.003,0.0,20,0.5,0.021609413,0.0046839122308173185
13.125,900.0419742620002,0.0630623709951987,0.0,0.2,0.2,20.249999999999996,0.8,0.8,900.0,0.003,0.0,20,0.5,0.018501813,0.004683913181467555
13.128,900.0419742704653,0.06315343086347948,0.0,0.2,0.2,20.249999999999996,0.8,0.8,900.0,0.003,0.0,20,0.5,0.018724414,0.00468391414705564
13.131,900.0419742790604,0.06324498053737652,0.0,0.2,0.2,20.249999999999996,0.8,0.8,900.0,0.003,0.0,20,0.5,0.022046576,0.00468391512836101
13.134,900.0419742877881,0.06333703346167756,0.0,0.2,0.2,20.249999999999996,0.8,0.8,900.0,0.003,0.0,20,0.5,0.018748344,0.004683916125564569
13.137,900.0419742966577,0.06342960344507131,0.0,0.2,0.2,20.249999999999996,0.8,0.8,900.0,0.003,0.0,20,0.5,0.018496782,0.00468391713835983
13.14,900.0419743056598,0.06352270466455125,0.0,0.2,0.2,20.249999999999996,0.8,0.8,900.0,0.003,0.0,20,0.5,0.022025936,0.004683918165959097
13.143,900.04197431479,0.06361635168209319,0.0,0.2,0.2,20.249999999999996,0.8,0.8,900.0,0.003,0.0,20,0.5,0.018395292,0.0046839192072028624
13.146,900.0419743240365,0.06371055944887337,0.0,0.2,0.2,20.249999999999996,0.8,0.8,900.0,0.003,0.0,20,0.5,0.018883625,0.004683920260709914
13.149000000000001,900.0419743333913,0.06380534330725278,0.0,0.2,0.2,20.249999999999996,0.8,0.8,900.0,0.003,0.0,20,0.5,0.022037526,0.004683921325009481
13.152000000000001,900.0419743428389,0.06390071897728601,0.0,0.2,0.2,20.249999999999996,0.8,0.8,900.0,0.003,0.0,20,0.5,0.018663474,0.004683922398706425
13.155000000000001,900.0419743523632,0.06399670256829383,0.0,0.2,0.2,20.249999999999996,0.8,0.8,900.0,0.003,0.0,20,0.5,0.019017716,0.004683923480566104
13.158,900.0419743619583,0.06409331059394156,0.0,0.2,0.2,20.249999999999996,0.8,0.8,900.0,0.003,0.0,20,0.5,0.022089696,0.004683924569584305
13.161,900.0419743716081,0.06419055997306898,0.0,0.2,0.2,20.249999999999996,0.8,0.8,900.0,0.003,0.0,20,0.5,0.018614453,0.004683925665039519
13.164,900.0419743813136,0.06428846802666953,0.0,0.2,0.2,20.249999999999996,0.8,0.8,900.0,0.003,0.0,20,0.5,0.019025646,0.004683926766464734
13.167,900.041974391066,0.0643870524822607,0.0,0.2,0.2,20.249999999999996,0.8,0.8,900.0,0.003,0.0,20,0.5,0.022249197,0.0046839278735998705
13.17,900.0419744008676,0.06448633147690487,0.0,0.2,0.2,20.249999999999996,0.8,0.8,900.0,0.003,0.0,20,0.5,0.018771805,0.004683928986359159
13.173,900.0419744107098,0.06458632355292501,0.0,0.2,0.2,20.249999999999996,0.8,0.8,900.0,0.003,0.0,20,0.5,0.018800485,0.004683930104665911
13.176,900.0419744205963,0.06468704768076002,0.0,0.2,0.2,20.249999999999996,0.8,0.8,900.0,0.003,0.0,20,0.5,0.021939506,0.00468393122840353
13.179,900.0419744305285,0.06478852327100126,0.0,0.2,0.2,20.249999999999996,0.8,0.8,900.0,0.003,0.0,20,0.5,0.019207407,0.004683932357544365
13.182,900.0419744405011,0.06489077015010912,0.0,0.2,0.2,20.249999999999996,0.8,0.8,900.0,0.003,0.0,20,0.5,0.018982585,0.004683933491850209
13.185,900.0419744505139,0.06499380863102465,0.0,0.2,0.2,20.249999999999996,0.8,0.8,900.0,0.003,0.0,20,0.5,0.022004646,0.0046839346306464325
13.188,900.0419744605603,0.06509765959586468,0.0,0.2,0.2,20.249999999999996,0.8,0.8,900.0,0.003,0.0,20,0.5,0.018799295,0.004683935774128642
13.191,900.041974470648,0.06520234409260824,0.0,0.2,0.2,20.249999999999996,0.8,0.8,900.0,0.003,0.0,20,0.5,0.018968086,0.004683936922326882
13.194,900.0419744807718,0.06530788353421567,0.0,0.2,0.2,20.249999999999996,0.8,0.8,900.0,0.003,0.0,20,0.5,0.022359958,0.00468393807603012
13.197000000000001,900.0419744909976,0.06541429931549039,0.0,0.2,0.2,20.249999999999996,0.8,0.8,900.0,0.003,0.0,20,0.5,0.018815834,0.004683939252402595
13.200000000000001,900.0419745014541,0.06552160766167404,0.0,0.2,0.2,20.249999999999996,0.8,0.8,900.0,0.003,0.0,20,0.5,0.018930075,0.004683940466310761
13.203,900.041974512243,0.06562982338316244,0.0,0.2,0.2,20.249999999999996,0.8,0.8,900.0,0.003,0.0,20,0.5,0.022344208,0.0046839417232159486
13.206,900.0419745234104,0.06573896166876464,0.0,0.2,0.2,20.249999999999996,0.8,0.8,900.0,0.003,0.0,20,0.5,0.019171357,0.004683943022148109
13.209,900.0419745349477,0.06584903806437335,0.0,0.2,0.2,20.249999999999996,0.8,0.8,900.0,0.003,0.0,20,0.5,0.019214787,0.004683944356809711
13.212,900.0419745467992,0.06596006852961837,0.0,0.2,0.2,20.249999999999996,0.8,0.8,900.0,0.003,0.0,20,0.5,0.021923435,0.004683945716779826
13.215,900.0419745588713,0.06607206944600365,0.0,0.2,0.2,20.249999999999996,0.8,0.8,900.0,0.003,0.0,20,0.5,0.018776334,0.004683947088795237
13.218,900.0419745710448,0.0661850576209785,0.0,0.2,0.2,20.249999999999996,0.8,0.8,900.0,0.003,0.0,20,0.5,0.018903705,0.004683948458315874
13.221,900.0419745831891,0.06629905029097141,0.0,0.2,0.2,20.249999999999996,0.8,0.8,900.0,0.003,0.0,20,0.5,0.022660489,0.004683949811563023
13.224,900.0419745951871,0.06641406497090614,0.0,0.2,0.2,20.249999999999996,0.8,0.8,900.0,0.003,0.0,20,0.5,0.01970709,0.004683951137792016
13.227,900.0419746069463,0.0665301190673379,0.0,0.2,0.2,20.249999999999996,0.8,0.8,900.0,0.003,0.0,20,0.5,0.018565753,0.004683952429821165
13.23,900.0419746184,0.06664722982280592,0.0,0.2,0.2,20.249999999999996,0.8,0.8,900.0,0.003,0.0,20,0.5,0.021652444,0.004683953685610462
13.233,900.0419746295279,0.06676541406053954,0.0,0.2,0.2,20.249999999999996,0.8,0.8,900.0,0.003,0.0,20,0.5,0.018840835,0.004683954904838933
13.236,900.0419746403217,0.06688468882604372,0.0,0.2,0.2,20.249999999999996,0.8,0.8,900.0,0.003,0.0,20,0.5,0.018956346,0.004683956088841353
13.239,900.0419746507962,0.06700507152013671,0.0,0.2,0.2,20.249999999999996,0.8,0.8,900.0,0.003,0.0,20,0.5,0.022086787,0.0046839572413825345
13.242,900.041974660988,0.06712657958959332,0.0,0.2,0.2,20.249999999999996,0.8,0.8,900.0,0.003,0.0,20,0.5,0.018987416,0.004683958367522566
13.245000000000001,900.0419746709347,0.06724923074031265,0.0,0.2,0.2,20.249999999999996,0.8,0.8,900.0,0.003,0.0,20,0.5,0.018796905,0.004683959473208107
13.248000000000001,900.0419746806937,0.06737304304341922,0.0,0.2,0.2,20.249999999999996,0.8,0.8,900.0,0.003,0.0,20,0.5,0.022044326,0.004683960564669569
13.251,900.0419746903203,0.06749803493837656,0.0,0.2,0.2,20.249999999999996,0.8,0.8,900.0,0.003,0.0,20,0.5,0.019052736,0.004683961647616139
13.254,900.041974699862,0.0676242252374163,0.0,0.2,0.2,20.249999999999996,0.8,0.8,900.0,0.003,0.0,20,0.5,0.018686934,0.004683962726707527
13.257,900.0419747093656,0.067751633129309,0.0,0.2,0.2,20.249999999999996,0.8,0.8,900.0,0.003,0.0,20,0.5,0.022130987,0.0046839638052875296
13.26,900.0419747188599,0.06788027817685531,0.0,0.2,0.2,20.249999999999996,0.8,0.8,900.0,0.003,0.0,20,0.5,0.01970928,0.004683964885519395
13.263,900.0419747283603,0.06801018026602723,0.0,0.2,0.2,20.249999999999996,0.8,0.8,900.0,0.003,0.0,20,0.5,0.018742184,0.004683965968097963
13.266,900.0419747378788,0.06814135965672462,0.0,0.2,0.2,20.249999999999996,0.8,0.8,900.0,0.003,0.0,20,0.5,0.022161456,0.0046839670523858845
13.269,900.0419747474024,0.06827383700828739,0.0,0.2,0.2,20.249999999999996,0.8,0.8,900.0,0.003,0.0,20,0.5,0.018936795,0.004683968136194165
13.272,900.041974756916,0.06840763352634119,0.0,0.2,0.2,20.249999999999996,0.8,0.8,900.0,0.003,0.0,20,0.5,0.019142597,0.0046839692166317825
13.275,900.0419747664005,0.06854277088195301,0.0,0.2,0.2,20.249999999999996,0.8,0.8,900.0,0.003,0.0,20,0.5,0.021856955,0.00468397029274613
13.278,900.0419747758757,0.0686792703753841,0.0,0.2,0.2,20.249999999999996,0.8,0.8,900.0,0.003,0.0,20,0.5,0.018613643,0.004683971371557931
13.281,900.0419747853795,0.06881715103321363,0.0,0.2,0.2,20.249999999999996,0.8,0.8,900.0,0.003,0.0,20,0.5,0.018759154,0.004683972455424826
13.284,900.0419747949315,0.06895643183573216,0.0,0.2,0.2,20.249999999999996,0.8,0.8,900.0,0.003,0.0,20,0.5,0.02258995,0.0046839735476794314
13.287,900.0419748045622,0.06909713090932114,0.0,0.2,0.2,20.249999999999996,0.8,0.8,900.0,0.003,0.0,20,0.5,0.018659234,0.004683974651218591
13.290000000000001,900.0419748142889,0.06923926611323149,0.0,0.2,0.2,20.249999999999996,0.8,0.8,900.0,0.003,0.0,20,0.5,0.018697564,0.004683975766347967
13.293000000000001,900.0419748241155,0.06938285558997549,0.0,0.2,0.2,20.249999999999996,0.8,0.8,900.0,0.003,0.0,20,0.5,0.022214527,0.004683976891474035
13.296000000000001,900.0419748340269,0.0695279177589779,0.0,0.2,0.2,20.249999999999996,0.8,0.8,900.0,0.003,0.0,20,0.5,0.018649984,0.004683978023397191
13.299,900.0419748439938,0.06967447133185106,0.0,0.2,0.2,20.249999999999996,0.8,0.8,900.0,0.003,0.0,20,0.5,0.018926365,0.004683979158253351
13.302,900.0419748539858,0.0698225352514391,0.0,0.2,0.2,20.249999999999996,0.8,0.8,900.0,0.003,0.0,20,0.5,0.021642043,0.004683980292365061
13.305,900.0419748639619,0.06997212869364587,0.0,0.2,0.2,20.249999999999996,0.8,0.8,900.0,0.003,0.0,20,0.5,0.019124266,0.004683981422530244
13.308,900.0419748739007,0.0701232711310797,0.0,0.2,0.2,20.249999999999996,0.8,0.8,900.0,0.003,0.0,20,0.5,0.018645293,0.00468398254667158
13.311,900.0419748837835,0.07027598224709461,0.0,0.2,0.2,20.249999999999996,0.8,0.8,900.0,0.003,0.0,20,0.5,0.021930885,0.004683983664321278
13.314,900.0419748936052,0.07043028185052351,0.0,0.2,0.2,20.249999999999996,0.8,0.8,900.0,0.003,0.0,20,0.5,0.018751965,0.004683984776080774
13.317,900.0419749033684,0.07058619005565486,0.0,0.2,0.2,20.249999999999996,0.8,0.8,900.0,0.003,0.0,20,0.5,0.018951235,0.004683985883670752
13.32,900.0419749130859,0.0707437272874779,0.0,0.2,0.2,20.249999999999996,0.8,0.8,900.0,0.003,0.0,20,0.5,0.02263773,0.004683986989621643
13.323,900.04197492279,0.07090291428457027,0.0,0.2,0.2,20.249999999999996,0.8,0.8,900.0,0.003,0.0,20,0.5,0.018954895,0.004683988096921273
13.326,900.0419749324984,0.07106377210426078,0.0,0.2,0.2,20.249999999999996,0.8,0.8,900.0,0.003,0.0,20,0.5,0.018559783,0.004683989208683318
13.329,900.0419749422408,0.07122632212808698,0.0,0.2,0.2,20.249999999999996,0.8,0.8,900.0,0.003,0.0,20,0.5,0.023200064,0.00468399032783033
13.332,900.0419749520489,0.07139058606763782,0.0,0.2,0.2,20.249999999999996,0.8,0.8,900.0,0.003,0.0,20,0.5,0.018990526,0.004683991456831435
13.335,900.0419749619383,0.07155658596978158,0.0,0.2,0.2,20.249999999999996,0.8,0.8,900.0,0.003,0.0,20,0.5,0.018589683,0.004683992597502247
13.338000000000001,900.0419749719268,0.07172434422168562,0.0,0.2,0.2,20.249999999999996,0.8,0.8,900.0,0.003,0.0,20,0.5,0.022057146,0.004683993750881601
13.341000000000001,900.0419749820223,0.07189388355994383,0.0,0.2,0.2,20.249999999999996,0.8,0.8,900.0,0.003,0.0,20,0.5,0.018944645,0.004683994917190116
13.344,900.0419749922323,0.07206522707582286,0.0,0.2,0.2,20.249999999999996,0.8,0.8,900.0,0.003,0.0,20,0.5,0.019852332,0.004683996095905013
13.347,900.0419750025496,0.07223839818616867,0.0,0.2,0.2,20.249999999999996,0.8,0.8,900.0,0.003,0.0,20,0.5,0.021988706,0.004683997286026851
13.35,900.0419750129641,0.07241342050994405,0.0,0.2,0.2,20.249999999999996,0.8,0.8,900.0,0.003,0.0,20,0.5,0.019443759,0.00468399848593386
13.353,900.0419750234638,0.07259031802717297,0.0,0.2,0.2,20.249999999999996,0.8,0.8,900.0,0.003,0.0,20,0.5,0.019410258,0.004683999696039399
13.356,900.0419750340897,0.07276911419366404,0.0,0.2,0.2,20.249999999999996,0.8,0.8,900.0,0.003,0.0,20,0.5,0.021954926,0.00468400092424207
13.359,900.0419750448721,0.07294982990021784,0.0,0.2,0.2,20.249999999999996,0.8,0.8,900.0,0.003,0.0,20,0.5,0.018686454,0.004684002167996653
13.362,900.0419750558209,0.0731324865482697,0.0,0.2,0.2,20.249999999999996,0.8,0.8,900.0,0.003,0.0,20,0.5,0.019225587,0.004684003432576822
13.365,900.0419750670003,0.07331710219409285,0.0,0.2,0.2,20.249999999999996,0.8,0.8,900.0,0.003,0.0,20,0.5,0.022169077,0.004684004726669024
13.368,900.0419750784404,0.07350369271369446,0.0,0.2,0.2,20.249999999999996,0.8,0.8,900.0,0.003,0.0,20,0.5,0.018789045,0.004684006052473569
13.371,900.0419750901626,0.07369227427800176,0.0,0.2,0.2,20.249999999999996,0.8,0.8,900.0,0.003,0.0,20,0.5,0.018855895,0.004684007408201521
13.374,900.0419751021468,0.07388286332131241,0.0,0.2,0.2,20.249999999999996,0.8,0.8,900.0,0.003,0.0,20,0.5,0.021760713,0.004684008789552926
13.377,900.0419751143613,0.07407547615280104,0.0,0.2,0.2,20.249999999999996,0.8,0.8,900.0,0.003,0.0,20,0.5,0.018485672,0.004684010189793211
13.38,900.041975126739,0.07427012922914342,0.0,0.2,0.2,20.249999999999996,0.8,0.8,900.0,0.003,0.0,20,0.5,0.018869395,0.004684011600616168
13.383000000000001,900.0419751392233,0.07446683931967715,0.0,0.2,0.2,20.249999999999996,0.8,0.8,900.0,0.003,0.0,20,0.5,0.022143407,0.004684013018198424
13.386000000000001,900.0419751517942,0.07466562162086948,0.0,0.2,0.2,20.249999999999996,0.8,0.8,900.0,0.003,0.0,20,0.5,0.018423402,0.004684014443398661
13.389000000000001,900.0419751644316,0.07486648950445404,0.0,0.2,0.2,20.249999999999996,0.8,0.8,900.0,0.003,0.0,20,0.5,0.018663443,0.0046840158745432015
13.392,900.041975177145,0.07506945646443489,0.0,0.2,0.2,20.249999999999996,0.8,0.8,900.0,0.003,0.0,20,0.5,0.022511579,0.004684017320118252
13.395,900.0419751900022,0.07527453366713695,0.0,0.2,0.2,20.249999999999996,0.8,0.8,900.0,0.003,0.0,20,0.5,0.018505853,0.004684018789285215
13.398,900.0419752030715,0.07548173161635557,0.0,0.2,0.2,20.249999999999996,0.8,0.8,900.0,0.003,0.0,20,0.5,0.018556363,0.004684020287681795
13.401,900.0419752163976,0.0756910610077086,0.0,0.2,0.2,20.249999999999996,0.8,0.8,900.0,0.003,0.0,20,0.5,0.022177347,0.004684021818207349
13.404,900.0419752300083,0.07590253273688044,0.0,0.2,0.2,20.249999999999996,0.8,0.8,900.0,0.003,0.0,20,0.5,0.019111076,0.004684023381181927
13.407,900.0419752439069,0.07611615790675655,0.0,0.2,0.2,20.249999999999996,0.8,0.8,900.0,0.003,0.0,20,0.5,0.018720153,0.004684024974967979
13.41,900.0419752580798,0.07633194780741986,0.0,0.2,0.2,20.249999999999996,0.8,0.8,900.0,0.003,0.0,20,0.5,0.022088766,0.004684026596634946
13.413,900.0419752724949,0.07654991394098593,0.0,0.2,0.2,20.249999999999996,0.8,0.8,900.0,0.003,0.0,20,0.5,0.018587614,0.004684028242624323
13.416,900.0419752871271,0.07677006804209795,0.0,0.2,0.2,20.249999999999996,0.8,0.8,900.0,0.003,0.0,20,0.5,0.018939765,0.0046840299093531225
13.419,900.0419753019398,0.07699242208529229,0.0,0.2,0.2,20.249999999999996,0.8,0.8,900.0,0.003,0.0,20,0.5,0.022471548,0.004684031593758117
13.422,900.0419753169181,0.07721698822829642,0.0,0.2,0.2,20.249999999999996,0.8,0.8,900.0,0.003,0.0,20,0.5,0.018996056,0.0046840332948909595
13.425,900.0419753320538,0.07744377816001019,0.0,0.2,0.2,20.249999999999996,0.8,0.8,900.0,0.003,0.0,20,0.5,0.018911725,0.004684035013426004
13.428,900.0419753473441,0.07767280289385689,0.0,0.2,0.2,20.249999999999996,0.8,0.8,900.0,0.003,0.0,20,0.5,0.022167827,0.004684036750026987
13.431000000000001,900.0419753627929,0.07790407369341065,0.0,0.2,0.2,20.249999999999996,0.8,0.8,900.0,0.003,0.0,20,0.5,0.019005006,0.004684038507365071
13.434000000000001,900.0419753784226,0.07813760212002745,0.0,0.2,0.2,20.249999999999996,0.8,0.8,900.0,0.003,0.0,20,0.5,0.018862235,0.0046840402896714374
13.437000000000001,900.0419753942768,0.07837340004446941,0.0,0.2,0.2,20.249999999999996,0.8,0.8,900.0,0.003,0.0,20,0.5,0.022179757,0.004684042102071138
13.44,900.0419754103982,0.07861147955131827,0.0,0.2,0.2,20.249999999999996,0.8,0.8,900.0,0.003,0.0,20,0.5,0.018827734,0.004684043950667051
13.443,900.0419754268406,0.07885185254070234,0.0,0.2,0.2,20.249999999999996,0.8,0.8,900.0,0.003,0.0,20,0.5,0.018807024,0.004684045840166224
13.446,900.0419754436457,0.07909453119672302,0.0,0.2,0.2,20.249999999999996,0.8,0.8,900.0,0.003,0.0,20,0.5,0.022962492,0.00468404777394981
13.449,900.041975460843,0.07933952810586622,0.0,0.2,0.2,20.249999999999996,0.8,0.8,900.0,0.003,0.0,20,0.5,0.018846465,0.004684049754385677
13.452,900.0419754784552,0.07958685622760146,0.0,0.2,0.2,20.249999999999996,0.8,0.8,900.0,0.003,0.0,20,0.5,0.018764124,0.004684051782763241
13.455,900.0419754964909,0.07983652890156301,0.0,0.2,0.2,20.249999999999996,0.8,0.8,900.0,0.003,0.0,20,0.5,0.022372208,0.004684053859388569
13.458,900.0419755149557,0.08008855986487098,0.0,0.2,0.2,20.249999999999996,0.8,0.8,900.0,0.003,0.0,20,0.5,0.019146377,0.004684055983813822
13.461,900.0419755338511,0.0803429632494747,0.0,0.2,0.2,20.249999999999996,0.8,0.8,900.0,0.003,0.0,20,0.5,0.018879375,0.004684058159109264
13.464,900.0419755532945,0.08059975225025735,0.0,0.2,0.2,20.249999999999996,0.8,0.8,900.0,0.003,0.0,20,0.5,0.022208527,0.00468406041178786
13.467,900.0419755734513,0.08085893389484954,0.0,0.2,0.2,20.249999999999996,0.8,0.8,900.0,0.003,0.0,20,0.5,0.018699754,0.004684062756231524
13.47,900.0419755944268,0.08112051447985562,0.0,0.2,0.2,20.249999999999996,0.8,0.8,900.0,0.003,0.0,20,0.5,0.018804575,0.004684065199763726
13.473,900.0419756162889,0.08138450040489566,0.0,0.2,0.2,20.249999999999996,0.8,0.8,900.0,0.003,0.0,20,0.5,0.022032676,0.004684067747116047
13.476,900.0419756390803,0.0816508981243173,0.0,0.2,0.2,20.249999999999996,0.8,0.8,900.0,0.003,0.0,20,0.5,0.018704683,0.004684070400262867
13.479000000000001,900.0419756628239,0.08191971427529043,0.0,0.2,0.2,20.249999999999996,0.8,0.8,900.0,0.003,0.0,20,0.5,0.018853165,0.004684073157874486
13.482000000000001,900.0419756874963,0.08219095564807455,0.0,0.2,0.2,20.249999999999996,0.8,0.8,900.0,0.003,0.0,20,0.5,0.022033196,0.004684076014934409
13.485,900.0419757130587,0.0824646292053804,0.0,0.2,0.2,20.249999999999996,0.8,0.8,900.0,0.003,0.0,20,0.5,0.018994695,0.004684078963618468
13.488,900.0419757394419,0.08274074209134272,0.0,0.2,0.2,20.249999999999996,0.8,0.8,900.0,0.003,0.0,20,0.5,0.019198287,0.004684081994580559
13.491,900.0419757665614,0.08301930164109338,0.0,0.2,0.2,20.249999999999996,0.8,0.8,900.0,0.003,0.0,20,0.5,0.022558389,0.004684085098342
13.494,900.0419757943316,0.08330031539718595,0.0,0.2,0.2,20.249999999999996,0.8,0.8,900.0,0.003,0.0,20,0.5,0.019086336,0.0046840882669015645
13.497,900.041975822724,0.08358379100096482,0.0,0.2,0.2,20.249999999999996,0.8,0.8,900.0,0.003,0.0,20,0.5,0.019421878,0.004684091505549694
13.5,900.0419758517891,0.08386973219334436,0.0,0.2,0.2,20.249999999999996,0.8,0.8,900.0,0.003,0.0,20,0.5,0.021807434,0.004684094823937416
13.503,900.0419758815684,0.08415813986791858,0.0,0.2,0.2,20.249999999999996,0.8,0.8,900.0,0.003,0.0,20,0.5,0.018836965,0.004684098228042527
13.506,900.0419759121263,0.08444901477052237,0.0,0.2,0.2,20.249999999999996,0.8,0.8,900.0,0.003,0.0,20,0.5,0.018937925,0.004684101726565099
13.509,900.0419759435403,0.08474235692674278,0.0,0.2,0.2,20.249999999999996,0.8,0.8,900.0,0.003,0.0,20,0.5,0.021799164,0.004684105328786608
13.512,900.0419759758825,0.08503816581978182,0.0,0.2,0.2,20.249999999999996,0.8,0.8,900.0,0.003,0.0,20,0.5,0.018807605,0.0046841090421618475
13.515,900.0419760092228,0.08533644086292096,0.0,0.2,0.2,20.249999999999996,0.8,0.8,900.0,0.003,0.0,20,0.5,0.019080147,0.004684112872171482
13.518,900.0419760436104,0.08563718140675652,0.0,0.2,0.2,20.249999999999996,0.8,0.8,900.0,0.003,0.0,20,0.5,0.022017646,0.0046841168219216075
13.521,900.0419760790718,0.08594038676257783,0.0,0.2,0.2,20.249999999999996,0.8,0.8,900.0,0.003,0.0,20,0.5,0.018545353,0.004684120891983349
13.524000000000001,900.0419761156087,0.08624605661572769,0.0,0.2,0.2,20.249999999999996,0.8,0.8,900.0,0.003,0.0,20,0.5,0.018848275,0.004684125082198431
13.527000000000001,900.0419761532265,0.08655419084328667,0.0,0.2,0.2,20.249999999999996,0.8,0.8,900.0,0.003,0.0,20,0.5,0.022148206,0.004684129392425564
13.530000000000001,900.0419761919212,0.08686478927952165,0.0,0.2,0.2,20.249999999999996,0.8,0.8,900.0,0.003,0.0,20,0.5,0.018856534,0.004684133822010248
13.533,900.0419762316877,0.08717785173049492,0.0,0.2,0.2,20.249999999999996,0.8,0.8,900.0,0.003,0.0,20,0.5,0.018689254,0.004684138369715092
13.536,900.0419762725205,0.08749337797577594,0.0,0.2,0.2,20.249999999999996,0.8,0.8,900.0,0.003,0.0,20,0.5,0.022257337,0.004684143034761575
13.539,900.0419763144015,0.08781136744022287,0.0,0.2,0.2,20.249999999999996,0.8,0.8,900.0,0.003,0.0,20,0.5,0.019324497,0.004684147815583032
13.542,900.0419763573265,0.08813181951023313,0.0,0.2,0.2,20.249999999999996,0.8,0.8,900.0,0.003,0.0,20,0.5,0.018762324,0.004684152709804531
13.545,900.0419764013,0.08845473359084148,0.0,0.2,0.2,20.249999999999996,0.8,0.8,900.0,0.003,0.0,20,0.5,0.022193877,0.004684157732603411
13.548,900.0419764466183,0.08878010316068799,0.0,0.2,0.2,20.249999999999996,0.8,0.8,900.0,0.003,0.0,20,0.5,0.018664143,0.004684162952998535
13.551,900.0419764937316,0.08910790554770504,0.0,0.2,0.2,20.249999999999996,0.8,0.8,900.0,0.003,0.0,20,0.5,0.019018236,0.004684168405861976
13.554,900.0419765429472,0.08943811637805327,0.0,0.2,0.2,20.249999999999996,0.8,0.8,900.0,0.003,0.0,20,0.5,0.022284068,0.004684174114717298
13.557,900.0419765944777,0.08977070915179772,0.0,0.2,0.2,20.249999999999996,0.8,0.8,900.0,0.003,0.0,20,0.5,0.018923635,0.004684180094286717
13.56,900.0419766484528,0.09010565575512572,0.0,0.2,0.2,20.249999999999996,0.8,0.8,900.0,0.003,0.0,20,0.5,0.018435822,0.0046841863506320875
13.563,900.0419767049171,0.09044292659802775,0.0,0.2,0.2,20.249999999999996,0.8,0.8,900.0,0.003,0.0,20,0.5,0.021913125,0.004684192878234476
13.566,900.0419767638228,0.09078249138790649,0.0,0.2,0.2,20.249999999999996,0.8,0.8,900.0,0.003,0.0,20,0.5,0.018770844,0.004684199660890981
13.569,900.0419768250289,0.09112431913617346,0.0,0.2,0.2,20.249999999999996,0.8,0.8,900.0,0.003,0.0,20,0.5,0.018800754,0.004684206675769995
13.572000000000001,900.0419768883244,0.09146837767478039,0.0,0.2,0.2,20.249999999999996,0.8,0.8,900.0,0.003,0.0,20,0.5,0.021953206,0.00468421389518433
13.575000000000001,900.0419769534616,0.09181463404198026,0.0,0.2,0.2,20.249999999999996,0.8,0.8,900.0,0.003,0.0,20,0.5,0.018933775,0.004684221289707881
13.578,900.0419770201803,0.092163054640319,0.0,0.2,0.2,20.249999999999996,0.8,0.8,900.0,0.003,0.0,20,0.5,0.018665333,0.0046842288310944774
13.581,900.0419770882232,0.09251360531608543,0.0,0.2,0.2,20.249999999999996,0.8,0.8,900.0,0.003,0.0,20,0.5,0.022439998,0.0046842364952770525
13.584,900.0419771573776,0.09286625127337626,0.0,0.2,0.2,20.249999999999996,0.8,0.8,900.0,0.003,0.0,20,0.5,0.018978995,0.004684244263811513
13.587,900.0419772274768,0.09322095705482597,0.0,0.2,0.2,20.249999999999996,0.8,0.8,900.0,0.003,0.0,20,0.5,0.018912655,0.004684252126254787
13.59,900.0419772984361,0.09357768615584303,0.0,0.2,0.2,20.249999999999996,0.8,0.8,900.0,0.003,0.0,20,0.5,0.022150737,0.004684260079668531
13.593,900.0419773702215,0.09393640113603681,0.0,0.2,0.2,20.249999999999996,0.8,0.8,900.0,0.003,0.0,20,0.5,0.018761434,0.004684268126674141
13.596,900.0419774428664,0.09429706384781043,0.0,0.2,0.2,20.249999999999996,0.8,0.8,900.0,0.003,0.0,20,0.5,0.018685514,0.004684276277954846
13.599,900.041977516509,0.09465963332838273,0.0,0.2,0.2,20.249999999999996,0.8,0.8,900.0,0.003,0.0,20,0.5,0.021817064,0.004684284554224333
13.602,900.0419775912885,0.0950240637533274,0.0,0.2,0.2,20.249999999999996,0.8,0.8,900.0,0.003,0.0,20,0.5,0.019273507,0.0046842929732460944
13.605,900.0419776673587,0.09539030822578862,0.0,0.2,0.2,20.249999999999996,0.8,0.8,900.0,0.003,0.0,20,0.5,0.018656073,0.004684301551988824
13.608,900.0419777448759,0.09575831890927602,0.0,0.2,0.2,20.249999999999996,0.8,0.8,900.0,0.003,0.0,20,0.5,0.021831084,0.004684310305677915
13.611,900.0419778239989,0.09612804613261276,0.0,0.2,0.2,20.249999999999996,0.8,0.8,900.0,0.003,0.0,20,0.5,0.018628864,0.004684319248171258
13.614,900.0419779048276,0.09649943731655769,0.0,0.2,0.2,20.249999999999996,0.8,0.8,900.0,0.003,0.0,20,0.5,0.018692334,0.004684328382336235
13.617,900.0419779873849,0.09687243886153798,0.0,0.2,0.2,20.249999999999996,0.8,0.8,900.0,0.003,0.0,20,0.5,0.021576063,0.0046843377041691624
13.620000000000001,900.0419780716346,0.09724699621244746,0.0,0.2,0.2,20.249999999999996,0.8,0.8,900.0,0.003,0.0,20,0.5,0.019117496,0.004684347203512515
13.623000000000001,900.0419781574888,0.09762305385371159,0.0,0.2,0.2,20.249999999999996,0.8,0.8,900.0,0.003,0.0,20,0.5,0.019000325,0.004684356864495506
13.626,900.0419782448021,0.09800055533901658,0.0,0.2,0.2,20.249999999999996,0.8,0.8,900.0,0.003,0.0,20,0.5,0.022294217,0.004684366667284445
13.629,900.0419783333958,0.09837944326422128,0.0,0.2,0.2,20.249999999999996,0.8,0.8,900.0,0.003,0.0,20,0.5,0.019008256,0.00468437659045052
13.632,900.0419784230808,0.09875965921980515,0.0,0.2,0.2,20.249999999999996,0.8,0.8,900.0,0.003,0.0,20,0.5,0.018891495,0.004684386612491279
13.635,900.0419785136612,0.09914114392209848,0.0,0.2,0.2,20.249999999999996,0.8,0.8,900.0,0.003,0.0,20,0.5,0.021612612,0.004684396713658196
13.638,900.0419786049629,0.09952383729037118,0.0,0.2,0.2,20.249999999999996,0.8,0.8,900.0,0.003,0.0,20,0.5,0.018825635,0.004684406878016508
13.641,900.0419786968473,0.09990767832998233,0.0,0.2,0.2,20.249999999999996,0.8,0.8,900.0,0.003,0.0,20,0.5,0.019221767,0.004684417096073682
13.644,900.0419787892433,0.1002926042726086,0.0,0.2,0.2,20.249999999999996,0.8,0.8,900.0,0.003,0.0,20,0.5,0.022083706,0.0046844273657842056
13.647,900.0419788821152,0.10067854948283311,0.0,0.2,0.2,20.249999999999996,0.8,0.8,900.0,0.003,0.0,20,0.5,0.018473352,0.004684437684873245
13.65,900.0419789754403,0.10106544721699766,0.0,0.2,0.2,20.249999999999996,0.8,0.8,900.0,0.003,0.0,20,0.5,0.018579933,0.004684448052096815
13.653,900.0419790692029,0.1014532300082213,0.0,0.2,0.2,20.249999999999996,0.8,0.8,900.0,0.003,0.0,20,0.5,0.021966536,0.004684458468856902
13.656,900.0419791634414,0.10184182928821166,0.0,0.2,0.2,20.249999999999996,0.8,0.8,900.0,0.003,0.0,20,0.5,0.018696314,0.004684468941708535
13.659,900.0419792581972,0.1022311743223693,0.0,0.2,0.2,20.249999999999996,0.8,0.8,900.0,0.003,0.0,20,0.5,0.018807545,0.00468447947717878
13.662,900.0419793535301,0.10262119277441005,0.0,0.2,0.2,20.249999999999996,0.8,0.8,900.0,0.003,0.0,20,0.5,0.021655144,0.004684490079238815
13.665000000000001,900.0419794494662,0.1030118112521624,0.0,0.2,0.2,20.249999999999996,0.8,0.8,900.0,0.003,0.0,20,0.5,0.018549173,0.0046845007501175855
13.668000000000001,900.0419795460305,0.10340295556592743,0.0,0.2,0.2,20.249999999999996,0.8,0.8,900.0,0.003,0.0,20,0.5,0.019421969,0.004684511491355116
13.671000000000001,900.041979643242,0.10379455075455594,0.0,0.2,0.2,20.249999999999996,0.8,0.8,900.0,0.003,0.0,20,0.5,0.021383701,0.0046845223068488085
13.674,900.0419797411532,0.10418651962121958,0.0,0.2,0.2,20.249999999999996,0.8,0.8,900.0,0.003,0.0,20,0.5,0.019165957,0.004684533203361455
13.677,900.041979839897,0.104578781851138,0.0,0.2,0.2,20.249999999999996,0.8,0.8,900.0,0.003,0.0,20,0.5,0.018627133,0.004684544225877957
13.68,900.0419799400154,0.10497124254375628,0.0,0.2,0.2,20.249999999999996,0.8,0.8,900.0,0.003,0.0,20,0.5,0.021605573,0.004684555463851501
13.683,900.0419800420997,0.10536378813853596,0.0,0.2,0.2,20.249999999999996,0.8,0.8,900.0,0.003,0.0,20,0.5,0.018601793,0.004684566954613606
13.686,900.0419801464808,0.10575629997464078,0.0,0.2,0.2,20.249999999999996,0.8,0.8,900.0,0.003,0.0,20,0.5,0.018844225,0.004684578717286112
13.689,900.0419802533182,0.10614865662976825,0.0,0.2,0.2,20.249999999999996,0.8,0.8,900.0,0.003,0.0,20,0.5,0.022541529,0.0046845907539476315
13.692,900.0419803626319,0.1065407353153903,0.0,0.2,0.2,20.249999999999996,0.8,0.8,900.0,0.003,0.0,20,0.5,0.018431442,0.004684603052928687
13.695,900.041980474349,0.10693241042308249,0.0,0.2,0.2,20.249999999999996,0.8,0.8,900.0,0.003,0.0,20,0.5,0.018639383,0.004684615590057579
13.698,900.0419805882175,0.10732355199213194,0.0,0.2,0.2,20.249999999999996,0.8,0.8,900.0,0.003,0.0,20,0.5,0.021544422,0.004684628323237365
13.701,900.041980703857,0.10771402880819955,0.0,0.2,0.2,20.249999999999996,0.8,0.8,900.0,0.003,0.0,20,0.5,0.018931395,0.004684641204030621
13.704,900.041980820833,0.10810370857144228,0.0,0.2,0.2,20.249999999999996,0.8,0.8,900.0,0.003,0.0,20,0.5,0.018782985,0.0046846541833869175
13.707,900.0419809387064,0.10849245795338437,0.0,0.2,0.2,20.249999999999996,0.8,0.8,900.0,0.003,0.0,20,0.5,0.021783864,0.004684667216268414
13.71,900.0419810570742,0.10888014265554329,0.0,0.2,0.2,20.249999999999996,0.8,0.8,900.0,0.003,0.0,20,0.5,0.018737494,0.004684680265638189
13.713000000000001,900.0419811756049,0.1092666274736264,0.0,0.2,0.2,20.249999999999996,0.8,0.8,900.0,0.003,0.0,20,0.5,0.018529643,0.00468469330540907
13.716000000000001,900.0419812940625,0.10965177637186944,0.0,0.2,0.2,20.249999999999996,0.8,0.8,900.0,0.003,0.0,20,0.5,0.022016196,0.0046847063219580655
13.719,900.0419814123317,0.1100354525478933,0.0,0.2,0.2,20.249999999999996,0.8,0.8,900.0,0.003,0.0,20,0.5,0.018593933,0.004684719316423717
13.722,900.0419815304456,0.11041751748222284,0.0,0.2,0.2,20.249999999999996,0.8,0.8,900.0,0.003,0.0,20,0.5,0.018956465,0.00468473230758484
13.725,900.0419816485486,0.11079782935750464,0.0,0.2,0.2,20.249999999999996,0.8,0.8,900.0,0.003,0.0,20,0.5,0.021785374,0.004684745320516785
13.728,900.0419817668759,0.1111762452714605,0.0,0.2,0.2,20.249999999999996,0.8,0.8,900.0,0.003,0.0,20,0.5,0.018575773,0.004684758386990961
13.731,900.0419818856985,0.11155262053642416,0.0,0.2,0.2,20.249999999999996,0.8,0.8,900.0,0.003,0.0,20,0.5,0.018877755,0.004684771536902237
13.734,900.0419820052819,0.11192680971047667,0.0,0.2,0.2,20.249999999999996,0.8,0.8,900.0,0.003,0.0,20,0.5,0.022644359,0.004684784796447491
13.737,900.0419821258582,0.11229866694900341,0.0,0.2,0.2,20.249999999999996,0.8,0.8,900.0,0.003,0.0,20,0.5,0.019207817,0.004684798185838873
13.74,900.0419822476059,0.11266804631945466,0.0,0.2,0.2,20.249999999999996,0.8,0.8,900.0,0.003,0.0,20,0.5,0.018536863,0.004684811717281013
13.743,900.0419823706375,0.11303480183877294,0.0,0.2,0.2,20.249999999999996,0.8,0.8,900.0,0.003,0.0,20,0.5,0.022057266,0.004684825393619916
13.746,900.0419824949763,0.11339878753860755,0.0,0.2,0.2,20.249999999999996,0.8,0.8,900.0,0.003,0.0,20,0.5,0.018512822,0.004684839208338561
13.749,900.041982620565,0.11375985758609093,0.0,0.2,0.2,20.249999999999996,0.8,0.8,900.0,0.003,0.0,20,0.5,0.018867125,0.004684853147558271
13.752,900.0419827472804,0.11411786617769792,0.0,0.2,0.2,20.249999999999996,0.8,0.8,900.0,0.003,0.0,20,0.5,0.022118266,0.004684867191912678
13.755,900.0419828749409,0.1144726676239634,0.0,0.2,0.2,20.249999999999996,0.8,0.8,900.0,0.003,0.0,20,0.5,0.018934876,0.004684881316219828
13.758000000000001,900.041983003305,0.11482411712719032,0.0,0.2,0.2,20.249999999999996,0.8,0.8,900.0,0.003,0.0,20,0.5,0.019966672,0.00468489548870121
13.761000000000001,900.0419831320977,0.11517207234437608,0.0,0.2,0.2,20.249999999999996,0.8,0.8,900.0,0.003,0.0,20,0.5,0.021920025,0.004684909679374256
13.764000000000001,900.0419832610601,0.1155163920107749,0.0,0.2,0.2,20.249999999999996,0.8,0.8,900.0,0.003,0.0,20,0.5,0.019199187,0.004684923861807632
13.767,900.0419833899513,0.11585693581128001,0.0,0.2,0.2,20.249999999999996,0.8,0.8,900.0,0.003,0.0,20,0.5,0.018882424,0.004684938013658208
13.77,900.0419835185729,0.1161935644483437,0.0,0.2,0.2,20.249999999999996,0.8,0.8,900.0,0.003,0.0,20,0.5,0.022542619,0.004684952117639967
13.773,900.0419836467883,0.11652613968012956,0.0,0.2,0.2,20.249999999999996,0.8,0.8,900.0,0.003,0.0,20,0.5,0.018685464,0.0046849661674704226
13.776,900.0419837747829,0.11685452010985668,0.0,0.2,0.2,20.249999999999996,0.8,0.8,900.0,0.003,0.0,20,0.5,0.018880135,0.004684980182583231
13.779,900.0419839025365,0.11717854249601346,0.0,0.2,0.2,20.249999999999996,0.8,0.8,900.0,0.003,0.0,20,0.5,0.022787731,0.004684994167442525
13.782,900.0419840300153,0.11749804087036683,0.0,0.2,0.2,20.249999999999996,0.8,0.8,900.0,0.003,0.0,20,0.5,0.018731234,0.004685008126473793
13.785,900.0419841572641,0.11781285089519605,0.0,0.2,0.2,20.249999999999996,0.8,0.8,900.0,0.003,0.0,20,0.5,0.018916796,0.004685022063183252
13.788,900.0419842842599,0.11812281020187983,0.0,0.2,0.2,20.249999999999996,0.8,0.8,900.0,0.003,0.0,20,0.5,0.022100076,0.004685035960907018
13.791,900.0419844108885,0.11842776253896055,0.0,0.2,0.2,20.249999999999996,0.8,0.8,900.0,0.003,0.0,20,0.5,0.019040895,0.004685049807632829
13.794,900.0419845370548,0.11872755450987325,0.0,0.2,0.2,20.249999999999996,0.8,0.8,900.0,0.003,0.0,20,0.5,0.018971865,0.0046850635941862095
13.797,900.0419846626767,0.11902203495136669,0.0,0.2,0.2,20.249999999999996,0.8,0.8,900.0,0.003,0.0,20,0.5,0.022024686,0.004685077309306362
13.8,900.0419847876515,0.11931105514602387,0.0,0.2,0.2,20.249999999999996,0.8,0.8,900.0,0.003,0.0,20,0.5,0.01960306,0.004685090940185738
13.803,900.0419849118634,0.11959446900456423,0.0,0.2,0.2,20.249999999999996,0.8,0.8,900.0,0.003,0.0,20,0.5,0.019152727,0.004685104474147437
13.806000000000001,900.0419850351994,0.11987213323409311,0.0,0.2,0.2,20.249999999999996,0.8,0.8,900.0,0.003,0.0,20,0.5,0.022073145,0.00468511789955327
13.809000000000001,900.0419851575483,0.12014390750645347,0.0,0.2,0.2,20.249999999999996,0.8,0.8,900.0,0.003,0.0,20,0.5,0.019034466,0.004685131205876267
13.812000000000001,900.0419852788178,0.12040965463036986,0.0,0.2,0.2,20.249999999999996,0.8,0.8,900.0,0.003,0.0,20,0.5,0.019334818,0.00468514438342717
13.815,900.0419853989218,0.12066924072891144,0.0,0.2,0.2,20.249999999999996,0.8,0.8,900.0,0.003,0.0,20,0.5,0.022340657,0.004685157423147294
13.818,900.0419855177747,0.12092253541437369,0.0,0.2,0.2,20.249999999999996,0.8,0.8,900.0,0.003,0.0,20,0.5,0.018499922,0.004685170316472279
13.821,900.0419856353001,0.12116941196319021,0.0,0.2,0.2,20.249999999999996,0.8,0.8,900.0,0.003,0.0,20,0.5,0.01968652,0.00468518305523733
13.824,900.0419857514227,0.12140974748759141,0.0,0.2,0.2,20.249999999999996,0.8,0.8,900.0,0.003,0.0,20,0.5,0.022289398,0.004685195631706379
13.827,900.0419858660766,0.12164342300200236,0.0,0.2,0.2,20.249999999999996,0.8,0.8,900.0,0.003,0.0,20,0.5,0.018931875,0.0046852080383385925
13.83,900.0419859791854,0.12187032366390613,0.0,0.2,0.2,20.249999999999996,0.8,0.8,900.0,0.003,0.0,20,0.5,0.018845035,0.004685220267682117
13.833,900.0419860906845,0.12209033899902755,0.0,0.2,0.2,20.249999999999996,0.8,0.8,900.0,0.003,0.0,20,0.5,0.02262814,0.004685232312410381
13.836,900.0419862005064,0.12230336305586863,0.0,0.2,0.2,20.249999999999996,0.8,0.8,900.0,0.003,0.0,20,0.5,0.019311438,0.004685244165510602
13.839,900.0419863085896,0.12250929444629666,0.0,0.2,0.2,20.249999999999996,0.8,0.8,900.0,0.003,0.0,20,0.5,0.018634023,0.0046852558198205215
13.842,900.0419864148638,0.12270803658705662,0.0,0.2,0.2,20.249999999999996,0.8,0.8,900.0,0.003,0.0,20,0.5,0.021667033,0.004685267268026964
13.845,900.0419865192714,0.12289949787905752,0.0,0.2,0.2,20.249999999999996,0.8,0.8,900.0,0.003,0.0,20,0.5,0.018520652,0.004685278503761555
13.848,900.0419866217475,0.1230835916420309,0.0,0.2,0.2,20.249999999999996,0.8,0.8,900.0,0.003,0.0,20,0.5,0.019250777,0.004685289520835731
13.851,900.0419867222339,0.12326023640640996,0.0,0.2,0.2,20.249999999999996,0.8,0.8,900.0,0.003,0.0,20,0.5,0.0227499,0.004685300312662765
13.854000000000001,900.0419868206745,0.12342935617619358,0.0,0.2,0.2,20.249999999999996,0.8,0.8,900.0,0.003,0.0,20,0.5,0.019081506,0.004685310873525568
13.857000000000001,900.0419869170161,0.12359088027942944,0.0,0.2,0.2,20.249999999999996,0.8,0.8,900.0,0.003,0.0,20,0.5,0.019019486,0.004685321199562862
13.86,900.0419870112247,0.12374474324905495,0.0,0.2,0.2,20.249999999999996,0.8,0.8,900.0,0.003,0.0,20,0.5,0.022103856,0.004685331285554287
13.863,900.0419871032477,0.12389088550425137,0.0,0.2,0.2,20.249999999999996,0.8,0.8,900.0,0.003,0.0,20,0.5,0.019174307,0.004685341126419282
13.866,900.0419871930654,0.12402925312873855,0.0,0.2,0.2,20.249999999999996,0.8,0.8,900.0,0.003,0.0,20,0.5,0.018852045,0.004685350724469062
13.869,900.0419872806801,0.12415979572158034,0.0,0.2,0.2,20.249999999999996,0.8,0.8,900.0,0.003,0.0,20,0.5,0.022394569,0.0046853600805057
13.872,900.0419873660973,0.12428246854383124,0.0,0.2,0.2,20.249999999999996,0.8,0.8,900.0,0.003,0.0,20,0.5,0.018905795,0.004685369194734581
13.875,900.0419874493471,0.12439723194409748,0.0,0.2,0.2,20.249999999999996,0.8,0.8,900.0,0.003,0.0,20,0.5,0.018648784,0.0046853780712777455
13.878,900.04198753043,0.12450404937553254,0.0,0.2,0.2,20.249999999999996,0.8,0.8,900.0,0.003,0.0,20,0.5,0.021709934,0.004685386707700969
13.881,900.0419876093231,0.12460289052037629,0.0,0.2,0.2,20.249999999999996,0.8,0.8,900.0,0.003,0.0,20,0.5,0.018480002,0.004685395098558811
13.884,900.0419876860035,0.1246937312417548,0.0,0.2,0.2,20.249999999999996,0.8,0.8,900.0,0.003,0.0,20,0.5,0.018771284,0.004685403239617215
13.887,900.0419877604079,0.12477655173302578,0.0,0.2,0.2,20.249999999999996,0.8,0.8,900.0,0.003,0.0,20,0.5,0.021734804,0.004685411122181242
13.89,900.0419878324558,0.12485133853009625,0.0,0.2,0.2,20.249999999999996,0.8,0.8,900.0,0.003,0.0,20,0.5,0.019616939,0.00468541873642661
13.893,900.0419879020575,0.12491808485040949,0.0,0.2,0.2,20.249999999999996,0.8,0.8,900.0,0.003,0.0,20,0.5,0.019111066,0.004685426072613965
13.896,900.0419879691268,0.1249767906562863,0.0,0.2,0.2,20.249999999999996,0.8,0.8,900.0,0.003,0.0,20,0.5,0.021638723,0.004685433121098252
13.899000000000001,900.0419880335711,0.12502746277050877,0.0,0.2,0.2,20.249999999999996,0.8,0.8,900.0,0.003,0.0,20,0.5,0.018751734,0.004685439872870503
13.902000000000001,900.041988095316,0.12507011493087555,0.0,0.2,0.2,20.249999999999996,0.8,0.8,900.0,0.003,0.0,20,0.5,0.018824885,0.004685446320169611
13.905000000000001,900.0419881542858,0.1251047678369818,0.0,0.2,0.2,20.249999999999996,0.8,0.8,900.0,0.003,0.0,20,0.5,0.021985235,0.0046854524570734924
13.908,900.0419882104254,0.12513144918780045,0.0,0.2,0.2,20.249999999999996,0.8,0.8,900.0,0.003,0.0,20,0.5,0.018631583,0.004685458279926064
13.911,900.041988263711,0.12515019370161548,0.0,0.2,0.2,20.249999999999996,0.8,0.8,900.0,0.003,0.0,20,0.5,0.019146047,0.004685463787574965
13.914,900.0419883141246,0.12516104308018622,0.0,0.2,0.2,20.249999999999996,0.8,0.8,900.0,0.003,0.0,20,0.5,0.022162717,0.004685468982496672
13.917,900.0419883617003,0.1251640455985814,0.0,0.2,0.2,20.249999999999996,0.8,0.8,900.0,0.003,0.0,20,0.5,0.018581423,0.004685473871927527
13.92,900.0419884064988,0.12515925568852465,0.0,0.2,0.2,20.249999999999996,0.8,0.8,900.0,0.003,0.0,20,0.5,0.018634764,0.00468547846428403
13.923,900.0419884485938,0.12514673410943986,0.0,0.2,0.2,20.249999999999996,0.8,0.8,900.0,0.003,0.0,20,0.5,0.021486132,0.004685482767550404
13.926,900.0419884880743,0.12512654822438263,0.0,0.2,0.2,20.249999999999996,0.8,0.8,900.0,0.003,0.0,20,0.5,0.018572483,0.004685486793298744
13.929,900.0419885250352,0.12509876942354686,0.0,0.2,0.2,20.249999999999996,0.8,0.8,900.0,0.003,0.0,20,0.5,0.019262807,0.004685490548772141
13.932,900.0419885595276,0.12506347509389856,0.0,0.2,0.2,20.249999999999996,0.8,0.8,900.0,0.003,0.0,20,0.5,0.021710233,0.004685494036475444
13.935,900.0419885915683,0.12502074953790301,0.0,0.2,0.2,20.249999999999996,0.8,0.8,900.0,0.003,0.0,20,0.5,0.018630863,0.004685497255608629
13.938,900.0419886211574,0.12497068392421293,0.0,0.2,0.2,20.249999999999996,0.8,0.8,900.0,0.003,0.0,20,0.5,0.018902175,0.004685500201871325
13.941,900.0419886482503,0.12491337623221126,0.0,0.2,0.2,20.249999999999996,0.8,0.8,900.0,0.003,0.0,20,0.5,0.021800654,0.00468550287011271
13.944,900.041988672873,0.12484893024094904,0.0,0.2,0.2,20.249999999999996,0.8,0.8,900.0,0.003,0.0,20,0.5,0.018740784,0.004685505272370475
13.947000000000001,900.0419886950912,0.12477744886158242,0.0,0.2,0.2,20.249999999999996,0.8,0.8,900.0,0.003,0.0,20,0.5,0.018740043,0.004685507412326548
13.950000000000001,900.0419887149079,0.12469903960533502,0.0,0.2,0.2,20.249999999999996,0.8,0.8,900.0,0.003,0.0,20,0.5,0.021872044,0.004685509282451372
13.953,900.0419887322832,0.12461381647257305,0.0,0.2,0.2,20.249999999999996,0.8,0.8,900.0,0.003,0.0,20,0.5,0.018749374,0.004685510877361498
13.956,900.0419887471926,0.1245218969859475,0.0,0.2,0.2,20.249999999999996,0.8,0.8,900.0,0.003,0.0,20,0.5,0.019128906,0.004685512189343682
13.959,900.0419887595211,0.12442340223911248,0.0,0.2,0.2,20.249999999999996,0.8,0.8,900.0,0.003,0.0,20,0.5,0.021887285,0.004685513200118561
13.962,900.0419887690894,0.1243184590945598,0.0,0.2,0.2,20.249999999999996,0.8,0.8,900.0,0.003,0.0,20,0.5,0.018688703,0.004685513889984951
13.965,900.0419887756577,0.12420720249143415,0.0,0.2,0.2,20.249999999999996,0.8,0.8,900.0,0.003,0.0,20,0.5,0.018789524,0.004685514233669927
13.968,900.0419887790825,0.12408977762662138,0.0,0.2,0.2,20.249999999999996,0.8,0.8,900.0,0.003,0.0,20,0.5,0.022071896,0.004685514219093481
13.971,900.041988779255,0.12396633492269898,0.0,0.2,0.2,20.249999999999996,0.8,0.8,900.0,0.003,0.0,20,0.5,0.018618433,0.004685513843584866
13.974,900.0419887761536,0.12383702991111208,0.0,0.2,0.2,20.249999999999996,0.8,0.8,900.0,0.003,0.0,20,0.5,0.018636933,0.004685513115228241
13.977,900.0419887698495,0.12370202291906815,0.0,0.2,0.2,20.249999999999996,0.8,0.8,900.0,0.003,0.0,20,0.5,0.021870635,0.004685512050592406
13.98,900.0419887605028,0.12356147911164286,0.0,0.2,0.2,20.249999999999996,0.8,0.8,900.0,0.003,0.0,20,0.5,0.018660403,0.00468551067695462
13.983,900.041988748363,0.1234155670945876,0.0,0.2,0.2,20.249999999999996,0.8,0.8,900.0,0.003,0.0,20,0.5,0.019815011,0.004685509027210821
13.986,900.041988733719,0.12326445874022052,0.0,0.2,0.2,20.249999999999996,0.8,0.8,900.0,0.003,0.0,20,0.5,0.021604133,0.004685507129785354
13.989,900.0419887168174,0.12310832982240683,0.0,0.2,0.2,20.249999999999996,0.8,0.8,900.0,0.003,0.0,20,0.5,0.0195453,0.004685505008287135
13.992,900.0419886978751,0.12294735979381208,0.0,0.2,0.2,20.249999999999996,0.8,0.8,900.0,0.003,0.0,20,0.5,0.018715324,0.004685502680412191
13.995000000000001,900.0419886770474,0.1227817315694012,0.0,0.2,0.2,20.249999999999996,0.8,0.8,900.0,0.003,0.0,20,0.5,0.021848615,0.004685500157013746
13.998000000000001,900.0419886544416,0.12261163131144676,0.0,0.2,0.2,20.249999999999996,0.8,0.8,900.0,0.003,0.0,20,0.5,0.019209827,0.004685497444614445
14.001,900.0419886302196,0.12243724678594668,0.0,0.2,0.2,20.249999999999996,0.8,0.8,900.0,0.003,0.0,20,0.5,0.018551892,0.004685494563174096
14.004,900.0419886044868,0.12225876034641937,0.0,0.2,0.2,20.249999999999996,0.8,0.8,900.0,0.003,0.0,20,0.5,0.021971625,0.004685491516438733
14.007,900.0419885772396,0.122076355292417,0.0,0.2,0.2,20.249999999999996,0.8,0.8,900.0,0.003,0.0,20,0.5,0.018838855,0.004685488297356788
14.01,900.0419885484114,0.12189021778307502,0.0,0.2,0.2,20.249999999999996,0.8,0.8,900.0,0.003,0.0,20,0.5,0.018602682,0.00468548489511968
14.013,900.0419885179135,0.12170053669609608,0.0,0.2,0.2,20.249999999999996,0.8,0.8,900.0,0.003,0.0,20,0.5,0.021877984,0.004685481296224447
14.016,900.0419884856225,0.12150750330474246,0.0,0.2,0.2,20.249999999999996,0.8,0.8,900.0,0.003,0.0,20,0.5,0.018742724,0.004685477484450691
14.019,900.0419884513905,0.12131131110081587,0.0,0.2,0.2,20.249999999999996,0.8,0.8,900.0,0.003,0.0,20,0.5,0.018626883,0.004685473441992542
14.022,900.0419884150629,0.12111215555174125,0.0,0.2,0.2,20.249999999999996,0.8,0.8,900.0,0.003,0.0,20,0.5,0.022083296,0.004685469151896007
14.025,900.0419883765059,0.1209102336838171,0.0,0.2,0.2,20.249999999999996,0.8,0.8,900.0,0.003,0.0,20,0.5,0.018629363,0.004685464605158756
14.028,900.0419883356755,0.12070574180693029,0.0,0.2,0.2,20.249999999999996,0.8,0.8,900.0,0.003,0.0,20,0.5,0.018445302,0.004685459804457724
14.031,900.0419882925412,0.12049887417887054,0.0,0.2,0.2,20.249999999999996,0.8,0.8,900.0,0.003,0.0,20,0.5,0.02263159,0.0046854547469412245
14.034,900.0419882470812,0.1202898261369189,0.0,0.2,0.2,20.249999999999996,0.8,0.8,900.0,0.003,0.0,20,0.5,0.018453152,0.004685449432495212
14.037,900.04198819929,0.12007879386520398,0.0,0.2,0.2,20.249999999999996,0.8,0.8,900.0,0.003,0.0,20,0.5,0.018734513,0.004685443863968826
14.040000000000001,900.0419881491968,0.11986597426682097,0.0,0.2,0.2,20.249999999999996,0.8,0.8,900.0,0.003,0.0,20,0.5,0.022027805,0.004685438046885884
14.043000000000001,900.0419880968506,0.11965156469205623,0.0,0.2,0.2,20.249999999999996,0.8,0.8,900.0,0.003,0.0,20,0.5,0.018596973,0.004685431988618552
14.046000000000001,900.0419880423245,0.11943576267745203,0.0,0.2,0.2,20.249999999999996,0.8,0.8,900.0,0.003,0.0,20,0.5,0.018943935,0.004685425697398799
14.049,900.0419879856828,0.11921876574160917,0.0,0.2,0.2,20.249999999999996,0.8,0.8,900.0,0.003,0.0,20,0.5,0.021477532,0.004685419182560965
14.052,900.0419879270748,0.11900077084787408,0.0,0.2,0.2,20.249999999999996,0.8,0.8,900.0,0.003,0.0,20,0.5,0.018505043,0.004685412470003519
14.055,900.041987866714,0.11878196931626714,0.0,0.2,0.2,20.249999999999996,0.8,0.8,900.0,0.003,0.0,20,0.5,0.018807845,0.004685405583424246
14.058,900.0419878047759,0.11856254974802238,0.0,0.2,0.2,20.249999999999996,0.8,0.8,900.0,0.003,0.0,20,0.5,0.021911865,0.00468539853789454
14.061,900.0419877414364,0.1183426989703735,0.0,0.2,0.2,20.249999999999996,0.8,0.8,900.0,0.003,0.0,20,0.5,0.019170207,0.004685391353305325
14.064,900.0419876768425,0.11812259832920424,0.0,0.2,0.2,20.249999999999996,0.8,0.8,900.0,0.003,0.0,20,0.5,0.018887105,0.004685384039945108
14.067,900.0419876110788,0.11790242698139082,0.0,0.2,0.2,20.249999999999996,0.8,0.8,900.0,0.003,0.0,20,0.5,0.022234907,0.004685376600673157
14.07,900.0419875441726,0.11768236227238733,0.0,0.2,0.2,20.249999999999996,0.8,0.8,900.0,0.003,0.0,20,0.5,0.018937875,0.004685369033844182
14.073,900.041987476107,0.11746257954293486,0.0,0.2,0.2,20.249999999999996,0.8,0.8,900.0,0.003,0.0,20,0.5,0.018918185,0.004685361335279248
14.076,900.0419874068508,0.11724325200949784,0.0,0.2,0.2,20.249999999999996,0.8,0.8,900.0,0.003,0.0,20,0.5,0.022118416,0.004685353500479829
14.079,900.041987336361,0.11702455057010669,0.0,0.2,0.2,20.249999999999996,0.8,0.8,900.0,0.003,0.0,20,0.5,0.019053835,0.0046853455265215985
14.082,900.0419872646153,0.11680664358557553,0.0,0.2,0.2,20.249999999999996,0.8,0.8,900.0,0.003,0.0,20,0.5,0.018554643,0.004685337413535166
14.085,900.0419871916138,0.11658969666014145,0.0,0.2,0.2,20.249999999999996,0.8,0.8,900.0,0.003,0.0,20,0.5,0.021603943,0.004685329165807405
14.088000000000001,900.0419871173992,0.1163738724312181,0.0,0.2,0.2,20.249999999999996,0.8,0.8,900.0,0.003,0.0,20,0.5,0.018992776,0.004685320792433492
14.091000000000001,900.0419870420511,0.11615933037472818,0.0,0.2,0.2,20.249999999999996,0.8,0.8,900.0,0.003,0.0,20,0.5,0.018857905,0.004685312307526242
14.094,900.0419869656913,0.11594622662745312,0.0,0.2,0.2,20.249999999999996,0.8,0.8,900.0,0.003,0.0,20,0.5,0.021654623,0.0046853037272779246
14.097,900.0419868884662,0.11573471463492235,0.0,0.2,0.2,20.249999999999996,0.8,0.8,900.0,0.003,0.0,20,0.5,0.019323818,0.004685295070399385
14.1,900.0419868105533,0.11552494456056435,0.0,0.2,0.2,20.249999999999996,0.8,0.8,900.0,0.003,0.0,20,0.5,0.018946745,0.00468528635870905
14.103,900.0419867321723,0.11531706247717545,0.0,0.2,0.2,20.249999999999996,0.8,0.8,900.0,0.003,0.0,20,0.5,0.0226943,0.004685277625727819
14.106,900.0419866537159,0.11511120668001541,0.0,0.2,0.2,20.249999999999996,0.8,0.8,900.0,0.003,0.0,20,0.5,0.019062226,0.004685268929331096
14.109,900.0419865755916,0.11490750323466734,0.0,0.2,0.2,20.249999999999996,0.8,0.8,900.0,0.003,0.0,20,0.5,0.019114977,0.004685260302554581
14.112,900.0419864980906,0.11470607366849246,0.0,0.2,0.2,20.249999999999996,0.8,0.8,900.0,0.003,0.0,20,0.5,0.021452841,0.004685251769350945
14.115,900.0419864214305,0.11450703510660427,0.0,0.2,0.2,20.249999999999996,0.8,0.8,900.0,0.003,0.0,20,0.5,0.018417781,0.0046852433477529995
14.118,900.0419863457738,0.11431050019726949,0.0,0.2,0.2,20.249999999999996,0.8,0.8,900.0,0.003,0.0,20,0.5,0.018831724,0.004685235049373633
14.121,900.0419862712264,0.11411657700687415,0.0,0.2,0.2,20.249999999999996,0.8,0.8,900.0,0.003,0.0,20,0.5,0.02267158,0.004685226879092459
14.124,900.041986197829,0.11392536892634965,0.0,0.2,0.2,20.249999999999996,0.8,0.8,900.0,0.003,0.0,20,0.5,0.018853235,0.0046852188361105555
14.127,900.0419861255746,0.11373697458387845,0.0,0.2,0.2,20.249999999999996,0.8,0.8,900.0,0.003,0.0,20,0.5,0.019076606,0.004685210915966259
14.13,900.041986054431,0.11355148776648867,0.0,0.2,0.2,20.249999999999996,0.8,0.8,900.0,0.003,0.0,20,0.5,0.021955126,0.004685203113178751
14.133000000000001,900.04198598437,0.11336899718506496,0.0,0.2,0.2,20.249999999999996,0.8,0.8,900.0,0.003,0.0,20,0.5,0.018670714,0.004685195429303692
14.136000000000001,900.0419859153941,0.11318958417102357,0.0,0.2,0.2,20.249999999999996,0.8,0.8,900.0,0.003,0.0,20,0.5,0.018865025,0.004685187869676852
14.139000000000001,900.0419858475436,0.1130133241637239,0.0,0.2,0.2,20.249999999999996,0.8,0.8,900.0,0.003,0.0,20,0.5,0.022377808,0.004685180442358259
14.142,900.0419857808849,0.11284028757419773,0.0,0.2,0.2,20.249999999999996,0.8,0.8,900.0,0.003,0.0,20,0.5,0.019150217,0.004685173158998373
14.145,900.0419857155281,0.11267053975413008,0.0,0.2,0.2,20.249999999999996,0.8,0.8,900.0,0.003,0.0,20,0.5,0.019011556,0.004685166033685955
14.148,900.0419856516008,0.11250414099042491,0.0,0.2,0.2,20.249999999999996,0.8,0.8,900.0,0.003,0.0,20,0.5,0.021880705,0.004685159081859276
14.151,900.0419855892384,0.11234114647508742,0.0,0.2,0.2,20.249999999999996,0.8,0.8,900.0,0.003,0.0,20,0.5,0.018806954,0.0046851523191825655
14.154,900.041985528582,0.11218160630070333,0.0,0.2,0.2,20.249999999999996,0.8,0.8,900.0,0.003,0.0,20,0.5,0.018820925,0.004685145760421831
14.157,900.0419854697745,0.11202556546772578,0.0,0.2,0.2,20.249999999999996,0.8,0.8,900.0,0.003,0.0,20,0.5,0.022026166,0.004685139421602062
14.16,900.0419854129607,0.11187306276418442,0.0,0.2,0.2,20.249999999999996,0.8,0.8,900.0,0.003,0.0,20,0.5,0.018735114,0.00468513331480231
14.163,900.0419853582423,0.11172413146860066,0.0,0.2,0.2,20.249999999999996,0.8,0.8,900.0,0.003,0.0,20,0.5,0.018773764,0.004685127448715113
14.166,900.0419853057019,0.11157879928313338,0.0,0.2,0.2,20.249999999999996,0.8,0.8,900.0,0.003,0.0,20,0.5,0.023288054,0.004685121834585281
14.169,900.0419852554373,0.11143708747011316,0.0,0.2,0.2,20.249999999999996,0.8,0.8,900.0,0.003,0.0,20,0.5,0.018588533,0.004685116478282191
14.172,900.0419852074976,0.11129901220744068,0.0,0.2,0.2,20.249999999999996,0.8,0.8,900.0,0.003,0.0,20,0.5,0.018975696,0.00468511138151805
14.175,900.0419851618952,0.11116458426108418,0.0,0.2,0.2,20.249999999999996,0.8,0.8,900.0,0.003,0.0,20,0.5,0.022004885,0.004685106540818094
14.178,900.0419851185998,0.1110338098122684,0.0,0.2,0.2,20.249999999999996,0.8,0.8,900.0,0.003,0.0,20,0.5,0.018631233,0.004685101949142193
14.181000000000001,900.0419850775415,0.11090669047390962,0.0,0.2,0.2,20.249999999999996,0.8,0.8,900.0,0.003,0.0,20,0.5,0.019903541,0.004685097596728781
14.184000000000001,900.0419850386429,0.11078322333148284,0.0,0.2,0.2,20.249999999999996,0.8,0.8,900.0,0.003,0.0,20,0.5,0.021444022,0.0046850934718306895
14.187000000000001,900.0419850017879,0.11066340103261882,0.0,0.2,0.2,20.249999999999996,0.8,0.8,900.0,0.003,0.0,20,0.5,0.019114546,0.004685089561443032
14.19,900.0419849668672,0.11054721196156375,0.0,0.2,0.2,20.249999999999996,0.8,0.8,900.0,0.003,0.0,20,0.5,0.019384508,0.004685085852411364
14.193,900.0419849337576,0.11043464036887551,0.0,0.2,0.2,20.249999999999996,0.8,0.8,900.0,0.003,0.0,20,0.5,0.022147946,0.004685082332351887
14.196,900.0419849023496,0.11032566650045522,0.0,0.2,0.2,20.249999999999996,0.8,0.8,900.0,0.003,0.0,20,0.5,0.019224417,0.004685078991467102
14.199,900.0419848725785,0.11022026610225143,0.0,0.2,0.2,20.249999999999996,0.8,0.8,900.0,0.003,0.0,20,0.5,0.019059736,0.004685075825733307
14.202,900.041984844384,0.11011840925887152,0.0,0.2,0.2,20.249999999999996,0.8,0.8,900.0,0.003,0.0,20,0.5,0.021782404,0.004685072829832928
14.205,900.0419848177158,0.11002006238638576,0.0,0.2,0.2,20.249999999999996,0.8,0.8,900.0,0.003,0.0,20,0.5,0.018708344,0.004685069998724778
14.208,900.041984792528,0.10992518849454856,0.0,0.2,0.2,20.249999999999996,0.8,0.8,900.0,0.003,0.0,20,0.5,0.019215547,0.004685067327790056
14.211,900.0419847687791,0.10983374733084536,0.0,0.2,0.2,20.249999999999996,0.8,0.8,900.0,0.003,0.0,20,0.5,0.023053342,0.004685064812398844
14.214,900.0419847464264,0.10974569556036785,0.0,0.2,0.2,20.249999999999996,0.8,0.8,900.0,0.003,0.0,20,0.5,0.018737614,0.004685062447475866
14.217,900.0419847254215,0.10966098693602315,0.0,0.2,0.2,20.249999999999996,0.8,0.8,900.0,0.003,0.0,20,0.5,0.018832304,0.004685060227265844
14.22,900.0419847057173,0.10957957248295701,0.0,0.2,0.2,20.249999999999996,0.8,0.8,900.0,0.003,0.0,20,0.5,0.021739324,0.0046850581452440735
14.223,900.0419846872495,0.10950140059701814,0.0,0.2,0.2,20.249999999999996,0.8,0.8,900.0,0.003,0.0,20,0.5,0.019085027,0.004685056193697528
14.226,900.0419846699464,0.10942641727763909,0.0,0.2,0.2,20.249999999999996,0.8,0.8,900.0,0.003,0.0,20,0.5,0.019048916,0.004685054363666543
14.229000000000001,900.0419846537311,0.10935456631624393,0.0,0.2,0.2,20.249999999999996,0.8,0.8,900.0,0.003,0.0,20,0.5,0.021799144,0.0046850526449035675
14.232000000000001,900.041984638509,0.1092857895712387,0.0,0.2,0.2,20.249999999999996,0.8,0.8,900.0,0.003,0.0,20,0.5,0.019393388,0.0046850510263997894
14.235,900.0419846241813,0.1092200271333161,0.0,0.2,0.2,20.249999999999996,0.8,0.8,900.0,0.003,0.0,20,0.5,0.018765925,0.004685049497365072
14.238,900.0419846106486,0.10915721741176537,0.0,0.2,0.2,20.249999999999996,0.8,0.8,900.0,0.003,0.0,20,0.5,0.022493609,0.004685048047144278
14.241,900.0419845978502,0.10909729734966968,0.0,0.2,0.2,20.249999999999996,0.8,0.8,900.0,0.003,0.0,20,0.5,0.019077456,0.00468504667587207
14.244,900.0419845858661,0.10904019747203111,0.0,0.2,0.2,20.249999999999996,0.8,0.8,900.0,0.003,0.0,20,0.5,0.018612513,0.004685045399173917
14.247,900.0419845747227,0.10898583933829618,0.0,0.2,0.2,20.249999999999996,0.8,0.8,900.0,0.003,0.0,20,0.5,0.022329488,0.004685044221510984
14.25,900.0419845644566,0.10893414371385506,0.0,0.2,0.2,20.249999999999996,0.8,0.8,900.0,0.003,0.0,20,0.5,0.018676284,0.004685043151603083
14.253,900.041984555161,0.10888503052741505,0.0,0.2,0.2,20.249999999999996,0.8,0.8,900.0,0.003,0.0,20,0.5,0.019265917,0.004685042204578744
14.256,900.0419845470028,0.1088384181265804,0.0,0.2,0.2,20.249999999999996,0.8,0.8,900.0,0.003,0.0,20,0.5,0.022455798,0.004685041408385592
14.259,900.04198454023,0.10879422098449924,0.0,0.2,0.2,20.249999999999996,0.8,0.8,900.0,0.003,0.0,20,0.5,0.019333317,0.004685040786243878
14.262,900.041984535066,0.10875234981699572,0.0,0.2,0.2,20.249999999999996,0.8,0.8,900.0,0.003,0.0,20,0.5,0.018793144,0.004685040355742935
14.265,900.0419845316753,0.10871270957226492,0.0,0.2,0.2,20.249999999999996,0.8,0.8,900.0,0.003,0.0,20,0.5,0.022152887,0.004685040121768648
14.268,900.0419845300406,0.10867520096382519,0.0,0.2,0.2,20.249999999999996,0.8,0.8,900.0,0.003,0.0,20,0.5,0.019454069,0.0046850400684311025
14.271,900.0419845300215,0.10863972396952212,0.0,0.2,0.2,20.249999999999996,0.8,0.8,900.0,0.003,0.0,20,0.5,0.018812925,0.004685040170183414
14.274000000000001,900.0419845314008,0.10860617787192631,0.0,0.2,0.2,20.249999999999996,0.8,0.8,900.0,0.003,0.0,20,0.5,0.022072446,0.004685040396679055
14.277000000000001,900.0419845338873,0.10857446087399047,0.0,0.2,0.2,20.249999999999996,0.8,0.8,900.0,0.003,0.0,20,0.5,0.01959236,0.004685040708026417
14.280000000000001,900.0419845371177,0.10854447184546571,0.0,0.2,0.2,20.249999999999996,0.8,0.8,900.0,0.003,0.0,20,0.5,0.018834355,0.004685041059352847
14.283,900.04198454069,0.10851611068675208,0.0,0.2,0.2,20.249999999999996,0.8,0.8,900.0,0.003,0.0,20,0.5,0.022231387,0.0046850414059966695
14.286,900.0419845442013,0.10848927852353778,0.0,0.2,0.2,20.249999999999996,0.8,0.8,900.0,0.003,0.0,20,0.5,0.01962592,0.004685041707929152
14.289,900.0419845472961,0.10846387789927936,0.0,0.2,0.2,20.249999999999996,0.8,0.8,900.0,0.003,0.0,20,0.5,0.018779775,0.0046850419330036995
14.292,900.0419845496817,0.10843981296270783,0.0,0.2,0.2,20.249999999999996,0.8,0.8,900.0,0.003,0.0,20,0.5,0.022174257,0.004685042059030771
14.295,900.0419845511628,0.10841698965125561,0.0,0.2,0.2,20.249999999999996,0.8,0.8,900.0,0.003,0.0,20,0.5,0.019140696,0.004685042074652814
14.298,900.0419845516329,0.10839531587067186,0.0,0.2,0.2,20.249999999999996,0.8,0.8,900.0,0.003,0.0,20,0.5,0.018777754,0.004685041979097766
14.301,900.0419845510855,0.1083747016707086,0.0,0.2,0.2,20.249999999999996,0.8,0.8,900.0,0.003,0.0,20,0.5,0.022012476,0.004685041780903746
14.304,900.0419845495968,0.10835505941671283,0.0,0.2,0.2,20.249999999999996,0.8,0.8,900.0,0.003,0.0,20,0.5,0.018708864,0.004685041495849083
14.307,900.0419845473093,0.1083363039549372,0.0,0.2,0.2,20.249999999999996,0.8,0.8,900.0,0.003,0.0,20,0.5,0.019128846,0.004685041144398806
14.31,900.0419845444012,0.10831835277165304,0.0,0.2,0.2,20.249999999999996,0.8,0.8,900.0,0.003,0.0,20,0.5,0.022368208,0.004685040748954879
14.313,900.0419845410755,0.10830112615979565,0.0,0.2,0.2,20.249999999999996,0.8,0.8,900.0,0.003,0.0,20,0.5,0.018785144,0.004685040331304264
14.316,900.0419845375295,0.10828454736757702,0.0,0.2,0.2,20.249999999999996,0.8,0.8,900.0,0.003,0.0,20,0.5,0.018797694,0.004685039910854177
14.319,900.0419845339484,0.10826854253370459,0.0,0.2,0.2,20.249999999999996,0.8,0.8,900.0,0.003,0.0,20,0.5,0.022384527,0.004685039507665637
14.322000000000001,900.0419845305057,0.10825303893862719,0.0,0.2,0.2,20.249999999999996,0.8,0.8,900.0,0.003,0.0,20,0.5,0.018888154,0.004685039133905156
14.325000000000001,900.0419845273046,0.10823796662473568,0.0,0.2,0.2,20.249999999999996,0.8,0.8,900.0,0.003,0.0,20,0.5,0.018968135,0.004685038792515101
14.328000000000001,900.0419845243778,0.10822325902583227,0.0,0.2,0.2,20.249999999999996,0.8,0.8,900.0,0.003,0.0,20,0.5,0.021978036,0.004685038482730116
14.331,900.041984521709,0.10820885226749419,0.0,0.2,0.2,20.249999999999996,0.8,0.8,900.0,0.003,0.0,20,0.5,0.018954825,0.0046850381974915525
14.334,900.0419845192367,0.10819468592786244,0.0,0.2,0.2,20.249999999999996,0.8,0.8,900.0,0.003,0.0,20,0.5,0.018496902,0.004685037927251358
14.337,900.0419845169555,0.10818070258055133,0.0,0.2,0.2,20.249999999999996,0.8,0.8,900.0,0.003,0.0,20,0.5,0.022477438,0.004685037677789425
14.34,900.0419845148618,0.10816684281980804,0.0,0.2,0.2,20.249999999999996,0.8,0.8,900.0,0.003,0.0,20,0.5,0.018637843,0.004685037445307102
14.343,900.0419845128927,0.1081530500193255,0.0,0.2,0.2,20.249999999999996,0.8,0.8,900.0,0.003,0.0,20,0.5,0.019097456,0.00468503722222625
14.346,900.0419845109935,0.10813927166794869,0.0,0.2,0.2,20.249999999999996,0.8,0.8,900.0,0.003,0.0,20,0.5,0.022293177,0.0046850370070432275
14.349,900.0419845091412,0.10812545841242772,0.0,0.2,0.2,20.249999999999996,0.8,0.8,900.0,0.003,0.0,20,0.5,0.019124816,0.004685036801103427
14.352,900.0419845073482,0.10811156496499295,0.0,0.2,0.2,20.249999999999996,0.8,0.8,900.0,0.003,0.0,20,0.5,0.018844655,0.004685036607129231
14.355,900.0419845056311,0.10809755056410376,0.0,0.2,0.2,20.249999999999996,0.8,0.8,900.0,0.003,0.0,20,0.5,0.021592693,0.0046850364278561134
14.358,900.0419845040149,0.1080833792744377,0.0,0.2,0.2,20.249999999999996,0.8,0.8,900.0,0.003,0.0,20,0.5,0.019766041,0.004685036267546325
14.361,900.0419845025419,0.10806901979344741,0.0,0.2,0.2,20.249999999999996,0.8,0.8,900.0,0.003,0.0,20,0.5,0.019061976,0.0046850361316125065
14.364,900.0419845012619,0.10805444547955188,0.0,0.2,0.2,20.249999999999996,0.8,0.8,900.0,0.003,0.0,20,0.5,0.022340398,0.004685036026039297
14.367,900.0419845002284,0.10803963439214576,0.0,0.2,0.2,20.249999999999996,0.8,0.8,900.0,0.003,0.0,20,0.5,0.019119607,0.004685035958398275
14.370000000000001,900.0419844995404,0.10802456871686342,0.0,0.2,0.2,20.249999999999996,0.8,0.8,900.0,0.003,0.0,20,0.5,0.018950585,0.0046850359429084516
14.373000000000001,900.0419844992983,0.10800923298830589,0.0,0.2,0.2,20.249999999999996,0.8,0.8,900.0,0.003,0.0,20,0.5,0.021658323,0.0046850359883664535
14.376,900.0419844995724,0.10799361622513741,0.0,0.2,0.2,20.249999999999996,0.8,0.8,900.0,0.003,0.0,20,0.5,0.019424329,0.004685036101031544
14.379,900.0419845004238,0.10797771227861945,0.0,0.2,0.2,20.249999999999996,0.8,0.8,900.0,0.003,0.0,20,0.5,0.019577549,0.0046850362851553595
14.382,900.0419845018895,0.10796151984506315,0.0,0.2,0.2,20.249999999999996,0.8,0.8,900.0,0.003,0.0,20,0.5,0.022035965,0.004685036542450878
14.385,900.0419845039828,0.10794504245779074,0.0,0.2,0.2,20.249999999999996,0.8,0.8,900.0,0.003,0.0,20,0.5,0.019257787,0.00468503687185734
14.388,900.0419845066957,0.1079282884805617,0.0,0.2,0.2,20.249999999999996,0.8,0.8,900.0,0.003,0.0,20,0.5,0.018877694,0.004685037269757652
14.391,900.0419845100064,0.10791127109292321,0.0,0.2,0.2,20.249999999999996,0.8,0.8,900.0,0.003,0.0,20,0.5,0.022271907,0.0046850377357452065
14.394,900.0419845139284,0.1078940068154155,0.0,0.2,0.2,20.249999999999996,0.8,0.8,900.0,0.003,0.0,20,0.5,0.019169817,0.004685038274061338
14.397,900.0419845184748,0.10787651503713509,0.0,0.2,0.2,20.249999999999996,0.8,0.8,900.0,0.003,0.0,20,0.5,0.018967335,0.004685038882483566
14.4,900.0419845236245,0.10785881974499015,0.0,0.2,0.2,20.249999999999996,0.8,0.8,900.0,0.003,0.0,20,0.5,0.022259467,0.004685039556276381
14.403,900.0419845293357,0.10784094942915659,0.0,0.2,0.2,20.249999999999996,0.8,0.8,900.0,0.003,0.0,20,0.5,0.018877445,0.004685040288835205
14.406,900.0419845355481,0.1078229370993704,0.0,0.2,0.2,20.249999999999996,0.8,0.8,900.0,0.003,0.0,20,0.5,0.019216437,0.00468504107205135
14.409,900.0419845421917,0.10780482022391849,0.0,0.2,0.2,20.249999999999996,0.8,0.8,900.0,0.003,0.0,20,0.5,0.021649123,0.004685041896755151
14.412,900.0419845491824,0.10778664067924852,0.0,0.2,0.2,20.249999999999996,0.8,0.8,900.0,0.003,0.0,20,0.5,0.018676443,0.0046850427534234265
14.415000000000001,900.041984556438,0.10776844469378302,0.0,0.2,0.2,20.249999999999996,0.8,0.8,900.0,0.003,0.0,20,0.5,0.018619193,0.004685043632849195
14.418000000000001,900.0419845638727,0.10775028279524289,0.0,0.2,0.2,20.249999999999996,0.8,0.8,900.0,0.003,0.0,20,0.5,0.022114716,0.004685044526690041
14.421000000000001,900.0419845714111,0.10773220973235674,0.0,0.2,0.2,20.249999999999996,0.8,0.8,900.0,0.003,0.0,20,0.5,0.018913785,0.004685045427918699
14.424,900.0419845790163,0.10771428432936594,0.0,0.2,0.2,20.249999999999996,0.8,0.8,900.0,0.003,0.0,20,0.5,0.018720003,0.004685046334870486
14.427,900.0419845866631,0.107696567320056,0.0,0.2,0.2,20.249999999999996,0.8,0.8,900.0,0.003,0.0,20,0.5,0.021933295,0.004685047245858981
14.43,900.0419845943627,0.10767912181872263,0.0,0.2,0.2,20.249999999999996,0.8,0.8,900.0,0.003,0.0,20,0.5,0.018749554,0.004685048164003586
14.433,900.041984602121,0.10766201098786474,0.0,0.2,0.2,20.249999999999996,0.8,0.8,900.0,0.003,0.0,20,0.5,0.019092806,0.004685049088295003
14.436,900.0419846099231,0.1076453005190409,0.0,0.2,0.2,20.249999999999996,0.8,0.8,900.0,0.003,0.0,20,0.5,0.022631849,0.0046850500132343265
14.439,900.0419846177133,0.10762905891701391,0.0,0.2,0.2,20.249999999999996,0.8,0.8,900.0,0.003,0.0,20,0.5,0.018980015,0.004685050928958389
14.442,900.0419846253988,0.10761335796729561,0.0,0.2,0.2,20.249999999999996,0.8,0.8,900.0,0.003,0.0,20,0.5,0.018431061,0.004685051822440122
14.445,900.0419846328639,0.10759827283022685,0.0,0.2,0.2,20.249999999999996,0.8,0.8,900.0,0.003,0.0,20,0.5,0.021631482,0.004685052678684896
14.448,900.0419846399776,0.10758388193711713,0.0,0.2,0.2,20.249999999999996,0.8,0.8,900.0,0.003,0.0,20,0.5,0.01827649,0.00468505348321769
14.451,900.0419846466868,0.10757026595939302,0.0,0.2,0.2,20.249999999999996,0.8,0.8,900.0,0.003,0.0,20,0.5,0.018619513,0.004685054229638634
14.454,900.0419846528815,0.10755750349029569,0.0,0.2,0.2,20.249999999999996,0.8,0.8,900.0,0.003,0.0,20,0.5,0.021631643,0.0046850549109701085
14.457,900.0419846585722,0.10754567279581767,0.0,0.2,0.2,20.249999999999996,0.8,0.8,900.0,0.003,0.0,20,0.5,0.018896274,0.004685055556778206
14.46,900.0419846639732,0.10753484597752723,0.0,0.2,0.2,20.249999999999996,0.8,0.8,900.0,0.003,0.0,20,0.5,0.018633233,0.004685056205254579
14.463000000000001,900.0419846694624,0.10752509330039788,0.0,0.2,0.2,20.249999999999996,0.8,0.8,900.0,0.003,0.0,20,0.5,0.021958395,0.004685056908655088
14.466000000000001,900.0419846754762,0.10751647836068202,0.0,0.2,0.2,20.249999999999996,0.8,0.8,900.0,0.003,0.0,20,0.5,0.018587783,0.004685057708834483
14.469,900.0419846823451,0.10750906351248216,0.0,0.2,0.2,20.249999999999996,0.8,0.8,900.0,0.003,0.0,20,0.5,0.019363188,0.004685058628567015
14.472,900.0419846902711,0.10750291290668293,0.0,0.2,0.2,20.249999999999996,0.8,0.8,900.0,0.003,0.0,20,0.5,0.022061776,0.004685059673840896
14.475,900.0419846993041,0.10749809273515241,0.0,0.2,0.2,20.249999999999996,0.8,0.8,900.0,0.003,0.0,20,0.5,0.018761853,0.004685060834061088
14.478,900.0419847093641,0.1074946711096073,0.0,0.2,0.2,20.249999999999996,0.8,0.8,900.0,0.003,0.0,20,0.5,0.018990635,0.004685062087248077
14.481,900.0419847203613,0.10749271550554884,0.0,0.2,0.2,20.249999999999996,0.8,0.8,900.0,0.003,0.0,20,0.5,0.022333317,0.004685063413141589
14.484,900.0419847320125,0.10749228520920517,0.0,0.2,0.2,20.249999999999996,0.8,0.8,900.0,0.003,0.0,20,0.5,0.019009775,0.004685064770438497
14.487,900.0419847439344,0.10749344008787147,0.0,0.2,0.2,20.249999999999996,0.8,0.8,900.0,0.003,0.0,20,0.5,0.018978305,0.00468506612038675
14.49,900.0419847557774,0.10749624142151434,0.0,0.2,0.2,20.249999999999996,0.8,0.8,900.0,0.003,0.0,20,0.5,0.022071165,0.004685067429989172
14.493,900.0419847672439,0.10750075206708382,0.0,0.2,0.2,20.249999999999996,0.8,0.8,900.0,0.003,0.0,20,0.5,0.018698733,0.0046850686725987065
14.496,900.041984778107,0.10750703622391941,0.0,0.2,0.2,20.249999999999996,0.8,0.8,900.0,0.003,0.0,20,0.5,0.018806494,0.00468506982954071
14.499,900.0419847882042,0.10751515897663691,0.0,0.2,0.2,20.249999999999996,0.8,0.8,900.0,0.003,0.0,20,0.5,0.022355128,0.004685070896366666
14.502,900.041984797668,0.10752518397901306,0.0,0.2,0.2,20.249999999999996,0.8,0.8,900.0,0.003,0.0,20,0.5,0.019088146,0.004685071943762101
14.505,900.0419848070366,0.10753715778550985,0.0,0.2,0.2,20.249999999999996,0.8,0.8,900.0,0.003,0.0,20,0.5,0.018672903,0.004685073032947226
14.508000000000001,900.0419848168624,0.10755112125377407,0.0,0.2,0.2,20.249999999999996,0.8,0.8,900.0,0.003,0.0,20,0.5,0.021871734,0.004685074224309012
14.511000000000001,900.0419848276241,0.10756710582963239,0.0,0.2,0.2,20.249999999999996,0.8,0.8,900.0,0.003,0.0,20,0.5,0.018879205,0.004685075554103847
14.514000000000001,900.0419848396205,0.1075851416418474,0.0,0.2,0.2,20.249999999999996,0.8,0.8,900.0,0.003,0.0,20,0.5,0.018570252,0.004685077033515968
14.517,900.0419848529472,0.10760525904943803,0.0,0.2,0.2,20.249999999999996,0.8,0.8,900.0,0.003,0.0,20,0.5,0.021992395,0.004685078652350147
14.52,900.0419848675161,0.10762748858100266,0.0,0.2,0.2,20.249999999999996,0.8,0.8,900.0,0.003,0.0,20,0.5,0.018860455,0.004685080381995019
14.523,900.0419848830762,0.10765186058669035,0.0,0.2,0.2,20.249999999999996,0.8,0.8,900.0,0.003,0.0,20,0.5,0.018457712,0.00468508217972728
14.526,900.0419848992382,0.10767840498651159,0.0,0.2,0.2,20.249999999999996,0.8,0.8,900.0,0.003,0.0,20,0.5,0.022435528,0.004685083992388435
14.529,900.0419849155247,0.10770715153152217,0.0,0.2,0.2,20.249999999999996,0.8,0.8,900.0,0.003,0.0,20,0.5,0.018847725,0.0046850857640456135
14.532,900.0419849314371,0.10773812971830818,0.0,0.2,0.2,20.249999999999996,0.8,0.8,900.0,0.003,0.0,20,0.5,0.018673154,0.00468508744248348
14.535,900.0419849465123,0.10777136872376322,0.0,0.2,0.2,20.249999999999996,0.8,0.8,900.0,0.003,0.0,20,0.5,0.021996675,0.0046850889849228035
14.538,900.0419849603626,0.10780689722159671,0.0,0.2,0.2,20.249999999999996,0.8,0.8,900.0,0.003,0.0,20,0.5,0.018567462,0.004685090362211269
14.541,900.0419849727285,0.10784474313588634,0.0,0.2,0.2,20.249999999999996,0.8,0.8,900.0,0.003,0.0,20,0.5,0.018554962,0.004685091559063557
14.544,900.0419849834744,0.10788493385005138,0.0,0.2,0.2,20.249999999999996,0.8,0.8,900.0,0.003,0.0,20,0.5,0.022299707,0.004685092574692669
14.547,900.0419849925922,0.10792749613023804,0.0,0.2,0.2,20.249999999999996,0.8,0.8,900.0,0.003,0.0,20,0.5,0.018766274,0.004685093422450964
14.55,900.0419850002107,0.10797245583671922,0.0,0.2,0.2,20.249999999999996,0.8,0.8,900.0,0.003,0.0,20,0.5,0.019199137,0.004685094128720297
14.553,900.0419850065572,0.10801983750035529,0.0,0.2,0.2,20.249999999999996,0.8,0.8,900.0,0.003,0.0,20,0.5,0.022046976,0.004685094725800027
14.556000000000001,900.0419850119201,0.10806966481332583,0.0,0.2,0.2,20.249999999999996,0.8,0.8,900.0,0.003,0.0,20,0.5,0.018687903,0.0046850952488621846
14.559000000000001,900.0419850166162,0.10812196059078724,0.0,0.2,0.2,20.249999999999996,0.8,0.8,900.0,0.003,0.0,20,0.5,0.018859694,0.004685095732954979
14.562000000000001,900.0419850209612,0.108176746582195,0.0,0.2,0.2,20.249999999999996,0.8,0.8,900.0,0.003,0.0,20,0.5,0.021846524,0.004685096209060689
14.565,900.0419850252277,0.10823404352191697,0.0,0.2,0.2,20.249999999999996,0.8,0.8,900.0,0.003,0.0,20,0.5,0.018496502,0.00468509670149636
14.568,900.0419850296399,0.10829387111949908,0.0,0.2,0.2,20.249999999999996,0.8,0.8,900.0,0.003,0.0,20,0.5,0.019308648,0.004685097226530423
14.571,900.0419850343407,0.10835624798930361,0.0,0.2,0.2,20.249999999999996,0.8,0.8,900.0,0.003,0.0,20,0.5,0.02262782,0.004685097793013277
14.574,900.0419850394135,0.10842119127601012,0.0,0.2,0.2,20.249999999999996,0.8,0.8,900.0,0.003,0.0,20,0.5,0.018743864,0.004685098401743855
14.577,900.0419850448618,0.1084887166633678,0.0,0.2,0.2,20.249999999999996,0.8,0.8,900.0,0.003,0.0,20,0.5,0.018984365,0.00468509904535757
14.58,900.0419850506133,0.10855883860778884,0.0,0.2,0.2,20.249999999999996,0.8,0.8,900.0,0.003,0.0,20,0.5,0.021617673,0.004685099711319646
14.583,900.0419850565642,0.10863157033827381,0.0,0.2,0.2,20.249999999999996,0.8,0.8,900.0,0.003,0.0,20,0.5,0.018711534,0.00468510038456545
14.586,900.0419850625791,0.1087069238437801,0.0,0.2,0.2,20.249999999999996,0.8,0.8,900.0,0.003,0.0,20,0.5,0.018739854,0.004685101049282397
14.589,900.0419850685128,0.10878490982690309,0.0,0.2,0.2,20.249999999999996,0.8,0.8,900.0,0.003,0.0,20,0.5,0.021687313,0.0046851016906849586
14.592,900.0419850742344,0.10886553768970501,0.0,0.2,0.2,20.249999999999996,0.8,0.8,900.0,0.003,0.0,20,0.5,0.019286357,0.004685102296618684
14.595,900.0419850796362,0.10894881552718799,0.0,0.2,0.2,20.249999999999996,0.8,0.8,900.0,0.003,0.0,20,0.5,0.018577102,0.004685102858799683
14.598,900.0419850846426,0.10903475011800352,0.0,0.2,0.2,20.249999999999996,0.8,0.8,900.0,0.003,0.0,20,0.5,0.021946074,0.004685103373271109
14.601,900.0419850892179,0.10912334696161137,0.0,0.2,0.2,20.249999999999996,0.8,0.8,900.0,0.003,0.0,20,0.5,0.019272967,0.004685103840368482
14.604000000000001,900.0419850933671,0.1092146102736313,0.0,0.2,0.2,20.249999999999996,0.8,0.8,900.0,0.003,0.0,20,0.5,0.019191486,0.004685104264409147
14.607000000000001,900.0419850971281,0.10930854296327523,0.0,0.2,0.2,20.249999999999996,0.8,0.8,900.0,0.003,0.0,20,0.5,0.021847074,0.004685104652965154
14.61,900.0419851005694,0.10940514664316824,0.0,0.2,0.2,20.249999999999996,0.8,0.8,900.0,0.003,0.0,20,0.5,0.018621533,0.004685105015932431
14.613,900.0419851037788,0.10950442161806781,0.0,0.2,0.2,20.249999999999996,0.8,0.8,900.0,0.003,0.0,20,0.5,0.018563292,0.004685105365233482
14.616,900.0419851068692,0.10960636660345675,0.0,0.2,0.2,20.249999999999996,0.8,0.8,900.0,0.003,0.0,20,0.5,0.021937785,0.004685105713898824
14.619,900.041985109976,0.10971097839430713,0.0,0.2,0.2,20.249999999999996,0.8,0.8,900.0,0.003,0.0,20,0.5,0.019192277,0.00468510607768243
14.622,900.0419851132326,0.10981825047202128,0.0,0.2,0.2,20.249999999999996,0.8,0.8,900.0,0.003,0.0,20,0.5,0.018406312,0.004685106472506685
14.625,900.0419851167944,0.10992817281001228,0.0,0.2,0.2,20.249999999999996,0.8,0.8,900.0,0.003,0.0,20,0.5,0.021471702,0.004685106917707282
14.628,900.0419851208045,0.11004073182050694,0.0,0.2,0.2,20.249999999999996,0.8,0.8,900.0,0.003,0.0,20,0.5,0.019191826,0.004685107426157308
14.631,900.0419851253926,0.11015591251995206,0.0,0.2,0.2,20.249999999999996,0.8,0.8,900.0,0.003,0.0,20,0.5,0.019013496,0.004685108007132851
14.634,900.0419851306401,0.11027369717657684,0.0,0.2,0.2,20.249999999999996,0.8,0.8,900.0,0.003,0.0,20,0.5,0.021673383,0.00468510866291451
14.637,900.0419851365554,0.11039406626641111,0.0,0.2,0.2,20.249999999999996,0.8,0.8,900.0,0.003,0.0,20,0.5,0.018642503,0.004685109389204017
14.64,900.0419851431143,0.11051699912958501,0.0,0.2,0.2,20.249999999999996,0.8,0.8,900.0,0.003,0.0,20,0.5,0.018727113,0.004685110183717965
14.643,900.0419851503499,0.11064247139102064,0.0,0.2,0.2,20.249999999999996,0.8,0.8,900.0,0.003,0.0,20,0.5,0.022189036,0.004685111051758296
14.646,900.0419851582465,0.11077045279051054,0.0,0.2,0.2,20.249999999999996,0.8,0.8,900.0,0.003,0.0,20,0.5,0.018465222,0.004685111984016723
14.649000000000001,900.041985166715,0.11090091140686872,0.0,0.2,0.2,20.249999999999996,0.8,0.8,900.0,0.003,0.0,20,0.5,0.019119496,0.004685112964600572
14.652000000000001,900.0419851756131,0.11103381423685216,0.0,0.2,0.2,20.249999999999996,0.8,0.8,900.0,0.003,0.0,20,0.5,0.021893194,0.004685113975709362
14.655000000000001,900.0419851847939,0.11116912716419522,0.0,0.2,0.2,20.249999999999996,0.8,0.8,900.0,0.003,0.0,20,0.5,0.018725123,0.004685115000162823
14.658,900.041985194096,0.11130681432990314,0.0,0.2,0.2,20.249999999999996,0.8,0.8,900.0,0.003,0.0,20,0.5,0.019016245,0.004685116021027917
14.661,900.0419852033667,0.11144683840608582,0.0,0.2,0.2,20.249999999999996,0.8,0.8,900.0,0.003,0.0,20,0.5,0.022684779,0.004685117022747776
14.664,900.041985212502,0.11158916101552789,0.0,0.2,0.2,20.249999999999996,0.8,0.8,900.0,0.003,0.0,20,0.5,0.019165776,0.004685118001318184
14.667,900.0419852214714,0.11173373928488865,0.0,0.2,0.2,20.249999999999996,0.8,0.8,900.0,0.003,0.0,20,0.5,0.019280227,0.004685118956080913
14.67,900.0419852302402,0.11188052670943244,0.0,0.2,0.2,20.249999999999996,0.8,0.8,900.0,0.003,0.0,20,0.5,0.022345417,0.0046851198844234535
14.673,900.0419852387816,0.11202947446571702,0.0,0.2,0.2,20.249999999999996,0.8,0.8,900.0,0.003,0.0,20,0.5,0.018778874,0.004685120787542094
14.676,900.0419852470972,0.11218053255090045,0.0,0.2,0.2,20.249999999999996,0.8,0.8,900.0,0.003,0.0,20,0.5,0.018746003,0.004685121671072875
14.679,900.0419852552388,0.11233364998211581,0.0,0.2,0.2,20.249999999999996,0.8,0.8,900.0,0.003,0.0,20,0.5,0.021930095,0.004685122542577027
14.682,900.0419852632658,0.11248877506911588,0.0,0.2,0.2,20.249999999999996,0.8,0.8,900.0,0.003,0.0,20,0.5,0.018766733,0.004685123407908085
14.685,900.0419852712356,0.11264585569248407,0.0,0.2,0.2,20.249999999999996,0.8,0.8,900.0,0.003,0.0,20,0.5,0.019097856,0.004685124270363524
14.688,900.0419852791716,0.11280483938464853,0.0,0.2,0.2,20.249999999999996,0.8,0.8,900.0,0.003,0.0,20,0.5,0.022255236,0.004685125130588385
14.691,900.0419852870841,0.11296567341222401,0.0,0.2,0.2,20.249999999999996,0.8,0.8,900.0,0.003,0.0,20,0.5,0.019077396,0.004685125986910817
14.694,900.0419852949576,0.11312830485795435,0.0,0.2,0.2,20.249999999999996,0.8,0.8,900.0,0.003,0.0,20,0.5,0.018952905,0.004685126835783387
14.697000000000001,900.0419853027562,0.11329268070028743,0.0,0.2,0.2,20.249999999999996,0.8,0.8,900.0,0.003,0.0,20,0.5,0.022288647,0.004685127672233873
14.700000000000001,900.0419853104382,0.1134587478892247,0.0,0.2,0.2,20.249999999999996,0.8,0.8,900.0,0.003,0.0,20,0.5,0.018989816,0.004685128490331095
14.703000000000001,900.0419853179473,0.11362645343009127,0.0,0.2,0.2,20.249999999999996,0.8,0.8,900.0,0.003,0.0,20,0.5,0.019219547,0.004685129283743455
14.706,900.0419853252313,0.11379574443406641,0.0,0.2,0.2,20.249999999999996,0.8,0.8,900.0,0.003,0.0,20,0.5,0.021808834,0.004685130046206382
14.709,900.0419853322295,0.11396656820090827,0.0,0.2,0.2,20.249999999999996,0.8,0.8,900.0,0.003,0.0,20,0.5,0.018944885,0.004685130771865582
14.712,900.0419853388898,0.11413887233371843,0.0,0.2,0.2,20.249999999999996,0.8,0.8,900.0,0.003,0.0,20,0.5,0.019395738,0.004685131455655524
14.715,900.041985345169,0.11431260482390665,0.0,0.2,0.2,20.249999999999996,0.8,0.8,900.0,0.003,0.0,20,0.5,0.021846784,0.004685132094051907
14.718,900.0419853511094,0.11448771374778273,0.0,0.2,0.2,20.249999999999996,0.8,0.8,900.0,0.003,0.0,20,0.5,0.019068806,0.004685132699670992
14.721,900.0419853567879,0.11466414050731337,0.0,0.2,0.2,20.249999999999996,0.8,0.8,900.0,0.003,0.0,20,0.5,0.019129556,0.004685133280313241
14.724,900.041985362238,0.11484182458349437,0.0,0.2,0.2,20.249999999999996,0.8,0.8,900.0,0.003,0.0,20,0.5,0.021833124,0.00468513383906284
14.727,900.0419853674807,0.1150207061974388,0.0,0.2,0.2,20.249999999999996,0.8,0.8,900.0,0.003,0.0,20,0.5,0.018863535,0.0046851343803215265
14.73,900.0419853725635,0.11520072638856522,0.0,0.2,0.2,20.249999999999996,0.8,0.8,900.0,0.003,0.0,20,0.5,0.018877475,0.004685134907705677
14.733,900.0419853775069,0.11538182696760149,0.0,0.2,0.2,20.249999999999996,0.8,0.8,900.0,0.003,0.0,20,0.5,0.021825834,0.004685135422640029
14.736,900.0419853823324,0.1155639506693716,0.0,0.2,0.2,20.249999999999996,0.8,0.8,900.0,0.003,0.0,20,0.5,0.018832964,0.004685135924355176
14.739,900.0419853870297,0.1157470411743275,0.0,0.2,0.2,20.249999999999996,0.8,0.8,900.0,0.003,0.0,20,0.5,0.018649844,0.00468513641086334
14.742,900.0419853915816,0.11593104293205093,0.0,0.2,0.2,20.249999999999996,0.8,0.8,900.0,0.003,0.0,20,0.5,0.021876265,0.004685136878241142
14.745000000000001,900.0419853959564,0.11611590144815162,0.0,0.2,0.2,20.249999999999996,0.8,0.8,900.0,0.003,0.0,20,0.5,0.019178746,0.00468513732117528
14.748000000000001,900.0419854001004,0.11630156336103252,0.0,0.2,0.2,20.249999999999996,0.8,0.8,900.0,0.003,0.0,20,0.5,0.018437082,0.004685137733137835
14.751,900.041985403962,0.11648797662094935,0.0,0.2,0.2,20.249999999999996,0.8,0.8,900.0,0.003,0.0,20,0.5,0.022383728,0.0046851381110930325
14.754,900.0419854075242,0.11667508941848763,0.0,0.2,0.2,20.249999999999996,0.8,0.8,900.0,0.003,0.0,20,0.5,0.019046476,0.004685138457689459
14.757,900.0419854107987,0.116862850067338,0.0,0.2,0.2,20.249999999999996,0.8,0.8,900.0,0.003,0.0,20,0.5,0.018867945,0.00468513877536344
14.76,900.0419854138033,0.11705120807784815,0.0,0.2,0.2,20.249999999999996,0.8,0.8,900.0,0.003,0.0,20,0.5,0.022019176,0.004685139065150775
14.763,900.041985416551,0.11724011444955862,0.0,0.2,0.2,20.249999999999996,0.8,0.8,900.0,0.003,0.0,20,0.5,0.018812184,0.004685139327326898
14.766,900.0419854190407,0.11742952167377291,0.0,0.2,0.2,20.249999999999996,0.8,0.8,900.0,0.003,0.0,20,0.5,0.019040205,0.004685139561285274
14.769,900.0419854212608,0.11761938381221403,0.0,0.2,0.2,20.249999999999996,0.8,0.8,900.0,0.003,0.0,20,0.5,0.021553652,0.004685139765593052
14.772,900.0419854232177,0.11780965645727727,0.0,0.2,0.2,20.249999999999996,0.8,0.8,900.0,0.003,0.0,20,0.5,0.019068066,0.004685139940821183
14.775,900.0419854249029,0.1180002959714724,0.0,0.2,0.2,20.249999999999996,0.8,0.8,900.0,0.003,0.0,20,0.5,0.019130136,0.004685140087044473
14.778,900.0419854263183,0.11819126033001012,0.0,0.2,0.2,20.249999999999996,0.8,0.8,900.0,0.003,0.0,20,0.5,0.021780704,0.004685140203585185
14.781,900.0419854274512,0.1183825093404027,0.0,0.2,0.2,20.249999999999996,0.8,0.8,900.0,0.003,0.0,20,0.5,0.018901354,0.004685140289073279
14.784,900.0419854283016,0.11857400466515747,0.0,0.2,0.2,20.249999999999996,0.8,0.8,900.0,0.003,0.0,20,0.5,0.018822814,0.0046851403425333836
14.787,900.0419854288525,0.11876570948736122,0.0,0.2,0.2,20.249999999999996,0.8,0.8,900.0,0.003,0.0,20,0.5,0.022165606,0.004685140362230142
14.790000000000001,900.0419854291148,0.11895758876056892,0.0,0.2,0.2,20.249999999999996,0.8,0.8,900.0,0.003,0.0,20,0.5,0.019226587,0.00468514035638014
14.793000000000001,900.0419854292052,0.11914960603159702,0.0,0.2,0.2,20.249999999999996,0.8,0.8,900.0,0.003,0.0,20,0.5,0.019163107,0.0046851403480622075
14.796000000000001,900.0419854292894,0.11934172151924388,0.0,0.2,0.2,20.249999999999996,0.8,0.8,900.0,0.003,0.0,20,0.5,0.02273057,0.004685140347184224
14.799,900.0419854294329,0.11953389557936661,0.0,0.2,0.2,20.249999999999996,0.8,0.8,900.0,0.003,0.0,20,0.5,0.019234897,0.004685140353391588
14.802,900.0419854296215,0.11972609034452489,0.0,0.2,0.2,20.249999999999996,0.8,0.8,900.0,0.003,0.0,20,0.5,0.019522229,0.0046851403610480465
14.805,900.041985429814,0.11991827018388526,0.0,0.2,0.2,20.249999999999996,0.8,0.8,900.0,0.003,0.0,20,0.5,0.021948955,0.004685140361210459
14.808,900.0419854299183,0.12011040173987977,0.0,0.2,0.2,20.249999999999996,0.8,0.8,900.0,0.003,0.0,20,0.5,0.018762534,0.004685140342101576
14.811,900.0419854298397,0.12030245393931795,0.0,0.2,0.2,20.249999999999996,0.8,0.8,900.0,0.003,0.0,20,0.5,0.018959715,0.004685140290347529
14.814,900.0419854294553,0.12049439799198346,0.0,0.2,0.2,20.249999999999996,0.8,0.8,900.0,0.003,0.0,20,0.5,0.021830113,0.004685140192290669
14.817,900.0419854286461,0.12068620738929664,0.0,0.2,0.2,20.249999999999996,0.8,0.8,900.0,0.003,0.0,20,0.5,0.018995115,0.00468514003709515
14.82,900.0419854273276,0.12087785726151558,0.0,0.2,0.2,20.249999999999996,0.8,0.8,900.0,0.003,0.0,20,0.5,0.019106156,0.004685139817969754
14.823,900.0419854254294,0.12106932401088799,0.0,0.2,0.2,20.249999999999996,0.8,0.8,900.0,0.003,0.0,20,0.5,0.021997336,0.004685139530304654
14.826,900.0419854229243,0.1212605853647939,0.0,0.2,0.2,20.249999999999996,0.8,0.8,900.0,0.003,0.0,20,0.5,0.018850755,0.004685139174098766
14.829,900.0419854197927,0.12145162004365197,0.0,0.2,0.2,20.249999999999996,0.8,0.8,900.0,0.003,0.0,20,0.5,0.018682583,0.004685138753322518
14.832,900.0419854161072,0.12164240784295047,0.0,0.2,0.2,20.249999999999996,0.8,0.8,900.0,0.003,0.0,20,0.5,0.022519348,0.004685138286829775
14.835,900.041985411999,0.12183292745625889,0.0,0.2,0.2,20.249999999999996,0.8,0.8,900.0,0.003,0.0,20,0.5,0.019322857,0.004685137790404759
14.838000000000001,900.0419854076048,0.12202316007311119,0.0,0.2,0.2,20.249999999999996,0.8,0.8,900.0,0.003,0.0,20,0.5,0.018699113,0.0046851372780005686
14.841000000000001,900.0419854030572,0.12221308918807158,0.0,0.2,0.2,20.249999999999996,0.8,0.8,900.0,0.003,0.0,20,0.5,0.023380224,0.004685136760137572
14.844000000000001,900.0419853984453,0.12240270050228934,0.0,0.2,0.2,20.249999999999996,0.8,0.8,900.0,0.003,0.0,20,0.5,0.018878594,0.0046851362430975
14.847,900.0419853938245,0.12259198191598306,0.0,0.2,0.2,20.249999999999996,0.8,0.8,900.0,0.003,0.0,20,0.5,0.018746903,0.00468513572901484
14.85,900.0419853892184,0.1227809235220134,0.0,0.2,0.2,20.249999999999996,0.8,0.8,900.0,0.003,0.0,20,0.5,0.02275162,0.004685135216478846
14.853,900.0419853846139,0.1229695175948296,0.0,0.2,0.2,20.249999999999996,0.8,0.8,900.0,0.003,0.0,20,0.5,0.018888065,0.00468513470144477
14.856,900.0419853799718,0.12315775856512516,0.0,0.2,0.2,20.249999999999996,0.8,0.8,900.0,0.003,0.0,20,0.5,0.018670924,0.004685134178394715
14.859,900.0419853752525,0.12334564289048325,0.0,0.2,0.2,20.249999999999996,0.8,0.8,900.0,0.003,0.0,20,0.5,0.0227105,0.004685133641560562
14.862,900.0419853703995,0.1235331690227552,0.0,0.2,0.2,20.249999999999996,0.8,0.8,900.0,0.003,0.0,20,0.5,0.019304668,0.004685133087599857
14.865,900.0419853653814,0.12372033688514256,0.0,0.2,0.2,20.249999999999996,0.8,0.8,900.0,0.003,0.0,20,0.5,0.018641033,0.0046851325145453055
14.868,900.0419853601848,0.1239071483273048,0.0,0.2,0.2,20.249999999999996,0.8,0.8,900.0,0.003,0.0,20,0.5,0.021839894,0.004685131921872758
14.871,900.0419853547996,0.12409360706356759,0.0,0.2,0.2,20.249999999999996,0.8,0.8,900.0,0.003,0.0,20,0.5,0.018700184,0.004685131310279372
14.874,900.0419853492342,0.124279718673664,0.0,0.2,0.2,20.249999999999996,0.8,0.8,900.0,0.003,0.0,20,0.5,0.018990646,0.004685130681708528
14.877,900.0419853435081,0.12446549060919335,0.0,0.2,0.2,20.249999999999996,0.8,0.8,900.0,0.003,0.0,20,0.5,0.022190157,0.0046851300390023005
14.88,900.0419853376426,0.12465093225483992,0.0,0.2,0.2,20.249999999999996,0.8,0.8,900.0,0.003,0.0,20,0.5,0.018787664,0.004685129385820153
14.883000000000001,900.0419853316699,0.1248360549135898,0.0,0.2,0.2,20.249999999999996,0.8,0.8,900.0,0.003,0.0,20,0.5,0.018625852,0.004685128726232591
14.886000000000001,900.0419853256277,0.1250208717733594,0.0,0.2,0.2,20.249999999999996,0.8,0.8,900.0,0.003,0.0,20,0.5,0.022539348,0.004685128064311854
14.889000000000001,900.0419853195547,0.12520539787354343,0.0,0.2,0.2,20.249999999999996,0.8,0.8,900.0,0.003,0.0,20,0.5,0.018842734,0.004685127403769786
14.892,900.0419853134844,0.12538965006931524,0.0,0.2,0.2,20.249999999999996,0.8,0.8,900.0,0.003,0.0,20,0.5,0.018866624,0.004685126748037817
14.895,900.0419853074465,0.125573646893132,0.0,0.2,0.2,20.249999999999996,0.8,0.8,900.0,0.003,0.0,20,0.5,0.022028515,0.004685126100161147
14.898,900.0419853014663,0.12575740845072392,0.0,0.2,0.2,20.249999999999996,0.8,0.8,900.0,0.003,0.0,20,0.5,0.018853825,0.0046851254621570835
14.901,900.041985295571,0.12594095648200354,0.0,0.2,0.2,20.249999999999996,0.8,0.8,900.0,0.003,0.0,20,0.5,0.018800554,0.004685124834848028
14.904,900.0419852897539,0.1261243143687441,0.0,0.2,0.2,20.249999999999996,0.8,0.8,900.0,0.003,0.0,20,0.5,0.022319427,0.004685124218086395
14.907,900.041985284034,0.1263075070254201,0.0,0.2,0.2,20.249999999999996,0.8,0.8,900.0,0.003,0.0,20,0.5,0.018837324,0.004685123612621737
14.91,900.0419852784147,0.126490560206038,0.0,0.2,0.2,20.249999999999996,0.8,0.8,900.0,0.003,0.0,20,0.5,0.019009085,0.00468512302019403
14.913,900.041985272919,0.12667350002110403,0.0,0.2,0.2,20.249999999999996,0.8,0.8,900.0,0.003,0.0,20,0.5,0.022533109,0.004685122444754828
14.916,900.0419852675641,0.126856352672549,0.0,0.2,0.2,20.249999999999996,0.8,0.8,900.0,0.003,0.0,20,0.5,0.018827954,0.004685121885991052
14.919,900.0419852623567,0.1270391457520967,0.0,0.2,0.2,20.249999999999996,0.8,0.8,900.0,0.003,0.0,20,0.5,0.018749583,0.004685121343945863
14.922,900.0419852573086,0.12722190726885535,0.0,0.2,0.2,20.249999999999996,0.8,0.8,900.0,0.003,0.0,20,0.5,0.022319187,0.004685120821063574
14.925,900.0419852524238,0.12740466509408,0.0,0.2,0.2,20.249999999999996,0.8,0.8,900.0,0.003,0.0,20,0.5,0.019259078,0.004685120313749841
14.928,900.0419852476684,0.1275874484468047,0.0,0.2,0.2,20.249999999999996,0.8,0.8,900.0,0.003,0.0,20,0.5,0.019331048,0.004685119815624593
14.931000000000001,900.041985242984,0.1277702878234218,0.0,0.2,0.2,20.249999999999996,0.8,0.8,900.0,0.003,0.0,20,0.5,0.021956245,0.0046851193189177765
14.934000000000001,900.0419852382994,0.12795321491171233,0.0,0.2,0.2,20.249999999999996,0.8,0.8,900.0,0.003,0.0,20,0.5,0.018636403,0.004685118814117288
14.937000000000001,900.0419852335358,0.12813626288099111,0.0,0.2,0.2,20.249999999999996,0.8,0.8,900.0,0.003,0.0,20,0.5,0.019539359,0.004685118291067768
14.94,900.0419852285947,0.12831946614227377,0.0,0.2,0.2,20.249999999999996,0.8,0.8,900.0,0.003,0.0,20,0.5,0.022034825,0.00468511774085507
14.943,900.0419852234127,0.12850285986552148,0.0,0.2,0.2,20.249999999999996,0.8,0.8,900.0,0.003,0.0,20,0.5,0.018517132,0.004685117159790814
14.946,900.0419852179906,0.1286864787671905,0.0,0.2,0.2,20.249999999999996,0.8,0.8,900.0,0.003,0.0,20,0.5,0.018904204,0.0046851165616941205
14.949,900.0419852124137,0.12887035353759127,0.0,0.2,0.2,20.249999999999996,0.8,0.8,900.0,0.003,0.0,20,0.5,0.021967195,0.004685115956159026
14.952,900.0419852067715,0.12905451517204267,0.0,0.2,0.2,20.249999999999996,0.8,0.8,900.0,0.003,0.0,20,0.5,0.018754054,0.004685115348151912
14.955,900.0419852010987,0.12923899498784547,0.0,0.2,0.2,20.249999999999996,0.8,0.8,900.0,0.003,0.0,20,0.5,0.019194816,0.004685114738196872
14.958,900.0419851954017,0.12942382492398072,0.0,0.2,0.2,20.249999999999996,0.8,0.8,900.0,0.003,0.0,20,0.5,0.021925594,0.004685114122807542
14.961,900.0419851896457,0.12960903774421825,0.0,0.2,0.2,20.249999999999996,0.8,0.8,900.0,0.003,0.0,20,0.5,0.018973656,0.0046851134952395354
14.964,900.0419851837707,0.12979466701422232,0.0,0.2,0.2,20.249999999999996,0.8,0.8,900.0,0.003,0.0,20,0.5,0.019061846,0.004685112846079619
14.967,900.0419851776941,0.1299807470676676,0.0,0.2,0.2,20.249999999999996,0.8,0.8,900.0,0.003,0.0,20,0.5,0.022562508,0.004685112164111696
14.97,900.0419851713116,0.13016731297700906,0.0,0.2,0.2,20.249999999999996,0.8,0.8,900.0,0.003,0.0,20,0.5,0.018748134,0.004685111437554128
14.973,900.0419851645192,0.13035440050546976,0.0,0.2,0.2,20.249999999999996,0.8,0.8,900.0,0.003,0.0,20,0.5,0.019127456,0.004685110654738571
14.976,900.0419851572017,0.13054204622445376,0.0,0.2,0.2,20.249999999999996,0.8,0.8,900.0,0.003,0.0,20,0.5,0.023063582,0.00468510980296797
14.979000000000001,900.0419851492529,0.1307302879998363,0.0,0.2,0.2,20.249999999999996,0.8,0.8,900.0,0.003,0.0,20,0.5,0.018664153,0.0046851088725918715
14.982000000000001,900.0419851405924,0.13091916432427386,0.0,0.2,0.2,20.249999999999996,0.8,0.8,900.0,0.003,0.0,20,0.5,0.019293757,0.004685107857345745
14.985,900.0419851311623,0.13110871413597835,0.0,0.2,0.2,20.249999999999996,0.8,0.8,900.0,0.003,0.0,20,0.5,0.021907894,0.004685106754942017
14.988,900.0419851209415,0.13129897666011534,0.0,0.2,0.2,20.249999999999996,0.8,0.8,900.0,0.003,0.0,20,0.5,0.018750563,0.004685105566397057
14.991,900.0419851099424,0.13148999151919427,0.0,0.2,0.2,20.249999999999996,0.8,0.8,900.0,0.003,0.0,20,0.5,0.018980165,0.004685104295928211
14.994,900.0419850981976,0.13168179863994217,0.0,0.2,0.2,20.249999999999996,0.8,0.8,900.0,0.003,0.0,20,0.5,0.021978335,0.004685102950318609
14.997,900.0419850857713,0.1318744382492536,0.0,0.2,0.2,20.249999999999996,0.8,0.8,900.0,0.003,0.0,20,0.5,0.018888394,0.004685101538136479
15.0,900.0419850727401,0.132067950848133,0.0,0.2,0.2,20.249999999999996,0.8,0.8,900.0,0.003,0.0,20,0.5,0.020185973,0.004685100068904091
