time,density,kinetic_energy,fluid_viscosity,boundary_viscosity,fluid_depth,rest_density_grid_spacing,smoothing_length,rest_density,time_step_size,solver_iterations
5.0,900.1631486150721,213.89307411177458,0.2,0.2,20.249999999999996,0.8,0.8,900.0,0.005,15
5.005,900.1633178580768,214.34370517677107,0.2,0.2,20.249999999999996,0.8,0.8,900.0,0.005,15
5.01,900.1635345902472,214.5706265406532,0.2,0.2,20.249999999999996,0.8,0.8,900.0,0.005,15
5.015,900.1636049944337,214.90730946144149,0.2,0.2,20.249999999999996,0.8,0.8,900.0,0.005,15
5.0200000000000005,900.1633152402907,215.31800137393344,0.2,0.2,20.249999999999996,0.8,0.8,900.0,0.005,15
5.025,900.1627458059504,215.7228642662557,0.2,0.2,20.249999999999996,0.8,0.8,900.0,0.005,15
5.03,900.1620485186799,216.12640392564177,0.2,0.2,20.249999999999996,0.8,0.8,900.0,0.005,15
5.035,900.1611486101228,216.46663234148951,0.2,0.2,20.249999999999996,0.8,0.8,900.0,0.005,15
5.04,900.1598710982385,216.77382602338886,0.2,0.2,20.249999999999996,0.8,0.8,900.0,0.005,15
5.045,900.1582551134594,217.03949774044852,0.2,0.2,20.249999999999996,0.8,0.8,900.0,0.005,15
5.05,900.1563838568114,217.2909386621894,0.2,0.2,20.249999999999996,0.8,0.8,900.0,0.005,15
5.055,900.1541388811063,217.50495007178867,0.2,0.2,20.249999999999996,0.8,0.8,900.0,0.005,15
5.0600000000000005,900.151488475624,217.64965839397735,0.2,0.2,20.249999999999996,0.8,0.8,900.0,0.005,15
5.065,900.148497933926,217.69704218922408,0.2,0.2,20.249999999999996,0.8,0.8,900.0,0.005,15
5.07,900.145365244131,217.65909443149786,0.2,0.2,20.249999999999996,0.8,0.8,900.0,0.005,15
5.075,900.1420380785938,217.39003474597618,0.2,0.2,20.249999999999996,0.8,0.8,900.0,0.005,15
5.08,900.1386117849274,217.1790771094393,0.2,0.2,20.249999999999996,0.8,0.8,900.0,0.005,15
5.085,900.1351635071544,216.9123097473616,0.2,0.2,20.249999999999996,0.8,0.8,900.0,0.005,15
5.09,900.1319432934083,216.5505177033534,0.2,0.2,20.249999999999996,0.8,0.8,900.0,0.005,15
5.095,900.1291289274957,215.89567680399136,0.2,0.2,20.249999999999996,0.8,0.8,900.0,0.005,15
5.1000000000000005,900.1269452159908,215.2434958730228,0.2,0.2,20.249999999999996,0.8,0.8,900.0,0.005,15
5.105,900.1250934968514,214.62335177901542,0.2,0.2,20.249999999999996,0.8,0.8,900.0,0.005,15
5.11,900.1239543380884,213.9663046865466,0.2,0.2,20.249999999999996,0.8,0.8,900.0,0.005,15
5.115,900.1234885225216,213.29299699854016,0.2,0.2,20.249999999999996,0.8,0.8,900.0,0.005,15
5.12,900.123590216564,212.60396835182374,0.2,0.2,20.249999999999996,0.8,0.8,900.0,0.005,15
5.125,900.1242850051764,211.92629392831125,0.2,0.2,20.249999999999996,0.8,0.8,900.0,0.005,15
5.13,900.1256003874116,211.2709687417167,0.2,0.2,20.249999999999996,0.8,0.8,900.0,0.005,15
5.135,900.1273481139539,210.6785377513552,0.2,0.2,20.249999999999996,0.8,0.8,900.0,0.005,15
5.14,900.1295425926209,210.13552187206457,0.2,0.2,20.249999999999996,0.8,0.8,900.0,0.005,15
5.1450000000000005,900.1318466409438,209.69976260201264,0.2,0.2,20.249999999999996,0.8,0.8,900.0,0.005,15
5.15,900.134229914693,209.3672409744594,0.2,0.2,20.249999999999996,0.8,0.8,900.0,0.005,15
5.155,900.1366513884703,209.06786299672228,0.2,0.2,20.249999999999996,0.8,0.8,900.0,0.005,15
5.16,900.139240104034,208.78774980197986,0.2,0.2,20.249999999999996,0.8,0.8,900.0,0.005,15
5.165,900.1417639883031,208.60109868165964,0.2,0.2,20.249999999999996,0.8,0.8,900.0,0.005,15
5.17,900.1442190124891,208.44899506160633,0.2,0.2,20.249999999999996,0.8,0.8,900.0,0.005,15
5.175,900.1468582692563,208.23134533624338,0.2,0.2,20.249999999999996,0.8,0.8,900.0,0.005,15
5.18,900.1485095635577,208.37538705360637,0.2,0.2,20.249999999999996,0.8,0.8,900.0,0.005,15
5.1850000000000005,900.1495705472357,208.53970490615671,0.2,0.2,20.249999999999996,0.8,0.8,900.0,0.005,15
5.19,900.150097942386,208.72120606686394,0.2,0.2,20.249999999999996,0.8,0.8,900.0,0.005,15
5.195,900.1503047584958,208.88887459611004,0.2,0.2,20.249999999999996,0.8,0.8,900.0,0.005,15
5.2,900.1501306358763,209.04319382641623,0.2,0.2,20.249999999999996,0.8,0.8,900.0,0.005,15
5.205,900.149445694755,209.2126854838124,0.2,0.2,20.249999999999996,0.8,0.8,900.0,0.005,15
5.21,900.1482702496495,209.36123907423948,0.2,0.2,20.249999999999996,0.8,0.8,900.0,0.005,15
5.215,900.1467945484501,209.46932293916137,0.2,0.2,20.249999999999996,0.8,0.8,900.0,0.005,15
5.22,900.1451076283978,209.52389137373876,0.2,0.2,20.249999999999996,0.8,0.8,900.0,0.005,15
5.2250000000000005,900.1434006962241,209.5122489869074,0.2,0.2,20.249999999999996,0.8,0.8,900.0,0.005,15
5.23,900.1418868862672,209.43526207161813,0.2,0.2,20.249999999999996,0.8,0.8,900.0,0.005,15
5.235,900.1406877473482,209.30731208536702,0.2,0.2,20.249999999999996,0.8,0.8,900.0,0.005,15
5.24,900.1400049781212,209.09428943751433,0.2,0.2,20.249999999999996,0.8,0.8,900.0,0.005,15
5.245,900.139734755212,208.88034799361054,0.2,0.2,20.249999999999996,0.8,0.8,900.0,0.005,15
5.25,900.1399185522104,208.66888317084826,0.2,0.2,20.249999999999996,0.8,0.8,900.0,0.005,15
5.255,900.1406233497432,208.46413110478989,0.2,0.2,20.249999999999996,0.8,0.8,900.0,0.005,15
5.26,900.1418310911786,208.2789467111264,0.2,0.2,20.249999999999996,0.8,0.8,900.0,0.005,15
5.265,900.1434940724286,208.1257187634666,0.2,0.2,20.249999999999996,0.8,0.8,900.0,0.005,15
5.2700000000000005,900.1454956189862,208.031798891132,0.2,0.2,20.249999999999996,0.8,0.8,900.0,0.005,15
5.275,900.1477494654994,208.01148009414115,0.2,0.2,20.249999999999996,0.8,0.8,900.0,0.005,15
5.28,900.1502783564624,208.0298257820773,0.2,0.2,20.249999999999996,0.8,0.8,900.0,0.005,15
5.285,900.152916759843,208.0572562050184,0.2,0.2,20.249999999999996,0.8,0.8,900.0,0.005,15
5.29,900.1555466672256,208.17086122301572,0.2,0.2,20.249999999999996,0.8,0.8,900.0,0.005,15
5.295,900.1578375945675,208.4431205297265,0.2,0.2,20.249999999999996,0.8,0.8,900.0,0.005,15
5.3,900.1600401548583,208.7464422697288,0.2,0.2,20.249999999999996,0.8,0.8,900.0,0.005,15
5.305,900.1621005701908,209.0146019061403,0.2,0.2,20.249999999999996,0.8,0.8,900.0,0.005,15
5.3100000000000005,900.1633135271095,209.50309757839398,0.2,0.2,20.249999999999996,0.8,0.8,900.0,0.005,15
5.315,900.1636763913849,210.09786299334056,0.2,0.2,20.249999999999996,0.8,0.8,900.0,0.005,15
5.32,900.1633259595396,210.69331659911086,0.2,0.2,20.249999999999996,0.8,0.8,900.0,0.005,15
5.325,900.1623574844455,211.23042707576062,0.2,0.2,20.249999999999996,0.8,0.8,900.0,0.005,15
5.33,900.1614392207396,211.3575883872859,0.2,0.2,20.249999999999996,0.8,0.8,900.0,0.005,15
5.335,900.1600622298856,211.5574530784239,0.2,0.2,20.249999999999996,0.8,0.8,900.0,0.005,15
5.34,900.1580417582552,211.75586591328099,0.2,0.2,20.249999999999996,0.8,0.8,900.0,0.005,15
5.345,900.1556350266783,211.8935744052632,0.2,0.2,20.249999999999996,0.8,0.8,900.0,0.005,15
5.3500000000000005,900.1530926077464,211.92763234851282,0.2,0.2,20.249999999999996,0.8,0.8,900.0,0.005,15
5.355,900.1506205312808,211.83235285758698,0.2,0.2,20.249999999999996,0.8,0.8,900.0,0.005,15
5.36,900.1483601118317,211.62285224606143,0.2,0.2,20.249999999999996,0.8,0.8,900.0,0.005,15
5.365,900.1463857798019,211.30719315604338,0.2,0.2,20.249999999999996,0.8,0.8,900.0,0.005,15
5.37,900.1447033603457,210.93498885684977,0.2,0.2,20.249999999999996,0.8,0.8,900.0,0.005,15
5.375,900.143510880391,210.4905396384578,0.2,0.2,20.249999999999996,0.8,0.8,900.0,0.005,15
5.38,900.1428381197893,210.01080604498065,0.2,0.2,20.249999999999996,0.8,0.8,900.0,0.005,15
5.385,900.1425714520724,209.50107758392733,0.2,0.2,20.249999999999996,0.8,0.8,900.0,0.005,15
5.39,900.142652851641,208.99627577192894,0.2,0.2,20.249999999999996,0.8,0.8,900.0,0.005,15
5.3950000000000005,900.1430675203354,208.49926069731285,0.2,0.2,20.249999999999996,0.8,0.8,900.0,0.005,15
5.4,900.1437136636321,208.01686048327315,0.2,0.2,20.249999999999996,0.8,0.8,900.0,0.005,15
5.405,900.1444676023623,207.55622818011386,0.2,0.2,20.249999999999996,0.8,0.8,900.0,0.005,15
5.41,900.1452673266915,207.13188081881393,0.2,0.2,20.249999999999996,0.8,0.8,900.0,0.005,15
5.415,900.1460650339337,206.7542461438746,0.2,0.2,20.249999999999996,0.8,0.8,900.0,0.005,15
5.42,900.1468403423963,206.43324408578732,0.2,0.2,20.249999999999996,0.8,0.8,900.0,0.005,15
5.425,900.1475502509226,206.16249937232527,0.2,0.2,20.249999999999996,0.8,0.8,900.0,0.005,15
5.43,900.1481736953712,205.9428506924871,0.2,0.2,20.249999999999996,0.8,0.8,900.0,0.005,15
5.4350000000000005,900.1486869372245,205.78164658805022,0.2,0.2,20.249999999999996,0.8,0.8,900.0,0.005,15
5.44,900.1491495647969,205.67682112581744,0.2,0.2,20.249999999999996,0.8,0.8,900.0,0.005,15
5.445,900.1495015378191,205.61261989177913,0.2,0.2,20.249999999999996,0.8,0.8,900.0,0.005,15
5.45,900.1496629897924,205.60049980132598,0.2,0.2,20.249999999999996,0.8,0.8,900.0,0.005,15
5.455,900.1496945395945,205.62301428639768,0.2,0.2,20.249999999999996,0.8,0.8,900.0,0.005,15
5.46,900.1496688399387,205.68594420469879,0.2,0.2,20.249999999999996,0.8,0.8,900.0,0.005,15
5.465,900.1494649378005,205.78219151739157,0.2,0.2,20.249999999999996,0.8,0.8,900.0,0.005,15
5.47,900.1490139406923,205.88993328221437,0.2,0.2,20.249999999999996,0.8,0.8,900.0,0.005,15
5.4750000000000005,900.1484012528396,206.00532368791397,0.2,0.2,20.249999999999996,0.8,0.8,900.0,0.005,15
5.48,900.1477030501721,206.11621168976578,0.2,0.2,20.249999999999996,0.8,0.8,900.0,0.005,15
5.485,900.146971711918,206.2210498991597,0.2,0.2,20.249999999999996,0.8,0.8,900.0,0.005,15
5.49,900.1462610376235,206.3260168349318,0.2,0.2,20.249999999999996,0.8,0.8,900.0,0.005,15
5.495,900.1456326187187,206.4408655912114,0.2,0.2,20.249999999999996,0.8,0.8,900.0,0.005,15
5.5,900.1451575302286,206.576286199275,0.2,0.2,20.249999999999996,0.8,0.8,900.0,0.005,15
5.505,900.1448732123777,206.74212266442285,0.2,0.2,20.249999999999996,0.8,0.8,900.0,0.005,15
5.51,900.1447812160864,206.94555427659984,0.2,0.2,20.249999999999996,0.8,0.8,900.0,0.005,15
5.515,900.1448471291002,207.18921323855292,0.2,0.2,20.249999999999996,0.8,0.8,900.0,0.005,15
5.5200000000000005,900.1450075588036,207.4710888163621,0.2,0.2,20.249999999999996,0.8,0.8,900.0,0.005,15
5.525,900.1451724546694,207.78274806240614,0.2,0.2,20.249999999999996,0.8,0.8,900.0,0.005,15
5.53,900.1452432098962,208.10994606804036,0.2,0.2,20.249999999999996,0.8,0.8,900.0,0.005,15
5.535,900.1451267163972,208.4347906306456,0.2,0.2,20.249999999999996,0.8,0.8,900.0,0.005,15
5.54,900.1447790085798,208.6704052035368,0.2,0.2,20.249999999999996,0.8,0.8,900.0,0.005,15
5.545,900.1445389236585,208.6449900079309,0.2,0.2,20.249999999999996,0.8,0.8,900.0,0.005,15
5.55,900.1438180344574,208.82771964195402,0.2,0.2,20.249999999999996,0.8,0.8,900.0,0.005,15
5.555,900.1428438700787,208.80446268695084,0.2,0.2,20.249999999999996,0.8,0.8,900.0,0.005,15
5.5600000000000005,900.1416514364965,208.85730254165694,0.2,0.2,20.249999999999996,0.8,0.8,900.0,0.005,15
5.565,900.1406046648691,208.80101012522644,0.2,0.2,20.249999999999996,0.8,0.8,900.0,0.005,15
5.57,900.1398658386114,208.7125744629259,0.2,0.2,20.249999999999996,0.8,0.8,900.0,0.005,15
5.575,900.1393936289381,208.60944841473324,0.2,0.2,20.249999999999996,0.8,0.8,900.0,0.005,15
5.58,900.1396966106224,208.37508348188354,0.2,0.2,20.249999999999996,0.8,0.8,900.0,0.005,15
5.585,900.1407386155468,208.14976981975568,0.2,0.2,20.249999999999996,0.8,0.8,900.0,0.005,15
5.59,900.1421046344323,208.0568693827833,0.2,0.2,20.249999999999996,0.8,0.8,900.0,0.005,15
5.595,900.1438828999246,208.03989328106326,0.2,0.2,20.249999999999996,0.8,0.8,900.0,0.005,15
5.6000000000000005,900.1461218605596,207.9042014851123,0.2,0.2,20.249999999999996,0.8,0.8,900.0,0.005,15
5.605,900.1482160772027,208.03499671487242,0.2,0.2,20.249999999999996,0.8,0.8,900.0,0.005,15
5.61,900.1498492805787,208.29955370748556,0.2,0.2,20.249999999999996,0.8,0.8,900.0,0.005,15
5.615,900.150888263811,208.65362985605137,0.2,0.2,20.249999999999996,0.8,0.8,900.0,0.005,15
5.62,900.1511916022084,209.02644160741036,0.2,0.2,20.249999999999996,0.8,0.8,900.0,0.005,15
5.625,900.1504993020477,209.46896485272146,0.2,0.2,20.249999999999996,0.8,0.8,900.0,0.005,15
5.63,900.1488302705735,209.89340127281386,0.2,0.2,20.249999999999996,0.8,0.8,900.0,0.005,15
5.635,900.1463322161385,210.29574105207124,0.2,0.2,20.249999999999996,0.8,0.8,900.0,0.005,15
5.64,900.1431407848833,210.65076765333575,0.2,0.2,20.249999999999996,0.8,0.8,900.0,0.005,15
5.6450000000000005,900.1399646366136,210.611008441359,0.2,0.2,20.249999999999996,0.8,0.8,900.0,0.005,15
5.65,900.1362689405271,210.74171922374472,0.2,0.2,20.249999999999996,0.8,0.8,900.0,0.005,15
5.655,900.1324988193647,210.76864510144196,0.2,0.2,20.249999999999996,0.8,0.8,900.0,0.005,15
5.66,900.1289646809457,210.68605183606968,0.2,0.2,20.249999999999996,0.8,0.8,900.0,0.005,15
5.665,900.1258250022825,210.47717879094031,0.2,0.2,20.249999999999996,0.8,0.8,900.0,0.005,15
5.67,900.1233221957533,210.13210567733134,0.2,0.2,20.249999999999996,0.8,0.8,900.0,0.005,15
5.675,900.1216285554799,209.6929110975248,0.2,0.2,20.249999999999996,0.8,0.8,900.0,0.005,15
5.68,900.1208410147299,209.18137950579265,0.2,0.2,20.249999999999996,0.8,0.8,900.0,0.005,15
5.6850000000000005,900.1210619810859,208.65810966435524,0.2,0.2,20.249999999999996,0.8,0.8,900.0,0.005,15
5.69,900.1223950815873,208.14709577064122,0.2,0.2,20.249999999999996,0.8,0.8,900.0,0.005,15
5.695,900.1246425973192,207.6796315861121,0.2,0.2,20.249999999999996,0.8,0.8,900.0,0.005,15
5.7,900.1276068448751,207.25157152879137,0.2,0.2,20.249999999999996,0.8,0.8,900.0,0.005,15
5.705,900.1313208232136,206.77879706345252,0.2,0.2,20.249999999999996,0.8,0.8,900.0,0.005,15
5.71,900.1351778942512,206.4662102501544,0.2,0.2,20.249999999999996,0.8,0.8,900.0,0.005,15
5.715,900.1393825406002,206.06589669321505,0.2,0.2,20.249999999999996,0.8,0.8,900.0,0.005,15
5.72,900.143640354598,205.85411387434584,0.2,0.2,20.249999999999996,0.8,0.8,900.0,0.005,15
5.7250000000000005,900.147669972362,205.75472902887387,0.2,0.2,20.249999999999996,0.8,0.8,900.0,0.005,15
5.73,900.1515372272913,205.7754000681451,0.2,0.2,20.249999999999996,0.8,0.8,900.0,0.005,15
5.735,900.1553023823277,205.9304545125694,0.2,0.2,20.249999999999996,0.8,0.8,900.0,0.005,15
5.74,900.1590520239296,206.23062581326482,0.2,0.2,20.249999999999996,0.8,0.8,900.0,0.005,15
5.745,900.1627357340531,206.68729770792285,0.2,0.2,20.249999999999996,0.8,0.8,900.0,0.005,15
5.75,900.1663786686314,207.30289238808734,0.2,0.2,20.249999999999996,0.8,0.8,900.0,0.005,15
5.755,900.1702930948758,207.92398659457018,0.2,0.2,20.249999999999996,0.8,0.8,900.0,0.005,15
5.76,900.1740781614725,208.72461898993166,0.2,0.2,20.249999999999996,0.8,0.8,900.0,0.005,15
5.765,900.1771377323829,209.70048945119453,0.2,0.2,20.249999999999996,0.8,0.8,900.0,0.005,15
5.7700000000000005,900.1796385404207,210.76481483204202,0.2,0.2,20.249999999999996,0.8,0.8,900.0,0.005,15
5.775,900.1814481611184,211.99029002153583,0.2,0.2,20.249999999999996,0.8,0.8,900.0,0.005,15
5.78,900.182247247473,213.30655823799157,0.2,0.2,20.249999999999996,0.8,0.8,900.0,0.005,15
5.785,900.1818659283933,214.65376146527723,0.2,0.2,20.249999999999996,0.8,0.8,900.0,0.005,15
5.79,900.1803063216344,215.9621283038078,0.2,0.2,20.249999999999996,0.8,0.8,900.0,0.005,15
5.795,900.17740269101,217.1429069579886,0.2,0.2,20.249999999999996,0.8,0.8,900.0,0.005,15
5.8,900.1733621893112,218.18250890266768,0.2,0.2,20.249999999999996,0.8,0.8,900.0,0.005,15
5.805,900.1682771904169,218.98658302996165,0.2,0.2,20.249999999999996,0.8,0.8,900.0,0.005,15
5.8100000000000005,900.1625105653342,219.52508960782447,0.2,0.2,20.249999999999996,0.8,0.8,900.0,0.005,15
5.815,900.156409208663,219.7770283044479,0.2,0.2,20.249999999999996,0.8,0.8,900.0,0.005,15
5.82,900.1506304553127,219.46789109793895,0.2,0.2,20.249999999999996,0.8,0.8,900.0,0.005,15
5.825,900.1448348117583,219.14547459608272,0.2,0.2,20.249999999999996,0.8,0.8,900.0,0.005,15
5.83,900.139641209903,218.6195408496498,0.2,0.2,20.249999999999996,0.8,0.8,900.0,0.005,15
5.835,900.1352247264059,217.93219898695685,0.2,0.2,20.249999999999996,0.8,0.8,900.0,0.005,15
5.84,900.1318250633838,217.14292023586842,0.2,0.2,20.249999999999996,0.8,0.8,900.0,0.005,15
5.845,900.129221234247,216.27717861478604,0.2,0.2,20.249999999999996,0.8,0.8,900.0,0.005,15
5.8500000000000005,900.1274522794141,215.3792653907976,0.2,0.2,20.249999999999996,0.8,0.8,900.0,0.005,15
5.855,900.1264091536965,214.48517182813882,0.2,0.2,20.249999999999996,0.8,0.8,900.0,0.005,15
5.86,900.1260048331759,213.62180286702926,0.2,0.2,20.249999999999996,0.8,0.8,900.0,0.005,15
5.865,900.1260859503011,212.74749193120226,0.2,0.2,20.249999999999996,0.8,0.8,900.0,0.005,15
5.87,900.1266355213953,211.88834077232565,0.2,0.2,20.249999999999996,0.8,0.8,900.0,0.005,15
5.875,900.1273714078858,211.16381154104803,0.2,0.2,20.249999999999996,0.8,0.8,900.0,0.005,15
5.88,900.1282834126948,210.53392952458344,0.2,0.2,20.249999999999996,0.8,0.8,900.0,0.005,15
5.885,900.1295080740398,209.955273477602,0.2,0.2,20.249999999999996,0.8,0.8,900.0,0.005,15
5.89,900.1307579711204,209.46595911877483,0.2,0.2,20.249999999999996,0.8,0.8,900.0,0.005,15
5.8950000000000005,900.1322209937684,209.045706291519,0.2,0.2,20.249999999999996,0.8,0.8,900.0,0.005,15
5.9,900.1339271721606,208.6956248575286,0.2,0.2,20.249999999999996,0.8,0.8,900.0,0.005,15
5.905,900.13589219796,208.44925435902232,0.2,0.2,20.249999999999996,0.8,0.8,900.0,0.005,15
5.91,900.1382149209445,208.30701620423227,0.2,0.2,20.249999999999996,0.8,0.8,900.0,0.005,15
5.915,900.1408094296506,208.277447641174,0.2,0.2,20.249999999999996,0.8,0.8,900.0,0.005,15
5.92,900.1436856085522,208.31851473981763,0.2,0.2,20.249999999999996,0.8,0.8,900.0,0.005,15
5.925,900.1469582947756,208.42169403335927,0.2,0.2,20.249999999999996,0.8,0.8,900.0,0.005,15
5.93,900.1502611810515,208.57043341577915,0.2,0.2,20.249999999999996,0.8,0.8,900.0,0.005,15
5.9350000000000005,900.1532954378026,208.9035259226442,0.2,0.2,20.249999999999996,0.8,0.8,900.0,0.005,15
5.94,900.1560814944489,209.35887368741055,0.2,0.2,20.249999999999996,0.8,0.8,900.0,0.005,15
5.945,900.1604022406523,209.18743256195208,0.2,0.2,20.249999999999996,0.8,0.8,900.0,0.005,15
5.95,900.1654073999925,209.0197313651175,0.2,0.2,20.249999999999996,0.8,0.8,900.0,0.005,15
5.955,900.1696122502742,209.16665667662016,0.2,0.2,20.249999999999996,0.8,0.8,900.0,0.005,15
5.96,900.1727391208892,209.64954066949153,0.2,0.2,20.249999999999996,0.8,0.8,900.0,0.005,15
5.965,900.1747741639252,210.40689746582987,0.2,0.2,20.249999999999996,0.8,0.8,900.0,0.005,15
5.97,900.1758406928873,211.30870019881655,0.2,0.2,20.249999999999996,0.8,0.8,900.0,0.005,15
5.9750000000000005,900.1759770111121,212.30416793414767,0.2,0.2,20.249999999999996,0.8,0.8,900.0,0.005,15
5.98,900.1752927355727,213.3598502554468,0.2,0.2,20.249999999999996,0.8,0.8,900.0,0.005,15
5.985,900.1737092570708,214.46768504662384,0.2,0.2,20.249999999999996,0.8,0.8,900.0,0.005,15
5.99,900.1714498390962,215.57346367479903,0.2,0.2,20.249999999999996,0.8,0.8,900.0,0.005,15
5.995,900.1686600705623,216.73775553665348,0.2,0.2,20.249999999999996,0.8,0.8,900.0,0.005,15
6.0,900.1660316443857,217.5816779779717,0.2,0.2,20.249999999999996,0.8,0.8,900.0,0.005,15
6.005,900.1635095892987,218.28322028434627,0.2,0.2,20.249999999999996,0.8,0.8,900.0,0.005,15
6.01,900.1612542866387,218.84179823794244,0.2,0.2,20.249999999999996,0.8,0.8,900.0,0.005,15
6.015000000000001,900.1591113188947,219.22579573155795,0.2,0.2,20.249999999999996,0.8,0.8,900.0,0.005,15
6.0200000000000005,900.157233917114,219.50002744570466,0.2,0.2,20.249999999999996,0.8,0.8,900.0,0.005,15
6.025,900.1556869047649,219.6344645521157,0.2,0.2,20.249999999999996,0.8,0.8,900.0,0.005,15
6.03,900.1544344591717,219.57562563972064,0.2,0.2,20.249999999999996,0.8,0.8,900.0,0.005,15
6.035,900.1533659905227,219.45905762848724,0.2,0.2,20.249999999999996,0.8,0.8,900.0,0.005,15
6.04,900.1524138011018,219.30158945849323,0.2,0.2,20.249999999999996,0.8,0.8,900.0,0.005,15
6.045,900.1518317435357,218.94236788587966,0.2,0.2,20.249999999999996,0.8,0.8,900.0,0.005,15
6.05,900.1509356968188,218.63185379389387,0.2,0.2,20.249999999999996,0.8,0.8,900.0,0.005,15
6.055,900.1495270810752,218.28766741214585,0.2,0.2,20.249999999999996,0.8,0.8,900.0,0.005,15
6.0600000000000005,900.1475385565144,217.87559148115076,0.2,0.2,20.249999999999996,0.8,0.8,900.0,0.005,15
6.065,900.1448863387834,217.37658058794827,0.2,0.2,20.249999999999996,0.8,0.8,900.0,0.005,15
6.07,900.1416209160327,216.79212925304893,0.2,0.2,20.249999999999996,0.8,0.8,900.0,0.005,15
6.075,900.1379121989497,216.1120613843125,0.2,0.2,20.249999999999996,0.8,0.8,900.0,0.005,15
6.08,900.1339217772748,215.31354396801606,0.2,0.2,20.249999999999996,0.8,0.8,900.0,0.005,15
6.085,900.1298994353913,214.42691829218433,0.2,0.2,20.249999999999996,0.8,0.8,900.0,0.005,15
6.09,900.1261252980346,213.46739544539807,0.2,0.2,20.249999999999996,0.8,0.8,900.0,0.005,15
6.095,900.1231890446882,212.19360175512628,0.2,0.2,20.249999999999996,0.8,0.8,900.0,0.005,15
6.1000000000000005,900.1207955391218,211.13967542118914,0.2,0.2,20.249999999999996,0.8,0.8,900.0,0.005,15
6.105,900.1192858202891,210.10108902068677,0.2,0.2,20.249999999999996,0.8,0.8,900.0,0.005,15
6.11,900.1187538974892,209.0862019187582,0.2,0.2,20.249999999999996,0.8,0.8,900.0,0.005,15
6.115,900.1191821284638,208.10835371018499,0.2,0.2,20.249999999999996,0.8,0.8,900.0,0.005,15
6.12,900.1204593379022,207.18709485890392,0.2,0.2,20.249999999999996,0.8,0.8,900.0,0.005,15
6.125,900.122396284324,206.3213569869274,0.2,0.2,20.249999999999996,0.8,0.8,900.0,0.005,15
6.13,900.1249106909578,205.49395867569638,0.2,0.2,20.249999999999996,0.8,0.8,900.0,0.005,15
6.135,900.1277087246237,204.74636128381266,0.2,0.2,20.249999999999996,0.8,0.8,900.0,0.005,15
6.140000000000001,900.1306767775495,204.08645905464584,0.2,0.2,20.249999999999996,0.8,0.8,900.0,0.005,15
6.1450000000000005,900.1336089261705,203.51629744642568,0.2,0.2,20.249999999999996,0.8,0.8,900.0,0.005,15
6.15,900.1364373674335,203.02861754836616,0.2,0.2,20.249999999999996,0.8,0.8,900.0,0.005,15
6.155,900.1391468584421,202.61306841879684,0.2,0.2,20.249999999999996,0.8,0.8,900.0,0.005,15
6.16,900.141719534805,202.29818452933335,0.2,0.2,20.249999999999996,0.8,0.8,900.0,0.005,15
6.165,900.1441745390758,202.08072988415103,0.2,0.2,20.249999999999996,0.8,0.8,900.0,0.005,15
6.17,900.146635885562,201.9546244353942,0.2,0.2,20.249999999999996,0.8,0.8,900.0,0.005,15
6.175,900.1491616301403,201.93248768374767,0.2,0.2,20.249999999999996,0.8,0.8,900.0,0.005,15
6.18,900.1517849665669,202.02956306406486,0.2,0.2,20.249999999999996,0.8,0.8,900.0,0.005,15
6.1850000000000005,900.1546234752223,202.2535899702223,0.2,0.2,20.249999999999996,0.8,0.8,900.0,0.005,15
6.19,900.1575847238427,202.6176770612693,0.2,0.2,20.249999999999996,0.8,0.8,900.0,0.005,15
6.195,900.160620846482,203.1242062399091,0.2,0.2,20.249999999999996,0.8,0.8,900.0,0.005,15
6.2,900.1636015269947,203.78007247739686,0.2,0.2,20.249999999999996,0.8,0.8,900.0,0.005,15
6.205,900.1663921875792,204.58870701660837,0.2,0.2,20.249999999999996,0.8,0.8,900.0,0.005,15
6.21,900.1688396259938,205.54618622625847,0.2,0.2,20.249999999999996,0.8,0.8,900.0,0.005,15
6.215,900.1707703820118,206.63703913759534,0.2,0.2,20.249999999999996,0.8,0.8,900.0,0.005,15
6.22,900.1720168566832,207.83486802462252,0.2,0.2,20.249999999999996,0.8,0.8,900.0,0.005,15
6.2250000000000005,900.1724396137414,209.100857582502,0.2,0.2,20.249999999999996,0.8,0.8,900.0,0.005,15
6.23,900.171936268216,210.38511570418396,0.2,0.2,20.249999999999996,0.8,0.8,900.0,0.005,15
6.235,900.1704808244874,211.5779044514861,0.2,0.2,20.249999999999996,0.8,0.8,900.0,0.005,15
6.24,900.1681457789517,212.68952748774487,0.2,0.2,20.249999999999996,0.8,0.8,900.0,0.005,15
6.245,900.1648514807574,213.68699594231373,0.2,0.2,20.249999999999996,0.8,0.8,900.0,0.005,15
6.25,900.1608528017568,214.50133166448282,0.2,0.2,20.249999999999996,0.8,0.8,900.0,0.005,15
6.255,900.1563885510376,215.10322510352594,0.2,0.2,20.249999999999996,0.8,0.8,900.0,0.005,15
6.26,900.1517328404243,215.47628797210692,0.2,0.2,20.249999999999996,0.8,0.8,900.0,0.005,15
6.265000000000001,900.1471629999637,215.61585016481007,0.2,0.2,20.249999999999996,0.8,0.8,900.0,0.005,15
6.2700000000000005,900.1429406205096,215.5307532761445,0.2,0.2,20.249999999999996,0.8,0.8,900.0,0.005,15
6.275,900.1393122905193,215.22521016117832,0.2,0.2,20.249999999999996,0.8,0.8,900.0,0.005,15
6.28,900.1366312372154,214.63835865318052,0.2,0.2,20.249999999999996,0.8,0.8,900.0,0.005,15
6.285,900.13471608113,214.00764148331777,0.2,0.2,20.249999999999996,0.8,0.8,900.0,0.005,15
6.29,900.1336267546051,213.30228052106798,0.2,0.2,20.249999999999996,0.8,0.8,900.0,0.005,15
6.295,900.1334474245189,212.55037051933593,0.2,0.2,20.249999999999996,0.8,0.8,900.0,0.005,15
6.3,900.1339767528149,211.77940921532192,0.2,0.2,20.249999999999996,0.8,0.8,900.0,0.005,15
6.305,900.1349149605076,211.04399535915007,0.2,0.2,20.249999999999996,0.8,0.8,900.0,0.005,15
6.3100000000000005,900.1360574959562,210.36488613932968,0.2,0.2,20.249999999999996,0.8,0.8,900.0,0.005,15
6.315,900.1372270695018,209.76072406235832,0.2,0.2,20.249999999999996,0.8,0.8,900.0,0.005,15
6.32,900.1382762073438,209.2452994534728,0.2,0.2,20.249999999999996,0.8,0.8,900.0,0.005,15
6.325,900.1390766480566,208.8245032310881,0.2,0.2,20.249999999999996,0.8,0.8,900.0,0.005,15
6.33,900.1395595847207,208.4991229649347,0.2,0.2,20.249999999999996,0.8,0.8,900.0,0.005,15
6.335,900.139718522947,208.26498278789336,0.2,0.2,20.249999999999996,0.8,0.8,900.0,0.005,15
6.34,900.139642579917,208.11149880633496,0.2,0.2,20.249999999999996,0.8,0.8,900.0,0.005,15
6.345,900.1394328132466,208.02475440966063,0.2,0.2,20.249999999999996,0.8,0.8,900.0,0.005,15
6.3500000000000005,900.1391610390646,207.99633171299803,0.2,0.2,20.249999999999996,0.8,0.8,900.0,0.005,15
6.355,900.1389385962607,208.01806697426056,0.2,0.2,20.249999999999996,0.8,0.8,900.0,0.005,15
6.36,900.1389614109496,208.06828895310034,0.2,0.2,20.249999999999996,0.8,0.8,900.0,0.005,15
6.365,900.1394210158937,207.77440257958636,0.2,0.2,20.249999999999996,0.8,0.8,900.0,0.005,15
6.37,900.1403961988119,207.55026938311104,0.2,0.2,20.249999999999996,0.8,0.8,900.0,0.005,15
6.375,900.1413708078782,207.6652085285333,0.2,0.2,20.249999999999996,0.8,0.8,900.0,0.005,15
6.38,900.1426077124522,207.7737807383516,0.2,0.2,20.249999999999996,0.8,0.8,900.0,0.005,15
6.385,900.1439012761517,207.9196092784798,0.2,0.2,20.249999999999996,0.8,0.8,900.0,0.005,15
6.390000000000001,900.1452173613866,208.04876975386313,0.2,0.2,20.249999999999996,0.8,0.8,900.0,0.005,15
6.3950000000000005,900.1464828274775,208.1831882660374,0.2,0.2,20.249999999999996,0.8,0.8,900.0,0.005,15
6.4,900.1475155573704,208.32336968353226,0.2,0.2,20.249999999999996,0.8,0.8,900.0,0.005,15
6.405,900.1484027292756,208.42252293583667,0.2,0.2,20.249999999999996,0.8,0.8,900.0,0.005,15
6.41,900.1490629442719,208.5066672374615,0.2,0.2,20.249999999999996,0.8,0.8,900.0,0.005,15
6.415,900.1495932469531,208.60692359777963,0.2,0.2,20.249999999999996,0.8,0.8,900.0,0.005,15
6.42,900.1498721995788,208.77873054566533,0.2,0.2,20.249999999999996,0.8,0.8,900.0,0.005,15
6.425,900.1500792369623,208.943333773748,0.2,0.2,20.249999999999996,0.8,0.8,900.0,0.005,15
6.43,900.1503173410848,209.0660291626522,0.2,0.2,20.249999999999996,0.8,0.8,900.0,0.005,15
6.4350000000000005,900.150424209904,209.20525877321353,0.2,0.2,20.249999999999996,0.8,0.8,900.0,0.005,15
6.44,900.1503789336892,209.35411627820886,0.2,0.2,20.249999999999996,0.8,0.8,900.0,0.005,15
6.445,900.1502841474397,209.49617128672756,0.2,0.2,20.249999999999996,0.8,0.8,900.0,0.005,15
6.45,900.1500624642297,209.65125413861813,0.2,0.2,20.249999999999996,0.8,0.8,900.0,0.005,15
6.455,900.1496518221327,209.81790460282272,0.2,0.2,20.249999999999996,0.8,0.8,900.0,0.005,15
6.46,900.148994663793,209.94587948770754,0.2,0.2,20.249999999999996,0.8,0.8,900.0,0.005,15
6.465,900.1481756667863,210.05455727198546,0.2,0.2,20.249999999999996,0.8,0.8,900.0,0.005,15
6.47,900.1471116083869,210.12131901572712,0.2,0.2,20.249999999999996,0.8,0.8,900.0,0.005,15
6.4750000000000005,900.1456446201429,210.18446765368833,0.2,0.2,20.249999999999996,0.8,0.8,900.0,0.005,15
6.48,900.1439504153104,210.2106817700611,0.2,0.2,20.249999999999996,0.8,0.8,900.0,0.005,15
6.485,900.1421897403947,210.19124243650614,0.2,0.2,20.249999999999996,0.8,0.8,900.0,0.005,15
6.49,900.1405862642297,210.11930145169788,0.2,0.2,20.249999999999996,0.8,0.8,900.0,0.005,15
6.495,900.1392347837217,209.9996525263186,0.2,0.2,20.249999999999996,0.8,0.8,900.0,0.005,15
6.5,900.1382486854659,209.84177711232002,0.2,0.2,20.249999999999996,0.8,0.8,900.0,0.005,15
6.505,900.1376555578803,209.65823213553904,0.2,0.2,20.249999999999996,0.8,0.8,900.0,0.005,15
6.51,900.1375732719466,209.44540821933265,0.2,0.2,20.249999999999996,0.8,0.8,900.0,0.005,15
6.515000000000001,900.1380547143877,209.2126729978039,0.2,0.2,20.249999999999996,0.8,0.8,900.0,0.005,15
6.5200000000000005,900.1390678519155,208.97316352944102,0.2,0.2,20.249999999999996,0.8,0.8,900.0,0.005,15
6.525,900.1405139435951,208.73997774348967,0.2,0.2,20.249999999999996,0.8,0.8,900.0,0.005,15
6.53,900.1422704523424,208.52413734501258,0.2,0.2,20.249999999999996,0.8,0.8,900.0,0.005,15
6.535,900.1441836904818,208.33097282208175,0.2,0.2,20.249999999999996,0.8,0.8,900.0,0.005,15
6.54,900.1461723989119,208.15704915238322,0.2,0.2,20.249999999999996,0.8,0.8,900.0,0.005,15
6.545,900.1480573540518,208.01908536762414,0.2,0.2,20.249999999999996,0.8,0.8,900.0,0.005,15
6.55,900.1503230605521,207.6016324539872,0.2,0.2,20.249999999999996,0.8,0.8,900.0,0.005,15
6.555,900.1519926115911,207.56883255073697,0.2,0.2,20.249999999999996,0.8,0.8,900.0,0.005,15
6.5600000000000005,900.1530836218595,207.56338929539217,0.2,0.2,20.249999999999996,0.8,0.8,900.0,0.005,15
6.565,900.153793931766,207.60580736750154,0.2,0.2,20.249999999999996,0.8,0.8,900.0,0.005,15
6.57,900.1540193555943,207.67848605644002,0.2,0.2,20.249999999999996,0.8,0.8,900.0,0.005,15
6.575,900.1539293135216,207.770014828322,0.2,0.2,20.249999999999996,0.8,0.8,900.0,0.005,15
6.58,900.1536224036847,207.8761171788174,0.2,0.2,20.249999999999996,0.8,0.8,900.0,0.005,15
6.585,900.1532014273616,207.9911533652575,0.2,0.2,20.249999999999996,0.8,0.8,900.0,0.005,15
6.59,900.152944025217,208.06203273441713,0.2,0.2,20.249999999999996,0.8,0.8,900.0,0.005,15
6.595,900.1529191505545,208.08543889668445,0.2,0.2,20.249999999999996,0.8,0.8,900.0,0.005,15
6.6000000000000005,900.1529308051195,208.2022265668411,0.2,0.2,20.249999999999996,0.8,0.8,900.0,0.005,15
6.605,900.153065685855,208.35201918723146,0.2,0.2,20.249999999999996,0.8,0.8,900.0,0.005,15
6.61,900.1533607786029,208.52578559041856,0.2,0.2,20.249999999999996,0.8,0.8,900.0,0.005,15
6.615,900.1537066838672,208.71346616099447,0.2,0.2,20.249999999999996,0.8,0.8,900.0,0.005,15
6.62,900.1539999735237,208.93135158093088,0.2,0.2,20.249999999999996,0.8,0.8,900.0,0.005,15
6.625,900.1541681285535,209.18632943914972,0.2,0.2,20.249999999999996,0.8,0.8,900.0,0.005,15
6.63,900.1541550708156,209.4793442937727,0.2,0.2,20.249999999999996,0.8,0.8,900.0,0.005,15
6.635,900.1539411169377,209.8070842672392,0.2,0.2,20.249999999999996,0.8,0.8,900.0,0.005,15
6.640000000000001,900.1535267496098,210.1656754457367,0.2,0.2,20.249999999999996,0.8,0.8,900.0,0.005,15
6.6450000000000005,900.1529321495497,210.54875001332496,0.2,0.2,20.249999999999996,0.8,0.8,900.0,0.005,15
6.65,900.1522126457411,210.94751707507348,0.2,0.2,20.249999999999996,0.8,0.8,900.0,0.005,15
6.655,900.1514857822359,211.350821136174,0.2,0.2,20.249999999999996,0.8,0.8,900.0,0.005,15
6.66,900.1507395614663,211.77449560784623,0.2,0.2,20.249999999999996,0.8,0.8,900.0,0.005,15
6.665,900.1500035354796,212.21815593145354,0.2,0.2,20.249999999999996,0.8,0.8,900.0,0.005,15
6.67,900.1494463431131,212.66322187484263,0.2,0.2,20.249999999999996,0.8,0.8,900.0,0.005,15
6.675,900.1490858585046,213.1108261448408,0.2,0.2,20.249999999999996,0.8,0.8,900.0,0.005,15
6.68,900.1490091301549,213.56242102303173,0.2,0.2,20.249999999999996,0.8,0.8,900.0,0.005,15
6.6850000000000005,900.1491226701935,214.01234506129336,0.2,0.2,20.249999999999996,0.8,0.8,900.0,0.005,15
6.69,900.1494959119245,214.45684325636992,0.2,0.2,20.249999999999996,0.8,0.8,900.0,0.005,15
6.695,900.1500875907374,214.89232442881092,0.2,0.2,20.249999999999996,0.8,0.8,900.0,0.005,15
6.7,900.1509957756202,215.23929103831108,0.2,0.2,20.249999999999996,0.8,0.8,900.0,0.005,15
6.705,900.151657930593,215.66727198791745,0.2,0.2,20.249999999999996,0.8,0.8,900.0,0.005,15
6.71,900.1521919577375,216.09947518453416,0.2,0.2,20.249999999999996,0.8,0.8,900.0,0.005,15
6.715,900.1525633232602,216.4763731439233,0.2,0.2,20.249999999999996,0.8,0.8,900.0,0.005,15
6.72,900.1526316784744,216.884755337957,0.2,0.2,20.249999999999996,0.8,0.8,900.0,0.005,15
6.7250000000000005,900.152230728699,217.31375550897496,0.2,0.2,20.249999999999996,0.8,0.8,900.0,0.005,15
6.73,900.1513366922712,217.69276627971115,0.2,0.2,20.249999999999996,0.8,0.8,900.0,0.005,15
6.735,900.1500426750089,217.99288793089,0.2,0.2,20.249999999999996,0.8,0.8,900.0,0.005,15
6.74,900.1483935762792,218.19779694975887,0.2,0.2,20.249999999999996,0.8,0.8,900.0,0.005,15
6.745,900.1464944588453,218.29860631196925,0.2,0.2,20.249999999999996,0.8,0.8,900.0,0.005,15
6.75,900.1444899484568,218.2807649805968,0.2,0.2,20.249999999999996,0.8,0.8,900.0,0.005,15
6.755,900.1431509281131,217.85464850969728,0.2,0.2,20.249999999999996,0.8,0.8,900.0,0.005,15
6.76,900.1415296112315,217.6988224019587,0.2,0.2,20.249999999999996,0.8,0.8,900.0,0.005,15
6.765000000000001,900.1400653081643,217.33717906504583,0.2,0.2,20.249999999999996,0.8,0.8,900.0,0.005,15
6.7700000000000005,900.1387589296118,216.95755248824645,0.2,0.2,20.249999999999996,0.8,0.8,900.0,0.005,15
6.775,900.1378169581526,216.55255346015826,0.2,0.2,20.249999999999996,0.8,0.8,900.0,0.005,15
6.78,900.1373267875405,216.11737351317433,0.2,0.2,20.249999999999996,0.8,0.8,900.0,0.005,15
6.785,900.1371557142609,215.6549185853419,0.2,0.2,20.249999999999996,0.8,0.8,900.0,0.005,15
6.79,900.1370699552286,215.22973562509816,0.2,0.2,20.249999999999996,0.8,0.8,900.0,0.005,15
6.795,900.137038618982,214.8300956354602,0.2,0.2,20.249999999999996,0.8,0.8,900.0,0.005,15
6.8,900.1370724837376,214.46564697383644,0.2,0.2,20.249999999999996,0.8,0.8,900.0,0.005,15
6.805,900.1371310840115,214.14765083140355,0.2,0.2,20.249999999999996,0.8,0.8,900.0,0.005,15
6.8100000000000005,900.137099627079,213.81837960297906,0.2,0.2,20.249999999999996,0.8,0.8,900.0,0.005,15
6.815,900.1370042493453,213.58488507885988,0.2,0.2,20.249999999999996,0.8,0.8,900.0,0.005,15
6.82,900.1367719021019,213.42761095395915,0.2,0.2,20.249999999999996,0.8,0.8,900.0,0.005,15
6.825,900.1364227689369,213.32366550935075,0.2,0.2,20.249999999999996,0.8,0.8,900.0,0.005,15
6.83,900.1361300449043,213.16553192801706,0.2,0.2,20.249999999999996,0.8,0.8,900.0,0.005,15
6.835,900.1361423280873,212.9689532781997,0.2,0.2,20.249999999999996,0.8,0.8,900.0,0.005,15
6.84,900.1358370090297,212.94184284000713,0.2,0.2,20.249999999999996,0.8,0.8,900.0,0.005,15
6.845,900.1355498012462,212.88369598569366,0.2,0.2,20.249999999999996,0.8,0.8,900.0,0.005,15
6.8500000000000005,900.1355739902154,212.74125510374324,0.2,0.2,20.249999999999996,0.8,0.8,900.0,0.005,15
6.855,900.1358925550226,212.5987067014649,0.2,0.2,20.249999999999996,0.8,0.8,900.0,0.005,15
6.86,900.13653733891,212.49005599125647,0.2,0.2,20.249999999999996,0.8,0.8,900.0,0.005,15
6.865,900.1374824711389,212.3905902994078,0.2,0.2,20.249999999999996,0.8,0.8,900.0,0.005,15
6.87,900.1389342897573,212.26204257989045,0.2,0.2,20.249999999999996,0.8,0.8,900.0,0.005,15
6.875,900.1408941720647,212.14458583301268,0.2,0.2,20.249999999999996,0.8,0.8,900.0,0.005,15
6.88,900.1432751836226,212.04213777027505,0.2,0.2,20.249999999999996,0.8,0.8,900.0,0.005,15
6.885,900.1460666810651,211.89832118061742,0.2,0.2,20.249999999999996,0.8,0.8,900.0,0.005,15
6.890000000000001,900.1494708587812,211.66103239930672,0.2,0.2,20.249999999999996,0.8,0.8,900.0,0.005,15
6.8950000000000005,900.152824939825,211.64073588691676,0.2,0.2,20.249999999999996,0.8,0.8,900.0,0.005,15
6.9,900.1560605851225,211.67751482389667,0.2,0.2,20.249999999999996,0.8,0.8,900.0,0.005,15
6.905,900.1593253566678,211.57506174384687,0.2,0.2,20.249999999999996,0.8,0.8,900.0,0.005,15
6.91,900.1626522828149,211.5095930644026,0.2,0.2,20.249999999999996,0.8,0.8,900.0,0.005,15
6.915,900.1650041490941,211.75350243218574,0.2,0.2,20.249999999999996,0.8,0.8,900.0,0.005,15
6.92,900.1666526456437,212.08377135577135,0.2,0.2,20.249999999999996,0.8,0.8,900.0,0.005,15
6.925,900.1675897357158,212.49501202831536,0.2,0.2,20.249999999999996,0.8,0.8,900.0,0.005,15
6.93,900.1689380999959,212.46979306037485,0.2,0.2,20.249999999999996,0.8,0.8,900.0,0.005,15
6.9350000000000005,900.1692800774152,212.99603389366985,0.2,0.2,20.249999999999996,0.8,0.8,900.0,0.005,15
6.94,900.1686105027964,213.5405516155277,0.2,0.2,20.249999999999996,0.8,0.8,900.0,0.005,15
6.945,900.1672189879279,214.10370933842998,0.2,0.2,20.249999999999996,0.8,0.8,900.0,0.005,15
6.95,900.1655584258533,214.36789192123524,0.2,0.2,20.249999999999996,0.8,0.8,900.0,0.005,15
6.955,900.1634606505531,214.7949923289095,0.2,0.2,20.249999999999996,0.8,0.8,900.0,0.005,15
6.96,900.1607839565107,215.22527854521732,0.2,0.2,20.249999999999996,0.8,0.8,900.0,0.005,15
6.965,900.1577160914486,215.5668494199482,0.2,0.2,20.249999999999996,0.8,0.8,900.0,0.005,15
6.97,900.1544709413541,215.78671820750208,0.2,0.2,20.249999999999996,0.8,0.8,900.0,0.005,15
6.9750000000000005,900.1512353076167,215.84809289634865,0.2,0.2,20.249999999999996,0.8,0.8,900.0,0.005,15
6.98,900.1480120649503,215.87447856984613,0.2,0.2,20.249999999999996,0.8,0.8,900.0,0.005,15
6.985,900.1451343276176,215.62487826117976,0.2,0.2,20.249999999999996,0.8,0.8,900.0,0.005,15
6.99,900.1428238104809,215.3004631218424,0.2,0.2,20.249999999999996,0.8,0.8,900.0,0.005,15
6.995,900.1410841225767,214.81664622363135,0.2,0.2,20.249999999999996,0.8,0.8,900.0,0.005,15
7.0,900.1391593765276,214.54477444829794,0.2,0.2,20.249999999999996,0.8,0.8,900.0,0.005,15
7.005,900.1374208149743,214.22687451140595,0.2,0.2,20.249999999999996,0.8,0.8,900.0,0.005,15
7.01,900.135746697048,213.91498243979166,0.2,0.2,20.249999999999996,0.8,0.8,900.0,0.005,15
7.015000000000001,900.1341562814396,213.5831946573254,0.2,0.2,20.249999999999996,0.8,0.8,900.0,0.005,15
7.0200000000000005,900.1326101582807,213.2013083829126,0.2,0.2,20.249999999999996,0.8,0.8,900.0,0.005,15
7.025,900.1310114214276,212.8402961582075,0.2,0.2,20.249999999999996,0.8,0.8,900.0,0.005,15
7.03,900.1293747883536,212.48689467240052,0.2,0.2,20.249999999999996,0.8,0.8,900.0,0.005,15
7.035,900.1279007094047,212.12914589172772,0.2,0.2,20.249999999999996,0.8,0.8,900.0,0.005,15
7.04,900.1265083727612,211.755494180736,0.2,0.2,20.249999999999996,0.8,0.8,900.0,0.005,15
7.045,900.1253005598144,211.37426990313844,0.2,0.2,20.249999999999996,0.8,0.8,900.0,0.005,15
7.05,900.1244090773475,211.0059961205422,0.2,0.2,20.249999999999996,0.8,0.8,900.0,0.005,15
7.055,900.1237709333956,210.63384717618172,0.2,0.2,20.249999999999996,0.8,0.8,900.0,0.005,15
7.0600000000000005,900.123506816754,210.29291719928088,0.2,0.2,20.249999999999996,0.8,0.8,900.0,0.005,15
7.065,900.123596513185,209.97155737580434,0.2,0.2,20.249999999999996,0.8,0.8,900.0,0.005,15
7.07,900.124198277054,209.6630576208036,0.2,0.2,20.249999999999996,0.8,0.8,900.0,0.005,15
7.075,900.125486731087,209.316385988909,0.2,0.2,20.249999999999996,0.8,0.8,900.0,0.005,15
7.08,900.1272652969247,209.01110757308126,0.2,0.2,20.249999999999996,0.8,0.8,900.0,0.005,15
7.085,900.1296974546138,208.52607604451876,0.2,0.2,20.249999999999996,0.8,0.8,900.0,0.005,15
7.09,900.1323928981863,208.25642233718696,0.2,0.2,20.249999999999996,0.8,0.8,900.0,0.005,15
7.095,900.1353726227919,208.09066410282048,0.2,0.2,20.249999999999996,0.8,0.8,900.0,0.005,15
7.1000000000000005,900.1386836385803,208.00126464140615,0.2,0.2,20.249999999999996,0.8,0.8,900.0,0.005,15
7.105,900.1423029602056,207.96561379839014,0.2,0.2,20.249999999999996,0.8,0.8,900.0,0.005,15
7.11,900.1461766261888,208.01888320237848,0.2,0.2,20.249999999999996,0.8,0.8,900.0,0.005,15
7.115,900.1502974550742,208.16033352317726,0.2,0.2,20.249999999999996,0.8,0.8,900.0,0.005,15
7.12,900.15467377276,208.39439694152165,0.2,0.2,20.249999999999996,0.8,0.8,900.0,0.005,15
7.125,900.1592398999941,208.74459188666938,0.2,0.2,20.249999999999996,0.8,0.8,900.0,0.005,15
7.13,900.1638563794733,209.1862589221815,0.2,0.2,20.249999999999996,0.8,0.8,900.0,0.005,15
7.135,900.1685797534487,209.66277189760933,0.2,0.2,20.249999999999996,0.8,0.8,900.0,0.005,15
7.140000000000001,900.1728730498877,210.33943621987527,0.2,0.2,20.249999999999996,0.8,0.8,900.0,0.005,15
7.1450000000000005,900.1766957879385,211.09357437269492,0.2,0.2,20.249999999999996,0.8,0.8,900.0,0.005,15
7.15,900.179969482271,212.00128499623358,0.2,0.2,20.249999999999996,0.8,0.8,900.0,0.005,15
7.155,900.1836401303062,212.29717498807256,0.2,0.2,20.249999999999996,0.8,0.8,900.0,0.005,15
7.16,900.1859774180583,213.42471287453392,0.2,0.2,20.249999999999996,0.8,0.8,900.0,0.005,15
7.165,900.1866869498193,214.7573494038291,0.2,0.2,20.249999999999996,0.8,0.8,900.0,0.005,15
7.17,900.1860879329146,216.1253500306608,0.2,0.2,20.249999999999996,0.8,0.8,900.0,0.005,15
7.175,900.1842706833996,217.52033347114974,0.2,0.2,20.249999999999996,0.8,0.8,900.0,0.005,15
7.18,900.1812324952265,218.9071012712937,0.2,0.2,20.249999999999996,0.8,0.8,900.0,0.005,15
7.1850000000000005,900.1771878225578,220.23432079803135,0.2,0.2,20.249999999999996,0.8,0.8,900.0,0.005,15
7.19,900.1722687568631,221.42158164432416,0.2,0.2,20.249999999999996,0.8,0.8,900.0,0.005,15
7.195,900.1669176675583,222.42216332167004,0.2,0.2,20.249999999999996,0.8,0.8,900.0,0.005,15
7.2,900.1616573192799,223.25130161697354,0.2,0.2,20.249999999999996,0.8,0.8,900.0,0.005,15
7.205,900.1566384177868,223.89857657478035,0.2,0.2,20.249999999999996,0.8,0.8,900.0,0.005,15
7.21,900.1522688300875,224.29513138518254,0.2,0.2,20.249999999999996,0.8,0.8,900.0,0.005,15
7.215,900.1490414570983,224.18173450494768,0.2,0.2,20.249999999999996,0.8,0.8,900.0,0.005,15
7.22,900.1468142938356,224.0381398087235,0.2,0.2,20.249999999999996,0.8,0.8,900.0,0.005,15
7.2250000000000005,900.1461321807869,223.51356521212693,0.2,0.2,20.249999999999996,0.8,0.8,900.0,0.005,15
7.23,900.1454104379177,223.47939736220613,0.2,0.2,20.249999999999996,0.8,0.8,900.0,0.005,15
7.235,900.1449484387912,223.42237283766542,0.2,0.2,20.249999999999996,0.8,0.8,900.0,0.005,15
7.24,900.144665636875,223.1243751389054,0.2,0.2,20.249999999999996,0.8,0.8,900.0,0.005,15
7.245,900.1443359913188,222.80952440792055,0.2,0.2,20.249999999999996,0.8,0.8,900.0,0.005,15
7.25,900.1435617357142,222.57386818300688,0.2,0.2,20.249999999999996,0.8,0.8,900.0,0.005,15
7.255,900.142040294562,222.32007198190487,0.2,0.2,20.249999999999996,0.8,0.8,900.0,0.005,15
7.26,900.1400419469338,221.943930697424,0.2,0.2,20.249999999999996,0.8,0.8,900.0,0.005,15
7.265000000000001,900.1379149018491,221.40204419889793,0.2,0.2,20.249999999999996,0.8,0.8,900.0,0.005,15
7.2700000000000005,900.1356602348977,220.76411916897155,0.2,0.2,20.249999999999996,0.8,0.8,900.0,0.005,15
7.275,900.1335283829743,220.0396414763635,0.2,0.2,20.249999999999996,0.8,0.8,900.0,0.005,15
7.28,900.1319736399323,219.22619015578695,0.2,0.2,20.249999999999996,0.8,0.8,900.0,0.005,15
7.285,900.1315148283721,218.4093134256724,0.2,0.2,20.249999999999996,0.8,0.8,900.0,0.005,15
7.29,900.1319209194681,217.57542109678954,0.2,0.2,20.249999999999996,0.8,0.8,900.0,0.005,15
7.295,900.1332097541813,216.74722260940214,0.2,0.2,20.249999999999996,0.8,0.8,900.0,0.005,15
7.3,900.1353551404749,215.97784837564825,0.2,0.2,20.249999999999996,0.8,0.8,900.0,0.005,15
7.305,900.1392131111835,214.7337996156443,0.2,0.2,20.249999999999996,0.8,0.8,900.0,0.005,15
7.3100000000000005,900.1434044082141,214.039092877132,0.2,0.2,20.249999999999996,0.8,0.8,900.0,0.005,15
7.315,900.1469897663076,213.58050789651622,0.2,0.2,20.249999999999996,0.8,0.8,900.0,0.005,15
7.32,900.1500779928637,213.23000089747677,0.2,0.2,20.249999999999996,0.8,0.8,900.0,0.005,15
7.325,900.1528160790417,213.01857362190648,0.2,0.2,20.249999999999996,0.8,0.8,900.0,0.005,15
7.33,900.154606606136,212.94595441887958,0.2,0.2,20.249999999999996,0.8,0.8,900.0,0.005,15
7.335,900.1553782360664,212.98688235929825,0.2,0.2,20.249999999999996,0.8,0.8,900.0,0.005,15
7.34,900.1554881338393,212.87519583038844,0.2,0.2,20.249999999999996,0.8,0.8,900.0,0.005,15
7.345,900.1550017875819,212.9707802899166,0.2,0.2,20.249999999999996,0.8,0.8,900.0,0.005,15
7.3500000000000005,900.153751959221,213.15561758419673,0.2,0.2,20.249999999999996,0.8,0.8,900.0,0.005,15
7.355,900.1521491083824,213.29637660585252,0.2,0.2,20.249999999999996,0.8,0.8,900.0,0.005,15
7.36,900.1503745722742,213.47235368255588,0.2,0.2,20.249999999999996,0.8,0.8,900.0,0.005,15
7.365,900.1486874584278,213.65425045741412,0.2,0.2,20.249999999999996,0.8,0.8,900.0,0.005,15
7.37,900.1474013004483,213.71111051033992,0.2,0.2,20.249999999999996,0.8,0.8,900.0,0.005,15
7.375,900.1465985567434,213.74939365566573,0.2,0.2,20.249999999999996,0.8,0.8,900.0,0.005,15
7.38,900.1468722922169,213.45345298963767,0.2,0.2,20.249999999999996,0.8,0.8,900.0,0.005,15
7.385,900.1471019577681,213.45933023974354,0.2,0.2,20.249999999999996,0.8,0.8,900.0,0.005,15
7.390000000000001,900.1474639920405,213.46562944769218,0.2,0.2,20.249999999999996,0.8,0.8,900.0,0.005,15
7.3950000000000005,900.148017207399,213.48319895709204,0.2,0.2,20.249999999999996,0.8,0.8,900.0,0.005,15
7.4,900.148679255284,213.50905436621693,0.2,0.2,20.249999999999996,0.8,0.8,900.0,0.005,15
7.405,900.1492556694748,213.54957920738627,0.2,0.2,20.249999999999996,0.8,0.8,900.0,0.005,15
7.41,900.1495934683222,213.61991084807323,0.2,0.2,20.249999999999996,0.8,0.8,900.0,0.005,15
7.415,900.1496722167029,213.69460342752282,0.2,0.2,20.249999999999996,0.8,0.8,900.0,0.005,15
7.42,900.1492923647716,213.80596415799062,0.2,0.2,20.249999999999996,0.8,0.8,900.0,0.005,15
7.425,900.148513445908,213.92865771015977,0.2,0.2,20.249999999999996,0.8,0.8,900.0,0.005,15
7.43,900.1474077770921,214.01205977632185,0.2,0.2,20.249999999999996,0.8,0.8,900.0,0.005,15
7.4350000000000005,900.1461320402465,214.06574695242065,0.2,0.2,20.249999999999996,0.8,0.8,900.0,0.005,15
7.44,900.1447272392903,214.0855172346338,0.2,0.2,20.249999999999996,0.8,0.8,900.0,0.005,15
7.445,900.1436101192121,213.9497143829409,0.2,0.2,20.249999999999996,0.8,0.8,900.0,0.005,15
7.45,900.1422314850556,213.89248035948123,0.2,0.2,20.249999999999996,0.8,0.8,900.0,0.005,15
7.455,900.1409589640267,213.6983277408211,0.2,0.2,20.249999999999996,0.8,0.8,900.0,0.005,15
7.46,900.1398812260283,213.5273882751898,0.2,0.2,20.249999999999996,0.8,0.8,900.0,0.005,15
7.465,900.1389497037886,213.4776312125987,0.2,0.2,20.249999999999996,0.8,0.8,900.0,0.005,15
7.47,900.1381533202934,213.42339459276187,0.2,0.2,20.249999999999996,0.8,0.8,900.0,0.005,15
7.4750000000000005,900.1374687404331,213.37755711933102,0.2,0.2,20.249999999999996,0.8,0.8,900.0,0.005,15
7.48,900.1370390506441,213.22834130748447,0.2,0.2,20.249999999999996,0.8,0.8,900.0,0.005,15
7.485,900.1366557840948,213.11285617319658,0.2,0.2,20.249999999999996,0.8,0.8,900.0,0.005,15
7.49,900.1362174546459,213.03761568760015,0.2,0.2,20.249999999999996,0.8,0.8,900.0,0.005,15
7.495,900.1357562019238,212.95571797239523,0.2,0.2,20.249999999999996,0.8,0.8,900.0,0.005,15
7.5,900.1357452165212,212.5887792990193,0.2,0.2,20.249999999999996,0.8,0.8,900.0,0.005,15
7.505,900.135679964391,212.52474822714402,0.2,0.2,20.249999999999996,0.8,0.8,900.0,0.005,15
7.51,900.1359610886552,211.8658771072493,0.2,0.2,20.249999999999996,0.8,0.8,900.0,0.005,15
7.515000000000001,900.1363803039517,211.3188335175742,0.2,0.2,20.249999999999996,0.8,0.8,900.0,0.005,15
7.5200000000000005,900.1367785768393,211.07709289063337,0.2,0.2,20.249999999999996,0.8,0.8,900.0,0.005,15
7.525,900.1371951780543,210.58792372119217,0.2,0.2,20.249999999999996,0.8,0.8,900.0,0.005,15
7.53,900.1369999342992,210.43556069224132,0.2,0.2,20.249999999999996,0.8,0.8,900.0,0.005,15
7.535,900.1365720535262,210.2493265753432,0.2,0.2,20.249999999999996,0.8,0.8,900.0,0.005,15
7.54,900.1361457369154,210.01688677085696,0.2,0.2,20.249999999999996,0.8,0.8,900.0,0.005,15
7.545,900.1357736347278,209.7707365262924,0.2,0.2,20.249999999999996,0.8,0.8,900.0,0.005,15
7.55,900.1352938599118,209.56752319044202,0.2,0.2,20.249999999999996,0.8,0.8,900.0,0.005,15
7.555,900.1348031431846,209.38933384030085,0.2,0.2,20.249999999999996,0.8,0.8,900.0,0.005,15
7.5600000000000005,900.1346539361724,209.07503759605865,0.2,0.2,20.249999999999996,0.8,0.8,900.0,0.005,15
7.565,900.1344121874724,208.97568950509992,0.2,0.2,20.249999999999996,0.8,0.8,900.0,0.005,15
7.57,900.1342248486109,208.94189615229288,0.2,0.2,20.249999999999996,0.8,0.8,900.0,0.005,15
7.575,900.1341115973158,208.97751297029436,0.2,0.2,20.249999999999996,0.8,0.8,900.0,0.005,15
7.58,900.1343959963356,209.00703426222617,0.2,0.2,20.249999999999996,0.8,0.8,900.0,0.005,15
7.585,900.134906760283,209.0353095760105,0.2,0.2,20.249999999999996,0.8,0.8,900.0,0.005,15
7.59,900.1355163930913,209.17994765570427,0.2,0.2,20.249999999999996,0.8,0.8,900.0,0.005,15
7.595,900.1362329790074,209.2525694886101,0.2,0.2,20.249999999999996,0.8,0.8,900.0,0.005,15
7.6000000000000005,900.1369914226583,209.33285965927016,0.2,0.2,20.249999999999996,0.8,0.8,900.0,0.005,15
7.605,900.1379073656279,209.3617684442175,0.2,0.2,20.249999999999996,0.8,0.8,900.0,0.005,15
7.61,900.139089492232,209.2832120408579,0.2,0.2,20.249999999999996,0.8,0.8,900.0,0.005,15
7.615,900.1399867713365,209.37049878794525,0.2,0.2,20.249999999999996,0.8,0.8,900.0,0.005,15
7.62,900.1404274429605,209.46544213011867,0.2,0.2,20.249999999999996,0.8,0.8,900.0,0.005,15
7.625,900.1406211164436,209.4713345621015,0.2,0.2,20.249999999999996,0.8,0.8,900.0,0.005,15
7.63,900.1406562193426,209.4247718869102,0.2,0.2,20.249999999999996,0.8,0.8,900.0,0.005,15
7.635,900.1404037288145,209.38528590713278,0.2,0.2,20.249999999999996,0.8,0.8,900.0,0.005,15
7.640000000000001,900.1399698992999,209.29607155794196,0.2,0.2,20.249999999999996,0.8,0.8,900.0,0.005,15
7.6450000000000005,900.139419687686,209.1556991625976,0.2,0.2,20.249999999999996,0.8,0.8,900.0,0.005,15
7.65,900.139097817105,208.87004760493926,0.2,0.2,20.249999999999996,0.8,0.8,900.0,0.005,15
7.655,900.1387761961277,208.6520836840859,0.2,0.2,20.249999999999996,0.8,0.8,900.0,0.005,15
7.66,900.1386238455345,208.4192824908074,0.2,0.2,20.249999999999996,0.8,0.8,900.0,0.005,15
7.665,900.1388352406419,208.20919387473106,0.2,0.2,20.249999999999996,0.8,0.8,900.0,0.005,15
7.67,900.1398359726604,207.816276980872,0.2,0.2,20.249999999999996,0.8,0.8,900.0,0.005,15
7.675,900.141206278079,207.62842641342033,0.2,0.2,20.249999999999996,0.8,0.8,900.0,0.005,15
7.68,900.1430840517423,207.51655605151942,0.2,0.2,20.249999999999996,0.8,0.8,900.0,0.005,15
7.6850000000000005,900.1455668839371,207.4880908827944,0.2,0.2,20.249999999999996,0.8,0.8,900.0,0.005,15
7.69,900.1485389739178,207.5558224341029,0.2,0.2,20.249999999999996,0.8,0.8,900.0,0.005,15
7.695,900.1518935734683,207.72260996148137,0.2,0.2,20.249999999999996,0.8,0.8,900.0,0.005,15
7.7,900.1555513350398,207.99564812999284,0.2,0.2,20.249999999999996,0.8,0.8,900.0,0.005,15
7.705,900.1595503071546,208.33670180756647,0.2,0.2,20.249999999999996,0.8,0.8,900.0,0.005,15
7.71,900.1636129792324,208.82087242643192,0.2,0.2,20.249999999999996,0.8,0.8,900.0,0.005,15
7.715,900.1677085472452,209.37009676597154,0.2,0.2,20.249999999999996,0.8,0.8,900.0,0.005,15
7.72,900.1714073801396,210.07607535806008,0.2,0.2,20.249999999999996,0.8,0.8,900.0,0.005,15
7.7250000000000005,900.1749049103626,210.56880130775616,0.2,0.2,20.249999999999996,0.8,0.8,900.0,0.005,15
7.73,900.177887035152,211.09797483013904,0.2,0.2,20.249999999999996,0.8,0.8,900.0,0.005,15
7.735,900.1798867229651,211.76972255506254,0.2,0.2,20.249999999999996,0.8,0.8,900.0,0.005,15
7.74,900.1807216982784,212.5683745221042,0.2,0.2,20.249999999999996,0.8,0.8,900.0,0.005,15
7.745,900.18025366357,213.4013527813629,0.2,0.2,20.249999999999996,0.8,0.8,900.0,0.005,15
7.75,900.1791145609137,213.84690803154996,0.2,0.2,20.249999999999996,0.8,0.8,900.0,0.005,15
7.755,900.1766858925756,214.54262490483268,0.2,0.2,20.249999999999996,0.8,0.8,900.0,0.005,15
7.76,900.1727263791391,215.16965491266495,0.2,0.2,20.249999999999996,0.8,0.8,900.0,0.005,15
7.765000000000001,900.1677848182526,215.67572143763465,0.2,0.2,20.249999999999996,0.8,0.8,900.0,0.005,15
7.7700000000000005,900.1621938152127,216.03615347857357,0.2,0.2,20.249999999999996,0.8,0.8,900.0,0.005,15
7.775,900.1562228621865,216.25297629667233,0.2,0.2,20.249999999999996,0.8,0.8,900.0,0.005,15
7.78,900.1503557980244,216.2731680975585,0.2,0.2,20.249999999999996,0.8,0.8,900.0,0.005,15
7.785,900.1447015974635,216.14708415350478,0.2,0.2,20.249999999999996,0.8,0.8,900.0,0.005,15
7.79,900.1396053624875,215.89241976385247,0.2,0.2,20.249999999999996,0.8,0.8,900.0,0.005,15
7.795,900.1352749458279,215.5262389866912,0.2,0.2,20.249999999999996,0.8,0.8,900.0,0.005,15
7.8,900.1318660221073,215.06678351635662,0.2,0.2,20.249999999999996,0.8,0.8,900.0,0.005,15
7.805000000000001,900.1294030553946,214.52773333807494,0.2,0.2,20.249999999999996,0.8,0.8,900.0,0.005,15
7.8100000000000005,900.1280074366151,213.92996094413672,0.2,0.2,20.249999999999996,0.8,0.8,900.0,0.005,15
7.815,900.1274785027839,213.3309250915963,0.2,0.2,20.249999999999996,0.8,0.8,900.0,0.005,15
7.82,900.1276265199484,212.71315091895394,0.2,0.2,20.249999999999996,0.8,0.8,900.0,0.005,15
7.825,900.128384740255,212.01404563147034,0.2,0.2,20.249999999999996,0.8,0.8,900.0,0.005,15
7.83,900.1296031455613,211.3750575705535,0.2,0.2,20.249999999999996,0.8,0.8,900.0,0.005,15
7.835,900.1312161071584,210.77846289903195,0.2,0.2,20.249999999999996,0.8,0.8,900.0,0.005,15
7.84,900.1330641045485,210.22488821427143,0.2,0.2,20.249999999999996,0.8,0.8,900.0,0.005,15
7.845,900.1350173918587,209.72790352806174,0.2,0.2,20.249999999999996,0.8,0.8,900.0,0.005,15
7.8500000000000005,900.1370120919429,209.27815677121436,0.2,0.2,20.249999999999996,0.8,0.8,900.0,0.005,15
7.855,900.1389721394457,208.87708222336042,0.2,0.2,20.249999999999996,0.8,0.8,900.0,0.005,15
7.86,900.1409079642079,208.49014786155664,0.2,0.2,20.249999999999996,0.8,0.8,900.0,0.005,15
7.865,900.1427333823434,208.16562030520612,0.2,0.2,20.249999999999996,0.8,0.8,900.0,0.005,15
7.87,900.1444701309588,207.74176483238256,0.2,0.2,20.249999999999996,0.8,0.8,900.0,0.005,15
7.875,900.1461399390818,207.35328948317027,0.2,0.2,20.249999999999996,0.8,0.8,900.0,0.005,15
7.88,900.1476837878206,207.1196618236339,0.2,0.2,20.249999999999996,0.8,0.8,900.0,0.005,15
7.885,900.1492669771714,206.8860343659207,0.2,0.2,20.249999999999996,0.8,0.8,900.0,0.005,15
7.890000000000001,900.1516291745694,206.36311037054676,0.2,0.2,20.249999999999996,0.8,0.8,900.0,0.005,15
7.8950000000000005,900.1535317279555,206.19355653891873,0.2,0.2,20.249999999999996,0.8,0.8,900.0,0.005,15
7.9,900.1552160985216,206.104432780809,0.2,0.2,20.249999999999996,0.8,0.8,900.0,0.005,15
7.905,900.1568347184163,206.10314996770938,0.2,0.2,20.249999999999996,0.8,0.8,900.0,0.005,15
7.91,900.1584053685942,206.1935249499041,0.2,0.2,20.249999999999996,0.8,0.8,900.0,0.005,15
7.915,900.1598307395592,206.37496190665703,0.2,0.2,20.249999999999996,0.8,0.8,900.0,0.005,15
7.92,900.1610062853306,206.64077385001818,0.2,0.2,20.249999999999996,0.8,0.8,900.0,0.005,15
7.925,900.1618328475124,206.99362655995844,0.2,0.2,20.249999999999996,0.8,0.8,900.0,0.005,15
7.930000000000001,900.1622391126299,207.42966262520707,0.2,0.2,20.249999999999996,0.8,0.8,900.0,0.005,15
7.9350000000000005,900.1622822666703,207.93165062860228,0.2,0.2,20.249999999999996,0.8,0.8,900.0,0.005,15
7.94,900.1624406295072,208.31124420865598,0.2,0.2,20.249999999999996,0.8,0.8,900.0,0.005,15
7.945,900.1621102417414,208.84330828164178,0.2,0.2,20.249999999999996,0.8,0.8,900.0,0.005,15
7.95,900.1613880624568,209.38916625403846,0.2,0.2,20.249999999999996,0.8,0.8,900.0,0.005,15
7.955,900.1602828794196,210.00748046773427,0.2,0.2,20.249999999999996,0.8,0.8,900.0,0.005,15
7.96,900.158844463429,210.65363225401634,0.2,0.2,20.249999999999996,0.8,0.8,900.0,0.005,15
7.965,900.1573862791656,211.03684751522314,0.2,0.2,20.249999999999996,0.8,0.8,900.0,0.005,15
7.97,900.1558242367192,211.61352295830406,0.2,0.2,20.249999999999996,0.8,0.8,900.0,0.005,15
7.9750000000000005,900.1539734373569,212.18327381102415,0.2,0.2,20.249999999999996,0.8,0.8,900.0,0.005,15
7.98,900.1524223597452,212.40184701394864,0.2,0.2,20.249999999999996,0.8,0.8,900.0,0.005,15
7.985,900.1505902866057,212.80146043600936,0.2,0.2,20.249999999999996,0.8,0.8,900.0,0.005,15
7.99,900.1487336952044,213.08723096110842,0.2,0.2,20.249999999999996,0.8,0.8,900.0,0.005,15
7.995,900.1465253242317,213.32028605056038,0.2,0.2,20.249999999999996,0.8,0.8,900.0,0.005,15
8.0,900.1442375796152,213.44712488920493,0.2,0.2,20.249999999999996,0.8,0.8,900.0,0.005,15
8.005,900.1418844088648,213.48711050422466,0.2,0.2,20.249999999999996,0.8,0.8,900.0,0.005,15
8.01,900.1396221060403,213.43764971362972,0.2,0.2,20.249999999999996,0.8,0.8,900.0,0.005,15
8.015,900.1375270613099,213.30583202499437,0.2,0.2,20.249999999999996,0.8,0.8,900.0,0.005,15
8.02,900.1356557752066,213.1168545809714,0.2,0.2,20.249999999999996,0.8,0.8,900.0,0.005,15
8.025,900.1342760866542,212.86298737979152,0.2,0.2,20.249999999999996,0.8,0.8,900.0,0.005,15
8.03,900.1334578625705,212.5884877647528,0.2,0.2,20.249999999999996,0.8,0.8,900.0,0.005,15
8.035,900.133093609183,212.2098663585541,0.2,0.2,20.249999999999996,0.8,0.8,900.0,0.005,15
8.040000000000001,900.1333708823003,211.8298440631429,0.2,0.2,20.249999999999996,0.8,0.8,900.0,0.005,15
8.045,900.1341774914596,211.51112116376873,0.2,0.2,20.249999999999996,0.8,0.8,900.0,0.005,15
8.05,900.1359941545394,211.08230325034484,0.2,0.2,20.249999999999996,0.8,0.8,900.0,0.005,15
8.055,900.1383912957192,210.4577442444029,0.2,0.2,20.249999999999996,0.8,0.8,900.0,0.005,15
8.06,900.1408874218245,210.04410945558166,0.2,0.2,20.249999999999996,0.8,0.8,900.0,0.005,15
8.065,900.1434021375871,209.75336411568372,0.2,0.2,20.249999999999996,0.8,0.8,900.0,0.005,15
8.07,900.1460607591722,209.53535451925072,0.2,0.2,20.249999999999996,0.8,0.8,900.0,0.005,15
8.075,900.1487351181399,209.36291495535698,0.2,0.2,20.249999999999996,0.8,0.8,900.0,0.005,15
8.08,900.1514326093815,209.24136048099146,0.2,0.2,20.249999999999996,0.8,0.8,900.0,0.005,15
8.085,900.1539372829207,209.12361995423063,0.2,0.2,20.249999999999996,0.8,0.8,900.0,0.005,15
8.09,900.1561480755981,209.04874925622136,0.2,0.2,20.249999999999996,0.8,0.8,900.0,0.005,15
8.095,900.1579830626541,208.99435823005973,0.2,0.2,20.249999999999996,0.8,0.8,900.0,0.005,15
8.1,900.1595251262361,208.96534075523232,0.2,0.2,20.249999999999996,0.8,0.8,900.0,0.005,15
8.105,900.1604466428054,209.04578950419202,0.2,0.2,20.249999999999996,0.8,0.8,900.0,0.005,15
8.11,900.1606258080607,209.16766616965876,0.2,0.2,20.249999999999996,0.8,0.8,900.0,0.005,15
8.115,900.1600798784774,209.30437225868695,0.2,0.2,20.249999999999996,0.8,0.8,900.0,0.005,15
8.120000000000001,900.1589426185149,209.40065665349078,0.2,0.2,20.249999999999996,0.8,0.8,900.0,0.005,15
8.125,900.1570471392216,209.49930060451894,0.2,0.2,20.249999999999996,0.8,0.8,900.0,0.005,15
8.13,900.1544852967238,209.56763930453437,0.2,0.2,20.249999999999996,0.8,0.8,900.0,0.005,15
8.135,900.1514373565708,209.50960027515586,0.2,0.2,20.249999999999996,0.8,0.8,900.0,0.005,15
8.14,900.1481663084055,209.3576346892736,0.2,0.2,20.249999999999996,0.8,0.8,900.0,0.005,15
8.145,900.1446271685446,209.182503369779,0.2,0.2,20.249999999999996,0.8,0.8,900.0,0.005,15
8.15,900.1412514582241,208.9756087917857,0.2,0.2,20.249999999999996,0.8,0.8,900.0,0.005,15
8.155,900.1382874624455,208.7358131217204,0.2,0.2,20.249999999999996,0.8,0.8,900.0,0.005,15
8.16,900.1358917977795,208.4644858875056,0.2,0.2,20.249999999999996,0.8,0.8,900.0,0.005,15
8.165000000000001,900.1342393951944,208.16138635011234,0.2,0.2,20.249999999999996,0.8,0.8,900.0,0.005,15
8.17,900.1334013514726,207.88109347857602,0.2,0.2,20.249999999999996,0.8,0.8,900.0,0.005,15
8.175,900.1333273033808,207.63676934614378,0.2,0.2,20.249999999999996,0.8,0.8,900.0,0.005,15
8.18,900.1340418926964,207.4359930267368,0.2,0.2,20.249999999999996,0.8,0.8,900.0,0.005,15
8.185,900.1354402460214,207.29202450097134,0.2,0.2,20.249999999999996,0.8,0.8,900.0,0.005,15
8.19,900.1373402899756,207.1822933210346,0.2,0.2,20.249999999999996,0.8,0.8,900.0,0.005,15
8.195,900.1396382741934,207.11474415657642,0.2,0.2,20.249999999999996,0.8,0.8,900.0,0.005,15
8.2,900.1422558384145,206.96651764041442,0.2,0.2,20.249999999999996,0.8,0.8,900.0,0.005,15
8.205,900.1445359981758,207.02354384175518,0.2,0.2,20.249999999999996,0.8,0.8,900.0,0.005,15
8.21,900.1465133027481,207.13497416153493,0.2,0.2,20.249999999999996,0.8,0.8,900.0,0.005,15
8.215,900.1482069183722,207.24713410269305,0.2,0.2,20.249999999999996,0.8,0.8,900.0,0.005,15
8.22,900.1495704249963,207.1799743089371,0.2,0.2,20.249999999999996,0.8,0.8,900.0,0.005,15
8.225,900.1504335269,207.1364352042491,0.2,0.2,20.249999999999996,0.8,0.8,900.0,0.005,15
8.23,900.1505280979998,207.32580760373256,0.2,0.2,20.249999999999996,0.8,0.8,900.0,0.005,15
8.235,900.1505832172925,207.16418960767,0.2,0.2,20.249999999999996,0.8,0.8,900.0,0.005,15
8.24,900.1501801036612,207.12920852995097,0.2,0.2,20.249999999999996,0.8,0.8,900.0,0.005,15
8.245000000000001,900.1492608929451,207.25406860906904,0.2,0.2,20.249999999999996,0.8,0.8,900.0,0.005,15
8.25,900.1480650269015,207.39396293152146,0.2,0.2,20.249999999999996,0.8,0.8,900.0,0.005,15
8.255,900.146866804562,207.49132379073896,0.2,0.2,20.249999999999996,0.8,0.8,900.0,0.005,15
8.26,900.1459475307006,207.52418175513728,0.2,0.2,20.249999999999996,0.8,0.8,900.0,0.005,15
8.265,900.1453863917778,207.43775898145657,0.2,0.2,20.249999999999996,0.8,0.8,900.0,0.005,15
8.27,900.1462913242607,206.64995213493333,0.2,0.2,20.249999999999996,0.8,0.8,900.0,0.005,15
8.275,900.1469515460723,206.4386872035198,0.2,0.2,20.249999999999996,0.8,0.8,900.0,0.005,15
8.28,900.1476373185119,206.30402143254707,0.2,0.2,20.249999999999996,0.8,0.8,900.0,0.005,15
8.285,900.1483493274101,206.24488543981428,0.2,0.2,20.249999999999996,0.8,0.8,900.0,0.005,15
8.290000000000001,900.1492093553638,206.20950299914358,0.2,0.2,20.249999999999996,0.8,0.8,900.0,0.005,15
8.295,900.1500952248698,206.11952704647211,0.2,0.2,20.249999999999996,0.8,0.8,900.0,0.005,15
8.3,900.1507391656851,206.1064001765156,0.2,0.2,20.249999999999996,0.8,0.8,900.0,0.005,15
8.305,900.1509714341443,206.1420807178179,0.2,0.2,20.249999999999996,0.8,0.8,900.0,0.005,15
8.31,900.1509557147265,206.14313916562108,0.2,0.2,20.249999999999996,0.8,0.8,900.0,0.005,15
8.315,900.1506616981985,206.20150507725913,0.2,0.2,20.249999999999996,0.8,0.8,900.0,0.005,15
8.32,900.1500218136706,206.2418914713933,0.2,0.2,20.249999999999996,0.8,0.8,900.0,0.005,15
8.325,900.1493008220386,206.20197604906642,0.2,0.2,20.249999999999996,0.8,0.8,900.0,0.005,15
8.33,900.1481309616308,206.3010392206682,0.2,0.2,20.249999999999996,0.8,0.8,900.0,0.005,15
8.335,900.1469597263607,206.31609058370785,0.2,0.2,20.249999999999996,0.8,0.8,900.0,0.005,15
8.34,900.1457821146932,206.3683071255128,0.2,0.2,20.249999999999996,0.8,0.8,900.0,0.005,15
8.345,900.1446467889086,206.4012291411211,0.2,0.2,20.249999999999996,0.8,0.8,900.0,0.005,15
8.35,900.1440488792863,206.27912200327847,0.2,0.2,20.249999999999996,0.8,0.8,900.0,0.005,15
8.355,900.1437441330298,206.16903210236956,0.2,0.2,20.249999999999996,0.8,0.8,900.0,0.005,15
8.36,900.1433596689775,206.1552953346154,0.2,0.2,20.249999999999996,0.8,0.8,900.0,0.005,15
8.365,900.1433449096158,206.1069912115283,0.2,0.2,20.249999999999996,0.8,0.8,900.0,0.005,15
8.370000000000001,900.1435717761036,206.04638517404302,0.2,0.2,20.249999999999996,0.8,0.8,900.0,0.005,15
8.375,900.1439858294111,205.9867933267469,0.2,0.2,20.249999999999996,0.8,0.8,900.0,0.005,15
8.38,900.1446453347595,205.92930131539106,0.2,0.2,20.249999999999996,0.8,0.8,900.0,0.005,15
8.385,900.1455178093746,205.87266871253033,0.2,0.2,20.249999999999996,0.8,0.8,900.0,0.005,15
8.39,900.1465421721587,205.82427344102567,0.2,0.2,20.249999999999996,0.8,0.8,900.0,0.005,15
8.395,900.147734597714,205.78674101898937,0.2,0.2,20.249999999999996,0.8,0.8,900.0,0.005,15
8.4,900.1490916845864,205.76535204996435,0.2,0.2,20.249999999999996,0.8,0.8,900.0,0.005,15
8.405,900.1507840903903,205.63915231000004,0.2,0.2,20.249999999999996,0.8,0.8,900.0,0.005,15
8.41,900.1522856740481,205.64668098474735,0.2,0.2,20.249999999999996,0.8,0.8,900.0,0.005,15
8.415000000000001,900.1535897175241,205.6471916893735,0.2,0.2,20.249999999999996,0.8,0.8,900.0,0.005,15
8.42,900.154765848738,205.67422769393283,0.2,0.2,20.249999999999996,0.8,0.8,900.0,0.005,15
8.425,900.1556035313644,205.72706553338924,0.2,0.2,20.249999999999996,0.8,0.8,900.0,0.005,15
8.43,900.1561270060638,205.7842228531472,0.2,0.2,20.249999999999996,0.8,0.8,900.0,0.005,15
8.435,900.1563667121181,205.82615954903633,0.2,0.2,20.249999999999996,0.8,0.8,900.0,0.005,15
8.44,900.1562317495647,205.84851540230002,0.2,0.2,20.249999999999996,0.8,0.8,900.0,0.005,15
8.445,900.1557543891083,205.8565036923024,0.2,0.2,20.249999999999996,0.8,0.8,900.0,0.005,15
8.45,900.1549803202518,205.84966638227323,0.2,0.2,20.249999999999996,0.8,0.8,900.0,0.005,15
8.455,900.1541078831299,205.7870175107928,0.2,0.2,20.249999999999996,0.8,0.8,900.0,0.005,15
8.46,900.1529719252186,205.7403084117531,0.2,0.2,20.249999999999996,0.8,0.8,900.0,0.005,15
8.465,900.1516898666437,205.65986676434383,0.2,0.2,20.249999999999996,0.8,0.8,900.0,0.005,15
8.47,900.1509981188426,204.71570628291013,0.2,0.2,20.249999999999996,0.8,0.8,900.0,0.005,15
8.475,900.1497301016144,204.5489087086591,0.2,0.2,20.249999999999996,0.8,0.8,900.0,0.005,15
8.48,900.1479963423781,204.43429948694853,0.2,0.2,20.249999999999996,0.8,0.8,900.0,0.005,15
8.485,900.146183607353,204.24212007526683,0.2,0.2,20.249999999999996,0.8,0.8,900.0,0.005,15
8.49,900.1441871852452,203.9803031930845,0.2,0.2,20.249999999999996,0.8,0.8,900.0,0.005,15
8.495000000000001,900.1419536321063,203.6690543156145,0.2,0.2,20.249999999999996,0.8,0.8,900.0,0.005,15
8.5,900.1394657673555,203.3432786848559,0.2,0.2,20.249999999999996,0.8,0.8,900.0,0.005,15
8.505,900.1367912041147,202.98034272411937,0.2,0.2,20.249999999999996,0.8,0.8,900.0,0.005,15
8.51,900.1340937928065,202.5594550923931,0.2,0.2,20.249999999999996,0.8,0.8,900.0,0.005,15
8.515,900.1314549056528,202.13036502262977,0.2,0.2,20.249999999999996,0.8,0.8,900.0,0.005,15
8.52,900.1290105592445,201.69892619651137,0.2,0.2,20.249999999999996,0.8,0.8,900.0,0.005,15
8.525,900.1269058827108,201.24842474030723,0.2,0.2,20.249999999999996,0.8,0.8,900.0,0.005,15
8.53,900.1253509559647,200.7861222246127,0.2,0.2,20.249999999999996,0.8,0.8,900.0,0.005,15
8.535,900.1245466478944,200.33186010439695,0.2,0.2,20.249999999999996,0.8,0.8,900.0,0.005,15
8.540000000000001,900.1244631777888,199.9036979864214,0.2,0.2,20.249999999999996,0.8,0.8,900.0,0.005,15
8.545,900.1249766131363,199.53980536010175,0.2,0.2,20.249999999999996,0.8,0.8,900.0,0.005,15
8.55,900.1260707611091,199.2528700525059,0.2,0.2,20.249999999999996,0.8,0.8,900.0,0.005,15
8.555,900.1277986710612,199.0334619246656,0.2,0.2,20.249999999999996,0.8,0.8,900.0,0.005,15
8.56,900.1301345281921,198.87347491672708,0.2,0.2,20.249999999999996,0.8,0.8,900.0,0.005,15
8.565,900.1330275882855,198.77513509624262,0.2,0.2,20.249999999999996,0.8,0.8,900.0,0.005,15
8.57,900.1361890130876,198.76495954524557,0.2,0.2,20.249999999999996,0.8,0.8,900.0,0.005,15
8.575000000000001,900.1395646543382,198.8381216305043,0.2,0.2,20.249999999999996,0.8,0.8,900.0,0.005,15
8.58,900.1432082459835,198.90811931657618,0.2,0.2,20.249999999999996,0.8,0.8,900.0,0.005,15
8.585,900.1468810995949,199.08326753281366,0.2,0.2,20.249999999999996,0.8,0.8,900.0,0.005,15
8.59,900.150411022441,199.35657785898718,0.2,0.2,20.249999999999996,0.8,0.8,900.0,0.005,15
8.595,900.1537010200368,199.7086022596749,0.2,0.2,20.249999999999996,0.8,0.8,900.0,0.005,15
8.6,900.1566278217367,200.13085896605844,0.2,0.2,20.249999999999996,0.8,0.8,900.0,0.005,15
8.605,900.1590963522358,200.6213605788318,0.2,0.2,20.249999999999996,0.8,0.8,900.0,0.005,15
8.61,900.1610239603372,201.17618439379976,0.2,0.2,20.249999999999996,0.8,0.8,900.0,0.005,15
8.615,900.1623399178419,201.75281141747882,0.2,0.2,20.249999999999996,0.8,0.8,900.0,0.005,15
8.620000000000001,900.1629765642563,202.33392507321363,0.2,0.2,20.249999999999996,0.8,0.8,900.0,0.005,15
8.625,900.1633148106483,202.6178472894253,0.2,0.2,20.249999999999996,0.8,0.8,900.0,0.005,15
8.63,900.1634907182975,202.95927113662964,0.2,0.2,20.249999999999996,0.8,0.8,900.0,0.005,15
8.635,900.1627223892586,203.5010374876118,0.2,0.2,20.249999999999996,0.8,0.8,900.0,0.005,15
8.64,900.1614706226567,204.00458884485602,0.2,0.2,20.249999999999996,0.8,0.8,900.0,0.005,15
8.645,900.1599419838155,204.46664015029057,0.2,0.2,20.249999999999996,0.8,0.8,900.0,0.005,15
8.65,900.1582398861699,204.87947953897125,0.2,0.2,20.249999999999996,0.8,0.8,900.0,0.005,15
8.655,900.1564864733871,205.22848168133163,0.2,0.2,20.249999999999996,0.8,0.8,900.0,0.005,15
8.66,900.1547144823222,205.51182097574818,0.2,0.2,20.249999999999996,0.8,0.8,900.0,0.005,15
8.665000000000001,900.1529462744876,205.72409981650983,0.2,0.2,20.249999999999996,0.8,0.8,900.0,0.005,15
8.67,900.151231202501,205.86054153733917,0.2,0.2,20.249999999999996,0.8,0.8,900.0,0.005,15
8.675,900.1496258389593,205.92277125319688,0.2,0.2,20.249999999999996,0.8,0.8,900.0,0.005,15
8.68,900.1481714575476,205.9151409885248,0.2,0.2,20.249999999999996,0.8,0.8,900.0,0.005,15
8.685,900.1469009640064,205.8454873914383,0.2,0.2,20.249999999999996,0.8,0.8,900.0,0.005,15
8.69,900.1458423087066,205.72053024203097,0.2,0.2,20.249999999999996,0.8,0.8,900.0,0.005,15
8.695,900.1449634115326,205.53666190651603,0.2,0.2,20.249999999999996,0.8,0.8,900.0,0.005,15
8.700000000000001,900.1442655174585,205.2888321330924,0.2,0.2,20.249999999999996,0.8,0.8,900.0,0.005,15
8.705,900.1437405547659,204.95826022126192,0.2,0.2,20.249999999999996,0.8,0.8,900.0,0.005,15
8.71,900.1433859025773,204.6110748447797,0.2,0.2,20.249999999999996,0.8,0.8,900.0,0.005,15
8.715,900.1431422953987,204.25089324612415,0.2,0.2,20.249999999999996,0.8,0.8,900.0,0.005,15
8.72,900.1430627851148,203.85021753793274,0.2,0.2,20.249999999999996,0.8,0.8,900.0,0.005,15
8.725,900.1432488406309,203.30205760753864,0.2,0.2,20.249999999999996,0.8,0.8,900.0,0.005,15
8.73,900.1434875314677,202.82109010789802,0.2,0.2,20.249999999999996,0.8,0.8,900.0,0.005,15
8.735,900.1435931966312,202.46300377932883,0.2,0.2,20.249999999999996,0.8,0.8,900.0,0.005,15
8.74,900.1437148289235,202.16078586716787,0.2,0.2,20.249999999999996,0.8,0.8,900.0,0.005,15
8.745000000000001,900.1438268152777,201.92451913356615,0.2,0.2,20.249999999999996,0.8,0.8,900.0,0.005,15
8.75,900.143923117556,201.74460222511772,0.2,0.2,20.249999999999996,0.8,0.8,900.0,0.005,15
8.755,900.144079992287,201.5709539013311,0.2,0.2,20.249999999999996,0.8,0.8,900.0,0.005,15
8.76,900.1442873233891,201.4585433173105,0.2,0.2,20.249999999999996,0.8,0.8,900.0,0.005,15
8.765,900.1443584242454,201.4491760230916,0.2,0.2,20.249999999999996,0.8,0.8,900.0,0.005,15
8.77,900.1443145355144,201.50607965016601,0.2,0.2,20.249999999999996,0.8,0.8,900.0,0.005,15
8.775,900.1443781752669,201.4385482097976,0.2,0.2,20.249999999999996,0.8,0.8,900.0,0.005,15
8.78,900.1448551564674,201.356265860375,0.2,0.2,20.249999999999996,0.8,0.8,900.0,0.005,15
8.785,900.144820482126,201.48449220555767,0.2,0.2,20.249999999999996,0.8,0.8,900.0,0.005,15
8.790000000000001,900.1443741834629,201.6865610541946,0.2,0.2,20.249999999999996,0.8,0.8,900.0,0.005,15
8.795,900.1436016321717,201.9078490885756,0.2,0.2,20.249999999999996,0.8,0.8,900.0,0.005,15
8.8,900.1425717176685,202.11711108544205,0.2,0.2,20.249999999999996,0.8,0.8,900.0,0.005,15
8.805,900.1414067552847,202.28873437731164,0.2,0.2,20.249999999999996,0.8,0.8,900.0,0.005,15
8.81,900.1401223164147,202.41535101298035,0.2,0.2,20.249999999999996,0.8,0.8,900.0,0.005,15
8.815,900.1388256228264,202.4788707609829,0.2,0.2,20.249999999999996,0.8,0.8,900.0,0.005,15
8.82,900.1376856743043,202.4766317607336,0.2,0.2,20.249999999999996,0.8,0.8,900.0,0.005,15
8.825000000000001,900.1368884296506,202.4163474186864,0.2,0.2,20.249999999999996,0.8,0.8,900.0,0.005,15
8.83,900.1366153843493,202.3045503431074,0.2,0.2,20.249999999999996,0.8,0.8,900.0,0.005,15
8.835,900.1369510169272,202.1654195912051,0.2,0.2,20.249999999999996,0.8,0.8,900.0,0.005,15
8.84,900.1379069828915,202.01599016382684,0.2,0.2,20.249999999999996,0.8,0.8,900.0,0.005,15
8.845,900.1396631364455,201.69613797210857,0.2,0.2,20.249999999999996,0.8,0.8,900.0,0.005,15
8.85,900.1421321263248,201.4662144240297,0.2,0.2,20.249999999999996,0.8,0.8,900.0,0.005,15
8.855,900.1455131809478,201.02889454810756,0.2,0.2,20.249999999999996,0.8,0.8,900.0,0.005,15
8.86,900.1487149795963,200.96831656735156,0.2,0.2,20.249999999999996,0.8,0.8,900.0,0.005,15
8.865,900.1519147297706,200.70710289956418,0.2,0.2,20.249999999999996,0.8,0.8,900.0,0.005,15
8.870000000000001,900.1551335749252,200.55427235617546,0.2,0.2,20.249999999999996,0.8,0.8,900.0,0.005,15
8.875,900.1576191905002,200.79245081474204,0.2,0.2,20.249999999999996,0.8,0.8,900.0,0.005,15
8.88,900.1594667485605,201.11001420804286,0.2,0.2,20.249999999999996,0.8,0.8,900.0,0.005,15
8.885,900.1606184920394,201.5370790055339,0.2,0.2,20.249999999999996,0.8,0.8,900.0,0.005,15
8.89,900.1610562200227,202.0339141598311,0.2,0.2,20.249999999999996,0.8,0.8,900.0,0.005,15
8.895,900.1608395260121,202.60229568194248,0.2,0.2,20.249999999999996,0.8,0.8,900.0,0.005,15
8.9,900.1600837419886,203.20229176883262,0.2,0.2,20.249999999999996,0.8,0.8,900.0,0.005,15
8.905,900.1594449872608,203.50076139005256,0.2,0.2,20.249999999999996,0.8,0.8,900.0,0.005,15
8.91,900.1584704180094,204.0764186969886,0.2,0.2,20.249999999999996,0.8,0.8,900.0,0.005,15
8.915000000000001,900.1571347222305,204.74068936384577,0.2,0.2,20.249999999999996,0.8,0.8,900.0,0.005,15
8.92,900.1557541021047,205.3479423029193,0.2,0.2,20.249999999999996,0.8,0.8,900.0,0.005,15
8.925,900.154488651891,205.91316608712128,0.2,0.2,20.249999999999996,0.8,0.8,900.0,0.005,15
8.93,900.1533635670562,206.27075205466346,0.2,0.2,20.249999999999996,0.8,0.8,900.0,0.005,15
8.935,900.1525362632424,206.6528425404918,0.2,0.2,20.249999999999996,0.8,0.8,900.0,0.005,15
8.94,900.151506146579,207.0728491210666,0.2,0.2,20.249999999999996,0.8,0.8,900.0,0.005,15
8.945,900.150823845161,207.2406262661531,0.2,0.2,20.249999999999996,0.8,0.8,900.0,0.005,15
8.950000000000001,900.1504062021409,207.41373389275503,0.2,0.2,20.249999999999996,0.8,0.8,900.0,0.005,15
8.955,900.1500627849778,207.6367432803775,0.2,0.2,20.249999999999996,0.8,0.8,900.0,0.005,15
8.96,900.1498403992424,207.7624200154213,0.2,0.2,20.249999999999996,0.8,0.8,900.0,0.005,15
8.965,900.1497387245179,207.85025829461796,0.2,0.2,20.249999999999996,0.8,0.8,900.0,0.005,15
8.97,900.1497491068919,207.89858802188263,0.2,0.2,20.249999999999996,0.8,0.8,900.0,0.005,15
8.975,900.1499389262214,207.85460624145153,0.2,0.2,20.249999999999996,0.8,0.8,900.0,0.005,15
8.98,900.1509545478168,207.6802977380692,0.2,0.2,20.249999999999996,0.8,0.8,900.0,0.005,15
8.985,900.1518478454359,207.557169785031,0.2,0.2,20.249999999999996,0.8,0.8,900.0,0.005,15
8.99,900.1528057406078,207.44725063542782,0.2,0.2,20.249999999999996,0.8,0.8,900.0,0.005,15
8.995000000000001,900.153851633081,207.3344008088841,0.2,0.2,20.249999999999996,0.8,0.8,900.0,0.005,15
9.0,900.1552143447773,206.9524923641489,0.2,0.2,20.249999999999996,0.8,0.8,900.0,0.005,15
9.005,900.156887107855,206.7339723915522,0.2,0.2,20.249999999999996,0.8,0.8,900.0,0.005,15
9.01,900.1580630769818,206.74855806159746,0.2,0.2,20.249999999999996,0.8,0.8,900.0,0.005,15
9.015,900.1588000040678,206.83555289894002,0.2,0.2,20.249999999999996,0.8,0.8,900.0,0.005,15
9.02,900.1591180024747,206.98144932685653,0.2,0.2,20.249999999999996,0.8,0.8,900.0,0.005,15
9.025,900.1590378557685,207.18937919181022,0.2,0.2,20.249999999999996,0.8,0.8,900.0,0.005,15
9.03,900.1583521594673,207.43348714059073,0.2,0.2,20.249999999999996,0.8,0.8,900.0,0.005,15
9.035,900.1570322508378,207.69297458582048,0.2,0.2,20.249999999999996,0.8,0.8,900.0,0.005,15
9.040000000000001,900.1551995340831,207.92144314404106,0.2,0.2,20.249999999999996,0.8,0.8,900.0,0.005,15
9.045,900.1531436372213,208.06952810219403,0.2,0.2,20.249999999999996,0.8,0.8,900.0,0.005,15
9.05,900.1507367847086,208.1778944277037,0.2,0.2,20.249999999999996,0.8,0.8,900.0,0.005,15
9.055,900.1476901739121,208.20484762305944,0.2,0.2,20.249999999999996,0.8,0.8,900.0,0.005,15
9.06,900.1444554106793,208.11855947430738,0.2,0.2,20.249999999999996,0.8,0.8,900.0,0.005,15
9.065,900.1411646837194,207.9098674192918,0.2,0.2,20.249999999999996,0.8,0.8,900.0,0.005,15
9.07,900.1380339642625,207.59393210749556,0.2,0.2,20.249999999999996,0.8,0.8,900.0,0.005,15
9.075000000000001,900.1352213937811,207.191483590383,0.2,0.2,20.249999999999996,0.8,0.8,900.0,0.005,15
9.08,900.1329099132856,206.7119602457472,0.2,0.2,20.249999999999996,0.8,0.8,900.0,0.005,15
9.085,900.131265110684,206.1879545694181,0.2,0.2,20.249999999999996,0.8,0.8,900.0,0.005,15
9.09,900.1303767127731,205.66337269264147,0.2,0.2,20.249999999999996,0.8,0.8,900.0,0.005,15
9.095,900.1302499246316,205.1292514861576,0.2,0.2,20.249999999999996,0.8,0.8,900.0,0.005,15
9.1,900.1306154561616,204.60397495249507,0.2,0.2,20.249999999999996,0.8,0.8,900.0,0.005,15
9.105,900.1313924867179,204.08830965798649,0.2,0.2,20.249999999999996,0.8,0.8,900.0,0.005,15
9.11,900.1326592458333,203.42953206404422,0.2,0.2,20.249999999999996,0.8,0.8,900.0,0.005,15
9.115,900.1345806870315,202.65702096247654,0.2,0.2,20.249999999999996,0.8,0.8,900.0,0.005,15
9.120000000000001,900.136096578041,202.17395486383535,0.2,0.2,20.249999999999996,0.8,0.8,900.0,0.005,15
9.125,900.1374777612774,201.72523191425557,0.2,0.2,20.249999999999996,0.8,0.8,900.0,0.005,15
9.13,900.1387791880691,201.314614129971,0.2,0.2,20.249999999999996,0.8,0.8,900.0,0.005,15
9.135,900.1400294811608,200.9494316824889,0.2,0.2,20.249999999999996,0.8,0.8,900.0,0.005,15
9.14,900.1410664021207,200.6392249079372,0.2,0.2,20.249999999999996,0.8,0.8,900.0,0.005,15
9.145,900.1420361331756,200.2433343073912,0.2,0.2,20.249999999999996,0.8,0.8,900.0,0.005,15
9.15,900.1430439666801,199.92730798475333,0.2,0.2,20.249999999999996,0.8,0.8,900.0,0.005,15
9.155,900.1439544982289,199.72384163746085,0.2,0.2,20.249999999999996,0.8,0.8,900.0,0.005,15
9.16,900.1448269513844,199.63094028865257,0.2,0.2,20.249999999999996,0.8,0.8,900.0,0.005,15
9.165000000000001,900.1456650986428,199.61668606531836,0.2,0.2,20.249999999999996,0.8,0.8,900.0,0.005,15
9.17,900.1464620155557,199.70101592285482,0.2,0.2,20.249999999999996,0.8,0.8,900.0,0.005,15
9.175,900.1472980623597,199.88007088414878,0.2,0.2,20.249999999999996,0.8,0.8,900.0,0.005,15
9.18,900.1481033847512,200.10339515812788,0.2,0.2,20.249999999999996,0.8,0.8,900.0,0.005,15
9.185,900.1488050783643,200.4142612745658,0.2,0.2,20.249999999999996,0.8,0.8,900.0,0.005,15
9.19,900.1494044412265,200.7966446749704,0.2,0.2,20.249999999999996,0.8,0.8,900.0,0.005,15
9.195,900.1498296125901,201.22122090425478,0.2,0.2,20.249999999999996,0.8,0.8,900.0,0.005,15
9.200000000000001,900.1502541282293,201.59309632633196,0.2,0.2,20.249999999999996,0.8,0.8,900.0,0.005,15
9.205,900.1505284225826,202.04802622072654,0.2,0.2,20.249999999999996,0.8,0.8,900.0,0.005,15
9.21,900.1507659344404,202.52262891412497,0.2,0.2,20.249999999999996,0.8,0.8,900.0,0.005,15
9.215,900.1511399852266,203.00960727653424,0.2,0.2,20.249999999999996,0.8,0.8,900.0,0.005,15
9.22,900.1516932494254,203.51067958393793,0.2,0.2,20.249999999999996,0.8,0.8,900.0,0.005,15
9.225,900.1524751929444,204.02740751483836,0.2,0.2,20.249999999999996,0.8,0.8,900.0,0.005,15
9.23,900.153434015953,204.5290772353987,0.2,0.2,20.249999999999996,0.8,0.8,900.0,0.005,15
9.235,900.1546449834269,205.0228007575335,0.2,0.2,20.249999999999996,0.8,0.8,900.0,0.005,15
9.24,900.1560836774304,205.4908209446316,0.2,0.2,20.249999999999996,0.8,0.8,900.0,0.005,15
9.245000000000001,900.1576423896382,205.93963766262658,0.2,0.2,20.249999999999996,0.8,0.8,900.0,0.005,15
9.25,900.1593157091859,206.32998568029464,0.2,0.2,20.249999999999996,0.8,0.8,900.0,0.005,15
9.255,900.1610244546122,206.69431238005765,0.2,0.2,20.249999999999996,0.8,0.8,900.0,0.005,15
9.26,900.1623239584759,207.12378109595065,0.2,0.2,20.249999999999996,0.8,0.8,900.0,0.005,15
9.265,900.1632225101982,207.57732914066838,0.2,0.2,20.249999999999996,0.8,0.8,900.0,0.005,15
9.27,900.1636935153857,208.0454914283387,0.2,0.2,20.249999999999996,0.8,0.8,900.0,0.005,15
9.275,900.1635121514984,208.54083868070407,0.2,0.2,20.249999999999996,0.8,0.8,900.0,0.005,15
9.28,900.162625707264,209.07079134408653,0.2,0.2,20.249999999999996,0.8,0.8,900.0,0.005,15
9.285,900.1610170365554,209.6158771175979,0.2,0.2,20.249999999999996,0.8,0.8,900.0,0.005,15
9.290000000000001,900.1586574538608,210.15382334301526,0.2,0.2,20.249999999999996,0.8,0.8,900.0,0.005,15
9.295,900.155638619663,210.65696882107412,0.2,0.2,20.249999999999996,0.8,0.8,900.0,0.005,15
9.3,900.1520689644651,211.09398610344854,0.2,0.2,20.249999999999996,0.8,0.8,900.0,0.005,15
9.305,900.1481070418839,211.4115789518005,0.2,0.2,20.249999999999996,0.8,0.8,900.0,0.005,15
9.31,900.1439414423505,211.60466606973046,0.2,0.2,20.249999999999996,0.8,0.8,900.0,0.005,15
9.315,900.1397343553331,211.66701394978946,0.2,0.2,20.249999999999996,0.8,0.8,900.0,0.005,15
9.32,900.1357492567668,211.58483755293074,0.2,0.2,20.249999999999996,0.8,0.8,900.0,0.005,15
9.325000000000001,900.1323073211743,211.32921651176943,0.2,0.2,20.249999999999996,0.8,0.8,900.0,0.005,15
9.33,900.1293999114328,210.8983150260093,0.2,0.2,20.249999999999996,0.8,0.8,900.0,0.005,15
9.335,900.1272484404129,210.39601514956394,0.2,0.2,20.249999999999996,0.8,0.8,900.0,0.005,15
9.34,900.1258693121202,209.86224400917487,0.2,0.2,20.249999999999996,0.8,0.8,900.0,0.005,15
9.345,900.1254527644595,209.3181055341978,0.2,0.2,20.249999999999996,0.8,0.8,900.0,0.005,15
9.35,900.1258790082533,208.78877494197582,0.2,0.2,20.249999999999996,0.8,0.8,900.0,0.005,15
9.355,900.1269558103413,208.29703656675008,0.2,0.2,20.249999999999996,0.8,0.8,900.0,0.005,15
9.36,900.1285491224875,207.83020372054048,0.2,0.2,20.249999999999996,0.8,0.8,900.0,0.005,15
9.365,900.1304852974104,207.38097892046085,0.2,0.2,20.249999999999996,0.8,0.8,900.0,0.005,15
9.370000000000001,900.1325887223207,206.96255757985378,0.2,0.2,20.249999999999996,0.8,0.8,900.0,0.005,15
9.375,900.1347602484857,206.5788708464296,0.2,0.2,20.249999999999996,0.8,0.8,900.0,0.005,15
9.38,900.136961194342,206.24957607365943,0.2,0.2,20.249999999999996,0.8,0.8,900.0,0.005,15
9.385,900.1391916696587,205.9816879315075,0.2,0.2,20.249999999999996,0.8,0.8,900.0,0.005,15
9.39,900.1413179523387,205.78893803932348,0.2,0.2,20.249999999999996,0.8,0.8,900.0,0.005,15
9.395,900.1433863909702,205.65956401529573,0.2,0.2,20.249999999999996,0.8,0.8,900.0,0.005,15
9.4,900.1453808327915,205.59767231843742,0.2,0.2,20.249999999999996,0.8,0.8,900.0,0.005,15
9.405,900.1472490589505,205.5989716983076,0.2,0.2,20.249999999999996,0.8,0.8,900.0,0.005,15
9.41,900.1490835590977,205.65794787024518,0.2,0.2,20.249999999999996,0.8,0.8,900.0,0.005,15
9.415000000000001,900.1509249503662,205.77032612979835,0.2,0.2,20.249999999999996,0.8,0.8,900.0,0.005,15
9.42,900.1528908374744,205.7686141400266,0.2,0.2,20.249999999999996,0.8,0.8,900.0,0.005,15
9.425,900.1554630944884,205.4078630547955,0.2,0.2,20.249999999999996,0.8,0.8,900.0,0.005,15
9.43,900.1575135496113,205.55854770406046,0.2,0.2,20.249999999999996,0.8,0.8,900.0,0.005,15
9.435,900.1589922042355,205.80983199144777,0.2,0.2,20.249999999999996,0.8,0.8,900.0,0.005,15
9.44,900.1600684693586,206.14505462606465,0.2,0.2,20.249999999999996,0.8,0.8,900.0,0.005,15
9.445,900.1607379792833,206.55532609219597,0.2,0.2,20.249999999999996,0.8,0.8,900.0,0.005,15
9.450000000000001,900.1614415095083,206.5784502539983,0.2,0.2,20.249999999999996,0.8,0.8,900.0,0.005,15
9.455,900.1614381574991,207.08357888780645,0.2,0.2,20.249999999999996,0.8,0.8,900.0,0.005,15
9.46,900.1606309502877,207.38211589728644,0.2,0.2,20.249999999999996,0.8,0.8,900.0,0.005,15
9.465,900.1593260669233,207.738658455122,0.2,0.2,20.249999999999996,0.8,0.8,900.0,0.005,15
9.47,900.1569491026216,208.25756308836364,0.2,0.2,20.249999999999996,0.8,0.8,900.0,0.005,15
9.475,900.1538578786722,208.69487676329672,0.2,0.2,20.249999999999996,0.8,0.8,900.0,0.005,15
9.48,900.1500312824788,209.03387242958402,0.2,0.2,20.249999999999996,0.8,0.8,900.0,0.005,15
9.485,900.1458822239015,209.31137245559142,0.2,0.2,20.249999999999996,0.8,0.8,900.0,0.005,15
9.49,900.1417279982179,209.4228975724544,0.2,0.2,20.249999999999996,0.8,0.8,900.0,0.005,15
9.495000000000001,900.137656429306,209.4169554481036,0.2,0.2,20.249999999999996,0.8,0.8,900.0,0.005,15
9.5,900.1344156139444,208.79367679148797,0.2,0.2,20.249999999999996,0.8,0.8,900.0,0.005,15
9.505,900.1319250119856,208.57350561858334,0.2,0.2,20.249999999999996,0.8,0.8,900.0,0.005,15
9.51,900.1299685079749,208.21924871866824,0.2,0.2,20.249999999999996,0.8,0.8,900.0,0.005,15
9.515,900.1288573563137,207.84214774029957,0.2,0.2,20.249999999999996,0.8,0.8,900.0,0.005,15
9.52,900.12853889266,207.4533888668295,0.2,0.2,20.249999999999996,0.8,0.8,900.0,0.005,15
9.525,900.1287939546175,207.004484564504,0.2,0.2,20.249999999999996,0.8,0.8,900.0,0.005,15
9.53,900.1294066721822,206.64768541362477,0.2,0.2,20.249999999999996,0.8,0.8,900.0,0.005,15
9.535,900.1303353226939,206.33463593377925,0.2,0.2,20.249999999999996,0.8,0.8,900.0,0.005,15
9.540000000000001,900.1315363531191,206.07091179606255,0.2,0.2,20.249999999999996,0.8,0.8,900.0,0.005,15
9.545,900.1328106332793,205.85022421640298,0.2,0.2,20.249999999999996,0.8,0.8,900.0,0.005,15
9.55,900.1341399767698,205.67057351349433,0.2,0.2,20.249999999999996,0.8,0.8,900.0,0.005,15
9.555,900.1356846297856,205.50204107038223,0.2,0.2,20.249999999999996,0.8,0.8,900.0,0.005,15
9.56,900.1373477836486,205.24786248226823,0.2,0.2,20.249999999999996,0.8,0.8,900.0,0.005,15
9.565,900.1389753881001,205.13963731189546,0.2,0.2,20.249999999999996,0.8,0.8,900.0,0.005,15
9.57,900.141022411865,204.87644474383075,0.2,0.2,20.249999999999996,0.8,0.8,900.0,0.005,15
9.575000000000001,900.1432388727801,204.78597967122815,0.2,0.2,20.249999999999996,0.8,0.8,900.0,0.005,15
9.58,900.1452642899902,204.82924303102706,0.2,0.2,20.249999999999996,0.8,0.8,900.0,0.005,15
9.585,900.1472827605991,204.92509539562818,0.2,0.2,20.249999999999996,0.8,0.8,900.0,0.005,15
9.59,900.1493438709057,205.0575012280632,0.2,0.2,20.249999999999996,0.8,0.8,900.0,0.005,15
9.595,900.1514156960176,205.1936699881726,0.2,0.2,20.249999999999996,0.8,0.8,900.0,0.005,15
9.6,900.1537412699636,205.16264682235575,0.2,0.2,20.249999999999996,0.8,0.8,900.0,0.005,15
9.605,900.1558526635151,205.23134061676816,0.2,0.2,20.249999999999996,0.8,0.8,900.0,0.005,15
9.61,900.1578041482182,205.34838197731642,0.2,0.2,20.249999999999996,0.8,0.8,900.0,0.005,15
9.615,900.1592981266465,205.69723545294363,0.2,0.2,20.249999999999996,0.8,0.8,900.0,0.005,15
9.620000000000001,900.1605131941386,206.111599828638,0.2,0.2,20.249999999999996,0.8,0.8,900.0,0.005,15
9.625,900.1615872445499,206.61502394086753,0.2,0.2,20.249999999999996,0.8,0.8,900.0,0.005,15
9.63,900.1624827362954,207.19845971879104,0.2,0.2,20.249999999999996,0.8,0.8,900.0,0.005,15
9.635,900.1633892826202,207.76772167595826,0.2,0.2,20.249999999999996,0.8,0.8,900.0,0.005,15
9.64,900.1644174851336,208.31279399374327,0.2,0.2,20.249999999999996,0.8,0.8,900.0,0.005,15
9.645,900.164868901693,209.1026427219275,0.2,0.2,20.249999999999996,0.8,0.8,900.0,0.005,15
9.65,900.1649030468145,209.93510353488423,0.2,0.2,20.249999999999996,0.8,0.8,900.0,0.005,15
9.655,900.1644815609022,210.8039483362829,0.2,0.2,20.249999999999996,0.8,0.8,900.0,0.005,15
9.66,900.1634411198584,211.62744251012703,0.2,0.2,20.249999999999996,0.8,0.8,900.0,0.005,15
9.665000000000001,900.1616150230128,212.36130341547116,0.2,0.2,20.249999999999996,0.8,0.8,900.0,0.005,15
9.67,900.1588537775957,213.0461712992742,0.2,0.2,20.249999999999996,0.8,0.8,900.0,0.005,15
9.675,900.1553287836082,213.58419152304276,0.2,0.2,20.249999999999996,0.8,0.8,900.0,0.005,15
9.68,900.1517208876548,213.43823201752883,0.2,0.2,20.249999999999996,0.8,0.8,900.0,0.005,15
9.685,900.1476565764588,213.51953082090472,0.2,0.2,20.249999999999996,0.8,0.8,900.0,0.005,15
9.69,900.1435507131154,213.50198871909268,0.2,0.2,20.249999999999996,0.8,0.8,900.0,0.005,15
9.695,900.1401469901913,213.19946507067803,0.2,0.2,20.249999999999996,0.8,0.8,900.0,0.005,15
9.700000000000001,900.137558231077,212.86812826505758,0.2,0.2,20.249999999999996,0.8,0.8,900.0,0.005,15
9.705,900.135937688744,212.48111343127917,0.2,0.2,20.249999999999996,0.8,0.8,900.0,0.005,15
9.71,900.1357780837543,211.92591435465818,0.2,0.2,20.249999999999996,0.8,0.8,900.0,0.005,15
9.715,900.1367305889996,211.48693687712336,0.2,0.2,20.249999999999996,0.8,0.8,900.0,0.005,15
9.72,900.1387354073933,211.12283837032587,0.2,0.2,20.249999999999996,0.8,0.8,900.0,0.005,15
9.725,900.1415680653408,210.84036744326733,0.2,0.2,20.249999999999996,0.8,0.8,900.0,0.005,15
9.73,900.1449158023825,210.66745755138118,0.2,0.2,20.249999999999996,0.8,0.8,900.0,0.005,15
9.735,900.1487171123647,210.4963802623693,0.2,0.2,20.249999999999996,0.8,0.8,900.0,0.005,15
9.74,900.1522950671473,210.6639507030153,0.2,0.2,20.249999999999996,0.8,0.8,900.0,0.005,15
9.745000000000001,900.1550908011636,211.05318179899976,0.2,0.2,20.249999999999996,0.8,0.8,900.0,0.005,15
9.75,900.1571826704942,211.6318235145248,0.2,0.2,20.249999999999996,0.8,0.8,900.0,0.005,15
9.755,900.1592156849401,212.28012201506291,0.2,0.2,20.249999999999996,0.8,0.8,900.0,0.005,15
9.76,900.1604051637294,213.09269396038482,0.2,0.2,20.249999999999996,0.8,0.8,900.0,0.005,15
9.765,900.1606516122641,214.04088355293095,0.2,0.2,20.249999999999996,0.8,0.8,900.0,0.005,15
9.77,900.1604713874456,215.16027261296787,0.2,0.2,20.249999999999996,0.8,0.8,900.0,0.005,15
9.775,900.159843196633,216.2713899216872,0.2,0.2,20.249999999999996,0.8,0.8,900.0,0.005,15
9.78,900.1589055260129,217.30102017453544,0.2,0.2,20.249999999999996,0.8,0.8,900.0,0.005,15
9.785,900.1584000870225,218.14209398761756,0.2,0.2,20.249999999999996,0.8,0.8,900.0,0.005,15
9.790000000000001,900.1577788494612,219.17096869766746,0.2,0.2,20.249999999999996,0.8,0.8,900.0,0.005,15
9.795,900.1570815393395,220.1074826562429,0.2,0.2,20.249999999999996,0.8,0.8,900.0,0.005,15
9.8,900.1565227665988,220.9649810299591,0.2,0.2,20.249999999999996,0.8,0.8,900.0,0.005,15
9.805,900.1559732430873,221.72553801274583,0.2,0.2,20.249999999999996,0.8,0.8,900.0,0.005,15
9.81,900.1561260665954,222.14615140416217,0.2,0.2,20.249999999999996,0.8,0.8,900.0,0.005,15
9.815,900.1555347498531,222.729915017416,0.2,0.2,20.249999999999996,0.8,0.8,900.0,0.005,15
9.82,900.1542248949754,223.1851002979859,0.2,0.2,20.249999999999996,0.8,0.8,900.0,0.005,15
9.825000000000001,900.1521988729406,223.49897336653868,0.2,0.2,20.249999999999996,0.8,0.8,900.0,0.005,15
9.83,900.1494292360551,223.6312267378784,0.2,0.2,20.249999999999996,0.8,0.8,900.0,0.005,15
9.835,900.1459428230597,223.51656633260376,0.2,0.2,20.249999999999996,0.8,0.8,900.0,0.005,15
9.84,900.141776668787,223.1665773960377,0.2,0.2,20.249999999999996,0.8,0.8,900.0,0.005,15
9.845,900.1371871794445,222.52877334668054,0.2,0.2,20.249999999999996,0.8,0.8,900.0,0.005,15
9.85,900.1328487716356,221.5687291844358,0.2,0.2,20.249999999999996,0.8,0.8,900.0,0.005,15
9.855,900.1288660845734,220.4389562557429,0.2,0.2,20.249999999999996,0.8,0.8,900.0,0.005,15
9.86,900.1256713375611,219.1280159339347,0.2,0.2,20.249999999999996,0.8,0.8,900.0,0.005,15
9.865,900.1236060294877,217.6861131066376,0.2,0.2,20.249999999999996,0.8,0.8,900.0,0.005,15
9.870000000000001,900.1230042132695,216.15286595781694,0.2,0.2,20.249999999999996,0.8,0.8,900.0,0.005,15
9.875,900.1241135978742,214.58195047012927,0.2,0.2,20.249999999999996,0.8,0.8,900.0,0.005,15
9.88,900.1267507293607,213.0730401462599,0.2,0.2,20.249999999999996,0.8,0.8,900.0,0.005,15
9.885,900.1306272271448,211.70856896700812,0.2,0.2,20.249999999999996,0.8,0.8,900.0,0.005,15
9.89,900.135543938811,210.49248318150921,0.2,0.2,20.249999999999996,0.8,0.8,900.0,0.005,15
9.895,900.1411496174983,209.47413201495766,0.2,0.2,20.249999999999996,0.8,0.8,900.0,0.005,15
9.9,900.1470699525001,208.70693827081632,0.2,0.2,20.249999999999996,0.8,0.8,900.0,0.005,15
9.905,900.152715120788,208.21391732195775,0.2,0.2,20.249999999999996,0.8,0.8,900.0,0.005,15
9.91,900.1577394700698,208.01046704882776,0.2,0.2,20.249999999999996,0.8,0.8,900.0,0.005,15
9.915000000000001,900.1621700168402,207.95395526319658,0.2,0.2,20.249999999999996,0.8,0.8,900.0,0.005,15
9.92,900.1658073308226,208.09383556816462,0.2,0.2,20.249999999999996,0.8,0.8,900.0,0.005,15
9.925,900.168201711334,208.62092987677232,0.2,0.2,20.249999999999996,0.8,0.8,900.0,0.005,15
9.93,900.1693537107114,209.44460545269996,0.2,0.2,20.249999999999996,0.8,0.8,900.0,0.005,15
9.935,900.169690332594,210.2948489329296,0.2,0.2,20.249999999999996,0.8,0.8,900.0,0.005,15
9.94,900.1697925707573,211.17404609588067,0.2,0.2,20.249999999999996,0.8,0.8,900.0,0.005,15
9.945,900.1687777671781,212.36016078564194,0.2,0.2,20.249999999999996,0.8,0.8,900.0,0.005,15
9.950000000000001,900.1670535177262,213.6007828495696,0.2,0.2,20.249999999999996,0.8,0.8,900.0,0.005,15
9.955,900.1647361872654,214.92557718411706,0.2,0.2,20.249999999999996,0.8,0.8,900.0,0.005,15
9.96,900.1619665444684,216.2386583239935,0.2,0.2,20.249999999999996,0.8,0.8,900.0,0.005,15
9.965,900.1590458019891,217.22663935986645,0.2,0.2,20.249999999999996,0.8,0.8,900.0,0.005,15
9.97,900.1554761678835,218.2692238213196,0.2,0.2,20.249999999999996,0.8,0.8,900.0,0.005,15
9.975,900.1516233673514,219.13743214338297,0.2,0.2,20.249999999999996,0.8,0.8,900.0,0.005,15
9.98,900.1472921964396,219.82150908371872,0.2,0.2,20.249999999999996,0.8,0.8,900.0,0.005,15
9.985,900.1426932818073,220.24825462008135,0.2,0.2,20.249999999999996,0.8,0.8,900.0,0.005,15
9.99,900.1378424756597,220.4185711678149,0.2,0.2,20.249999999999996,0.8,0.8,900.0,0.005,15
9.995000000000001,900.1328037805018,220.29292853325072,0.2,0.2,20.249999999999996,0.8,0.8,900.0,0.005,15
10.0,900.1278583295323,219.8857462178765,0.2,0.2,20.249999999999996,0.8,0.8,900.0,0.005,15
10.005,900.123421288924,218.88058200734437,0.2,0.2,20.249999999999996,0.8,0.8,900.0,0.005,15
10.01,900.1195847524004,217.87805422484146,0.2,0.2,20.249999999999996,0.8,0.8,900.0,0.005,15
10.015,900.1160597603277,216.82531706923015,0.2,0.2,20.249999999999996,0.8,0.8,900.0,0.005,15
10.02,900.1131961322817,215.67984739778564,0.2,0.2,20.249999999999996,0.8,0.8,900.0,0.005,15
10.025,900.111324920894,214.44948829744874,0.2,0.2,20.249999999999996,0.8,0.8,900.0,0.005,15
10.03,900.1104910738865,213.17780878978726,0.2,0.2,20.249999999999996,0.8,0.8,900.0,0.005,15
10.035,900.110756254776,211.86023055335522,0.2,0.2,20.249999999999996,0.8,0.8,900.0,0.005,15
10.040000000000001,900.1120379186409,210.6050169085625,0.2,0.2,20.249999999999996,0.8,0.8,900.0,0.005,15
10.045,900.1142123425177,209.43972552397966,0.2,0.2,20.249999999999996,0.8,0.8,900.0,0.005,15
10.05,900.1173227961879,208.38535954218685,0.2,0.2,20.249999999999996,0.8,0.8,900.0,0.005,15
10.055,900.1217643501471,207.0855893752345,0.2,0.2,20.249999999999996,0.8,0.8,900.0,0.005,15
10.06,900.1269228516718,206.29399151081788,0.2,0.2,20.249999999999996,0.8,0.8,900.0,0.005,15
10.065,900.1319320892997,205.8342176463059,0.2,0.2,20.249999999999996,0.8,0.8,900.0,0.005,15
10.07,900.1368285177474,205.60906933248893,0.2,0.2,20.249999999999996,0.8,0.8,900.0,0.005,15
10.075000000000001,900.1415262700876,205.61562380415398,0.2,0.2,20.249999999999996,0.8,0.8,900.0,0.005,15
10.08,900.1460334837114,205.68829856552605,0.2,0.2,20.249999999999996,0.8,0.8,900.0,0.005,15
10.085,900.1501391355436,205.8671531733167,0.2,0.2,20.249999999999996,0.8,0.8,900.0,0.005,15
10.09,900.1535312092337,206.33460505398656,0.2,0.2,20.249999999999996,0.8,0.8,900.0,0.005,15
10.095,900.1563708685952,206.95764052713577,0.2,0.2,20.249999999999996,0.8,0.8,900.0,0.005,15
10.1,900.1587488029248,207.66479530399414,0.2,0.2,20.249999999999996,0.8,0.8,900.0,0.005,15
10.105,900.1606657080004,208.3898083407993,0.2,0.2,20.249999999999996,0.8,0.8,900.0,0.005,15
10.11,900.1621090924681,209.14772993388314,0.2,0.2,20.249999999999996,0.8,0.8,900.0,0.005,15
10.115,900.1630662566614,209.9302627384417,0.2,0.2,20.249999999999996,0.8,0.8,900.0,0.005,15
10.120000000000001,900.1635948106212,210.67762502046148,0.2,0.2,20.249999999999996,0.8,0.8,900.0,0.005,15
10.125,900.163888959583,211.36313214791778,0.2,0.2,20.249999999999996,0.8,0.8,900.0,0.005,15
10.13,900.1641086450484,211.9631723735999,0.2,0.2,20.249999999999996,0.8,0.8,900.0,0.005,15
10.135,900.164431421212,212.476154850336,0.2,0.2,20.249999999999996,0.8,0.8,900.0,0.005,15
10.14,900.1650138384085,212.9136760397792,0.2,0.2,20.249999999999996,0.8,0.8,900.0,0.005,15
10.145,900.1659185815541,213.31261528289855,0.2,0.2,20.249999999999996,0.8,0.8,900.0,0.005,15
10.15,900.1670927440991,213.7063256993958,0.2,0.2,20.249999999999996,0.8,0.8,900.0,0.005,15
10.155,900.1682839262525,214.08130394702718,0.2,0.2,20.249999999999996,0.8,0.8,900.0,0.005,15
10.16,900.1694078279111,214.45075077467146,0.2,0.2,20.249999999999996,0.8,0.8,900.0,0.005,15
10.165000000000001,900.1701477138477,214.86920429946127,0.2,0.2,20.249999999999996,0.8,0.8,900.0,0.005,15
10.17,900.1699354736742,215.3355535798134,0.2,0.2,20.249999999999996,0.8,0.8,900.0,0.005,15
10.175,900.1686046628653,215.77426626022165,0.2,0.2,20.249999999999996,0.8,0.8,900.0,0.005,15
10.18,900.1660437431387,216.19030582220626,0.2,0.2,20.249999999999996,0.8,0.8,900.0,0.005,15
10.185,900.1624666819813,216.37418439641093,0.2,0.2,20.249999999999996,0.8,0.8,900.0,0.005,15
10.19,900.1580263482792,216.36342689078762,0.2,0.2,20.249999999999996,0.8,0.8,900.0,0.005,15
10.195,900.1525988416377,216.37526193111125,0.2,0.2,20.249999999999996,0.8,0.8,900.0,0.005,15
10.200000000000001,900.1467154192126,216.24789677733747,0.2,0.2,20.249999999999996,0.8,0.8,900.0,0.005,15
10.205,900.1409431071465,215.9542866526288,0.2,0.2,20.249999999999996,0.8,0.8,900.0,0.005,15
10.21,900.1358072444187,215.5097895557974,0.2,0.2,20.249999999999996,0.8,0.8,900.0,0.005,15
10.215,900.1317051242735,214.9431986616519,0.2,0.2,20.249999999999996,0.8,0.8,900.0,0.005,15
10.22,900.1288859395472,214.25868700896288,0.2,0.2,20.249999999999996,0.8,0.8,900.0,0.005,15
10.225,900.1275289335194,213.40097684338335,0.2,0.2,20.249999999999996,0.8,0.8,900.0,0.005,15
10.23,900.1276034808146,212.62026590992116,0.2,0.2,20.249999999999996,0.8,0.8,900.0,0.005,15
10.235,900.1286399733375,211.9529125982858,0.2,0.2,20.249999999999996,0.8,0.8,900.0,0.005,15
10.24,900.1305563127041,211.3337082913721,0.2,0.2,20.249999999999996,0.8,0.8,900.0,0.005,15
10.245000000000001,900.1332660713417,210.7500188511126,0.2,0.2,20.249999999999996,0.8,0.8,900.0,0.005,15
10.25,900.1364618491818,210.23814836425245,0.2,0.2,20.249999999999996,0.8,0.8,900.0,0.005,15
10.255,900.1400205739897,209.78918993355035,0.2,0.2,20.249999999999996,0.8,0.8,900.0,0.005,15
10.26,900.1433366305253,209.47777900035123,0.2,0.2,20.249999999999996,0.8,0.8,900.0,0.005,15
10.265,900.1463858458746,209.3210148046645,0.2,0.2,20.249999999999996,0.8,0.8,900.0,0.005,15
10.27,900.1491784085575,209.27148967604157,0.2,0.2,20.249999999999996,0.8,0.8,900.0,0.005,15
10.275,900.1515457245066,209.30842922630538,0.2,0.2,20.249999999999996,0.8,0.8,900.0,0.005,15
10.28,900.1535721573587,209.40950244780478,0.2,0.2,20.249999999999996,0.8,0.8,900.0,0.005,15
10.285,900.1555132848492,209.47478267334827,0.2,0.2,20.249999999999996,0.8,0.8,900.0,0.005,15
10.290000000000001,900.1571792867109,209.6230912723811,0.2,0.2,20.249999999999996,0.8,0.8,900.0,0.005,15
10.295,900.1585655530496,209.77923802305054,0.2,0.2,20.249999999999996,0.8,0.8,900.0,0.005,15
10.3,900.1597789382575,209.9071934688021,0.2,0.2,20.249999999999996,0.8,0.8,900.0,0.005,15
10.305,900.1608942350293,210.01003794862643,0.2,0.2,20.249999999999996,0.8,0.8,900.0,0.005,15
10.31,900.1619751323507,210.03281243579417,0.2,0.2,20.249999999999996,0.8,0.8,900.0,0.005,15
10.315,900.1633239408113,209.89288711288154,0.2,0.2,20.249999999999996,0.8,0.8,900.0,0.005,15
10.32,900.1648737442355,209.8527892819138,0.2,0.2,20.249999999999996,0.8,0.8,900.0,0.005,15
10.325000000000001,900.1656264197201,209.9544957833439,0.2,0.2,20.249999999999996,0.8,0.8,900.0,0.005,15
10.33,900.1658451390631,210.0534494245308,0.2,0.2,20.249999999999996,0.8,0.8,900.0,0.005,15
10.335,900.1655880155912,210.16625519795707,0.2,0.2,20.249999999999996,0.8,0.8,900.0,0.005,15
10.34,900.1646483044939,210.2767054838835,0.2,0.2,20.249999999999996,0.8,0.8,900.0,0.005,15
10.345,900.1629336568056,210.3780375091118,0.2,0.2,20.249999999999996,0.8,0.8,900.0,0.005,15
10.35,900.1604919198679,210.46711959454825,0.2,0.2,20.249999999999996,0.8,0.8,900.0,0.005,15
10.355,900.1573299259734,210.50609685617025,0.2,0.2,20.249999999999996,0.8,0.8,900.0,0.005,15
10.36,900.1535404989294,210.47978297534513,0.2,0.2,20.249999999999996,0.8,0.8,900.0,0.005,15
10.365,900.1493200745118,210.3608876858495,0.2,0.2,20.249999999999996,0.8,0.8,900.0,0.005,15
10.370000000000001,900.1448964076959,210.15698422154796,0.2,0.2,20.249999999999996,0.8,0.8,900.0,0.005,15
10.375,900.140495990845,209.83524058793074,0.2,0.2,20.249999999999996,0.8,0.8,900.0,0.005,15
10.38,900.1362471105118,209.44888508160878,0.2,0.2,20.249999999999996,0.8,0.8,900.0,0.005,15
10.385,900.1323596860312,208.8933428172606,0.2,0.2,20.249999999999996,0.8,0.8,900.0,0.005,15
10.39,900.1290553512044,208.31480782816513,0.2,0.2,20.249999999999996,0.8,0.8,900.0,0.005,15
10.395,900.1264211004831,207.74911756109424,0.2,0.2,20.249999999999996,0.8,0.8,900.0,0.005,15
10.4,900.1244605927449,207.16263364297495,0.2,0.2,20.249999999999996,0.8,0.8,900.0,0.005,15
10.405,900.1231972719553,206.59188623608063,0.2,0.2,20.249999999999996,0.8,0.8,900.0,0.005,15
10.41,900.1227539106442,206.02278670959313,0.2,0.2,20.249999999999996,0.8,0.8,900.0,0.005,15
10.415000000000001,900.1234235420053,205.34713003268078,0.2,0.2,20.249999999999996,0.8,0.8,900.0,0.005,15
10.42,900.1244314632709,204.83812199647514,0.2,0.2,20.249999999999996,0.8,0.8,900.0,0.005,15
10.425,900.1258767383414,204.37766787141157,0.2,0.2,20.249999999999996,0.8,0.8,900.0,0.005,15
10.43,900.1278223837588,203.9669779436624,0.2,0.2,20.249999999999996,0.8,0.8,900.0,0.005,15
10.435,900.1302006050272,203.61453163883033,0.2,0.2,20.249999999999996,0.8,0.8,900.0,0.005,15
10.44,900.1329258192701,203.32373620329753,0.2,0.2,20.249999999999996,0.8,0.8,900.0,0.005,15
10.445,900.1358971658061,203.10189928972434,0.2,0.2,20.249999999999996,0.8,0.8,900.0,0.005,15
10.450000000000001,900.1390670527028,202.87675036719617,0.2,0.2,20.249999999999996,0.8,0.8,900.0,0.005,15
10.455,900.142290166829,202.77967757717477,0.2,0.2,20.249999999999996,0.8,0.8,900.0,0.005,15
10.46,900.1456178754095,202.7858564132281,0.2,0.2,20.249999999999996,0.8,0.8,900.0,0.005,15
10.465,900.1487931873926,202.9657333011576,0.2,0.2,20.249999999999996,0.8,0.8,900.0,0.005,15
10.47,900.1516926123337,203.30256701681765,0.2,0.2,20.249999999999996,0.8,0.8,900.0,0.005,15
10.475,900.154255333425,203.829627729655,0.2,0.2,20.249999999999996,0.8,0.8,900.0,0.005,15
10.48,900.1562903803849,204.54108829405595,0.2,0.2,20.249999999999996,0.8,0.8,900.0,0.005,15
10.485,900.1576671169124,205.36165494658235,0.2,0.2,20.249999999999996,0.8,0.8,900.0,0.005,15
10.49,900.15825056679,206.23761103052178,0.2,0.2,20.249999999999996,0.8,0.8,900.0,0.005,15
10.495000000000001,900.157976855263,207.13916588688681,0.2,0.2,20.249999999999996,0.8,0.8,900.0,0.005,15
10.5,900.1569111518496,208.02093846590475,0.2,0.2,20.249999999999996,0.8,0.8,900.0,0.005,15
10.505,900.155173796517,208.82411118565653,0.2,0.2,20.249999999999996,0.8,0.8,900.0,0.005,15
10.51,900.1529509207935,209.4865532060846,0.2,0.2,20.249999999999996,0.8,0.8,900.0,0.005,15
10.515,900.1505179163147,209.9714133062437,0.2,0.2,20.249999999999996,0.8,0.8,900.0,0.005,15
10.52,900.1480298003718,210.2739939948624,0.2,0.2,20.249999999999996,0.8,0.8,900.0,0.005,15
10.525,900.1459132360438,210.32161372213977,0.2,0.2,20.249999999999996,0.8,0.8,900.0,0.005,15
10.53,900.144215888722,210.23025883983564,0.2,0.2,20.249999999999996,0.8,0.8,900.0,0.005,15
10.535,900.14283330746,210.0504858360418,0.2,0.2,20.249999999999996,0.8,0.8,900.0,0.005,15
10.540000000000001,900.1418246707434,209.77956399228054,0.2,0.2,20.249999999999996,0.8,0.8,900.0,0.005,15
10.545,900.1412122096651,209.42760077388087,0.2,0.2,20.249999999999996,0.8,0.8,900.0,0.005,15
10.55,900.1412376781209,208.85999459753526,0.2,0.2,20.249999999999996,0.8,0.8,900.0,0.005,15
10.555,900.1413848377779,208.31086795881157,0.2,0.2,20.249999999999996,0.8,0.8,900.0,0.005,15
10.56,900.1416531285779,207.75860117572756,0.2,0.2,20.249999999999996,0.8,0.8,900.0,0.005,15
10.565,900.1421194499358,207.20754200430383,0.2,0.2,20.249999999999996,0.8,0.8,900.0,0.005,15
10.57,900.1428042401621,206.64026833798835,0.2,0.2,20.249999999999996,0.8,0.8,900.0,0.005,15
10.575000000000001,900.1437905620421,206.04594818013058,0.2,0.2,20.249999999999996,0.8,0.8,900.0,0.005,15
10.58,900.1448599361042,205.5788236303601,0.2,0.2,20.249999999999996,0.8,0.8,900.0,0.005,15
10.585,900.1463058006916,205.1688415799565,0.2,0.2,20.249999999999996,0.8,0.8,900.0,0.005,15
10.59,900.1481838739359,204.81731445794165,0.2,0.2,20.249999999999996,0.8,0.8,900.0,0.005,15
10.595,900.1502260886124,204.51277256248355,0.2,0.2,20.249999999999996,0.8,0.8,900.0,0.005,15
10.6,900.1530188591521,203.64381893636295,0.2,0.2,20.249999999999996,0.8,0.8,900.0,0.005,15
10.605,900.1565837335916,203.21278681756178,0.2,0.2,20.249999999999996,0.8,0.8,900.0,0.005,15
10.61,900.1596905250047,203.36856171732558,0.2,0.2,20.249999999999996,0.8,0.8,900.0,0.005,15
10.615,900.1625069148515,203.69883265766418,0.2,0.2,20.249999999999996,0.8,0.8,900.0,0.005,15
10.620000000000001,900.1649561867866,204.2046939459539,0.2,0.2,20.249999999999996,0.8,0.8,900.0,0.005,15
10.625,900.1668824136314,204.87804597675427,0.2,0.2,20.249999999999996,0.8,0.8,900.0,0.005,15
10.63,900.1681644570216,205.60866817661955,0.2,0.2,20.249999999999996,0.8,0.8,900.0,0.005,15
10.635,900.1688832510742,206.40679540929554,0.2,0.2,20.249999999999996,0.8,0.8,900.0,0.005,15
10.64,900.1684594498245,207.39252086016276,0.2,0.2,20.249999999999996,0.8,0.8,900.0,0.005,15
10.645,900.1669479908304,208.40758119005324,0.2,0.2,20.249999999999996,0.8,0.8,900.0,0.005,15
10.65,900.1644851508993,209.3985548536009,0.2,0.2,20.249999999999996,0.8,0.8,900.0,0.005,15
10.655,900.1611954023283,210.31497321504568,0.2,0.2,20.249999999999996,0.8,0.8,900.0,0.005,15
10.66,900.1572408173205,211.11018849397212,0.2,0.2,20.249999999999996,0.8,0.8,900.0,0.005,15
10.665000000000001,900.1528679491009,211.7268076619491,0.2,0.2,20.249999999999996,0.8,0.8,900.0,0.005,15
10.67,900.1483599322505,212.133620021853,0.2,0.2,20.249999999999996,0.8,0.8,900.0,0.005,15
10.675,900.1440022918441,212.28583872754766,0.2,0.2,20.249999999999996,0.8,0.8,900.0,0.005,15
10.68,900.1399463943243,212.28470654686873,0.2,0.2,20.249999999999996,0.8,0.8,900.0,0.005,15
10.685,900.1364276743387,212.0629435452073,0.2,0.2,20.249999999999996,0.8,0.8,900.0,0.005,15
10.69,900.1336403326634,211.63920479888301,0.2,0.2,20.249999999999996,0.8,0.8,900.0,0.005,15
10.695,900.1316462240342,211.03472855807297,0.2,0.2,20.249999999999996,0.8,0.8,900.0,0.005,15
10.700000000000001,900.1305158950856,210.30023829738397,0.2,0.2,20.249999999999996,0.8,0.8,900.0,0.005,15
10.705,900.129984623492,209.4959661344308,0.2,0.2,20.249999999999996,0.8,0.8,900.0,0.005,15
10.71,900.1300082912901,208.59615628987007,0.2,0.2,20.249999999999996,0.8,0.8,900.0,0.005,15
10.715,900.1305075680157,207.63741796385463,0.2,0.2,20.249999999999996,0.8,0.8,900.0,0.005,15
10.72,900.1311952445907,206.6638440412953,0.2,0.2,20.249999999999996,0.8,0.8,900.0,0.005,15
10.725,900.1319112845215,205.68694334873865,0.2,0.2,20.249999999999996,0.8,0.8,900.0,0.005,15
10.73,900.1331311484396,204.4914198255373,0.2,0.2,20.249999999999996,0.8,0.8,900.0,0.005,15
10.735,900.133799304087,203.58035643965,0.2,0.2,20.249999999999996,0.8,0.8,900.0,0.005,15
10.74,900.1342072886474,202.74647754839265,0.2,0.2,20.249999999999996,0.8,0.8,900.0,0.005,15
10.745000000000001,900.134218164858,201.99319436537124,0.2,0.2,20.249999999999996,0.8,0.8,900.0,0.005,15
10.75,900.1341652643717,201.18318163992,0.2,0.2,20.249999999999996,0.8,0.8,900.0,0.005,15
10.755,900.1342896174542,200.48150426674425,0.2,0.2,20.249999999999996,0.8,0.8,900.0,0.005,15
10.76,900.1341668145344,199.90707088706742,0.2,0.2,20.249999999999996,0.8,0.8,900.0,0.005,15
10.765,900.1340368237628,199.44426553919416,0.2,0.2,20.249999999999996,0.8,0.8,900.0,0.005,15
10.77,900.134117538326,199.10016036312302,0.2,0.2,20.249999999999996,0.8,0.8,900.0,0.005,15
10.775,900.1345096956984,198.848917261833,0.2,0.2,20.249999999999996,0.8,0.8,900.0,0.005,15
10.78,900.1354861260561,198.49800872265772,0.2,0.2,20.249999999999996,0.8,0.8,900.0,0.005,15
10.785,900.1368258985045,198.29783158514948,0.2,0.2,20.249999999999996,0.8,0.8,900.0,0.005,15
10.790000000000001,900.1384670191861,198.2448873457412,0.2,0.2,20.249999999999996,0.8,0.8,900.0,0.005,15
10.795,900.1403574521227,198.29663372770378,0.2,0.2,20.249999999999996,0.8,0.8,900.0,0.005,15
10.8,900.1424157685806,198.435798774153,0.2,0.2,20.249999999999996,0.8,0.8,900.0,0.005,15
10.805,900.1460471928941,197.83239521905716,0.2,0.2,20.249999999999996,0.8,0.8,900.0,0.005,15
10.81,900.14954047289,198.0219447535736,0.2,0.2,20.249999999999996,0.8,0.8,900.0,0.005,15
10.815,900.1519906951004,198.46767739812944,0.2,0.2,20.249999999999996,0.8,0.8,900.0,0.005,15
10.82,900.1538720497322,199.00824513902754,0.2,0.2,20.249999999999996,0.8,0.8,900.0,0.005,15
10.825000000000001,900.1553479836481,199.60971580833535,0.2,0.2,20.249999999999996,0.8,0.8,900.0,0.005,15
10.83,900.1563683290085,200.150998443072,0.2,0.2,20.249999999999996,0.8,0.8,900.0,0.005,15
10.835,900.1565674535128,200.84889240228748,0.2,0.2,20.249999999999996,0.8,0.8,900.0,0.005,15
10.84,900.156005930286,201.61488671337878,0.2,0.2,20.249999999999996,0.8,0.8,900.0,0.005,15
10.845,900.1549967578408,202.364214931547,0.2,0.2,20.249999999999996,0.8,0.8,900.0,0.005,15
10.85,900.1537312468153,203.05244217184742,0.2,0.2,20.249999999999996,0.8,0.8,900.0,0.005,15
10.855,900.1522794555017,203.67587928667558,0.2,0.2,20.249999999999996,0.8,0.8,900.0,0.005,15
10.86,900.1506595188821,204.25490388284203,0.2,0.2,20.249999999999996,0.8,0.8,900.0,0.005,15
10.865,900.1487568948688,204.8770652597389,0.2,0.2,20.249999999999996,0.8,0.8,900.0,0.005,15
10.870000000000001,900.1467978949456,205.43848196525542,0.2,0.2,20.249999999999996,0.8,0.8,900.0,0.005,15
10.875,900.1450502911537,205.90020449362882,0.2,0.2,20.249999999999996,0.8,0.8,900.0,0.005,15
10.88,900.1435766282494,206.27733665341535,0.2,0.2,20.249999999999996,0.8,0.8,900.0,0.005,15
10.885,900.142591384794,206.42257587641876,0.2,0.2,20.249999999999996,0.8,0.8,900.0,0.005,15
10.89,900.1419573157976,206.56628480034146,0.2,0.2,20.249999999999996,0.8,0.8,900.0,0.005,15
10.895,900.1414987410839,206.64193385967124,0.2,0.2,20.249999999999996,0.8,0.8,900.0,0.005,15
10.9,900.1413886212858,206.61516538809084,0.2,0.2,20.249999999999996,0.8,0.8,900.0,0.005,15
10.905,900.1414963177348,206.48114229717964,0.2,0.2,20.249999999999996,0.8,0.8,900.0,0.005,15
10.91,900.1419658485491,206.2603627620216,0.2,0.2,20.249999999999996,0.8,0.8,900.0,0.005,15
10.915000000000001,900.1426253637629,206.03122071545053,0.2,0.2,20.249999999999996,0.8,0.8,900.0,0.005,15
10.92,900.143108331685,205.68678521888353,0.2,0.2,20.249999999999996,0.8,0.8,900.0,0.005,15
10.925,900.1434809812575,205.30563220089493,0.2,0.2,20.249999999999996,0.8,0.8,900.0,0.005,15
10.93,900.1447105715292,204.5520300287724,0.2,0.2,20.249999999999996,0.8,0.8,900.0,0.005,15
10.935,900.1451424242355,204.18528550531565,0.2,0.2,20.249999999999996,0.8,0.8,900.0,0.005,15
10.94,900.1450629995755,203.81944045057756,0.2,0.2,20.249999999999996,0.8,0.8,900.0,0.005,15
10.945,900.1448882823227,203.4689172067454,0.2,0.2,20.249999999999996,0.8,0.8,900.0,0.005,15
10.950000000000001,900.1447361635403,203.11744441038817,0.2,0.2,20.249999999999996,0.8,0.8,900.0,0.005,15
10.955,900.1445542064328,202.76636986807563,0.2,0.2,20.249999999999996,0.8,0.8,900.0,0.005,15
10.96,900.1472188198608,200.8879612755739,0.2,0.2,20.249999999999996,0.8,0.8,900.0,0.005,15
10.965,900.1487316583878,200.55622205435142,0.2,0.2,20.249999999999996,0.8,0.8,900.0,0.005,15
10.97,900.1498511535879,200.44723684923045,0.2,0.2,20.249999999999996,0.8,0.8,900.0,0.005,15
10.975,900.1508515392528,200.44076247483795,0.2,0.2,20.249999999999996,0.8,0.8,900.0,0.005,15
10.98,900.151821456819,200.50818784535133,0.2,0.2,20.249999999999996,0.8,0.8,900.0,0.005,15
10.985,900.15269417972,200.66816229565111,0.2,0.2,20.249999999999996,0.8,0.8,900.0,0.005,15
10.99,900.1534046089035,200.91220293947148,0.2,0.2,20.249999999999996,0.8,0.8,900.0,0.005,15
10.995000000000001,900.1539227293812,201.21926582644082,0.2,0.2,20.249999999999996,0.8,0.8,900.0,0.005,15
11.0,900.1542979962109,201.57011945449742,0.2,0.2,20.249999999999996,0.8,0.8,900.0,0.005,15
11.005,900.1545211821254,201.95047342247702,0.2,0.2,20.249999999999996,0.8,0.8,900.0,0.005,15
11.01,900.1545813421195,202.34098364824675,0.2,0.2,20.249999999999996,0.8,0.8,900.0,0.005,15
11.015,900.1545042632365,202.7236997233877,0.2,0.2,20.249999999999996,0.8,0.8,900.0,0.005,15
11.02,900.1543966976827,202.97463184162126,0.2,0.2,20.249999999999996,0.8,0.8,900.0,0.005,15
11.025,900.1542528398362,203.21581419165287,0.2,0.2,20.249999999999996,0.8,0.8,900.0,0.005,15
11.03,900.1539639395766,203.44100477973777,0.2,0.2,20.249999999999996,0.8,0.8,900.0,0.005,15
11.035,900.1535237116983,203.6295529192187,0.2,0.2,20.249999999999996,0.8,0.8,900.0,0.005,15
11.040000000000001,900.1530379301631,203.8091023232329,0.2,0.2,20.249999999999996,0.8,0.8,900.0,0.005,15
11.045,900.1524416465504,204.03638530072595,0.2,0.2,20.249999999999996,0.8,0.8,900.0,0.005,15
11.05,900.1517845701337,204.2497039240498,0.2,0.2,20.249999999999996,0.8,0.8,900.0,0.005,15
11.055,900.1512153101129,204.43073374773195,0.2,0.2,20.249999999999996,0.8,0.8,900.0,0.005,15
11.06,900.1507563444651,204.58601023100712,0.2,0.2,20.249999999999996,0.8,0.8,900.0,0.005,15
11.065,900.1504004235596,204.7081098530267,0.2,0.2,20.249999999999996,0.8,0.8,900.0,0.005,15
11.07,900.1502218580682,204.76319407460463,0.2,0.2,20.249999999999996,0.8,0.8,900.0,0.005,15
11.075000000000001,900.1500406683846,204.83293025897302,0.2,0.2,20.249999999999996,0.8,0.8,900.0,0.005,15
11.08,900.1499700893768,204.89979074768078,0.2,0.2,20.249999999999996,0.8,0.8,900.0,0.005,15
11.085,900.1498544822813,204.94430640907385,0.2,0.2,20.249999999999996,0.8,0.8,900.0,0.005,15
11.09,900.1498171148638,204.9577263062443,0.2,0.2,20.249999999999996,0.8,0.8,900.0,0.005,15
11.095,900.1497838707611,204.94104088472795,0.2,0.2,20.249999999999996,0.8,0.8,900.0,0.005,15
11.1,900.149707963336,204.89386578518085,0.2,0.2,20.249999999999996,0.8,0.8,900.0,0.005,15
11.105,900.1494873301997,204.82795709434038,0.2,0.2,20.249999999999996,0.8,0.8,900.0,0.005,15
11.11,900.149132082854,204.7282372725065,0.2,0.2,20.249999999999996,0.8,0.8,900.0,0.005,15
11.115,900.1487373574286,204.61096907452068,0.2,0.2,20.249999999999996,0.8,0.8,900.0,0.005,15
11.120000000000001,900.1483009885594,204.49594022417403,0.2,0.2,20.249999999999996,0.8,0.8,900.0,0.005,15
11.125,900.1479328126809,204.40662850205396,0.2,0.2,20.249999999999996,0.8,0.8,900.0,0.005,15
11.13,900.1476585710544,204.32391687651008,0.2,0.2,20.249999999999996,0.8,0.8,900.0,0.005,15
11.135,900.1474976827466,204.2620557645399,0.2,0.2,20.249999999999996,0.8,0.8,900.0,0.005,15
11.14,900.1474287717535,204.2239835109662,0.2,0.2,20.249999999999996,0.8,0.8,900.0,0.005,15
11.145,900.1474405591538,204.19302387018573,0.2,0.2,20.249999999999996,0.8,0.8,900.0,0.005,15
11.15,900.1474804975481,204.14917004236523,0.2,0.2,20.249999999999996,0.8,0.8,900.0,0.005,15
11.155,900.1474891035618,204.11771409252933,0.2,0.2,20.249999999999996,0.8,0.8,900.0,0.005,15
11.16,900.1474080867278,204.12113983705686,0.2,0.2,20.249999999999996,0.8,0.8,900.0,0.005,15
11.165000000000001,900.147154133501,204.09201916690688,0.2,0.2,20.249999999999996,0.8,0.8,900.0,0.005,15
11.17,900.1466990620686,204.0769115048662,0.2,0.2,20.249999999999996,0.8,0.8,900.0,0.005,15
11.175,900.1459306229672,204.01359650545598,0.2,0.2,20.249999999999996,0.8,0.8,900.0,0.005,15
11.18,900.1448137809381,203.9550156134633,0.2,0.2,20.249999999999996,0.8,0.8,900.0,0.005,15
11.185,900.1433884243139,203.87742736497867,0.2,0.2,20.249999999999996,0.8,0.8,900.0,0.005,15
11.19,900.1418452946167,203.75694967553576,0.2,0.2,20.249999999999996,0.8,0.8,900.0,0.005,15
11.195,900.1403479585852,203.55854478627478,0.2,0.2,20.249999999999996,0.8,0.8,900.0,0.005,15
11.200000000000001,900.1388484450163,203.39569630638772,0.2,0.2,20.249999999999996,0.8,0.8,900.0,0.005,15
11.205,900.137395351075,203.21002537289468,0.2,0.2,20.249999999999996,0.8,0.8,900.0,0.005,15
11.21,900.1361524385944,202.9843990391724,0.2,0.2,20.249999999999996,0.8,0.8,900.0,0.005,15
11.215,900.1353202996402,202.64160495568206,0.2,0.2,20.249999999999996,0.8,0.8,900.0,0.005,15
11.22,900.1346289624804,202.3811816632527,0.2,0.2,20.249999999999996,0.8,0.8,900.0,0.005,15
11.225,900.1341908815026,202.1370375620829,0.2,0.2,20.249999999999996,0.8,0.8,900.0,0.005,15
11.23,900.1339808887751,201.90431124591674,0.2,0.2,20.249999999999996,0.8,0.8,900.0,0.005,15
11.235,900.1339984537857,201.6944291695355,0.2,0.2,20.249999999999996,0.8,0.8,900.0,0.005,15
11.24,900.1342017850625,201.5095388870159,0.2,0.2,20.249999999999996,0.8,0.8,900.0,0.005,15
11.245000000000001,900.1345669796088,201.3423246898407,0.2,0.2,20.249999999999996,0.8,0.8,900.0,0.005,15
11.25,900.1352385403351,201.19651136887546,0.2,0.2,20.249999999999996,0.8,0.8,900.0,0.005,15
11.255,900.1358689534154,201.0771022716225,0.2,0.2,20.249999999999996,0.8,0.8,900.0,0.005,15
11.26,900.1365616687191,200.98091991730948,0.2,0.2,20.249999999999996,0.8,0.8,900.0,0.005,15
11.265,900.1373342244359,200.89852082998613,0.2,0.2,20.249999999999996,0.8,0.8,900.0,0.005,15
11.27,900.1382467391248,200.82308963128156,0.2,0.2,20.249999999999996,0.8,0.8,900.0,0.005,15
11.275,900.1394451411148,200.72641764556815,0.2,0.2,20.249999999999996,0.8,0.8,900.0,0.005,15
11.28,900.1406820507246,200.68663301912022,0.2,0.2,20.249999999999996,0.8,0.8,900.0,0.005,15
11.285,900.1420054370717,200.67574730160607,0.2,0.2,20.249999999999996,0.8,0.8,900.0,0.005,15
11.290000000000001,900.1434593068435,200.649189857944,0.2,0.2,20.249999999999996,0.8,0.8,900.0,0.005,15
11.295,900.145106170933,200.6582154313621,0.2,0.2,20.249999999999996,0.8,0.8,900.0,0.005,15
11.3,900.1468540246562,200.7291093304853,0.2,0.2,20.249999999999996,0.8,0.8,900.0,0.005,15
11.305,900.1486579490639,200.85859468111033,0.2,0.2,20.249999999999996,0.8,0.8,900.0,0.005,15
11.31,900.1505759650012,201.048815918345,0.2,0.2,20.249999999999996,0.8,0.8,900.0,0.005,15
11.315,900.1525716412239,201.31057434143224,0.2,0.2,20.249999999999996,0.8,0.8,900.0,0.005,15
11.32,900.1545994678459,201.6456524430046,0.2,0.2,20.249999999999996,0.8,0.8,900.0,0.005,15
11.325000000000001,900.1566648256803,202.035578630996,0.2,0.2,20.249999999999996,0.8,0.8,900.0,0.005,15
11.33,900.1587062921246,202.399142510218,0.2,0.2,20.249999999999996,0.8,0.8,900.0,0.005,15
11.335,900.1605866126431,202.89335517798318,0.2,0.2,20.249999999999996,0.8,0.8,900.0,0.005,15
11.34,900.1621700985031,203.4531654657356,0.2,0.2,20.249999999999996,0.8,0.8,900.0,0.005,15
11.345,900.1634025565672,204.05834970707537,0.2,0.2,20.249999999999996,0.8,0.8,900.0,0.005,15
11.35,900.1642291603108,204.6911059836361,0.2,0.2,20.249999999999996,0.8,0.8,900.0,0.005,15
11.355,900.1645889657223,205.33811905427714,0.2,0.2,20.249999999999996,0.8,0.8,900.0,0.005,15
11.36,900.164384341367,205.96336943113835,0.2,0.2,20.249999999999996,0.8,0.8,900.0,0.005,15
11.365,900.1634473384041,206.54656574161498,0.2,0.2,20.249999999999996,0.8,0.8,900.0,0.005,15
11.370000000000001,900.162586144148,206.39562186987152,0.2,0.2,20.249999999999996,0.8,0.8,900.0,0.005,15
11.375,900.1609878476652,206.65175058300488,0.2,0.2,20.249999999999996,0.8,0.8,900.0,0.005,15
11.38,900.1583334548764,206.96152680937183,0.2,0.2,20.249999999999996,0.8,0.8,900.0,0.005,15
11.385,900.1551584885532,207.14990686556436,0.2,0.2,20.249999999999996,0.8,0.8,900.0,0.005,15
11.39,900.1516924134694,207.24923631265742,0.2,0.2,20.249999999999996,0.8,0.8,900.0,0.005,15
11.395,900.1484294092887,207.0347083540696,0.2,0.2,20.249999999999996,0.8,0.8,900.0,0.005,15
11.4,900.1453503716587,206.91712790530644,0.2,0.2,20.249999999999996,0.8,0.8,900.0,0.005,15
11.405,900.1423946888491,206.75626923794724,0.2,0.2,20.249999999999996,0.8,0.8,900.0,0.005,15
11.41,900.1401593883722,206.5194824524114,0.2,0.2,20.249999999999996,0.8,0.8,900.0,0.005,15
11.415000000000001,900.1387022927,206.18086730767948,0.2,0.2,20.249999999999996,0.8,0.8,900.0,0.005,15
11.42,900.1378781964837,205.8272496815597,0.2,0.2,20.249999999999996,0.8,0.8,900.0,0.005,15
11.425,900.1376296223453,205.44869231069956,0.2,0.2,20.249999999999996,0.8,0.8,900.0,0.005,15
11.43,900.1379415802855,204.98799709543266,0.2,0.2,20.249999999999996,0.8,0.8,900.0,0.005,15
11.435,900.1387574573457,204.58657217612827,0.2,0.2,20.249999999999996,0.8,0.8,900.0,0.005,15
11.44,900.1400131010507,204.17780443499632,0.2,0.2,20.249999999999996,0.8,0.8,900.0,0.005,15
11.445,900.1417062667944,203.73480030644268,0.2,0.2,20.249999999999996,0.8,0.8,900.0,0.005,15
11.450000000000001,900.1437782984335,203.24306034391344,0.2,0.2,20.249999999999996,0.8,0.8,900.0,0.005,15
11.455,900.1458310084481,202.99004134068787,0.2,0.2,20.249999999999996,0.8,0.8,900.0,0.005,15
11.46,900.1479162564217,202.82036255675524,0.2,0.2,20.249999999999996,0.8,0.8,900.0,0.005,15
11.465,900.1500424364793,202.74949559778483,0.2,0.2,20.249999999999996,0.8,0.8,900.0,0.005,15
11.47,900.1522063326139,202.78419775138764,0.2,0.2,20.249999999999996,0.8,0.8,900.0,0.005,15
11.475,900.1544047301779,202.91579838050947,0.2,0.2,20.249999999999996,0.8,0.8,900.0,0.005,15
11.48,900.1571262803182,202.7160202827342,0.2,0.2,20.249999999999996,0.8,0.8,900.0,0.005,15
11.485,900.1597652380372,202.94431291496292,0.2,0.2,20.249999999999996,0.8,0.8,900.0,0.005,15
11.49,900.1619621871057,203.41389300477846,0.2,0.2,20.249999999999996,0.8,0.8,900.0,0.005,15
11.495000000000001,900.1637512840424,203.98652996566585,0.2,0.2,20.249999999999996,0.8,0.8,900.0,0.005,15
11.5,900.1651591642526,204.59131944811685,0.2,0.2,20.249999999999996,0.8,0.8,900.0,0.005,15
11.505,900.1660248412553,205.29915980501104,0.2,0.2,20.249999999999996,0.8,0.8,900.0,0.005,15
11.51,900.1663523938516,205.91057903471992,0.2,0.2,20.249999999999996,0.8,0.8,900.0,0.005,15
11.515,900.1657022368672,206.60619273180924,0.2,0.2,20.249999999999996,0.8,0.8,900.0,0.005,15
11.52,900.1643209724459,207.0378133957493,0.2,0.2,20.249999999999996,0.8,0.8,900.0,0.005,15
11.525,900.1620004129164,207.55973373632688,0.2,0.2,20.249999999999996,0.8,0.8,900.0,0.005,15
11.53,900.15884954283,208.01385567818116,0.2,0.2,20.249999999999996,0.8,0.8,900.0,0.005,15
11.535,900.1550900770767,208.3485281067761,0.2,0.2,20.249999999999996,0.8,0.8,900.0,0.005,15
11.540000000000001,900.1510090529364,208.56674519704436,0.2,0.2,20.249999999999996,0.8,0.8,900.0,0.005,15
11.545,900.146735390082,208.59218461709287,0.2,0.2,20.249999999999996,0.8,0.8,900.0,0.005,15
11.55,900.1425613551991,208.39829752006153,0.2,0.2,20.249999999999996,0.8,0.8,900.0,0.005,15
11.555,900.1386104138985,208.10174610873727,0.2,0.2,20.249999999999996,0.8,0.8,900.0,0.005,15
11.56,900.1352657441922,207.68409822825416,0.2,0.2,20.249999999999996,0.8,0.8,900.0,0.005,15
11.565,900.1326627530784,207.16301017101787,0.2,0.2,20.249999999999996,0.8,0.8,900.0,0.005,15
11.57,900.1309231405754,206.57881135885142,0.2,0.2,20.249999999999996,0.8,0.8,900.0,0.005,15
11.575000000000001,900.1300373198128,205.93944879564305,0.2,0.2,20.249999999999996,0.8,0.8,900.0,0.005,15
11.58,900.1300076676422,205.28462528083432,0.2,0.2,20.249999999999996,0.8,0.8,900.0,0.005,15
11.585,900.1306634398118,204.6659828292659,0.2,0.2,20.249999999999996,0.8,0.8,900.0,0.005,15
11.59,900.1319455370659,204.09551238407417,0.2,0.2,20.249999999999996,0.8,0.8,900.0,0.005,15
11.595,900.1336442915924,203.59133102837578,0.2,0.2,20.249999999999996,0.8,0.8,900.0,0.005,15
11.6,900.1356049536699,203.1682472513606,0.2,0.2,20.249999999999996,0.8,0.8,900.0,0.005,15
11.605,900.1375938718094,202.83049661753762,0.2,0.2,20.249999999999996,0.8,0.8,900.0,0.005,15
11.61,900.1394876155441,202.57890295675628,0.2,0.2,20.249999999999996,0.8,0.8,900.0,0.005,15
11.615,900.1411493174902,202.41091718154854,0.2,0.2,20.249999999999996,0.8,0.8,900.0,0.005,15
11.620000000000001,900.1425540218829,202.3292025263396,0.2,0.2,20.249999999999996,0.8,0.8,900.0,0.005,15
11.625,900.1435849824109,202.31894225967375,0.2,0.2,20.249999999999996,0.8,0.8,900.0,0.005,15
11.63,900.1444414523359,202.09397139422333,0.2,0.2,20.249999999999996,0.8,0.8,900.0,0.005,15
11.635,900.145112354815,202.10794715979964,0.2,0.2,20.249999999999996,0.8,0.8,900.0,0.005,15
11.64,900.145245377463,202.1435260358644,0.2,0.2,20.249999999999996,0.8,0.8,900.0,0.005,15
11.645,900.1449333241882,202.19382078602854,0.2,0.2,20.249999999999996,0.8,0.8,900.0,0.005,15
11.65,900.1442967295947,202.22413749373067,0.2,0.2,20.249999999999996,0.8,0.8,900.0,0.005,15
11.655,900.1435686748033,202.24198915841012,0.2,0.2,20.249999999999996,0.8,0.8,900.0,0.005,15
11.66,900.1425586060845,202.23475752971075,0.2,0.2,20.249999999999996,0.8,0.8,900.0,0.005,15
11.665000000000001,900.1413511919673,202.1605360802251,0.2,0.2,20.249999999999996,0.8,0.8,900.0,0.005,15
11.67,900.1401828530162,202.0106898271328,0.2,0.2,20.249999999999996,0.8,0.8,900.0,0.005,15
11.675,900.1389530061484,201.83989683436553,0.2,0.2,20.249999999999996,0.8,0.8,900.0,0.005,15
11.68,900.1378472177585,201.61316422301587,0.2,0.2,20.249999999999996,0.8,0.8,900.0,0.005,15
11.685,900.1368826663405,201.37584024062753,0.2,0.2,20.249999999999996,0.8,0.8,900.0,0.005,15
11.69,900.1361079625322,201.11984382496237,0.2,0.2,20.249999999999996,0.8,0.8,900.0,0.005,15
11.695,900.1356799285255,200.83912576802527,0.2,0.2,20.249999999999996,0.8,0.8,900.0,0.005,15
11.700000000000001,900.1356844671903,200.54830235497562,0.2,0.2,20.249999999999996,0.8,0.8,900.0,0.005,15
11.705,900.1359608822223,200.27591425520419,0.2,0.2,20.249999999999996,0.8,0.8,900.0,0.005,15
11.71,900.1364014245694,199.9662297781958,0.2,0.2,20.249999999999996,0.8,0.8,900.0,0.005,15
11.715,900.137158869576,199.6957477559473,0.2,0.2,20.249999999999996,0.8,0.8,900.0,0.005,15
11.72,900.1381755889746,199.477395514491,0.2,0.2,20.249999999999996,0.8,0.8,900.0,0.005,15
11.725,900.1393849369915,199.29704947299314,0.2,0.2,20.249999999999996,0.8,0.8,900.0,0.005,15
11.73,900.1407264347006,199.1926668888006,0.2,0.2,20.249999999999996,0.8,0.8,900.0,0.005,15
11.735,900.1422110624809,199.01626640457025,0.2,0.2,20.249999999999996,0.8,0.8,900.0,0.005,15
11.74,900.1439982170771,198.91129818694264,0.2,0.2,20.249999999999996,0.8,0.8,900.0,0.005,15
11.745000000000001,900.1455755038971,199.02903411926806,0.2,0.2,20.249999999999996,0.8,0.8,900.0,0.005,15
11.75,900.1470874532453,199.18780175897416,0.2,0.2,20.249999999999996,0.8,0.8,900.0,0.005,15
11.755,900.1483721694866,199.40598941800513,0.2,0.2,20.249999999999996,0.8,0.8,900.0,0.005,15
11.76,900.1493827796309,199.67493809651373,0.2,0.2,20.249999999999996,0.8,0.8,900.0,0.005,15
11.765,900.1502203836379,199.93437985761614,0.2,0.2,20.249999999999996,0.8,0.8,900.0,0.005,15
11.77,900.1509246253241,200.16557995365355,0.2,0.2,20.249999999999996,0.8,0.8,900.0,0.005,15
11.775,900.1512234159014,200.4973536824001,0.2,0.2,20.249999999999996,0.8,0.8,900.0,0.005,15
11.78,900.1512267807028,200.8076653034383,0.2,0.2,20.249999999999996,0.8,0.8,900.0,0.005,15
11.785,900.1510844063922,201.11171697896444,0.2,0.2,20.249999999999996,0.8,0.8,900.0,0.005,15
11.790000000000001,900.1508105949584,201.42460830929647,0.2,0.2,20.249999999999996,0.8,0.8,900.0,0.005,15
11.795,900.1504764153324,201.73363577348363,0.2,0.2,20.249999999999996,0.8,0.8,900.0,0.005,15
11.8,900.1502139918418,202.0275609967319,0.2,0.2,20.249999999999996,0.8,0.8,900.0,0.005,15
11.805,900.1502628525865,202.25034123842852,0.2,0.2,20.249999999999996,0.8,0.8,900.0,0.005,15
11.81,900.1506271806462,202.51710504959843,0.2,0.2,20.249999999999996,0.8,0.8,900.0,0.005,15
11.815,900.1511673845562,202.79704413025763,0.2,0.2,20.249999999999996,0.8,0.8,900.0,0.005,15
11.82,900.1519496569174,203.0737068327787,0.2,0.2,20.249999999999996,0.8,0.8,900.0,0.005,15
11.825000000000001,900.1529923067199,203.36208662271125,0.2,0.2,20.249999999999996,0.8,0.8,900.0,0.005,15
11.83,900.1542807365798,203.6629852194078,0.2,0.2,20.249999999999996,0.8,0.8,900.0,0.005,15
11.835,900.1557662946637,203.98164342169792,0.2,0.2,20.249999999999996,0.8,0.8,900.0,0.005,15
11.84,900.157604999442,203.75589225108573,0.2,0.2,20.249999999999996,0.8,0.8,900.0,0.005,15
11.845,900.1595762574457,203.96852486813276,0.2,0.2,20.249999999999996,0.8,0.8,900.0,0.005,15
11.85,900.1611782141681,204.3559126321425,0.2,0.2,20.249999999999996,0.8,0.8,900.0,0.005,15
11.855,900.1625647691192,204.7589311867847,0.2,0.2,20.249999999999996,0.8,0.8,900.0,0.005,15
11.86,900.1637319784274,205.1759028998095,0.2,0.2,20.249999999999996,0.8,0.8,900.0,0.005,15
11.865,900.164697778197,205.54319904410136,0.2,0.2,20.249999999999996,0.8,0.8,900.0,0.005,15
11.870000000000001,900.1656623411474,205.76631058473518,0.2,0.2,20.249999999999996,0.8,0.8,900.0,0.005,15
11.875,900.1662523688201,205.98523578389495,0.2,0.2,20.249999999999996,0.8,0.8,900.0,0.005,15
11.88,900.1661673952253,206.34501220332115,0.2,0.2,20.249999999999996,0.8,0.8,900.0,0.005,15
11.885,900.1656572578171,206.65851748643905,0.2,0.2,20.249999999999996,0.8,0.8,900.0,0.005,15
11.89,900.165012506751,206.81247952847127,0.2,0.2,20.249999999999996,0.8,0.8,900.0,0.005,15
11.895,900.1638471341703,207.04939392211838,0.2,0.2,20.249999999999996,0.8,0.8,900.0,0.005,15
11.9,900.1622754331519,207.2734315372064,0.2,0.2,20.249999999999996,0.8,0.8,900.0,0.005,15
11.905,900.1607024341192,207.39459743228107,0.2,0.2,20.249999999999996,0.8,0.8,900.0,0.005,15
11.91,900.158867056045,207.53846419261217,0.2,0.2,20.249999999999996,0.8,0.8,900.0,0.005,15
11.915000000000001,900.1567516181918,207.62321069827192,0.2,0.2,20.249999999999996,0.8,0.8,900.0,0.005,15
11.92,900.1545660918906,207.590856566921,0.2,0.2,20.249999999999996,0.8,0.8,900.0,0.005,15
11.925,900.152254062257,207.5865390711092,0.2,0.2,20.249999999999996,0.8,0.8,900.0,0.005,15
11.93,900.1499977380869,207.5446105363437,0.2,0.2,20.249999999999996,0.8,0.8,900.0,0.005,15
11.935,900.1479046218558,207.2521653273503,0.2,0.2,20.249999999999996,0.8,0.8,900.0,0.005,15
11.94,900.1465028742809,206.73056236972423,0.2,0.2,20.249999999999996,0.8,0.8,900.0,0.005,15
11.945,900.1450528398876,206.52750404540197,0.2,0.2,20.249999999999996,0.8,0.8,900.0,0.005,15
11.950000000000001,900.1439534305453,206.14671046456772,0.2,0.2,20.249999999999996,0.8,0.8,900.0,0.005,15
11.955,900.1433013636182,205.7386160954465,0.2,0.2,20.249999999999996,0.8,0.8,900.0,0.005,15
11.96,900.1426829821478,205.38901769057105,0.2,0.2,20.249999999999996,0.8,0.8,900.0,0.005,15
11.965,900.1420781219646,205.07983016548584,0.2,0.2,20.249999999999996,0.8,0.8,900.0,0.005,15
11.97,900.1417496938235,204.80327157153815,0.2,0.2,20.249999999999996,0.8,0.8,900.0,0.005,15
11.975,900.1414419134451,204.50833513702048,0.2,0.2,20.249999999999996,0.8,0.8,900.0,0.005,15
11.98,900.1410290440897,204.27390484894255,0.2,0.2,20.249999999999996,0.8,0.8,900.0,0.005,15
11.985,900.1406412550522,204.06472961841214,0.2,0.2,20.249999999999996,0.8,0.8,900.0,0.005,15
11.99,900.1402612704601,203.87451339930206,0.2,0.2,20.249999999999996,0.8,0.8,900.0,0.005,15
11.995000000000001,900.1398381100489,203.69120563716265,0.2,0.2,20.249999999999996,0.8,0.8,900.0,0.005,15
12.0,900.1395969605778,203.20426284113802,0.2,0.2,20.249999999999996,0.8,0.8,900.0,0.005,15
12.005,900.1391606514294,202.9966200871148,0.2,0.2,20.249999999999996,0.8,0.8,900.0,0.005,15
12.01,900.1385993419445,202.86074899572992,0.2,0.2,20.249999999999996,0.8,0.8,900.0,0.005,15
12.015,900.1379568874307,202.73963512796718,0.2,0.2,20.249999999999996,0.8,0.8,900.0,0.005,15
12.02,900.1373218327124,202.6093468150038,0.2,0.2,20.249999999999996,0.8,0.8,900.0,0.005,15
12.025,900.1367103290515,202.48474620701543,0.2,0.2,20.249999999999996,0.8,0.8,900.0,0.005,15
12.030000000000001,900.1361470503682,202.31174400829116,0.2,0.2,20.249999999999996,0.8,0.8,900.0,0.005,15
12.035,900.1357331431311,202.11115722630512,0.2,0.2,20.249999999999996,0.8,0.8,900.0,0.005,15
12.040000000000001,900.1351583131905,201.94084661947196,0.2,0.2,20.249999999999996,0.8,0.8,900.0,0.005,15
12.045,900.1346275980808,201.751927131647,0.2,0.2,20.249999999999996,0.8,0.8,900.0,0.005,15
12.05,900.1343242592202,201.4955916382957,0.2,0.2,20.249999999999996,0.8,0.8,900.0,0.005,15
12.055,900.134257699397,201.22130691895288,0.2,0.2,20.249999999999996,0.8,0.8,900.0,0.005,15
12.06,900.1343616517713,200.9116566303437,0.2,0.2,20.249999999999996,0.8,0.8,900.0,0.005,15
12.065,900.1348864164374,200.4121900953695,0.2,0.2,20.249999999999996,0.8,0.8,900.0,0.005,15
12.07,900.135839509055,199.93843377115527,0.2,0.2,20.249999999999996,0.8,0.8,900.0,0.005,15
12.075000000000001,900.1370394202721,199.56774713101828,0.2,0.2,20.249999999999996,0.8,0.8,900.0,0.005,15
12.08,900.1384678315085,199.26081488827901,0.2,0.2,20.249999999999996,0.8,0.8,900.0,0.005,15
12.085,900.1401433365062,199.0340253767406,0.2,0.2,20.249999999999996,0.8,0.8,900.0,0.005,15
12.09,900.1418554263901,198.82387184161252,0.2,0.2,20.249999999999996,0.8,0.8,900.0,0.005,15
12.095,900.143642906756,198.57668242317982,0.2,0.2,20.249999999999996,0.8,0.8,900.0,0.005,15
12.1,900.1457029037117,198.2387133792873,0.2,0.2,20.249999999999996,0.8,0.8,900.0,0.005,15
12.105,900.1476624964262,198.08574910103601,0.2,0.2,20.249999999999996,0.8,0.8,900.0,0.005,15
12.11,900.1494801366432,198.01427060032705,0.2,0.2,20.249999999999996,0.8,0.8,900.0,0.005,15
12.115,900.1511734314812,198.01099901016852,0.2,0.2,20.249999999999996,0.8,0.8,900.0,0.005,15
12.120000000000001,900.1527756759391,198.07696249785013,0.2,0.2,20.249999999999996,0.8,0.8,900.0,0.005,15
12.125,900.1543042733852,198.212260378741,0.2,0.2,20.249999999999996,0.8,0.8,900.0,0.005,15
12.13,900.1557901683892,198.41506561772712,0.2,0.2,20.249999999999996,0.8,0.8,900.0,0.005,15
12.135,900.15722728843,198.70389761943855,0.2,0.2,20.249999999999996,0.8,0.8,900.0,0.005,15
12.14,900.1586527896648,199.07797332440586,0.2,0.2,20.249999999999996,0.8,0.8,900.0,0.005,15
12.145,900.1600754708858,199.49885169224788,0.2,0.2,20.249999999999996,0.8,0.8,900.0,0.005,15
12.15,900.161301269249,200.02630214013783,0.2,0.2,20.249999999999996,0.8,0.8,900.0,0.005,15
12.155000000000001,900.1623860061778,200.63247849968667,0.2,0.2,20.249999999999996,0.8,0.8,900.0,0.005,15
12.16,900.1633305141771,201.32273391698632,0.2,0.2,20.249999999999996,0.8,0.8,900.0,0.005,15
12.165000000000001,900.1641645806733,202.03365330073797,0.2,0.2,20.249999999999996,0.8,0.8,900.0,0.005,15
12.17,900.165048389807,202.7312535821659,0.2,0.2,20.249999999999996,0.8,0.8,900.0,0.005,15
12.175,900.1660393158817,202.89710631330524,0.2,0.2,20.249999999999996,0.8,0.8,900.0,0.005,15
12.18,900.1667909924686,203.46206105891378,0.2,0.2,20.249999999999996,0.8,0.8,900.0,0.005,15
12.185,900.166803648092,204.33461767111103,0.2,0.2,20.249999999999996,0.8,0.8,900.0,0.005,15
12.19,900.1663096946018,205.2879227931794,0.2,0.2,20.249999999999996,0.8,0.8,900.0,0.005,15
12.195,900.1652734363953,206.26942257499297,0.2,0.2,20.249999999999996,0.8,0.8,900.0,0.005,15
12.200000000000001,900.1637369809887,207.22174210226285,0.2,0.2,20.249999999999996,0.8,0.8,900.0,0.005,15
12.205,900.1617605087345,208.10793071901088,0.2,0.2,20.249999999999996,0.8,0.8,900.0,0.005,15
12.21,900.1592679979827,208.90504208914152,0.2,0.2,20.249999999999996,0.8,0.8,900.0,0.005,15
12.215,900.1563870786682,209.56622440747913,0.2,0.2,20.249999999999996,0.8,0.8,900.0,0.005,15
12.22,900.1533149835335,209.8571571785746,0.2,0.2,20.249999999999996,0.8,0.8,900.0,0.005,15
12.225,900.1499100416705,210.13475686619714,0.2,0.2,20.249999999999996,0.8,0.8,900.0,0.005,15
12.23,900.1462200778393,210.15371650208147,0.2,0.2,20.249999999999996,0.8,0.8,900.0,0.005,15
12.235,900.1424832788377,209.87741439683057,0.2,0.2,20.249999999999996,0.8,0.8,900.0,0.005,15
12.24,900.1389637928982,209.31258186195254,0.2,0.2,20.249999999999996,0.8,0.8,900.0,0.005,15
12.245000000000001,900.1358820126452,208.54346458745712,0.2,0.2,20.249999999999996,0.8,0.8,900.0,0.005,15
12.25,900.1334226151096,207.63841088782758,0.2,0.2,20.249999999999996,0.8,0.8,900.0,0.005,15
12.255,900.1317684821569,206.6585045521337,0.2,0.2,20.249999999999996,0.8,0.8,900.0,0.005,15
12.26,900.1309379079828,205.65337696199487,0.2,0.2,20.249999999999996,0.8,0.8,900.0,0.005,15
12.265,900.1308788630405,204.64847999663172,0.2,0.2,20.249999999999996,0.8,0.8,900.0,0.005,15
12.27,900.1314160887265,203.66469030235606,0.2,0.2,20.249999999999996,0.8,0.8,900.0,0.005,15
12.275,900.1323068166138,202.71528982468286,0.2,0.2,20.249999999999996,0.8,0.8,900.0,0.005,15
12.280000000000001,900.1332987371848,201.81258336711562,0.2,0.2,20.249999999999996,0.8,0.8,900.0,0.005,15
12.285,900.134171544075,200.9652634881293,0.2,0.2,20.249999999999996,0.8,0.8,900.0,0.005,15
12.290000000000001,900.1347610216471,200.18097562285192,0.2,0.2,20.249999999999996,0.8,0.8,900.0,0.005,15
12.295,900.135030689385,199.443817492642,0.2,0.2,20.249999999999996,0.8,0.8,900.0,0.005,15
12.3,900.1348959800989,198.7874658552327,0.2,0.2,20.249999999999996,0.8,0.8,900.0,0.005,15
12.305,900.1346639255247,198.08647867814415,0.2,0.2,20.249999999999996,0.8,0.8,900.0,0.005,15
12.31,900.134028935231,197.5506041404316,0.2,0.2,20.249999999999996,0.8,0.8,900.0,0.005,15
12.315,900.1340293408753,196.51383297331714,0.2,0.2,20.249999999999996,0.8,0.8,900.0,0.005,15
12.32,900.1335603578282,196.10188812713125,0.2,0.2,20.249999999999996,0.8,0.8,900.0,0.005,15
12.325000000000001,900.1328729735127,195.78888027446803,0.2,0.2,20.249999999999996,0.8,0.8,900.0,0.005,15
12.33,900.132609413734,195.35093507160298,0.2,0.2,20.249999999999996,0.8,0.8,900.0,0.005,15
12.335,900.1327012398189,195.1448305839209,0.2,0.2,20.249999999999996,0.8,0.8,900.0,0.005,15
12.34,900.1328187607949,195.0861568729113,0.2,0.2,20.249999999999996,0.8,0.8,900.0,0.005,15
12.345,900.1330660735887,195.10122262121178,0.2,0.2,20.249999999999996,0.8,0.8,900.0,0.005,15
12.35,900.1334712298303,195.17903485635972,0.2,0.2,20.249999999999996,0.8,0.8,900.0,0.005,15
12.355,900.1341066064023,195.30901036035925,0.2,0.2,20.249999999999996,0.8,0.8,900.0,0.005,15
12.36,900.1348798036286,195.47072277601123,0.2,0.2,20.249999999999996,0.8,0.8,900.0,0.005,15
12.365,900.1359419141985,195.5777167085816,0.2,0.2,20.249999999999996,0.8,0.8,900.0,0.005,15
12.370000000000001,900.1372744674838,195.73575732299278,0.2,0.2,20.249999999999996,0.8,0.8,900.0,0.005,15
12.375,900.1390026611007,195.6174402060104,0.2,0.2,20.249999999999996,0.8,0.8,900.0,0.005,15
12.38,900.1402497340205,195.90309395124407,0.2,0.2,20.249999999999996,0.8,0.8,900.0,0.005,15
12.385,900.1410016330609,196.15571017365815,0.2,0.2,20.249999999999996,0.8,0.8,900.0,0.005,15
12.39,900.1414706019381,196.3894654066383,0.2,0.2,20.249999999999996,0.8,0.8,900.0,0.005,15
12.395,900.1418933855005,196.59916791348147,0.2,0.2,20.249999999999996,0.8,0.8,900.0,0.005,15
12.4,900.14230708157,196.73601853343519,0.2,0.2,20.249999999999996,0.8,0.8,900.0,0.005,15
12.405000000000001,900.1425919086864,196.83920194309528,0.2,0.2,20.249999999999996,0.8,0.8,900.0,0.005,15
12.41,900.1425613196603,197.04120656961,0.2,0.2,20.249999999999996,0.8,0.8,900.0,0.005,15
12.415000000000001,900.1423216837112,197.22890564237053,0.2,0.2,20.249999999999996,0.8,0.8,900.0,0.005,15
12.42,900.1419791813662,197.38599437368302,0.2,0.2,20.249999999999996,0.8,0.8,900.0,0.005,15
12.425,900.1417233718959,197.5487406980502,0.2,0.2,20.249999999999996,0.8,0.8,900.0,0.005,15
12.43,900.1415257518712,197.71332276693772,0.2,0.2,20.249999999999996,0.8,0.8,900.0,0.005,15
12.435,900.1413939419087,197.8765849432313,0.2,0.2,20.249999999999996,0.8,0.8,900.0,0.005,15
12.44,900.1413914085712,198.02677476288517,0.2,0.2,20.249999999999996,0.8,0.8,900.0,0.005,15
12.445,900.1417621355694,198.1151242542151,0.2,0.2,20.249999999999996,0.8,0.8,900.0,0.005,15
12.450000000000001,900.1423292627526,198.25998675448236,0.2,0.2,20.249999999999996,0.8,0.8,900.0,0.005,15
12.455,900.143208863519,198.40269194203472,0.2,0.2,20.249999999999996,0.8,0.8,900.0,0.005,15
12.46,900.1444033533346,198.56451119401495,0.2,0.2,20.249999999999996,0.8,0.8,900.0,0.005,15
12.465,900.1459091901518,198.7474915465588,0.2,0.2,20.249999999999996,0.8,0.8,900.0,0.005,15
12.47,900.1476624814505,198.94079608668886,0.2,0.2,20.249999999999996,0.8,0.8,900.0,0.005,15
12.475,900.1496151276194,199.1357559708158,0.2,0.2,20.249999999999996,0.8,0.8,900.0,0.005,15
12.48,900.1516646762288,199.33712216684958,0.2,0.2,20.249999999999996,0.8,0.8,900.0,0.005,15
12.485,900.1535913470346,199.5411248445601,0.2,0.2,20.249999999999996,0.8,0.8,900.0,0.005,15
12.49,900.1553849608712,199.73757356061776,0.2,0.2,20.249999999999996,0.8,0.8,900.0,0.005,15
12.495000000000001,900.1571325273984,199.91692293662118,0.2,0.2,20.249999999999996,0.8,0.8,900.0,0.005,15
12.5,900.1585610844536,200.11254533844877,0.2,0.2,20.249999999999996,0.8,0.8,900.0,0.005,15
12.505,900.1596597799211,200.28360225537864,0.2,0.2,20.249999999999996,0.8,0.8,900.0,0.005,15
12.51,900.1609654037057,200.24377229035022,0.2,0.2,20.249999999999996,0.8,0.8,900.0,0.005,15
12.515,900.1616858859541,200.37515332917982,0.2,0.2,20.249999999999996,0.8,0.8,900.0,0.005,15
12.52,900.1618426340436,200.54029748515526,0.2,0.2,20.249999999999996,0.8,0.8,900.0,0.005,15
12.525,900.1616660695687,200.7208820134055,0.2,0.2,20.249999999999996,0.8,0.8,900.0,0.005,15
12.530000000000001,900.1613266854608,200.88970396643757,0.2,0.2,20.249999999999996,0.8,0.8,900.0,0.005,15
12.535,900.1607374540519,201.0856726959156,0.2,0.2,20.249999999999996,0.8,0.8,900.0,0.005,15
12.540000000000001,900.1598978848316,201.29572683853172,0.2,0.2,20.249999999999996,0.8,0.8,900.0,0.005,15
12.545,900.1588852737814,201.51761754256407,0.2,0.2,20.249999999999996,0.8,0.8,900.0,0.005,15
12.55,900.157749043613,201.7489391015686,0.2,0.2,20.249999999999996,0.8,0.8,900.0,0.005,15
12.555,900.1566047701048,201.97989678287666,0.2,0.2,20.249999999999996,0.8,0.8,900.0,0.005,15
12.56,900.1555088868743,202.2053032645792,0.2,0.2,20.249999999999996,0.8,0.8,900.0,0.005,15
12.565,900.1543842318954,202.38568825771807,0.2,0.2,20.249999999999996,0.8,0.8,900.0,0.005,15
12.57,900.1532428534176,202.56556916515643,0.2,0.2,20.249999999999996,0.8,0.8,900.0,0.005,15
12.575000000000001,900.1521337966765,202.73718365219685,0.2,0.2,20.249999999999996,0.8,0.8,900.0,0.005,15
12.58,900.1510590639286,202.88013627282464,0.2,0.2,20.249999999999996,0.8,0.8,900.0,0.005,15
12.585,900.1499688489422,202.99765867063692,0.2,0.2,20.249999999999996,0.8,0.8,900.0,0.005,15
12.59,900.1489361119909,203.0795094626552,0.2,0.2,20.249999999999996,0.8,0.8,900.0,0.005,15
12.595,900.1479843895851,203.12139469829805,0.2,0.2,20.249999999999996,0.8,0.8,900.0,0.005,15
12.6,900.1470941809437,203.1270287434034,0.2,0.2,20.249999999999996,0.8,0.8,900.0,0.005,15
12.605,900.1463400323335,203.10459484409014,0.2,0.2,20.249999999999996,0.8,0.8,900.0,0.005,15
12.61,900.1457795720494,203.0374886096313,0.2,0.2,20.249999999999996,0.8,0.8,900.0,0.005,15
12.615,900.145338869588,202.96526402296664,0.2,0.2,20.249999999999996,0.8,0.8,900.0,0.005,15
12.620000000000001,900.1451142228372,202.86867467062814,0.2,0.2,20.249999999999996,0.8,0.8,900.0,0.005,15
12.625,900.1448317054824,202.6836344511694,0.2,0.2,20.249999999999996,0.8,0.8,900.0,0.005,15
12.63,900.144505005455,202.49255740287248,0.2,0.2,20.249999999999996,0.8,0.8,900.0,0.005,15
12.635,900.1439960338523,202.35294962073783,0.2,0.2,20.249999999999996,0.8,0.8,900.0,0.005,15
12.64,900.1433220873542,202.19728246076698,0.2,0.2,20.249999999999996,0.8,0.8,900.0,0.005,15
12.645,900.1424963072816,202.01990713148663,0.2,0.2,20.249999999999996,0.8,0.8,900.0,0.005,15
12.65,900.1416167224857,201.80501039824944,0.2,0.2,20.249999999999996,0.8,0.8,900.0,0.005,15
12.655000000000001,900.1406035741371,201.5703855883184,0.2,0.2,20.249999999999996,0.8,0.8,900.0,0.005,15
12.66,900.139641149705,201.30714298769504,0.2,0.2,20.249999999999996,0.8,0.8,900.0,0.005,15
12.665000000000001,900.138760896526,201.0305726029637,0.2,0.2,20.249999999999996,0.8,0.8,900.0,0.005,15
12.67,900.1380658470638,200.73505587618206,0.2,0.2,20.249999999999996,0.8,0.8,900.0,0.005,15
12.675,900.1377254024492,200.423739628461,0.2,0.2,20.249999999999996,0.8,0.8,900.0,0.005,15
12.68,900.1379302564525,200.0018964968305,0.2,0.2,20.249999999999996,0.8,0.8,900.0,0.005,15
12.685,900.1387219997731,199.58195355109683,0.2,0.2,20.249999999999996,0.8,0.8,900.0,0.005,15
12.69,900.1397878324668,199.31231642238984,0.2,0.2,20.249999999999996,0.8,0.8,900.0,0.005,15
12.695,900.1413556519674,198.95141008508284,0.2,0.2,20.249999999999996,0.8,0.8,900.0,0.005,15
12.700000000000001,900.1430999628183,198.77951595957703,0.2,0.2,20.249999999999996,0.8,0.8,900.0,0.005,15
12.705,900.1450425678348,198.67512989305627,0.2,0.2,20.249999999999996,0.8,0.8,900.0,0.005,15
12.71,900.1471174840583,198.63901415344657,0.2,0.2,20.249999999999996,0.8,0.8,900.0,0.005,15
12.715,900.1492320173126,198.65056435751566,0.2,0.2,20.249999999999996,0.8,0.8,900.0,0.005,15
12.72,900.1512184320894,198.7514854186637,0.2,0.2,20.249999999999996,0.8,0.8,900.0,0.005,15
12.725,900.1530611527679,198.92858842604102,0.2,0.2,20.249999999999996,0.8,0.8,900.0,0.005,15
12.73,900.1546805088522,199.1797521780784,0.2,0.2,20.249999999999996,0.8,0.8,900.0,0.005,15
12.735,900.1560886298638,199.46721587176663,0.2,0.2,20.249999999999996,0.8,0.8,900.0,0.005,15
12.74,900.1570745931166,199.8388169915383,0.2,0.2,20.249999999999996,0.8,0.8,900.0,0.005,15
12.745000000000001,900.1578443456368,200.16753077430758,0.2,0.2,20.249999999999996,0.8,0.8,900.0,0.005,15
12.75,900.1580912650761,200.54951706249457,0.2,0.2,20.249999999999996,0.8,0.8,900.0,0.005,15
12.755,900.1578679033654,200.99460586795877,0.2,0.2,20.249999999999996,0.8,0.8,900.0,0.005,15
12.76,900.1572360818842,201.44741191209698,0.2,0.2,20.249999999999996,0.8,0.8,900.0,0.005,15
12.765,900.1562596452538,201.8732445471837,0.2,0.2,20.249999999999996,0.8,0.8,900.0,0.005,15
12.77,900.1550516801008,202.2086284917341,0.2,0.2,20.249999999999996,0.8,0.8,900.0,0.005,15
12.775,900.1536486111589,202.52223962555027,0.2,0.2,20.249999999999996,0.8,0.8,900.0,0.005,15
12.780000000000001,900.1521339959095,202.77059882912903,0.2,0.2,20.249999999999996,0.8,0.8,900.0,0.005,15
12.785,900.1504408515431,202.98052229744528,0.2,0.2,20.249999999999996,0.8,0.8,900.0,0.005,15
12.790000000000001,900.1488170016091,203.0690212135665,0.2,0.2,20.249999999999996,0.8,0.8,900.0,0.005,15
12.795,900.1476387877283,202.84250459334598,0.2,0.2,20.249999999999996,0.8,0.8,900.0,0.005,15
12.8,900.1470981961501,202.51029529703524,0.2,0.2,20.249999999999996,0.8,0.8,900.0,0.005,15
12.805,900.1466221862896,202.26297428330625,0.2,0.2,20.249999999999996,0.8,0.8,900.0,0.005,15
12.81,900.1463165524871,202.1090260396509,0.2,0.2,20.249999999999996,0.8,0.8,900.0,0.005,15
12.815,900.1461904983541,201.8998954871911,0.2,0.2,20.249999999999996,0.8,0.8,900.0,0.005,15
12.82,900.1462903416715,201.68051605805823,0.2,0.2,20.249999999999996,0.8,0.8,900.0,0.005,15
12.825000000000001,900.1466326494082,201.4152151084445,0.2,0.2,20.249999999999996,0.8,0.8,900.0,0.005,15
12.83,900.1470981310001,201.18209608241347,0.2,0.2,20.249999999999996,0.8,0.8,900.0,0.005,15
12.835,900.1476795329595,200.95530433223482,0.2,0.2,20.249999999999996,0.8,0.8,900.0,0.005,15
12.84,900.148343717937,200.71365168248605,0.2,0.2,20.249999999999996,0.8,0.8,900.0,0.005,15
12.845,900.1487596281642,200.534974531369,0.2,0.2,20.249999999999996,0.8,0.8,900.0,0.005,15
12.85,900.1488883507166,200.3843293649317,0.2,0.2,20.249999999999996,0.8,0.8,900.0,0.005,15
12.855,900.1487454137593,200.23484540694832,0.2,0.2,20.249999999999996,0.8,0.8,900.0,0.005,15
12.86,900.1482162249721,200.1265420780951,0.2,0.2,20.249999999999996,0.8,0.8,900.0,0.005,15
12.865,900.1472499204688,200.05600790527558,0.2,0.2,20.249999999999996,0.8,0.8,900.0,0.005,15
12.870000000000001,900.1459814332712,200.02482409810565,0.2,0.2,20.249999999999996,0.8,0.8,900.0,0.005,15
12.875,900.1443931237036,200.00144415645977,0.2,0.2,20.249999999999996,0.8,0.8,900.0,0.005,15
12.88,900.1429174719642,199.87547360818323,0.2,0.2,20.249999999999996,0.8,0.8,900.0,0.005,15
12.885,900.1412306802649,199.81063389241604,0.2,0.2,20.249999999999996,0.8,0.8,900.0,0.005,15
12.89,900.1395431769964,199.75971529124797,0.2,0.2,20.249999999999996,0.8,0.8,900.0,0.005,15
12.895,900.1379513186132,199.72687438016325,0.2,0.2,20.249999999999996,0.8,0.8,900.0,0.005,15
12.9,900.1365695994181,199.69616549954225,0.2,0.2,20.249999999999996,0.8,0.8,900.0,0.005,15
12.905000000000001,900.1355024213689,199.65693537498962,0.2,0.2,20.249999999999996,0.8,0.8,900.0,0.005,15
12.91,900.1348573608453,199.61391391560358,0.2,0.2,20.249999999999996,0.8,0.8,900.0,0.005,15
12.915000000000001,900.1346591925442,199.52190325559997,0.2,0.2,20.249999999999996,0.8,0.8,900.0,0.005,15
12.92,900.1347489403008,199.4322695417671,0.2,0.2,20.249999999999996,0.8,0.8,900.0,0.005,15
12.925,900.1351514074169,199.3258453515337,0.2,0.2,20.249999999999996,0.8,0.8,900.0,0.005,15
12.93,900.1357913741056,199.21219504353138,0.2,0.2,20.249999999999996,0.8,0.8,900.0,0.005,15
12.935,900.1365252714816,199.1212492441232,0.2,0.2,20.249999999999996,0.8,0.8,900.0,0.005,15
12.94,900.1372868448769,199.0319714769233,0.2,0.2,20.249999999999996,0.8,0.8,900.0,0.005,15
12.945,900.1381227853301,198.86801540457515,0.2,0.2,20.249999999999996,0.8,0.8,900.0,0.005,15
12.950000000000001,900.1388542523594,198.71822378825004,0.2,0.2,20.249999999999996,0.8,0.8,900.0,0.005,15
12.955,900.1399320025636,198.29785032283363,0.2,0.2,20.249999999999996,0.8,0.8,900.0,0.005,15
12.96,900.140912368321,198.1009486135555,0.2,0.2,20.249999999999996,0.8,0.8,900.0,0.005,15
12.965,900.1416146116388,197.98770497978077,0.2,0.2,20.249999999999996,0.8,0.8,900.0,0.005,15
12.97,900.1423990127086,197.81276028969037,0.2,0.2,20.249999999999996,0.8,0.8,900.0,0.005,15
12.975,900.1431460940473,197.71211255766318,0.2,0.2,20.249999999999996,0.8,0.8,900.0,0.005,15
12.98,900.1438445559301,197.64474306869732,0.2,0.2,20.249999999999996,0.8,0.8,900.0,0.005,15
12.985,900.1445527415613,197.61124076792896,0.2,0.2,20.249999999999996,0.8,0.8,900.0,0.005,15
12.99,900.1453164762735,197.6105834353189,0.2,0.2,20.249999999999996,0.8,0.8,900.0,0.005,15
12.995000000000001,900.1461626449426,197.64664368046954,0.2,0.2,20.249999999999996,0.8,0.8,900.0,0.005,15
13.0,900.1471232342087,197.7264826825798,0.2,0.2,20.249999999999996,0.8,0.8,900.0,0.005,15
13.005,900.1483278632057,197.68359061350182,0.2,0.2,20.249999999999996,0.8,0.8,900.0,0.005,15
13.01,900.1494567392173,197.75588264777736,0.2,0.2,20.249999999999996,0.8,0.8,900.0,0.005,15
13.015,900.1504129977146,197.9025359334218,0.2,0.2,20.249999999999996,0.8,0.8,900.0,0.005,15
13.02,900.1512347283887,198.08037527360926,0.2,0.2,20.249999999999996,0.8,0.8,900.0,0.005,15
13.025,900.1518398658908,198.27460573106288,0.2,0.2,20.249999999999996,0.8,0.8,900.0,0.005,15
13.030000000000001,900.1521365220136,198.4873732926973,0.2,0.2,20.249999999999996,0.8,0.8,900.0,0.005,15
13.035,900.1521627439342,198.66645587290748,0.2,0.2,20.249999999999996,0.8,0.8,900.0,0.005,15
13.040000000000001,900.1519970841715,198.829202981109,0.2,0.2,20.249999999999996,0.8,0.8,900.0,0.005,15
13.045,900.1516286396288,198.98967664194222,0.2,0.2,20.249999999999996,0.8,0.8,900.0,0.005,15
13.05,900.1511963939292,199.11756205647157,0.2,0.2,20.249999999999996,0.8,0.8,900.0,0.005,15
13.055,900.1508702293191,199.20651926732612,0.2,0.2,20.249999999999996,0.8,0.8,900.0,0.005,15
13.06,900.1507856657179,199.26318303986645,0.2,0.2,20.249999999999996,0.8,0.8,900.0,0.005,15
13.065,900.1511296106601,199.25316616141583,0.2,0.2,20.249999999999996,0.8,0.8,900.0,0.005,15
13.07,900.1522883056577,199.01525227414706,0.2,0.2,20.249999999999996,0.8,0.8,900.0,0.005,15
13.075000000000001,900.1537990560311,198.92183422430824,0.2,0.2,20.249999999999996,0.8,0.8,900.0,0.005,15
13.08,900.1554165125228,198.90413051973474,0.2,0.2,20.249999999999996,0.8,0.8,900.0,0.005,15
13.085,900.1573363857005,198.92202365721926,0.2,0.2,20.249999999999996,0.8,0.8,900.0,0.005,15
13.09,900.1594761322099,198.98828369453983,0.2,0.2,20.249999999999996,0.8,0.8,900.0,0.005,15
13.095,900.1617841416975,199.1092033141565,0.2,0.2,20.249999999999996,0.8,0.8,900.0,0.005,15
13.1,900.1639473448749,199.31291278423353,0.2,0.2,20.249999999999996,0.8,0.8,900.0,0.005,15
13.105,900.1658107058709,199.59536949887976,0.2,0.2,20.249999999999996,0.8,0.8,900.0,0.005,15
13.11,900.1672938585685,199.89908136167958,0.2,0.2,20.249999999999996,0.8,0.8,900.0,0.005,15
13.115,900.1682866097698,200.30564985422475,0.2,0.2,20.249999999999996,0.8,0.8,900.0,0.005,15
13.120000000000001,900.1685215174222,200.78470328147213,0.2,0.2,20.249999999999996,0.8,0.8,900.0,0.005,15
13.125,900.1678767127185,201.32658627093932,0.2,0.2,20.249999999999996,0.8,0.8,900.0,0.005,15
13.13,900.1664962229501,201.89084173988977,0.2,0.2,20.249999999999996,0.8,0.8,900.0,0.005,15
13.135,900.1642204437348,202.46204949374086,0.2,0.2,20.249999999999996,0.8,0.8,900.0,0.005,15
13.14,900.1611057321497,202.98508440624389,0.2,0.2,20.249999999999996,0.8,0.8,900.0,0.005,15
13.145,900.1573813669676,203.42237203080478,0.2,0.2,20.249999999999996,0.8,0.8,900.0,0.005,15
13.15,900.1531888416587,203.75955816817492,0.2,0.2,20.249999999999996,0.8,0.8,900.0,0.005,15
13.155000000000001,900.148791855524,203.96439864904357,0.2,0.2,20.249999999999996,0.8,0.8,900.0,0.005,15
13.16,900.1443024094971,204.03710326501223,0.2,0.2,20.249999999999996,0.8,0.8,900.0,0.005,15
13.165000000000001,900.1399403947289,203.95414216306523,0.2,0.2,20.249999999999996,0.8,0.8,900.0,0.005,15
13.17,900.1361838927314,203.7048977535638,0.2,0.2,20.249999999999996,0.8,0.8,900.0,0.005,15
13.175,900.1327083737405,203.38981419665734,0.2,0.2,20.249999999999996,0.8,0.8,900.0,0.005,15
13.18,900.1298177087854,202.93147027262745,0.2,0.2,20.249999999999996,0.8,0.8,900.0,0.005,15
13.185,900.1276925162446,202.4019917431665,0.2,0.2,20.249999999999996,0.8,0.8,900.0,0.005,15
13.19,900.1261132825782,201.80348150295566,0.2,0.2,20.249999999999996,0.8,0.8,900.0,0.005,15
13.195,900.1250301486922,201.13880572140587,0.2,0.2,20.249999999999996,0.8,0.8,900.0,0.005,15
13.200000000000001,900.1244733000171,200.47392717040265,0.2,0.2,20.249999999999996,0.8,0.8,900.0,0.005,15
13.205,900.1244446149924,199.76905428008325,0.2,0.2,20.249999999999996,0.8,0.8,900.0,0.005,15
13.21,900.1247984608,199.07246416061778,0.2,0.2,20.249999999999996,0.8,0.8,900.0,0.005,15
13.215,900.1254035810696,198.44786329231368,0.2,0.2,20.249999999999996,0.8,0.8,900.0,0.005,15
13.22,900.1262055591621,197.86419829817126,0.2,0.2,20.249999999999996,0.8,0.8,900.0,0.005,15
13.225,900.1271719510746,197.32751946075916,0.2,0.2,20.249999999999996,0.8,0.8,900.0,0.005,15
13.23,900.1283006202058,196.84849561093333,0.2,0.2,20.249999999999996,0.8,0.8,900.0,0.005,15
13.235,900.1295355362339,196.42572377636228,0.2,0.2,20.249999999999996,0.8,0.8,900.0,0.005,15
13.24,900.1308647529011,196.06057922205588,0.2,0.2,20.249999999999996,0.8,0.8,900.0,0.005,15
13.245000000000001,900.132293982717,195.75126227832777,0.2,0.2,20.249999999999996,0.8,0.8,900.0,0.005,15
13.25,900.1338226399411,195.48626173053435,0.2,0.2,20.249999999999996,0.8,0.8,900.0,0.005,15
13.255,900.1354693794599,195.27237101519148,0.2,0.2,20.249999999999996,0.8,0.8,900.0,0.005,15
13.26,900.1372911103173,195.11288019555914,0.2,0.2,20.249999999999996,0.8,0.8,900.0,0.005,15
13.265,900.1392876240488,195.00525042197293,0.2,0.2,20.249999999999996,0.8,0.8,900.0,0.005,15
13.27,900.1414430373854,194.94247113096256,0.2,0.2,20.249999999999996,0.8,0.8,900.0,0.005,15
13.275,900.1437327219223,194.93298136918602,0.2,0.2,20.249999999999996,0.8,0.8,900.0,0.005,15
13.280000000000001,900.1461462523476,194.96660966418054,0.2,0.2,20.249999999999996,0.8,0.8,900.0,0.005,15
13.285,900.1486611072991,195.05037844030593,0.2,0.2,20.249999999999996,0.8,0.8,900.0,0.005,15
13.290000000000001,900.151207202176,195.19403010084199,0.2,0.2,20.249999999999996,0.8,0.8,900.0,0.005,15
13.295,900.1537183551434,195.4107481554539,0.2,0.2,20.249999999999996,0.8,0.8,900.0,0.005,15
13.3,900.1560338413856,195.69272080809696,0.2,0.2,20.249999999999996,0.8,0.8,900.0,0.005,15
13.305,900.158171716333,196.08695174469096,0.2,0.2,20.249999999999996,0.8,0.8,900.0,0.005,15
13.31,900.1600122303062,196.59538635230106,0.2,0.2,20.249999999999996,0.8,0.8,900.0,0.005,15
13.315,900.1615332702592,197.20415703705888,0.2,0.2,20.249999999999996,0.8,0.8,900.0,0.005,15
13.32,900.162731444576,197.89868055056266,0.2,0.2,20.249999999999996,0.8,0.8,900.0,0.005,15
13.325000000000001,900.1636365131993,198.66988992330513,0.2,0.2,20.249999999999996,0.8,0.8,900.0,0.005,15
13.33,900.1641411357107,199.37649604820894,0.2,0.2,20.249999999999996,0.8,0.8,900.0,0.005,15
13.335,900.1646887961274,200.04039967909085,0.2,0.2,20.249999999999996,0.8,0.8,900.0,0.005,15
13.34,900.1644868861032,200.93297509213178,0.2,0.2,20.249999999999996,0.8,0.8,900.0,0.005,15
13.345,900.1636064348593,201.7385533874045,0.2,0.2,20.249999999999996,0.8,0.8,900.0,0.005,15
13.35,900.1622207531665,202.509498466106,0.2,0.2,20.249999999999996,0.8,0.8,900.0,0.005,15
13.355,900.1600705344133,203.31354749480664,0.2,0.2,20.249999999999996,0.8,0.8,900.0,0.005,15
13.36,900.1569944897069,204.01492912571558,0.2,0.2,20.249999999999996,0.8,0.8,900.0,0.005,15
13.365,900.1531309447159,204.59459005678235,0.2,0.2,20.249999999999996,0.8,0.8,900.0,0.005,15
13.370000000000001,900.1485786994507,205.0252112893393,0.2,0.2,20.249999999999996,0.8,0.8,900.0,0.005,15
13.375,900.1436355333292,205.04288684987716,0.2,0.2,20.249999999999996,0.8,0.8,900.0,0.005,15
13.38,900.1385966796437,204.8601381956449,0.2,0.2,20.249999999999996,0.8,0.8,900.0,0.005,15
13.385,900.1333706207923,204.57341083815493,0.2,0.2,20.249999999999996,0.8,0.8,900.0,0.005,15
13.39,900.1285918076184,204.07837448593585,0.2,0.2,20.249999999999996,0.8,0.8,900.0,0.005,15
13.395,900.1247097719031,203.4373192793323,0.2,0.2,20.249999999999996,0.8,0.8,900.0,0.005,15
13.4,900.1221427345811,202.70933172444145,0.2,0.2,20.249999999999996,0.8,0.8,900.0,0.005,15
13.405000000000001,900.1210114061683,201.9324385530969,0.2,0.2,20.249999999999996,0.8,0.8,900.0,0.005,15
13.41,900.1213556270651,201.12707159938168,0.2,0.2,20.249999999999996,0.8,0.8,900.0,0.005,15
13.415000000000001,900.1226809659772,200.38279879614103,0.2,0.2,20.249999999999996,0.8,0.8,900.0,0.005,15
13.42,900.1248430485334,199.67595079419038,0.2,0.2,20.249999999999996,0.8,0.8,900.0,0.005,15
13.425,900.1276182861194,199.03164846326922,0.2,0.2,20.249999999999996,0.8,0.8,900.0,0.005,15
13.43,900.1308680481613,198.44011149389715,0.2,0.2,20.249999999999996,0.8,0.8,900.0,0.005,15
13.435,900.1342637487852,197.9586616867294,0.2,0.2,20.249999999999996,0.8,0.8,900.0,0.005,15
13.44,900.137431683344,197.59003418806049,0.2,0.2,20.249999999999996,0.8,0.8,900.0,0.005,15
13.445,900.1403925489182,197.337517482976,0.2,0.2,20.249999999999996,0.8,0.8,900.0,0.005,15
13.450000000000001,900.143204257739,197.20215415378274,0.2,0.2,20.249999999999996,0.8,0.8,900.0,0.005,15
13.455,900.145808542113,197.1889426790089,0.2,0.2,20.249999999999996,0.8,0.8,900.0,0.005,15
13.46,900.148351159814,197.286658133034,0.2,0.2,20.249999999999996,0.8,0.8,900.0,0.005,15
13.465,900.1509838364533,197.517877834295,0.2,0.2,20.249999999999996,0.8,0.8,900.0,0.005,15
13.47,900.1538876442476,197.6253195548604,0.2,0.2,20.249999999999996,0.8,0.8,900.0,0.005,15
13.475,900.1570456276415,197.91950893754515,0.2,0.2,20.249999999999996,0.8,0.8,900.0,0.005,15
13.48,900.1606060445544,198.26296112586508,0.2,0.2,20.249999999999996,0.8,0.8,900.0,0.005,15
13.485,900.1641077803894,198.88557585041661,0.2,0.2,20.249999999999996,0.8,0.8,900.0,0.005,15
13.49,900.1676266741731,199.62418242158674,0.2,0.2,20.249999999999996,0.8,0.8,900.0,0.005,15
13.495000000000001,900.171089834988,200.47966604224536,0.2,0.2,20.249999999999996,0.8,0.8,900.0,0.005,15
13.5,900.1743054743393,201.4208822847043,0.2,0.2,20.249999999999996,0.8,0.8,900.0,0.005,15
13.505,900.1770061236292,202.44181705002825,0.2,0.2,20.249999999999996,0.8,0.8,900.0,0.005,15
13.51,900.1791512860894,203.50288933898923,0.2,0.2,20.249999999999996,0.8,0.8,900.0,0.005,15
13.515,900.1804457696255,204.59109403058673,0.2,0.2,20.249999999999996,0.8,0.8,900.0,0.005,15
13.52,900.1808354989365,205.68755597009002,0.2,0.2,20.249999999999996,0.8,0.8,900.0,0.005,15
13.525,900.180198841478,206.7853331500334,0.2,0.2,20.249999999999996,0.8,0.8,900.0,0.005,15
13.530000000000001,900.1785832579981,207.79428565859536,0.2,0.2,20.249999999999996,0.8,0.8,900.0,0.005,15
13.535,900.1760029594014,208.70472061603903,0.2,0.2,20.249999999999996,0.8,0.8,900.0,0.005,15
13.540000000000001,900.1727587989961,209.32329364224475,0.2,0.2,20.249999999999996,0.8,0.8,900.0,0.005,15
13.545,900.1690353959533,209.8185130477293,0.2,0.2,20.249999999999996,0.8,0.8,900.0,0.005,15
13.55,900.1649838825745,210.18421083545996,0.2,0.2,20.249999999999996,0.8,0.8,900.0,0.005,15
13.555,900.1605659583945,210.41769578390597,0.2,0.2,20.249999999999996,0.8,0.8,900.0,0.005,15
13.56,900.1560179409972,210.55428088170603,0.2,0.2,20.249999999999996,0.8,0.8,900.0,0.005,15
13.565,900.1516870812065,210.5405971534569,0.2,0.2,20.249999999999996,0.8,0.8,900.0,0.005,15
13.57,900.1478334499479,210.40637566226584,0.2,0.2,20.249999999999996,0.8,0.8,900.0,0.005,15
13.575000000000001,900.1444612496086,210.13675425998125,0.2,0.2,20.249999999999996,0.8,0.8,900.0,0.005,15
13.58,900.1415512746034,209.76709405509897,0.2,0.2,20.249999999999996,0.8,0.8,900.0,0.005,15
13.585,900.1391338774628,209.31226645754037,0.2,0.2,20.249999999999996,0.8,0.8,900.0,0.005,15
13.59,900.1371437729405,208.79203348763625,0.2,0.2,20.249999999999996,0.8,0.8,900.0,0.005,15
13.595,900.1356097013143,208.1602835923538,0.2,0.2,20.249999999999996,0.8,0.8,900.0,0.005,15
13.6,900.135265463297,207.08016432332784,0.2,0.2,20.249999999999996,0.8,0.8,900.0,0.005,15
13.605,900.1350627800012,206.1371021905215,0.2,0.2,20.249999999999996,0.8,0.8,900.0,0.005,15
13.61,900.1345607534822,205.4290057628113,0.2,0.2,20.249999999999996,0.8,0.8,900.0,0.005,15
13.615,900.1340608348216,204.74029623523538,0.2,0.2,20.249999999999996,0.8,0.8,900.0,0.005,15
13.620000000000001,900.1336716960184,204.04283460906294,0.2,0.2,20.249999999999996,0.8,0.8,900.0,0.005,15
13.625,900.13342795008,203.2558878008115,0.2,0.2,20.249999999999996,0.8,0.8,900.0,0.005,15
13.63,900.1331883970475,202.324951083072,0.2,0.2,20.249999999999996,0.8,0.8,900.0,0.005,15
13.635,900.1327271227696,201.64697087234575,0.2,0.2,20.249999999999996,0.8,0.8,900.0,0.005,15
13.64,900.1323742730808,201.02032105587278,0.2,0.2,20.249999999999996,0.8,0.8,900.0,0.005,15
13.645,900.1322319878211,200.42607761262215,0.2,0.2,20.249999999999996,0.8,0.8,900.0,0.005,15
13.65,900.1324430730756,199.85273362338413,0.2,0.2,20.249999999999996,0.8,0.8,900.0,0.005,15
13.655000000000001,900.1329890086746,199.35256180936904,0.2,0.2,20.249999999999996,0.8,0.8,900.0,0.005,15
13.66,900.1339151253793,198.7341721961646,0.2,0.2,20.249999999999996,0.8,0.8,900.0,0.005,15
13.665000000000001,900.1352159692678,198.23107253371217,0.2,0.2,20.249999999999996,0.8,0.8,900.0,0.005,15
13.67,900.1366862779363,197.88691718087318,0.2,0.2,20.249999999999996,0.8,0.8,900.0,0.005,15
13.675,900.1382049663785,197.59563466064287,0.2,0.2,20.249999999999996,0.8,0.8,900.0,0.005,15
13.68,900.1398863688198,197.36621046139163,0.2,0.2,20.249999999999996,0.8,0.8,900.0,0.005,15
13.685,900.1417219889431,197.18196073134942,0.2,0.2,20.249999999999996,0.8,0.8,900.0,0.005,15
13.69,900.1434912114046,197.06976642943093,0.2,0.2,20.249999999999996,0.8,0.8,900.0,0.005,15
13.695,900.1452014307476,197.01626040476634,0.2,0.2,20.249999999999996,0.8,0.8,900.0,0.005,15
13.700000000000001,900.1469364300997,197.02917445086135,0.2,0.2,20.249999999999996,0.8,0.8,900.0,0.005,15
13.705,900.1485097344638,197.0340604524771,0.2,0.2,20.249999999999996,0.8,0.8,900.0,0.005,15
13.71,900.1499613304662,197.08302016745952,0.2,0.2,20.249999999999996,0.8,0.8,900.0,0.005,15
13.715,900.1512415929482,197.13911479274452,0.2,0.2,20.249999999999996,0.8,0.8,900.0,0.005,15
13.72,900.1525495009067,197.21056806362776,0.2,0.2,20.249999999999996,0.8,0.8,900.0,0.005,15
13.725,900.153475898523,197.36412359545886,0.2,0.2,20.249999999999996,0.8,0.8,900.0,0.005,15
13.73,900.1542380198158,197.50872310844161,0.2,0.2,20.249999999999996,0.8,0.8,900.0,0.005,15
13.735,900.1546600335058,197.66756851463072,0.2,0.2,20.249999999999996,0.8,0.8,900.0,0.005,15
13.74,900.154892187076,197.8197357176072,0.2,0.2,20.249999999999996,0.8,0.8,900.0,0.005,15
13.745000000000001,900.1551069656458,197.96880992253446,0.2,0.2,20.249999999999996,0.8,0.8,900.0,0.005,15
13.75,900.1555468180404,198.1353364147276,0.2,0.2,20.249999999999996,0.8,0.8,900.0,0.005,15
13.755,900.1557466538642,198.32742635649868,0.2,0.2,20.249999999999996,0.8,0.8,900.0,0.005,15
13.76,900.1558085260639,198.45977469801414,0.2,0.2,20.249999999999996,0.8,0.8,900.0,0.005,15
13.765,900.155872675948,198.5922154212266,0.2,0.2,20.249999999999996,0.8,0.8,900.0,0.005,15
13.77,900.1559799393775,198.71989011894078,0.2,0.2,20.249999999999996,0.8,0.8,900.0,0.005,15
13.775,900.1560089083468,198.86376932445788,0.2,0.2,20.249999999999996,0.8,0.8,900.0,0.005,15
13.780000000000001,900.1560052537851,198.98110977204388,0.2,0.2,20.249999999999996,0.8,0.8,900.0,0.005,15
13.785,900.155871564722,199.11413013689358,0.2,0.2,20.249999999999996,0.8,0.8,900.0,0.005,15
13.790000000000001,900.1555584211243,199.2434327063214,0.2,0.2,20.249999999999996,0.8,0.8,900.0,0.005,15
13.795,900.1550237253927,199.33776896185586,0.2,0.2,20.249999999999996,0.8,0.8,900.0,0.005,15
13.8,900.1542188807422,199.42540640002528,0.2,0.2,20.249999999999996,0.8,0.8,900.0,0.005,15
13.805,900.1531355364457,199.51294936504507,0.2,0.2,20.249999999999996,0.8,0.8,900.0,0.005,15
13.81,900.1517364817954,199.5928270967285,0.2,0.2,20.249999999999996,0.8,0.8,900.0,0.005,15
13.815,900.1500165022001,199.64870543070163,0.2,0.2,20.249999999999996,0.8,0.8,900.0,0.005,15
13.82,900.1480019497188,199.68690758314753,0.2,0.2,20.249999999999996,0.8,0.8,900.0,0.005,15
13.825000000000001,900.1458445813884,199.67795895426607,0.2,0.2,20.249999999999996,0.8,0.8,900.0,0.005,15
13.83,900.1437435155701,199.41801740757694,0.2,0.2,20.249999999999996,0.8,0.8,900.0,0.005,15
13.835,900.1414027997203,199.29940698163594,0.2,0.2,20.249999999999996,0.8,0.8,900.0,0.005,15
13.84,900.1391255353543,198.9441598558106,0.2,0.2,20.249999999999996,0.8,0.8,900.0,0.005,15
13.845,900.1370365597451,198.62849697742064,0.2,0.2,20.249999999999996,0.8,0.8,900.0,0.005,15
13.85,900.1349036718557,198.42312320888544,0.2,0.2,20.249999999999996,0.8,0.8,900.0,0.005,15
13.855,900.1329783243277,198.19224479675302,0.2,0.2,20.249999999999996,0.8,0.8,900.0,0.005,15
13.86,900.1313682368909,197.93002943753015,0.2,0.2,20.249999999999996,0.8,0.8,900.0,0.005,15
13.865,900.1301826815462,197.61585514384865,0.2,0.2,20.249999999999996,0.8,0.8,900.0,0.005,15
13.870000000000001,900.129441637734,197.2490110496004,0.2,0.2,20.249999999999996,0.8,0.8,900.0,0.005,15
13.875,900.1291996257829,196.83137629438468,0.2,0.2,20.249999999999996,0.8,0.8,900.0,0.005,15
13.88,900.1295259274192,196.37134514930003,0.2,0.2,20.249999999999996,0.8,0.8,900.0,0.005,15
13.885,900.130463445453,195.88034649341236,0.2,0.2,20.249999999999996,0.8,0.8,900.0,0.005,15
13.89,900.1320544287136,195.3711874684011,0.2,0.2,20.249999999999996,0.8,0.8,900.0,0.005,15
13.895,900.134238740506,194.86452125696533,0.2,0.2,20.249999999999996,0.8,0.8,900.0,0.005,15
13.9,900.1369392137719,194.38021321759783,0.2,0.2,20.249999999999996,0.8,0.8,900.0,0.005,15
13.905000000000001,900.1400691549092,193.90045138987904,0.2,0.2,20.249999999999996,0.8,0.8,900.0,0.005,15
13.91,900.1434452691543,193.47540060980796,0.2,0.2,20.249999999999996,0.8,0.8,900.0,0.005,15
13.915000000000001,900.1467953634966,193.17826248793386,0.2,0.2,20.249999999999996,0.8,0.8,900.0,0.005,15
13.92,900.1498575340798,193.0186415736588,0.2,0.2,20.249999999999996,0.8,0.8,900.0,0.005,15
13.925,900.1524009809428,192.9845441051585,0.2,0.2,20.249999999999996,0.8,0.8,900.0,0.005,15
13.93,900.1542565236156,193.0906226287884,0.2,0.2,20.249999999999996,0.8,0.8,900.0,0.005,15
13.935,900.1552978608131,193.28553238919076,0.2,0.2,20.249999999999996,0.8,0.8,900.0,0.005,15
13.94,900.1554198342834,193.6275434019764,0.2,0.2,20.249999999999996,0.8,0.8,900.0,0.005,15
13.945,900.1545610233287,194.08493248356103,0.2,0.2,20.249999999999996,0.8,0.8,900.0,0.005,15
13.950000000000001,900.152844799223,194.61334974445418,0.2,0.2,20.249999999999996,0.8,0.8,900.0,0.005,15
13.955,900.1504994679708,195.19059147598978,0.2,0.2,20.249999999999996,0.8,0.8,900.0,0.005,15
13.96,900.1478630600516,195.73983206009225,0.2,0.2,20.249999999999996,0.8,0.8,900.0,0.005,15
13.965,900.1451805830269,196.31302366427354,0.2,0.2,20.249999999999996,0.8,0.8,900.0,0.005,15
13.97,900.1426511642255,196.87405164833604,0.2,0.2,20.249999999999996,0.8,0.8,900.0,0.005,15
13.975,900.1405735398394,197.39391262570854,0.2,0.2,20.249999999999996,0.8,0.8,900.0,0.005,15
13.98,900.1391725333834,197.86516860140338,0.2,0.2,20.249999999999996,0.8,0.8,900.0,0.005,15
13.985,900.1385438265971,198.29303532557452,0.2,0.2,20.249999999999996,0.8,0.8,900.0,0.005,15
13.99,900.1387453939332,198.66998870066448,0.2,0.2,20.249999999999996,0.8,0.8,900.0,0.005,15
13.995000000000001,900.1397180497582,199.00310840620276,0.2,0.2,20.249999999999996,0.8,0.8,900.0,0.005,15
14.0,900.1413054872801,199.3001348593081,0.2,0.2,20.249999999999996,0.8,0.8,900.0,0.005,15
14.005,900.1433444369039,199.50853486571387,0.2,0.2,20.249999999999996,0.8,0.8,900.0,0.005,15
14.01,900.1457537592099,199.55844810680026,0.2,0.2,20.249999999999996,0.8,0.8,900.0,0.005,15
14.015,900.1478665205107,199.76329828907893,0.2,0.2,20.249999999999996,0.8,0.8,900.0,0.005,15
14.02,900.1495838844787,199.9490559176684,0.2,0.2,20.249999999999996,0.8,0.8,900.0,0.005,15
14.025,900.1508448447438,200.09541490374227,0.2,0.2,20.249999999999996,0.8,0.8,900.0,0.005,15
14.030000000000001,900.1513540168876,200.24947577530187,0.2,0.2,20.249999999999996,0.8,0.8,900.0,0.005,15
14.035,900.1511480811171,200.38450451298453,0.2,0.2,20.249999999999996,0.8,0.8,900.0,0.005,15
14.040000000000001,900.1506360414023,200.30970490838007,0.2,0.2,20.249999999999996,0.8,0.8,900.0,0.005,15
14.045,900.149447956552,200.38923619064113,0.2,0.2,20.249999999999996,0.8,0.8,900.0,0.005,15
14.05,900.1478590246521,200.46060353352743,0.2,0.2,20.249999999999996,0.8,0.8,900.0,0.005,15
14.055,900.1462106131582,200.50967081946152,0.2,0.2,20.249999999999996,0.8,0.8,900.0,0.005,15
14.06,900.1447195533068,200.54305523127823,0.2,0.2,20.249999999999996,0.8,0.8,900.0,0.005,15
14.065,900.143565479651,200.5644084834134,0.2,0.2,20.249999999999996,0.8,0.8,900.0,0.005,15
14.07,900.142928803387,200.584015718584,0.2,0.2,20.249999999999996,0.8,0.8,900.0,0.005,15
14.075000000000001,900.1429064448868,200.6111458996462,0.2,0.2,20.249999999999996,0.8,0.8,900.0,0.005,15
14.08,900.1435337374317,200.65554551854993,0.2,0.2,20.249999999999996,0.8,0.8,900.0,0.005,15
14.085,900.1447334913665,200.72408762814536,0.2,0.2,20.249999999999996,0.8,0.8,900.0,0.005,15
14.09,900.1463861026294,200.8184311574779,0.2,0.2,20.249999999999996,0.8,0.8,900.0,0.005,15
14.095,900.148320253479,200.9385310312306,0.2,0.2,20.249999999999996,0.8,0.8,900.0,0.005,15
14.1,900.1503057240753,201.0889420773731,0.2,0.2,20.249999999999996,0.8,0.8,900.0,0.005,15
14.105,900.1521487042141,201.2547681324495,0.2,0.2,20.249999999999996,0.8,0.8,900.0,0.005,15
14.11,900.1536573233568,201.4244598642081,0.2,0.2,20.249999999999996,0.8,0.8,900.0,0.005,15
14.115,900.154692069431,201.58801533391505,0.2,0.2,20.249999999999996,0.8,0.8,900.0,0.005,15
14.120000000000001,900.1553810763085,201.47904404493758,0.2,0.2,20.249999999999996,0.8,0.8,900.0,0.005,15
14.125,900.1555905586666,201.41926825487496,0.2,0.2,20.249999999999996,0.8,0.8,900.0,0.005,15
14.13,900.1564391152369,200.67318346329367,0.2,0.2,20.249999999999996,0.8,0.8,900.0,0.005,15
14.135,900.1561448568982,200.73953085096525,0.2,0.2,20.249999999999996,0.8,0.8,900.0,0.005,15
14.14,900.1548916560587,200.74799078981874,0.2,0.2,20.249999999999996,0.8,0.8,900.0,0.005,15
14.145,900.153290558485,200.73293580579417,0.2,0.2,20.249999999999996,0.8,0.8,900.0,0.005,15
14.15,900.1515515489722,200.72104706170657,0.2,0.2,20.249999999999996,0.8,0.8,900.0,0.005,15
14.155000000000001,900.1498182618985,200.71126799557288,0.2,0.2,20.249999999999996,0.8,0.8,900.0,0.005,15
14.16,900.1481705873549,200.66939149538425,0.2,0.2,20.249999999999996,0.8,0.8,900.0,0.005,15
14.165000000000001,900.1468248579683,200.6922909662385,0.2,0.2,20.249999999999996,0.8,0.8,900.0,0.005,15
14.17,900.1459939481671,200.6208834981655,0.2,0.2,20.249999999999996,0.8,0.8,900.0,0.005,15
14.175,900.1456150044253,200.5619592938469,0.2,0.2,20.249999999999996,0.8,0.8,900.0,0.005,15
14.18,900.1454834609085,200.5363536584216,0.2,0.2,20.249999999999996,0.8,0.8,900.0,0.005,15
14.185,900.1455957169486,200.5303164346809,0.2,0.2,20.249999999999996,0.8,0.8,900.0,0.005,15
14.19,900.1462832152392,200.28441899745437,0.2,0.2,20.249999999999996,0.8,0.8,900.0,0.005,15
14.195,900.1468809558921,200.358295898331,0.2,0.2,20.249999999999996,0.8,0.8,900.0,0.005,15
14.200000000000001,900.1473431176559,200.44583452960157,0.2,0.2,20.249999999999996,0.8,0.8,900.0,0.005,15
14.205,900.1476515829182,200.53927371093684,0.2,0.2,20.249999999999996,0.8,0.8,900.0,0.005,15
14.21,900.1475586887775,200.66161470243276,0.2,0.2,20.249999999999996,0.8,0.8,900.0,0.005,15
14.215,900.1470244499878,200.76864680551597,0.2,0.2,20.249999999999996,0.8,0.8,900.0,0.005,15
14.22,900.1460714511287,200.8336736159734,0.2,0.2,20.249999999999996,0.8,0.8,900.0,0.005,15
14.225,900.1447664004743,200.83300052163003,0.2,0.2,20.249999999999996,0.8,0.8,900.0,0.005,15
14.23,900.1431819655442,200.74881786336678,0.2,0.2,20.249999999999996,0.8,0.8,900.0,0.005,15
14.235,900.1413152239169,200.54085269117346,0.2,0.2,20.249999999999996,0.8,0.8,900.0,0.005,15
14.24,900.1393756098331,200.25124791473166,0.2,0.2,20.249999999999996,0.8,0.8,900.0,0.005,15
14.245000000000001,900.1376503988828,199.65288477075322,0.2,0.2,20.249999999999996,0.8,0.8,900.0,0.005,15
14.25,900.1359634170198,199.08096652518375,0.2,0.2,20.249999999999996,0.8,0.8,900.0,0.005,15
14.255,900.1347269444457,198.3030451578042,0.2,0.2,20.249999999999996,0.8,0.8,900.0,0.005,15
14.26,900.1340254192716,197.54161338102307,0.2,0.2,20.249999999999996,0.8,0.8,900.0,0.005,15
14.265,900.1337622028564,196.86554238009907,0.2,0.2,20.249999999999996,0.8,0.8,900.0,0.005,15
14.27,900.1341136601761,196.21221104265362,0.2,0.2,20.249999999999996,0.8,0.8,900.0,0.005,15
14.275,900.1351046194029,195.59029289170624,0.2,0.2,20.249999999999996,0.8,0.8,900.0,0.005,15
14.280000000000001,900.1367002302554,195.01771905686846,0.2,0.2,20.249999999999996,0.8,0.8,900.0,0.005,15
14.285,900.1389531714034,194.48574431602478,0.2,0.2,20.249999999999996,0.8,0.8,900.0,0.005,15
14.290000000000001,900.1417585656419,193.96533822248918,0.2,0.2,20.249999999999996,0.8,0.8,900.0,0.005,15
14.295,900.1446906617572,193.70589049083586,0.2,0.2,20.249999999999996,0.8,0.8,900.0,0.005,15
14.3,900.1477103171605,193.56635996794876,0.2,0.2,20.249999999999996,0.8,0.8,900.0,0.005,15
14.305,900.1505503496461,193.53574913106672,0.2,0.2,20.249999999999996,0.8,0.8,900.0,0.005,15
14.31,900.1533397044852,193.58163933956385,0.2,0.2,20.249999999999996,0.8,0.8,900.0,0.005,15
14.315,900.1562706221397,193.63765068005173,0.2,0.2,20.249999999999996,0.8,0.8,900.0,0.005,15
14.32,900.1588154532706,193.99027964091422,0.2,0.2,20.249999999999996,0.8,0.8,900.0,0.005,15
14.325000000000001,900.1611614041634,194.32263060432206,0.2,0.2,20.249999999999996,0.8,0.8,900.0,0.005,15
14.33,900.1632820043075,194.7656258198992,0.2,0.2,20.249999999999996,0.8,0.8,900.0,0.005,15
14.335,900.1650748268829,195.34968590533225,0.2,0.2,20.249999999999996,0.8,0.8,900.0,0.005,15
14.34,900.1670439588373,195.8101498061283,0.2,0.2,20.249999999999996,0.8,0.8,900.0,0.005,15
14.345,900.1687496535086,196.53890415333748,0.2,0.2,20.249999999999996,0.8,0.8,900.0,0.005,15
14.35,900.1700865281424,197.2846192062546,0.2,0.2,20.249999999999996,0.8,0.8,900.0,0.005,15
14.355,900.1715085220508,197.89759392921584,0.2,0.2,20.249999999999996,0.8,0.8,900.0,0.005,15
14.36,900.1718478984644,198.75885701752847,0.2,0.2,20.249999999999996,0.8,0.8,900.0,0.005,15
14.365,900.171435279888,199.66640612447347,0.2,0.2,20.249999999999996,0.8,0.8,900.0,0.005,15
14.370000000000001,900.1702506533074,200.5270578704581,0.2,0.2,20.249999999999996,0.8,0.8,900.0,0.005,15
14.375,900.1683327792523,201.33998911666927,0.2,0.2,20.249999999999996,0.8,0.8,900.0,0.005,15
14.38,900.1653467562758,202.1264258215422,0.2,0.2,20.249999999999996,0.8,0.8,900.0,0.005,15
14.385,900.1614520284743,202.7630788704212,0.2,0.2,20.249999999999996,0.8,0.8,900.0,0.005,15
14.39,900.1569908135946,203.1371907953872,0.2,0.2,20.249999999999996,0.8,0.8,900.0,0.005,15
14.395,900.1518644525493,203.32043480134746,0.2,0.2,20.249999999999996,0.8,0.8,900.0,0.005,15
14.4,900.1464006101968,203.29925772248006,0.2,0.2,20.249999999999996,0.8,0.8,900.0,0.005,15
14.405000000000001,900.1409499126073,203.06661781755818,0.2,0.2,20.249999999999996,0.8,0.8,900.0,0.005,15
14.41,900.1359403560913,202.58766889278456,0.2,0.2,20.249999999999996,0.8,0.8,900.0,0.005,15
14.415000000000001,900.1315158178453,202.00978411601935,0.2,0.2,20.249999999999996,0.8,0.8,900.0,0.005,15
14.42,900.1279473857392,201.29348123719308,0.2,0.2,20.249999999999996,0.8,0.8,900.0,0.005,15
14.425,900.1254488698745,200.50747581090522,0.2,0.2,20.249999999999996,0.8,0.8,900.0,0.005,15
14.43,900.1239677492729,199.69799239069195,0.2,0.2,20.249999999999996,0.8,0.8,900.0,0.005,15
14.435,900.1235990069989,198.86522195877438,0.2,0.2,20.249999999999996,0.8,0.8,900.0,0.005,15
14.44,900.1238475395147,198.0697074669706,0.2,0.2,20.249999999999996,0.8,0.8,900.0,0.005,15
14.445,900.1245549416969,197.32658271945934,0.2,0.2,20.249999999999996,0.8,0.8,900.0,0.005,15
14.450000000000001,900.125537331823,196.64077795483843,0.2,0.2,20.249999999999996,0.8,0.8,900.0,0.005,15
14.455,900.1266932491444,196.006149644762,0.2,0.2,20.249999999999996,0.8,0.8,900.0,0.005,15
14.46,900.1276904553602,195.39353847665777,0.2,0.2,20.249999999999996,0.8,0.8,900.0,0.005,15
14.465,900.128514023407,194.82074129975967,0.2,0.2,20.249999999999996,0.8,0.8,900.0,0.005,15
14.47,900.128925483692,194.341761133093,0.2,0.2,20.249999999999996,0.8,0.8,900.0,0.005,15
14.475,900.129127226953,193.8658663968806,0.2,0.2,20.249999999999996,0.8,0.8,900.0,0.005,15
14.48,900.1291395175517,193.45873747571403,0.2,0.2,20.249999999999996,0.8,0.8,900.0,0.005,15
14.485,900.1292446065167,192.93065913543356,0.2,0.2,20.249999999999996,0.8,0.8,900.0,0.005,15
14.49,900.1296096412532,192.5287021382199,0.2,0.2,20.249999999999996,0.8,0.8,900.0,0.005,15
14.495000000000001,900.1301604551448,192.21707907352797,0.2,0.2,20.249999999999996,0.8,0.8,900.0,0.005,15
14.5,900.1311076840087,191.9241616211771,0.2,0.2,20.249999999999996,0.8,0.8,900.0,0.005,15
14.505,900.1325989754873,191.66583599870094,0.2,0.2,20.249999999999996,0.8,0.8,900.0,0.005,15
14.51,900.1347228082327,191.41402278769945,0.2,0.2,20.249999999999996,0.8,0.8,900.0,0.005,15
14.515,900.1374419497037,191.16733881563238,0.2,0.2,20.249999999999996,0.8,0.8,900.0,0.005,15
14.52,900.1407292159711,190.91008301597654,0.2,0.2,20.249999999999996,0.8,0.8,900.0,0.005,15
14.525,900.1444396398832,190.68058780146978,0.2,0.2,20.249999999999996,0.8,0.8,900.0,0.005,15
14.530000000000001,900.1484898580271,190.47080110857462,0.2,0.2,20.249999999999996,0.8,0.8,900.0,0.005,15
14.535,900.1526941247673,190.30522075993522,0.2,0.2,20.249999999999996,0.8,0.8,900.0,0.005,15
14.540000000000001,900.1568323586014,190.20489867785466,0.2,0.2,20.249999999999996,0.8,0.8,900.0,0.005,15
14.545,900.1607370336208,190.17597183377856,0.2,0.2,20.249999999999996,0.8,0.8,900.0,0.005,15
14.55,900.1642962796617,190.2308135342887,0.2,0.2,20.249999999999996,0.8,0.8,900.0,0.005,15
14.555,900.1674163713523,190.3845297970573,0.2,0.2,20.249999999999996,0.8,0.8,900.0,0.005,15
14.56,900.1700318629877,190.64540665076123,0.2,0.2,20.249999999999996,0.8,0.8,900.0,0.005,15
14.565,900.1720880460131,191.02444298925624,0.2,0.2,20.249999999999996,0.8,0.8,900.0,0.005,15
14.57,900.1735608556772,191.52569612532972,0.2,0.2,20.249999999999996,0.8,0.8,900.0,0.005,15
14.575000000000001,900.1744405782968,192.14436548290593,0.2,0.2,20.249999999999996,0.8,0.8,900.0,0.005,15
14.58,900.1747279068987,192.8679538574017,0.2,0.2,20.249999999999996,0.8,0.8,900.0,0.005,15
14.585,900.1744301241409,193.6811935527298,0.2,0.2,20.249999999999996,0.8,0.8,900.0,0.005,15
14.59,900.173556494596,194.56634207030302,0.2,0.2,20.249999999999996,0.8,0.8,900.0,0.005,15
14.595,900.1721209469749,195.5012979944722,0.2,0.2,20.249999999999996,0.8,0.8,900.0,0.005,15
14.6,900.1701469502675,196.45767025339188,0.2,0.2,20.249999999999996,0.8,0.8,900.0,0.005,15
14.605,900.1676867483302,197.39892278563502,0.2,0.2,20.249999999999996,0.8,0.8,900.0,0.005,15
14.61,900.1648328738006,198.26859565427316,0.2,0.2,20.249999999999996,0.8,0.8,900.0,0.005,15
14.615,900.1615661931635,199.09143682899773,0.2,0.2,20.249999999999996,0.8,0.8,900.0,0.005,15
14.620000000000001,900.158003182425,199.82019883649514,0.2,0.2,20.249999999999996,0.8,0.8,900.0,0.005,15
14.625,900.1543650016816,200.34261312298912,0.2,0.2,20.249999999999996,0.8,0.8,900.0,0.005,15
14.63,900.1507959569625,200.72933861007118,0.2,0.2,20.249999999999996,0.8,0.8,900.0,0.005,15
14.635,900.1472954481119,201.04633888000714,0.2,0.2,20.249999999999996,0.8,0.8,900.0,0.005,15
14.64,900.144031197665,201.22913647701054,0.2,0.2,20.249999999999996,0.8,0.8,900.0,0.005,15
14.645,900.1411395311903,201.24658149431684,0.2,0.2,20.249999999999996,0.8,0.8,900.0,0.005,15
14.65,900.1386860335438,201.159677339205,0.2,0.2,20.249999999999996,0.8,0.8,900.0,0.005,15
14.655000000000001,900.1367056316368,200.9608594547872,0.2,0.2,20.249999999999996,0.8,0.8,900.0,0.005,15
14.66,900.1352012073886,200.66477215890856,0.2,0.2,20.249999999999996,0.8,0.8,900.0,0.005,15
14.665000000000001,900.1341363849401,200.28671109062168,0.2,0.2,20.249999999999996,0.8,0.8,900.0,0.005,15
14.67,900.1334555582653,199.84092598332288,0.2,0.2,20.249999999999996,0.8,0.8,900.0,0.005,15
14.675,900.1331105967406,199.33563552183432,0.2,0.2,20.249999999999996,0.8,0.8,900.0,0.005,15
14.68,900.133135582805,198.67869427548732,0.2,0.2,20.249999999999996,0.8,0.8,900.0,0.005,15
14.685,900.1333933973154,198.04666888234127,0.2,0.2,20.249999999999996,0.8,0.8,900.0,0.005,15
14.69,900.1336286815964,197.43604119729898,0.2,0.2,20.249999999999996,0.8,0.8,900.0,0.005,15
14.695,900.1339582343466,196.83067244910853,0.2,0.2,20.249999999999996,0.8,0.8,900.0,0.005,15
14.700000000000001,900.1344337027214,196.24388299270854,0.2,0.2,20.249999999999996,0.8,0.8,900.0,0.005,15
14.705,900.1352344514328,195.6884646905071,0.2,0.2,20.249999999999996,0.8,0.8,900.0,0.005,15
14.71,900.1362158350096,195.18422452674616,0.2,0.2,20.249999999999996,0.8,0.8,900.0,0.005,15
14.715,900.1373545398698,194.73193241184268,0.2,0.2,20.249999999999996,0.8,0.8,900.0,0.005,15
14.72,900.1387007168356,194.3402770056456,0.2,0.2,20.249999999999996,0.8,0.8,900.0,0.005,15
14.725,900.1402725217989,194.01712306044396,0.2,0.2,20.249999999999996,0.8,0.8,900.0,0.005,15
14.73,900.1420293271514,193.75295261496962,0.2,0.2,20.249999999999996,0.8,0.8,900.0,0.005,15
14.735,900.1440491921607,193.51073764861823,0.2,0.2,20.249999999999996,0.8,0.8,900.0,0.005,15
14.74,900.1462239482202,193.34797001209142,0.2,0.2,20.249999999999996,0.8,0.8,900.0,0.005,15
14.745000000000001,900.1481663800058,193.32363019204985,0.2,0.2,20.249999999999996,0.8,0.8,900.0,0.005,15
14.75,900.1499029984593,193.34884222435974,0.2,0.2,20.249999999999996,0.8,0.8,900.0,0.005,15
14.755,900.151422503134,193.4895355296755,0.2,0.2,20.249999999999996,0.8,0.8,900.0,0.005,15
14.76,900.1525527932894,193.7184769581714,0.2,0.2,20.249999999999996,0.8,0.8,900.0,0.005,15
14.765,900.1532081241642,194.01426665938195,0.2,0.2,20.249999999999996,0.8,0.8,900.0,0.005,15
14.77,900.1534614193904,194.34693571782813,0.2,0.2,20.249999999999996,0.8,0.8,900.0,0.005,15
14.775,900.1531793428801,194.72906924270762,0.2,0.2,20.249999999999996,0.8,0.8,900.0,0.005,15
14.780000000000001,900.1523010039128,195.12240548042195,0.2,0.2,20.249999999999996,0.8,0.8,900.0,0.005,15
14.785,900.150958966745,195.51166376940242,0.2,0.2,20.249999999999996,0.8,0.8,900.0,0.005,15
14.790000000000001,900.1493245425044,195.85659433316306,0.2,0.2,20.249999999999996,0.8,0.8,900.0,0.005,15
14.795,900.147337461204,196.18675350421537,0.2,0.2,20.249999999999996,0.8,0.8,900.0,0.005,15
14.8,900.1451515781151,196.47566775959157,0.2,0.2,20.249999999999996,0.8,0.8,900.0,0.005,15
14.805,900.1429651992571,196.7019095637778,0.2,0.2,20.249999999999996,0.8,0.8,900.0,0.005,15
14.81,900.1409795383004,196.8513683565746,0.2,0.2,20.249999999999996,0.8,0.8,900.0,0.005,15
14.815,900.1393676110036,196.9229827985407,0.2,0.2,20.249999999999996,0.8,0.8,900.0,0.005,15
14.82,900.1383051300531,196.8842116909726,0.2,0.2,20.249999999999996,0.8,0.8,900.0,0.005,15
14.825000000000001,900.137894532791,196.76422347340286,0.2,0.2,20.249999999999996,0.8,0.8,900.0,0.005,15
14.83,900.1381542641382,196.57018801486439,0.2,0.2,20.249999999999996,0.8,0.8,900.0,0.005,15
14.835,900.1389009844269,196.36626866620338,0.2,0.2,20.249999999999996,0.8,0.8,900.0,0.005,15
14.84,900.1401879057273,196.13994917612976,0.2,0.2,20.249999999999996,0.8,0.8,900.0,0.005,15
14.845,900.1419226226537,195.8971271882771,0.2,0.2,20.249999999999996,0.8,0.8,900.0,0.005,15
14.85,900.1440424419945,195.6402883788292,0.2,0.2,20.249999999999996,0.8,0.8,900.0,0.005,15
14.855,900.1464306648129,195.37189663418891,0.2,0.2,20.249999999999996,0.8,0.8,900.0,0.005,15
14.86,900.1489206715138,195.11156934622605,0.2,0.2,20.249999999999996,0.8,0.8,900.0,0.005,15
14.865,900.1514008458232,194.86788440353544,0.2,0.2,20.249999999999996,0.8,0.8,900.0,0.005,15
14.870000000000001,900.1540225711711,194.60237636744185,0.2,0.2,20.249999999999996,0.8,0.8,900.0,0.005,15
14.875,900.1563971485715,194.4515300517735,0.2,0.2,20.249999999999996,0.8,0.8,900.0,0.005,15
14.88,900.1586452646397,194.3498125113514,0.2,0.2,20.249999999999996,0.8,0.8,900.0,0.005,15
14.885,900.1606708365204,194.35338229691757,0.2,0.2,20.249999999999996,0.8,0.8,900.0,0.005,15
14.89,900.1625643004847,194.46735922253276,0.2,0.2,20.249999999999996,0.8,0.8,900.0,0.005,15
14.895,900.1642643269894,194.68797511019912,0.2,0.2,20.249999999999996,0.8,0.8,900.0,0.005,15
14.9,900.1658076113955,195.0363739856617,0.2,0.2,20.249999999999996,0.8,0.8,900.0,0.005,15
14.905000000000001,900.1670968207064,195.5017735465053,0.2,0.2,20.249999999999996,0.8,0.8,900.0,0.005,15
14.91,900.168047837256,196.12765549285956,0.2,0.2,20.249999999999996,0.8,0.8,900.0,0.005,15
14.915000000000001,900.1688848681812,196.88257613958288,0.2,0.2,20.249999999999996,0.8,0.8,900.0,0.005,15
14.92,900.1692648876092,197.7535693593718,0.2,0.2,20.249999999999996,0.8,0.8,900.0,0.005,15
14.925,900.1690369574301,198.6955857060612,0.2,0.2,20.249999999999996,0.8,0.8,900.0,0.005,15
14.93,900.1681420656386,199.73236800414287,0.2,0.2,20.249999999999996,0.8,0.8,900.0,0.005,15
14.935,900.1664670816015,200.80140428326132,0.2,0.2,20.249999999999996,0.8,0.8,900.0,0.005,15
14.94,900.1639407522175,201.8477243786664,0.2,0.2,20.249999999999996,0.8,0.8,900.0,0.005,15
14.945,900.160570813342,202.8286092508949,0.2,0.2,20.249999999999996,0.8,0.8,900.0,0.005,15
14.950000000000001,900.1567020553936,203.5508257076826,0.2,0.2,20.249999999999996,0.8,0.8,900.0,0.005,15
14.955,900.1521108558003,204.21219477702306,0.2,0.2,20.249999999999996,0.8,0.8,900.0,0.005,15
14.96,900.1470912229822,204.67179251656066,0.2,0.2,20.249999999999996,0.8,0.8,900.0,0.005,15
14.965,900.1421078602041,204.90652985259808,0.2,0.2,20.249999999999996,0.8,0.8,900.0,0.005,15
14.97,900.1375275205311,204.9027051307367,0.2,0.2,20.249999999999996,0.8,0.8,900.0,0.005,15
14.975,900.1335003490871,204.70099336817182,0.2,0.2,20.249999999999996,0.8,0.8,900.0,0.005,15
14.98,900.1301558141115,204.33697486652912,0.2,0.2,20.249999999999996,0.8,0.8,900.0,0.005,15
14.985,900.1277744522536,203.8233338755557,0.2,0.2,20.249999999999996,0.8,0.8,900.0,0.005,15
14.99,900.1263409262102,203.17757355939543,0.2,0.2,20.249999999999996,0.8,0.8,900.0,0.005,15
14.995000000000001,900.12584373407,202.39949441596966,0.2,0.2,20.249999999999996,0.8,0.8,900.0,0.005,15
15.0,900.1262002599781,201.53800662240263,0.2,0.2,20.249999999999996,0.8,0.8,900.0,0.005,15
