time,density,kinetic_energy,stiffness,fluid_viscosity,boundary_viscosity,fluid_depth,rest_density_grid_spacing,smoothing_length,rest_density,time_step_size,target_density_error,solver_iterations,relaxation_factor,time_step_wall_clock_time,predicted_density_error
5.0,900.6178170525014,0.02888398663041684,0.0,0.2,0.2,20.249999999999996,0.8,0.8,900.0,0.01,0.0,15,0.5,0.015179069,0.06893715750735718
5.01,900.617816466638,0.02882969124687767,0.0,0.2,0.2,20.249999999999996,0.8,0.8,900.0,0.01,0.0,15,0.5,0.018228036,0.06893716458032213
5.0200000000000005,900.6178165303962,0.02877866860882263,0.0,0.2,0.2,20.249999999999996,0.8,0.8,900.0,0.01,0.0,15,0.5,0.01519772,0.06893724421927376
5.03,900.6178172432832,0.02873091860999607,0.0,0.2,0.2,20.249999999999996,0.8,0.8,900.0,0.01,0.0,15,0.5,0.014882308,0.06893738898771692
5.04,900.6178185385261,0.028686441925650775,0.0,0.2,0.2,20.249999999999996,0.8,0.8,900.0,0.01,0.0,15,0.5,0.017429551,0.06893758522772693
5.05,900.6178202937681,0.02864524146551827,0.0,0.2,0.2,20.249999999999996,0.8,0.8,900.0,0.01,0.0,15,0.5,0.01503637,0.06893781477194078
5.0600000000000005,900.617822346333,0.028607321924325625,0.0,0.2,0.2,20.249999999999996,0.8,0.8,900.0,0.01,0.0,15,0.5,0.014501267,0.06893805698901499
5.07,900.6178245115655,0.028572689096713563,0.0,0.2,0.2,20.249999999999996,0.8,0.8,900.0,0.01,0.0,15,0.5,0.017340401,0.06893829095152743
5.08,900.6178266022181,0.02854134928415379,0.0,0.2,0.2,20.249999999999996,0.8,0.8,900.0,0.01,0.0,15,0.5,0.014795179,0.06893849750694582
5.09,900.6178284469696,0.02851330853212487,0.0,0.2,0.2,20.249999999999996,0.8,0.8,900.0,0.01,0.0,15,0.5,0.015098239,0.06893866105868932
5.1000000000000005,900.6178299063605,0.02848857315953732,0.0,0.2,0.2,20.249999999999996,0.8,0.8,900.0,0.01,0.0,15,0.5,0.017531012,0.06893877090467043
5.11,900.6178308847939,0.028467150367595583,0.0,0.2,0.2,20.249999999999996,0.8,0.8,900.0,0.01,0.0,15,0.5,0.01502689,0.06893882203480177
5.12,900.6178313375713,0.028449048242318004,0.0,0.2,0.2,20.249999999999996,0.8,0.8,900.0,0.01,0.0,15,0.5,0.015034489,0.0689388153446118
5.13,900.6178312728795,0.02843427731079532,0.0,0.2,0.2,20.249999999999996,0.8,0.8,900.0,0.01,0.0,15,0.5,0.017305881,0.06893875728675312
5.14,900.6178307486643,0.028422849399341844,0.0,0.2,0.2,20.249999999999996,0.8,0.8,900.0,0.01,0.0,15,0.5,0.015493032,0.06893865901673019
5.15,900.617829864934,0.028414776146208926,0.0,0.2,0.2,20.249999999999996,0.8,0.8,900.0,0.01,0.0,15,0.5,0.0152548,0.06893853514424997
5.16,900.6178287525279,0.02841006717297509,0.0,0.2,0.2,20.249999999999996,0.8,0.8,900.0,0.01,0.0,15,0.5,0.017449812,0.06893840218687398
5.17,900.6178275592639,0.02840873197933296,0.0,0.2,0.2,20.249999999999996,0.8,0.8,900.0,0.01,0.0,15,0.5,0.015039999,0.06893827692621055
5.18,900.6178264353497,0.02841078106329918,0.0,0.2,0.2,20.249999999999996,0.8,0.8,900.0,0.01,0.0,15,0.5,0.015375671,0.06893817483340878
5.19,900.617825519217,0.028416225074691957,0.0,0.2,0.2,20.249999999999996,0.8,0.8,900.0,0.01,0.0,15,0.5,0.017205381,0.06893810867486189
5.2,900.6178249250413,0.028425075288086098,0.0,0.2,0.2,20.249999999999996,0.8,0.8,900.0,0.01,0.0,15,0.5,0.015663382,0.06893808742453643
5.21,900.6178247330494,0.028437343973057853,0.0,0.2,0.2,20.249999999999996,0.8,0.8,900.0,0.01,0.0,15,0.5,0.015449281,0.06893811557189111
5.22,900.6178249833138,0.028453044355783115,0.0,0.2,0.2,20.249999999999996,0.8,0.8,900.0,0.01,0.0,15,0.5,0.01717993,0.06893819286506517
5.23,900.6178256733947,0.028472190629073253,0.0,0.2,0.2,20.249999999999996,0.8,0.8,900.0,0.01,0.0,15,0.5,0.014925069,0.06893831449826729
5.24,900.6178267601402,0.02849479867978533,0.0,0.2,0.2,20.249999999999996,0.8,0.8,900.0,0.01,0.0,15,0.5,0.014868969,0.06893847171708956
5.25,900.6178281650751,0.028520885995170008,0.0,0.2,0.2,20.249999999999996,0.8,0.8,900.0,0.01,0.0,15,0.5,0.017442762,0.06893865276507291
5.26,900.6178297828852,0.02855047061748057,0.0,0.2,0.2,20.249999999999996,0.8,0.8,900.0,0.01,0.0,15,0.5,0.014876499,0.06893884405982455
5.2700000000000005,900.6178314919048,0.028583570962737868,0.0,0.2,0.2,20.249999999999996,0.8,0.8,900.0,0.01,0.0,15,0.5,0.015343171,0.06893903149697103
5.28,900.6178331658629,0.028620206097769458,0.0,0.2,0.2,20.249999999999996,0.8,0.8,900.0,0.01,0.0,15,0.5,0.017815604,0.06893920176496258
5.29,900.617834685673,0.02866039554435078,0.0,0.2,0.2,20.249999999999996,0.8,0.8,900.0,0.01,0.0,15,0.5,0.01513417,0.0689393435570224
5.3,900.6178359501602,0.028704157597822508,0.0,0.2,0.2,20.249999999999996,0.8,0.8,900.0,0.01,0.0,15,0.5,0.014823738,0.06893944852332898
5.3100000000000005,900.6178368846279,0.028751510671295753,0.0,0.2,0.2,20.249999999999996,0.8,0.8,900.0,0.01,0.0,15,0.5,0.017519442,0.06893951193490869
5.32,900.6178374468404,0.02880247424850658,0.0,0.2,0.2,20.249999999999996,0.8,0.8,900.0,0.01,0.0,15,0.5,0.014847608,0.06893953300149443
5.33,900.6178376298699,0.028857068829858196,0.0,0.2,0.2,20.249999999999996,0.8,0.8,900.0,0.01,0.0,15,0.5,0.015052689,0.06893951481387055
5.34,900.6178374615116,0.02891531576561564,0.0,0.2,0.2,20.249999999999996,0.8,0.8,900.0,0.01,0.0,15,0.5,0.01713006,0.0689394639267076
5.3500000000000005,900.6178370005562,0.02897723742526521,0.0,0.2,0.2,20.249999999999996,0.8,0.8,900.0,0.01,0.0,15,0.5,0.014635007,0.06893938963986565
5.36,900.6178363303393,0.029042856443659736,0.0,0.2,0.2,20.249999999999996,0.8,0.8,900.0,0.01,0.0,15,0.5,0.015074349,0.06893930304260867
5.37,900.6178355501748,0.02911219601998588,0.0,0.2,0.2,20.249999999999996,0.8,0.8,900.0,0.01,0.0,15,0.5,0.017283122,0.06893921591997362
5.38,900.6178347655901,0.029185279805773928,0.0,0.2,0.2,20.249999999999996,0.8,0.8,900.0,0.01,0.0,15,0.5,0.014706128,0.06893913963041896
5.39,900.6178340782631,0.029262131135990493,0.0,0.2,0.2,20.249999999999996,0.8,0.8,900.0,0.01,0.0,15,0.5,0.014697787,0.06893908405121678
5.4,900.6178335765478,0.029342773344387976,0.0,0.2,0.2,20.249999999999996,0.8,0.8,900.0,0.01,0.0,15,0.5,0.017877895,0.068939056697618
5.41,900.6178333277361,0.029427228193815356,0.0,0.2,0.2,20.249999999999996,0.8,0.8,900.0,0.01,0.0,15,0.5,0.014686448,0.06893906210076535
5.42,900.6178333721847,0.02951551196660393,0.0,0.2,0.2,20.249999999999996,0.8,0.8,900.0,0.01,0.0,15,0.5,0.015110209,0.06893910143317612
5.43,900.6178337202779,0.029607640964885645,0.0,0.2,0.2,20.249999999999996,0.8,0.8,900.0,0.01,0.0,15,0.5,0.017643663,0.06893917253672922
5.44,900.6178343526007,0.02970363158755921,0.0,0.2,0.2,20.249999999999996,0.8,0.8,900.0,0.01,0.0,15,0.5,0.014564407,0.06893927025185932
5.45,900.6178352228766,0.02980350012894588,0.0,0.2,0.2,20.249999999999996,0.8,0.8,900.0,0.01,0.0,15,0.5,0.015010169,0.06893938701785988
5.46,900.6178362633731,0.02990726300448753,0.0,0.2,0.2,20.249999999999996,0.8,0.8,900.0,0.01,0.0,15,0.5,0.017114081,0.06893951368588519
5.47,900.6178373921618,0.03001493649926784,0.0,0.2,0.2,20.249999999999996,0.8,0.8,900.0,0.01,0.0,15,0.5,0.014997369,0.06893964045656972
5.48,900.6178385215317,0.030126536738961367,0.0,0.2,0.2,20.249999999999996,0.8,0.8,900.0,0.01,0.0,15,0.5,0.015123,0.06893975785131937
5.49,900.6178395667273,0.030242079689377883,0.0,0.2,0.2,20.249999999999996,0.8,0.8,900.0,0.01,0.0,15,0.5,0.0171666,0.0689398576217375
5.5,900.6178404539339,0.030361581068637424,0.0,0.2,0.2,20.249999999999996,0.8,0.8,900.0,0.01,0.0,15,0.5,0.014727078,0.06893993350139864
5.51,900.6178411271216,0.03048505661201696,0.0,0.2,0.2,20.249999999999996,0.8,0.8,900.0,0.01,0.0,15,0.5,0.015690413,0.06893998174119641
5.5200000000000005,900.6178415528451,0.030612522197829062,0.0,0.2,0.2,20.249999999999996,0.8,0.8,900.0,0.01,0.0,15,0.5,0.017384222,0.06894000137617286
5.53,900.6178417225565,0.030743993803792568,0.0,0.2,0.2,20.249999999999996,0.8,0.8,900.0,0.01,0.0,15,0.5,0.015058579,0.06893999420167571
5.54,900.617841652399,0.030879487664302284,0.0,0.2,0.2,20.249999999999996,0.8,0.8,900.0,0.01,0.0,15,0.5,0.01513815,0.06893996447468838
5.55,900.6178413805442,0.031019020439372436,0.0,0.2,0.2,20.249999999999996,0.8,0.8,900.0,0.01,0.0,15,0.5,0.017452032,0.06893991838274009
5.5600000000000005,900.6178409624291,0.031162609084966188,0.0,0.2,0.2,20.249999999999996,0.8,0.8,900.0,0.01,0.0,15,0.5,0.014765798,0.06893986334561858
5.57,900.6178404646948,0.0313102685021788,0.0,0.2,0.2,20.249999999999996,0.8,0.8,900.0,0.01,0.0,15,0.5,0.016502477,0.06893980724822316
5.58,900.6178399577136,0.031462004287180045,0.0,0.2,0.2,20.249999999999996,0.8,0.8,900.0,0.01,0.0,15,0.5,0.018045366,0.06893975757981194
5.59,900.6178395084692,0.03161782104116291,0.0,0.2,0.2,20.249999999999996,0.8,0.8,900.0,0.01,0.0,15,0.5,0.014612087,0.06893972070587402
5.6000000000000005,900.6178391738681,0.031777722281049296,0.0,0.2,0.2,20.249999999999996,0.8,0.8,900.0,0.01,0.0,15,0.5,0.014821128,0.06893970126137233
5.61,900.6178389953031,0.03194171091052764,0.0,0.2,0.2,20.249999999999996,0.8,0.8,900.0,0.01,0.0,15,0.5,0.01701174,0.06893970175117985
5.62,900.6178389950879,0.032109789126756175,0.0,0.2,0.2,20.249999999999996,0.8,0.8,900.0,0.01,0.0,15,0.5,0.014917759,0.06893972238923075
5.63,900.617839175049,0.03228195922530452,0.0,0.2,0.2,20.249999999999996,0.8,0.8,900.0,0.01,0.0,15,0.5,0.01528089,0.06893976118307518
5.64,900.6178395173214,0.032458223367821795,0.0,0.2,0.2,20.249999999999996,0.8,0.8,900.0,0.01,0.0,15,0.5,0.01713082,0.06893981424366481
5.65,900.6178399870228,0.03263858338681145,0.0,0.2,0.2,20.249999999999996,0.8,0.8,900.0,0.01,0.0,15,0.5,0.014811678,0.06893987627632644
5.66,900.617840536776,0.03282304110395268,0.0,0.2,0.2,20.249999999999996,0.8,0.8,900.0,0.01,0.0,15,0.5,0.015159119,0.06893994120619021
5.67,900.6178411121986,0.03301159742052696,0.0,0.2,0.2,20.249999999999996,0.8,0.8,900.0,0.01,0.0,15,0.5,0.01716118,0.06894000284527481
5.68,900.617841657964,0.03320425357079078,0.0,0.2,0.2,20.249999999999996,0.8,0.8,900.0,0.01,0.0,15,0.5,0.014703498,0.06894005556687163
5.69,900.6178421238166,0.03340100839203054,0.0,0.2,0.2,20.249999999999996,0.8,0.8,900.0,0.01,0.0,15,0.5,0.014580237,0.06894009487392497
5.7,900.6178424694871,0.03360185767494877,0.0,0.2,0.2,20.249999999999996,0.8,0.8,900.0,0.01,0.0,15,0.5,0.017320232,0.06894011779328055
5.71,900.6178426684436,0.033806797866695465,0.0,0.2,0.2,20.249999999999996,0.8,0.8,900.0,0.01,0.0,15,0.5,0.015296621,0.06894012313380013
5.72,900.6178427100792,0.03401582615648043,0.0,0.2,0.2,20.249999999999996,0.8,0.8,900.0,0.01,0.0,15,0.5,0.014957099,0.06894011152313466
5.73,900.6178426000652,0.03422894082986985,0.0,0.2,0.2,20.249999999999996,0.8,0.8,900.0,0.01,0.0,15,0.5,0.017369712,0.06894008525522616
5.74,900.6178423589678,0.03444614125908009,0.0,0.2,0.2,20.249999999999996,0.8,0.8,900.0,0.01,0.0,15,0.5,0.014865488,0.06894004796368561
5.75,900.6178420193329,0.03466742812767205,0.0,0.2,0.2,20.249999999999996,0.8,0.8,900.0,0.01,0.0,15,0.5,0.014715597,0.06894000416725114
5.76,900.617841621611,0.03489280320179976,0.0,0.2,0.2,20.249999999999996,0.8,0.8,900.0,0.01,0.0,15,0.5,0.017341791,0.06893995874756652
5.7700000000000005,900.6178412095514,0.035122268256209795,0.0,0.2,0.2,20.249999999999996,0.8,0.8,900.0,0.01,0.0,15,0.5,0.014849739,0.06893991642357125
5.78,900.6178408252675,0.03535582362036394,0.0,0.2,0.2,20.249999999999996,0.8,0.8,900.0,0.01,0.0,15,0.5,0.014815528,0.06893988121257848
5.79,900.6178405046077,0.03559347095931506,0.0,0.2,0.2,20.249999999999996,0.8,0.8,900.0,0.01,0.0,15,0.5,0.017582303,0.06893985604746691
5.8,900.6178402737714,0.03583521396852629,0.0,0.2,0.2,20.249999999999996,0.8,0.8,900.0,0.01,0.0,15,0.5,0.014825478,0.0689398425315391
5.8100000000000005,900.6178401471235,0.036081057195936454,0.0,0.2,0.2,20.249999999999996,0.8,0.8,900.0,0.01,0.0,15,0.5,0.015481331,0.06893984085074346
5.82,900.6178401262238,0.03633100201004674,0.0,0.2,0.2,20.249999999999996,0.8,0.8,900.0,0.01,0.0,15,0.5,0.01725351,0.06893984979197769
5.83,900.6178402001548,0.03658505049368965,0.0,0.2,0.2,20.249999999999996,0.8,0.8,900.0,0.01,0.0,15,0.5,0.014894548,0.06893986695717648
5.84,900.6178403474257,0.036843206468677135,0.0,0.2,0.2,20.249999999999996,0.8,0.8,900.0,0.01,0.0,15,0.5,0.01512389,0.06893988908205323
5.8500000000000005,900.6178405388284,0.037105475863578256,0.0,0.2,0.2,20.249999999999996,0.8,0.8,900.0,0.01,0.0,15,0.5,0.017716853,0.06893991242651143
5.86,900.617840740899,0.03737186690021841,0.0,0.2,0.2,20.249999999999996,0.8,0.8,900.0,0.01,0.0,15,0.5,0.014751958,0.06893993319281969
5.87,900.6178409197252,0.037642389291778024,0.0,0.2,0.2,20.249999999999996,0.8,0.8,900.0,0.01,0.0,15,0.5,0.014679178,0.068939947926589
5.88,900.6178410443981,0.037917052130755316,0.0,0.2,0.2,20.249999999999996,0.8,0.8,900.0,0.01,0.0,15,0.5,0.017236281,0.06893995385190944
5.89,900.6178410901001,0.03819586581113662,0.0,0.2,0.2,20.249999999999996,0.8,0.8,900.0,0.01,0.0,15,0.5,0.014835728,0.06893994913303493
5.9,900.617841040436,0.03847884299763814,0.0,0.2,0.2,20.249999999999996,0.8,0.8,900.0,0.01,0.0,15,0.5,0.014970289,0.06893993301630193
5.91,900.6178408886807,0.038765998972579506,0.0,0.2,0.2,20.249999999999996,0.8,0.8,900.0,0.01,0.0,15,0.5,0.017799724,0.06893990584999957
5.92,900.6178406380039,0.039057351854386115,0.0,0.2,0.2,20.249999999999996,0.8,0.8,900.0,0.01,0.0,15,0.5,0.014827268,0.06893986899509472
5.93,900.6178403005756,0.03935292184693273,0.0,0.2,0.2,20.249999999999996,0.8,0.8,900.0,0.01,0.0,15,0.5,0.015221431,0.06893982463031625
5.94,900.617839895905,0.0396527323699744,0.0,0.2,0.2,20.249999999999996,0.8,0.8,900.0,0.01,0.0,15,0.5,0.016872919,0.06893977549485902
5.95,900.6178394485387,0.039956808852456546,0.0,0.2,0.2,20.249999999999996,0.8,0.8,900.0,0.01,0.0,15,0.5,0.0151937,0.06893972458745143
5.96,900.6178389852552,0.040265178552708204,0.0,0.2,0.2,20.249999999999996,0.8,0.8,900.0,0.01,0.0,15,0.5,0.014859088,0.06893967485700733
5.97,900.617838532565,0.04057787221732293,0.0,0.2,0.2,20.249999999999996,0.8,0.8,900.0,0.01,0.0,15,0.5,0.017828994,0.06893962896419535
5.98,900.6178381143337,0.04089491878965614,0.0,0.2,0.2,20.249999999999996,0.8,0.8,900.0,0.01,0.0,15,0.5,0.014834338,0.06893958904332821
5.99,900.6178377494763,0.04121633997715309,0.0,0.2,0.2,20.249999999999996,0.8,0.8,900.0,0.01,0.0,15,0.5,0.014982029,0.06893955650084746
6.0,900.6178374509807,0.04154215673599799,0.0,0.2,0.2,20.249999999999996,0.8,0.8,900.0,0.01,0.0,15,0.5,0.01698366,0.06893953205348637
6.01,900.6178372249808,0.04187236112474383,0.0,0.2,0.2,20.249999999999996,0.8,0.8,900.0,0.01,0.0,15,0.5,0.014970599,0.06893951555621823
6.0200000000000005,900.6178370702477,0.04220693669669865,0.0,0.2,0.2,20.249999999999996,0.8,0.8,900.0,0.01,0.0,15,0.5,0.014842638,0.06893950618285394
6.03,900.617836979328,0.0425458536829511,0.0,0.2,0.2,20.249999999999996,0.8,0.8,900.0,0.01,0.0,15,0.5,0.017268591,0.06893950259249661
6.04,900.6178369402121,0.04288907627266479,0.0,0.2,0.2,20.249999999999996,0.8,0.8,900.0,0.01,0.0,15,0.5,0.01507606,0.0689395031189433
6.05,900.6178369379217,0.04323656563159694,0.0,0.2,0.2,20.249999999999996,0.8,0.8,900.0,0.01,0.0,15,0.5,0.014885378,0.06893950592824025
6.0600000000000005,900.6178369561705,0.043588282263490076,0.0,0.2,0.2,20.249999999999996,0.8,0.8,900.0,0.01,0.0,15,0.5,0.017673823,0.06893950921354729
6.07,900.6178369787466,0.04394417952713851,0.0,0.2,0.2,20.249999999999996,0.8,0.8,900.0,0.01,0.0,15,0.5,0.014770218,0.06893951134372638
6.08,900.6178369910598,0.04430420805180301,0.0,0.2,0.2,20.249999999999996,0.8,0.8,900.0,0.01,0.0,15,0.5,0.014645678,0.0689395110224155
6.09,900.6178369816416,0.0446683123038045,0.0,0.2,0.2,20.249999999999996,0.8,0.8,900.0,0.01,0.0,15,0.5,0.017225641,0.06893950737598939
6.1000000000000005,900.6178369424524,0.04503642822753319,0.0,0.2,0.2,20.249999999999996,0.8,0.8,900.0,0.01,0.0,15,0.5,0.014977419,0.06893949987783514
6.11,900.6178368687639,0.045408492293926836,0.0,0.2,0.2,20.249999999999996,0.8,0.8,900.0,0.01,0.0,15,0.5,0.014710828,0.06893948835547459
6.12,900.6178367591564,0.04578444093610249,0.0,0.2,0.2,20.249999999999996,0.8,0.8,900.0,0.01,0.0,15,0.5,0.017460512,0.06893947298802537
6.13,900.6178366151946,0.04616420185577142,0.0,0.2,0.2,20.249999999999996,0.8,0.8,900.0,0.01,0.0,15,0.5,0.015004739,0.06893945419514881
6.140000000000001,900.6178364405037,0.04654769979255953,0.0,0.2,0.2,20.249999999999996,0.8,0.8,900.0,0.01,0.0,15,0.5,0.015679083,0.06893943253293423
6.15,900.6178362400628,0.04693485979304014,0.0,0.2,0.2,20.249999999999996,0.8,0.8,900.0,0.01,0.0,15,0.5,0.01715326,0.06893940863735488
6.16,900.617836019623,0.04732560632584413,0.0,0.2,0.2,20.249999999999996,0.8,0.8,900.0,0.01,0.0,15,0.5,0.014680318,0.06893938319023024
6.17,900.6178357852632,0.04771986061846579,0.0,0.2,0.2,20.249999999999996,0.8,0.8,900.0,0.01,0.0,15,0.5,0.014848279,0.06893935687979864
6.18,900.617835543047,0.0481175421609605,0.0,0.2,0.2,20.249999999999996,0.8,0.8,900.0,0.01,0.0,15,0.5,0.01714713,0.06893933036568062
6.19,900.6178352988846,0.048518572349962825,0.0,0.2,0.2,20.249999999999996,0.8,0.8,900.0,0.01,0.0,15,0.5,0.01514787,0.06893930427031313
6.2,900.6178350583561,0.04892287497219473,0.0,0.2,0.2,20.249999999999996,0.8,0.8,900.0,0.01,0.0,15,0.5,0.014930988,0.06893927916333414
6.21,900.6178348264946,0.04933037885292883,0.0,0.2,0.2,20.249999999999996,0.8,0.8,900.0,0.01,0.0,15,0.5,0.019124031,0.06893925554560502
6.22,900.6178346079628,0.049741020661076954,0.0,0.2,0.2,20.249999999999996,0.8,0.8,900.0,0.01,0.0,15,0.5,0.016852369,0.06893923387590817
6.23,900.6178344069339,0.05015473821704574,0.0,0.2,0.2,20.249999999999996,0.8,0.8,900.0,0.01,0.0,15,0.5,0.015385821,0.06893921457393727
6.24,900.6178342272465,0.050571462177898936,0.0,0.2,0.2,20.249999999999996,0.8,0.8,900.0,0.01,0.0,15,0.5,0.017410802,0.06893919800645369
6.25,900.6178340720293,0.05099111919081875,0.0,0.2,0.2,20.249999999999996,0.8,0.8,900.0,0.01,0.0,15,0.5,0.014949969,0.0689391844100125
6.26,900.6178339434076,0.051413640008328855,0.0,0.2,0.2,20.249999999999996,0.8,0.8,900.0,0.01,0.0,15,0.5,0.014773118,0.06893917384240711
6.2700000000000005,900.617833841852,0.051838958719436015,0.0,0.2,0.2,20.249999999999996,0.8,0.8,900.0,0.01,0.0,15,0.5,0.017436952,0.06893916613057237
6.28,900.6178337657876,0.05226701348437747,0.0,0.2,0.2,20.249999999999996,0.8,0.8,900.0,0.01,0.0,15,0.5,0.015095929,0.06893916084730024
6.29,900.6178337114618,0.05269774580365216,0.0,0.2,0.2,20.249999999999996,0.8,0.8,900.0,0.01,0.0,15,0.5,0.014754808,0.06893915730561999
6.3,900.6178336725867,0.053131096533095806,0.0,0.2,0.2,20.249999999999996,0.8,0.8,900.0,0.01,0.0,15,0.5,0.017475242,0.06893915456495273
6.3100000000000005,900.6178336406739,0.05356701121399739,0.0,0.2,0.2,20.249999999999996,0.8,0.8,900.0,0.01,0.0,15,0.5,0.014823318,0.06893915150027109
6.32,900.6178336056573,0.05400544099423114,0.0,0.2,0.2,20.249999999999996,0.8,0.8,900.0,0.01,0.0,15,0.5,0.014849158,0.06893914688596244
6.33,900.6178335564724,0.054446340429241236,0.0,0.2,0.2,20.249999999999996,0.8,0.8,900.0,0.01,0.0,15,0.5,0.017574773,0.06893913948768694
6.34,900.6178334821803,0.05488966867403564,0.0,0.2,0.2,20.249999999999996,0.8,0.8,900.0,0.01,0.0,15,0.5,0.014829158,0.06893912825415612
6.3500000000000005,900.6178333738793,0.05533537860286786,0.0,0.2,0.2,20.249999999999996,0.8,0.8,900.0,0.01,0.0,15,0.5,0.014892028,0.06893911258572324
6.36,900.617833226364,0.055783379403166224,0.0,0.2,0.2,20.249999999999996,0.8,0.8,900.0,0.01,0.0,15,0.5,0.017949315,0.06893909223367951
6.37,900.6178330367145,0.05623354818172332,0.0,0.2,0.2,20.249999999999996,0.8,0.8,900.0,0.01,0.0,15,0.5,0.015303511,0.06893906717620317
6.38,900.6178328047292,0.056685759903493366,0.0,0.2,0.2,20.249999999999996,0.8,0.8,900.0,0.01,0.0,15,0.5,0.014913899,0.06893903783477129
6.390000000000001,900.617832534168,0.05713989416573151,0.0,0.2,0.2,20.249999999999996,0.8,0.8,900.0,0.01,0.0,15,0.5,0.017824964,0.06893900507797443
6.4,900.6178322328497,0.05759583798246201,0.0,0.2,0.2,20.249999999999996,0.8,0.8,900.0,0.01,0.0,15,0.5,0.015354131,0.06893897016009873
6.41,900.6178319120603,0.058053486623530416,0.0,0.2,0.2,20.249999999999996,0.8,0.8,900.0,0.01,0.0,15,0.5,0.01520036,0.06893893462045722
6.42,900.6178315862574,0.0585127390374916,0.0,0.2,0.2,20.249999999999996,0.8,0.8,900.0,0.01,0.0,15,0.5,0.017508193,0.06893890029448208
6.43,900.6178312734355,0.058973439152257924,0.0,0.2,0.2,20.249999999999996,0.8,0.8,900.0,0.01,0.0,15,0.5,0.015586882,0.06893886918925352
6.44,900.6178309893842,0.059435298800752524,0.0,0.2,0.2,20.249999999999996,0.8,0.8,900.0,0.01,0.0,15,0.5,0.014964089,0.06893884243982241
6.45,900.6178307441079,0.0598980267381601,0.0,0.2,0.2,20.249999999999996,0.8,0.8,900.0,0.01,0.0,15,0.5,0.017345622,0.06893882072213137
6.46,900.6178305436157,0.06036133586911101,0.0,0.2,0.2,20.249999999999996,0.8,0.8,900.0,0.01,0.0,15,0.5,0.014672137,0.06893880428919584
6.47,900.6178303901564,0.06082494670274665,0.0,0.2,0.2,20.249999999999996,0.8,0.8,900.0,0.01,0.0,15,0.5,0.01530073,0.06893879291807553
6.48,900.6178302817415,0.06128858742584049,0.0,0.2,0.2,20.249999999999996,0.8,0.8,900.0,0.01,0.0,15,0.5,0.017865894,0.06893878587035326
6.49,900.6178302120233,0.06175199128704163,0.0,0.2,0.2,20.249999999999996,0.8,0.8,900.0,0.01,0.0,15,0.5,0.01519031,0.06893878195825355
6.5,900.6178301702748,0.06221487962254499,0.0,0.2,0.2,20.249999999999996,0.8,0.8,900.0,0.01,0.0,15,0.5,0.014873069,0.06893877957475662
6.51,900.6178301419274,0.06267697374119509,0.0,0.2,0.2,20.249999999999996,0.8,0.8,900.0,0.01,0.0,15,0.5,0.017326262,0.06893877689177945
6.5200000000000005,900.6178301113912,0.0631379995982636,0.0,0.2,0.2,20.249999999999996,0.8,0.8,900.0,0.01,0.0,15,0.5,0.015093139,0.06893877215324604
6.53,900.6178300620323,0.06359768117015842,0.0,0.2,0.2,20.249999999999996,0.8,0.8,900.0,0.01,0.0,15,0.5,0.01514425,0.06893876374286453
6.54,900.6178299796228,0.0640557516199827,0.0,0.2,0.2,20.249999999999996,0.8,0.8,900.0,0.01,0.0,15,0.5,0.017154651,0.06893875051137947
6.55,900.6178298537686,0.06451194495656509,0.0,0.2,0.2,20.249999999999996,0.8,0.8,900.0,0.01,0.0,15,0.5,0.014868408,0.06893873179356744
6.5600000000000005,900.6178296788929,0.06496600331509389,0.0,0.2,0.2,20.249999999999996,0.8,0.8,900.0,0.01,0.0,15,0.5,0.015712593,0.06893870756895894
6.57,900.61782945459,0.06541765583786563,0.0,0.2,0.2,20.249999999999996,0.8,0.8,900.0,0.01,0.0,15,0.5,0.017401522,0.06893867831589426
6.58,900.617829185005,0.06586664150408493,0.0,0.2,0.2,20.249999999999996,0.8,0.8,900.0,0.01,0.0,15,0.5,0.01523298,0.0689386449497097
6.59,900.6178288783223,0.0663127165932818,0.0,0.2,0.2,20.249999999999996,0.8,0.8,900.0,0.01,0.0,15,0.5,0.014804168,0.0689386087498215
6.6000000000000005,900.6178285459014,0.0667556493442135,0.0,0.2,0.2,20.249999999999996,0.8,0.8,900.0,0.01,0.0,15,0.5,0.017304342,0.0689385711930349
6.61,900.6178282010701,0.06719522968331638,0.0,0.2,0.2,20.249999999999996,0.8,0.8,900.0,0.01,0.0,15,0.5,0.015565972,0.06893853388847071
6.62,900.6178278592084,0.06763124929337515,0.0,0.2,0.2,20.249999999999996,0.8,0.8,900.0,0.01,0.0,15,0.5,0.01512495,0.06893849853969544
6.63,900.6178275345083,0.06806346577520578,0.0,0.2,0.2,20.249999999999996,0.8,0.8,900.0,0.01,0.0,15,0.5,0.017251271,0.06893846646300088
6.640000000000001,900.6178272388928,0.06849165803945247,0.0,0.2,0.2,20.249999999999996,0.8,0.8,900.0,0.01,0.0,15,0.5,0.014938619,0.06893843853948387
6.65,900.6178269801593,0.06891560889217087,0.0,0.2,0.2,20.249999999999996,0.8,0.8,900.0,0.01,0.0,15,0.5,0.015177141,0.06893841500539642
6.66,900.6178267599407,0.06933511921223219,0.0,0.2,0.2,20.249999999999996,0.8,0.8,900.0,0.01,0.0,15,0.5,0.017572482,0.068938395355327
6.67,900.617826573752,0.0697500248517705,0.0,0.2,0.2,20.249999999999996,0.8,0.8,900.0,0.01,0.0,15,0.5,0.014682427,0.06893837850502466
6.68,900.6178264120875,0.07016018678988638,0.0,0.2,0.2,20.249999999999996,0.8,0.8,900.0,0.01,0.0,15,0.5,0.01503227,0.06893836290954247
6.69,900.6178262608926,0.07056548496845551,0.0,0.2,0.2,20.249999999999996,0.8,0.8,900.0,0.01,0.0,15,0.5,0.018046835,0.06893834660925754
6.7,900.617826102569,0.07096582443698832,0.0,0.2,0.2,20.249999999999996,0.8,0.8,900.0,0.01,0.0,15,0.5,0.01508188,0.06893832743810556
6.71,900.6178259175471,0.07136114198005959,0.0,0.2,0.2,20.249999999999996,0.8,0.8,900.0,0.01,0.0,15,0.5,0.016223706,0.06893830327628182
6.72,900.6178256870306,0.07175141365511989,0.0,0.2,0.2,20.249999999999996,0.8,0.8,900.0,0.01,0.0,15,0.5,0.018809079,0.0689382723427327
6.73,900.6178253954054,0.07213664676719335,0.0,0.2,0.2,20.249999999999996,0.8,0.8,900.0,0.01,0.0,15,0.5,0.014994979,0.0689382334307834
6.74,900.6178250317367,0.07251686056467277,0.0,0.2,0.2,20.249999999999996,0.8,0.8,900.0,0.01,0.0,15,0.5,0.01524903,0.0689381859871764
6.75,900.6178245909439,0.072892101697806,0.0,0.2,0.2,20.249999999999996,0.8,0.8,900.0,0.01,0.0,15,0.5,0.017482912,0.0689381302105446
6.76,900.6178240748981,0.07326244980505979,0.0,0.2,0.2,20.249999999999996,0.8,0.8,900.0,0.01,0.0,15,0.5,0.015715383,0.06893806710271148
6.7700000000000005,900.6178234925703,0.07362801934867556,0.0,0.2,0.2,20.249999999999996,0.8,0.8,900.0,0.01,0.0,15,0.5,0.014766498,0.0689379984067695
6.78,900.6178228596435,0.07398896095337552,0.0,0.2,0.2,20.249999999999996,0.8,0.8,900.0,0.01,0.0,15,0.5,0.01710969,0.06893792647407233
6.79,900.6178221981651,0.07434546003247988,0.0,0.2,0.2,20.249999999999996,0.8,0.8,900.0,0.01,0.0,15,0.5,0.01513205,0.06893785431993507
6.8,900.6178215356393,0.07469766924218386,0.0,0.2,0.2,20.249999999999996,0.8,0.8,900.0,0.01,0.0,15,0.5,0.015815933,0.06893778517179672
6.8100000000000005,900.6178208996694,0.07504572283745672,0.0,0.2,0.2,20.249999999999996,0.8,0.8,900.0,0.01,0.0,15,0.5,0.017554952,0.06893772187738484
6.82,900.6178203170479,0.07538977755740704,0.0,0.2,0.2,20.249999999999996,0.8,0.8,900.0,0.01,0.0,15,0.5,0.014911518,0.06893766707692767
6.83,900.6178198112336,0.07572994363585143,0.0,0.2,0.2,20.249999999999996,0.8,0.8,900.0,0.01,0.0,15,0.5,0.014875499,0.0689376226384299
6.84,900.6178193978917,0.07606631749623799,0.0,0.2,0.2,20.249999999999996,0.8,0.8,900.0,0.01,0.0,15,0.5,0.017352662,0.06893758941437417
6.8500000000000005,900.6178190846655,0.07639901536121892,0.0,0.2,0.2,20.249999999999996,0.8,0.8,900.0,0.01,0.0,15,0.5,0.01516592,0.06893756729964903
6.86,900.6178188704251,0.07672817687390326,0.0,0.2,0.2,20.249999999999996,0.8,0.8,900.0,0.01,0.0,15,0.5,0.014903439,0.06893755519107406
6.87,900.6178187452224,0.07705397234965283,0.0,0.2,0.2,20.249999999999996,0.8,0.8,900.0,0.01,0.0,15,0.5,0.017928295,0.06893755109765332
6.88,900.6178186913805,0.077376602981819,0.0,0.2,0.2,20.249999999999996,0.8,0.8,900.0,0.01,0.0,15,0.5,0.015293941,0.06893755236303814
6.890000000000001,900.6178186850229,0.0776962927458989,0.0,0.2,0.2,20.249999999999996,0.8,0.8,900.0,0.01,0.0,15,0.5,0.01524355,0.0689375558586419
6.9,900.617818698129,0.07801328756780054,0.0,0.2,0.2,20.249999999999996,0.8,0.8,900.0,0.01,0.0,15,0.5,0.017318792,0.06893755826601738
6.91,900.617818701075,0.07832785376356434,0.0,0.2,0.2,20.249999999999996,0.8,0.8,900.0,0.01,0.0,15,0.5,0.0152423,0.06893755639690839
6.92,900.617818666004,0.078640272288794,0.0,0.2,0.2,20.249999999999996,0.8,0.8,900.0,0.01,0.0,15,0.5,0.015391341,0.06893754755664179
6.93,900.6178185685026,0.07895081428952096,0.0,0.2,0.2,20.249999999999996,0.8,0.8,900.0,0.01,0.0,15,0.5,0.017943755,0.06893752968016807
6.94,900.6178183900191,0.07925975473043441,0.0,0.2,0.2,20.249999999999996,0.8,0.8,900.0,0.01,0.0,15,0.5,0.01514767,0.06893750160684692
6.95,900.6178181207018,0.0795673673362638,0.0,0.2,0.2,20.249999999999996,0.8,0.8,900.0,0.01,0.0,15,0.5,0.014877818,0.06893746326373366
6.96,900.6178177594192,0.07987391114634332,0.0,0.2,0.2,20.249999999999996,0.8,0.8,900.0,0.01,0.0,15,0.5,0.018044845,0.06893741546237513
6.97,900.6178173136884,0.08017964908971356,0.0,0.2,0.2,20.249999999999996,0.8,0.8,900.0,0.01,0.0,15,0.5,0.01505954,0.06893735990994712
6.98,900.6178167990531,0.08048483810714796,0.0,0.2,0.2,20.249999999999996,0.8,0.8,900.0,0.01,0.0,15,0.5,0.014941658,0.06893729907513337
6.99,900.617816237351,0.08078971707614256,0.0,0.2,0.2,20.249999999999996,0.8,0.8,900.0,0.01,0.0,15,0.5,0.017341331,0.06893723581370818
7.0,900.6178156541166,0.08109452053462417,0.0,0.2,0.2,20.249999999999996,0.8,0.8,900.0,0.01,0.0,15,0.5,0.015259891,0.06893717310211733
7.01,900.6178150760386,0.08139948529705889,0.0,0.2,0.2,20.249999999999996,0.8,0.8,900.0,0.01,0.0,15,0.5,0.014763738,0.06893711380440881
7.0200000000000005,900.6178145288757,0.08170484851207849,0.0,0.2,0.2,20.249999999999996,0.8,0.8,900.0,0.01,0.0,15,0.5,0.017603313,0.06893706042924964
7.03,900.6178140350921,0.08201084506315337,0.0,0.2,0.2,20.249999999999996,0.8,0.8,900.0,0.01,0.0,15,0.5,0.014759168,0.06893701490529033
7.04,900.6178136119134,0.08231770868925646,0.0,0.2,0.2,20.249999999999996,0.8,0.8,900.0,0.01,0.0,15,0.5,0.014800648,0.06893697840607117
7.05,900.61781327012,0.08262567560901891,0.0,0.2,0.2,20.249999999999996,0.8,0.8,900.0,0.01,0.0,15,0.5,0.017664183,0.06893695134657357
7.0600000000000005,900.6178130136967,0.08293496648140104,0.0,0.2,0.2,20.249999999999996,0.8,0.8,900.0,0.01,0.0,15,0.5,0.014522377,0.06893693338475937
7.07,900.6178128394046,0.08324577694868149,0.0,0.2,0.2,20.249999999999996,0.8,0.8,900.0,0.01,0.0,15,0.5,0.014955869,0.06893692340286028
7.08,900.6178127377839,0.08355828712238442,0.0,0.2,0.2,20.249999999999996,0.8,0.8,900.0,0.01,0.0,15,0.5,0.018062835,0.06893691972722604
7.09,900.6178126944205,0.08387262444574342,0.0,0.2,0.2,20.249999999999996,0.8,0.8,900.0,0.01,0.0,15,0.5,0.014981829,0.06893692019102612
7.1000000000000005,900.6178126894905,0.084188871838981,0.0,0.2,0.2,20.249999999999996,0.8,0.8,900.0,0.01,0.0,15,0.5,0.01507561,0.0689369223462721
7.11,900.6178127007257,0.08450708535065109,0.0,0.2,0.2,20.249999999999996,0.8,0.8,900.0,0.01,0.0,15,0.5,0.017411602,0.06893692371276948
7.12,900.6178127057814,0.08482729467248369,0.0,0.2,0.2,20.249999999999996,0.8,0.8,900.0,0.01,0.0,15,0.5,0.01506511,0.06893692194124626
7.13,900.6178126835064,0.08514950773029002,0.0,0.2,0.2,20.249999999999996,0.8,0.8,900.0,0.01,0.0,15,0.5,0.015024979,0.06893691500924401
7.140000000000001,900.617812615789,0.08547372267901421,0.0,0.2,0.2,20.249999999999996,0.8,0.8,900.0,0.01,0.0,15,0.5,0.017560373,0.06893690143535994
7.15,900.6178124894042,0.08579993021862792,0.0,0.2,0.2,20.249999999999996,0.8,0.8,900.0,0.01,0.0,15,0.5,0.015326231,0.06893688040501474
7.16,900.6178122971583,0.08612811528469257,0.0,0.2,0.2,20.249999999999996,0.8,0.8,900.0,0.01,0.0,15,0.5,0.014817668,0.06893685182814431
7.17,900.617812040206,0.0864582515399042,0.0,0.2,0.2,20.249999999999996,0.8,0.8,900.0,0.01,0.0,15,0.5,0.017415701,0.06893681664640394
7.18,900.6178117276723,0.08679018373988283,0.0,0.2,0.2,20.249999999999996,0.8,0.8,900.0,0.01,0.0,15,0.5,0.014643437,0.06893677653978948
7.19,900.6178113720192,0.08712365546698062,0.0,0.2,0.2,20.249999999999996,0.8,0.8,900.0,0.01,0.0,15,0.5,0.014905349,0.06893673352186849
7.2,900.6178109916082,0.08745840819994274,0.0,0.2,0.2,20.249999999999996,0.8,0.8,900.0,0.01,0.0,15,0.5,0.017338582,0.06893668994199863
7.21,900.6178106080608,0.08779416785001731,0.0,0.2,0.2,20.249999999999996,0.8,0.8,900.0,0.01,0.0,15,0.5,0.014947199,0.06893664824100253
7.22,900.6178102434633,0.08813061080195245,0.0,0.2,0.2,20.249999999999996,0.8,0.8,900.0,0.01,0.0,15,0.5,0.014895568,0.06893661061376097
7.23,900.6178099169967,0.08846736310387704,0.0,0.2,0.2,20.249999999999996,0.8,0.8,900.0,0.01,0.0,15,0.5,0.017301391,0.06893657874641013
7.24,900.6178096463799,0.08880402737796443,0.0,0.2,0.2,20.249999999999996,0.8,0.8,900.0,0.01,0.0,15,0.5,0.014604037,0.06893655399841626
7.25,900.6178094413001,0.08914012333468924,0.0,0.2,0.2,20.249999999999996,0.8,0.8,900.0,0.01,0.0,15,0.5,0.014573027,0.0689365369044449
7.26,900.6178093057799,0.08947515617920747,0.0,0.2,0.2,20.249999999999996,0.8,0.8,900.0,0.01,0.0,15,0.5,0.017371452,0.06893652730096171
7.2700000000000005,900.6178092385653,0.08980864036272501,0.0,0.2,0.2,20.249999999999996,0.8,0.8,900.0,0.01,0.0,15,0.5,0.014800628,0.0689365244583707
7.28,900.6178092333594,0.09014009283641125,0.0,0.2,0.2,20.249999999999996,0.8,0.8,900.0,0.01,0.0,15,0.5,0.015543252,0.0689365271755848
7.29,900.6178092794225,0.09046901630296969,0.0,0.2,0.2,20.249999999999996,0.8,0.8,900.0,0.01,0.0,15,0.5,0.017739613,0.06893653384814924
7.3,900.6178093622716,0.09079490407398873,0.0,0.2,0.2,20.249999999999996,0.8,0.8,900.0,0.01,0.0,15,0.5,0.014706467,0.06893654261518596
7.3100000000000005,900.6178094653094,0.09111724526700153,0.0,0.2,0.2,20.249999999999996,0.8,0.8,900.0,0.01,0.0,15,0.5,0.01499414,0.06893655159222703
7.32,900.6178095716535,0.09143551702632882,0.0,0.2,0.2,20.249999999999996,0.8,0.8,900.0,0.01,0.0,15,0.5,0.017271531,0.06893655902770594
7.33,900.6178096653761,0.09174919963670328,0.0,0.2,0.2,20.249999999999996,0.8,0.8,900.0,0.01,0.0,15,0.5,0.015743693,0.06893656342888566
7.34,900.6178097352882,0.0920577849779414,0.0,0.2,0.2,20.249999999999996,0.8,0.8,900.0,0.01,0.0,15,0.5,0.014794738,0.06893656382661999
7.3500000000000005,900.6178097713887,0.09236074806124678,0.0,0.2,0.2,20.249999999999996,0.8,0.8,900.0,0.01,0.0,15,0.5,0.018032676,0.06893655972130995
7.36,900.6178097684553,0.09265756253583243,0.0,0.2,0.2,20.249999999999996,0.8,0.8,900.0,0.01,0.0,15,0.5,0.015329321,0.068936551084
7.37,900.6178097266114,0.09294771408111147,0.0,0.2,0.2,20.249999999999996,0.8,0.8,900.0,0.01,0.0,15,0.5,0.015035069,0.06893653845108341
7.38,900.6178096502977,0.0932306826407103,0.0,0.2,0.2,20.249999999999996,0.8,0.8,900.0,0.01,0.0,15,0.5,0.017112851,0.06893652269991561
7.390000000000001,900.6178095470153,0.0935059668024883,0.0,0.2,0.2,20.249999999999996,0.8,0.8,900.0,0.01,0.0,15,0.5,0.014693977,0.06893650491667441
7.4,900.6178094264167,0.09377308988361553,0.0,0.2,0.2,20.249999999999996,0.8,0.8,900.0,0.01,0.0,15,0.5,0.014951688,0.0689364863053931
7.41,900.6178092992335,0.09403160356112453,0.0,0.2,0.2,20.249999999999996,0.8,0.8,900.0,0.01,0.0,15,0.5,0.017264561,0.06893646806105379
7.42,900.6178091761734,0.09428108906422873,0.0,0.2,0.2,20.249999999999996,0.8,0.8,900.0,0.01,0.0,15,0.5,0.014894859,0.06893645125559258
7.43,900.6178090671372,0.09452114768014364,0.0,0.2,0.2,20.249999999999996,0.8,0.8,900.0,0.01,0.0,15,0.5,0.014817868,0.06893643675188219
7.44,900.6178089793277,0.09475138690022039,0.0,0.2,0.2,20.249999999999996,0.8,0.8,900.0,0.01,0.0,15,0.5,0.017290191,0.06893642496752483
7.45,900.6178089164279,0.0949714435423142,0.0,0.2,0.2,20.249999999999996,0.8,0.8,900.0,0.01,0.0,15,0.5,0.01497686,0.06893641591093452
7.46,900.6178088785634,0.09518097982266964,0.0,0.2,0.2,20.249999999999996,0.8,0.8,900.0,0.01,0.0,15,0.5,0.016261346,0.06893640920629843
7.47,900.6178088621235,0.0953796803844646,0.0,0.2,0.2,20.249999999999996,0.8,0.8,900.0,0.01,0.0,15,0.5,0.017021369,0.0689364040925877
7.48,900.6178088602786,0.09556726069820166,0.0,0.2,0.2,20.249999999999996,0.8,0.8,900.0,0.01,0.0,15,0.5,0.015376242,0.06893639953451777
7.49,900.6178088637877,0.09574346372002046,0.0,0.2,0.2,20.249999999999996,0.8,0.8,900.0,0.01,0.0,15,0.5,0.015025429,0.06893639431070857
7.5,900.617808861606,0.09590806057947969,0.0,0.2,0.2,20.249999999999996,0.8,0.8,900.0,0.01,0.0,15,0.5,0.017312791,0.06893638711987646
7.51,900.6178088419084,0.0960608512545388,0.0,0.2,0.2,20.249999999999996,0.8,0.8,900.0,0.01,0.0,15,0.5,0.015394351,0.06893637671732394
7.5200000000000005,900.617808793429,0.09620166635573,0.0,0.2,0.2,20.249999999999996,0.8,0.8,900.0,0.01,0.0,15,0.5,0.015831083,0.06893636203730298
7.53,900.6178087066075,0.09633036759588742,0.0,0.2,0.2,20.249999999999996,0.8,0.8,900.0,0.01,0.0,15,0.5,0.019176651,0.06893634230623176
7.54,900.6178085746059,0.0964468445537697,0.0,0.2,0.2,20.249999999999996,0.8,0.8,900.0,0.01,0.0,15,0.5,0.014745967,0.06893631713094521
7.55,900.6178083938856,0.09655099624886465,0.0,0.2,0.2,20.249999999999996,0.8,0.8,900.0,0.01,0.0,15,0.5,0.01513486,0.06893628649408332
7.5600000000000005,900.6178081641597,0.0966427420208673,0.0,0.2,0.2,20.249999999999996,0.8,0.8,900.0,0.01,0.0,15,0.5,0.017825254,0.06893625075206769
7.57,900.6178078888552,0.0967220237816268,0.0,0.2,0.2,20.249999999999996,0.8,0.8,900.0,0.01,0.0,15,0.5,0.014895669,0.06893621063802556
7.58,900.6178075741841,0.09678879698973684,0.0,0.2,0.2,20.249999999999996,0.8,0.8,900.0,0.01,0.0,15,0.5,0.014731847,0.06893616708436252
7.59,900.61780722833,0.09684303928946225,0.0,0.2,0.2,20.249999999999996,0.8,0.8,900.0,0.01,0.0,15,0.5,0.017574843,0.0689361211678017
7.6000000000000005,900.6178068608729,0.09688475122635225,0.0,0.2,0.2,20.249999999999996,0.8,0.8,900.0,0.01,0.0,15,0.5,0.014951749,0.06893607403361247
7.61,900.6178064820112,0.09691395582391386,0.0,0.2,0.2,20.249999999999996,0.8,0.8,900.0,0.01,0.0,15,0.5,0.01513951,0.06893602680142055
7.62,900.6178061018442,0.09693069695180571,0.0,0.2,0.2,20.249999999999996,0.8,0.8,900.0,0.01,0.0,15,0.5,0.01697985,0.06893598046316379
7.63,900.6178057302104,0.09693503293559035,0.0,0.2,0.2,20.249999999999996,0.8,0.8,900.0,0.01,0.0,15,0.5,0.014722598,0.06893593611498983
7.640000000000001,900.6178053795637,0.09692692501769617,0.0,0.2,0.2,20.249999999999996,0.8,0.8,900.0,0.01,0.0,15,0.5,0.014579456,0.06893589503863558
7.65,900.6178050572748,0.09690617072377113,0.0,0.2,0.2,20.249999999999996,0.8,0.8,900.0,0.01,0.0,15,0.5,0.017831384,0.06893585751306207
7.66,900.6178047658406,0.09687259470506848,0.0,0.2,0.2,20.249999999999996,0.8,0.8,900.0,0.01,0.0,15,0.5,0.014647508,0.06893582350911864
7.67,900.6178045051741,0.09682604510042787,0.0,0.2,0.2,20.249999999999996,0.8,0.8,900.0,0.01,0.0,15,0.5,0.014577426,0.06893579281373556
7.68,900.6178042732287,0.09676638484659476,0.0,0.2,0.2,20.249999999999996,0.8,0.8,900.0,0.01,0.0,15,0.5,0.017639353,0.06893576501346231
7.69,900.6178040665255,0.09669349644404501,0.0,0.2,0.2,20.249999999999996,0.8,0.8,900.0,0.01,0.0,15,0.5,0.0151687,0.0689357395253419
7.7,900.6178038798988,0.09660727070796883,0.0,0.2,0.2,20.249999999999996,0.8,0.8,900.0,0.01,0.0,15,0.5,0.014633358,0.06893571564469432
7.71,900.6178037070266,0.09650760074537904,0.0,0.2,0.2,20.249999999999996,0.8,0.8,900.0,0.01,0.0,15,0.5,0.017707383,0.06893569268158378
7.72,900.6178035416585,0.0963943826783117,0.0,0.2,0.2,20.249999999999996,0.8,0.8,900.0,0.01,0.0,15,0.5,0.014818309,0.06893567007070443
7.73,900.6178033784338,0.0962675124370454,0.0,0.2,0.2,20.249999999999996,0.8,0.8,900.0,0.01,0.0,15,0.5,0.014724938,0.06893564737568009
7.74,900.6178032138993,0.09612689737989781,0.0,0.2,0.2,20.249999999999996,0.8,0.8,900.0,0.01,0.0,15,0.5,0.017885044,0.06893562454064782
7.75,900.6178030492678,0.0959724282902908,0.0,0.2,0.2,20.249999999999996,0.8,0.8,900.0,0.01,0.0,15,0.5,0.01502551,0.06893560231107708
7.76,900.6178028898163,0.09580392156637285,0.0,0.2,0.2,20.249999999999996,0.8,0.8,900.0,0.01,0.0,15,0.5,0.014974619,0.06893558141543213
7.7700000000000005,900.6178027410728,0.09562118787051085,0.0,0.2,0.2,20.249999999999996,0.8,0.8,900.0,0.01,0.0,15,0.5,0.017536102,0.06893556253583445
7.78,900.6178026095382,0.09542405062250627,0.0,0.2,0.2,20.249999999999996,0.8,0.8,900.0,0.01,0.0,15,0.5,0.01532331,0.06893554654707221
7.79,900.6178025029349,0.09521232726153253,0.0,0.2,0.2,20.249999999999996,0.8,0.8,900.0,0.01,0.0,15,0.5,0.01515899,0.06893553444767876
7.8,900.6178024305302,0.09498583476940299,0.0,0.2,0.2,20.249999999999996,0.8,0.8,900.0,0.01,0.0,15,0.5,0.017768514,0.06893552740107362
7.8100000000000005,900.6178024033628,0.09474437094355104,0.0,0.2,0.2,20.249999999999996,0.8,0.8,900.0,0.01,0.0,15,0.5,0.015306161,0.06893552668521187
7.82,900.6178024319831,0.09448769870019917,0.0,0.2,0.2,20.249999999999996,0.8,0.8,900.0,0.01,0.0,15,0.5,0.015010719,0.06893553334207374
7.83,900.6178025259617,0.09421558218439506,0.0,0.2,0.2,20.249999999999996,0.8,0.8,900.0,0.01,0.0,15,0.5,0.018000974,0.06893554824918455
7.84,900.6178026940092,0.09392777561818823,0.0,0.2,0.2,20.249999999999996,0.8,0.8,900.0,0.01,0.0,15,0.5,0.014920609,0.06893557221676445
7.8500000000000005,900.6178029422364,0.09362398027942957,0.0,0.2,0.2,20.249999999999996,0.8,0.8,900.0,0.01,0.0,15,0.5,0.014579668,0.06893560561550051
7.86,900.6178032735643,0.09330390903028982,0.0,0.2,0.2,20.249999999999996,0.8,0.8,900.0,0.01,0.0,15,0.5,0.016962599,0.06893564854271458
7.87,900.6178036888298,0.09296730143184355,0.0,0.2,0.2,20.249999999999996,0.8,0.8,900.0,0.01,0.0,15,0.5,0.014838449,0.06893570085345901
7.88,900.61780418662,0.09261392769091753,0.0,0.2,0.2,20.249999999999996,0.8,0.8,900.0,0.01,0.0,15,0.5,0.014979229,0.06893576217317497
7.890000000000001,900.6178047635648,0.09224359155998249,0.0,0.2,0.2,20.249999999999996,0.8,0.8,900.0,0.01,0.0,15,0.5,0.017502252,0.06893583193611932
7.9,900.6178054145105,0.09185613409262833,0.0,0.2,0.2,20.249999999999996,0.8,0.8,900.0,0.01,0.0,15,0.5,0.015671922,0.06893590941516886
7.91,900.6178061328899,0.09145143762550789,0.0,0.2,0.2,20.249999999999996,0.8,0.8,900.0,0.01,0.0,15,0.5,0.015041959,0.0689359937846602
7.92,900.6178069112369,0.09102942815437534,0.0,0.2,0.2,20.249999999999996,0.8,0.8,900.0,0.01,0.0,15,0.5,0.017701984,0.06893608420652446
7.930000000000001,900.6178077420321,0.09059008030109048,0.0,0.2,0.2,20.249999999999996,0.8,0.8,900.0,0.01,0.0,15,0.5,0.016016534,0.06893617990649101
7.94,900.6178086182462,0.090133420180971,0.0,0.2,0.2,20.249999999999996,0.8,0.8,900.0,0.01,0.0,15,0.5,0.014868128,0.06893628021846218
7.95,900.6178095340305,0.08965953015685547,0.0,0.2,0.2,20.249999999999996,0.8,0.8,900.0,0.01,0.0,15,0.5,0.017745334,0.06893638461617073
7.96,900.6178104846888,0.0891685471814644,0.0,0.2,0.2,20.249999999999996,0.8,0.8,900.0,0.01,0.0,15,0.5,0.01508015,0.06893649273640712
7.97,900.6178114667331,0.08866066086894317,0.0,0.2,0.2,20.249999999999996,0.8,0.8,900.0,0.01,0.0,15,0.5,0.01519091,0.06893660439820944
7.98,900.6178124786193,0.08813612336616837,0.0,0.2,0.2,20.249999999999996,0.8,0.8,900.0,0.01,0.0,15,0.5,0.017520372,0.06893671962505456
7.99,900.6178135208983,0.08759524657825699,0.0,0.2,0.2,20.249999999999996,0.8,0.8,900.0,0.01,0.0,15,0.5,0.01512301,0.06893683864799978
8.0,900.6178145953947,0.08703838534239187,0.0,0.2,0.2,20.249999999999996,0.8,0.8,900.0,0.01,0.0,15,0.5,0.014655337,0.06893696167603047
8.01,900.6178157037966,0.08646595385096678,0.0,0.2,0.2,20.249999999999996,0.8,0.8,900.0,0.01,0.0,15,0.5,0.018118476,0.06893708888010087
8.02,900.6178168475847,0.08587842971513,0.0,0.2,0.2,20.249999999999996,0.8,0.8,900.0,0.01,0.0,15,0.5,0.015477812,0.06893722040486754
8.03,900.6178180281896,0.08527635596802485,0.0,0.2,0.2,20.249999999999996,0.8,0.8,900.0,0.01,0.0,15,0.5,0.014773738,0.06893735633518748
8.040000000000001,900.617819246709,0.08466033954530043,0.0,0.2,0.2,20.249999999999996,0.8,0.8,900.0,0.01,0.0,15,0.5,0.017478612,0.06893749673810469
8.05,900.6178205037623,0.08403103429854057,0.0,0.2,0.2,20.249999999999996,0.8,0.8,900.0,0.01,0.0,15,0.5,0.014648558,0.06893764151925087
8.06,900.6178217981604,0.08338914657297625,0.0,0.2,0.2,20.249999999999996,0.8,0.8,900.0,0.01,0.0,15,0.5,0.014648467,0.06893779033072427
8.07,900.6178231268539,0.08273544214203908,0.0,0.2,0.2,20.249999999999996,0.8,0.8,900.0,0.01,0.0,15,0.5,0.017697334,0.06893794265709655
8.08,900.6178244862555,0.08207073465094387,0.0,0.2,0.2,20.249999999999996,0.8,0.8,900.0,0.01,0.0,15,0.5,0.014792848,0.06893809806916253
8.09,900.6178258722514,0.08139583510196748,0.0,0.2,0.2,20.249999999999996,0.8,0.8,900.0,0.01,0.0,15,0.5,0.014765647,0.06893825594017224
8.1,900.6178272789067,0.08071158731962683,0.0,0.2,0.2,20.249999999999996,0.8,0.8,900.0,0.01,0.0,15,0.5,0.017446962,0.06893841549609528
8.11,900.6178286991234,0.08001887079447831,0.0,0.2,0.2,20.249999999999996,0.8,0.8,900.0,0.01,0.0,15,0.5,0.01511704,0.06893857587664415
8.120000000000001,900.6178301254167,0.07931860658505818,0.0,0.2,0.2,20.249999999999996,0.8,0.8,900.0,0.01,0.0,15,0.5,0.015389351,0.06893873623070149
8.13,900.6178315501458,0.07861175168011231,0.0,0.2,0.2,20.249999999999996,0.8,0.8,900.0,0.01,0.0,15,0.5,0.017515013,0.06893889581396939
8.14,900.6178329666722,0.07789929343769242,0.0,0.2,0.2,20.249999999999996,0.8,0.8,900.0,0.01,0.0,15,0.5,0.014480376,0.06893905395055111
8.15,900.6178343689973,0.07718224748079672,0.0,0.2,0.2,20.249999999999996,0.8,0.8,900.0,0.01,0.0,15,0.5,0.01505163,0.0689392100392167
8.16,900.6178357518023,0.07646165324068357,0.0,0.2,0.2,20.249999999999996,0.8,0.8,900.0,0.01,0.0,15,0.5,0.017330421,0.06893936358308929
8.17,900.6178371108045,0.07573856808536236,0.0,0.2,0.2,20.249999999999996,0.8,0.8,900.0,0.01,0.0,15,0.5,0.014712847,0.06893951420661913
8.18,900.6178384426861,0.07501404793094282,0.0,0.2,0.2,20.249999999999996,0.8,0.8,900.0,0.01,0.0,15,0.5,0.015312761,0.06893966162719274
8.19,900.6178397449656,0.0742891513645915,0.0,0.2,0.2,20.249999999999996,0.8,0.8,900.0,0.01,0.0,15,0.5,0.017354461,0.06893980565832954
8.2,900.6178410160759,0.07356494020581404,0.0,0.2,0.2,20.249999999999996,0.8,0.8,900.0,0.01,0.0,15,0.5,0.015274261,0.0689399461945956
8.21,900.6178422551943,0.07284247377005566,0.0,0.2,0.2,20.249999999999996,0.8,0.8,900.0,0.01,0.0,15,0.5,0.014992939,0.06894008319292345
8.22,900.6178434621947,0.07212280079655237,0.0,0.2,0.2,20.249999999999996,0.8,0.8,900.0,0.01,0.0,15,0.5,0.017160401,0.06894021666433807
8.23,900.6178446371472,0.07140694810428852,0.0,0.2,0.2,20.249999999999996,0.8,0.8,900.0,0.01,0.0,15,0.5,0.014699898,0.06894034659092411
8.24,900.6178457799749,0.07069592051517803,0.0,0.2,0.2,20.249999999999996,0.8,0.8,900.0,0.01,0.0,15,0.5,0.014963899,0.06894047295854154
8.25,900.6178468905355,0.06999069073014906,0.0,0.2,0.2,20.249999999999996,0.8,0.8,900.0,0.01,0.0,15,0.5,0.017128381,0.0689405957372326
8.26,900.617847968747,0.06929220262207987,0.0,0.2,0.2,20.249999999999996,0.8,0.8,900.0,0.01,0.0,15,0.5,0.014784328,0.06894071487370862
8.27,900.6178490146432,0.06860136632582874,0.0,0.2,0.2,20.249999999999996,0.8,0.8,900.0,0.01,0.0,15,0.5,0.014630107,0.06894083026252634
8.28,900.617850027096,0.06791903008729698,0.0,0.2,0.2,20.249999999999996,0.8,0.8,900.0,0.01,0.0,15,0.5,0.017247872,0.06894094165987447
8.290000000000001,900.6178510037971,0.06724599376068625,0.0,0.2,0.2,20.249999999999996,0.8,0.8,900.0,0.01,0.0,15,0.5,0.014745817,0.06894104870869518
8.3,900.6178519416447,0.06658301414047882,0.0,0.2,0.2,20.249999999999996,0.8,0.8,900.0,0.01,0.0,15,0.5,0.014889418,0.06894115100077072
8.31,900.617852837063,0.06593080138783916,0.0,0.2,0.2,20.249999999999996,0.8,0.8,900.0,0.01,0.0,15,0.5,0.017564533,0.06894124812132012
8.32,900.6178536864068,0.06529001681233339,0.0,0.2,0.2,20.249999999999996,0.8,0.8,900.0,0.01,0.0,15,0.5,0.01521288,0.06894133970381049
8.33,900.6178544866602,0.06466126969889348,0.0,0.2,0.2,20.249999999999996,0.8,0.8,900.0,0.01,0.0,15,0.5,0.014934779,0.06894142549266905
8.34,900.617855235449,0.06404511557817849,0.0,0.2,0.2,20.249999999999996,0.8,0.8,900.0,0.01,0.0,15,0.5,0.017324061,0.06894150535004971
8.35,900.617855931655,0.0634420543634167,0.0,0.2,0.2,20.249999999999996,0.8,0.8,900.0,0.01,0.0,15,0.5,0.015193441,0.06894157927472266
8.36,900.6178565752655,0.0628525288962709,0.0,0.2,0.2,20.249999999999996,0.8,0.8,900.0,0.01,0.0,15,0.5,0.014866938,0.06894164739186316
8.370000000000001,900.617857167383,0.06227692797459158,0.0,0.2,0.2,20.249999999999996,0.8,0.8,900.0,0.01,0.0,15,0.5,0.017416361,0.06894170994794521
8.38,900.6178577103688,0.06171558781440236,0.0,0.2,0.2,20.249999999999996,0.8,0.8,900.0,0.01,0.0,15,0.5,0.014781968,0.06894176730519525
8.39,900.6178582074256,0.06116878896093056,0.0,0.2,0.2,20.249999999999996,0.8,0.8,900.0,0.01,0.0,15,0.5,0.014805628,0.06894181989181397
8.4,900.6178586623904,0.06063676012137168,0.0,0.2,0.2,20.249999999999996,0.8,0.8,900.0,0.01,0.0,15,0.5,0.018653669,0.06894186818877669
8.41,900.6178590796178,0.06011968018695062,0.0,0.2,0.2,20.249999999999996,0.8,0.8,900.0,0.01,0.0,15,0.5,0.01512548,0.0689419127031114
8.42,900.6178594636668,0.05961767908264284,0.0,0.2,0.2,20.249999999999996,0.8,0.8,900.0,0.01,0.0,15,0.5,0.014976649,0.06894195393960525
8.43,900.617859819132,0.05913083903796071,0.0,0.2,0.2,20.249999999999996,0.8,0.8,900.0,0.01,0.0,15,0.5,0.017624873,0.06894199238640482
8.44,900.6178601505245,0.05865919458572351,0.0,0.2,0.2,20.249999999999996,0.8,0.8,900.0,0.01,0.0,15,0.5,0.014839599,0.0689420285153672
8.45,900.61786046213,0.058202733875835216,0.0,0.2,0.2,20.249999999999996,0.8,0.8,900.0,0.01,0.0,15,0.5,0.0151171,0.06894206277360086
8.46,900.617860757892,0.05776140197803855,0.0,0.2,0.2,20.249999999999996,0.8,0.8,900.0,0.01,0.0,15,0.5,0.017407312,0.06894209557216761
8.47,900.617861041397,0.05733510592220815,0.0,0.2,0.2,20.249999999999996,0.8,0.8,900.0,0.01,0.0,15,0.5,0.014498466,0.06894212727825624
8.48,900.6178613159351,0.056923718133229835,0.0,0.2,0.2,20.249999999999996,0.8,0.8,900.0,0.01,0.0,15,0.5,0.014597877,0.06894215822639041
8.49,900.6178615846441,0.056527074223374926,0.0,0.2,0.2,20.249999999999996,0.8,0.8,900.0,0.01,0.0,15,0.5,0.017515902,0.06894218870989233
8.5,900.6178618499545,0.05614496523070229,0.0,0.2,0.2,20.249999999999996,0.8,0.8,900.0,0.01,0.0,15,0.5,0.015001329,0.06894221888147674
8.51,900.617862113187,0.05577715577794889,0.0,0.2,0.2,20.249999999999996,0.8,0.8,900.0,0.01,0.0,15,0.5,0.01519168,0.06894224875259822
8.52,900.6178623744365,0.05542338882014785,0.0,0.2,0.2,20.249999999999996,0.8,0.8,900.0,0.01,0.0,15,0.5,0.017412002,0.06894227823035774
8.53,900.6178626328934,0.0550833848887795,0.0,0.2,0.2,20.249999999999996,0.8,0.8,900.0,0.01,0.0,15,0.5,0.014803488,0.06894230714320203
8.540000000000001,900.6178628869834,0.054756846101186744,0.0,0.2,0.2,20.249999999999996,0.8,0.8,900.0,0.01,0.0,15,0.5,0.014795728,0.06894233524262387
8.55,900.6178631344707,0.05444346054710128,0.0,0.2,0.2,20.249999999999996,0.8,0.8,900.0,0.01,0.0,15,0.5,0.017458652,0.06894236223783981
8.56,900.6178633726742,0.05414290444589555,0.0,0.2,0.2,20.249999999999996,0.8,0.8,900.0,0.01,0.0,15,0.5,0.014986049,0.06894238781862323
8.57,900.6178635990293,0.05385484130591273,0.0,0.2,0.2,20.249999999999996,0.8,0.8,900.0,0.01,0.0,15,0.5,0.014755718,0.06894241175973931
8.58,900.6178638113455,0.053578896273191665,0.0,0.2,0.2,20.249999999999996,0.8,0.8,900.0,0.01,0.0,15,0.5,0.017348782,0.06894243388651623
8.59,900.6178640079418,0.053314684871112135,0.0,0.2,0.2,20.249999999999996,0.8,0.8,900.0,0.01,0.0,15,0.5,0.01515679,0.06894245404670774
8.6,900.6178641874399,0.05306182145384229,0.0,0.2,0.2,20.249999999999996,0.8,0.8,900.0,0.01,0.0,15,0.5,0.01515253,0.06894247212962605
8.61,900.617864348763,0.052819920023303914,0.0,0.2,0.2,20.249999999999996,0.8,0.8,900.0,0.01,0.0,15,0.5,0.01700291,0.06894248808188672
8.620000000000001,900.617864491424,0.05258859718318106,0.0,0.2,0.2,20.249999999999996,0.8,0.8,900.0,0.01,0.0,15,0.5,0.014686288,0.06894250194414912
8.63,900.6178646157798,0.052367474931029875,0.0,0.2,0.2,20.249999999999996,0.8,0.8,900.0,0.01,0.0,15,0.5,0.015822223,0.06894251388677258
8.64,900.6178647233362,0.05215618233413004,0.0,0.2,0.2,20.249999999999996,0.8,0.8,900.0,0.01,0.0,15,0.5,0.01727386,0.06894252421170077
8.65,900.6178648167829,0.05195435754345467,0.0,0.2,0.2,20.249999999999996,0.8,0.8,900.0,0.01,0.0,15,0.5,0.014770358,0.0689425333382841
8.66,900.617864899856,0.051761649096285556,0.0,0.2,0.2,20.249999999999996,0.8,0.8,900.0,0.01,0.0,15,0.5,0.014646647,0.0689425417788724
8.67,900.6178649770754,0.05157771680207645,0.0,0.2,0.2,20.249999999999996,0.8,0.8,900.0,0.01,0.0,15,0.5,0.0171242,0.06894255010214265
8.68,900.6178650536069,0.05140223179169334,0.0,0.2,0.2,20.249999999999996,0.8,0.8,900.0,0.01,0.0,15,0.5,0.015391531,0.06894255889852181
8.69,900.617865134699,0.05123487634516392,0.0,0.2,0.2,20.249999999999996,0.8,0.8,900.0,0.01,0.0,15,0.5,0.015795143,0.06894256872281417
8.700000000000001,900.6178652253049,0.05107534629207173,0.0,0.2,0.2,20.249999999999996,0.8,0.8,900.0,0.01,0.0,15,0.5,0.017176471,0.06894258003263545
8.71,900.6178653294382,0.05092335034364038,0.0,0.2,0.2,20.249999999999996,0.8,0.8,900.0,0.01,0.0,15,0.5,0.014935459,0.06894259312415138
8.72,900.6178654497528,0.05077861282436422,0.0,0.2,0.2,20.249999999999996,0.8,0.8,900.0,0.01,0.0,15,0.5,0.015025579,0.06894260813036655
8.73,900.6178655874752,0.050640872835836945,0.0,0.2,0.2,20.249999999999996,0.8,0.8,900.0,0.01,0.0,15,0.5,0.017453942,0.06894262505111635
8.74,900.6178657426077,0.05050987786273938,0.0,0.2,0.2,20.249999999999996,0.8,0.8,900.0,0.01,0.0,15,0.5,0.014970089,0.06894264377886687
8.75,900.617865914133,0.05038538437483143,0.0,0.2,0.2,20.249999999999996,0.8,0.8,900.0,0.01,0.0,15,0.5,0.014810348,0.06894266409786542
8.76,900.6178661001046,0.050267160434225154,0.0,0.2,0.2,20.249999999999996,0.8,0.8,900.0,0.01,0.0,15,0.5,0.017744334,0.06894268569955202
8.77,900.6178662978616,0.05015498701089426,0.0,0.2,0.2,20.249999999999996,0.8,0.8,900.0,0.01,0.0,15,0.5,0.015274501,0.0689427082203454
8.78,900.6178665044407,0.050048653538719,0.0,0.2,0.2,20.249999999999996,0.8,0.8,900.0,0.01,0.0,15,0.5,0.015214171,0.06894273126471503
8.790000000000001,900.6178667158665,0.04994795584581145,0.0,0.2,0.2,20.249999999999996,0.8,0.8,900.0,0.01,0.0,15,0.5,0.017466222,0.06894275437714038
8.8,900.6178669280247,0.04985270176315901,0.0,0.2,0.2,20.249999999999996,0.8,0.8,900.0,0.01,0.0,15,0.5,0.014948859,0.06894277712906678
8.81,900.6178671371498,0.049762710335113834,0.0,0.2,0.2,20.249999999999996,0.8,0.8,900.0,0.01,0.0,15,0.5,0.015016479,0.06894279917505201
8.82,900.617867340076,0.04967780955802117,0.0,0.2,0.2,20.249999999999996,0.8,0.8,900.0,0.01,0.0,15,0.5,0.01709473,0.06894282027608505
8.83,900.6178675346777,0.049597837103790586,0.0,0.2,0.2,20.249999999999996,0.8,0.8,900.0,0.01,0.0,15,0.5,0.014897189,0.06894284031195111
8.84,900.617867719991,0.04952263775781623,0.0,0.2,0.2,20.249999999999996,0.8,0.8,900.0,0.01,0.0,15,0.5,0.014806118,0.06894285930243663
8.85,900.6178678961529,0.04945204415546513,0.0,0.2,0.2,20.249999999999996,0.8,0.8,900.0,0.01,0.0,15,0.5,0.017581583,0.06894287737176163
8.86,900.6178680642846,0.0493858870042278,0.0,0.2,0.2,20.249999999999996,0.8,0.8,900.0,0.01,0.0,15,0.5,0.01518453,0.06894289470421659
8.870000000000001,900.617868226235,0.04932397692001024,0.0,0.2,0.2,20.249999999999996,0.8,0.8,900.0,0.01,0.0,15,0.5,0.01501365,0.06894291149160175
8.88,900.6178683833804,0.0492660925670553,0.0,0.2,0.2,20.249999999999996,0.8,0.8,900.0,0.01,0.0,15,0.5,0.017716484,0.06894292780697997
8.89,900.6178685363386,0.049212016661620665,0.0,0.2,0.2,20.249999999999996,0.8,0.8,900.0,0.01,0.0,15,0.5,0.01526584,0.06894294359689544
8.9,900.6178686846881,0.04916153669917531,0.0,0.2,0.2,20.249999999999996,0.8,0.8,900.0,0.01,0.0,15,0.5,0.014935118,0.06894295866320868
8.91,900.6178688266967,0.0491144429145888,0.0,0.2,0.2,20.249999999999996,0.8,0.8,900.0,0.01,0.0,15,0.5,0.017606733,0.06894297270159817
8.92,900.6178689595075,0.04907052811893862,0.0,0.2,0.2,20.249999999999996,0.8,0.8,900.0,0.01,0.0,15,0.5,0.014845879,0.06894298536594234
8.93,900.6178690799935,0.049029586939336095,0.0,0.2,0.2,20.249999999999996,0.8,0.8,900.0,0.01,0.0,15,0.5,0.014834018,0.06894299631459425
8.94,900.6178691851097,0.048991415870599346,0.0,0.2,0.2,20.249999999999996,0.8,0.8,900.0,0.01,0.0,15,0.5,0.017243031,0.06894300525836242
8.950000000000001,900.6178692723313,0.048955810981844865,0.0,0.2,0.2,20.249999999999996,0.8,0.8,900.0,0.01,0.0,15,0.5,0.015011949,0.06894301202942338
8.96,900.6178693401259,0.04892256606203445,0.0,0.2,0.2,20.249999999999996,0.8,0.8,900.0,0.01,0.0,15,0.5,0.014926669,0.06894301663615941
8.97,900.6178693885421,0.04889147499947157,0.0,0.2,0.2,20.249999999999996,0.8,0.8,900.0,0.01,0.0,15,0.5,0.017607853,0.0689430192572892
8.98,900.6178694191711,0.04886233467928178,0.0,0.2,0.2,20.249999999999996,0.8,0.8,900.0,0.01,0.0,15,0.5,0.014884939,0.06894302022396298
8.99,900.6178694349928,0.048834945388546144,0.0,0.2,0.2,20.249999999999996,0.8,0.8,900.0,0.01,0.0,15,0.5,0.01508484,0.06894302001618359
9.0,900.617869440321,0.048809110806642485,0.0,0.2,0.2,20.249999999999996,0.8,0.8,900.0,0.01,0.0,15,0.5,0.017793584,0.06894301923493534
9.01,900.6178694405618,0.04878463844182419,0.0,0.2,0.2,20.249999999999996,0.8,0.8,900.0,0.01,0.0,15,0.5,0.014559867,0.06894301855920315
9.02,900.617869441812,0.04876133930032343,0.0,0.2,0.2,20.249999999999996,0.8,0.8,900.0,0.01,0.0,15,0.5,0.014902659,0.06894301868740092
9.03,900.6178694503229,0.0487390277320531,0.0,0.2,0.2,20.249999999999996,0.8,0.8,900.0,0.01,0.0,15,0.5,0.017876334,0.06894302027340124
9.040000000000001,900.6178694719409,0.048717521271619164,0.0,0.2,0.2,20.249999999999996,0.8,0.8,900.0,0.01,0.0,15,0.5,0.01503425,0.06894302386321227
9.05,900.6178695115655,0.048696640633629065,0.0,0.2,0.2,20.249999999999996,0.8,0.8,900.0,0.01,0.0,15,0.5,0.01527482,0.06894302983122232
9.06,900.6178695726322,0.04867620218390106,0.0,0.2,0.2,20.249999999999996,0.8,0.8,900.0,0.01,0.0,15,0.5,0.017838414,0.0689430383994466
9.07,900.6178696570711,0.048655995587517,0.0,0.2,0.2,20.249999999999996,0.8,0.8,900.0,0.01,0.0,15,0.5,0.014959989,0.06894304958376904
9.08,900.6178697649101,0.04863580392250921,0.0,0.2,0.2,20.249999999999996,0.8,0.8,900.0,0.01,0.0,15,0.5,0.014962149,0.06894306315850775
9.09,900.6178698941825,0.04861541394799866,0.0,0.2,0.2,20.249999999999996,0.8,0.8,900.0,0.01,0.0,15,0.5,0.017587043,0.06894307873219
9.1,900.6178700413377,0.048594607985899645,0.0,0.2,0.2,20.249999999999996,0.8,0.8,900.0,0.01,0.0,15,0.5,0.015048,0.06894309580388287
9.11,900.6178702018641,0.048573169815191455,0.0,0.2,0.2,20.249999999999996,0.8,0.8,900.0,0.01,0.0,15,0.5,0.015455511,0.0689431138337944
9.120000000000001,900.6178703709298,0.048550889207382285,0.0,0.2,0.2,20.249999999999996,0.8,0.8,900.0,0.01,0.0,15,0.5,0.017523272,0.06894313232597461
9.13,900.6178705441047,0.048527562936588185,0.0,0.2,0.2,20.249999999999996,0.8,0.8,900.0,0.01,0.0,15,0.5,0.014678907,0.06894315091706324
9.14,900.6178707182087,0.04850299533166757,0.0,0.2,0.2,20.249999999999996,0.8,0.8,900.0,0.01,0.0,15,0.5,0.014719908,0.06894316945323394
9.15,900.6178708920473,0.048476993829117056,0.0,0.2,0.2,20.249999999999996,0.8,0.8,900.0,0.01,0.0,15,0.5,0.017261891,0.06894318805143029
9.16,900.6178710665222,0.04844936278263581,0.0,0.2,0.2,20.249999999999996,0.8,0.8,900.0,0.01,0.0,15,0.5,0.0152024,0.06894320705353522
9.17,900.6178712447108,0.048419912990572245,0.0,0.2,0.2,20.249999999999996,0.8,0.8,900.0,0.01,0.0,15,0.5,0.01500415,0.06894322700546983
9.18,900.6178714314914,0.04838846270782994,0.0,0.2,0.2,20.249999999999996,0.8,0.8,900.0,0.01,0.0,15,0.5,0.017312011,0.06894324858830776
9.19,900.6178716329784,0.048354839506243544,0.0,0.2,0.2,20.249999999999996,0.8,0.8,900.0,0.01,0.0,15,0.5,0.014702978,0.0689432725277146
9.200000000000001,900.6178718556272,0.04831888153533132,0.0,0.2,0.2,20.249999999999996,0.8,0.8,900.0,0.01,0.0,15,0.5,0.015505602,0.06894329951693758
9.21,900.6178721056258,0.04828043619124542,0.0,0.2,0.2,20.249999999999996,0.8,0.8,900.0,0.01,0.0,15,0.5,0.017370902,0.06894333016702839
9.22,900.6178723884418,0.0482393612704261,0.0,0.2,0.2,20.249999999999996,0.8,0.8,900.0,0.01,0.0,15,0.5,0.01518767,0.06894336493018471
9.23,900.6178727081087,0.048195525306074,0.0,0.2,0.2,20.249999999999996,0.8,0.8,900.0,0.01,0.0,15,0.5,0.01521329,0.06894340403569463
9.24,900.6178730666736,0.048148807777272,0.0,0.2,0.2,20.249999999999996,0.8,0.8,900.0,0.01,0.0,15,0.5,0.017655773,0.06894344746036674
9.25,900.6178734639838,0.048099098261606875,0.0,0.2,0.2,20.249999999999996,0.8,0.8,900.0,0.01,0.0,15,0.5,0.01511348,0.06894349492263517
9.26,900.6178738974346,0.04804629527786222,0.0,0.2,0.2,20.249999999999996,0.8,0.8,900.0,0.01,0.0,15,0.5,0.016026805,0.06894354587631435
9.27,900.6178743620862,0.04799030666651659,0.0,0.2,0.2,20.249999999999996,0.8,0.8,900.0,0.01,0.0,15,0.5,0.018149036,0.06894359957495398
9.28,900.6178748512076,0.04793105133064631,0.0,0.2,0.2,20.249999999999996,0.8,0.8,900.0,0.01,0.0,15,0.5,0.014920349,0.06894365514266061
9.290000000000001,900.6178753569428,0.04786846004738145,0.0,0.2,0.2,20.249999999999996,0.8,0.8,900.0,0.01,0.0,15,0.5,0.015340191,0.0689437116593637
9.3,900.6178758710801,0.047802475316364675,0.0,0.2,0.2,20.249999999999996,0.8,0.8,900.0,0.01,0.0,15,0.5,0.017482842,0.06894376825913241
9.31,900.6178763858669,0.04773305034665783,0.0,0.2,0.2,20.249999999999996,0.8,0.8,900.0,0.01,0.0,15,0.5,0.014593318,0.0689438242264975
9.32,900.6178768949295,0.04766014707367347,0.0,0.2,0.2,20.249999999999996,0.8,0.8,900.0,0.01,0.0,15,0.5,0.014964339,0.06894387906390531
9.33,900.6178773937856,0.04758373639627471,0.0,0.2,0.2,20.249999999999996,0.8,0.8,900.0,0.01,0.0,15,0.5,0.01710118,0.06894393252614449
9.34,900.617877880233,0.04750379997477598,0.0,0.2,0.2,20.249999999999996,0.8,0.8,900.0,0.01,0.0,15,0.5,0.014635968,0.06894398464154138
9.35,900.6178783545975,0.047420330650579885,0.0,0.2,0.2,20.249999999999996,0.8,0.8,900.0,0.01,0.0,15,0.5,0.01525388,0.06894403570327506
9.36,900.6178788195733,0.047333329984791034,0.0,0.2,0.2,20.249999999999996,0.8,0.8,900.0,0.01,0.0,15,0.5,0.017439371,0.06894408622015565
9.370000000000001,900.6178792795943,0.047242808343099935,0.0,0.2,0.2,20.249999999999996,0.8,0.8,900.0,0.01,0.0,15,0.5,0.015106539,0.0689441368247161
9.38,900.6178797403761,0.04714878616918118,0.0,0.2,0.2,20.249999999999996,0.8,0.8,900.0,0.01,0.0,15,0.5,0.014886278,0.06894418821416501
9.39,900.617880208118,0.047051290074776486,0.0,0.2,0.2,20.249999999999996,0.8,0.8,900.0,0.01,0.0,15,0.5,0.017765064,0.0689442410530215
9.4,900.6178806887679,0.04695035445106386,0.0,0.2,0.2,20.249999999999996,0.8,0.8,900.0,0.01,0.0,15,0.5,0.014653258,0.06894429591687805
9.41,900.6178811874651,0.0468460192919402,0.0,0.2,0.2,20.249999999999996,0.8,0.8,900.0,0.01,0.0,15,0.5,0.014998109,0.0689443532126178
9.42,900.6178817078137,0.046738331868186815,0.0,0.2,0.2,20.249999999999996,0.8,0.8,900.0,0.01,0.0,15,0.5,0.01699122,0.0689444131101068
9.43,900.6178822513358,0.046627345347470144,0.0,0.2,0.2,20.249999999999996,0.8,0.8,900.0,0.01,0.0,15,0.5,0.014991499,0.06894447552088384
9.44,900.6178828172912,0.04651311800352981,0.0,0.2,0.2,20.249999999999996,0.8,0.8,900.0,0.01,0.0,15,0.5,0.0150405,0.06894454010861599
9.450000000000001,900.6178834025433,0.046395708663239776,0.0,0.2,0.2,20.249999999999996,0.8,0.8,900.0,0.01,0.0,15,0.5,0.017666723,0.06894460630337229
9.46,900.6178840020275,0.04627518256809047,0.0,0.2,0.2,20.249999999999996,0.8,0.8,900.0,0.01,0.0,15,0.5,0.015474292,0.06894467339328125
9.47,900.6178846093551,0.046151610492608276,0.0,0.2,0.2,20.249999999999996,0.8,0.8,900.0,0.01,0.0,15,0.5,0.014889789,0.06894474058620008
9.48,900.6178852173778,0.0460250698687134,0.0,0.2,0.2,20.249999999999996,0.8,0.8,900.0,0.01,0.0,15,0.5,0.017205031,0.06894480709423556
9.49,900.6178858191363,0.04589564460575774,0.0,0.2,0.2,20.249999999999996,0.8,0.8,900.0,0.01,0.0,15,0.5,0.014781558,0.06894487222068287
9.5,900.6178864083328,0.04576342417740566,0.0,0.2,0.2,20.249999999999996,0.8,0.8,900.0,0.01,0.0,15,0.5,0.014869539,0.06894493540640108
9.51,900.61788697994,0.045628503265579844,0.0,0.2,0.2,20.249999999999996,0.8,0.8,900.0,0.01,0.0,15,0.5,0.017587513,0.06894499628807067
9.52,900.6178875307111,0.04549098192245467,0.0,0.2,0.2,20.249999999999996,0.8,0.8,900.0,0.01,0.0,15,0.5,0.01520414,0.06894505473502215
9.53,900.6178880595502,0.04535096504845301,0.0,0.2,0.2,20.249999999999996,0.8,0.8,900.0,0.01,0.0,15,0.5,0.014801508,0.0689451108690377
9.540000000000001,900.6178885675267,0.045208560723346544,0.0,0.2,0.2,20.249999999999996,0.8,0.8,900.0,0.01,0.0,15,0.5,0.017299511,0.06894516502672685
9.55,900.6178890576567,0.04506388048193779,0.0,0.2,0.2,20.249999999999996,0.8,0.8,900.0,0.01,0.0,15,0.5,0.015022869,0.06894521772251734
9.56,900.617889534544,0.0449170384604811,0.0,0.2,0.2,20.249999999999996,0.8,0.8,900.0,0.01,0.0,15,0.5,0.014761748,0.06894526960249565
9.57,900.6178900039871,0.04476815139064836,0.0,0.2,0.2,20.249999999999996,0.8,0.8,900.0,0.01,0.0,15,0.5,0.0170724,0.0689453213797669
9.58,900.6178904723774,0.04461733780568447,0.0,0.2,0.2,20.249999999999996,0.8,0.8,900.0,0.01,0.0,15,0.5,0.014570627,0.06894537375620245
9.59,900.6178909459927,0.04446471770617768,0.0,0.2,0.2,20.249999999999996,0.8,0.8,900.0,0.01,0.0,15,0.5,0.014918059,0.06894542734176856
9.6,900.6178914303244,0.044310412264751575,0.0,0.2,0.2,20.249999999999996,0.8,0.8,900.0,0.01,0.0,15,0.5,0.017168721,0.06894548258870595
9.61,900.6178919293936,0.04415454008980344,0.0,0.2,0.2,20.249999999999996,0.8,0.8,900.0,0.01,0.0,15,0.5,0.015515222,0.06894553972747064
9.620000000000001,900.6178924453114,0.04399721913442131,0.0,0.2,0.2,20.249999999999996,0.8,0.8,900.0,0.01,0.0,15,0.5,0.014885029,0.06894559874992028
9.63,900.6178929779234,0.043838566972255,0.0,0.2,0.2,20.249999999999996,0.8,0.8,900.0,0.01,0.0,15,0.5,0.017217021,0.06894565940146596
9.64,900.617893524933,0.043678701228881386,0.0,0.2,0.2,20.249999999999996,0.8,0.8,900.0,0.01,0.0,15,0.5,0.015410881,0.06894572120412217
9.65,900.6178940820502,0.043517738786743775,0.0,0.2,0.2,20.249999999999996,0.8,0.8,900.0,0.01,0.0,15,0.5,0.015364971,0.06894578349729061
9.66,900.61789464335,0.043355795380713026,0.0,0.2,0.2,20.249999999999996,0.8,0.8,900.0,0.01,0.0,15,0.5,0.017257891,0.06894584549734978
9.67,900.617895201856,0.043192985640550914,0.0,0.2,0.2,20.249999999999996,0.8,0.8,900.0,0.01,0.0,15,0.5,0.014737418,0.06894590635693787
9.68,900.6178957499858,0.04302942107830691,0.0,0.2,0.2,20.249999999999996,0.8,0.8,900.0,0.01,0.0,15,0.5,0.014863758,0.06894596523027514
9.69,900.6178962801353,0.042865208945343895,0.0,0.2,0.2,20.249999999999996,0.8,0.8,900.0,0.01,0.0,15,0.5,0.017476022,0.06894602134112694
9.700000000000001,900.6178967855479,0.042700454432321754,0.0,0.2,0.2,20.249999999999996,0.8,0.8,900.0,0.01,0.0,15,0.5,0.015035899,0.06894607402975887
9.71,900.6178972601615,0.04253525879391704,0.0,0.2,0.2,20.249999999999996,0.8,0.8,900.0,0.01,0.0,15,0.5,0.015518341,0.068946122768083
9.72,900.6178976991589,0.04236972131480662,0.0,0.2,0.2,20.249999999999996,0.8,0.8,900.0,0.01,0.0,15,0.5,0.017418562,0.06894616718057166
9.73,900.6178980991746,0.04220393956473763,0.0,0.2,0.2,20.249999999999996,0.8,0.8,900.0,0.01,0.0,15,0.5,0.015405581,0.06894620706259308
9.74,900.6178984584569,0.04203800882174256,0.0,0.2,0.2,20.249999999999996,0.8,0.8,900.0,0.01,0.0,15,0.5,0.01509015,0.06894624239452735
9.75,900.6178987771278,0.04187201916057762,0.0,0.2,0.2,20.249999999999996,0.8,0.8,900.0,0.01,0.0,15,0.5,0.017285841,0.06894627334193863
9.76,900.617899056317,0.04170605290161608,0.0,0.2,0.2,20.249999999999996,0.8,0.8,900.0,0.01,0.0,15,0.5,0.014917709,0.06894630019984256
9.77,900.6178992986634,0.04154019059141437,0.0,0.2,0.2,20.249999999999996,0.8,0.8,900.0,0.01,0.0,15,0.5,0.01508426,0.0689463233604472
9.78,900.6178995076689,0.041374510429327736,0.0,0.2,0.2,20.249999999999996,0.8,0.8,900.0,0.01,0.0,15,0.5,0.017230851,0.06894634327864606
9.790000000000001,900.6178996874075,0.041209088401422095,0.0,0.2,0.2,20.249999999999996,0.8,0.8,900.0,0.01,0.0,15,0.5,0.014847109,0.06894636044274102
9.8,900.617899842274,0.04104399795463667,0.0,0.2,0.2,20.249999999999996,0.8,0.8,900.0,0.01,0.0,15,0.5,0.01526983,0.0689463753394649
9.81,900.6178999766395,0.040879309761828596,0.0,0.2,0.2,20.249999999999996,0.8,0.8,900.0,0.01,0.0,15,0.5,0.01705678,0.0689463884157117
9.82,900.6179000944715,0.04071509139378267,0.0,0.2,0.2,20.249999999999996,0.8,0.8,900.0,0.01,0.0,15,0.5,0.014762288,0.06894640004127221
9.83,900.6179001990795,0.040551407787773774,0.0,0.2,0.2,20.249999999999996,0.8,0.8,900.0,0.01,0.0,15,0.5,0.014828058,0.06894641048948945
9.84,900.6179002929184,0.04038832173249065,0.0,0.2,0.2,20.249999999999996,0.8,0.8,900.0,0.01,0.0,15,0.5,0.016907209,0.06894641992029638
9.85,900.6179003774226,0.04022589394123051,0.0,0.2,0.2,20.249999999999996,0.8,0.8,900.0,0.01,0.0,15,0.5,0.014855938,0.06894642837030143
9.86,900.6179004529232,0.04006418291882341,0.0,0.2,0.2,20.249999999999996,0.8,0.8,900.0,0.01,0.0,15,0.5,0.014876489,0.06894643575225355
9.870000000000001,900.6179005186207,0.03990324400824922,0.0,0.2,0.2,20.249999999999996,0.8,0.8,900.0,0.01,0.0,15,0.5,0.017245571,0.06894644185881288
9.88,900.6179005726509,0.03974312986888034,0.0,0.2,0.2,20.249999999999996,0.8,0.8,900.0,0.01,0.0,15,0.5,0.014982439,0.0689464463805914
9.89,900.6179006122419,0.03958389109379979,0.0,0.2,0.2,20.249999999999996,0.8,0.8,900.0,0.01,0.0,15,0.5,0.01509852,0.06894644894807733
9.9,900.6179006341366,0.03942557610565362,0.0,0.2,0.2,20.249999999999996,0.8,0.8,900.0,0.01,0.0,15,0.5,0.017505403,0.0689464491723554
9.91,900.6179006349666,0.03926823054744707,0.0,0.2,0.2,20.249999999999996,0.8,0.8,900.0,0.01,0.0,15,0.5,0.014875448,0.06894644667951376
9.92,900.6179006112113,0.03911189705724595,0.0,0.2,0.2,20.249999999999996,0.8,0.8,900.0,0.01,0.0,15,0.5,0.015230071,0.06894644113175966
9.93,900.6179005598868,0.038956616637402984,0.0,0.2,0.2,20.249999999999996,0.8,0.8,900.0,0.01,0.0,15,0.5,0.017176551,0.06894643226104151
9.94,900.6179004785703,0.03880242813558082,0.0,0.2,0.2,20.249999999999996,0.8,0.8,900.0,0.01,0.0,15,0.5,0.015271111,0.06894641989446343
9.950000000000001,900.6179003657019,0.03864936875691328,0.0,0.2,0.2,20.249999999999996,0.8,0.8,900.0,0.01,0.0,15,0.5,0.0152717,0.06894640397115491
9.96,900.6179002207346,0.03849747434131479,0.0,0.2,0.2,20.249999999999996,0.8,0.8,900.0,0.01,0.0,15,0.5,0.01719217,0.06894638454808943
9.97,900.6179000442046,0.03834677914315792,0.0,0.2,0.2,20.249999999999996,0.8,0.8,900.0,0.01,0.0,15,0.5,0.014769348,0.0689463617944403
9.98,900.6178998376812,0.038197315134991416,0.0,0.2,0.2,20.249999999999996,0.8,0.8,900.0,0.01,0.0,15,0.5,0.014977439,0.06894633596784155
9.99,900.6178996034015,0.03804911202788126,0.0,0.2,0.2,20.249999999999996,0.8,0.8,900.0,0.01,0.0,15,0.5,0.017111671,0.0689463073910695
10.0,900.6178993442708,0.03790219852480182,0.0,0.2,0.2,20.249999999999996,0.8,0.8,900.0,0.01,0.0,15,0.5,0.014693217,0.06894627642741487
10.01,900.6178990635321,0.03775660091232862,0.0,0.2,0.2,20.249999999999996,0.8,0.8,900.0,0.01,0.0,15,0.5,0.014994619,0.06894624344168152
10.02,900.6178987644176,0.037612343717256656,0.0,0.2,0.2,20.249999999999996,0.8,0.8,900.0,0.01,0.0,15,0.5,0.017975135,0.06894620876380761
10.03,900.6178984499616,0.037469450690725374,0.0,0.2,0.2,20.249999999999996,0.8,0.8,900.0,0.01,0.0,15,0.5,0.014850088,0.06894617266913912
10.040000000000001,900.6178981225828,0.037327944301695275,0.0,0.2,0.2,20.249999999999996,0.8,0.8,900.0,0.01,0.0,15,0.5,0.01495497,0.06894613534230212
10.05,900.617897783905,0.03718784612471735,0.0,0.2,0.2,20.249999999999996,0.8,0.8,900.0,0.01,0.0,15,0.5,0.017338001,0.0689460968655867
10.06,900.6178974346532,0.0370491770976488,0.0,0.2,0.2,20.249999999999996,0.8,0.8,900.0,0.01,0.0,15,0.5,0.014884199,0.06894605721901229
10.07,900.6178970746422,0.03691195763513912,0.0,0.2,0.2,20.249999999999996,0.8,0.8,900.0,0.01,0.0,15,0.5,0.01505884,0.06894601628609799
10.08,900.6178967028317,0.03677620768004551,0.0,0.2,0.2,20.249999999999996,0.8,0.8,900.0,0.01,0.0,15,0.5,0.017670953,0.06894597386895844
10.09,900.6178963174505,0.036641946695741764,0.0,0.2,0.2,20.249999999999996,0.8,0.8,900.0,0.01,0.0,15,0.5,0.014964479,0.06894592971485536
10.1,900.6178959163481,0.03650919328932253,0.0,0.2,0.2,20.249999999999996,0.8,0.8,900.0,0.01,0.0,15,0.5,0.014735038,0.06894588353671477
10.11,900.6178954971515,0.03637796095251509,0.0,0.2,0.2,20.249999999999996,0.8,0.8,900.0,0.01,0.0,15,0.5,0.017795204,0.06894583505142932
10.120000000000001,900.6178950571214,0.03624825797593011,0.0,0.2,0.2,20.249999999999996,0.8,0.8,900.0,0.01,0.0,15,0.5,0.014891649,0.06894578403736469
10.13,900.6178945941725,0.03612009304992417,0.0,0.2,0.2,20.249999999999996,0.8,0.8,900.0,0.01,0.0,15,0.5,0.01506996,0.06894573033248325
10.14,900.6178941068632,0.035993474255276034,0.0,0.2,0.2,20.249999999999996,0.8,0.8,900.0,0.01,0.0,15,0.5,0.017710603,0.06894567388263823
10.15,900.6178935947369,0.03586840868903402,0.0,0.2,0.2,20.249999999999996,0.8,0.8,900.0,0.01,0.0,15,0.5,0.014844338,0.06894561476609053
10.16,900.6178930585011,0.03574490322691634,0.0,0.2,0.2,20.249999999999996,0.8,0.8,900.0,0.01,0.0,15,0.5,0.015729183,0.06894555319909096
10.17,900.6178925001502,0.035622964586105935,0.0,0.2,0.2,20.249999999999996,0.8,0.8,900.0,0.01,0.0,15,0.5,0.017878675,0.06894548952607711
10.18,900.6178919229751,0.03550259760987598,0.0,0.2,0.2,20.249999999999996,0.8,0.8,900.0,0.01,0.0,15,0.5,0.01521054,0.06894542419815079
10.19,900.6178913308197,0.03538380270109864,0.0,0.2,0.2,20.249999999999996,0.8,0.8,900.0,0.01,0.0,15,0.5,0.015283511,0.06894535776170935
10.200000000000001,900.6178907285619,0.035266581451546285,0.0,0.2,0.2,20.249999999999996,0.8,0.8,900.0,0.01,0.0,15,0.5,0.018053405,0.06894529080575285
10.21,900.6178901214947,0.035150935732811764,0.0,0.2,0.2,20.249999999999996,0.8,0.8,900.0,0.01,0.0,15,0.5,0.015013669,0.06894522391487493
10.22,900.6178895148647,0.035036867415997264,0.0,0.2,0.2,20.249999999999996,0.8,0.8,900.0,0.01,0.0,15,0.5,0.015291981,0.068945157628033
10.23,900.6178889135018,0.03492437828327724,0.0,0.2,0.2,20.249999999999996,0.8,0.8,900.0,0.01,0.0,15,0.5,0.017523252,0.0689450923982292
10.24,900.6178883214965,0.03481346992578841,0.0,0.2,0.2,20.249999999999996,0.8,0.8,900.0,0.01,0.0,15,0.5,0.014956549,0.06894502855641528
10.25,900.617887741897,0.03470414278648039,0.0,0.2,0.2,20.249999999999996,0.8,0.8,900.0,0.01,0.0,15,0.5,0.0151178,0.068944966302637
10.26,900.6178871765214,0.03459638874463896,0.0,0.2,0.2,20.249999999999996,0.8,0.8,900.0,0.01,0.0,15,0.5,0.017722133,0.06894490570391466
10.27,900.6178866258242,0.03449019082979841,0.0,0.2,0.2,20.249999999999996,0.8,0.8,900.0,0.01,0.0,15,0.5,0.014838468,0.06894484665245872
10.28,900.6178860888328,0.034385531925446924,0.0,0.2,0.2,20.249999999999996,0.8,0.8,900.0,0.01,0.0,15,0.5,0.01505476,0.06894478889426704
10.290000000000001,900.6178855632704,0.034282394882328794,0.0,0.2,0.2,20.249999999999996,0.8,0.8,900.0,0.01,0.0,15,0.5,0.017432742,0.06894473205463576
10.3,900.6178850457799,0.034180762672175645,0.0,0.2,0.2,20.249999999999996,0.8,0.8,900.0,0.01,0.0,15,0.5,0.01526883,0.06894467568028491
10.31,900.6178845323045,0.03408061836950149,0.0,0.2,0.2,20.249999999999996,0.8,0.8,900.0,0.01,0.0,15,0.5,0.01519543,0.0689446192905116
10.32,900.6178840185851,0.03398194506869122,0.0,0.2,0.2,20.249999999999996,0.8,0.8,900.0,0.01,0.0,15,0.5,0.017786764,0.06894456243269846
10.33,900.6178835006085,0.03388472337205075,0.0,0.2,0.2,20.249999999999996,0.8,0.8,900.0,0.01,0.0,15,0.5,0.015370291,0.06894450473472473
10.34,900.6178829750197,0.033788930689171603,0.0,0.2,0.2,20.249999999999996,0.8,0.8,900.0,0.01,0.0,15,0.5,0.014815079,0.06894444593643567
10.35,900.6178824394742,0.03369454352311211,0.0,0.2,0.2,20.249999999999996,0.8,0.8,900.0,0.01,0.0,15,0.5,0.017738183,0.06894438591558781
10.36,900.6178818928938,0.03360153688424228,0.0,0.2,0.2,20.249999999999996,0.8,0.8,900.0,0.01,0.0,15,0.5,0.015450241,0.06894432469260414
10.370000000000001,900.6178813354643,0.03350988538483146,0.0,0.2,0.2,20.249999999999996,0.8,0.8,900.0,0.01,0.0,15,0.5,0.014966739,0.06894426242472179
10.38,900.6178807686008,0.03341956374457214,0.0,0.2,0.2,20.249999999999996,0.8,0.8,900.0,0.01,0.0,15,0.5,0.017418263,0.06894419939184722
10.39,900.6178801948181,0.033330546862732686,0.0,0.2,0.2,20.249999999999996,0.8,0.8,900.0,0.01,0.0,15,0.5,0.014838608,0.06894413597048088
10.4,900.6178796174898,0.03324280989144248,0.0,0.2,0.2,20.249999999999996,0.8,0.8,900.0,0.01,0.0,15,0.5,0.015270671,0.0689440725952556
10.41,900.6178790405222,0.033156328257576466,0.0,0.2,0.2,20.249999999999996,0.8,0.8,900.0,0.01,0.0,15,0.5,0.018169796,0.06894400971706294
10.42,900.6178784681081,0.033071077580783426,0.0,0.2,0.2,20.249999999999996,0.8,0.8,900.0,0.01,0.0,15,0.5,0.014643428,0.06894394777063494
10.43,900.6178779043138,0.03298703070963721,0.0,0.2,0.2,20.249999999999996,0.8,0.8,900.0,0.01,0.0,15,0.5,0.014981749,0.06894388714295861
10.44,900.6178773522793,0.032904157779331276,0.0,0.2,0.2,20.249999999999996,0.8,0.8,900.0,0.01,0.0,15,0.5,0.018202736,0.06894382814032948
10.450000000000001,900.6178768147876,0.0328224293509982,0.0,0.2,0.2,20.249999999999996,0.8,0.8,900.0,0.01,0.0,15,0.5,0.014740058,0.06894377097122399
10.46,900.6178762936831,0.03274181511955163,0.0,0.2,0.2,20.249999999999996,0.8,0.8,900.0,0.01,0.0,15,0.5,0.015484022,0.06894371572760848
10.47,900.6178757897997,0.03266228401508542,0.0,0.2,0.2,20.249999999999996,0.8,0.8,900.0,0.01,0.0,15,0.5,0.017350402,0.06894366238068174
10.48,900.6178753028586,0.03258380426887671,0.0,0.2,0.2,20.249999999999996,0.8,0.8,900.0,0.01,0.0,15,0.5,0.015943644,0.06894361078938215
10.49,900.6178748316161,0.03250634444077972,0.0,0.2,0.2,20.249999999999996,0.8,0.8,900.0,0.01,0.0,15,0.5,0.015690673,0.06894356072966908
10.5,900.6178743740633,0.032429873138434415,0.0,0.2,0.2,20.249999999999996,0.8,0.8,900.0,0.01,0.0,15,0.5,0.017966095,0.06894351191960328
10.51,900.6178739276806,0.03235435874301588,0.0,0.2,0.2,20.249999999999996,0.8,0.8,900.0,0.01,0.0,15,0.5,0.015461201,0.06894346404931335
10.52,900.6178734897035,0.03227976989806067,0.0,0.2,0.2,20.249999999999996,0.8,0.8,900.0,0.01,0.0,15,0.5,0.015446822,0.06894341681718374
10.53,900.6178730574818,0.03220607522868703,0.0,0.2,0.2,20.249999999999996,0.8,0.8,900.0,0.01,0.0,15,0.5,0.017553093,0.06894336996438058
10.540000000000001,900.6178726286752,0.032133242374789615,0.0,0.2,0.2,20.249999999999996,0.8,0.8,900.0,0.01,0.0,15,0.5,0.014844438,0.06894332329171748
10.55,900.6178722014766,0.03206123901984475,0.0,0.2,0.2,20.249999999999996,0.8,0.8,900.0,0.01,0.0,15,0.5,0.014816738,0.06894327668085021
10.56,900.6178717748301,0.03199003288286348,0.0,0.2,0.2,20.249999999999996,0.8,0.8,900.0,0.01,0.0,15,0.5,0.018219766,0.06894323010813301
10.57,900.6178713485393,0.031919592312189875,0.0,0.2,0.2,20.249999999999996,0.8,0.8,900.0,0.01,0.0,15,0.5,0.01525387,0.06894318364427494
10.58,900.617870923243,0.03184988641519483,0.0,0.2,0.2,20.249999999999996,0.8,0.8,900.0,0.01,0.0,15,0.5,0.015835163,0.06894313743894051
10.59,900.6178705003008,0.03178088524015535,0.0,0.2,0.2,20.249999999999996,0.8,0.8,900.0,0.01,0.0,15,0.5,0.017234321,0.06894309170645217
10.6,900.6178700816268,0.031712558451149876,0.0,0.2,0.2,20.249999999999996,0.8,0.8,900.0,0.01,0.0,15,0.5,0.014594757,0.06894304670448777
10.61,900.6178696695441,0.031644875584130754,0.0,0.2,0.2,20.249999999999996,0.8,0.8,900.0,0.01,0.0,15,0.5,0.01521834,0.06894300270772039
10.620000000000001,900.6178692664903,0.03157780701918785,0.0,0.2,0.2,20.249999999999996,0.8,0.8,900.0,0.01,0.0,15,0.5,0.017987705,0.06894295998169449
10.63,900.6178688749263,0.03151132404040276,0.0,0.2,0.2,20.249999999999996,0.8,0.8,900.0,0.01,0.0,15,0.5,0.016468767,0.06894291879319824
10.64,900.6178684972325,0.03144539023230062,0.0,0.2,0.2,20.249999999999996,0.8,0.8,900.0,0.01,0.0,15,0.5,0.016364777,0.06894287934509731
10.65,900.6178681351397,0.03137996679945184,0.0,0.2,0.2,20.249999999999996,0.8,0.8,900.0,0.01,0.0,15,0.5,0.018401687,0.06894284172322356
10.66,900.6178677894106,0.03131501606352964,0.0,0.2,0.2,20.249999999999996,0.8,0.8,900.0,0.01,0.0,15,0.5,0.016159846,0.0689428059066482
10.67,900.617867459846,0.031250501379583615,0.0,0.2,0.2,20.249999999999996,0.8,0.8,900.0,0.01,0.0,15,0.5,0.016670548,0.06894277178747274
10.68,900.6178671454857,0.031186387650466614,0.0,0.2,0.2,20.249999999999996,0.8,0.8,900.0,0.01,0.0,15,0.5,0.018586168,0.06894273918609374
10.69,900.6178668446604,0.03112264144147649,0.0,0.2,0.2,20.249999999999996,0.8,0.8,900.0,0.01,0.0,15,0.5,0.01524624,0.06894270785536877
10.700000000000001,900.617866555042,0.031059231187927312,0.0,0.2,0.2,20.249999999999996,0.8,0.8,900.0,0.01,0.0,15,0.5,0.014927669,0.06894267749889606
10.71,900.6178662741504,0.030996127475249383,0.0,0.2,0.2,20.249999999999996,0.8,0.8,900.0,0.01,0.0,15,0.5,0.018376247,0.0689426478160191
10.72,900.6178659993383,0.030933302604420825,0.0,0.2,0.2,20.249999999999996,0.8,0.8,900.0,0.01,0.0,15,0.5,0.014645128,0.06894261851182647
10.73,900.6178657279225,0.03087073012107961,0.0,0.2,0.2,20.249999999999996,0.8,0.8,900.0,0.01,0.0,15,0.5,0.015077069,0.06894258931881969
10.74,900.6178654575076,0.030808385325096287,0.0,0.2,0.2,20.249999999999996,0.8,0.8,900.0,0.01,0.0,15,0.5,0.017866454,0.068942560019694
10.75,900.6178651861343,0.03074624558761094,0.0,0.2,0.2,20.249999999999996,0.8,0.8,900.0,0.01,0.0,15,0.5,0.014898559,0.06894253046490649
10.76,900.6178649124673,0.03068429057888153,0.0,0.2,0.2,20.249999999999996,0.8,0.8,900.0,0.01,0.0,15,0.5,0.015401491,0.06894250058759269
10.77,900.6178646359108,0.03062250197080598,0.0,0.2,0.2,20.249999999999996,0.8,0.8,900.0,0.01,0.0,15,0.5,0.017965544,0.06894247041001407
10.78,900.6178643566783,0.030560863528947626,0.0,0.2,0.2,20.249999999999996,0.8,0.8,900.0,0.01,0.0,15,0.5,0.01512516,0.06894244004163456
10.790000000000001,900.6178640757395,0.030499361248995587,0.0,0.2,0.2,20.249999999999996,0.8,0.8,900.0,0.01,0.0,15,0.5,0.014685827,0.06894240967106333
10.8,900.6178637948162,0.030437983596331705,0.0,0.2,0.2,20.249999999999996,0.8,0.8,900.0,0.01,0.0,15,0.5,0.017396902,0.06894237955523719
10.81,900.6178635162049,0.030376721318073955,0.0,0.2,0.2,20.249999999999996,0.8,0.8,900.0,0.01,0.0,15,0.5,0.014760858,0.06894234999483459
10.82,900.6178632425772,0.03031556779496024,0.0,0.2,0.2,20.249999999999996,0.8,0.8,900.0,0.01,0.0,15,0.5,0.015222371,0.06894232130922419
10.83,900.6178629768065,0.03025451921764762,0.0,0.2,0.2,20.249999999999996,0.8,0.8,900.0,0.01,0.0,15,0.5,0.017389691,0.06894229381248267
10.84,900.6178627216881,0.03019357467367122,0.0,0.2,0.2,20.249999999999996,0.8,0.8,900.0,0.01,0.0,15,0.5,0.015097899,0.06894226778879994
10.85,900.6178624797772,0.030132736297281717,0.0,0.2,0.2,20.249999999999996,0.8,0.8,900.0,0.01,0.0,15,0.5,0.014914658,0.06894224347073132
10.86,900.6178622531622,0.03007200924878516,0.0,0.2,0.2,20.249999999999996,0.8,0.8,900.0,0.01,0.0,15,0.5,0.017620403,0.06894222101890878
10.870000000000001,900.6178620432759,0.03001140166385358,0.0,0.2,0.2,20.249999999999996,0.8,0.8,900.0,0.01,0.0,15,0.5,0.015364491,0.06894220051030782
10.88,900.6178618508178,0.02995092441357962,0.0,0.2,0.2,20.249999999999996,0.8,0.8,900.0,0.01,0.0,15,0.5,0.015651873,0.06894218193373142
10.89,900.6178616756755,0.029890590580775412,0.0,0.2,0.2,20.249999999999996,0.8,0.8,900.0,0.01,0.0,15,0.5,0.017774524,0.0689421651876482
10.9,900.6178615169277,0.029830416022544236,0.0,0.2,0.2,20.249999999999996,0.8,0.8,900.0,0.01,0.0,15,0.5,0.01510579,0.06894215008812607
10.91,900.6178613729301,0.029770419601460842,0.0,0.2,0.2,20.249999999999996,0.8,0.8,900.0,0.01,0.0,15,0.5,0.01526198,0.06894213638677398
10.92,900.6178612414552,0.029710623130925738,0.0,0.2,0.2,20.249999999999996,0.8,0.8,900.0,0.01,0.0,15,0.5,0.017460272,0.06894212378996888
10.93,900.6178611198999,0.02965105108627934,0.0,0.2,0.2,20.249999999999996,0.8,0.8,900.0,0.01,0.0,15,0.5,0.015063559,0.06894211198193556
10.94,900.6178610054602,0.02959172992504609,0.0,0.2,0.2,20.249999999999996,0.8,0.8,900.0,0.01,0.0,15,0.5,0.015389151,0.06894210063885448
10.950000000000001,900.6178608951819,0.029532688053650242,0.0,0.2,0.2,20.249999999999996,0.8,0.8,900.0,0.01,0.0,15,0.5,0.017638823,0.06894208944452151
10.96,900.6178607862253,0.02947395683817627,0.0,0.2,0.2,20.249999999999996,0.8,0.8,900.0,0.01,0.0,15,0.5,0.01513634,0.06894207812066899
10.97,900.6178606761114,0.029415570621227863,0.0,0.2,0.2,20.249999999999996,0.8,0.8,900.0,0.01,0.0,15,0.5,0.015436311,0.06894206644669179
10.98,900.6178605628704,0.02935756655515418,0.0,0.2,0.2,20.249999999999996,0.8,0.8,900.0,0.01,0.0,15,0.5,0.017874224,0.06894205426950871
10.99,900.6178604451203,0.029299984547575257,0.0,0.2,0.2,20.249999999999996,0.8,0.8,900.0,0.01,0.0,15,0.5,0.014847618,0.0689420415067773
11.0,900.617860322117,0.029242867294909897,0.0,0.2,0.2,20.249999999999996,0.8,0.8,900.0,0.01,0.0,15,0.5,0.014971849,0.06894202815146497
11.01,900.6178601938037,0.02918625999980363,0.0,0.2,0.2,20.249999999999996,0.8,0.8,900.0,0.01,0.0,15,0.5,0.017002249,0.06894201426706356
11.02,900.6178600607502,0.029130210452087447,0.0,0.2,0.2,20.249999999999996,0.8,0.8,900.0,0.01,0.0,15,0.5,0.014808428,0.06894199998205423
11.03,900.6178599241525,0.029074768716442104,0.0,0.2,0.2,20.249999999999996,0.8,0.8,900.0,0.01,0.0,15,0.5,0.014904148,0.06894198548787586
11.040000000000001,900.6178597857111,0.02901998495493902,0.0,0.2,0.2,20.249999999999996,0.8,0.8,900.0,0.01,0.0,15,0.5,0.017534602,0.0689419710081437
11.05,900.617859647428,0.028965909677152332,0.0,0.2,0.2,20.249999999999996,0.8,0.8,900.0,0.01,0.0,15,0.5,0.014888489,0.068941956780357
11.06,900.6178595114519,0.02891259407837275,0.0,0.2,0.2,20.249999999999996,0.8,0.8,900.0,0.01,0.0,15,0.5,0.015363361,0.06894194304273493
11.07,900.6178593799573,0.028860090611105175,0.0,0.2,0.2,20.249999999999996,0.8,0.8,900.0,0.01,0.0,15,0.5,0.017379542,0.06894193002520127
11.08,900.617859254937,0.02880845263336622,0.0,0.2,0.2,20.249999999999996,0.8,0.8,900.0,0.01,0.0,15,0.5,0.01503241,0.06894191792848037
11.09,900.6178591381929,0.028757735359099406,0.0,0.2,0.2,20.249999999999996,0.8,0.8,900.0,0.01,0.0,15,0.5,0.015841604,0.068941906912915
11.1,900.6178590311616,0.028707995945666934,0.0,0.2,0.2,20.249999999999996,0.8,0.8,900.0,0.01,0.0,15,0.5,0.017773994,0.06894189708452157
11.11,900.6178589347945,0.02865929341361376,0.0,0.2,0.2,20.249999999999996,0.8,0.8,900.0,0.01,0.0,15,0.5,0.014746558,0.06894188848888624
11.120000000000001,900.6178588495019,0.02861168814310642,0.0,0.2,0.2,20.249999999999996,0.8,0.8,900.0,0.01,0.0,15,0.5,0.015664333,0.06894188110744187
11.13,900.6178587751343,0.0285652420418097,0.0,0.2,0.2,20.249999999999996,0.8,0.8,900.0,0.01,0.0,15,0.5,0.017452602,0.06894187486614473
11.14,900.617858711029,0.028520017527779745,0.0,0.2,0.2,20.249999999999996,0.8,0.8,900.0,0.01,0.0,15,0.5,0.014980639,0.0689418696423501
11.15,900.6178586561998,0.028476077828981563,0.0,0.2,0.2,20.249999999999996,0.8,0.8,900.0,0.01,0.0,15,0.5,0.01522457,0.0689418652895102
11.16,900.617858609298,0.028433484466192836,0.0,0.2,0.2,20.249999999999996,0.8,0.8,900.0,0.01,0.0,15,0.5,0.017533382,0.0689418616444223
11.17,900.6178585687957,0.028392299172332425,0.0,0.2,0.2,20.249999999999996,0.8,0.8,900.0,0.01,0.0,15,0.5,0.01515269,0.06894185854064874
11.18,900.6178585332315,0.02835258477628921,0.0,0.2,0.2,20.249999999999996,0.8,0.8,900.0,0.01,0.0,15,0.5,0.014973289,0.068941855822575
11.19,900.6178585011988,0.028314404778735654,0.0,0.2,0.2,20.249999999999996,0.8,0.8,900.0,0.01,0.0,15,0.5,0.017338802,0.0689418533561101
11.200000000000001,900.6178584714934,0.02827782347830018,0.0,0.2,0.2,20.249999999999996,0.8,0.8,900.0,0.01,0.0,15,0.5,0.014699817,0.06894185103474479
11.21,900.6178584431779,0.02824290595750609,0.0,0.2,0.2,20.249999999999996,0.8,0.8,900.0,0.01,0.0,15,0.5,0.0151247,0.06894184878201837
11.22,900.6178584155697,0.028209717172811403,0.0,0.2,0.2,20.249999999999996,0.8,0.8,900.0,0.01,0.0,15,0.5,0.017471632,0.06894184655480504
11.23,900.6178583882597,0.028178322409876576,0.0,0.2,0.2,20.249999999999996,0.8,0.8,900.0,0.01,0.0,15,0.5,0.015923754,0.06894184434356386
11.24,900.6178583611585,0.028148787857091215,0.0,0.2,0.2,20.249999999999996,0.8,0.8,900.0,0.01,0.0,15,0.5,0.015448192,0.06894184216759389
11.25,900.6178583344487,0.028121180420098087,0.0,0.2,0.2,20.249999999999996,0.8,0.8,900.0,0.01,0.0,15,0.5,0.017753384,0.06894184006951948
11.26,900.6178583087027,0.028095565976463437,0.0,0.2,0.2,20.249999999999996,0.8,0.8,900.0,0.01,0.0,15,0.5,0.014739718,0.06894183813686404
11.27,900.6178582845768,0.02807199670092749,0.0,0.2,0.2,20.249999999999996,0.8,0.8,900.0,0.01,0.0,15,0.5,0.015359721,0.06894183643178045
11.28,900.6178582625523,0.028050522137721443,0.0,0.2,0.2,20.249999999999996,0.8,0.8,900.0,0.01,0.0,15,0.5,0.017769704,0.06894183500146386
11.290000000000001,900.6178582430668,0.028031193067308703,0.0,0.2,0.2,20.249999999999996,0.8,0.8,900.0,0.01,0.0,15,0.5,0.015605463,0.0689418338923142
11.3,900.6178582265436,0.028014061449258085,0.0,0.2,0.2,20.249999999999996,0.8,0.8,900.0,0.01,0.0,15,0.5,0.015121669,0.06894183314373047
11.31,900.6178582133577,0.02799918028405069,0.0,0.2,0.2,20.249999999999996,0.8,0.8,900.0,0.01,0.0,15,0.5,0.017351611,0.06894183278213521
11.32,900.6178582037236,0.027986603396685295,0.0,0.2,0.2,20.249999999999996,0.8,0.8,900.0,0.01,0.0,15,0.5,0.015616762,0.06894183281631862
11.33,900.6178581977275,0.02797638563995745,0.0,0.2,0.2,20.249999999999996,0.8,0.8,900.0,0.01,0.0,15,0.5,0.01513097,0.06894183324108676
11.34,900.617858195334,0.0279685825470556,0.0,0.2,0.2,20.249999999999996,0.8,0.8,900.0,0.01,0.0,15,0.5,0.017418092,0.06894183403815862
11.35,900.6178581963601,0.027963250303003683,0.0,0.2,0.2,20.249999999999996,0.8,0.8,900.0,0.01,0.0,15,0.5,0.014785428,0.06894183518363958
11.36,900.617858200602,0.02796044640341252,0.0,0.2,0.2,20.249999999999996,0.8,0.8,900.0,0.01,0.0,15,0.5,0.014988409,0.06894183665726313
11.370000000000001,900.6178582078794,0.027960229703753538,0.0,0.2,0.2,20.249999999999996,0.8,0.8,900.0,0.01,0.0,15,0.5,0.017921985,0.06894183844586149
11.38,900.6178582180929,0.027962660495313173,0.0,0.2,0.2,20.249999999999996,0.8,0.8,900.0,0.01,0.0,15,0.5,0.015000659,0.06894184054737335
11.39,900.6178582312508,0.027967800425597693,0.0,0.2,0.2,20.249999999999996,0.8,0.8,900.0,0.01,0.0,15,0.5,0.015451371,0.06894184298881365
11.4,900.6178582477312,0.027975709911652675,0.0,0.2,0.2,20.249999999999996,0.8,0.8,900.0,0.01,0.0,15,0.5,0.017916224,0.0689418458537798
11.41,900.6178582681465,0.02798644435174243,0.0,0.2,0.2,20.249999999999996,0.8,0.8,900.0,0.01,0.0,15,0.5,0.015333091,0.06894184922874656
11.42,900.6178582932625,0.02800006019162265,0.0,0.2,0.2,20.249999999999996,0.8,0.8,900.0,0.01,0.0,15,0.5,0.015397811,0.06894185320094047
11.43,900.6178583238594,0.02801661535198249,0.0,0.2,0.2,20.249999999999996,0.8,0.8,900.0,0.01,0.0,15,0.5,0.017747604,0.06894185785279568
11.44,900.6178583606766,0.028036169502292416,0.0,0.2,0.2,20.249999999999996,0.8,0.8,900.0,0.01,0.0,15,0.5,0.015386531,0.06894186326148334
11.450000000000001,900.6178584044904,0.02805878396281115,0.0,0.2,0.2,20.249999999999996,0.8,0.8,900.0,0.01,0.0,15,0.5,0.01514131,0.06894186953689499
11.46,900.6178584563318,0.02808451283431055,0.0,0.2,0.2,20.249999999999996,0.8,0.8,900.0,0.01,0.0,15,0.5,0.017344892,0.06894187678953549
11.47,900.6178585172038,0.028113404264983113,0.0,0.2,0.2,20.249999999999996,0.8,0.8,900.0,0.01,0.0,15,0.5,0.014838148,0.068941885089485
11.48,900.6178585877254,0.028145495338279487,0.0,0.2,0.2,20.249999999999996,0.8,0.8,900.0,0.01,0.0,15,0.5,0.014693337,0.06894189442540617
11.49,900.6178586676607,0.028180815842540466,0.0,0.2,0.2,20.249999999999996,0.8,0.8,900.0,0.01,0.0,15,0.5,0.018214607,0.06894190469290433
11.5,900.6178587560844,0.02821939616022934,0.0,0.2,0.2,20.249999999999996,0.8,0.8,900.0,0.01,0.0,15,0.5,0.015075099,0.06894191573481047
11.51,900.6178588515802,0.02826126648154961,0.0,0.2,0.2,20.249999999999996,0.8,0.8,900.0,0.01,0.0,15,0.5,0.015055799,0.06894192734612553
11.52,900.6178589523707,0.028306457579397686,0.0,0.2,0.2,20.249999999999996,0.8,0.8,900.0,0.01,0.0,15,0.5,0.017780064,0.06894193931072605
11.53,900.6178590565343,0.02835499299245679,0.0,0.2,0.2,20.249999999999996,0.8,0.8,900.0,0.01,0.0,15,0.5,0.01520572,0.06894195140665259
11.540000000000001,900.6178591620112,0.028406891589092445,0.0,0.2,0.2,20.249999999999996,0.8,0.8,900.0,0.01,0.0,15,0.5,0.014859839,0.06894196340103045
11.55,900.6178592667154,0.028462172164620866,0.0,0.2,0.2,20.249999999999996,0.8,0.8,900.0,0.01,0.0,15,0.5,0.017965505,0.06894197507801914
11.56,900.6178593687351,0.028520853409477406,0.0,0.2,0.2,20.249999999999996,0.8,0.8,900.0,0.01,0.0,15,0.5,0.015306101,0.06894198626142917
11.57,900.617859466487,0.02858295363798797,0.0,0.2,0.2,20.249999999999996,0.8,0.8,900.0,0.01,0.0,15,0.5,0.014735108,0.06894199681996102
11.58,900.6178595588091,0.02864849082547857,0.0,0.2,0.2,20.249999999999996,0.8,0.8,900.0,0.01,0.0,15,0.5,0.017296382,0.06894200667032846
11.59,900.6178596449611,0.028717482084564466,0.0,0.2,0.2,20.249999999999996,0.8,0.8,900.0,0.01,0.0,15,0.5,0.015570202,0.06894201576918409
11.6,900.6178597245512,0.02878994389493197,0.0,0.2,0.2,20.249999999999996,0.8,0.8,900.0,0.01,0.0,15,0.5,0.0151597,0.06894202411169888
11.61,900.6178597975382,0.028865891866801854,0.0,0.2,0.2,20.249999999999996,0.8,0.8,900.0,0.01,0.0,15,0.5,0.017900164,0.06894203172756924
11.620000000000001,900.6178598641495,0.028945339824453267,0.0,0.2,0.2,20.249999999999996,0.8,0.8,900.0,0.01,0.0,15,0.5,0.014934559,0.06894203867513625
11.63,900.6178599249012,0.029028301575571066,0.0,0.2,0.2,20.249999999999996,0.8,0.8,900.0,0.01,0.0,15,0.5,0.0150666,0.06894204504400361
11.64,900.6178599806049,0.029114790501953584,0.0,0.2,0.2,20.249999999999996,0.8,0.8,900.0,0.01,0.0,15,0.5,0.017764314,0.06894205095034789
11.65,900.6178600322959,0.029204819679232327,0.0,0.2,0.2,20.249999999999996,0.8,0.8,900.0,0.01,0.0,15,0.5,0.014886688,0.06894205653279141
11.66,900.6178600812287,0.029298402597910056,0.0,0.2,0.2,20.249999999999996,0.8,0.8,900.0,0.01,0.0,15,0.5,0.014879688,0.06894206195074377
11.67,900.6178601288976,0.029395551905814853,0.0,0.2,0.2,20.249999999999996,0.8,0.8,900.0,0.01,0.0,15,0.5,0.017599603,0.068942067396177
11.68,900.6178601769741,0.029496274743110187,0.0,0.2,0.2,20.249999999999996,0.8,0.8,900.0,0.01,0.0,15,0.5,0.014928649,0.06894207305897493
11.69,900.6178602271538,0.02960057768532405,0.0,0.2,0.2,20.249999999999996,0.8,0.8,900.0,0.01,0.0,15,0.5,0.015014969,0.06894207912506296
11.700000000000001,900.6178602811032,0.029708467300866338,0.0,0.2,0.2,20.249999999999996,0.8,0.8,900.0,0.01,0.0,15,0.5,0.018250966,0.06894208576321685
11.71,900.617860340327,0.029819950411628562,0.0,0.2,0.2,20.249999999999996,0.8,0.8,900.0,0.01,0.0,15,0.5,0.014918759,0.06894209310583949
11.72,900.6178604060265,0.02993503439265034,0.0,0.2,0.2,20.249999999999996,0.8,0.8,900.0,0.01,0.0,15,0.5,0.014939009,0.06894210123306958
11.73,900.6178604789105,0.030053725397994877,0.0,0.2,0.2,20.249999999999996,0.8,0.8,900.0,0.01,0.0,15,0.5,0.017316402,0.0689421101362458
11.74,900.617860558874,0.030176029214761525,0.0,0.2,0.2,20.249999999999996,0.8,0.8,900.0,0.01,0.0,15,0.5,0.014806618,0.068942119715187
11.75,900.6178606450117,0.030301952048478405,0.0,0.2,0.2,20.249999999999996,0.8,0.8,900.0,0.01,0.0,15,0.5,0.01502663,0.06894212979265865
11.76,900.617860735807,0.030431500730649607,0.0,0.2,0.2,20.249999999999996,0.8,0.8,900.0,0.01,0.0,15,0.5,0.017647483,0.06894214015248348
11.77,900.617860829307,0.030564676773438708,0.0,0.2,0.2,20.249999999999996,0.8,0.8,900.0,0.01,0.0,15,0.5,0.015021589,0.0689421505262092
11.78,900.6178609230218,0.030701479558558415,0.0,0.2,0.2,20.249999999999996,0.8,0.8,900.0,0.01,0.0,15,0.5,0.014984639,0.06894216058332271
11.790000000000001,900.6178610139943,0.030841909494025457,0.0,0.2,0.2,20.249999999999996,0.8,0.8,900.0,0.01,0.0,15,0.5,0.017804724,0.0689421699611489
11.8,900.6178610989689,0.030985968055696526,0.0,0.2,0.2,20.249999999999996,0.8,0.8,900.0,0.01,0.0,15,0.5,0.015321421,0.06894217829784809
11.81,900.6178611746938,0.0311336579832583,0.0,0.2,0.2,20.249999999999996,0.8,0.8,900.0,0.01,0.0,15,0.5,0.015279961,0.06894218526232902
11.82,900.6178612382371,0.0312849831839979,0.0,0.2,0.2,20.249999999999996,0.8,0.8,900.0,0.01,0.0,15,0.5,0.017257021,0.06894219058296538
11.83,900.617861287207,0.03143994580858799,0.0,0.2,0.2,20.249999999999996,0.8,0.8,900.0,0.01,0.0,15,0.5,0.014854219,0.0689421940686489
11.84,900.6178613198506,0.0315985439750236,0.0,0.2,0.2,20.249999999999996,0.8,0.8,900.0,0.01,0.0,15,0.5,0.014860569,0.06894219562738557
11.85,900.617861335473,0.03176077347172233,0.0,0.2,0.2,20.249999999999996,0.8,0.8,900.0,0.01,0.0,15,0.5,0.017401381,0.06894219531104216
11.86,900.6178613344998,0.03192661780855224,0.0,0.2,0.2,20.249999999999996,0.8,0.8,900.0,0.01,0.0,15,0.5,0.014855669,0.0689421932762616
11.870000000000001,900.6178613183049,0.032096050408457096,0.0,0.2,0.2,20.249999999999996,0.8,0.8,900.0,0.01,0.0,15,0.5,0.014996969,0.06894218977699014
11.88,900.6178612891019,0.032269041363889125,0.0,0.2,0.2,20.249999999999996,0.8,0.8,900.0,0.01,0.0,15,0.5,0.017494652,0.06894218514524182
11.89,900.6178612498937,0.032445560996886204,0.0,0.2,0.2,20.249999999999996,0.8,0.8,900.0,0.01,0.0,15,0.5,0.014965949,0.06894217976559139
11.9,900.6178612041044,0.03262557949323801,0.0,0.2,0.2,20.249999999999996,0.8,0.8,900.0,0.01,0.0,15,0.5,0.015303451,0.06894217402912195
11.91,900.6178611552223,0.03280906758490353,0.0,0.2,0.2,20.249999999999996,0.8,0.8,900.0,0.01,0.0,15,0.5,0.017510893,0.06894216829830109
11.92,900.6178611064984,0.032995996927241256,0.0,0.2,0.2,20.249999999999996,0.8,0.8,900.0,0.01,0.0,15,0.5,0.014713807,0.06894216287193226
11.93,900.6178610606056,0.033186340205071364,0.0,0.2,0.2,20.249999999999996,0.8,0.8,900.0,0.01,0.0,15,0.5,0.015373841,0.06894215795311236
11.94,900.6178610193456,0.033380071251960595,0.0,0.2,0.2,20.249999999999996,0.8,0.8,900.0,0.01,0.0,15,0.5,0.017417332,0.06894215362801254
11.950000000000001,900.6178609835223,0.03357716519490002,0.0,0.2,0.2,20.249999999999996,0.8,0.8,900.0,0.01,0.0,15,0.5,0.015561492,0.06894214986324962
11.96,900.6178609528852,0.03377759641140208,0.0,0.2,0.2,20.249999999999996,0.8,0.8,900.0,0.01,0.0,15,0.5,0.015428471,0.068942146512165
11.97,900.6178609260384,0.033981337977964376,0.0,0.2,0.2,20.249999999999996,0.8,0.8,900.0,0.01,0.0,15,0.5,0.017739474,0.06894214332139441
11.98,900.6178609007121,0.03418836454934467,0.0,0.2,0.2,20.249999999999996,0.8,0.8,900.0,0.01,0.0,15,0.5,0.014812298,0.06894213997654322
11.99,900.6178608742495,0.034398648292921094,0.0,0.2,0.2,20.249999999999996,0.8,0.8,900.0,0.01,0.0,15,0.5,0.01509752,0.06894213614714156
12.0,900.6178608435384,0.034612149132219584,0.0,0.2,0.2,20.249999999999996,0.8,0.8,900.0,0.01,0.0,15,0.5,0.017526463,0.06894213146830339
12.01,900.6178608053151,0.034828826007953444,0.0,0.2,0.2,20.249999999999996,0.8,0.8,900.0,0.01,0.0,15,0.5,0.014722928,0.06894212560827898
12.02,900.6178607566542,0.03504863793057109,0.0,0.2,0.2,20.249999999999996,0.8,0.8,900.0,0.01,0.0,15,0.5,0.0150585,0.06894211829430652
12.030000000000001,900.6178606950429,0.03527154389177456,0.0,0.2,0.2,20.249999999999996,0.8,0.8,900.0,0.01,0.0,15,0.5,0.017570633,0.06894210930802008
12.040000000000001,900.6178606185076,0.03549750406522419,0.0,0.2,0.2,20.249999999999996,0.8,0.8,900.0,0.01,0.0,15,0.5,0.015515432,0.06894209850190437
12.05,900.6178605257273,0.0357264801171715,0.0,0.2,0.2,20.249999999999996,0.8,0.8,900.0,0.01,0.0,15,0.5,0.014768278,0.06894208580347014
12.06,900.617860416117,0.03595843597966248,0.0,0.2,0.2,20.249999999999996,0.8,0.8,900.0,0.01,0.0,15,0.5,0.017519712,0.06894207122615931
12.07,900.6178602898157,0.036193333402623935,0.0,0.2,0.2,20.249999999999996,0.8,0.8,900.0,0.01,0.0,15,0.5,0.014840448,0.06894205484758088
12.08,900.6178601474777,0.03643113300949558,0.0,0.2,0.2,20.249999999999996,0.8,0.8,900.0,0.01,0.0,15,0.5,0.0152075,0.0689420367936118
12.09,900.6178599901924,0.036671795933124085,0.0,0.2,0.2,20.249999999999996,0.8,0.8,900.0,0.01,0.0,15,0.5,0.017521152,0.06894201722876081
12.1,900.6178598194172,0.03691528476461243,0.0,0.2,0.2,20.249999999999996,0.8,0.8,900.0,0.01,0.0,15,0.5,0.014946108,0.06894199633847715
12.11,900.6178596368253,0.037161563781073235,0.0,0.2,0.2,20.249999999999996,0.8,0.8,900.0,0.01,0.0,15,0.5,0.01499096,0.06894197431473348
12.120000000000001,900.6178594442187,0.03741059672653784,0.0,0.2,0.2,20.249999999999996,0.8,0.8,900.0,0.01,0.0,15,0.5,0.017371372,0.06894195136938285
12.13,900.6178592435019,0.037662338770939364,0.0,0.2,0.2,20.249999999999996,0.8,0.8,900.0,0.01,0.0,15,0.5,0.014900678,0.06894192767655864
12.14,900.6178590361886,0.03791673813661912,0.0,0.2,0.2,20.249999999999996,0.8,0.8,900.0,0.01,0.0,15,0.5,0.01509296,0.06894190333214731
12.15,900.617858823089,0.03817374048347303,0.0,0.2,0.2,20.249999999999996,0.8,0.8,900.0,0.01,0.0,15,0.5,0.018039495,0.06894187836048056
12.16,900.6178586044008,0.03843329216813676,0.0,0.2,0.2,20.249999999999996,0.8,0.8,900.0,0.01,0.0,15,0.5,0.014943659,0.06894185273550053
12.17,900.6178583799054,0.038695340717986665,0.0,0.2,0.2,20.249999999999996,0.8,0.8,900.0,0.01,0.0,15,0.5,0.015319101,0.06894182640591612
12.18,900.6178581493118,0.038959833149797965,0.0,0.2,0.2,20.249999999999996,0.8,0.8,900.0,0.01,0.0,15,0.5,0.017787904,0.06894179936253987
12.19,900.6178579124595,0.03922669920365616,0.0,0.2,0.2,20.249999999999996,0.8,0.8,900.0,0.01,0.0,15,0.5,0.01509402,0.06894177158160616
12.200000000000001,900.617857669051,0.039495863683633295,0.0,0.2,0.2,20.249999999999996,0.8,0.8,900.0,0.01,0.0,15,0.5,0.015367201,0.06894174301235177
12.21,900.6178574187376,0.039767251060149396,0.0,0.2,0.2,20.249999999999996,0.8,0.8,900.0,0.01,0.0,15,0.5,0.017440592,0.0689417136415494
12.22,900.6178571614788,0.04004077161844586,0.0,0.2,0.2,20.249999999999996,0.8,0.8,900.0,0.01,0.0,15,0.5,0.015084799,0.06894168348757088
12.23,900.6178568972737,0.04031632156570929,0.0,0.2,0.2,20.249999999999996,0.8,0.8,900.0,0.01,0.0,15,0.5,0.015250541,0.0689416525321871
12.24,900.6178566259872,0.04059379436301147,0.0,0.2,0.2,20.249999999999996,0.8,0.8,900.0,0.01,0.0,15,0.5,0.017813314,0.06894162073399004
12.25,900.6178563472304,0.04087307529637243,0.0,0.2,0.2,20.249999999999996,0.8,0.8,900.0,0.01,0.0,15,0.5,0.014918409,0.0689415880491821
12.26,900.6178560605576,0.041154045602600706,0.0,0.2,0.2,20.249999999999996,0.8,0.8,900.0,0.01,0.0,15,0.5,0.01509525,0.06894155443535935
12.27,900.6178557655772,0.04143658728682464,0.0,0.2,0.2,20.249999999999996,0.8,0.8,900.0,0.01,0.0,15,0.5,0.017429952,0.06894151986411637
12.280000000000001,900.6178554620408,0.0417205836989042,0.0,0.2,0.2,20.249999999999996,0.8,0.8,900.0,0.01,0.0,15,0.5,0.015007559,0.06894148431905778
12.290000000000001,900.6178551497944,0.04200592057167834,0.0,0.2,0.2,20.249999999999996,0.8,0.8,900.0,0.01,0.0,15,0.5,0.015456501,0.0689414477939274
12.3,900.6178548288252,0.0422924852791898,0.0,0.2,0.2,20.249999999999996,0.8,0.8,900.0,0.01,0.0,15,0.5,0.017416842,0.06894141028011366
12.31,900.617854499201,0.042580160875074984,0.0,0.2,0.2,20.249999999999996,0.8,0.8,900.0,0.01,0.0,15,0.5,0.014734657,0.06894137180598092
12.32,900.6178541611669,0.04286880992564359,0.0,0.2,0.2,20.249999999999996,0.8,0.8,900.0,0.01,0.0,15,0.5,0.015509132,0.06894133245679275
12.33,900.6178538152969,0.04315827779342966,0.0,0.2,0.2,20.249999999999996,0.8,0.8,900.0,0.01,0.0,15,0.5,0.017605973,0.06894129229947397
12.34,900.6178534621499,0.043448411220844155,0.0,0.2,0.2,20.249999999999996,0.8,0.8,900.0,0.01,0.0,15,0.5,0.014852498,0.06894125137787312
12.35,900.6178531021106,0.04373906038821108,0.0,0.2,0.2,20.249999999999996,0.8,0.8,900.0,0.01,0.0,15,0.5,0.01511059,0.06894120969490698
12.36,900.6178527352672,0.04403007887999266,0.0,0.2,0.2,20.249999999999996,0.8,0.8,900.0,0.01,0.0,15,0.5,0.017413512,0.06894116723713875
12.370000000000001,900.6178523615924,0.044321312956902094,0.0,0.2,0.2,20.249999999999996,0.8,0.8,900.0,0.01,0.0,15,0.5,0.014866389,0.06894112399624239
12.38,900.61785198084,0.0446126000820414,0.0,0.2,0.2,20.249999999999996,0.8,0.8,900.0,0.01,0.0,15,0.5,0.014963819,0.06894107994945421
12.39,900.617851592858,0.04490378159966594,0.0,0.2,0.2,20.249999999999996,0.8,0.8,900.0,0.01,0.0,15,0.5,0.017414592,0.06894103509592366
12.4,900.6178511975656,0.045194701082459286,0.0,0.2,0.2,20.249999999999996,0.8,0.8,900.0,0.01,0.0,15,0.5,0.014722538,0.06894098943087082
12.41,900.6178507949428,0.04548520795102689,0.0,0.2,0.2,20.249999999999996,0.8,0.8,900.0,0.01,0.0,15,0.5,0.014953909,0.06894094296201833
12.42,900.6178503850409,0.04577515583650727,0.0,0.2,0.2,20.249999999999996,0.8,0.8,900.0,0.01,0.0,15,0.5,0.017293442,0.06894089571726342
12.43,900.6178499681581,0.04606440567686721,0.0,0.2,0.2,20.249999999999996,0.8,0.8,900.0,0.01,0.0,15,0.5,0.014867418,0.06894084776162404
12.44,900.6178495450553,0.04635281873223663,0.0,0.2,0.2,20.249999999999996,0.8,0.8,900.0,0.01,0.0,15,0.5,0.01499371,0.06894079924649815
12.450000000000001,900.6178491169981,0.04664023750214118,0.0,0.2,0.2,20.249999999999996,0.8,0.8,900.0,0.01,0.0,15,0.5,0.017176131,0.06894075038043211
12.46,900.6178486856973,0.04692650224657064,0.0,0.2,0.2,20.249999999999996,0.8,0.8,900.0,0.01,0.0,15,0.5,0.015482091,0.06894070140091577
12.47,900.6178482538746,0.04721145087200275,0.0,0.2,0.2,20.249999999999996,0.8,0.8,900.0,0.01,0.0,15,0.5,0.014763338,0.06894065268893439
12.48,900.6178478245107,0.04749488197223284,0.0,0.2,0.2,20.249999999999996,0.8,0.8,900.0,0.01,0.0,15,0.5,0.017564613,0.06894060461367738
12.49,900.6178474009108,0.04777659486565006,0.0,0.2,0.2,20.249999999999996,0.8,0.8,900.0,0.01,0.0,15,0.5,0.014839218,0.06894055758721448
12.5,900.6178469867459,0.04805638573138089,0.0,0.2,0.2,20.249999999999996,0.8,0.8,900.0,0.01,0.0,15,0.5,0.014996479,0.06894051200451154
12.51,900.6178465854425,0.048334051053410855,0.0,0.2,0.2,20.249999999999996,0.8,0.8,900.0,0.01,0.0,15,0.5,0.017721353,0.0689404681532908
12.52,900.6178461995005,0.04860939899750981,0.0,0.2,0.2,20.249999999999996,0.8,0.8,900.0,0.01,0.0,15,0.5,0.01502166,0.0689404261678913
12.530000000000001,900.6178458301422,0.048882251395683404,0.0,0.2,0.2,20.249999999999996,0.8,0.8,900.0,0.01,0.0,15,0.5,0.014876328,0.06894038604263263
12.540000000000001,900.6178454774645,0.04915244050377352,0.0,0.2,0.2,20.249999999999996,0.8,0.8,900.0,0.01,0.0,15,0.5,0.017611273,0.06894034770698741
12.55,900.6178451407128,0.049419795179689786,0.0,0.2,0.2,20.249999999999996,0.8,0.8,900.0,0.01,0.0,15,0.5,0.015202111,0.06894031098728567
12.56,900.6178448182586,0.04968415621854932,0.0,0.2,0.2,20.249999999999996,0.8,0.8,900.0,0.01,0.0,15,0.5,0.014732968,0.06894027562555366
12.57,900.6178445077836,0.04994538090275397,0.0,0.2,0.2,20.249999999999996,0.8,0.8,900.0,0.01,0.0,15,0.5,0.018218006,0.06894024130427569
12.58,900.617844206384,0.05020334704945025,0.0,0.2,0.2,20.249999999999996,0.8,0.8,900.0,0.01,0.0,15,0.5,0.014881439,0.06894020763450552
12.59,900.6178439105606,0.05045795645401658,0.0,0.2,0.2,20.249999999999996,0.8,0.8,900.0,0.01,0.0,15,0.5,0.014719828,0.0689401741995382
12.6,900.617843616072,0.05070913921540762,0.0,0.2,0.2,20.249999999999996,0.8,0.8,900.0,0.01,0.0,15,0.5,0.017362651,0.06894014055126706
12.61,900.6178433193651,0.05095688628485599,0.0,0.2,0.2,20.249999999999996,0.8,0.8,900.0,0.01,0.0,15,0.5,0.01520356,0.06894010627612174
12.620000000000001,900.6178430167204,0.0512012134148895,0.0,0.2,0.2,20.249999999999996,0.8,0.8,900.0,0.01,0.0,15,0.5,0.014928549,0.06894007088282768
12.63,900.6178427037047,0.051442158181771516,0.0,0.2,0.2,20.249999999999996,0.8,0.8,900.0,0.01,0.0,15,0.5,0.017996825,0.06894003389435226
12.64,900.6178423760717,0.051679781956210084,0.0,0.2,0.2,20.249999999999996,0.8,0.8,900.0,0.01,0.0,15,0.5,0.015515412,0.06893999495632404
12.65,900.6178420307402,0.05191416933840979,0.0,0.2,0.2,20.249999999999996,0.8,0.8,900.0,0.01,0.0,15,0.5,0.01508753,0.06893995387055223
12.66,900.6178416660698,0.05214542372911249,0.0,0.2,0.2,20.249999999999996,0.8,0.8,900.0,0.01,0.0,15,0.5,0.017753304,0.06893991064353455
12.67,900.6178412823214,0.05237364929952981,0.0,0.2,0.2,20.249999999999996,0.8,0.8,900.0,0.01,0.0,15,0.5,0.015274991,0.06893986548507995
12.68,900.6178408810807,0.05259893897663896,0.0,0.2,0.2,20.249999999999996,0.8,0.8,900.0,0.01,0.0,15,0.5,0.014695387,0.06893981867910999
12.69,900.6178404647392,0.052821403771748786,0.0,0.2,0.2,20.249999999999996,0.8,0.8,900.0,0.01,0.0,15,0.5,0.017414332,0.06893977061383766
12.700000000000001,900.6178400367977,0.053041180663303586,0.0,0.2,0.2,20.249999999999996,0.8,0.8,900.0,0.01,0.0,15,0.5,0.01515693,0.06893972177995697
12.71,900.6178396018059,0.05325843132592676,0.0,0.2,0.2,20.249999999999996,0.8,0.8,900.0,0.01,0.0,15,0.5,0.014740517,0.06893967279909524
12.72,900.6178391654458,0.05347332232086745,0.0,0.2,0.2,20.249999999999996,0.8,0.8,900.0,0.01,0.0,15,0.5,0.017362302,0.06893962442885111
12.73,900.6178387346527,0.05368602215869249,0.0,0.2,0.2,20.249999999999996,0.8,0.8,900.0,0.01,0.0,15,0.5,0.01522994,0.06893957761054119
12.74,900.6178383187647,0.05389667907500807,0.0,0.2,0.2,20.249999999999996,0.8,0.8,900.0,0.01,0.0,15,0.5,0.014914189,0.06893953346389921
12.75,900.6178379269198,0.05410537887684942,0.0,0.2,0.2,20.249999999999996,0.8,0.8,900.0,0.01,0.0,15,0.5,0.017409492,0.06893949271930046
12.76,900.6178375657319,0.05431219397937513,0.0,0.2,0.2,20.249999999999996,0.8,0.8,900.0,0.01,0.0,15,0.5,0.014963809,0.06893945579005335
12.77,900.6178372387573,0.054517164591279164,0.0,0.2,0.2,20.249999999999996,0.8,0.8,900.0,0.01,0.0,15,0.5,0.014688488,0.06893942272024421
12.780000000000001,900.6178369460333,0.054720322605782266,0.0,0.2,0.2,20.249999999999996,0.8,0.8,900.0,0.01,0.0,15,0.5,0.017598713,0.06893939320259472
12.790000000000001,900.6178366849485,0.0549217211476806,0.0,0.2,0.2,20.249999999999996,0.8,0.8,900.0,0.01,0.0,15,0.5,0.01511539,0.06893936673580435
12.8,900.6178364511778,0.055121414226494005,0.0,0.2,0.2,20.249999999999996,0.8,0.8,900.0,0.01,0.0,15,0.5,0.014849539,0.06893934264042237
12.81,900.6178362382259,0.0553194575166089,0.0,0.2,0.2,20.249999999999996,0.8,0.8,900.0,0.01,0.0,15,0.5,0.017374592,0.06893932003200576
12.82,900.6178360382564,0.0555159326150443,0.0,0.2,0.2,20.249999999999996,0.8,0.8,900.0,0.01,0.0,15,0.5,0.015032739,0.06893929797508526
12.83,900.6178358428316,0.055710939886748294,0.0,0.2,0.2,20.249999999999996,0.8,0.8,900.0,0.01,0.0,15,0.5,0.015477762,0.06893927557501213
12.84,900.6178356440109,0.05590460421548962,0.0,0.2,0.2,20.249999999999996,0.8,0.8,900.0,0.01,0.0,15,0.5,0.017343312,0.06893925209124784
12.85,900.6178354353048,0.05609706622061837,0.0,0.2,0.2,20.249999999999996,0.8,0.8,900.0,0.01,0.0,15,0.5,0.014921239,0.06893922698671123
12.86,900.6178352117446,0.05628847258931252,0.0,0.2,0.2,20.249999999999996,0.8,0.8,900.0,0.01,0.0,15,0.5,0.014696167,0.06893919989337877
12.870000000000001,900.6178349699791,0.0564789891616025,0.0,0.2,0.2,20.249999999999996,0.8,0.8,900.0,0.01,0.0,15,0.5,0.017724043,0.06893917068774534
12.88,900.6178347089582,0.05666880513746757,0.0,0.2,0.2,20.249999999999996,0.8,0.8,900.0,0.01,0.0,15,0.5,0.015241311,0.06893913958281113
12.89,900.6178344307002,0.05685813176504698,0.0,0.2,0.2,20.249999999999996,0.8,0.8,900.0,0.01,0.0,15,0.5,0.01516858,0.0689391071880121
12.9,900.6178341406587,0.057047195483360146,0.0,0.2,0.2,20.249999999999996,0.8,0.8,900.0,0.01,0.0,15,0.5,0.017365772,0.06893907447207485
12.91,900.6178338475967,0.05723624344046073,0.0,0.2,0.2,20.249999999999996,0.8,0.8,900.0,0.01,0.0,15,0.5,0.014963999,0.0689390426825568
12.92,900.6178335634906,0.05742552709198855,0.0,0.2,0.2,20.249999999999996,0.8,0.8,900.0,0.01,0.0,15,0.5,0.015294681,0.06893901342815777
12.93,900.6178333022775,0.057615239534275706,0.0,0.2,0.2,20.249999999999996,0.8,0.8,900.0,0.01,0.0,15,0.5,0.017490433,0.06893898846462408
12.94,900.61783307989,0.05780556179677548,0.0,0.2,0.2,20.249999999999996,0.8,0.8,900.0,0.01,0.0,15,0.5,0.014737647,0.06893896964786995
12.950000000000001,900.6178329124779,0.057996651739060406,0.0,0.2,0.2,20.249999999999996,0.8,0.8,900.0,0.01,0.0,15,0.5,0.015102739,0.0689389585661559
12.96,900.6178328141668,0.05818868811223428,0.0,0.2,0.2,20.249999999999996,0.8,0.8,900.0,0.01,0.0,15,0.5,0.017627743,0.06893895635546983
12.97,900.6178327950599,0.058381873947837,0.0,0.2,0.2,20.249999999999996,0.8,0.8,900.0,0.01,0.0,15,0.5,0.015016659,0.06893896356529564
12.98,900.6178328600412,0.05857643839506854,0.0,0.2,0.2,20.249999999999996,0.8,0.8,900.0,0.01,0.0,15,0.5,0.015261971,0.06893898010396744
12.99,900.6178330082531,0.058772636467757405,0.0,0.2,0.2,20.249999999999996,0.8,0.8,900.0,0.01,0.0,15,0.5,0.017235531,0.06893900523723895
13.0,900.6178332330547,0.058970748114209395,0.0,0.2,0.2,20.249999999999996,0.8,0.8,900.0,0.01,0.0,15,0.5,0.014896269,0.0689390376504555
13.01,900.6178335226391,0.05917107937721382,0.0,0.2,0.2,20.249999999999996,0.8,0.8,900.0,0.01,0.0,15,0.5,0.0151905,0.06893907558973289
13.02,900.617833861284,0.059373962662926626,0.0,0.2,0.2,20.249999999999996,0.8,0.8,900.0,0.01,0.0,15,0.5,0.017753283,0.0689391170448078
13.030000000000001,900.617834231284,0.05957975679785045,0.0,0.2,0.2,20.249999999999996,0.8,0.8,900.0,0.01,0.0,15,0.5,0.014881199,0.06893916012536647
13.040000000000001,900.6178346160547,0.05978880458001803,0.0,0.2,0.2,20.249999999999996,0.8,0.8,900.0,0.01,0.0,15,0.5,0.014988139,0.0689392032142219
13.05,900.6178350010971,0.060001422400239625,0.0,0.2,0.2,20.249999999999996,0.8,0.8,900.0,0.01,0.0,15,0.5,0.017320852,0.06893924492742162
13.06,900.6178353736146,0.06021791654184791,0.0,0.2,0.2,20.249999999999996,0.8,0.8,900.0,0.01,0.0,15,0.5,0.01510524,0.06893928420324921
13.07,900.6178357240893,0.060438595012833156,0.0,0.2,0.2,20.249999999999996,0.8,0.8,900.0,0.01,0.0,15,0.5,0.014901078,0.06893932048257137
13.08,900.6178360474582,0.060663779857639405,0.0,0.2,0.2,20.249999999999996,0.8,0.8,900.0,0.01,0.0,15,0.5,0.017277961,0.06893935378210209
13.09,900.6178363439321,0.06089381233651144,0.0,0.2,0.2,20.249999999999996,0.8,0.8,900.0,0.01,0.0,15,0.5,0.014873828,0.06893938473793174
13.1,900.6178366192519,0.06112905303652171,0.0,0.2,0.2,20.249999999999996,0.8,0.8,900.0,0.01,0.0,15,0.5,0.014804188,0.06893941451842535
13.11,900.6178368837966,0.06136988186183119,0.0,0.2,0.2,20.249999999999996,0.8,0.8,900.0,0.01,0.0,15,0.5,0.017182291,0.06893944461034666
13.120000000000001,900.6178371508012,0.06161670685552427,0.0,0.2,0.2,20.249999999999996,0.8,0.8,900.0,0.01,0.0,15,0.5,0.01508764,0.06893947664755772
13.13,900.6178374349437,0.061869970647135696,0.0,0.2,0.2,20.249999999999996,0.8,0.8,900.0,0.01,0.0,15,0.5,0.014993549,0.06893951223089018
13.14,900.6178377505557,0.06213014244180624,0.0,0.2,0.2,20.249999999999996,0.8,0.8,900.0,0.01,0.0,15,0.5,0.01700544,0.06893955271728229
13.15,900.617838109751,0.06239771563122931,0.0,0.2,0.2,20.249999999999996,0.8,0.8,900.0,0.01,0.0,15,0.5,0.015442092,0.0689395990775617
13.16,900.6178385212288,0.06267320736148749,0.0,0.2,0.2,20.249999999999996,0.8,0.8,900.0,0.01,0.0,15,0.5,0.014994659,0.06893965181689674
13.17,900.617838989463,0.06295715544008151,0.0,0.2,0.2,20.249999999999996,0.8,0.8,900.0,0.01,0.0,15,0.5,0.017333612,0.06893971092078384
13.18,900.6178395143222,0.06325011900622304,0.0,0.2,0.2,20.249999999999996,0.8,0.8,900.0,0.01,0.0,15,0.5,0.01525028,0.06893977584740268
13.19,900.6178400908958,0.06355267845372237,0.0,0.2,0.2,20.249999999999996,0.8,0.8,900.0,0.01,0.0,15,0.5,0.014757688,0.06893984558424657
13.200000000000001,900.6178407111128,0.06386542314161382,0.0,0.2,0.2,20.249999999999996,0.8,0.8,900.0,0.01,0.0,15,0.5,0.017463952,0.06893991901709652
13.21,900.6178413646086,0.06418885582763612,0.0,0.2,0.2,20.249999999999996,0.8,0.8,900.0,0.01,0.0,15,0.5,0.015393631,0.06893999469555218
13.22,900.6178420379085,0.06452343960564531,0.0,0.2,0.2,20.249999999999996,0.8,0.8,900.0,0.01,0.0,15,0.5,0.01511596,0.06894007088527739
13.23,900.6178427151391,0.06486964758418187,0.0,0.2,0.2,20.249999999999996,0.8,0.8,900.0,0.01,0.0,15,0.5,0.017478143,0.06894014570801757
13.24,900.6178433795181,0.06522798625813635,0.0,0.2,0.2,20.249999999999996,0.8,0.8,900.0,0.01,0.0,15,0.5,0.01518351,0.06894021739520674
13.25,900.6178440153877,0.0655989879856736,0.0,0.2,0.2,20.249999999999996,0.8,0.8,900.0,0.01,0.0,15,0.5,0.014590107,0.0689402845674451
13.26,900.6178446106376,0.06598319508004948,0.0,0.2,0.2,20.249999999999996,0.8,0.8,900.0,0.01,0.0,15,0.5,0.017413202,0.06894034638307128
13.27,900.6178451573322,0.06638115534821154,0.0,0.2,0.2,20.249999999999996,0.8,0.8,900.0,0.01,0.0,15,0.5,0.015495471,0.06894040243637198
13.280000000000001,900.6178456523198,0.06679344896014945,0.0,0.2,0.2,20.249999999999996,0.8,0.8,900.0,0.01,0.0,15,0.5,0.014867998,0.06894045292417668
13.290000000000001,900.6178460980163,0.06722063981713505,0.0,0.2,0.2,20.249999999999996,0.8,0.8,900.0,0.01,0.0,15,0.5,0.017190591,0.068940498653024
13.3,900.6178465005692,0.06766326792850595,0.0,0.2,0.2,20.249999999999996,0.8,0.8,900.0,0.01,0.0,15,0.5,0.01507354,0.06894054075241697
13.31,900.6178468704179,0.06812190686375885,0.0,0.2,0.2,20.249999999999996,0.8,0.8,900.0,0.01,0.0,15,0.5,0.014816078,0.06894058082592153
13.32,900.6178472234922,0.06859710983815771,0.0,0.2,0.2,20.249999999999996,0.8,0.8,900.0,0.01,0.0,15,0.5,0.017361482,0.06894062114285951
13.33,900.6178475796341,0.06908930840787803,0.0,0.2,0.2,20.249999999999996,0.8,0.8,900.0,0.01,0.0,15,0.5,0.01517209,0.0689406640587295
13.34,900.6178479608814,0.06959883644608486,0.0,0.2,0.2,20.249999999999996,0.8,0.8,900.0,0.01,0.0,15,0.5,0.014729218,0.06894071215326092
13.35,900.6178483891061,0.07012588636181298,0.0,0.2,0.2,20.249999999999996,0.8,0.8,900.0,0.01,0.0,15,0.5,0.01705137,0.06894076764187693
13.36,900.617848883364,0.07067062054580646,0.0,0.2,0.2,20.249999999999996,0.8,0.8,900.0,0.01,0.0,15,0.5,0.014704978,0.06894083232429832
13.370000000000001,900.6178494597202,0.07123322042729398,0.0,0.2,0.2,20.249999999999996,0.8,0.8,900.0,0.01,0.0,15,0.5,0.014965269,0.06894090747739556
13.38,900.6178501295154,0.07181389303510878,0.0,0.2,0.2,20.249999999999996,0.8,0.8,900.0,0.01,0.0,15,0.5,0.01727011,0.06894099361514401
13.39,900.6178508968354,0.07241287851598238,0.0,0.2,0.2,20.249999999999996,0.8,0.8,900.0,0.01,0.0,15,0.5,0.014968299,0.06894109019658992
13.4,900.6178517568326,0.07303049089800456,0.0,0.2,0.2,20.249999999999996,0.8,0.8,900.0,0.01,0.0,15,0.5,0.015017879,0.06894119561169545
13.41,900.6178526960368,0.07366709111664382,0.0,0.2,0.2,20.249999999999996,0.8,0.8,900.0,0.01,0.0,15,0.5,0.017550693,0.06894130766498392
13.42,900.617853695687,0.07432298105654161,0.0,0.2,0.2,20.249999999999996,0.8,0.8,900.0,0.01,0.0,15,0.5,0.014483827,0.06894142386071486
13.43,900.6178547316299,0.07499840020279298,0.0,0.2,0.2,20.249999999999996,0.8,0.8,900.0,0.01,0.0,15,0.5,0.01518876,0.06894154126084631
13.44,900.6178557775668,0.07569362863274787,0.0,0.2,0.2,20.249999999999996,0.8,0.8,900.0,0.01,0.0,15,0.5,0.017308622,0.06894165701224264
13.450000000000001,900.617856808052,0.07640898386924157,0.0,0.2,0.2,20.249999999999996,0.8,0.8,900.0,0.01,0.0,15,0.5,0.015044959,0.06894176872807105
13.46,900.6178578014948,0.07714482245503748,0.0,0.2,0.2,20.249999999999996,0.8,0.8,900.0,0.01,0.0,15,0.5,0.014842768,0.06894187477428652
13.47,900.6178587433232,0.07790156337471725,0.0,0.2,0.2,20.249999999999996,0.8,0.8,900.0,0.01,0.0,15,0.5,0.017895785,0.0689419745404475
13.48,900.6178596289368,0.07867969238191154,0.0,0.2,0.2,20.249999999999996,0.8,0.8,900.0,0.01,0.0,15,0.5,0.014828868,0.0689420688092376
13.49,900.6178604654781,0.07947968253583108,0.0,0.2,0.2,20.249999999999996,0.8,0.8,900.0,0.01,0.0,15,0.5,0.014670928,0.0689421595325209
13.5,900.6178612695026,0.08030203588673895,0.0,0.2,0.2,20.249999999999996,0.8,0.8,900.0,0.01,0.0,15,0.5,0.017404652,0.06894224942617592
13.51,900.6178620658105,0.08114733093057992,0.0,0.2,0.2,20.249999999999996,0.8,0.8,900.0,0.01,0.0,15,0.5,0.015296141,0.06894234192226627
13.52,900.6178628866376,0.08201616672034315,0.0,0.2,0.2,20.249999999999996,0.8,0.8,900.0,0.01,0.0,15,0.5,0.0151552,0.06894244141861003
13.530000000000001,900.6178637704043,0.08290906719246696,0.0,0.2,0.2,20.249999999999996,0.8,0.8,900.0,0.01,0.0,15,0.5,0.017525762,0.068942552433485
13.540000000000001,900.6178647578382,0.0838265909446914,0.0,0.2,0.2,20.249999999999996,0.8,0.8,900.0,0.01,0.0,15,0.5,0.015105479,0.06894267955704939
13.55,900.6178658919689,0.08476924332197827,0.0,0.2,0.2,20.249999999999996,0.8,0.8,900.0,0.01,0.0,15,0.5,0.014915818,0.068942827463602
13.56,900.6178672144421,0.08573738698129028,0.0,0.2,0.2,20.249999999999996,0.8,0.8,900.0,0.01,0.0,15,0.5,0.01710519,0.06894300020414627
13.57,900.6178687600021,0.08673128851377487,0.0,0.2,0.2,20.249999999999996,0.8,0.8,900.0,0.01,0.0,15,0.5,0.014997299,0.06894320050054549
13.58,900.6178705538681,0.08775116877347072,0.0,0.2,0.2,20.249999999999996,0.8,0.8,900.0,0.01,0.0,15,0.5,0.014830699,0.06894342967105709
13.59,900.6178726067651,0.0887971466297252,0.0,0.2,0.2,20.249999999999996,0.8,0.8,900.0,0.01,0.0,15,0.5,0.017370242,0.06894368712359696
13.6,900.617874913103,0.08986931741975726,0.0,0.2,0.2,20.249999999999996,0.8,0.8,900.0,0.01,0.0,15,0.5,0.015028149,0.06894397080537981
13.61,900.6178774605887,0.09096770132342809,0.0,0.2,0.2,20.249999999999996,0.8,0.8,900.0,0.01,0.0,15,0.5,0.014896649,0.0689442797481765
13.620000000000001,900.6178802378877,0.0920916869825373,0.0,0.2,0.2,20.249999999999996,0.8,0.8,900.0,0.01,0.0,15,0.5,0.017499613,0.06894461234523071
13.63,900.6178832291779,0.09324038597786602,0.0,0.2,0.2,20.249999999999996,0.8,0.8,900.0,0.01,0.0,15,0.5,0.014808148,0.06894496613452016
13.64,900.617886413295,0.0944126882275661,0.0,0.2,0.2,20.249999999999996,0.8,0.8,900.0,0.01,0.0,15,0.5,0.015059419,0.06894533853256402
13.65,900.6178897667884,0.09560717067882439,0.0,0.2,0.2,20.249999999999996,0.8,0.8,900.0,0.01,0.0,15,0.5,0.017492442,0.06894572720267142
13.66,900.6178932679704,0.09682218826214337,0.0,0.2,0.2,20.249999999999996,0.8,0.8,900.0,0.01,0.0,15,0.5,0.014662698,0.06894613015717664
13.67,900.6178969012358,0.09805590175677502,0.0,0.2,0.2,20.249999999999996,0.8,0.8,900.0,0.01,0.0,15,0.5,0.01511885,0.06894654629656685
13.68,900.6179006547245,0.09930614955388462,0.0,0.2,0.2,20.249999999999996,0.8,0.8,900.0,0.01,0.0,15,0.5,0.017559473,0.06894697506679058
13.69,900.6179045233729,0.10057060716564434,0.0,0.2,0.2,20.249999999999996,0.8,0.8,900.0,0.01,0.0,15,0.5,0.015079229,0.06894741655784811
13.700000000000001,900.617908507566,0.10184682814252506,0.0,0.2,0.2,20.249999999999996,0.8,0.8,900.0,0.01,0.0,15,0.5,0.014856348,0.06894787122536322
13.71,900.6179126112753,0.10313227446627007,0.0,0.2,0.2,20.249999999999996,0.8,0.8,900.0,0.01,0.0,15,0.5,0.017721484,0.06894833976594116
13.72,900.6179168406834,0.10442432963074355,0.0,0.2,0.2,20.249999999999996,0.8,0.8,900.0,0.01,0.0,15,0.5,0.014894289,0.06894882302828001
13.73,900.617921204297,0.10572029967880188,0.0,0.2,0.2,20.249999999999996,0.8,0.8,900.0,0.01,0.0,15,0.5,0.015048519,0.068949322076343
13.74,900.6179257135772,0.10701735545216062,0.0,0.2,0.2,20.249999999999996,0.8,0.8,900.0,0.01,0.0,15,0.5,0.017737174,0.06894983899429108
13.75,900.6179303934784,0.10831217454112821,0.0,0.2,0.2,20.249999999999996,0.8,0.8,900.0,0.01,0.0,15,0.5,0.014909229,0.0689503778703373
13.76,900.6179352720322,0.10960065758113031,0.0,0.2,0.2,20.249999999999996,0.8,0.8,900.0,0.01,0.0,15,0.5,0.014983219,0.06895094086424654
13.77,900.6179403683817,0.11087859086262604,0.0,0.2,0.2,20.249999999999996,0.8,0.8,900.0,0.01,0.0,15,0.5,0.017866945,0.06895152927490426
13.780000000000001,900.6179456942164,0.1121416835825463,0.0,0.2,0.2,20.249999999999996,0.8,0.8,900.0,0.01,0.0,15,0.5,0.015000739,0.06895214360779958
13.790000000000001,900.6179512539127,0.11338559094442166,0.0,0.2,0.2,20.249999999999996,0.8,0.8,900.0,0.01,0.0,15,0.5,0.01509889,0.0689527833650571
13.8,900.617957043135,0.11460594422006934,0.0,0.2,0.2,20.249999999999996,0.8,0.8,900.0,0.01,0.0,15,0.5,0.017567633,0.06895344697028911
13.81,900.6179630479406,0.11579834257334008,0.0,0.2,0.2,20.249999999999996,0.8,0.8,900.0,0.01,0.0,15,0.5,0.014944459,0.06895413170610154
13.82,900.6179692425206,0.1169583753309079,0.0,0.2,0.2,20.249999999999996,0.8,0.8,900.0,0.01,0.0,15,0.5,0.014881779,0.06895483336414604
13.83,900.6179755890677,0.11808177409557369,0.0,0.2,0.2,20.249999999999996,0.8,0.8,900.0,0.01,0.0,15,0.5,0.017473872,0.06895554659730901
13.84,900.6179820490603,0.11916431684931132,0.0,0.2,0.2,20.249999999999996,0.8,0.8,900.0,0.01,0.0,15,0.5,0.014696258,0.06895626658737049
13.85,900.6179885731499,0.12020108591667317,0.0,0.2,0.2,20.249999999999996,0.8,0.8,900.0,0.01,0.0,15,0.5,0.014993819,0.06895698758585296
13.86,900.6179951034782,0.12118719456049883,0.0,0.2,0.2,20.249999999999996,0.8,0.8,900.0,0.01,0.0,15,0.5,0.017669694,0.06895770262902594
13.870000000000001,900.618001579898,0.12211821419186888,0.0,0.2,0.2,20.249999999999996,0.8,0.8,900.0,0.01,0.0,15,0.5,0.014822738,0.06895840515808778
13.88,900.6180079459643,0.12298999812675178,0.0,0.2,0.2,20.249999999999996,0.8,0.8,900.0,0.01,0.0,15,0.5,0.015477652,0.06895908961790397
13.89,900.6180141494855,0.12379849499982909,0.0,0.2,0.2,20.249999999999996,0.8,0.8,900.0,0.01,0.0,15,0.5,0.017427722,0.0689597501569039
13.9,900.6180201364552,0.12454005050167388,0.0,0.2,0.2,20.249999999999996,0.8,0.8,900.0,0.01,0.0,15,0.5,0.014843629,0.06896038060908422
13.91,900.6180258514813,0.12521152611240294,0.0,0.2,0.2,20.249999999999996,0.8,0.8,900.0,0.01,0.0,15,0.5,0.01515449,0.06896097499946001
13.92,900.6180312405874,0.12581030929869066,0.0,0.2,0.2,20.249999999999996,0.8,0.8,900.0,0.01,0.0,15,0.5,0.017387242,0.06896152760788533
13.93,900.618036252303,0.12633438225345645,0.0,0.2,0.2,20.249999999999996,0.8,0.8,900.0,0.01,0.0,15,0.5,0.01518101,0.06896203314325768
13.94,900.6180408408122,0.12678228486794618,0.0,0.2,0.2,20.249999999999996,0.8,0.8,900.0,0.01,0.0,15,0.5,0.014901479,0.06896248706832907
13.950000000000001,900.6180449624931,0.12715305419213968,0.0,0.2,0.2,20.249999999999996,0.8,0.8,900.0,0.01,0.0,15,0.5,0.01706927,0.06896288509110944
13.96,900.6180485794206,0.12744644941125172,0.0,0.2,0.2,20.249999999999996,0.8,0.8,900.0,0.01,0.0,15,0.5,0.014809619,0.06896322382840761
13.97,900.6180516611932,0.12766287718486505,0.0,0.2,0.2,20.249999999999996,0.8,0.8,900.0,0.01,0.0,15,0.5,0.015382701,0.06896350095835838
13.98,900.6180541875129,0.12780341833360165,0.0,0.2,0.2,20.249999999999996,0.8,0.8,900.0,0.01,0.0,15,0.5,0.017794734,0.06896371565243926
13.99,900.6180561502648,0.12786976414828233,0.0,0.2,0.2,20.249999999999996,0.8,0.8,900.0,0.01,0.0,15,0.5,0.015285761,0.06896386833072277
14.0,900.618057552298,0.12786429172129293,0.0,0.2,0.2,20.249999999999996,0.8,0.8,900.0,0.01,0.0,15,0.5,0.015393701,0.06896396044853195
14.01,900.6180584066711,0.12779010351678824,0.0,0.2,0.2,20.249999999999996,0.8,0.8,900.0,0.01,0.0,15,0.5,0.017562152,0.06896399447286511
14.02,900.6180587354053,0.127650992578319,0.0,0.2,0.2,20.249999999999996,0.8,0.8,900.0,0.01,0.0,15,0.5,0.014934269,0.06896397390997613
14.030000000000001,900.6180585682691,0.12745146357464232,0.0,0.2,0.2,20.249999999999996,0.8,0.8,900.0,0.01,0.0,15,0.5,0.015078989,0.06896390349876973
14.040000000000001,900.6180579542404,0.1271967050295574,0.0,0.2,0.2,20.249999999999996,0.8,0.8,900.0,0.01,0.0,15,0.5,0.017990415,0.06896378988556165
14.05,900.6180569513532,0.12689211363083633,0.0,0.2,0.2,20.249999999999996,0.8,0.8,900.0,0.01,0.0,15,0.5,0.014747517,0.06896363986476234
14.06,900.6180556233423,0.12654331226176496,0.0,0.2,0.2,20.249999999999996,0.8,0.8,900.0,0.01,0.0,15,0.5,0.0149758,0.06896346059584708
14.07,900.6180540299065,0.126155998477503,0.0,0.2,0.2,20.249999999999996,0.8,0.8,900.0,0.01,0.0,15,0.5,0.017555902,0.06896325813603485
14.08,900.6180522273027,0.12573616841330906,0.0,0.2,0.2,20.249999999999996,0.8,0.8,900.0,0.01,0.0,15,0.5,0.015296201,0.06896303793626431
14.09,900.6180502637127,0.12528990818882488,0.0,0.2,0.2,20.249999999999996,0.8,0.8,900.0,0.01,0.0,15,0.5,0.015057769,0.06896280391342086
14.1,900.6180481734132,0.12482340502466492,0.0,0.2,0.2,20.249999999999996,0.8,0.8,900.0,0.01,0.0,15,0.5,0.017848164,0.06896255799292882
14.11,900.6180459736399,0.12434291562995493,0.0,0.2,0.2,20.249999999999996,0.8,0.8,900.0,0.01,0.0,15,0.5,0.014632987,0.06896230027258862
14.120000000000001,900.6180436654472,0.12385471347289567,0.0,0.2,0.2,20.249999999999996,0.8,0.8,900.0,0.01,0.0,15,0.5,0.014928449,0.06896202951581086
14.13,900.6180412401059,0.12336499116696786,0.0,0.2,0.2,20.249999999999996,0.8,0.8,900.0,0.01,0.0,15,0.5,0.018070245,0.06896174436877202
14.14,900.618038687921,0.1228795560273844,0.0,0.2,0.2,20.249999999999996,0.8,0.8,900.0,0.01,0.0,15,0.5,0.01501214,0.06896144355549744
14.15,900.6180359930281,0.12240374434638185,0.0,0.2,0.2,20.249999999999996,0.8,0.8,900.0,0.01,0.0,15,0.5,0.015814623,0.06896112472625258
14.16,900.6180331364397,0.12194264266998876,0.0,0.2,0.2,20.249999999999996,0.8,0.8,900.0,0.01,0.0,15,0.5,0.018251706,0.06896078627201627
14.17,900.6180301036111,0.12150085046454423,0.0,0.2,0.2,20.249999999999996,0.8,0.8,900.0,0.01,0.0,15,0.5,0.01500699,0.06896042732567359
14.18,900.6180268860124,0.12108251910132523,0.0,0.2,0.2,20.249999999999996,0.8,0.8,900.0,0.01,0.0,15,0.5,0.014724218,0.06896004822624423
14.19,900.6180234868606,0.12069136714240783,0.0,0.2,0.2,20.249999999999996,0.8,0.8,900.0,0.01,0.0,15,0.5,0.017605333,0.0689596512173578
14.200000000000001,900.6180199269462,0.12033066002456973,0.0,0.2,0.2,20.249999999999996,0.8,0.8,900.0,0.01,0.0,15,0.5,0.015371451,0.06895924079945095
14.21,900.6180162473374,0.12000315207130523,0.0,0.2,0.2,20.249999999999996,0.8,0.8,900.0,0.01,0.0,15,0.5,0.015286661,0.0689588236236011
14.22,900.618012507303,0.11971105868522168,0.0,0.2,0.2,20.249999999999996,0.8,0.8,900.0,0.01,0.0,15,0.5,0.017932435,0.06895840803309986
14.23,900.6180087813557,0.11945609371111264,0.0,0.2,0.2,20.249999999999996,0.8,0.8,900.0,0.01,0.0,15,0.5,0.01504895,0.0689580037001743
14.24,900.6180051581641,0.11923950170894124,0.0,0.2,0.2,20.249999999999996,0.8,0.8,900.0,0.01,0.0,15,0.5,0.014974059,0.06895762193472611
14.25,900.6180017430243,0.11906181913062648,0.0,0.2,0.2,20.249999999999996,0.8,0.8,900.0,0.01,0.0,15,0.5,0.017752274,0.06895727558370414
14.26,900.6179986458682,0.11892275933823993,0.0,0.2,0.2,20.249999999999996,0.8,0.8,900.0,0.01,0.0,15,0.5,0.015086749,0.06895697668565817
14.27,900.6179959740873,0.11882163709445809,0.0,0.2,0.2,20.249999999999996,0.8,0.8,900.0,0.01,0.0,15,0.5,0.015807543,0.06895673571759024
14.280000000000001,900.6179938222588,0.1187574410584482,0.0,0.2,0.2,20.249999999999996,0.8,0.8,900.0,0.01,0.0,15,0.5,0.018025615,0.06895656108512
14.290000000000001,900.6179922683014,0.11872874402535218,0.0,0.2,0.2,20.249999999999996,0.8,0.8,900.0,0.01,0.0,15,0.5,0.014982579,0.06895645868729416
14.3,900.6179913614451,0.11873364311795927,0.0,0.2,0.2,20.249999999999996,0.8,0.8,900.0,0.01,0.0,15,0.5,0.014619277,0.06895642961016928
14.31,900.6179911098948,0.11877006017337026,0.0,0.2,0.2,20.249999999999996,0.8,0.8,900.0,0.01,0.0,15,0.5,0.017295082,0.06895646988763614
14.32,900.6179914786096,0.11883585864915425,0.0,0.2,0.2,20.249999999999996,0.8,0.8,900.0,0.01,0.0,15,0.5,0.014859198,0.0689565711479581
14.33,900.6179923929186,0.11892878927087788,0.0,0.2,0.2,20.249999999999996,0.8,0.8,900.0,0.01,0.0,15,0.5,0.015354351,0.06895672129741913
14.34,900.6179937426114,0.11904657427726532,0.0,0.2,0.2,20.249999999999996,0.8,0.8,900.0,0.01,0.0,15,0.5,0.017472562,0.06895690520680704
14.35,900.6179953914791,0.11918704098450027,0.0,0.2,0.2,20.249999999999996,0.8,0.8,900.0,0.01,0.0,15,0.5,0.01514949,0.06895710587492425
14.36,900.6179971867147,0.11934823537955681,0.0,0.2,0.2,20.249999999999996,0.8,0.8,900.0,0.01,0.0,15,0.5,0.015764523,0.0689573057251129
14.370000000000001,900.6179989706999,0.11952849309372816,0.0,0.2,0.2,20.249999999999996,0.8,0.8,900.0,0.01,0.0,15,0.5,0.017710074,0.06895748809736844
14.38,900.6180005951722,0.11972648968595231,0.0,0.2,0.2,20.249999999999996,0.8,0.8,900.0,0.01,0.0,15,0.5,0.014661827,0.0689576387657047
14.39,900.6180019336409,0.11994116265403622,0.0,0.2,0.2,20.249999999999996,0.8,0.8,900.0,0.01,0.0,15,0.5,0.015545112,0.06895774695909941
14.4,900.6180028893648,0.1201717021387937,0.0,0.2,0.2,20.249999999999996,0.8,0.8,900.0,0.01,0.0,15,0.5,0.018437097,0.0689578061091364
14.41,900.618003404827,0.12041761008152656,0.0,0.2,0.2,20.249999999999996,0.8,0.8,900.0,0.01,0.0,15,0.5,0.015117109,0.0689578146604074
14.42,900.6180034653246,0.12067870391120605,0.0,0.2,0.2,20.249999999999996,0.8,0.8,900.0,0.01,0.0,15,0.5,0.014636408,0.06895777623159768
14.43,900.6180031072902,0.1209550449670017,0.0,0.2,0.2,20.249999999999996,0.8,0.8,900.0,0.01,0.0,15,0.5,0.017654653,0.06895770083532016
14.44,900.6180024207596,0.12124664740410393,0.0,0.2,0.2,20.249999999999996,0.8,0.8,900.0,0.01,0.0,15,0.5,0.015047949,0.06895760318291752
14.450000000000001,900.6180015346162,0.12155355950001892,0.0,0.2,0.2,20.249999999999996,0.8,0.8,900.0,0.01,0.0,15,0.5,0.015442572,0.06895749969962692
14.46,900.6180005945282,0.12187617988821323,0.0,0.2,0.2,20.249999999999996,0.8,0.8,900.0,0.01,0.0,15,0.5,0.017233851,0.06895740692978394
14.47,900.617999749582,0.12221532450278277,0.0,0.2,0.2,20.249999999999996,0.8,0.8,900.0,0.01,0.0,15,0.5,0.014513817,0.06895734052698507
14.48,900.6179991390368,0.12257217610555234,0.0,0.2,0.2,20.249999999999996,0.8,0.8,900.0,0.01,0.0,15,0.5,0.015023399,0.06895731345896688
14.49,900.6179988793341,0.12294833590290011,0.0,0.2,0.2,20.249999999999996,0.8,0.8,900.0,0.01,0.0,15,0.5,0.017887815,0.06895733506948824
14.5,900.6179990553875,0.12334574657305941,0.0,0.2,0.2,20.249999999999996,0.8,0.8,900.0,0.01,0.0,15,0.5,0.01514009,0.06895741044520984
14.51,900.6179997119295,0.12376658483841306,0.0,0.2,0.2,20.249999999999996,0.8,0.8,900.0,0.01,0.0,15,0.5,0.014662308,0.06895753948513803
14.52,900.6180008476761,0.12421330262860594,0.0,0.2,0.2,20.249999999999996,0.8,0.8,900.0,0.01,0.0,15,0.5,0.017644143,0.06895771706384729
14.530000000000001,900.6180024173431,0.12468860102937389,0.0,0.2,0.2,20.249999999999996,0.8,0.8,900.0,0.01,0.0,15,0.5,0.014939339,0.06895793395190913
14.540000000000001,900.6180043436224,0.12519531311255636,0.0,0.2,0.2,20.249999999999996,0.8,0.8,900.0,0.01,0.0,15,0.5,0.014794719,0.06895817971514791
14.55,900.6180065325694,0.12573582376377077,0.0,0.2,0.2,20.249999999999996,0.8,0.8,900.0,0.01,0.0,15,0.5,0.017398631,0.06895844233893952
14.56,900.6180088714164,0.12631227523982924,0.0,0.2,0.2,20.249999999999996,0.8,0.8,900.0,0.01,0.0,15,0.5,0.014972629,0.06895870774074081
14.57,900.6180112340546,0.12692687328621596,0.0,0.2,0.2,20.249999999999996,0.8,0.8,900.0,0.01,0.0,15,0.5,0.015045109,0.06895896179590809
14.58,900.6180134957872,0.12758185149155105,0.0,0.2,0.2,20.249999999999996,0.8,0.8,900.0,0.01,0.0,15,0.5,0.017831755,0.06895919216268204
14.59,900.618015547816,0.12827923334858446,0.0,0.2,0.2,20.249999999999996,0.8,0.8,900.0,0.01,0.0,15,0.5,0.014967569,0.06895938938154737
14.6,900.6180173051243,0.12902074998139565,0.0,0.2,0.2,20.249999999999996,0.8,0.8,900.0,0.01,0.0,15,0.5,0.01512901,0.06895954752699866
14.61,900.618018713016,0.12980789937704362,0.0,0.2,0.2,20.249999999999996,0.8,0.8,900.0,0.01,0.0,15,0.5,0.017285041,0.06895966482424548
14.620000000000001,900.6180197561224,0.13064202464452046,0.0,0.2,0.2,20.249999999999996,0.8,0.8,900.0,0.01,0.0,15,0.5,0.014815408,0.06895974365858049
14.63,900.618020455915,0.13152428135997804,0.0,0.2,0.2,20.249999999999996,0.8,0.8,900.0,0.01,0.0,15,0.5,0.014985519,0.06895978999584046
14.64,900.6180208655741,0.13245560661308217,0.0,0.2,0.2,20.249999999999996,0.8,0.8,900.0,0.01,0.0,15,0.5,0.017049419,0.06895981254600583
14.65,900.6180210630341,0.13343673739364253,0.0,0.2,0.2,20.249999999999996,0.8,0.8,900.0,0.01,0.0,15,0.5,0.014616608,0.06895982178607396
14.66,900.6180211432189,0.1344681822285311,0.0,0.2,0.2,20.249999999999996,0.8,0.8,900.0,0.01,0.0,15,0.5,0.014847898,0.068959828972582
14.67,900.618021206625,0.1355501697130345,0.0,0.2,0.2,20.249999999999996,0.8,0.8,900.0,0.01,0.0,15,0.5,0.017305282,0.06895984502792234
14.68,900.6180213545161,0.13668262970911826,0.0,0.2,0.2,20.249999999999996,0.8,0.8,900.0,0.01,0.0,15,0.5,0.015389491,0.06895988034968714
14.69,900.6180216813314,0.13786484006281316,0.0,0.2,0.2,20.249999999999996,0.8,0.8,900.0,0.01,0.0,15,0.5,0.015600983,0.06895994280948635
14.700000000000001,900.6180222525423,0.13909548160825067,0.0,0.2,0.2,20.249999999999996,0.8,0.8,900.0,0.01,0.0,15,0.5,0.01705592,0.06896003659772537
14.71,900.6180231078372,0.14037291178358421,0.0,0.2,0.2,20.249999999999996,0.8,0.8,900.0,0.01,0.0,15,0.5,0.014716108,0.06896016318112068
14.72,900.6180242572611,0.1416951258986729,0.0,0.2,0.2,20.249999999999996,0.8,0.8,900.0,0.01,0.0,15,0.5,0.014939999,0.06896032025011836
14.73,900.6180256794656,0.14305995132693358,0.0,0.2,0.2,20.249999999999996,0.8,0.8,900.0,0.01,0.0,15,0.5,0.017430902,0.06896050240643334
14.74,900.6180273269158,0.14446508910641165,0.0,0.2,0.2,20.249999999999996,0.8,0.8,900.0,0.01,0.0,15,0.5,0.015302581,0.06896070228607999
14.75,900.6180291339537,0.14590807734218675,0.0,0.2,0.2,20.249999999999996,0.8,0.8,900.0,0.01,0.0,15,0.5,0.014902819,0.06896091130725382
14.76,900.6180310233825,0.1473863466142693,0.0,0.2,0.2,20.249999999999996,0.8,0.8,900.0,0.01,0.0,15,0.5,0.017152561,0.0689611205922312
14.77,900.6180329162985,0.14889724000681467,0.0,0.2,0.2,20.249999999999996,0.8,0.8,900.0,0.01,0.0,15,0.5,0.01513523,0.0689613217249173
14.780000000000001,900.6180347359376,0.1504380429808163,0.0,0.2,0.2,20.249999999999996,0.8,0.8,900.0,0.01,0.0,15,0.5,0.014976149,0.06896150725586167
14.790000000000001,900.6180364169048,0.15200604508975166,0.0,0.2,0.2,20.249999999999996,0.8,0.8,900.0,0.01,0.0,15,0.5,0.017254961,0.06896167211137853
14.8,900.6180379129046,0.15359850008417092,0.0,0.2,0.2,20.249999999999996,0.8,0.8,900.0,0.01,0.0,15,0.5,0.015162311,0.06896181370026476
14.81,900.6180392004197,0.1552127629311329,0.0,0.2,0.2,20.249999999999996,0.8,0.8,900.0,0.01,0.0,15,0.5,0.014912229,0.06896193203677392
14.82,900.6180402795696,0.15684632943574991,0.0,0.2,0.2,20.249999999999996,0.8,0.8,900.0,0.01,0.0,15,0.5,0.017528042,0.0689620295744488
14.83,900.6180411725384,0.15849686997600118,0.0,0.2,0.2,20.249999999999996,0.8,0.8,900.0,0.01,0.0,15,0.5,0.01513889,0.06896211098173408
14.84,900.6180419245374,0.16016218405636087,0.0,0.2,0.2,20.249999999999996,0.8,0.8,900.0,0.01,0.0,15,0.5,0.014638308,0.06896218346149864
14.85,900.618042597827,0.1618399762537461,0.0,0.2,0.2,20.249999999999996,0.8,0.8,900.0,0.01,0.0,15,0.5,0.017365562,0.06896225450752176
14.86,900.6180432577161,0.16352807407339637,0.0,0.2,0.2,20.249999999999996,0.8,0.8,900.0,0.01,0.0,15,0.5,0.015388291,0.06896233074559446
14.870000000000001,900.6180439627963,0.16522456350179174,0.0,0.2,0.2,20.249999999999996,0.8,0.8,900.0,0.01,0.0,15,0.5,0.014978909,0.06896241762844761
14.88,900.6180447615877,0.16692783587282675,0.0,0.2,0.2,20.249999999999996,0.8,0.8,900.0,0.01,0.0,15,0.5,0.017421903,0.0689625191482673
14.89,900.6180456910309,0.16863659960342173,0.0,0.2,0.2,20.249999999999996,0.8,0.8,900.0,0.01,0.0,15,0.5,0.014708957,0.06896263782530093
14.9,900.6180467796243,0.17034971383708727,0.0,0.2,0.2,20.249999999999996,0.8,0.8,900.0,0.01,0.0,15,0.5,0.014951138,0.06896277507793791
14.91,900.6180480338508,0.1720658744207596,0.0,0.2,0.2,20.249999999999996,0.8,0.8,900.0,0.01,0.0,15,0.5,0.017435232,0.06896292889903295
14.92,900.6180494356283,0.1737839737947468,0.0,0.2,0.2,20.249999999999996,0.8,0.8,900.0,0.01,0.0,15,0.5,0.014961479,0.06896309524763859
14.93,900.618050948202,0.1755030817226132,0.0,0.2,0.2,20.249999999999996,0.8,0.8,900.0,0.01,0.0,15,0.5,0.014598667,0.06896326848644616
14.94,900.6180525225644,0.17722248356441045,0.0,0.2,0.2,20.249999999999996,0.8,0.8,900.0,0.01,0.0,15,0.5,0.01691196,0.06896344258257886
14.950000000000001,900.6180541051301,0.1789415092814342,0.0,0.2,0.2,20.249999999999996,0.8,0.8,900.0,0.01,0.0,15,0.5,0.014754328,0.06896361183661238
14.96,900.6180556431177,0.1806595211013734,0.0,0.2,0.2,20.249999999999996,0.8,0.8,900.0,0.01,0.0,15,0.5,0.014876788,0.06896377090122399
14.97,900.6180570885859,0.1823760662005531,0.0,0.2,0.2,20.249999999999996,0.8,0.8,900.0,0.01,0.0,15,0.5,0.01713863,0.06896391553057366
14.98,900.6180584036643,0.18409087282344397,0.0,0.2,0.2,20.249999999999996,0.8,0.8,900.0,0.01,0.0,15,0.5,0.014592167,0.06896404321232111
14.99,900.6180595669144,0.1858038269997949,0.0,0.2,0.2,20.249999999999996,0.8,0.8,900.0,0.01,0.0,15,0.5,0.01506259,0.06896415387067721
15.0,900.6180605775468,0.18751489397513835,0.0,0.2,0.2,20.249999999999996,0.8,0.8,900.0,0.01,0.0,15,0.5,0.01705646,0.06896424965272777
