time,density,kinetic_energy,stiffness,fluid_viscosity,boundary_viscosity,fluid_depth,rest_density_grid_spacing,smoothing_length,rest_density,time_step_size,target_density_error,solver_iterations,relaxation_factor,time_step_wall_clock_time,predicted_density_error
5.0,900.4660078543751,0.02911499482328721,0.0,0.2,0.2,20.249999999999996,0.8,0.8,900.0,0.01,0.0,20,0.5,0.019274932,0.051995879935716624
5.01,900.4659491655146,0.029063926078593892,0.0,0.2,0.2,20.249999999999996,0.8,0.8,900.0,0.01,0.0,20,0.5,0.023250997,0.05198903356236736
5.0200000000000005,900.4658878353905,0.029015321271806643,0.0,0.2,0.2,20.249999999999996,0.8,0.8,900.0,0.01,0.0,20,0.5,0.019341382,0.051982657172584476
5.03,900.4658307414736,0.02896930484717513,0.0,0.2,0.2,20.249999999999996,0.8,0.8,900.0,0.01,0.0,20,0.5,0.019217141,0.05197744873305667
5.04,900.4657841324656,0.028926171020416818,0.0,0.2,0.2,20.249999999999996,0.8,0.8,900.0,0.01,0.0,20,0.5,0.022081289,0.05197396072581648
5.05,900.4657529514517,0.028886264203855955,0.0,0.2,0.2,20.249999999999996,0.8,0.8,900.0,0.01,0.0,20,0.5,0.019319082,0.05197254240115537
5.0600000000000005,900.4657403192305,0.02884984660518809,0.0,0.2,0.2,20.249999999999996,0.8,0.8,900.0,0.01,0.0,20,0.5,0.019008201,0.05197330587167607
5.07,900.465747231597,0.028817011278491945,0.0,0.2,0.2,20.249999999999996,0.8,0.8,900.0,0.01,0.0,20,0.5,0.02213081,0.05197611924885546
5.08,900.46577249882,0.028787670683030623,0.0,0.2,0.2,20.249999999999996,0.8,0.8,900.0,0.01,0.0,20,0.5,0.019186731,0.05198062694565999
5.09,900.4658129283675,0.028761621001994055,0.0,0.2,0.2,20.249999999999996,0.8,0.8,900.0,0.01,0.0,20,0.5,0.019250762,0.05198629426451683
5.1000000000000005,900.4658637251528,0.02873864911920637,0.0,0.2,0.2,20.249999999999996,0.8,0.8,900.0,0.01,0.0,20,0.5,0.021860329,0.05199247075561796
5.11,900.46591905955,0.028718633865118238,0.0,0.2,0.2,20.249999999999996,0.8,0.8,900.0,0.01,0.0,20,0.5,0.019022281,0.05199846488720654
5.12,900.4659727365208,0.028701599719012216,0.0,0.2,0.2,20.249999999999996,0.8,0.8,900.0,0.01,0.0,20,0.5,0.01887551,0.05200362148547723
5.13,900.4660188893939,0.028687703665820987,0.0,0.2,0.2,20.249999999999996,0.8,0.8,900.0,0.01,0.0,20,0.5,0.021916599,0.05200739337845172
5.14,900.4660526213111,0.0286771598494075,0.0,0.2,0.2,20.249999999999996,0.8,0.8,900.0,0.01,0.0,20,0.5,0.019215891,0.05200939943107905
5.15,900.466070524471,0.028670141375740824,0.0,0.2,0.2,20.249999999999996,0.8,0.8,900.0,0.01,0.0,20,0.5,0.01883876,0.05200946285287912
5.16,900.4660710226178,0.028666703875633102,0.0,0.2,0.2,20.249999999999996,0.8,0.8,900.0,0.01,0.0,20,0.5,0.021723017,0.05200762599771512
5.17,900.4660545027667,0.028666762124106515,0.0,0.2,0.2,20.249999999999996,0.8,0.8,900.0,0.01,0.0,20,0.5,0.018846179,0.05200414055639443
5.18,900.4660232265132,0.028670128559554083,0.0,0.2,0.2,20.249999999999996,0.8,0.8,900.0,0.01,0.0,20,0.5,0.018574648,0.051999434789744975
5.19,900.4659810356335,0.028676595951317222,0.0,0.2,0.2,20.249999999999996,0.8,0.8,900.0,0.01,0.0,20,0.5,0.02216531,0.051994061950413256
5.2,900.4659328895585,0.028686028898666442,0.0,0.2,0.2,20.249999999999996,0.8,0.8,900.0,0.01,0.0,20,0.5,0.0189452,0.051988636061893814
5.21,900.4658842897544,0.028698423866132076,0.0,0.2,0.2,20.249999999999996,0.8,0.8,900.0,0.01,0.0,20,0.5,0.018884819,0.05198376246867884
5.22,900.4658406575287,0.028713913175617466,0.0,0.2,0.2,20.249999999999996,0.8,0.8,900.0,0.01,0.0,20,0.5,0.02207357,0.05197997098571118
5.23,900.4658067353197,0.02873271435040785,0.0,0.2,0.2,20.249999999999996,0.8,0.8,900.0,0.01,0.0,20,0.5,0.018855669,0.05197765900302904
5.24,900.4657860775786,0.028755048804885504,0.0,0.2,0.2,20.249999999999996,0.8,0.8,900.0,0.01,0.0,20,0.5,0.019304252,0.05197705062884234
5.25,900.4657806854121,0.028781064301382362,0.0,0.2,0.2,20.249999999999996,0.8,0.8,900.0,0.01,0.0,20,0.5,0.021856029,0.051978176013677845
5.26,900.4657908221157,0.028810793300159364,0.0,0.2,0.2,20.249999999999996,0.8,0.8,900.0,0.01,0.0,20,0.5,0.019746905,0.05198087266186775
5.2700000000000005,900.4658150256397,0.028844162053664593,0.0,0.2,0.2,20.249999999999996,0.8,0.8,900.0,0.01,0.0,20,0.5,0.019036581,0.05198480803940978
5.28,900.4658503118458,0.0288810450417251,0.0,0.2,0.2,20.249999999999996,0.8,0.8,900.0,0.01,0.0,20,0.5,0.021671917,0.05198952047346547
5.29,900.4658925414215,0.028921337156845184,0.0,0.2,0.2,20.249999999999996,0.8,0.8,900.0,0.01,0.0,20,0.5,0.018890189,0.05199447335788728
5.3,900.4659369058952,0.0289650120609549,0.0,0.2,0.2,20.249999999999996,0.8,0.8,900.0,0.01,0.0,20,0.5,0.018939769,0.05199911636225179
5.3100000000000005,900.4659784758771,0.029012140308354976,0.0,0.2,0.2,20.249999999999996,0.8,0.8,900.0,0.01,0.0,20,0.5,0.022025989,0.052002946638782355
5.32,900.466012749319,0.02906286678701974,0.0,0.2,0.2,20.249999999999996,0.8,0.8,900.0,0.01,0.0,20,0.5,0.018709758,0.05200556331721512
5.33,900.4660361394857,0.029117355048872674,0.0,0.2,0.2,20.249999999999996,0.8,0.8,900.0,0.01,0.0,20,0.5,0.01893423,0.05200670941209537
5.34,900.4660463497283,0.029175724585495683,0.0,0.2,0.2,20.249999999999996,0.8,0.8,900.0,0.01,0.0,20,0.5,0.022216671,0.05200629678794839
5.3500000000000005,900.4660425965374,0.02923800948985018,0.0,0.2,0.2,20.249999999999996,0.8,0.8,900.0,0.01,0.0,20,0.5,0.01894183,0.052004411833773856
5.36,900.4660256596961,0.02930415537590503,0.0,0.2,0.2,20.249999999999996,0.8,0.8,900.0,0.01,0.0,20,0.5,0.018729858,0.05200130167623587
5.37,900.4659977581877,0.029374054462680207,0.0,0.2,0.2,20.249999999999996,0.8,0.8,900.0,0.01,0.0,20,0.5,0.022108779,0.05199734293654186
5.38,900.4659622696003,0.029447597203516408,0.0,0.2,0.2,20.249999999999996,0.8,0.8,900.0,0.01,0.0,20,0.5,0.019412242,0.051992996856725614
5.39,900.465923327801,0.02952472925694602,0.0,0.2,0.2,20.249999999999996,0.8,0.8,900.0,0.01,0.0,20,0.5,0.019220811,0.05198875616819195
5.4,900.4658853468727,0.029605482628641416,0.0,0.2,0.2,20.249999999999996,0.8,0.8,900.0,0.01,0.0,20,0.5,0.022007209,0.05198508979159264
5.41,900.4658525257335,0.02968996793147671,0.0,0.2,0.2,20.249999999999996,0.8,0.8,900.0,0.01,0.0,20,0.5,0.018794039,0.05198239152758089
5.42,900.4658283887447,0.02977833474659131,0.0,0.2,0.2,20.249999999999996,0.8,0.8,900.0,0.01,0.0,20,0.5,0.01903653,0.05198093833217876
5.43,900.4658154123135,0.029870718576218862,0.0,0.2,0.2,20.249999999999996,0.8,0.8,900.0,0.01,0.0,20,0.5,0.021886529,0.051980862561470956
5.44,900.4658147768556,0.029967197906252706,0.0,0.2,0.2,20.249999999999996,0.8,0.8,900.0,0.01,0.0,20,0.5,0.019231322,0.05198214092415773
5.45,900.4658262684219,0.030067777493848244,0.0,0.2,0.2,20.249999999999996,0.8,0.8,900.0,0.01,0.0,20,0.5,0.01894025,0.05198460093232487
5.46,900.4658483370463,0.030172404049057976,0.0,0.2,0.2,20.249999999999996,0.8,0.8,900.0,0.01,0.0,20,0.5,0.021609297,0.05198794369483065
5.47,900.4658783014717,0.03028100577043641,0.0,0.2,0.2,20.249999999999996,0.8,0.8,900.0,0.01,0.0,20,0.5,0.019488613,0.05199178012317658
5.48,900.465912673863,0.03039353672455533,0.0,0.2,0.2,20.249999999999996,0.8,0.8,900.0,0.01,0.0,20,0.5,0.018856409,0.05199567620054452
5.49,900.4659475655826,0.030510006876227406,0.0,0.2,0.2,20.249999999999996,0.8,0.8,900.0,0.01,0.0,20,0.5,0.021824508,0.0519992020823499
5.5,900.4659791270063,0.030630485370536677,0.0,0.2,0.2,20.249999999999996,0.8,0.8,900.0,0.01,0.0,20,0.5,0.019580674,0.05200197950329841
5.51,900.466003972049,0.030755076338881093,0.0,0.2,0.2,20.249999999999996,0.8,0.8,900.0,0.01,0.0,20,0.5,0.019299952,0.052003722296548746
5.5200000000000005,900.4660195408711,0.03088387919002847,0.0,0.2,0.2,20.249999999999996,0.8,0.8,900.0,0.01,0.0,20,0.5,0.02207394,0.05200426570532076
5.53,900.4660243620267,0.03101695297904289,0.0,0.2,0.2,20.249999999999996,0.8,0.8,900.0,0.01,0.0,20,0.5,0.018710338,0.05200358154549567
5.54,900.4660181877613,0.03115429734064271,0.0,0.2,0.2,20.249999999999996,0.8,0.8,900.0,0.01,0.0,20,0.5,0.019334242,0.05200177788297532
5.55,900.4660019906121,0.031295859021984423,0.0,0.2,0.2,20.249999999999996,0.8,0.8,900.0,0.01,0.0,20,0.5,0.021935659,0.05199908365703522
5.5600000000000005,900.4659778251532,0.03144156032551514,0.0,0.2,0.2,20.249999999999996,0.8,0.8,900.0,0.01,0.0,20,0.5,0.019582483,0.05199582032454365
5.57,900.4659485735839,0.03159133710867324,0.0,0.2,0.2,20.249999999999996,0.8,0.8,900.0,0.01,0.0,20,0.5,0.01901606,0.0519923639922694
5.58,900.4659176063332,0.031745170067279754,0.0,0.2,0.2,20.249999999999996,0.8,0.8,900.0,0.01,0.0,20,0.5,0.022065859,0.05198910248336501
5.59,900.4658883974632,0.03190309260503235,0.0,0.2,0.2,20.249999999999996,0.8,0.8,900.0,0.01,0.0,20,0.5,0.018780279,0.051986392206208085
5.6000000000000005,900.46586413768,0.03206517585150282,0.0,0.2,0.2,20.249999999999996,0.8,0.8,900.0,0.01,0.0,20,0.5,0.018843199,0.05198451952060136
5.61,900.4658473893172,0.03223150813701715,0.0,0.2,0.2,20.249999999999996,0.8,0.8,900.0,0.01,0.0,20,0.5,0.022571893,0.05198367091450752
5.62,900.4658398191834,0.03240216076886265,0.0,0.2,0.2,20.249999999999996,0.8,0.8,900.0,0.01,0.0,20,0.5,0.019117121,0.05198391495682289
5.63,900.465842037335,0.03257716526278321,0.0,0.2,0.2,20.249999999999996,0.8,0.8,900.0,0.01,0.0,20,0.5,0.01901066,0.05198519775108099
5.64,900.4658535569091,0.03275650959981335,0.0,0.2,0.2,20.249999999999996,0.8,0.8,900.0,0.01,0.0,20,0.5,0.022209341,0.05198735203991042
5.65,900.4658728760454,0.032940152513408545,0.0,0.2,0.2,20.249999999999996,0.8,0.8,900.0,0.01,0.0,20,0.5,0.018737749,0.05199011858308849
5.66,900.4658976698562,0.033128049180677015,0.0,0.2,0.2,20.249999999999996,0.8,0.8,900.0,0.01,0.0,20,0.5,0.01898458,0.05199317715356989
5.67,900.4659250683196,0.033320172691287155,0.0,0.2,0.2,20.249999999999996,0.8,0.8,900.0,0.01,0.0,20,0.5,0.021895098,0.051996183440010085
5.68,900.4659519867741,0.03351652687118999,0.0,0.2,0.2,20.249999999999996,0.8,0.8,900.0,0.01,0.0,20,0.5,0.019276132,0.05199880763099699
5.69,900.4659754718465,0.03371714680390547,0.0,0.2,0.2,20.249999999999996,0.8,0.8,900.0,0.01,0.0,20,0.5,0.01899182,0.05200077044740318
5.7,900.4659930239444,0.03392208055044588,0.0,0.2,0.2,20.249999999999996,0.8,0.8,900.0,0.01,0.0,20,0.5,0.022507093,0.05200187264764074
5.71,900.4660028613172,0.03413136477988622,0.0,0.2,0.2,20.249999999999996,0.8,0.8,900.0,0.01,0.0,20,0.5,0.019406373,0.05200201494141623
5.72,900.4660040980829,0.03434500505165827,0.0,0.2,0.2,20.249999999999996,0.8,0.8,900.0,0.01,0.0,20,0.5,0.01886812,0.05200120636318616
5.73,900.465996818804,0.034562969379455875,0.0,0.2,0.2,20.249999999999996,0.8,0.8,900.0,0.01,0.0,20,0.5,0.021771828,0.05199956047496338
5.74,900.4659820441196,0.03478519819736621,0.0,0.2,0.2,20.249999999999996,0.8,0.8,900.0,0.01,0.0,20,0.5,0.018657168,0.05199728014646677
5.75,900.4659615940376,0.03501162574399566,0.0,0.2,0.2,20.249999999999996,0.8,0.8,900.0,0.01,0.0,20,0.5,0.01894379,0.05199463288307315
5.76,900.4659378666163,0.03524220375643985,0.0,0.2,0.2,20.249999999999996,0.8,0.8,900.0,0.01,0.0,20,0.5,0.021914268,0.05199191966470373
5.7700000000000005,900.4659135586843,0.035476916513354405,0.0,0.2,0.2,20.249999999999996,0.8,0.8,900.0,0.01,0.0,20,0.5,0.018868459,0.051989440898836774
5.78,900.4658913607753,0.035715783027654185,0.0,0.2,0.2,20.249999999999996,0.8,0.8,900.0,0.01,0.0,20,0.5,0.019185792,0.05198746331239952
5.79,900.4658736605429,0.03595884850599097,0.0,0.2,0.2,20.249999999999996,0.8,0.8,900.0,0.01,0.0,20,0.5,0.02212011,0.051986191414740486
5.8,900.4658622875239,0.03620616709573787,0.0,0.2,0.2,20.249999999999996,0.8,0.8,900.0,0.01,0.0,20,0.5,0.019209821,0.051985746600525996
5.8100000000000005,900.4658583261526,0.036457782295960715,0.0,0.2,0.2,20.249999999999996,0.8,0.8,900.0,0.01,0.0,20,0.5,0.01891203,0.05198615593147066
5.82,900.4658620155843,0.03671371456665779,0.0,0.2,0.2,20.249999999999996,0.8,0.8,900.0,0.01,0.0,20,0.5,0.021836538,0.0519873516071433
5.83,900.4658727453985,0.03697396119228452,0.0,0.2,0.2,20.249999999999996,0.8,0.8,900.0,0.01,0.0,20,0.5,0.01899019,0.051989180907964005
5.84,900.4658891449355,0.037238506050322,0.0,0.2,0.2,20.249999999999996,0.8,0.8,900.0,0.01,0.0,20,0.5,0.01894754,0.051991425219783054
5.8500000000000005,900.4659092539866,0.03750733501920665,0.0,0.2,0.2,20.249999999999996,0.8,0.8,900.0,0.01,0.0,20,0.5,0.022396422,0.05199382581393578
5.86,900.4659307539542,0.03778044924574025,0.0,0.2,0.2,20.249999999999996,0.8,0.8,900.0,0.01,0.0,20,0.5,0.019044571,0.05199611336573251
5.87,900.4659512323228,0.03805787023859777,0.0,0.2,0.2,20.249999999999996,0.8,0.8,900.0,0.01,0.0,20,0.5,0.019139951,0.0519980378655952
5.88,900.4659684505764,0.03833963462801452,0.0,0.2,0.2,20.249999999999996,0.8,0.8,900.0,0.01,0.0,20,0.5,0.021826888,0.05199939561704692
5.89,900.4659805859458,0.03862578126317593,0.0,0.2,0.2,20.249999999999996,0.8,0.8,900.0,0.01,0.0,20,0.5,0.018863099,0.052000050427399254
5.9,900.4659864208373,0.038916335401725004,0.0,0.2,0.2,20.249999999999996,0.8,0.8,900.0,0.01,0.0,20,0.5,0.01896509,0.0519999468243649
5.91,900.4659854611676,0.039211300583424646,0.0,0.2,0.2,20.249999999999996,0.8,0.8,900.0,0.01,0.0,20,0.5,0.022293221,0.05199911408016988
5.92,900.4659779719058,0.03951065859328603,0.0,0.2,0.2,20.249999999999996,0.8,0.8,900.0,0.01,0.0,20,0.5,0.019019771,0.05199766078998107
5.93,900.4659649283402,0.03981438100447012,0.0,0.2,0.2,20.249999999999996,0.8,0.8,900.0,0.01,0.0,20,0.5,0.019168191,0.051995760881880154
5.94,900.4659478906182,0.04012244261305894,0.0,0.2,0.2,20.249999999999996,0.8,0.8,900.0,0.01,0.0,20,0.5,0.021898498,0.05199363283997522
5.95,900.4659288169864,0.0404348267324536,0.0,0.2,0.2,20.249999999999996,0.8,0.8,900.0,0.01,0.0,20,0.5,0.019375762,0.05199151451064757
5.96,900.465909838835,0.04075153516250073,0.0,0.2,0.2,20.249999999999996,0.8,0.8,900.0,0.01,0.0,20,0.5,0.01888487,0.051989636555568215
5.97,900.4658930212971,0.04107256462715921,0.0,0.2,0.2,20.249999999999996,0.8,0.8,900.0,0.01,0.0,20,0.5,0.022027889,0.05198819710812062
5.98,900.4658801378587,0.04139792695203943,0.0,0.2,0.2,20.249999999999996,0.8,0.8,900.0,0.01,0.0,20,0.5,0.01907992,0.05198734099432803
5.99,900.465872483895,0.041727633542777004,0.0,0.2,0.2,20.249999999999996,0.8,0.8,900.0,0.01,0.0,20,0.5,0.019638404,0.05198714524146694
6.0,900.4658707470442,0.04206168362769098,0.0,0.2,0.2,20.249999999999996,0.8,0.8,900.0,0.01,0.0,20,0.5,0.022391091,0.051987612390280234
6.01,900.4658749475037,0.04240005432784645,0.0,0.2,0.2,20.249999999999996,0.8,0.8,900.0,0.01,0.0,20,0.5,0.01904983,0.051988672152061724
6.0200000000000005,900.4658844533209,0.04274270586673815,0.0,0.2,0.2,20.249999999999996,0.8,0.8,900.0,0.01,0.0,20,0.5,0.018761718,0.05199019106818529
6.03,900.4658980671485,0.0430895853754696,0.0,0.2,0.2,20.249999999999996,0.8,0.8,900.0,0.01,0.0,20,0.5,0.022329911,0.051991988834603584
6.04,900.4659141725374,0.04344063434230056,0.0,0.2,0.2,20.249999999999996,0.8,0.8,900.0,0.01,0.0,20,0.5,0.018691398,0.05199385930863404
6.05,900.4659309223783,0.04379579637773632,0.0,0.2,0.2,20.249999999999996,0.8,0.8,900.0,0.01,0.0,20,0.5,0.018822399,0.051995593828867724
6.0600000000000005,900.4659464477506,0.0441550121505631,0.0,0.2,0.2,20.249999999999996,0.8,0.8,900.0,0.01,0.0,20,0.5,0.021951379,0.05199700410651012
6.07,900.4659590628091,0.044518218254561315,0.0,0.2,0.2,20.249999999999996,0.8,0.8,900.0,0.01,0.0,20,0.5,0.019166712,0.05199794231368805
6.08,900.4659674449218,0.04488534251358872,0.0,0.2,0.2,20.249999999999996,0.8,0.8,900.0,0.01,0.0,20,0.5,0.01892699,0.05199831626554384
6.09,900.4659707701667,0.04525629542668522,0.0,0.2,0.2,20.249999999999996,0.8,0.8,900.0,0.01,0.0,20,0.5,0.02213642,0.05199809802189264
6.1000000000000005,900.4659687904259,0.0456309729858251,0.0,0.2,0.2,20.249999999999996,0.8,0.8,900.0,0.01,0.0,20,0.5,0.01898806,0.05199732528007307
6.11,900.46596184553,0.046009259273279805,0.0,0.2,0.2,20.249999999999996,0.8,0.8,900.0,0.01,0.0,20,0.5,0.018882549,0.051996095540145906
6.12,900.4659508107935,0.046391034194556896,0.0,0.2,0.2,20.249999999999996,0.8,0.8,900.0,0.01,0.0,20,0.5,0.021717937,0.05199455387244328
6.13,900.465936987072,0.04677618299506683,0.0,0.2,0.2,20.249999999999996,0.8,0.8,900.0,0.01,0.0,20,0.5,0.01887401,0.051992875782252895
6.140000000000001,900.4659219473208,0.04716460829174661,0.0,0.2,0.2,20.249999999999996,0.8,0.8,900.0,0.01,0.0,20,0.5,0.019172351,0.05199124720701899
6.15,900.4659073572066,0.04755623396883565,0.0,0.2,0.2,20.249999999999996,0.8,0.8,900.0,0.01,0.0,20,0.5,0.021726607,0.05198984386167073
6.16,900.4658947901917,0.04795100433421098,0.0,0.2,0.2,20.249999999999996,0.8,0.8,900.0,0.01,0.0,20,0.5,0.018816969,0.05198881225561683
6.17,900.4658855575789,0.04834887699730424,0.0,0.2,0.2,20.249999999999996,0.8,0.8,900.0,0.01,0.0,20,0.5,0.01895686,0.051988254415523426
6.18,900.4658805716177,0.04874981382194719,0.0,0.2,0.2,20.249999999999996,0.8,0.8,900.0,0.01,0.0,20,0.5,0.021894389,0.051988217844471454
6.19,900.4658802559887,0.04915377460568824,0.0,0.2,0.2,20.249999999999996,0.8,0.8,900.0,0.01,0.0,20,0.5,0.018885959,0.05198869174751628
6.2,900.4658845121998,0.04956071260932972,0.0,0.2,0.2,20.249999999999996,0.8,0.8,900.0,0.01,0.0,20,0.5,0.01899107,0.05198960978256664
6.21,900.465892744153,0.049970560112479495,0.0,0.2,0.2,20.249999999999996,0.8,0.8,900.0,0.01,0.0,20,0.5,0.02206487,0.051990858694141835
6.22,900.4659039357429,0.05038324095202563,0.0,0.2,0.2,20.249999999999996,0.8,0.8,900.0,0.01,0.0,20,0.5,0.019048011,0.051992291899019064
6.23,900.4659167729758,0.05079868093436028,0.0,0.2,0.2,20.249999999999996,0.8,0.8,900.0,0.01,0.0,20,0.5,0.018525207,0.05199374640342329
6.24,900.4659297954263,0.05121681142259737,0.0,0.2,0.2,20.249999999999996,0.8,0.8,900.0,0.01,0.0,20,0.5,0.02227435,0.051995061044706935
6.25,900.4659415596697,0.05163756952718404,0.0,0.2,0.2,20.249999999999996,0.8,0.8,900.0,0.01,0.0,20,0.5,0.018877339,0.051996094055994785
6.26,900.4659507965818,0.05206089595868265,0.0,0.2,0.2,20.249999999999996,0.8,0.8,900.0,0.01,0.0,20,0.5,0.019251641,0.0519967380635367
6.2700000000000005,900.4659565455886,0.05248673116650574,0.0,0.2,0.2,20.249999999999996,0.8,0.8,900.0,0.01,0.0,20,0.5,0.021672677,0.05199693094348687
6.28,900.4659582518507,0.05291501212843526,0.0,0.2,0.2,20.249999999999996,0.8,0.8,900.0,0.01,0.0,20,0.5,0.018843709,0.0519966614797749
6.29,900.4659558168221,0.0533456637007409,0.0,0.2,0.2,20.249999999999996,0.8,0.8,900.0,0.01,0.0,20,0.5,0.018651958,0.051995969313829424
6.3,900.4659495969596,0.05377859479063422,0.0,0.2,0.2,20.249999999999996,0.8,0.8,900.0,0.01,0.0,20,0.5,0.021924809,0.05199493923494028
6.3100000000000005,900.465940353269,0.05421371993469288,0.0,0.2,0.2,20.249999999999996,0.8,0.8,900.0,0.01,0.0,20,0.5,0.019531133,0.0519936908191942
6.32,900.4659291587451,0.054650958924863435,0.0,0.2,0.2,20.249999999999996,0.8,0.8,900.0,0.01,0.0,20,0.5,0.01905907,0.05199236466805411
6.33,900.4659172727695,0.05509019144415977,0.0,0.2,0.2,20.249999999999996,0.8,0.8,900.0,0.01,0.0,20,0.5,0.02213286,0.05199110613889578
6.34,900.4659059972715,0.055531304510858706,0.0,0.2,0.2,20.249999999999996,0.8,0.8,900.0,0.01,0.0,20,0.5,0.01892107,0.051990049499319485
6.3500000000000005,900.4658965343768,0.05597419230215928,0.0,0.2,0.2,20.249999999999996,0.8,0.8,900.0,0.01,0.0,20,0.5,0.019456623,0.051989303528176614
6.36,900.4658898574298,0.0564187614571895,0.0,0.2,0.2,20.249999999999996,0.8,0.8,900.0,0.01,0.0,20,0.5,0.02218412,0.05198894025485143
6.37,900.4658866103645,0.05686492899336619,0.0,0.2,0.2,20.249999999999996,0.8,0.8,900.0,0.01,0.0,20,0.5,0.019349573,0.05198898804426095
6.38,900.4658870461524,0.05731261640895439,0.0,0.2,0.2,20.249999999999996,0.8,0.8,900.0,0.01,0.0,20,0.5,0.018755969,0.05198942967619731
6.390000000000001,900.4658910108537,0.05776169618918464,0.0,0.2,0.2,20.249999999999996,0.8,0.8,900.0,0.01,0.0,20,0.5,0.022290041,0.051990205513135386
6.4,900.4658979670841,0.05821190138931612,0.0,0.2,0.2,20.249999999999996,0.8,0.8,900.0,0.01,0.0,20,0.5,0.01901796,0.051991220420814006
6.41,900.465907061125,0.05866294239460117,0.0,0.2,0.2,20.249999999999996,0.8,0.8,900.0,0.01,0.0,20,0.5,0.018906359,0.051992355452969714
6.42,900.4659172268131,0.05911453137367225,0.0,0.2,0.2,20.249999999999996,0.8,0.8,900.0,0.01,0.0,20,0.5,0.022266751,0.05199348153950271
6.43,900.4659273077773,0.05956638631790669,0.0,0.2,0.2,20.249999999999996,0.8,0.8,900.0,0.01,0.0,20,0.5,0.019722035,0.05199447382745441
6.44,900.4659361863837,0.060018229035717505,0.0,0.2,0.2,20.249999999999996,0.8,0.8,900.0,0.01,0.0,20,0.5,0.019116341,0.05199522526291439
6.45,900.4659429040629,0.06046976183668442,0.0,0.2,0.2,20.249999999999996,0.8,0.8,900.0,0.01,0.0,20,0.5,0.022484652,0.051995657733575375
6.46,900.4659467620263,0.06092068425973521,0.0,0.2,0.2,20.249999999999996,0.8,0.8,900.0,0.01,0.0,20,0.5,0.019139881,0.05199572995157815
6.47,900.4659473916322,0.06137069482391191,0.0,0.2,0.2,20.249999999999996,0.8,0.8,900.0,0.01,0.0,20,0.5,0.019193312,0.05199544108251674
6.48,900.4659447866838,0.061819495799273184,0.0,0.2,0.2,20.249999999999996,0.8,0.8,900.0,0.01,0.0,20,0.5,0.022422152,0.051994829839230275
6.49,900.4659392952494,0.06226680071138778,0.0,0.2,0.2,20.249999999999996,0.8,0.8,900.0,0.01,0.0,20,0.5,0.018763379,0.05199396929686429
6.5,900.4659315731615,0.0627123389702411,0.0,0.2,0.2,20.249999999999996,0.8,0.8,900.0,0.01,0.0,20,0.5,0.0189193,0.05199295809257737
6.51,900.4659225045998,0.06315585154588742,0.0,0.2,0.2,20.249999999999996,0.8,0.8,900.0,0.01,0.0,20,0.5,0.022231871,0.051991908927841134
6.5200000000000005,900.4659130994768,0.06359710577825067,0.0,0.2,0.2,20.249999999999996,0.8,0.8,900.0,0.01,0.0,20,0.5,0.019174971,0.051990935927995
6.53,900.4659043808241,0.0640358955063182,0.0,0.2,0.2,20.249999999999996,0.8,0.8,900.0,0.01,0.0,20,0.5,0.020155437,0.05199014219662119
6.54,900.4658972712764,0.0644720256519184,0.0,0.2,0.2,20.249999999999996,0.8,0.8,900.0,0.01,0.0,20,0.5,0.022817554,0.05198960868226465
6.55,900.465892495238,0.06490530977653541,0.0,0.2,0.2,20.249999999999996,0.8,0.8,900.0,0.01,0.0,20,0.5,0.018805949,0.05198938593922427
6.5600000000000005,900.4658905040299,0.06533555780033462,0.0,0.2,0.2,20.249999999999996,0.8,0.8,900.0,0.01,0.0,20,0.5,0.019163311,0.0519894891817835
6.57,900.4658914326104,0.06576259661565552,0.0,0.2,0.2,20.249999999999996,0.8,0.8,900.0,0.01,0.0,20,0.5,0.022366201,0.0519898975162953
6.58,900.465895092762,0.06618626460416818,0.0,0.2,0.2,20.249999999999996,0.8,0.8,900.0,0.01,0.0,20,0.5,0.0190013,0.051990557102509403
6.59,900.465901001915,0.06660640683546437,0.0,0.2,0.2,20.249999999999996,0.8,0.8,900.0,0.01,0.0,20,0.5,0.019553214,0.051991387976677905
6.6000000000000005,900.4659084424782,0.06702283050069835,0.0,0.2,0.2,20.249999999999996,0.8,0.8,900.0,0.01,0.0,20,0.5,0.021892328,0.051992293260690554
6.61,900.4659165462292,0.06743533712605046,0.0,0.2,0.2,20.249999999999996,0.8,0.8,900.0,0.01,0.0,20,0.5,0.019174181,0.05199317014763429
6.62,900.4659243915014,0.06784372401201906,0.0,0.2,0.2,20.249999999999996,0.8,0.8,900.0,0.01,0.0,20,0.5,0.019334363,0.051993921104914534
6.63,900.4659311048235,0.06824781480128843,0.0,0.2,0.2,20.249999999999996,0.8,0.8,900.0,0.01,0.0,20,0.5,0.022313731,0.05199446450633204
6.640000000000001,900.4659359555495,0.06864746226101037,0.0,0.2,0.2,20.249999999999996,0.8,0.8,900.0,0.01,0.0,20,0.5,0.018791449,0.051994743192364766
6.65,900.4659384326544,0.06904255021748873,0.0,0.2,0.2,20.249999999999996,0.8,0.8,900.0,0.01,0.0,20,0.5,0.019466513,0.05199473016539891
6.66,900.4659382957724,0.06943297990581265,0.0,0.2,0.2,20.249999999999996,0.8,0.8,900.0,0.01,0.0,20,0.5,0.022296041,0.051994430822879294
6.67,900.4659355938949,0.0698186549679416,0.0,0.2,0.2,20.249999999999996,0.8,0.8,900.0,0.01,0.0,20,0.5,0.01895483,0.051993881476376465
6.68,900.4659306533209,0.07019950854775357,0.0,0.2,0.2,20.249999999999996,0.8,0.8,900.0,0.01,0.0,20,0.5,0.020464809,0.05199314475590089
6.69,900.4659240357489,0.07057550845652119,0.0,0.2,0.2,20.249999999999996,0.8,0.8,900.0,0.01,0.0,20,0.5,0.022571772,0.05199230215762831
6.7,900.465916471807,0.07094666761879971,0.0,0.2,0.2,20.249999999999996,0.8,0.8,900.0,0.01,0.0,20,0.5,0.01898495,0.05199144474770619
6.71,900.4659087779422,0.07131304177160104,0.0,0.2,0.2,20.249999999999996,0.8,0.8,900.0,0.01,0.0,20,0.5,0.019232991,0.0519906630605428
6.72,900.4659017647263,0.07167470758711779,0.0,0.2,0.2,20.249999999999996,0.8,0.8,900.0,0.01,0.0,20,0.5,0.022459232,0.0519900371308569
6.73,900.4658961485402,0.07203178053934002,0.0,0.2,0.2,20.249999999999996,0.8,0.8,900.0,0.01,0.0,20,0.5,0.01896876,0.05198962805872657
6.74,900.4658924760242,0.07238441597680173,0.0,0.2,0.2,20.249999999999996,0.8,0.8,900.0,0.01,0.0,20,0.5,0.01911207,0.05198947183701569
6.75,900.4658910690157,0.0727328039712886,0.0,0.2,0.2,20.249999999999996,0.8,0.8,900.0,0.01,0.0,20,0.5,0.02219479,0.05198957613487516
6.76,900.4658919951697,0.07307714783817944,0.0,0.2,0.2,20.249999999999996,0.8,0.8,900.0,0.01,0.0,20,0.5,0.019249191,0.0519899200585536
6.7700000000000005,900.4658950666493,0.07341767281343392,0.0,0.2,0.2,20.249999999999996,0.8,0.8,900.0,0.01,0.0,20,0.5,0.0190431,0.05199045718150728
6.78,900.4658998678538,0.07375460318509229,0.0,0.2,0.2,20.249999999999996,0.8,0.8,900.0,0.01,0.0,20,0.5,0.02221033,0.05199112138199907
6.79,900.4659058065605,0.07408810043148419,0.0,0.2,0.2,20.249999999999996,0.8,0.8,900.0,0.01,0.0,20,0.5,0.019000241,0.051991834424843064
6.8,900.4659121796705,0.07441826967849317,0.0,0.2,0.2,20.249999999999996,0.8,0.8,900.0,0.01,0.0,20,0.5,0.019382843,0.05199251442559149
6.8100000000000005,900.4659182535801,0.07474523471885128,0.0,0.2,0.2,20.249999999999996,0.8,0.8,900.0,0.01,0.0,20,0.5,0.02211177,0.05199308513838815
6.82,900.4659233455876,0.07506913563217917,0.0,0.2,0.2,20.249999999999996,0.8,0.8,900.0,0.01,0.0,20,0.5,0.018771419,0.05199348414518272
6.83,900.4659268970039,0.07539013103536163,0.0,0.2,0.2,20.249999999999996,0.8,0.8,900.0,0.01,0.0,20,0.5,0.019113621,0.05199366930986257
6.84,900.4659285310717,0.07570840222923322,0.0,0.2,0.2,20.249999999999996,0.8,0.8,900.0,0.01,0.0,20,0.5,0.021961629,0.05199362290174803
6.8500000000000005,900.4659280900817,0.07602415355240048,0.0,0.2,0.2,20.249999999999996,0.8,0.8,900.0,0.01,0.0,20,0.5,0.019230451,0.05199335298327549
6.86,900.465925647018,0.07633760306129596,0.0,0.2,0.2,20.249999999999996,0.8,0.8,900.0,0.01,0.0,20,0.5,0.018888559,0.051992891839204504
6.87,900.465921491888,0.07664898825582676,0.0,0.2,0.2,20.249999999999996,0.8,0.8,900.0,0.01,0.0,20,0.5,0.022043619,0.05199229186534563
6.88,900.4659160947282,0.07695856712729295,0.0,0.2,0.2,20.249999999999996,0.8,0.8,900.0,0.01,0.0,20,0.5,0.01893583,0.05199161936464331
6.890000000000001,900.4659100498324,0.07726661883376655,0.0,0.2,0.2,20.249999999999996,0.8,0.8,900.0,0.01,0.0,20,0.5,0.018905039,0.051990946959072075
6.9,900.4659040087156,0.07757344278812298,0.0,0.2,0.2,20.249999999999996,0.8,0.8,900.0,0.01,0.0,20,0.5,0.021924439,0.05199034563556128
6.91,900.4658986070931,0.0778793145010497,0.0,0.2,0.2,20.249999999999996,0.8,0.8,900.0,0.01,0.0,20,0.5,0.018650138,0.051989876877067916
6.92,900.4658943946359,0.07818450298805193,0.0,0.2,0.2,20.249999999999996,0.8,0.8,900.0,0.01,0.0,20,0.5,0.01896915,0.051989586112091736
6.93,900.4658917777637,0.07848928887833809,0.0,0.2,0.2,20.249999999999996,0.8,0.8,900.0,0.01,0.0,20,0.5,0.021843428,0.05198949820518471
6.94,900.4658909787927,0.07879395795481198,0.0,0.2,0.2,20.249999999999996,0.8,0.8,900.0,0.01,0.0,20,0.5,0.01889903,0.05198961522075961
6.95,900.4658920153948,0.07909878845213665,0.0,0.2,0.2,20.249999999999996,0.8,0.8,900.0,0.01,0.0,20,0.5,0.01890525,0.051989916705079194
6.96,900.4658947035441,0.07940405371623459,0.0,0.2,0.2,20.249999999999996,0.8,0.8,900.0,0.01,0.0,20,0.5,0.021844648,0.05199036248585283
6.97,900.4658986833609,0.07971002125387586,0.0,0.2,0.2,20.249999999999996,0.8,0.8,900.0,0.01,0.0,20,0.5,0.019385353,0.051990897624392296
6.98,900.4659034619435,0.08001692772003294,0.0,0.2,0.2,20.249999999999996,0.8,0.8,900.0,0.01,0.0,20,0.5,0.019096711,0.05199145865357227
6.99,900.4659084703094,0.0803249965495936,0.0,0.2,0.2,20.249999999999996,0.8,0.8,900.0,0.01,0.0,20,0.5,0.02209709,0.05199198076431315
7.0,900.4659131276965,0.08063444603080927,0.0,0.2,0.2,20.249999999999996,0.8,0.8,900.0,0.01,0.0,20,0.5,0.018954759,0.05199240495573418
7.01,900.4659169063565,0.08094549260999472,0.0,0.2,0.2,20.249999999999996,0.8,0.8,900.0,0.01,0.0,20,0.5,0.018736458,0.051992684391701044
7.0200000000000005,900.465919387428,0.08125833324729505,0.0,0.2,0.2,20.249999999999996,0.8,0.8,900.0,0.01,0.0,20,0.5,0.022002679,0.05199278928686115
7.03,900.4659203045679,0.08157314001706749,0.0,0.2,0.2,20.249999999999996,0.8,0.8,900.0,0.01,0.0,20,0.5,0.019172301,0.0519927098135314
7.04,900.4659195712509,0.08189006356062409,0.0,0.2,0.2,20.249999999999996,0.8,0.8,900.0,0.01,0.0,20,0.5,0.018906309,0.051992456779451586
7.05,900.4659172844185,0.08220919817240387,0.0,0.2,0.2,20.249999999999996,0.8,0.8,900.0,0.01,0.0,20,0.5,0.02229966,0.05199205969647732
7.0600000000000005,900.4659137088786,0.08253062078330914,0.0,0.2,0.2,20.249999999999996,0.8,0.8,900.0,0.01,0.0,20,0.5,0.019255491,0.05199156322939805
7.07,900.4659092455959,0.0828543975295882,0.0,0.2,0.2,20.249999999999996,0.8,0.8,900.0,0.01,0.0,20,0.5,0.019362232,0.051991022047519264
7.08,900.4659043844729,0.08318057106882001,0.0,0.2,0.2,20.249999999999996,0.8,0.8,900.0,0.01,0.0,20,0.5,0.021799937,0.05199049445205186
7.09,900.4658996477697,0.08350916497279152,0.0,0.2,0.2,20.249999999999996,0.8,0.8,900.0,0.01,0.0,20,0.5,0.019452573,0.05199003585613436
7.1000000000000005,900.4658955315753,0.0838401879222128,0.0,0.2,0.2,20.249999999999996,0.8,0.8,900.0,0.01,0.0,20,0.5,0.018695708,0.0519896927510919
7.11,900.4658924520162,0.08417364365496575,0.0,0.2,0.2,20.249999999999996,0.8,0.8,900.0,0.01,0.0,20,0.5,0.021810547,0.051989497867863964
7.12,900.4658907022143,0.08450952999586667,0.0,0.2,0.2,20.249999999999996,0.8,0.8,900.0,0.01,0.0,20,0.5,0.018511657,0.051989466944890726
7.13,900.4658904234449,0.08484781150324854,0.0,0.2,0.2,20.249999999999996,0.8,0.8,900.0,0.01,0.0,20,0.5,0.018667608,0.05198959740339438
7.140000000000001,900.4658915916394,0.08518841055892973,0.0,0.2,0.2,20.249999999999996,0.8,0.8,900.0,0.01,0.0,20,0.5,0.02218538,0.05198986897050923
7.15,900.4658940258786,0.08553122678935121,0.0,0.2,0.2,20.249999999999996,0.8,0.8,900.0,0.01,0.0,20,0.5,0.018982799,0.051990246667281456
7.16,900.4658974119645,0.08587602919387502,0.0,0.2,0.2,20.249999999999996,0.8,0.8,900.0,0.01,0.0,20,0.5,0.019157181,0.051990684795077555
7.17,900.4659013389972,0.08622252483389228,0.0,0.2,0.2,20.249999999999996,0.8,0.8,900.0,0.01,0.0,20,0.5,0.02205817,0.05199113210137012
7.18,900.4659053482774,0.0865703837384254,0.0,0.2,0.2,20.249999999999996,0.8,0.8,900.0,0.01,0.0,20,0.5,0.01892927,0.05199153754907456
7.19,900.465908982316,0.086919220607531,0.0,0.2,0.2,20.249999999999996,0.8,0.8,900.0,0.01,0.0,20,0.5,0.018609508,0.05199185581178883
7.2,900.4659118353154,0.08726862003808569,0.0,0.2,0.2,20.249999999999996,0.8,0.8,900.0,0.01,0.0,20,0.5,0.021790528,0.05199205223917048
7.21,900.4659135975419,0.08761813376385404,0.0,0.2,0.2,20.249999999999996,0.8,0.8,900.0,0.01,0.0,20,0.5,0.018758119,0.05199210641681001
7.22,900.4659140869817,0.08796728221217599,0.0,0.2,0.2,20.249999999999996,0.8,0.8,900.0,0.01,0.0,20,0.5,0.01894777,0.05199201412506774
7.23,900.4659132654574,0.08831555695868341,0.0,0.2,0.2,20.249999999999996,0.8,0.8,900.0,0.01,0.0,20,0.5,0.021795728,0.051991787401945086
7.24,900.4659112417556,0.08866245379045451,0.0,0.2,0.2,20.249999999999996,0.8,0.8,900.0,0.01,0.0,20,0.5,0.018546198,0.05199145289331043
7.25,900.4659082551963,0.08900745210943468,0.0,0.2,0.2,20.249999999999996,0.8,0.8,900.0,0.01,0.0,20,0.5,0.018798839,0.05199104852241373
7.26,900.4659046471734,0.08935001878297881,0.0,0.2,0.2,20.249999999999996,0.8,0.8,900.0,0.01,0.0,20,0.5,0.021842968,0.051990619150005614
7.2700000000000005,900.4659008180467,0.08968960238068857,0.0,0.2,0.2,20.249999999999996,0.8,0.8,900.0,0.01,0.0,20,0.5,0.018828379,0.051990211235622204
7.28,900.4658971841,0.09002565841422008,0.0,0.2,0.2,20.249999999999996,0.8,0.8,900.0,0.01,0.0,20,0.5,0.01904552,0.05198986787469783
7.29,900.4658941313922,0.09035764165086517,0.0,0.2,0.2,20.249999999999996,0.8,0.8,900.0,0.01,0.0,20,0.5,0.021823178,0.05198962416086436
7.3,900.4658919736847,0.09068499219706479,0.0,0.2,0.2,20.249999999999996,0.8,0.8,900.0,0.01,0.0,20,0.5,0.019090121,0.05198950339033382
7.3100000000000005,900.4658909189975,0.09100715754272792,0.0,0.2,0.2,20.249999999999996,0.8,0.8,900.0,0.01,0.0,20,0.5,0.01898435,0.051989514767636726
7.32,900.4658910492474,0.09132360227017815,0.0,0.2,0.2,20.249999999999996,0.8,0.8,900.0,0.01,0.0,20,0.5,0.022607022,0.05198965273450644
7.33,900.4658923144281,0.09163380971572992,0.0,0.2,0.2,20.249999999999996,0.8,0.8,900.0,0.01,0.0,20,0.5,0.018851059,0.05198989796531679
7.34,900.465894540958,0.09193726619340736,0.0,0.2,0.2,20.249999999999996,0.8,0.8,900.0,0.01,0.0,20,0.5,0.01891202,0.0519902198107172
7.3500000000000005,900.4658974539607,0.09223345576782055,0.0,0.2,0.2,20.249999999999996,0.8,0.8,900.0,0.01,0.0,20,0.5,0.02217725,0.05199057992830286
7.36,900.4659007118767,0.09252186465833104,0.0,0.2,0.2,20.249999999999996,0.8,0.8,900.0,0.01,0.0,20,0.5,0.01899392,0.05199093671984543
7.37,900.4659039399584,0.09280196659061901,0.0,0.2,0.2,20.249999999999996,0.8,0.8,900.0,0.01,0.0,20,0.5,0.018768329,0.05199124982935282
7.38,900.4659067764868,0.09307325193893405,0.0,0.2,0.2,20.249999999999996,0.8,0.8,900.0,0.01,0.0,20,0.5,0.021939679,0.05199148459809699
7.390000000000001,900.4659089109647,0.09333523146785032,0.0,0.2,0.2,20.249999999999996,0.8,0.8,900.0,0.01,0.0,20,0.5,0.018820999,0.051991615727478915
7.4,900.4659101176393,0.09358744169386538,0.0,0.2,0.2,20.249999999999996,0.8,0.8,900.0,0.01,0.0,20,0.5,0.01889909,0.051991629924979195
7.41,900.4659102775595,0.09382941880499523,0.0,0.2,0.2,20.249999999999996,0.8,0.8,900.0,0.01,0.0,20,0.5,0.021936779,0.051991526924766815
7.42,900.4659093884595,0.09406071517843334,0.0,0.2,0.2,20.249999999999996,0.8,0.8,900.0,0.01,0.0,20,0.5,0.018828829,0.05199131920134494
7.43,900.4659075624835,0.09428091288292341,0.0,0.2,0.2,20.249999999999996,0.8,0.8,900.0,0.01,0.0,20,0.5,0.01898271,0.051991030341256475
7.44,900.4659050114008,0.09448962151424944,0.0,0.2,0.2,20.249999999999996,0.8,0.8,900.0,0.01,0.0,20,0.5,0.022416322,0.05199069217638361
7.45,900.4659020205659,0.09468647536334285,0.0,0.2,0.2,20.249999999999996,0.8,0.8,900.0,0.01,0.0,20,0.5,0.018830779,0.05199034102387396
7.46,900.4658989151269,0.09487113943515137,0.0,0.2,0.2,20.249999999999996,0.8,0.8,900.0,0.01,0.0,20,0.5,0.019386573,0.05199001359891118
7.47,900.4658960238255,0.09504331424492535,0.0,0.2,0.2,20.249999999999996,0.8,0.8,900.0,0.01,0.0,20,0.5,0.0221273,0.05198974296498819
7.48,900.4658936426799,0.09520273585687325,0.0,0.2,0.2,20.249999999999996,0.8,0.8,900.0,0.01,0.0,20,0.5,0.019119271,0.05198955498655161
7.49,900.4658920030466,0.09534917379318229,0.0,0.2,0.2,20.249999999999996,0.8,0.8,900.0,0.01,0.0,20,0.5,0.019145051,0.05198946564889634
7.5,900.4658912476878,0.09548243035552491,0.0,0.2,0.2,20.249999999999996,0.8,0.8,900.0,0.01,0.0,20,0.5,0.021893538,0.051989479540003686
7.51,900.4658914172056,0.09560233929814733,0.0,0.2,0.2,20.249999999999996,0.8,0.8,900.0,0.01,0.0,20,0.5,0.01906339,0.051989589612362566
7.5200000000000005,900.4658924480159,0.09570876477286,0.0,0.2,0.2,20.249999999999996,0.8,0.8,900.0,0.01,0.0,20,0.5,0.018965939,0.05198977824387614
7.53,900.4658941818594,0.09580159996467165,0.0,0.2,0.2,20.249999999999996,0.8,0.8,900.0,0.01,0.0,20,0.5,0.021850498,0.05199001943928387
7.54,900.4658963856472,0.09588076574096323,0.0,0.2,0.2,20.249999999999996,0.8,0.8,900.0,0.01,0.0,20,0.5,0.019095671,0.05199028191137944
7.55,900.4658987788714,0.09594620725486669,0.0,0.2,0.2,20.249999999999996,0.8,0.8,900.0,0.01,0.0,20,0.5,0.019322362,0.05199053264904
7.5600000000000005,900.4659010657693,0.09599789483033971,0.0,0.2,0.2,20.249999999999996,0.8,0.8,900.0,0.01,0.0,20,0.5,0.022106279,0.0519907406116453
7.57,900.465902968758,0.0960358214532932,0.0,0.2,0.2,20.249999999999996,0.8,0.8,900.0,0.01,0.0,20,0.5,0.019847525,0.05199088015065714
7.58,900.4659042580182,0.09605999237008955,0.0,0.2,0.2,20.249999999999996,0.8,0.8,900.0,0.01,0.0,20,0.5,0.019235691,0.05199093361231073
7.59,900.4659047754417,0.09607042882984015,0.0,0.2,0.2,20.249999999999996,0.8,0.8,900.0,0.01,0.0,20,0.5,0.022646263,0.05199089310474411
7.6000000000000005,900.4659044524108,0.0960671727674299,0.0,0.2,0.2,20.249999999999996,0.8,0.8,900.0,0.01,0.0,20,0.5,0.018817119,0.051990761620892015
7.61,900.4659033174516,0.09605013281340051,0.0,0.2,0.2,20.249999999999996,0.8,0.8,900.0,0.01,0.0,20,0.5,0.019205892,0.051990552195409906
7.62,900.4659014840996,0.09601910184101302,0.0,0.2,0.2,20.249999999999996,0.8,0.8,900.0,0.01,0.0,20,0.5,0.02223508,0.05199028557939003
7.63,900.4658991385614,0.09597390981841648,0.0,0.2,0.2,20.249999999999996,0.8,0.8,900.0,0.01,0.0,20,0.5,0.01905086,0.05198998835473762
7.640000000000001,900.4658965191425,0.0959144194401161,0.0,0.2,0.2,20.249999999999996,0.8,0.8,900.0,0.01,0.0,20,0.5,0.019318802,0.05198968986196234
7.65,900.4658938886761,0.09584052274182818,0.0,0.2,0.2,20.249999999999996,0.8,0.8,900.0,0.01,0.0,20,0.5,0.022005049,0.05198941885683879
7.66,900.4658915048234,0.09575213990615476,0.0,0.2,0.2,20.249999999999996,0.8,0.8,900.0,0.01,0.0,20,0.5,0.01907206,0.051989200379532675
7.67,900.4658895918699,0.09564920154512035,0.0,0.2,0.2,20.249999999999996,0.8,0.8,900.0,0.01,0.0,20,0.5,0.018932749,0.051989053034264994
7.68,900.4658883161327,0.09553163781362986,0.0,0.2,0.2,20.249999999999996,0.8,0.8,900.0,0.01,0.0,20,0.5,0.022765614,0.05198898701755197
7.69,900.4658877682208,0.0953993864426361,0.0,0.2,0.2,20.249999999999996,0.8,0.8,900.0,0.01,0.0,20,0.5,0.019379592,0.05198900323752702
7.7,900.4658879559527,0.09525240668107066,0.0,0.2,0.2,20.249999999999996,0.8,0.8,900.0,0.01,0.0,20,0.5,0.019393982,0.051989093531979336
7.71,900.4658888065247,0.09509067173353937,0.0,0.2,0.2,20.249999999999996,0.8,0.8,900.0,0.01,0.0,20,0.5,0.021928108,0.051989241976457636
7.72,900.4658901771246,0.09491414342569418,0.0,0.2,0.2,20.249999999999996,0.8,0.8,900.0,0.01,0.0,20,0.5,0.018971029,0.05198942692335324
7.73,900.4658918754551,0.09472275955286545,0.0,0.2,0.2,20.249999999999996,0.8,0.8,900.0,0.01,0.0,20,0.5,0.01898874,0.05198962382190231
7.74,900.4658936794457,0.09451638896986465,0.0,0.2,0.2,20.249999999999996,0.8,0.8,900.0,0.01,0.0,20,0.5,0.022202991,0.05198980733266302
7.75,900.4658953620581,0.094294879448452,0.0,0.2,0.2,20.249999999999996,0.8,0.8,900.0,0.01,0.0,20,0.5,0.01908573,0.051989954449781974
7.76,900.4658967167263,0.0940580724816313,0.0,0.2,0.2,20.249999999999996,0.8,0.8,900.0,0.01,0.0,20,0.5,0.018852739,0.051990047035935294
7.7700000000000005,900.4658975816085,0.09380582603710846,0.0,0.2,0.2,20.249999999999996,0.8,0.8,900.0,0.01,0.0,20,0.5,0.02217372,0.051990073952477886
7.78,900.4658978570998,0.09353799196345494,0.0,0.2,0.2,20.249999999999996,0.8,0.8,900.0,0.01,0.0,20,0.5,0.019666524,0.05199003204466742
7.79,900.4658975160615,0.09325442093914815,0.0,0.2,0.2,20.249999999999996,0.8,0.8,900.0,0.01,0.0,20,0.5,0.01911521,0.05198992640167751
7.8,900.4658966046115,0.09295492067497074,0.0,0.2,0.2,20.249999999999996,0.8,0.8,900.0,0.01,0.0,20,0.5,0.02220494,0.05198976948178314
7.8100000000000005,900.4658952334122,0.09263927244434446,0.0,0.2,0.2,20.249999999999996,0.8,0.8,900.0,0.01,0.0,20,0.5,0.019259522,0.051989579622258975
7.82,900.465893566664,0.09230725959461995,0.0,0.2,0.2,20.249999999999996,0.8,0.8,900.0,0.01,0.0,20,0.5,0.018869429,0.051989378970495485
7.83,900.4658918025981,0.09195868986708715,0.0,0.2,0.2,20.249999999999996,0.8,0.8,900.0,0.01,0.0,20,0.5,0.022004769,0.05198919088418794
7.84,900.4658901504193,0.09159340528747427,0.0,0.2,0.2,20.249999999999996,0.8,0.8,900.0,0.01,0.0,20,0.5,0.019143601,0.051989037355261294
7.8500000000000005,900.4658888070145,0.09121128006162518,0.0,0.2,0.2,20.249999999999996,0.8,0.8,900.0,0.01,0.0,20,0.5,0.01885108,0.051988936608783155
7.86,900.4658879353357,0.09081222388551001,0.0,0.2,0.2,20.249999999999996,0.8,0.8,900.0,0.01,0.0,20,0.5,0.022005209,0.051988901161093684
7.87,900.4658876472212,0.09039618790507879,0.0,0.2,0.2,20.249999999999996,0.8,0.8,900.0,0.01,0.0,20,0.5,0.019281301,0.05198893657943781
7.88,900.4658879922591,0.08996316701664153,0.0,0.2,0.2,20.249999999999996,0.8,0.8,900.0,0.01,0.0,20,0.5,0.01896989,0.05198904104022996
7.890000000000001,900.4658889537992,0.08951320010409457,0.0,0.2,0.2,20.249999999999996,0.8,0.8,900.0,0.01,0.0,20,0.5,0.022367361,0.051989205678701515
7.9,900.465890452171,0.08904637292579609,0.0,0.2,0.2,20.249999999999996,0.8,0.8,900.0,0.01,0.0,20,0.5,0.019322642,0.051989415726515935
7.91,900.4658923548626,0.0885628195129926,0.0,0.2,0.2,20.249999999999996,0.8,0.8,900.0,0.01,0.0,20,0.5,0.019291862,0.05198965227143084
7.92,900.4658944922328,0.08806272534849445,0.0,0.2,0.2,20.249999999999996,0.8,0.8,900.0,0.01,0.0,20,0.5,0.022529092,0.05198989441631889
7.930000000000001,900.4658966771053,0.08754633051400154,0.0,0.2,0.2,20.249999999999996,0.8,0.8,900.0,0.01,0.0,20,0.5,0.019470643,0.05199012162191906
7.94,900.4658987255095,0.08701392668966033,0.0,0.2,0.2,20.249999999999996,0.8,0.8,900.0,0.01,0.0,20,0.5,0.01914604,0.05199031597423752
7.95,900.465900477405,0.08646585141883341,0.0,0.2,0.2,20.249999999999996,0.8,0.8,900.0,0.01,0.0,20,0.5,0.022480282,0.051990464109382815
7.96,900.4659018128257,0.0859024817403044,0.0,0.2,0.2,20.249999999999996,0.8,0.8,900.0,0.01,0.0,20,0.5,0.01891756,0.0519905583704063
7.97,900.4659026633717,0.08532425423560094,0.0,0.2,0.2,20.249999999999996,0.8,0.8,900.0,0.01,0.0,20,0.5,0.01896457,0.051990597592498716
7.98,900.4659030188584,0.0847316642588339,0.0,0.2,0.2,20.249999999999996,0.8,0.8,900.0,0.01,0.0,20,0.5,0.021996629,0.05199058707897427
7.99,900.4659029270877,0.08412526646520928,0.0,0.2,0.2,20.249999999999996,0.8,0.8,900.0,0.01,0.0,20,0.5,0.01907163,0.051990537828359516
8.0,900.4659024866762,0.08350567496870419,0.0,0.2,0.2,20.249999999999996,0.8,0.8,900.0,0.01,0.0,20,0.5,0.019214092,0.05199046514437471
8.01,900.4659018348775,0.08287356303782653,0.0,0.2,0.2,20.249999999999996,0.8,0.8,900.0,0.01,0.0,20,0.5,0.022505922,0.05199038682006951
8.02,900.4659011311825,0.08222966060790338,0.0,0.2,0.2,20.249999999999996,0.8,0.8,900.0,0.01,0.0,20,0.5,0.01909767,0.05199032109081057
8.03,900.4659005392369,0.08157475169014773,0.0,0.2,0.2,20.249999999999996,0.8,0.8,900.0,0.01,0.0,20,0.5,0.019332942,0.051990284672932485
8.040000000000001,900.4659002087458,0.08090965849389208,0.0,0.2,0.2,20.249999999999996,0.8,0.8,900.0,0.01,0.0,20,0.5,0.022352752,0.05199029091199261
8.05,900.4659002598478,0.08023523134980351,0.0,0.2,0.2,20.249999999999996,0.8,0.8,900.0,0.01,0.0,20,0.5,0.019141381,0.05199034847770437
8.06,900.4659007693114,0.07955231583048558,0.0,0.2,0.2,20.249999999999996,0.8,0.8,900.0,0.01,0.0,20,0.5,0.018716328,0.05199046024806374
8.07,900.4659017628859,0.07886179280895346,0.0,0.2,0.2,20.249999999999996,0.8,0.8,900.0,0.01,0.0,20,0.5,0.022529302,0.051990623229890204
8.08,900.4659032137264,0.07816456881445905,0.0,0.2,0.2,20.249999999999996,0.8,0.8,900.0,0.01,0.0,20,0.5,0.018905,0.05199082900250178
8.09,900.4659050460463,0.07746157775351609,0.0,0.2,0.2,20.249999999999996,0.8,0.8,900.0,0.01,0.0,20,0.5,0.019014601,0.05199106479625409
8.1,900.4659071456847,0.07675377688965591,0.0,0.2,0.2,20.249999999999996,0.8,0.8,900.0,0.01,0.0,20,0.5,0.022455772,0.051991314955134
8.11,900.4659093723027,0.07604213908184504,0.0,0.2,0.2,20.249999999999996,0.8,0.8,900.0,0.01,0.0,20,0.5,0.019035761,0.051991562664838405
8.120000000000001,900.4659115750727,0.07532765582015508,0.0,0.2,0.2,20.249999999999996,0.8,0.8,900.0,0.01,0.0,20,0.5,0.019146401,0.05199179181425315
8.13,900.4659136098236,0.07461133493236714,0.0,0.2,0.2,20.249999999999996,0.8,0.8,900.0,0.01,0.0,20,0.5,0.022027849,0.05199198874669237
8.14,900.4659153544283,0.07389419333116537,0.0,0.2,0.2,20.249999999999996,0.8,0.8,900.0,0.01,0.0,20,0.5,0.019231081,0.051992143676952374
8.15,900.4659167214812,0.07317725150033572,0.0,0.2,0.2,20.249999999999996,0.8,0.8,900.0,0.01,0.0,20,0.5,0.019016511,0.05199225163233537
8.16,900.4659176666768,0.07246152855631621,0.0,0.2,0.2,20.249999999999996,0.8,0.8,900.0,0.01,0.0,20,0.5,0.022350931,0.05199231282195816
8.17,900.4659181921622,0.07174803868525378,0.0,0.2,0.2,20.249999999999996,0.8,0.8,900.0,0.01,0.0,20,0.5,0.018796338,0.05199233243994888
8.18,900.4659183447178,0.07103778631154312,0.0,0.2,0.2,20.249999999999996,0.8,0.8,900.0,0.01,0.0,20,0.5,0.019340102,0.051992319937263075
8.19,900.4659182093206,0.07033176063093423,0.0,0.2,0.2,20.249999999999996,0.8,0.8,900.0,0.01,0.0,20,0.5,0.022247691,0.05199228785244445
8.2,900.465917898449,0.0696309258387626,0.0,0.2,0.2,20.249999999999996,0.8,0.8,900.0,0.01,0.0,20,0.5,0.019291362,0.051992250294671145
8.21,900.465917538514,0.06893621941900815,0.0,0.2,0.2,20.249999999999996,0.8,0.8,900.0,0.01,0.0,20,0.5,0.019304302,0.05199222129453967
8.22,900.4659172552707,0.06824855083297127,0.0,0.2,0.2,20.249999999999996,0.8,0.8,900.0,0.01,0.0,20,0.5,0.022055429,0.05199221324283023
8.23,900.4659171597277,0.06756879348010049,0.0,0.2,0.2,20.249999999999996,0.8,0.8,900.0,0.01,0.0,20,0.5,0.019340442,0.05199223554708863
8.24,900.4659173360124,0.06689778348238778,0.0,0.2,0.2,20.249999999999996,0.8,0.8,900.0,0.01,0.0,20,0.5,0.019146401,0.05199229363187564
8.25,900.4659178326617,0.06623632029046937,0.0,0.2,0.2,20.249999999999996,0.8,0.8,900.0,0.01,0.0,20,0.5,0.021924248,0.05199238844497346
8.26,900.4659186584499,0.06558516168709773,0.0,0.2,0.2,20.249999999999996,0.8,0.8,900.0,0.01,0.0,20,0.5,0.019144551,0.0519925164885225
8.27,900.4659197819593,0.06494501170465723,0.0,0.2,0.2,20.249999999999996,0.8,0.8,900.0,0.01,0.0,20,0.5,0.01913949,0.05199267029344603
8.28,900.4659211360353,0.06431652061977162,0.0,0.2,0.2,20.249999999999996,0.8,0.8,900.0,0.01,0.0,20,0.5,0.022949615,0.051992839358147136
8.290000000000001,900.4659226266933,0.06370028788317249,0.0,0.2,0.2,20.249999999999996,0.8,0.8,900.0,0.01,0.0,20,0.5,0.019815686,0.05199301140528348
8.3,900.4659241438357,0.06309685953395805,0.0,0.2,0.2,20.249999999999996,0.8,0.8,900.0,0.01,0.0,20,0.5,0.019594044,0.051993173795875376
8.31,900.4659255743426,0.06250672728826727,0.0,0.2,0.2,20.249999999999996,0.8,0.8,900.0,0.01,0.0,20,0.5,0.022773134,0.05199331496534719
8.32,900.4659268147635,0.061930326220294984,0.0,0.2,0.2,20.249999999999996,0.8,0.8,900.0,0.01,0.0,20,0.5,0.01900288,0.05199342567385666
8.33,900.4659277824248,0.06136803373474725,0.0,0.2,0.2,20.249999999999996,0.8,0.8,900.0,0.01,0.0,20,0.5,0.019172151,0.05199349998059593
8.34,900.4659284243792,0.06082017283189831,0.0,0.2,0.2,20.249999999999996,0.8,0.8,900.0,0.01,0.0,20,0.5,0.02215853,0.051993535855141916
8.35,900.4659287227324,0.06028701284723585,0.0,0.2,0.2,20.249999999999996,0.8,0.8,900.0,0.01,0.0,20,0.5,0.019550423,0.051993535327396
8.36,900.4659286957252,0.05976876900371483,0.0,0.2,0.2,20.249999999999996,0.8,0.8,900.0,0.01,0.0,20,0.5,0.01883098,0.05199350417662618
8.370000000000001,900.4659283952094,0.05926560436582733,0.0,0.2,0.2,20.249999999999996,0.8,0.8,900.0,0.01,0.0,20,0.5,0.022666343,0.05199345121954468
8.38,900.4659279002577,0.05877763322359819,0.0,0.2,0.2,20.249999999999996,0.8,0.8,900.0,0.01,0.0,20,0.5,0.01895637,0.0519933872934449
8.39,900.4659273080892,0.05830492338591922,0.0,0.2,0.2,20.249999999999996,0.8,0.8,900.0,0.01,0.0,20,0.5,0.018796959,0.051993324042375305
8.4,900.465926723216,0.05784749655199448,0.0,0.2,0.2,20.249999999999996,0.8,0.8,900.0,0.01,0.0,20,0.5,0.021994699,0.051993272631863804
8.41,900.465926245626,0.05740532478778574,0.0,0.2,0.2,20.249999999999996,0.8,0.8,900.0,0.01,0.0,20,0.5,0.01900738,0.051993242540802106
8.42,900.4659259601618,0.05697832316796903,0.0,0.2,0.2,20.249999999999996,0.8,0.8,900.0,0.01,0.0,20,0.5,0.019659654,0.05199324056997145
8.43,900.4659259274937,0.05656636156095308,0.0,0.2,0.2,20.249999999999996,0.8,0.8,900.0,0.01,0.0,20,0.5,0.022322531,0.051993270184984994
8.44,900.4659261785463,0.05616926827375559,0.0,0.2,0.2,20.249999999999996,0.8,0.8,900.0,0.01,0.0,20,0.5,0.018643098,0.05199333125730937
8.45,900.4659267120072,0.055786835955721,0.0,0.2,0.2,20.249999999999996,0.8,0.8,900.0,0.01,0.0,20,0.5,0.01900568,0.051993420168873275
8.46,900.4659274955638,0.055418829558186715,0.0,0.2,0.2,20.249999999999996,0.8,0.8,900.0,0.01,0.0,20,0.5,0.022094499,0.05199353032663936
8.47,900.465928469938,0.055064986460808985,0.0,0.2,0.2,20.249999999999996,0.8,0.8,900.0,0.01,0.0,20,0.5,0.019066881,0.05199365295729019
8.48,900.4659295564165,0.054725020121644145,0.0,0.2,0.2,20.249999999999996,0.8,0.8,900.0,0.01,0.0,20,0.5,0.019546064,0.0519937781439512
8.49,900.4659306660822,0.05439862208002858,0.0,0.2,0.2,20.249999999999996,0.8,0.8,900.0,0.01,0.0,20,0.5,0.021853358,0.051993895951136224
8.5,900.4659317099384,0.05408546760444597,0.0,0.2,0.2,20.249999999999996,0.8,0.8,900.0,0.01,0.0,20,0.5,0.01909365,0.051993997526920466
8.51,900.4659326088516,0.053785219359459055,0.0,0.2,0.2,20.249999999999996,0.8,0.8,900.0,0.01,0.0,20,0.5,0.018958909,0.05199407606314746
8.52,900.465933301913,0.053497522241962914,0.0,0.2,0.2,20.249999999999996,0.8,0.8,900.0,0.01,0.0,20,0.5,0.021621606,0.051994127442342865
8.53,900.4659337521374,0.053221998573576526,0.0,0.2,0.2,20.249999999999996,0.8,0.8,900.0,0.01,0.0,20,0.5,0.018598757,0.05199415056470248
8.540000000000001,900.4659339497857,0.052958266141670526,0.0,0.2,0.2,20.249999999999996,0.8,0.8,900.0,0.01,0.0,20,0.5,0.01899626,0.05199414742924394
8.55,900.4659339128075,0.05270593846141902,0.0,0.2,0.2,20.249999999999996,0.8,0.8,900.0,0.01,0.0,20,0.5,0.022423801,0.051994122861015936
8.56,900.4659336844932,0.05246462928986058,0.0,0.2,0.2,20.249999999999996,0.8,0.8,900.0,0.01,0.0,20,0.5,0.019142281,0.05199408392877644
8.57,900.4659333282452,0.05223395650553383,0.0,0.2,0.2,20.249999999999996,0.8,0.8,900.0,0.01,0.0,20,0.5,0.018859019,0.05199403913130311
8.58,900.4659329202282,0.052013542732335404,0.0,0.2,0.2,20.249999999999996,0.8,0.8,900.0,0.01,0.0,20,0.5,0.021859958,0.05199399743027128
8.59,900.4659325406633,0.051803016486519915,0.0,0.2,0.2,20.249999999999996,0.8,0.8,900.0,0.01,0.0,20,0.5,0.019222611,0.05199396724525963
8.6,900.4659322649045,0.051602015820143565,0.0,0.2,0.2,20.249999999999996,0.8,0.8,900.0,0.01,0.0,20,0.5,0.01889953,0.05199395554915209
8.61,900.4659321553337,0.05141019066557958,0.0,0.2,0.2,20.249999999999996,0.8,0.8,900.0,0.01,0.0,20,0.5,0.02223943,0.05199396715174781
8.620000000000001,900.4659322549098,0.051227203997377464,0.0,0.2,0.2,20.249999999999996,0.8,0.8,900.0,0.01,0.0,20,0.5,0.019443613,0.05199400422290832
8.63,900.4659325829965,0.051052732903434206,0.0,0.2,0.2,20.249999999999996,0.8,0.8,900.0,0.01,0.0,20,0.5,0.018935309,0.05199406612189301
8.64,900.4659331337645,0.05088646815488996,0.0,0.2,0.2,20.249999999999996,0.8,0.8,900.0,0.01,0.0,20,0.5,0.022069209,0.051994149544964736
8.65,900.4659338775018,0.05072811292836561,0.0,0.2,0.2,20.249999999999996,0.8,0.8,900.0,0.01,0.0,20,0.5,0.018762819,0.05199424893424783
8.66,900.4659347643819,0.05057738556938744,0.0,0.2,0.2,20.249999999999996,0.8,0.8,900.0,0.01,0.0,20,0.5,0.019229392,0.05199435715555025
8.67,900.4659357303876,0.050434018116666264,0.0,0.2,0.2,20.249999999999996,0.8,0.8,900.0,0.01,0.0,20,0.5,0.02211251,0.0519944663212529
8.68,900.465936704826,0.05029775879885406,0.0,0.2,0.2,20.249999999999996,0.8,0.8,900.0,0.01,0.0,20,0.5,0.01894382,0.05199456868156135
8.69,900.4659376182873,0.050168372560521174,0.0,0.2,0.2,20.249999999999996,0.8,0.8,900.0,0.01,0.0,20,0.5,0.018786479,0.0519946574753004
8.700000000000001,900.4659384102533,0.050045641150549706,0.0,0.2,0.2,20.249999999999996,0.8,0.8,900.0,0.01,0.0,20,0.5,0.02207016,0.051994727648301875
8.71,900.4659390355018,0.04992936269772869,0.0,0.2,0.2,20.249999999999996,0.8,0.8,900.0,0.01,0.0,20,0.5,0.018768779,0.05199477636548829
8.72,900.4659394687219,0.04981935050087058,0.0,0.2,0.2,20.249999999999996,0.8,0.8,900.0,0.01,0.0,20,0.5,0.019206981,0.051994803265156236
8.73,900.4659397067325,0.049715430263575215,0.0,0.2,0.2,20.249999999999996,0.8,0.8,900.0,0.01,0.0,20,0.5,0.02218383,0.05199481043159193
8.74,900.4659397683143,0.04961744130137377,0.0,0.2,0.2,20.249999999999996,0.8,0.8,900.0,0.01,0.0,20,0.5,0.019295562,0.05199480209931497
8.75,900.465939691511,0.04952522997835655,0.0,0.2,0.2,20.249999999999996,0.8,0.8,900.0,0.01,0.0,20,0.5,0.018692258,0.05199478409812734
8.76,900.465939528476,0.04943864562339724,0.0,0.2,0.2,20.249999999999996,0.8,0.8,900.0,0.01,0.0,20,0.5,0.022447032,0.05199476310333715
8.77,900.4659393390158,0.049357549985580465,0.0,0.2,0.2,20.249999999999996,0.8,0.8,900.0,0.01,0.0,20,0.5,0.019079881,0.05199474587133258
8.78,900.4659391836493,0.04928181650280131,0.0,0.2,0.2,20.249999999999996,0.8,0.8,900.0,0.01,0.0,20,0.5,0.0189964,0.05199473850346607
8.790000000000001,900.465939117348,0.04921132221176324,0.0,0.2,0.2,20.249999999999996,0.8,0.8,900.0,0.01,0.0,20,0.5,0.02224739,0.05199474587231538
8.8,900.4659391837921,0.049145918565635216,0.0,0.2,0.2,20.249999999999996,0.8,0.8,900.0,0.01,0.0,20,0.5,0.019427732,0.05199477103244713
8.81,900.4659394098404,0.04908545491471051,0.0,0.2,0.2,20.249999999999996,0.8,0.8,900.0,0.01,0.0,20,0.5,0.019579053,0.05199481484338378
8.82,900.4659398031133,0.04902978473796934,0.0,0.2,0.2,20.249999999999996,0.8,0.8,900.0,0.01,0.0,20,0.5,0.021804377,0.051994875950240826
8.83,900.4659403513795,0.04897876567217729,0.0,0.2,0.2,20.249999999999996,0.8,0.8,900.0,0.01,0.0,20,0.5,0.018982409,0.0519949510112371
8.84,900.4659410246243,0.048932258624093304,0.0,0.2,0.2,20.249999999999996,0.8,0.8,900.0,0.01,0.0,20,0.5,0.018670928,0.05199503512098593
8.85,900.465941778927,0.04889012734429771,0.0,0.2,0.2,20.249999999999996,0.8,0.8,900.0,0.01,0.0,20,0.5,0.02209217,0.05199512238338211
8.86,900.4659425614118,0.04885223610004781,0.0,0.2,0.2,20.249999999999996,0.8,0.8,900.0,0.01,0.0,20,0.5,0.018828329,0.05199520657083034
8.870000000000001,900.465943316242,0.048818450054462746,0.0,0.2,0.2,20.249999999999996,0.8,0.8,900.0,0.01,0.0,20,0.5,0.01897766,0.05199528181740546
8.88,900.46594399089,0.04878863513897341,0.0,0.2,0.2,20.249999999999996,0.8,0.8,900.0,0.01,0.0,20,0.5,0.022404041,0.05199534325645525
8.89,900.4659445418149,0.04876265741649481,0.0,0.2,0.2,20.249999999999996,0.8,0.8,900.0,0.01,0.0,20,0.5,0.018708857,0.051995387521414346
8.9,900.465944938966,0.048740380922804805,0.0,0.2,0.2,20.249999999999996,0.8,0.8,900.0,0.01,0.0,20,0.5,0.019120241,0.05199541306255745
8.91,900.4659451687495,0.048721665076841884,0.0,0.2,0.2,20.249999999999996,0.8,0.8,900.0,0.01,0.0,20,0.5,0.022824304,0.05199542025185988
8.92,900.4659452343482,0.04870636071786273,0.0,0.2,0.2,20.249999999999996,0.8,0.8,900.0,0.01,0.0,20,0.5,0.018944739,0.05199541129623865
8.93,900.4659451555563,0.04869431561345681,0.0,0.2,0.2,20.249999999999996,0.8,0.8,900.0,0.01,0.0,20,0.5,0.01887709,0.05199538997133152
8.94,900.4659449662712,0.04868537210147775,0.0,0.2,0.2,20.249999999999996,0.8,0.8,900.0,0.01,0.0,20,0.5,0.022052779,0.05199536120320143
8.950000000000001,900.4659447106076,0.048679363354117766,0.0,0.2,0.2,20.249999999999996,0.8,0.8,900.0,0.01,0.0,20,0.5,0.018863049,0.05199533051577477
8.96,900.4659444380835,0.04867611857611711,0.0,0.2,0.2,20.249999999999996,0.8,0.8,900.0,0.01,0.0,20,0.5,0.01899659,0.05199530341984277
8.97,900.4659441980273,0.04867546344752865,0.0,0.2,0.2,20.249999999999996,0.8,0.8,900.0,0.01,0.0,20,0.5,0.021928548,0.051995284804011485
8.98,900.4659440341949,0.04867722048556988,0.0,0.2,0.2,20.249999999999996,0.8,0.8,900.0,0.01,0.0,20,0.5,0.019573144,0.05199527842008814
8.99,900.4659439801417,0.0486812094611954,0.0,0.2,0.2,20.249999999999996,0.8,0.8,900.0,0.01,0.0,20,0.5,0.018868579,0.051995286509297335
9.0,900.4659440559034,0.048687247441207136,0.0,0.2,0.2,20.249999999999996,0.8,0.8,900.0,0.01,0.0,20,0.5,0.02213144,0.051995309612759326
9.01,900.4659442662821,0.04869514781935027,0.0,0.2,0.2,20.249999999999996,0.8,0.8,900.0,0.01,0.0,20,0.5,0.019457943,0.05199534656786344
9.02,900.4659446007852,0.04870471872457004,0.0,0.2,0.2,20.249999999999996,0.8,0.8,900.0,0.01,0.0,20,0.5,0.018774739,0.05199539467806713
9.03,900.4659450351934,0.048715766258078004,0.0,0.2,0.2,20.249999999999996,0.8,0.8,900.0,0.01,0.0,20,0.5,0.02218734,0.05199545005997946
9.040000000000001,900.4659455346837,0.04872809619324007,0.0,0.2,0.2,20.249999999999996,0.8,0.8,900.0,0.01,0.0,20,0.5,0.018902559,0.05199550811325515
9.05,900.4659460580372,0.04874151484911541,0.0,0.2,0.2,20.249999999999996,0.8,0.8,900.0,0.01,0.0,20,0.5,0.019725585,0.05199556405463226
9.06,900.4659465623917,0.04875582915654856,0.0,0.2,0.2,20.249999999999996,0.8,0.8,900.0,0.01,0.0,20,0.5,0.021996438,0.05199561345809261
9.07,900.4659470081319,0.04877084763786644,0.0,0.2,0.2,20.249999999999996,0.8,0.8,900.0,0.01,0.0,20,0.5,0.018843149,0.05199565274607607
9.08,900.4659473635674,0.048786376179377394,0.0,0.2,0.2,20.249999999999996,0.8,0.8,900.0,0.01,0.0,20,0.5,0.019384743,0.05199567962775187
9.09,900.4659476081885,0.04880217216031139,0.0,0.2,0.2,20.249999999999996,0.8,0.8,900.0,0.01,0.0,20,0.5,0.022748224,0.05199569334423811
9.1,900.4659477350198,0.04881796263729866,0.0,0.2,0.2,20.249999999999996,0.8,0.8,900.0,0.01,0.0,20,0.5,0.019238222,0.0519956946572137
9.11,900.4659477508527,0.048833474930097,0.0,0.2,0.2,20.249999999999996,0.8,0.8,900.0,0.01,0.0,20,0.5,0.019291872,0.051995685673382835
9.120000000000001,900.4659476745977,0.048848442034452176,0.0,0.2,0.2,20.249999999999996,0.8,0.8,900.0,0.01,0.0,20,0.5,0.022010409,0.0519956695575366
9.13,900.465947534797,0.04886260069583718,0.0,0.2,0.2,20.249999999999996,0.8,0.8,900.0,0.01,0.0,20,0.5,0.01888521,0.051995650218687677
9.14,900.4659473663694,0.04887568310658932,0.0,0.2,0.2,20.249999999999996,0.8,0.8,900.0,0.01,0.0,20,0.5,0.01903325,0.051995631869194286
9.15,900.4659472069927,0.04888742665386765,0.0,0.2,0.2,20.249999999999996,0.8,0.8,900.0,0.01,0.0,20,0.5,0.022360271,0.05199561857455988
9.16,900.4659470930633,0.04889757775850225,0.0,0.2,0.2,20.249999999999996,0.8,0.8,900.0,0.01,0.0,20,0.5,0.019147411,0.05199561381637384
9.17,900.4659470557624,0.04890589357858658,0.0,0.2,0.2,20.249999999999996,0.8,0.8,900.0,0.01,0.0,20,0.5,0.019252631,0.05199562012525009
9.18,900.4659471177428,0.04891214266723763,0.0,0.2,0.2,20.249999999999996,0.8,0.8,900.0,0.01,0.0,20,0.5,0.02206198,0.05199563884793827
9.19,900.465947290972,0.04891610518602651,0.0,0.2,0.2,20.249999999999996,0.8,0.8,900.0,0.01,0.0,20,0.5,0.018904139,0.051995670056209704
9.200000000000001,900.4659475760458,0.04891757353573339,0.0,0.2,0.2,20.249999999999996,0.8,0.8,900.0,0.01,0.0,20,0.5,0.019598753,0.05199571259380249
9.21,900.4659479625732,0.048916353849193475,0.0,0.2,0.2,20.249999999999996,0.8,0.8,900.0,0.01,0.0,20,0.5,0.022394061,0.051995764256423785
9.22,900.4659484308008,0.04891226684525922,0.0,0.2,0.2,20.249999999999996,0.8,0.8,900.0,0.01,0.0,20,0.5,0.018967229,0.05199582208608568
9.23,900.4659489542282,0.04890514327946412,0.0,0.2,0.2,20.249999999999996,0.8,0.8,900.0,0.01,0.0,20,0.5,0.019510393,0.05199588272266904
9.24,900.4659495027106,0.04889482633031897,0.0,0.2,0.2,20.249999999999996,0.8,0.8,900.0,0.01,0.0,20,0.5,0.02223999,0.05199594279208105
9.25,900.4659500461077,0.04888117493256627,0.0,0.2,0.2,20.249999999999996,0.8,0.8,900.0,0.01,0.0,20,0.5,0.019671514,0.05199599929340411
9.26,900.4659505575182,0.04886406287615923,0.0,0.2,0.2,20.249999999999996,0.8,0.8,900.0,0.01,0.0,20,0.5,0.020087697,0.05199604989232793
9.27,900.4659510160175,0.04884338040806342,0.0,0.2,0.2,20.249999999999996,0.8,0.8,900.0,0.01,0.0,20,0.5,0.022320321,0.05199609314830725
9.28,900.4659514087024,0.04881903467284827,0.0,0.2,0.2,20.249999999999996,0.8,0.8,900.0,0.01,0.0,20,0.5,0.019202302,0.051996128644326345
9.290000000000001,900.4659517319063,0.048790950121270014,0.0,0.2,0.2,20.249999999999996,0.8,0.8,900.0,0.01,0.0,20,0.5,0.019305092,0.05199615702034993
9.3,900.4659519913891,0.04875906739276937,0.0,0.2,0.2,20.249999999999996,0.8,0.8,900.0,0.01,0.0,20,0.5,0.022941745,0.05199617985405789
9.31,900.465952201264,0.048723344534818545,0.0,0.2,0.2,20.249999999999996,0.8,0.8,900.0,0.01,0.0,20,0.5,0.019172971,0.051996199449444606
9.32,900.4659523823077,0.04868375510479939,0.0,0.2,0.2,20.249999999999996,0.8,0.8,900.0,0.01,0.0,20,0.5,0.01902433,0.0519962186138545
9.33,900.4659525598131,0.048640265012028956,0.0,0.2,0.2,20.249999999999996,0.8,0.8,900.0,0.01,0.0,20,0.5,0.022065979,0.051996240377917294
9.34,900.4659527607728,0.04859281999585825,0.0,0.2,0.2,20.249999999999996,0.8,0.8,900.0,0.01,0.0,20,0.5,0.019264682,0.05199626753168994
9.35,900.4659530101586,0.04854137601796174,0.0,0.2,0.2,20.249999999999996,0.8,0.8,900.0,0.01,0.0,20,0.5,0.019321772,0.051996302295165504
9.36,900.4659533277405,0.04848590069664299,0.0,0.2,0.2,20.249999999999996,0.8,0.8,900.0,0.01,0.0,20,0.5,0.021922108,0.05199634609895966
9.370000000000001,900.4659537263649,0.04842637548957927,0.0,0.2,0.2,20.249999999999996,0.8,0.8,900.0,0.01,0.0,20,0.5,0.018785109,0.05199639950521556
9.38,900.4659542109747,0.04836279480290473,0.0,0.2,0.2,20.249999999999996,0.8,0.8,900.0,0.01,0.0,20,0.5,0.019356482,0.051996462194614804
9.39,900.4659547787307,0.048295166069218,0.0,0.2,0.2,20.249999999999996,0.8,0.8,900.0,0.01,0.0,20,0.5,0.022283271,0.05199653304313905
9.4,900.4659554195299,0.048223505895596666,0.0,0.2,0.2,20.249999999999996,0.8,0.8,900.0,0.01,0.0,20,0.5,0.01904782,0.0519966102359477
9.41,900.4659561170633,0.048147841333263566,0.0,0.2,0.2,20.249999999999996,0.8,0.8,900.0,0.01,0.0,20,0.5,0.01902605,0.051996691458867865
9.42,900.4659568506324,0.04806821067645342,0.0,0.2,0.2,20.249999999999996,0.8,0.8,900.0,0.01,0.0,20,0.5,0.021954329,0.051996774148347136
9.43,900.4659575972315,0.04798465786346578,0.0,0.2,0.2,20.249999999999996,0.8,0.8,900.0,0.01,0.0,20,0.5,0.0189394,0.05199685574624345
9.44,900.4659583339055,0.04789723605618245,0.0,0.2,0.2,20.249999999999996,0.8,0.8,900.0,0.01,0.0,20,0.5,0.01897766,0.05199693396963222
9.450000000000001,900.4659590402349,0.047806008911514916,0.0,0.2,0.2,20.249999999999996,0.8,0.8,900.0,0.01,0.0,20,0.5,0.022678533,0.05199700702948479
9.46,900.4659597001801,0.047711050328980875,0.0,0.2,0.2,20.249999999999996,0.8,0.8,900.0,0.01,0.0,20,0.5,0.018873189,0.05199707378229924
9.47,900.4659603035184,0.04761244280119318,0.0,0.2,0.2,20.249999999999996,0.8,0.8,900.0,0.01,0.0,20,0.5,0.018844999,0.05199713384542176
9.48,900.4659608468289,0.047510277076551484,0.0,0.2,0.2,20.249999999999996,0.8,0.8,900.0,0.01,0.0,20,0.5,0.021810747,0.051997187594236154
9.49,900.4659613334949,0.04740465211108383,0.0,0.2,0.2,20.249999999999996,0.8,0.8,900.0,0.01,0.0,20,0.5,0.018531697,0.05199723607742977
9.5,900.4659617729642,0.04729567441321476,0.0,0.2,0.2,20.249999999999996,0.8,0.8,900.0,0.01,0.0,20,0.5,0.018875179,0.051997280866585754
9.51,900.4659621793529,0.04718345516349929,0.0,0.2,0.2,20.249999999999996,0.8,0.8,900.0,0.01,0.0,20,0.5,0.022105909,0.05199732385462074
9.52,900.4659625697576,0.04706810921621889,0.0,0.2,0.2,20.249999999999996,0.8,0.8,900.0,0.01,0.0,20,0.5,0.01904531,0.05199736703302034
9.53,900.4659629618584,0.0469497552300393,0.0,0.2,0.2,20.249999999999996,0.8,0.8,900.0,0.01,0.0,20,0.5,0.01889438,0.05199741223055748
9.540000000000001,900.4659633719659,0.046828516578265394,0.0,0.2,0.2,20.249999999999996,0.8,0.8,900.0,0.01,0.0,20,0.5,0.02222941,0.05199746093625937
9.55,900.4659638134376,0.046704519595277744,0.0,0.2,0.2,20.249999999999996,0.8,0.8,900.0,0.01,0.0,20,0.5,0.018850668,0.05199751417639743
9.56,900.4659642954372,0.04657789015399714,0.0,0.2,0.2,20.249999999999996,0.8,0.8,900.0,0.01,0.0,20,0.5,0.018900219,0.051997572400296205
9.57,900.4659648219625,0.04644875669476919,0.0,0.2,0.2,20.249999999999996,0.8,0.8,900.0,0.01,0.0,20,0.5,0.021870528,0.05199763543301051
9.58,900.465965391422,0.04631725014390093,0.0,0.2,0.2,20.249999999999996,0.8,0.8,900.0,0.01,0.0,20,0.5,0.018968,0.051997702495526106
9.59,900.4659659968216,0.046183503198599575,0.0,0.2,0.2,20.249999999999996,0.8,0.8,900.0,0.01,0.0,20,0.5,0.01899978,0.05199777228674445
9.6,900.4659666264898,0.046047649019933204,0.0,0.2,0.2,20.249999999999996,0.8,0.8,900.0,0.01,0.0,20,0.5,0.022558472,0.051997843123980605
9.61,900.4659672653344,0.04590982157529734,0.0,0.2,0.2,20.249999999999996,0.8,0.8,900.0,0.01,0.0,20,0.5,0.019413313,0.05199791312502126
9.620000000000001,900.4659678964794,0.045770155501425935,0.0,0.2,0.2,20.249999999999996,0.8,0.8,900.0,0.01,0.0,20,0.5,0.01890552,0.05199798040534622
9.63,900.4659685030543,0.04562878546747873,0.0,0.2,0.2,20.249999999999996,0.8,0.8,900.0,0.01,0.0,20,0.5,0.022385661,0.05199804327479483
9.64,900.4659690699392,0.04548584466393359,0.0,0.2,0.2,20.249999999999996,0.8,0.8,900.0,0.01,0.0,20,0.5,0.018718648,0.05199810041273982
9.65,900.4659695854475,0.045341462690880456,0.0,0.2,0.2,20.249999999999996,0.8,0.8,900.0,0.01,0.0,20,0.5,0.018750069,0.051998150987918636
9.66,900.4659700422693,0.04519576484126111,0.0,0.2,0.2,20.249999999999996,0.8,0.8,900.0,0.01,0.0,20,0.5,0.021637476,0.051998194729664736
9.67,900.4659704377784,0.0450488729574029,0.0,0.2,0.2,20.249999999999996,0.8,0.8,900.0,0.01,0.0,20,0.5,0.01899081,0.05199823194289318
9.68,900.4659707747888,0.04490090686635955,0.0,0.2,0.2,20.249999999999996,0.8,0.8,900.0,0.01,0.0,20,0.5,0.018872699,0.05199826346494997
9.69,900.4659710607706,0.04475198233234981,0.0,0.2,0.2,20.249999999999996,0.8,0.8,900.0,0.01,0.0,20,0.5,0.022486041,0.0519982905564548
9.700000000000001,900.4659713069868,0.0446022103554845,0.0,0.2,0.2,20.249999999999996,0.8,0.8,900.0,0.01,0.0,20,0.5,0.019197471,0.05199831476215763
9.71,900.4659715273012,0.044451698129608835,0.0,0.2,0.2,20.249999999999996,0.8,0.8,900.0,0.01,0.0,20,0.5,0.01902513,0.05199833774598014
9.72,900.465971736894,0.04430054915357163,0.0,0.2,0.2,20.249999999999996,0.8,0.8,900.0,0.01,0.0,20,0.5,0.021619836,0.051998361133190646
9.73,900.4659719501957,0.04414885871950576,0.0,0.2,0.2,20.249999999999996,0.8,0.8,900.0,0.01,0.0,20,0.5,0.018716538,0.05199838633934109
9.74,900.465972179711,0.04399671496314676,0.0,0.2,0.2,20.249999999999996,0.8,0.8,900.0,0.01,0.0,20,0.5,0.018849869,0.05199841440400833
9.75,900.4659724347368,0.04384420296410908,0.0,0.2,0.2,20.249999999999996,0.8,0.8,900.0,0.01,0.0,20,0.5,0.022331681,0.05199844589154933
9.76,900.465972720326,0.04369140469694445,0.0,0.2,0.2,20.249999999999996,0.8,0.8,900.0,0.01,0.0,20,0.5,0.01907016,0.05199848083461962
9.77,900.4659730367565,0.04353839868860859,0.0,0.2,0.2,20.249999999999996,0.8,0.8,900.0,0.01,0.0,20,0.5,0.018810178,0.05199851873392175
9.78,900.4659733795617,0.04338525970228013,0.0,0.2,0.2,20.249999999999996,0.8,0.8,900.0,0.01,0.0,20,0.5,0.02221799,0.05199855862615629
9.790000000000001,900.4659737400826,0.04323205740007998,0.0,0.2,0.2,20.249999999999996,0.8,0.8,900.0,0.01,0.0,20,0.5,0.01905831,0.05199859919390574
9.8,900.465974106497,0.04307885700533539,0.0,0.2,0.2,20.249999999999996,0.8,0.8,900.0,0.01,0.0,20,0.5,0.018704498,0.051998638914160844
9.81,900.4659744651589,0.04292571986820375,0.0,0.2,0.2,20.249999999999996,0.8,0.8,900.0,0.01,0.0,20,0.5,0.021847938,0.05199867622844418
9.82,900.465974802096,0.04277270340357528,0.0,0.2,0.2,20.249999999999996,0.8,0.8,900.0,0.01,0.0,20,0.5,0.018841809,0.051998709703316534
9.83,900.4659751044777,0.04261986142113793,0.0,0.2,0.2,20.249999999999996,0.8,0.8,900.0,0.01,0.0,20,0.5,0.01887256,0.051998738179587334
9.84,900.4659753619281,0.042467244114017505,0.0,0.2,0.2,20.249999999999996,0.8,0.8,900.0,0.01,0.0,20,0.5,0.021928508,0.05199876088936259
9.85,900.4659755675818,0.04231489815354847,0.0,0.2,0.2,20.249999999999996,0.8,0.8,900.0,0.01,0.0,20,0.5,0.018778698,0.05199877753150349
9.86,900.4659757187538,0.04216286655494514,0.0,0.2,0.2,20.249999999999996,0.8,0.8,900.0,0.01,0.0,20,0.5,0.01886376,0.051998788286408616
9.870000000000001,900.4659758171198,0.0420111877561295,0.0,0.2,0.2,20.249999999999996,0.8,0.8,900.0,0.01,0.0,20,0.5,0.022435141,0.051998793776345656
9.88,900.4659758682351,0.04185989534092589,0.0,0.2,0.2,20.249999999999996,0.8,0.8,900.0,0.01,0.0,20,0.5,0.018793128,0.051998794987010655
9.89,900.4659758809113,0.041709019616006794,0.0,0.2,0.2,20.249999999999996,0.8,0.8,900.0,0.01,0.0,20,0.5,0.018932609,0.051998793149664616
9.9,900.4659758661899,0.04155858818158985,0.0,0.2,0.2,20.249999999999996,0.8,0.8,900.0,0.01,0.0,20,0.5,0.02221863,0.05199878960048457
9.91,900.4659758360527,0.04140862574490505,0.0,0.2,0.2,20.249999999999996,0.8,0.8,900.0,0.01,0.0,20,0.5,0.018888689,0.05199878562909278
9.92,900.4659758021763,0.04125915286273862,0.0,0.2,0.2,20.249999999999996,0.8,0.8,900.0,0.01,0.0,20,0.5,0.018801499,0.05199878233209522
9.93,900.4659757743178,0.04111018522384285,0.0,0.2,0.2,20.249999999999996,0.8,0.8,900.0,0.01,0.0,20,0.5,0.02219934,0.05199878048377527
9.94,900.4659757592785,0.04096173524737634,0.0,0.2,0.2,20.249999999999996,0.8,0.8,900.0,0.01,0.0,20,0.5,0.018736818,0.0519987804532851
9.950000000000001,900.4659757603566,0.0408138127517545,0.0,0.2,0.2,20.249999999999996,0.8,0.8,900.0,0.01,0.0,20,0.5,0.01903368,0.0519987821858324
9.96,900.4659757770609,0.04066642376478968,0.0,0.2,0.2,20.249999999999996,0.8,0.8,900.0,0.01,0.0,20,0.5,0.021996249,0.05199878522610026
9.97,900.4659758052934,0.04051957277050666,0.0,0.2,0.2,20.249999999999996,0.8,0.8,900.0,0.01,0.0,20,0.5,0.01905072,0.051998788766167474
9.98,900.4659758378092,0.04037326336795231,0.0,0.2,0.2,20.249999999999996,0.8,0.8,900.0,0.01,0.0,20,0.5,0.019281092,0.051998791732348344
9.99,900.4659758650254,0.0402274982472056,0.0,0.2,0.2,20.249999999999996,0.8,0.8,900.0,0.01,0.0,20,0.5,0.021841389,0.05199879290253105
10.0,900.4659758759249,0.04008227912982249,0.0,0.2,0.2,20.249999999999996,0.8,0.8,900.0,0.01,0.0,20,0.5,0.01903043,0.05199879104108808
10.01,900.4659758594466,0.03993760726336839,0.0,0.2,0.2,20.249999999999996,0.8,0.8,900.0,0.01,0.0,20,0.5,0.01895461,0.051998785036725045
10.02,900.4659758056316,0.03979348355414322,0.0,0.2,0.2,20.249999999999996,0.8,0.8,900.0,0.01,0.0,20,0.5,0.022269631,0.05199877402153367
10.03,900.4659757068365,0.03964990896209734,0.0,0.2,0.2,20.249999999999996,0.8,0.8,900.0,0.01,0.0,20,0.5,0.019285942,0.0519987574544459
10.040000000000001,900.4659755583497,0.03950688003749485,0.0,0.2,0.2,20.249999999999996,0.8,0.8,900.0,0.01,0.0,20,0.5,0.019058761,0.051998735194957645
10.05,900.465975358768,0.03936439038907204,0.0,0.2,0.2,20.249999999999996,0.8,0.8,900.0,0.01,0.0,20,0.5,0.02227354,0.05199870752176197
10.06,900.4659751105265,0.039222434757477685,0.0,0.2,0.2,20.249999999999996,0.8,0.8,900.0,0.01,0.0,20,0.5,0.019273721,0.05199867506904936
10.07,900.4659748194925,0.039081007722846284,0.0,0.2,0.2,20.249999999999996,0.8,0.8,900.0,0.01,0.0,20,0.5,0.019112471,0.05199863876548526
10.08,900.4659744940136,0.03894009966159088,0.0,0.2,0.2,20.249999999999996,0.8,0.8,900.0,0.01,0.0,20,0.5,0.0220552,0.051998599750946166
10.09,900.465974144107,0.03879970080956229,0.0,0.2,0.2,20.249999999999996,0.8,0.8,900.0,0.01,0.0,20,0.5,0.019168951,0.0519985592432747
10.1,900.465973780684,0.038659803742221145,0.0,0.2,0.2,20.249999999999996,0.8,0.8,900.0,0.01,0.0,20,0.5,0.019299642,0.05199851840493373
10.11,900.4659734141404,0.038520402630966205,0.0,0.2,0.2,20.249999999999996,0.8,0.8,900.0,0.01,0.0,20,0.5,0.022635973,0.05199847821853703
10.120000000000001,900.465973053285,0.03838149355137573,0.0,0.2,0.2,20.249999999999996,0.8,0.8,900.0,0.01,0.0,20,0.5,0.019378133,0.05199843939485987
10.13,900.4659727045221,0.03824307298216635,0.0,0.2,0.2,20.249999999999996,0.8,0.8,900.0,0.01,0.0,20,0.5,0.019350572,0.05199840230641742
10.14,900.4659723711726,0.03810513716456412,0.0,0.2,0.2,20.249999999999996,0.8,0.8,900.0,0.01,0.0,20,0.5,0.021692877,0.05199836693727254
10.15,900.4659720530157,0.0379676837840336,0.0,0.2,0.2,20.249999999999996,0.8,0.8,900.0,0.01,0.0,20,0.5,0.018571937,0.05199833289644554
10.16,900.4659717465416,0.03783071269383451,0.0,0.2,0.2,20.249999999999996,0.8,0.8,900.0,0.01,0.0,20,0.5,0.01905019,0.051998299486806704
10.17,900.4659714455033,0.037694226112260205,0.0,0.2,0.2,20.249999999999996,0.8,0.8,900.0,0.01,0.0,20,0.5,0.021981329,0.05199826580123355
10.18,900.4659711417763,0.0375582279632332,0.0,0.2,0.2,20.249999999999996,0.8,0.8,900.0,0.01,0.0,20,0.5,0.018780989,0.05199823083176111
10.19,900.465970826314,0.03742272377346559,0.0,0.2,0.2,20.249999999999996,0.8,0.8,900.0,0.01,0.0,20,0.5,0.018851519,0.051998193581402966
10.200000000000001,900.4659704901751,0.037287721663058784,0.0,0.2,0.2,20.249999999999996,0.8,0.8,900.0,0.01,0.0,20,0.5,0.022720383,0.051998153182509686
10.21,900.4659701256138,0.03715323232216586,0.0,0.2,0.2,20.249999999999996,0.8,0.8,900.0,0.01,0.0,20,0.5,0.0189421,0.05199810899888021
10.22,900.4659697269383,0.03701926885948193,0.0,0.2,0.2,20.249999999999996,0.8,0.8,900.0,0.01,0.0,20,0.5,0.01900211,0.05199806070087964
10.23,900.4659692912292,0.03688584697841084,0.0,0.2,0.2,20.249999999999996,0.8,0.8,900.0,0.01,0.0,20,0.5,0.02219453,0.05199800830660696
10.24,900.4659688186761,0.03675298431163735,0.0,0.2,0.2,20.249999999999996,0.8,0.8,900.0,0.01,0.0,20,0.5,0.01908098,0.051997952179744275
10.25,900.465968312546,0.036620700416907556,0.0,0.2,0.2,20.249999999999996,0.8,0.8,900.0,0.01,0.0,20,0.5,0.01895283,0.05199789299279897
10.26,900.4659677788621,0.036489016838864366,0.0,0.2,0.2,20.249999999999996,0.8,0.8,900.0,0.01,0.0,20,0.5,0.021904768,0.05199783165386802
10.27,900.4659672258173,0.036357957333521436,0.0,0.2,0.2,20.249999999999996,0.8,0.8,900.0,0.01,0.0,20,0.5,0.01915856,0.05199776923030634
10.28,900.4659666630577,0.03622754057990494,0.0,0.2,0.2,20.249999999999996,0.8,0.8,900.0,0.01,0.0,20,0.5,0.018954779,0.051997706840127035
10.290000000000001,900.4659661004753,0.03609777885015284,0.0,0.2,0.2,20.249999999999996,0.8,0.8,900.0,0.01,0.0,20,0.5,0.02220099,0.05199764550037539
10.3,900.4659655471887,0.03596868574655714,0.0,0.2,0.2,20.249999999999996,0.8,0.8,900.0,0.01,0.0,20,0.5,0.019079431,0.051997586037865993
10.31,900.4659650106818,0.03584027544438396,0.0,0.2,0.2,20.249999999999996,0.8,0.8,900.0,0.01,0.0,20,0.5,0.019404192,0.051997529009427924
10.32,900.4659644958941,0.03571256081041534,0.0,0.2,0.2,20.249999999999996,0.8,0.8,900.0,0.01,0.0,20,0.5,0.02218683,0.05199747465193901
10.33,900.4659640049109,0.03558555342259354,0.0,0.2,0.2,20.249999999999996,0.8,0.8,900.0,0.01,0.0,20,0.5,0.018829719,0.051997422869392865
10.34,900.4659635368364,0.03545926535548114,0.0,0.2,0.2,20.249999999999996,0.8,0.8,900.0,0.01,0.0,20,0.5,0.01898199,0.05199737326318984
10.35,900.4659630881412,0.03533371005197099,0.0,0.2,0.2,20.249999999999996,0.8,0.8,900.0,0.01,0.0,20,0.5,0.022376441,0.05199732520014468
10.36,900.4659626534956,0.03520890101178991,0.0,0.2,0.2,20.249999999999996,0.8,0.8,900.0,0.01,0.0,20,0.5,0.018911249,0.05199727790552822
10.370000000000001,900.4659622256512,0.03508484840038753,0.0,0.2,0.2,20.249999999999996,0.8,0.8,900.0,0.01,0.0,20,0.5,0.01912652,0.05199723054735308
10.38,900.4659617970968,0.03496156410062921,0.0,0.2,0.2,20.249999999999996,0.8,0.8,900.0,0.01,0.0,20,0.5,0.022071799,0.05199718234254507
10.39,900.4659613608521,0.03483905998134453,0.0,0.2,0.2,20.249999999999996,0.8,0.8,900.0,0.01,0.0,20,0.5,0.019144901,0.05199713266728348
10.4,900.4659609113231,0.03471734634361749,0.0,0.2,0.2,20.249999999999996,0.8,0.8,900.0,0.01,0.0,20,0.5,0.018882309,0.051997081130248334
10.41,900.4659604450181,0.034596433860766725,0.0,0.2,0.2,20.249999999999996,0.8,0.8,900.0,0.01,0.0,20,0.5,0.021958739,0.05199702761599951
10.42,900.4659599609193,0.034476333691909854,0.0,0.2,0.2,20.249999999999996,0.8,0.8,900.0,0.01,0.0,20,0.5,0.018704348,0.05199697229179409
10.43,900.4659594605419,0.03435705744308517,0.0,0.2,0.2,20.249999999999996,0.8,0.8,900.0,0.01,0.0,20,0.5,0.01897592,0.05199691558316474
10.44,900.4659589477335,0.03423861680077154,0.0,0.2,0.2,20.249999999999996,0.8,0.8,900.0,0.01,0.0,20,0.5,0.022419121,0.05199685812524961
10.450000000000001,900.4659584281721,0.03412102312788081,0.0,0.2,0.2,20.249999999999996,0.8,0.8,900.0,0.01,0.0,20,0.5,0.018766848,0.05199680068835299
10.46,900.4659579087731,0.03400428770073403,0.0,0.2,0.2,20.249999999999996,0.8,0.8,900.0,0.01,0.0,20,0.5,0.01894659,0.05199674409053695
10.47,900.4659573968577,0.033888421819715756,0.0,0.2,0.2,20.249999999999996,0.8,0.8,900.0,0.01,0.0,20,0.5,0.022606273,0.05199668910119548
10.48,900.4659568993177,0.03377343623124363,0.0,0.2,0.2,20.249999999999996,0.8,0.8,900.0,0.01,0.0,20,0.5,0.018760799,0.05199663635162655
10.49,900.4659564218099,0.0336593405455683,0.0,0.2,0.2,20.249999999999996,0.8,0.8,900.0,0.01,0.0,20,0.5,0.018905379,0.05199658625946793
10.5,900.4659559680847,0.03354614379918352,0.0,0.2,0.2,20.249999999999996,0.8,0.8,900.0,0.01,0.0,20,0.5,0.022493331,0.051996538989589274
10.51,900.4659555396115,0.033433853474485846,0.0,0.2,0.2,20.249999999999996,0.8,0.8,900.0,0.01,0.0,20,0.5,0.018811778,0.051996494438215565
10.52,900.4659551354988,0.03332247621324283,0.0,0.2,0.2,20.249999999999996,0.8,0.8,900.0,0.01,0.0,20,0.5,0.01902128,0.05199645225060264
10.53,900.4659547525323,0.03321201689733419,0.0,0.2,0.2,20.249999999999996,0.8,0.8,900.0,0.01,0.0,20,0.5,0.022413092,0.051996411863781324
10.540000000000001,900.4659543856137,0.03310247980568797,0.0,0.2,0.2,20.249999999999996,0.8,0.8,900.0,0.01,0.0,20,0.5,0.018885069,0.05199637257404208
10.55,900.4659540284277,0.0329938693598338,0.0,0.2,0.2,20.249999999999996,0.8,0.8,900.0,0.01,0.0,20,0.5,0.018703577,0.05199633362001206
10.56,900.4659536741553,0.032886190675090396,0.0,0.2,0.2,20.249999999999996,0.8,0.8,900.0,0.01,0.0,20,0.5,0.021822358,0.051996294269428124
10.57,900.4659533162509,0.03277944926028329,0.0,0.2,0.2,20.249999999999996,0.8,0.8,900.0,0.01,0.0,20,0.5,0.018887219,0.051996253904721325
10.58,900.465952949203,0.03267365019989427,0.0,0.2,0.2,20.249999999999996,0.8,0.8,900.0,0.01,0.0,20,0.5,0.019257341,0.05199621209074671
10.59,900.4659525691429,0.032568797936503996,0.0,0.2,0.2,20.249999999999996,0.8,0.8,900.0,0.01,0.0,20,0.5,0.021724616,0.05199616862112301
10.6,900.4659521742448,0.032464896097759724,0.0,0.2,0.2,20.249999999999996,0.8,0.8,900.0,0.01,0.0,20,0.5,0.019531113,0.0519961235509728
10.61,900.4659517650068,0.032361945639541694,0.0,0.2,0.2,20.249999999999996,0.8,0.8,900.0,0.01,0.0,20,0.5,0.018710488,0.051996077189217144
10.620000000000001,900.46595134418,0.032259947417922666,0.0,0.2,0.2,20.249999999999996,0.8,0.8,900.0,0.01,0.0,20,0.5,0.021825608,0.05199603006368524
10.63,900.4659509166122,0.032158901781205625,0.0,0.2,0.2,20.249999999999996,0.8,0.8,900.0,0.01,0.0,20,0.5,0.019142351,0.051995982894054
10.64,900.4659504887032,0.032058799456620664,0.0,0.2,0.2,20.249999999999996,0.8,0.8,900.0,0.01,0.0,20,0.5,0.01890354,0.05199593645186383
10.65,900.4659500672993,0.03195962874242272,0.0,0.2,0.2,20.249999999999996,0.8,0.8,900.0,0.01,0.0,20,0.5,0.02217903,0.05199589146016614
10.66,900.4659496588753,0.03186137842272511,0.0,0.2,0.2,20.249999999999996,0.8,0.8,900.0,0.01,0.0,20,0.5,0.01896827,0.0519958485316928
10.67,900.4659492689126,0.03176403782178189,0.0,0.2,0.2,20.249999999999996,0.8,0.8,900.0,0.01,0.0,20,0.5,0.018714858,0.05199580810776989
10.68,900.4659489013598,0.031667596912152686,0.0,0.2,0.2,20.249999999999996,0.8,0.8,900.0,0.01,0.0,20,0.5,0.022037439,0.051995770409044136
10.69,900.465948558188,0.031572046292894645,0.0,0.2,0.2,20.249999999999996,0.8,0.8,900.0,0.01,0.0,20,0.5,0.018733178,0.051995735411577766
10.700000000000001,900.4659482391673,0.03147737715532557,0.0,0.2,0.2,20.249999999999996,0.8,0.8,900.0,0.01,0.0,20,0.5,0.01907551,0.05199570285118683
10.71,900.4659479418059,0.03138358151599063,0.0,0.2,0.2,20.249999999999996,0.8,0.8,900.0,0.01,0.0,20,0.5,0.022061809,0.05199567224556394
10.72,900.4659476617647,0.03129065305553627,0.0,0.2,0.2,20.249999999999996,0.8,0.8,900.0,0.01,0.0,20,0.5,0.018851739,0.05199564296389153
10.73,900.4659473935326,0.031198586836471635,0.0,0.2,0.2,20.249999999999996,0.8,0.8,900.0,0.01,0.0,20,0.5,0.01889024,0.05199561430194763
10.74,900.465947130788,0.031107378896749194,0.0,0.2,0.2,20.249999999999996,0.8,0.8,900.0,0.01,0.0,20,0.5,0.021837438,0.05199558555502277
10.75,900.4659468672576,0.031017025841467222,0.0,0.2,0.2,20.249999999999996,0.8,0.8,900.0,0.01,0.0,20,0.5,0.01910362,0.05199555610109431
10.76,900.4659465973558,0.03092752463328126,0.0,0.2,0.2,20.249999999999996,0.8,0.8,900.0,0.01,0.0,20,0.5,0.01894915,0.0519955254706683
10.77,900.4659463168554,0.030838873329461287,0.0,0.2,0.2,20.249999999999996,0.8,0.8,900.0,0.01,0.0,20,0.5,0.022286461,0.05199549339401557
10.78,900.4659460233353,0.030751071433568804,0.0,0.2,0.2,20.249999999999996,0.8,0.8,900.0,0.01,0.0,20,0.5,0.019658384,0.05199545982825984
10.790000000000001,900.4659457164261,0.030664120011965584,0.0,0.2,0.2,20.249999999999996,0.8,0.8,900.0,0.01,0.0,20,0.5,0.018993459,0.05199542495970326
10.8,900.4659453978015,0.030578021768548288,0.0,0.2,0.2,20.249999999999996,0.8,0.8,900.0,0.01,0.0,20,0.5,0.02231496,0.05199538918056984
10.81,900.465945070995,0.0304927811266716,0.0,0.2,0.2,20.249999999999996,0.8,0.8,900.0,0.01,0.0,20,0.5,0.019345772,0.051995353045373074
10.82,900.4659447409801,0.030408404235069898,0.0,0.2,0.2,20.249999999999996,0.8,0.8,900.0,0.01,0.0,20,0.5,0.018864128,0.05199531720807831
10.83,900.4659444136075,0.030324898914346206,0.0,0.2,0.2,20.249999999999996,0.8,0.8,900.0,0.01,0.0,20,0.5,0.02222605,0.051995282351487225
10.84,900.4659440950124,0.030242274544077026,0.0,0.2,0.2,20.249999999999996,0.8,0.8,900.0,0.01,0.0,20,0.5,0.01907093,0.05199524911603316
10.85,900.4659437909355,0.03016054212982448,0.0,0.2,0.2,20.249999999999996,0.8,0.8,900.0,0.01,0.0,20,0.5,0.019156551,0.051995218031035254
10.86,900.4659435060945,0.03007971392305601,0.0,0.2,0.2,20.249999999999996,0.8,0.8,900.0,0.01,0.0,20,0.5,0.022014808,0.05199518946008212
10.870000000000001,900.4659432437428,0.029999803683398517,0.0,0.2,0.2,20.249999999999996,0.8,0.8,900.0,0.01,0.0,20,0.5,0.019232771,0.05199516356793864
10.88,900.4659430053456,0.029920827093441415,0.0,0.2,0.2,20.249999999999996,0.8,0.8,900.0,0.01,0.0,20,0.5,0.019331272,0.05199514030728671
10.89,900.46594279047,0.02984280181365983,0.0,0.2,0.2,20.249999999999996,0.8,0.8,900.0,0.01,0.0,20,0.5,0.021975079,0.0519951194270467
10.9,900.4659425968633,0.02976574749804628,0.0,0.2,0.2,20.249999999999996,0.8,0.8,900.0,0.01,0.0,20,0.5,0.019284512,0.05199510050204716
10.91,900.4659424207287,0.029689685477721592,0.0,0.2,0.2,20.249999999999996,0.8,0.8,900.0,0.01,0.0,20,0.5,0.019115051,0.05199508298369121
10.92,900.4659422571322,0.029614637776317985,0.0,0.2,0.2,20.249999999999996,0.8,0.8,900.0,0.01,0.0,20,0.5,0.02212593,0.0519950662496826
10.93,900.4659421004924,0.029540628241876216,0.0,0.2,0.2,20.249999999999996,0.8,0.8,900.0,0.01,0.0,20,0.5,0.01905897,0.051995049667717445
10.94,900.4659419451397,0.029467682579133396,0.0,0.2,0.2,20.249999999999996,0.8,0.8,900.0,0.01,0.0,20,0.5,0.018817108,0.05199503266180256
10.950000000000001,900.465941785914,0.029395828527544948,0.0,0.2,0.2,20.249999999999996,0.8,0.8,900.0,0.01,0.0,20,0.5,0.022437691,0.05199501477095386
10.96,900.4659416187022,0.029325095738680022,0.0,0.2,0.2,20.249999999999996,0.8,0.8,900.0,0.01,0.0,20,0.5,0.01919137,0.05199499568985105
10.97,900.4659414407884,0.029255515168005303,0.0,0.2,0.2,20.249999999999996,0.8,0.8,900.0,0.01,0.0,20,0.5,0.019087421,0.05199497529045191
10.98,900.4659412510123,0.029187118129138635,0.0,0.2,0.2,20.249999999999996,0.8,0.8,900.0,0.01,0.0,20,0.5,0.021994419,0.05199495362181431
10.99,900.4659410498143,0.02911993722862108,0.0,0.2,0.2,20.249999999999996,0.8,0.8,900.0,0.01,0.0,20,0.5,0.019214611,0.05199493090217091
11.0,900.465940839154,0.02905400681528744,0.0,0.2,0.2,20.249999999999996,0.8,0.8,900.0,0.01,0.0,20,0.5,0.019199751,0.05199490749203857
11.01,900.4659406222595,0.028989362972404845,0.0,0.2,0.2,20.249999999999996,0.8,0.8,900.0,0.01,0.0,20,0.5,0.021909448,0.05199488385096306
11.02,900.465940403283,0.028926043223210327,0.0,0.2,0.2,20.249999999999996,0.8,0.8,900.0,0.01,0.0,20,0.5,0.018679458,0.05199486048387609
11.03,900.465940186739,0.028864086073938353,0.0,0.2,0.2,20.249999999999996,0.8,0.8,900.0,0.01,0.0,20,0.5,0.019450513,0.05199483788564358
11.040000000000001,900.4659399770575,0.02880353109099585,0.0,0.2,0.2,20.249999999999996,0.8,0.8,900.0,0.01,0.0,20,0.5,0.022065069,0.05199481649204774
11.05,900.4659397781672,0.028744418782437744,0.0,0.2,0.2,20.249999999999996,0.8,0.8,900.0,0.01,0.0,20,0.5,0.019244991,0.051994796646820225
11.06,900.465939593151,0.02868678924576673,0.0,0.2,0.2,20.249999999999996,0.8,0.8,900.0,0.01,0.0,20,0.5,0.019242802,0.051994778571367216
11.07,900.4659394239909,0.028630682978583462,0.0,0.2,0.2,20.249999999999996,0.8,0.8,900.0,0.01,0.0,20,0.5,0.022572193,0.05199476234767021
11.08,900.4659392714949,0.028576140982562313,0.0,0.2,0.2,20.249999999999996,0.8,0.8,900.0,0.01,0.0,20,0.5,0.01907977,0.051994747924226405
11.09,900.4659391351369,0.028523200903641428,0.0,0.2,0.2,20.249999999999996,0.8,0.8,900.0,0.01,0.0,20,0.5,0.01902868,0.05199473511667673
11.1,900.4659390132284,0.028471900077258295,0.0,0.2,0.2,20.249999999999996,0.8,0.8,900.0,0.01,0.0,20,0.5,0.022413631,0.05199472363960722
11.11,900.465938903235,0.028422276725963883,0.0,0.2,0.2,20.249999999999996,0.8,0.8,900.0,0.01,0.0,20,0.5,0.019012919,0.05199471314355077
11.120000000000001,900.4659388020125,0.0283743696828075,0.0,0.2,0.2,20.249999999999996,0.8,0.8,900.0,0.01,0.0,20,0.5,0.018863909,0.05199470325159395
11.13,900.4659387061943,0.02832821868538865,0.0,0.2,0.2,20.249999999999996,0.8,0.8,900.0,0.01,0.0,20,0.5,0.021965389,0.05199469360074381
11.14,900.4659386125329,0.02828386420913357,0.0,0.2,0.2,20.249999999999996,0.8,0.8,900.0,0.01,0.0,20,0.5,0.018947299,0.05199468387922174
11.15,900.46593851833,0.02824134702998198,0.0,0.2,0.2,20.249999999999996,0.8,0.8,900.0,0.01,0.0,20,0.5,0.019138271,0.05199467386062816
11.16,900.4659384215317,0.028200706711789772,0.0,0.2,0.2,20.249999999999996,0.8,0.8,900.0,0.01,0.0,20,0.5,0.022489072,0.0519946634208734
11.17,900.4659383209802,0.028161982633565633,0.0,0.2,0.2,20.249999999999996,0.8,0.8,900.0,0.01,0.0,20,0.5,0.019429422,0.05199465254728104
11.18,900.4659382165801,0.028125214421559776,0.0,0.2,0.2,20.249999999999996,0.8,0.8,900.0,0.01,0.0,20,0.5,0.019681474,0.05199464133727517
11.19,900.465938109214,0.028090442258769003,0.0,0.2,0.2,20.249999999999996,0.8,0.8,900.0,0.01,0.0,20,0.5,0.02210444,0.051994629980170765
11.200000000000001,900.4659380005985,0.0280577067611309,0.0,0.2,0.2,20.249999999999996,0.8,0.8,900.0,0.01,0.0,20,0.5,0.019151531,0.05199461873302178
11.21,900.4659378930088,0.0280270490238174,0.0,0.2,0.2,20.249999999999996,0.8,0.8,900.0,0.01,0.0,20,0.5,0.019115601,0.05199460788820524
11.22,900.465937789087,0.02799851086449925,0.0,0.2,0.2,20.249999999999996,0.8,0.8,900.0,0.01,0.0,20,0.5,0.021797168,0.05199459773964432
11.23,900.465937691456,0.027972134469320335,0.0,0.2,0.2,20.249999999999996,0.8,0.8,900.0,0.01,0.0,20,0.5,0.019478773,0.05199458854679402
11.24,900.4659376024816,0.027947962577934856,0.0,0.2,0.2,20.249999999999996,0.8,0.8,900.0,0.01,0.0,20,0.5,0.019182541,0.051994580511873216
11.25,900.465937523942,0.027926037941142574,0.0,0.2,0.2,20.249999999999996,0.8,0.8,900.0,0.01,0.0,20,0.5,0.023026755,0.051994573753709514
11.26,900.4659374569223,0.02790640387479827,0.0,0.2,0.2,20.249999999999996,0.8,0.8,900.0,0.01,0.0,20,0.5,0.019142461,0.05199456830586444
11.27,900.4659374019128,0.027889099795426153,0.0,0.2,0.2,20.249999999999996,0.8,0.8,900.0,0.01,0.0,20,0.5,0.01892099,0.05199456413669072
11.28,900.465937358412,0.027874151569873374,0.0,0.2,0.2,20.249999999999996,0.8,0.8,900.0,0.01,0.0,20,0.5,0.02217157,0.05199456109372732
11.290000000000001,900.4659373250468,0.027861585324582987,0.0,0.2,0.2,20.249999999999996,0.8,0.8,900.0,0.01,0.0,20,0.5,0.01905039,0.051994558961363464
11.3,900.4659372998997,0.027851428573597427,0.0,0.2,0.2,20.249999999999996,0.8,0.8,900.0,0.01,0.0,20,0.5,0.01905759,0.05199455749136912
11.31,900.465937280739,0.02784371023778578,0.0,0.2,0.2,20.249999999999996,0.8,0.8,900.0,0.01,0.0,20,0.5,0.022110379,0.05199455642477534
11.32,900.4659372652467,0.027838460777013813,0.0,0.2,0.2,20.249999999999996,0.8,0.8,900.0,0.01,0.0,20,0.5,0.019293862,0.05199455551849174
11.33,900.4659372512318,0.027835712227037557,0.0,0.2,0.2,20.249999999999996,0.8,0.8,900.0,0.01,0.0,20,0.5,0.019134221,0.051994554573461534
11.34,900.4659372369152,0.027835498370210977,0.0,0.2,0.2,20.249999999999996,0.8,0.8,900.0,0.01,0.0,20,0.5,0.022481231,0.05199455346014928
11.35,900.4659372211858,0.027837854626576605,0.0,0.2,0.2,20.249999999999996,0.8,0.8,900.0,0.01,0.0,20,0.5,0.019411332,0.05199455214539208
11.36,900.4659372037836,0.02784281575129066,0.0,0.2,0.2,20.249999999999996,0.8,0.8,900.0,0.01,0.0,20,0.5,0.019471823,0.051994550692985295
11.370000000000001,900.465937185261,0.027850416439614334,0.0,0.2,0.2,20.249999999999996,0.8,0.8,900.0,0.01,0.0,20,0.5,0.022857494,0.051994549239196
11.38,900.4659371668238,0.027860692342806193,0.0,0.2,0.2,20.249999999999996,0.8,0.8,900.0,0.01,0.0,20,0.5,0.019146981,0.051994547977266825
11.39,900.4659371502103,0.027873680437286663,0.0,0.2,0.2,20.249999999999996,0.8,0.8,900.0,0.01,0.0,20,0.5,0.018923309,0.05199454713999674
11.4,900.4659371375203,0.027889419596780728,0.0,0.2,0.2,20.249999999999996,0.8,0.8,900.0,0.01,0.0,20,0.5,0.02227592,0.051994546978429715
11.41,900.4659371310145,0.027907949064400743,0.0,0.2,0.2,20.249999999999996,0.8,0.8,900.0,0.01,0.0,20,0.5,0.019279252,0.051994547729046145
11.42,900.4659371328091,0.027929308880488047,0.0,0.2,0.2,20.249999999999996,0.8,0.8,900.0,0.01,0.0,20,0.5,0.019094061,0.05199454957740939
11.43,900.4659371445647,0.027953541235587888,0.0,0.2,0.2,20.249999999999996,0.8,0.8,900.0,0.01,0.0,20,0.5,0.022782604,0.05199455263990488
11.44,900.4659371673774,0.027980690451453096,0.0,0.2,0.2,20.249999999999996,0.8,0.8,900.0,0.01,0.0,20,0.5,0.019419473,0.05199455696328193
11.450000000000001,900.4659372016713,0.028010801944450762,0.0,0.2,0.2,20.249999999999996,0.8,0.8,900.0,0.01,0.0,20,0.5,0.01901694,0.051994562531181975
11.46,900.4659372473457,0.028043917508385675,0.0,0.2,0.2,20.249999999999996,0.8,0.8,900.0,0.01,0.0,20,0.5,0.021971299,0.05199456927824175
11.47,900.4659373037151,0.02808007339632727,0.0,0.2,0.2,20.249999999999996,0.8,0.8,900.0,0.01,0.0,20,0.5,0.019715174,0.051994577046086225
11.48,900.4659373694976,0.028119306894265953,0.0,0.2,0.2,20.249999999999996,0.8,0.8,900.0,0.01,0.0,20,0.5,0.0190122,0.05199458564765171
11.49,900.4659374429518,0.02816164024637767,0.0,0.2,0.2,20.249999999999996,0.8,0.8,900.0,0.01,0.0,20,0.5,0.022469122,0.05199459482366243
11.5,900.4659375216607,0.02820709133692673,0.0,0.2,0.2,20.249999999999996,0.8,0.8,900.0,0.01,0.0,20,0.5,0.01894954,0.05199460426682196
11.51,900.4659376028748,0.028255679668355054,0.0,0.2,0.2,20.249999999999996,0.8,0.8,900.0,0.01,0.0,20,0.5,0.01892456,0.051994613669050956
11.52,900.465937683911,0.028307425394207844,0.0,0.2,0.2,20.249999999999996,0.8,0.8,900.0,0.01,0.0,20,0.5,0.022307711,0.0519946227756461
11.53,900.4659377624832,0.028362341249261395,0.0,0.2,0.2,20.249999999999996,0.8,0.8,900.0,0.01,0.0,20,0.5,0.018792208,0.051994631395256376
11.540000000000001,900.4659378368173,0.02842043604533574,0.0,0.2,0.2,20.249999999999996,0.8,0.8,900.0,0.01,0.0,20,0.5,0.018831639,0.051994639401109585
11.55,900.4659379057919,0.028481719229950773,0.0,0.2,0.2,20.249999999999996,0.8,0.8,900.0,0.01,0.0,20,0.5,0.023338987,0.05199464675660236
11.56,900.4659379691375,0.02854620046079321,0.0,0.2,0.2,20.249999999999996,0.8,0.8,900.0,0.01,0.0,20,0.5,0.01904235,0.051994653520030236
11.57,900.4659380273489,0.02861388888364568,0.0,0.2,0.2,20.249999999999996,0.8,0.8,900.0,0.01,0.0,20,0.5,0.019196011,0.05199465982229577
11.58,900.4659380815771,0.028684792759962035,0.0,0.2,0.2,20.249999999999996,0.8,0.8,900.0,0.01,0.0,20,0.5,0.022641362,0.05199466584641508
11.59,900.4659381334396,0.02875892038797274,0.0,0.2,0.2,20.249999999999996,0.8,0.8,900.0,0.01,0.0,20,0.5,0.0191197,0.051994671801205476
11.6,900.4659381848261,0.02883628088071598,0.0,0.2,0.2,20.249999999999996,0.8,0.8,900.0,0.01,0.0,20,0.5,0.019342522,0.051994677904132425
11.61,900.4659382377289,0.028916882076730002,0.0,0.2,0.2,20.249999999999996,0.8,0.8,900.0,0.01,0.0,20,0.5,0.02224675,0.051994684369565475
11.620000000000001,900.465938294014,0.029000728230965202,0.0,0.2,0.2,20.249999999999996,0.8,0.8,900.0,0.01,0.0,20,0.5,0.019440792,0.051994691370525106
11.63,900.4659383552486,0.02908782400295481,0.0,0.2,0.2,20.249999999999996,0.8,0.8,900.0,0.01,0.0,20,0.5,0.019365732,0.051994699038948836
11.64,900.4659384226062,0.029178174027878163,0.0,0.2,0.2,20.249999999999996,0.8,0.8,900.0,0.01,0.0,20,0.5,0.021983309,0.0519947074485187
11.65,900.4659384967165,0.029271783337661315,0.0,0.2,0.2,20.249999999999996,0.8,0.8,900.0,0.01,0.0,20,0.5,0.018965859,0.05199471660911778
11.66,900.4659385776811,0.02936865759970209,0.0,0.2,0.2,20.249999999999996,0.8,0.8,900.0,0.01,0.0,20,0.5,0.019220061,0.051994726473517376
11.67,900.4659386650818,0.029468803274934296,0.0,0.2,0.2,20.249999999999996,0.8,0.8,900.0,0.01,0.0,20,0.5,0.02208632,0.051994736943145436
11.68,900.4659387580384,0.02957222670154881,0.0,0.2,0.2,20.249999999999996,0.8,0.8,900.0,0.01,0.0,20,0.5,0.019537193,0.051994747881723966
11.69,900.4659388553265,0.029678934333992765,0.0,0.2,0.2,20.249999999999996,0.8,0.8,900.0,0.01,0.0,20,0.5,0.018992559,0.05199475913361017
11.700000000000001,900.4659389555433,0.029788933374609874,0.0,0.2,0.2,20.249999999999996,0.8,0.8,900.0,0.01,0.0,20,0.5,0.022481712,0.05199477054106351
11.71,900.4659390572797,0.029902231930940056,0.0,0.2,0.2,20.249999999999996,0.8,0.8,900.0,0.01,0.0,20,0.5,0.019218191,0.051994781957824567
11.72,900.4659391592272,0.03001883905488522,0.0,0.2,0.2,20.249999999999996,0.8,0.8,900.0,0.01,0.0,20,0.5,0.019020119,0.05199479325750214
11.73,900.4659392602794,0.03013876381617436,0.0,0.2,0.2,20.249999999999996,0.8,0.8,900.0,0.01,0.0,20,0.5,0.022432521,0.0519948043276687
11.74,900.46593935939,0.030262014723202616,0.0,0.2,0.2,20.249999999999996,0.8,0.8,900.0,0.01,0.0,20,0.5,0.019540883,0.05199481506596089
11.75,900.4659394556637,0.0303886011833036,0.0,0.2,0.2,20.249999999999996,0.8,0.8,900.0,0.01,0.0,20,0.5,0.019363012,0.051994825403059754
11.76,900.4659395485122,0.03051853315826896,0.0,0.2,0.2,20.249999999999996,0.8,0.8,900.0,0.01,0.0,20,0.5,0.022154059,0.05199483531290299
11.77,900.4659396377064,0.03065181726594476,0.0,0.2,0.2,20.249999999999996,0.8,0.8,900.0,0.01,0.0,20,0.5,0.01908237,0.05199484479380769
11.78,900.4659397231563,0.030788457343116412,0.0,0.2,0.2,20.249999999999996,0.8,0.8,900.0,0.01,0.0,20,0.5,0.019288581,0.05199485383391789
11.790000000000001,900.465939804749,0.030928458515649716,0.0,0.2,0.2,20.249999999999996,0.8,0.8,900.0,0.01,0.0,20,0.5,0.02205191,0.05199486241739926
11.8,900.4659398823491,0.03107182725214272,0.0,0.2,0.2,20.249999999999996,0.8,0.8,900.0,0.01,0.0,20,0.5,0.018757608,0.051994870524553136
11.81,900.4659399557752,0.03121857154958731,0.0,0.2,0.2,20.249999999999996,0.8,0.8,900.0,0.01,0.0,20,0.5,0.019428622,0.051994878127788205
11.82,900.4659400248502,0.03136869928921557,0.0,0.2,0.2,20.249999999999996,0.8,0.8,900.0,0.01,0.0,20,0.5,0.021913379,0.05199488519434959
11.83,900.4659400892175,0.03152221325615726,0.0,0.2,0.2,20.249999999999996,0.8,0.8,900.0,0.01,0.0,20,0.5,0.019265731,0.05199489168343065
11.84,900.4659401485088,0.031679116898028124,0.0,0.2,0.2,20.249999999999996,0.8,0.8,900.0,0.01,0.0,20,0.5,0.018948439,0.0519948975653165
11.85,900.4659402025854,0.03183941114431058,0.0,0.2,0.2,20.249999999999996,0.8,0.8,900.0,0.01,0.0,20,0.5,0.022044469,0.05199490285012089
11.86,900.4659402514111,0.0320030873324871,0.0,0.2,0.2,20.249999999999996,0.8,0.8,900.0,0.01,0.0,20,0.5,0.019479313,0.05199490754107566
11.870000000000001,900.4659402950152,0.03217013703952123,0.0,0.2,0.2,20.249999999999996,0.8,0.8,900.0,0.01,0.0,20,0.5,0.01898186,0.051994911644513364
11.88,900.4659403334888,0.032340552329282464,0.0,0.2,0.2,20.249999999999996,0.8,0.8,900.0,0.01,0.0,20,0.5,0.02221969,0.05199491516261321
11.89,900.4659403668962,0.03251432391996852,0.0,0.2,0.2,20.249999999999996,0.8,0.8,900.0,0.01,0.0,20,0.5,0.019154021,0.0519949181035889
11.9,900.4659403953251,0.0326914337431741,0.0,0.2,0.2,20.249999999999996,0.8,0.8,900.0,0.01,0.0,20,0.5,0.01901519,0.05199492049050719
11.91,900.465940418878,0.032871857433863325,0.0,0.2,0.2,20.249999999999996,0.8,0.8,900.0,0.01,0.0,20,0.5,0.021774077,0.05199492235498511
11.92,900.4659404378543,0.0330555712462613,0.0,0.2,0.2,20.249999999999996,0.8,0.8,900.0,0.01,0.0,20,0.5,0.01913882,0.05199492374503114
11.93,900.465940452698,0.033242551880252685,0.0,0.2,0.2,20.249999999999996,0.8,0.8,900.0,0.01,0.0,20,0.5,0.019136611,0.05199492470833257
11.94,900.4659404638282,0.033432776437290916,0.0,0.2,0.2,20.249999999999996,0.8,0.8,900.0,0.01,0.0,20,0.5,0.022566002,0.051994925276043824
11.950000000000001,900.4659404714984,0.033626222932267025,0.0,0.2,0.2,20.249999999999996,0.8,0.8,900.0,0.01,0.0,20,0.5,0.01901112,0.051994925455857495
11.96,900.4659404757892,0.033822870637224556,0.0,0.2,0.2,20.249999999999996,0.8,0.8,900.0,0.01,0.0,20,0.5,0.019637994,0.051994925231878694
11.97,900.465940476563,0.03402270004146328,0.0,0.2,0.2,20.249999999999996,0.8,0.8,900.0,0.01,0.0,20,0.5,0.022306011,0.05199492456750184
11.98,900.4659404734699,0.034225691204693244,0.0,0.2,0.2,20.249999999999996,0.8,0.8,900.0,0.01,0.0,20,0.5,0.019316382,0.05199492341119801
11.99,900.4659404660374,0.03443182541900766,0.0,0.2,0.2,20.249999999999996,0.8,0.8,900.0,0.01,0.0,20,0.5,0.018792978,0.05199492170656813
12.0,900.4659404537817,0.03464108577591093,0.0,0.2,0.2,20.249999999999996,0.8,0.8,900.0,0.01,0.0,20,0.5,0.022620943,0.05199491939799762
12.01,900.4659404363782,0.03485345441224714,0.0,0.2,0.2,20.249999999999996,0.8,0.8,900.0,0.01,0.0,20,0.5,0.01907639,0.05199491645197225
12.02,900.4659404134012,0.035068901087324654,0.0,0.2,0.2,20.249999999999996,0.8,0.8,900.0,0.01,0.0,20,0.5,0.019269152,0.05199491280553346
12.030000000000001,900.4659403842211,0.03528739374768307,0.0,0.2,0.2,20.249999999999996,0.8,0.8,900.0,0.01,0.0,20,0.5,0.022463822,0.05199490838602674
12.040000000000001,900.4659403481786,0.035508901358214905,0.0,0.2,0.2,20.249999999999996,0.8,0.8,900.0,0.01,0.0,20,0.5,0.01900143,0.05199490312028383
12.05,900.4659403046318,0.03573339413278097,0.0,0.2,0.2,20.249999999999996,0.8,0.8,900.0,0.01,0.0,20,0.5,0.01904177,0.05199489693773284
12.06,900.4659402530003,0.03596084296595963,0.0,0.2,0.2,20.249999999999996,0.8,0.8,900.0,0.01,0.0,20,0.5,0.022062139,0.05199488977231535
12.07,900.4659401926374,0.036191219062329125,0.0,0.2,0.2,20.249999999999996,0.8,0.8,900.0,0.01,0.0,20,0.5,0.018907759,0.05199488155511132
12.08,900.4659401229267,0.03642449264391006,0.0,0.2,0.2,20.249999999999996,0.8,0.8,900.0,0.01,0.0,20,0.5,0.01909368,0.05199487222586825
12.09,900.4659400433262,0.03666063384734523,0.0,0.2,0.2,20.249999999999996,0.8,0.8,900.0,0.01,0.0,20,0.5,0.02238872,0.0519948617378403
12.1,900.4659399534039,0.03689961412467757,0.0,0.2,0.2,20.249999999999996,0.8,0.8,900.0,0.01,0.0,20,0.5,0.019451873,0.051994850059648115
12.11,900.4659398528668,0.03714140657170237,0.0,0.2,0.2,20.249999999999996,0.8,0.8,900.0,0.01,0.0,20,0.5,0.020085866,0.05199483717609399
12.120000000000001,900.4659397416804,0.03738598574032802,0.0,0.2,0.2,20.249999999999996,0.8,0.8,900.0,0.01,0.0,20,0.5,0.021840927,0.05199482312539874
12.13,900.4659396202064,0.03763331711229955,0.0,0.2,0.2,20.249999999999996,0.8,0.8,900.0,0.01,0.0,20,0.5,0.018948759,0.05199480795175278
12.14,900.4659394887991,0.037883361292146256,0.0,0.2,0.2,20.249999999999996,0.8,0.8,900.0,0.01,0.0,20,0.5,0.01905963,0.05199479167344497
12.15,900.4659393475562,0.03813607296111326,0.0,0.2,0.2,20.249999999999996,0.8,0.8,900.0,0.01,0.0,20,0.5,0.022522012,0.05199477427896617
12.16,900.4659391963804,0.03839140591118146,0.0,0.2,0.2,20.249999999999996,0.8,0.8,900.0,0.01,0.0,20,0.5,0.019674394,0.051994755750501456
12.17,900.4659390350885,0.0386493137984777,0.0,0.2,0.2,20.249999999999996,0.8,0.8,900.0,0.01,0.0,20,0.5,0.019160561,0.051994736072717165
12.18,900.4659388635366,0.03890975069808968,0.0,0.2,0.2,20.249999999999996,0.8,0.8,900.0,0.01,0.0,20,0.5,0.022687923,0.051994715244828585
12.19,900.465938681701,0.03917267168420556,0.0,0.2,0.2,20.249999999999996,0.8,0.8,900.0,0.01,0.0,20,0.5,0.0190374,0.0519946932874096
12.200000000000001,900.4659384898962,0.03943803327838944,0.0,0.2,0.2,20.249999999999996,0.8,0.8,900.0,0.01,0.0,20,0.5,0.018708738,0.05199467029846929
12.21,900.465938289137,0.03970577718903937,0.0,0.2,0.2,20.249999999999996,0.8,0.8,900.0,0.01,0.0,20,0.5,0.023699109,0.05199464644415278
12.22,900.4659380808782,0.03997582634908832,0.0,0.2,0.2,20.249999999999996,0.8,0.8,900.0,0.01,0.0,20,0.5,0.019716265,0.0519946219229738
12.23,900.4659378667559,0.040248085089769674,0.0,0.2,0.2,20.249999999999996,0.8,0.8,900.0,0.01,0.0,20,0.5,0.018758818,0.05199459691504862
12.24,900.4659376483451,0.040522454706585304,0.0,0.2,0.2,20.249999999999996,0.8,0.8,900.0,0.01,0.0,20,0.5,0.022097899,0.05199457158413963
12.25,900.4659374271858,0.04079883409513651,0.0,0.2,0.2,20.249999999999996,0.8,0.8,900.0,0.01,0.0,20,0.5,0.018977639,0.051994546084169084
12.26,900.4659372045797,0.04107711441995105,0.0,0.2,0.2,20.249999999999996,0.8,0.8,900.0,0.01,0.0,20,0.5,0.018781488,0.05199452051932864
12.27,900.4659369814614,0.04135718675901574,0.0,0.2,0.2,20.249999999999996,0.8,0.8,900.0,0.01,0.0,20,0.5,0.022042699,0.051994494939424596
12.280000000000001,900.4659367582743,0.041638941062503196,0.0,0.2,0.2,20.249999999999996,0.8,0.8,900.0,0.01,0.0,20,0.5,0.019202281,0.05199446933204267
12.290000000000001,900.4659365348623,0.04192226659999695,0.0,0.2,0.2,20.249999999999996,0.8,0.8,900.0,0.01,0.0,20,0.5,0.019145241,0.05199444362994657
12.3,900.4659363106229,0.04220705437388466,0.0,0.2,0.2,20.249999999999996,0.8,0.8,900.0,0.01,0.0,20,0.5,0.02224466,0.05199441772509949
12.31,900.4659360847245,0.042493196927789315,0.0,0.2,0.2,20.249999999999996,0.8,0.8,900.0,0.01,0.0,20,0.5,0.018840319,0.051994391532672136
12.32,900.4659358565731,0.042780567359439095,0.0,0.2,0.2,20.249999999999996,0.8,0.8,900.0,0.01,0.0,20,0.5,0.01906382,0.0519943650387192
12.33,900.4659356257658,0.043069016892486475,0.0,0.2,0.2,20.249999999999996,0.8,0.8,900.0,0.01,0.0,20,0.5,0.022490061,0.0519943382128981
12.34,900.4659353920129,0.043358398057290734,0.0,0.2,0.2,20.249999999999996,0.8,0.8,900.0,0.01,0.0,20,0.5,0.019234081,0.051994311026860876
12.35,900.4659351550108,0.04364856580015671,0.0,0.2,0.2,20.249999999999996,0.8,0.8,900.0,0.01,0.0,20,0.5,0.018848239,0.051994283441898215
12.36,900.4659349144168,0.04393937854418315,0.0,0.2,0.2,20.249999999999996,0.8,0.8,900.0,0.01,0.0,20,0.5,0.02221875,0.05199425539916965
12.370000000000001,900.4659346696982,0.044230698792714296,0.0,0.2,0.2,20.249999999999996,0.8,0.8,900.0,0.01,0.0,20,0.5,0.018755038,0.051994226830724515
12.38,900.4659344204191,0.04452239017699214,0.0,0.2,0.2,20.249999999999996,0.8,0.8,900.0,0.01,0.0,20,0.5,0.01914522,0.05199419770943918
12.39,900.4659341661768,0.0448143043623677,0.0,0.2,0.2,20.249999999999996,0.8,0.8,900.0,0.01,0.0,20,0.5,0.021585966,0.05199416800212998
12.4,900.4659339066578,0.04510629659555173,0.0,0.2,0.2,20.249999999999996,0.8,0.8,900.0,0.01,0.0,20,0.5,0.019318392,0.0519941376895292
12.41,900.465933641707,0.04539822497585099,0.0,0.2,0.2,20.249999999999996,0.8,0.8,900.0,0.01,0.0,20,0.5,0.019578623,0.05199410677449935
12.42,900.4659333713137,0.04568994922363986,0.0,0.2,0.2,20.249999999999996,0.8,0.8,900.0,0.01,0.0,20,0.5,0.021741637,0.05199407527009494
12.43,900.4659330956074,0.04598133517895416,0.0,0.2,0.2,20.249999999999996,0.8,0.8,900.0,0.01,0.0,20,0.5,0.019902525,0.05199404321715551
12.44,900.4659328150188,0.04627225121067452,0.0,0.2,0.2,20.249999999999996,0.8,0.8,900.0,0.01,0.0,20,0.5,0.019192411,0.05199401070669382
12.450000000000001,900.4659325303471,0.04656256450846083,0.0,0.2,0.2,20.249999999999996,0.8,0.8,900.0,0.01,0.0,20,0.5,0.021935458,0.051993977861743784
12.46,900.465932242848,0.046852138555940774,0.0,0.2,0.2,20.249999999999996,0.8,0.8,900.0,0.01,0.0,20,0.5,0.01915543,0.05199394486510414
12.47,900.4659319543714,0.047140824019818776,0.0,0.2,0.2,20.249999999999996,0.8,0.8,900.0,0.01,0.0,20,0.5,0.018927609,0.05199391198542108
12.48,900.4659316672236,0.04742843306708771,0.0,0.2,0.2,20.249999999999996,0.8,0.8,900.0,0.01,0.0,20,0.5,0.022385692,0.0519938795029418
12.49,900.4659313836058,0.047714759167591755,0.0,0.2,0.2,20.249999999999996,0.8,0.8,900.0,0.01,0.0,20,0.5,0.018714228,0.051993847681954475
12.5,900.4659311058936,0.047999600102976575,0.0,0.2,0.2,20.249999999999996,0.8,0.8,900.0,0.01,0.0,20,0.5,0.018815699,0.05199381681283882
12.51,900.4659308366201,0.04828275664071446,0.0,0.2,0.2,20.249999999999996,0.8,0.8,900.0,0.01,0.0,20,0.5,0.021827948,0.05199378712052575
12.52,900.4659305777498,0.04856403812377543,0.0,0.2,0.2,20.249999999999996,0.8,0.8,900.0,0.01,0.0,20,0.5,0.01893882,0.05199375870048973
12.530000000000001,900.4659303301739,0.0488432699179759,0.0,0.2,0.2,20.249999999999996,0.8,0.8,900.0,0.01,0.0,20,0.5,0.018673188,0.0519937315525725
12.540000000000001,900.4659300938888,0.04912028899578861,0.0,0.2,0.2,20.249999999999996,0.8,0.8,900.0,0.01,0.0,20,0.5,0.022387951,0.051993705603866465
12.55,900.4659298682077,0.04939494457345145,0.0,0.2,0.2,20.249999999999996,0.8,0.8,900.0,0.01,0.0,20,0.5,0.018920409,0.05199368073063147
12.56,900.4659296520077,0.04966710048925045,0.0,0.2,0.2,20.249999999999996,0.8,0.8,900.0,0.01,0.0,20,0.5,0.018807809,0.05199365677779035
12.57,900.465929443962,0.04993663627476351,0.0,0.2,0.2,20.249999999999996,0.8,0.8,900.0,0.01,0.0,20,0.5,0.021936379,0.0519936335726207
12.58,900.4659292425243,0.05020344210111156,0.0,0.2,0.2,20.249999999999996,0.8,0.8,900.0,0.01,0.0,20,0.5,0.018701988,0.05199361092000446
12.59,900.4659290458019,0.05046742048790919,0.0,0.2,0.2,20.249999999999996,0.8,0.8,900.0,0.01,0.0,20,0.5,0.019507043,0.05199358859535109
12.6,900.4659288513152,0.05072849803376952,0.0,0.2,0.2,20.249999999999996,0.8,0.8,900.0,0.01,0.0,20,0.5,0.022356911,0.05199356633299616
12.61,900.4659286569987,0.05098666144241562,0.0,0.2,0.2,20.249999999999996,0.8,0.8,900.0,0.01,0.0,20,0.5,0.01914146,0.051993543859117676
12.620000000000001,900.4659284605026,0.05124192601202934,0.0,0.2,0.2,20.249999999999996,0.8,0.8,900.0,0.01,0.0,20,0.5,0.018848019,0.05199352084958311
12.63,900.4659282588983,0.051494328478063914,0.0,0.2,0.2,20.249999999999996,0.8,0.8,900.0,0.01,0.0,20,0.5,0.021999849,0.051993497007887496
12.64,900.46592804954,0.05174392814994242,0.0,0.2,0.2,20.249999999999996,0.8,0.8,900.0,0.01,0.0,20,0.5,0.019256432,0.05199347214443252
12.65,900.4659278309091,0.05199080518755653,0.0,0.2,0.2,20.249999999999996,0.8,0.8,900.0,0.01,0.0,20,0.5,0.01902513,0.05199344622138542
12.66,900.4659276026854,0.05223504392980102,0.0,0.2,0.2,20.249999999999996,0.8,0.8,900.0,0.01,0.0,20,0.5,0.02226451,0.05199341933260774
12.67,900.4659273659331,0.05247673338405008,0.0,0.2,0.2,20.249999999999996,0.8,0.8,900.0,0.01,0.0,20,0.5,0.01909678,0.051993391685076426
12.68,900.4659271220766,0.05271595505727595,0.0,0.2,0.2,20.249999999999996,0.8,0.8,900.0,0.01,0.0,20,0.5,0.018998079,0.0519933634955781
12.69,900.4659268730902,0.05295281399273632,0.0,0.2,0.2,20.249999999999996,0.8,0.8,900.0,0.01,0.0,20,0.5,0.022075119,0.051993335070398765
12.700000000000001,900.4659266218961,0.05318743283240449,0.0,0.2,0.2,20.249999999999996,0.8,0.8,900.0,0.01,0.0,20,0.5,0.01899522,0.05199330685922384
12.71,900.4659263725451,0.0534199353639989,0.0,0.2,0.2,20.249999999999996,0.8,0.8,900.0,0.01,0.0,20,0.5,0.018878089,0.05199327940390615
12.72,900.4659261297427,0.05365045181250579,0.0,0.2,0.2,20.249999999999996,0.8,0.8,900.0,0.01,0.0,20,0.5,0.022149859,0.05199325322564597
12.73,900.4659258983525,0.0538791363131839,0.0,0.2,0.2,20.249999999999996,0.8,0.8,900.0,0.01,0.0,20,0.5,0.019192371,0.05199322887077429
12.74,900.4659256840831,0.05410613022249336,0.0,0.2,0.2,20.249999999999996,0.8,0.8,900.0,0.01,0.0,20,0.5,0.019436383,0.051993206886313925
12.75,900.4659254910405,0.05433152211654931,0.0,0.2,0.2,20.249999999999996,0.8,0.8,900.0,0.01,0.0,20,0.5,0.021716447,0.05199318738635109
12.76,900.4659253208112,0.05455539131001993,0.0,0.2,0.2,20.249999999999996,0.8,0.8,900.0,0.01,0.0,20,0.5,0.019790715,0.05199317032782201
12.77,900.4659251724594,0.054777764080830585,0.0,0.2,0.2,20.249999999999996,0.8,0.8,900.0,0.01,0.0,20,0.5,0.018641638,0.05199315530236575
12.780000000000001,900.465925042127,0.05499866070134736,0.0,0.2,0.2,20.249999999999996,0.8,0.8,900.0,0.01,0.0,20,0.5,0.021998109,0.05199314168624291
12.790000000000001,900.4659249244951,0.055218104925258325,0.0,0.2,0.2,20.249999999999996,0.8,0.8,900.0,0.01,0.0,20,0.5,0.018781018,0.051993128789915036
12.8,900.4659248129857,0.05543611098469251,0.0,0.2,0.2,20.249999999999996,0.8,0.8,900.0,0.01,0.0,20,0.5,0.018735898,0.0519931157864556
12.81,900.4659247001068,0.055652713685500774,0.0,0.2,0.2,20.249999999999996,0.8,0.8,900.0,0.01,0.0,20,0.5,0.022030399,0.05199310188302585
12.82,900.4659245787454,0.055867972696568555,0.0,0.2,0.2,20.249999999999996,0.8,0.8,900.0,0.01,0.0,20,0.5,0.019021919,0.05199308644549988
12.83,900.4659244432199,0.05608197445624839,0.0,0.2,0.2,20.249999999999996,0.8,0.8,900.0,0.01,0.0,20,0.5,0.019390002,0.051993069117223525
12.84,900.4659242907545,0.05629482792450533,0.0,0.2,0.2,20.249999999999996,0.8,0.8,900.0,0.01,0.0,20,0.5,0.021969938,0.05199304989010578
12.85,900.4659241209575,0.05650663495979209,0.0,0.2,0.2,20.249999999999996,0.8,0.8,900.0,0.01,0.0,20,0.5,0.018950989,0.05199302895481277
12.86,900.4659239354808,0.05671751819974804,0.0,0.2,0.2,20.249999999999996,0.8,0.8,900.0,0.01,0.0,20,0.5,0.01903153,0.05199300675820694
12.870000000000001,900.4659237383366,0.05692762444717689,0.0,0.2,0.2,20.249999999999996,0.8,0.8,900.0,0.01,0.0,20,0.5,0.022067879,0.051992984009016044
12.88,900.4659235358974,0.057137125525857695,0.0,0.2,0.2,20.249999999999996,0.8,0.8,900.0,0.01,0.0,20,0.5,0.019014799,0.05199296161651771
12.89,900.4659233364642,0.0573462183690912,0.0,0.2,0.2,20.249999999999996,0.8,0.8,900.0,0.01,0.0,20,0.5,0.01910572,0.05199294065609207
12.9,900.4659231500033,0.05755510407946886,0.0,0.2,0.2,20.249999999999996,0.8,0.8,900.0,0.01,0.0,20,0.5,0.022159329,0.051992922389113155
12.91,900.4659229875034,0.05776397268758949,0.0,0.2,0.2,20.249999999999996,0.8,0.8,900.0,0.01,0.0,20,0.5,0.018564647,0.051992908099134226
12.92,900.4659228610016,0.05797302528182097,0.0,0.2,0.2,20.249999999999996,0.8,0.8,900.0,0.01,0.0,20,0.5,0.018858649,0.05199289908562252
12.93,900.4659227819133,0.058182434576984444,0.0,0.2,0.2,20.249999999999996,0.8,0.8,900.0,0.01,0.0,20,0.5,0.02225222,0.0519928964377161
12.94,900.4659227599869,0.05839236000163262,0.0,0.2,0.2,20.249999999999996,0.8,0.8,900.0,0.01,0.0,20,0.5,0.01905158,0.05199290086720554
12.950000000000001,900.4659228011377,0.05860295763976181,0.0,0.2,0.2,20.249999999999996,0.8,0.8,900.0,0.01,0.0,20,0.5,0.018877719,0.05199291246809993
12.96,900.465922906177,0.05881441258539229,0.0,0.2,0.2,20.249999999999996,0.8,0.8,900.0,0.01,0.0,20,0.5,0.021920008,0.051992930725795194
12.97,900.4659230704642,0.05902693818056121,0.0,0.2,0.2,20.249999999999996,0.8,0.8,900.0,0.01,0.0,20,0.5,0.01907796,0.05199295456779345
12.98,900.4659232843347,0.05924077544106916,0.0,0.2,0.2,20.249999999999996,0.8,0.8,900.0,0.01,0.0,20,0.5,0.01903956,0.05199298247733611
12.99,900.4659235341729,0.059456194986829525,0.0,0.2,0.2,20.249999999999996,0.8,0.8,900.0,0.01,0.0,20,0.5,0.02222666,0.051993012684051224
13.0,900.465923804131,0.05967349687148541,0.0,0.2,0.2,20.249999999999996,0.8,0.8,900.0,0.01,0.0,20,0.5,0.019002549,0.05199304338887252
13.01,900.4659240780761,0.059893009745809495,0.0,0.2,0.2,20.249999999999996,0.8,0.8,900.0,0.01,0.0,20,0.5,0.018861149,0.05199307296112131
13.02,900.4659243415284,0.06011509207354599,0.0,0.2,0.2,20.249999999999996,0.8,0.8,900.0,0.01,0.0,20,0.5,0.022627283,0.0519931002058743
13.030000000000001,900.4659245849139,0.060340104991240345,0.0,0.2,0.2,20.249999999999996,0.8,0.8,900.0,0.01,0.0,20,0.5,0.019465193,0.051993124745842674
13.040000000000001,900.465924803857,0.060568340595210005,0.0,0.2,0.2,20.249999999999996,0.8,0.8,900.0,0.01,0.0,20,0.5,0.019326692,0.05199314654177719
13.05,900.4659249980348,0.060800108605692745,0.0,0.2,0.2,20.249999999999996,0.8,0.8,900.0,0.01,0.0,20,0.5,0.022481232,0.05199316598585032
13.06,900.4659251708057,0.061035724168046625,0.0,0.2,0.2,20.249999999999996,0.8,0.8,900.0,0.01,0.0,20,0.5,0.01899515,0.05199318387807171
13.07,900.4659253293828,0.06127552625203041,0.0,0.2,0.2,20.249999999999996,0.8,0.8,900.0,0.01,0.0,20,0.5,0.01905908,0.05199320140256816
13.08,900.4659254844123,0.06151987748181289,0.0,0.2,0.2,20.249999999999996,0.8,0.8,900.0,0.01,0.0,20,0.5,0.021758667,0.05199322002718675
13.09,900.4659256490283,0.061769162589462905,0.0,0.2,0.2,20.249999999999996,0.8,0.8,900.0,0.01,0.0,20,0.5,0.01894009,0.05199324129448894
13.1,900.465925836952,0.06202379075897797,0.0,0.2,0.2,20.249999999999996,0.8,0.8,900.0,0.01,0.0,20,0.5,0.018909819,0.05199326657827506
13.11,900.4659260604838,0.06228420231807827,0.0,0.2,0.2,20.249999999999996,0.8,0.8,900.0,0.01,0.0,20,0.5,0.02226712,0.05199329693710762
13.120000000000001,900.4659263289959,0.06255086848884552,0.0,0.2,0.2,20.249999999999996,0.8,0.8,900.0,0.01,0.0,20,0.5,0.01894922,0.05199333299324379
13.13,900.4659266481304,0.0628242988085146,0.0,0.2,0.2,20.249999999999996,0.8,0.8,900.0,0.01,0.0,20,0.5,0.019178871,0.05199337485962647
13.14,900.4659270189306,0.06310503143803872,0.0,0.2,0.2,20.249999999999996,0.8,0.8,900.0,0.01,0.0,20,0.5,0.021927039,0.05199342209631215
13.15,900.4659274373644,0.06339362998670002,0.0,0.2,0.2,20.249999999999996,0.8,0.8,900.0,0.01,0.0,20,0.5,0.019206071,0.05199347375253813
13.16,900.465927894873,0.0636906875816328,0.0,0.2,0.2,20.249999999999996,0.8,0.8,900.0,0.01,0.0,20,0.5,0.018882639,0.05199352847528441
13.17,900.4659283794109,0.06399682747416036,0.0,0.2,0.2,20.249999999999996,0.8,0.8,900.0,0.01,0.0,20,0.5,0.021980678,0.05199358469292389
13.18,900.465928877989,0.06431268115636497,0.0,0.2,0.2,20.249999999999996,0.8,0.8,900.0,0.01,0.0,20,0.5,0.018811528,0.051993641041392986
13.19,900.4659293774698,0.06463879347241389,0.0,0.2,0.2,20.249999999999996,0.8,0.8,900.0,0.01,0.0,20,0.5,0.01906702,0.051993695954684525
13.200000000000001,900.4659298635597,0.06497572134697649,0.0,0.2,0.2,20.249999999999996,0.8,0.8,900.0,0.01,0.0,20,0.5,0.02222018,0.05199374789843969
13.21,900.4659303229108,0.06532404296556502,0.0,0.2,0.2,20.249999999999996,0.8,0.8,900.0,0.01,0.0,20,0.5,0.019307592,0.05199379575131382
13.22,900.4659307452009,0.06568432064801542,0.0,0.2,0.2,20.249999999999996,0.8,0.8,900.0,0.01,0.0,20,0.5,0.018882799,0.0519938388374824
13.23,900.4659311245128,0.06605713773953563,0.0,0.2,0.2,20.249999999999996,0.8,0.8,900.0,0.01,0.0,20,0.5,0.021744507,0.05199387701887358
13.24,900.4659314595203,0.06644308810642717,0.0,0.2,0.2,20.249999999999996,0.8,0.8,900.0,0.01,0.0,20,0.5,0.018929649,0.051993910636524386
13.25,900.4659317543758,0.06684277528094106,0.0,0.2,0.2,20.249999999999996,0.8,0.8,900.0,0.01,0.0,20,0.5,0.019360202,0.05199394063257326
13.26,900.4659320164428,0.06725675595094939,0.0,0.2,0.2,20.249999999999996,0.8,0.8,900.0,0.01,0.0,20,0.5,0.022559672,0.05199396817985504
13.27,900.4659322560975,0.06768561229832644,0.0,0.2,0.2,20.249999999999996,0.8,0.8,900.0,0.01,0.0,20,0.5,0.019232881,0.05199399468015821
13.280000000000001,900.4659324861619,0.06812995085233776,0.0,0.2,0.2,20.249999999999996,0.8,0.8,900.0,0.01,0.0,20,0.5,0.018923699,0.05199402170943377
13.290000000000001,900.4659327204834,0.0685903876224486,0.0,0.2,0.2,20.249999999999996,0.8,0.8,900.0,0.01,0.0,20,0.5,0.02222859,0.051994050737740743
13.3,900.4659329727745,0.06906757325734994,0.0,0.2,0.2,20.249999999999996,0.8,0.8,900.0,0.01,0.0,20,0.5,0.019003659,0.05199408324999719
13.31,900.4659332586741,0.06956210755599385,0.0,0.2,0.2,20.249999999999996,0.8,0.8,900.0,0.01,0.0,20,0.5,0.01897735,0.05199412085581612
13.32,900.4659335911938,0.070074411828316,0.0,0.2,0.2,20.249999999999996,0.8,0.8,900.0,0.01,0.0,20,0.5,0.022178359,0.05199416455280525
13.33,900.4659339788279,0.07060480161329581,0.0,0.2,0.2,20.249999999999996,0.8,0.8,900.0,0.01,0.0,20,0.5,0.018870299,0.05199421490696314
13.34,900.4659344260709,0.07115355578869978,0.0,0.2,0.2,20.249999999999996,0.8,0.8,900.0,0.01,0.0,20,0.5,0.019359282,0.05199427205430274
13.35,900.4659349340981,0.07172094700316148,0.0,0.2,0.2,20.249999999999996,0.8,0.8,900.0,0.01,0.0,20,0.5,0.02230266,0.051994335721627295
13.36,900.4659354999663,0.07230726076305193,0.0,0.2,0.2,20.249999999999996,0.8,0.8,900.0,0.01,0.0,20,0.5,0.019112241,0.05199440507549065
13.370000000000001,900.4659361159135,0.07291283905754721,0.0,0.2,0.2,20.249999999999996,0.8,0.8,900.0,0.01,0.0,20,0.5,0.018982339,0.05199447867285082
13.38,900.4659367703036,0.07353808559729567,0.0,0.2,0.2,20.249999999999996,0.8,0.8,900.0,0.01,0.0,20,0.5,0.022723983,0.051994554958474715
13.39,900.4659374499143,0.07418332927764792,0.0,0.2,0.2,20.249999999999996,0.8,0.8,900.0,0.01,0.0,20,0.5,0.01895329,0.05199463235282047
13.4,900.4659381388121,0.074848838033743,0.0,0.2,0.2,20.249999999999996,0.8,0.8,900.0,0.01,0.0,20,0.5,0.019258031,0.05199470908410003
13.41,900.465938821108,0.07553491872312534,0.0,0.2,0.2,20.249999999999996,0.8,0.8,900.0,0.01,0.0,20,0.5,0.022521632,0.05199478362150706
13.42,900.465939483226,0.0762419192290356,0.0,0.2,0.2,20.249999999999996,0.8,0.8,900.0,0.01,0.0,20,0.5,0.019184171,0.051994854932091515
13.43,900.465940115925,0.07697021528329043,0.0,0.2,0.2,20.249999999999996,0.8,0.8,900.0,0.01,0.0,20,0.5,0.01897399,0.05199492259535174
13.44,900.4659407156985,0.07772022013078173,0.0,0.2,0.2,20.249999999999996,0.8,0.8,900.0,0.01,0.0,20,0.5,0.022512352,0.05199498708718664
13.450000000000001,900.4659412875595,0.07849234337590001,0.0,0.2,0.2,20.249999999999996,0.8,0.8,900.0,0.01,0.0,20,0.5,0.0190408,0.051995049817712705
13.46,900.4659418429857,0.07928698044399977,0.0,0.2,0.2,20.249999999999996,0.8,0.8,900.0,0.01,0.0,20,0.5,0.018981619,0.05199511265219921
13.47,900.4659423986268,0.08010458548821062,0.0,0.2,0.2,20.249999999999996,0.8,0.8,900.0,0.01,0.0,20,0.5,0.02232715,0.05199517788199495
13.48,900.465942974889,0.08094568080534606,0.0,0.2,0.2,20.249999999999996,0.8,0.8,900.0,0.01,0.0,20,0.5,0.01901925,0.05199524812953283
13.49,900.4659435969288,0.08181085794053324,0.0,0.2,0.2,20.249999999999996,0.8,0.8,900.0,0.01,0.0,20,0.5,0.018885639,0.05199532662335089
13.5,900.4659442928584,0.08270066179686468,0.0,0.2,0.2,20.249999999999996,0.8,0.8,900.0,0.01,0.0,20,0.5,0.021912698,0.0519954162781713
13.51,900.4659450903641,0.08361566376847733,0.0,0.2,0.2,20.249999999999996,0.8,0.8,900.0,0.01,0.0,20,0.5,0.018865218,0.05199552030436352
13.52,900.4659460209539,0.08455625239806053,0.0,0.2,0.2,20.249999999999996,0.8,0.8,900.0,0.01,0.0,20,0.5,0.018960389,0.051995642296030306
13.530000000000001,900.4659471128093,0.08552258050277246,0.0,0.2,0.2,20.249999999999996,0.8,0.8,900.0,0.01,0.0,20,0.5,0.022485401,0.051995784594668415
13.540000000000001,900.4659483870657,0.0865148067320401,0.0,0.2,0.2,20.249999999999996,0.8,0.8,900.0,0.01,0.0,20,0.5,0.018739628,0.05199594844894204
13.55,900.4659498547911,0.08753306003052472,0.0,0.2,0.2,20.249999999999996,0.8,0.8,900.0,0.01,0.0,20,0.5,0.01897627,0.051996133764290964
13.56,900.4659515153696,0.0885774622057069,0.0,0.2,0.2,20.249999999999996,0.8,0.8,900.0,0.01,0.0,20,0.5,0.022366441,0.051996339220458924
13.57,900.4659533589,0.0896480773280404,0.0,0.2,0.2,20.249999999999996,0.8,0.8,900.0,0.01,0.0,20,0.5,0.019277892,0.05199656328706734
13.58,900.4659553762822,0.09074463296784674,0.0,0.2,0.2,20.249999999999996,0.8,0.8,900.0,0.01,0.0,20,0.5,0.01908688,0.051996805585312875
13.59,900.4659575581165,0.09186627543718447,0.0,0.2,0.2,20.249999999999996,0.8,0.8,900.0,0.01,0.0,20,0.5,0.021716276,0.051997064509739566
13.6,900.4659598897148,0.09301206380072279,0.0,0.2,0.2,20.249999999999996,0.8,0.8,900.0,0.01,0.0,20,0.5,0.01909668,0.0519973380113933
13.61,900.4659623534543,0.0941809706948475,0.0,0.2,0.2,20.249999999999996,0.8,0.8,900.0,0.01,0.0,20,0.5,0.019434472,0.051997624012797006
13.620000000000001,900.46596493128,0.09537181841676479,0.0,0.2,0.2,20.249999999999996,0.8,0.8,900.0,0.01,0.0,20,0.5,0.022209119,0.051997920693702744
13.63,900.4659676091729,0.09658320137280955,0.0,0.2,0.2,20.249999999999996,0.8,0.8,900.0,0.01,0.0,20,0.5,0.0190412,0.051998226877953614
13.64,900.4659703759115,0.09781328604298119,0.0,0.2,0.2,20.249999999999996,0.8,0.8,900.0,0.01,0.0,20,0.5,0.019666304,0.05199854219789826
13.65,900.4659732275883,0.09905990103587733,0.0,0.2,0.2,20.249999999999996,0.8,0.8,900.0,0.01,0.0,20,0.5,0.021843717,0.051998867199554544
13.66,900.4659761685771,0.10032060942216711,0.0,0.2,0.2,20.249999999999996,0.8,0.8,900.0,0.01,0.0,20,0.5,0.018939399,0.05199920299152302
13.67,900.4659792079757,0.10159278765082672,0.0,0.2,0.2,20.249999999999996,0.8,0.8,900.0,0.01,0.0,20,0.5,0.019146481,0.05199955087153592
13.68,900.4659823571423,0.1028736945115222,0.0,0.2,0.2,20.249999999999996,0.8,0.8,900.0,0.01,0.0,20,0.5,0.023108315,0.051999912140579994
13.69,900.4659856275521,0.10416049765636516,0.0,0.2,0.2,20.249999999999996,0.8,0.8,900.0,0.01,0.0,20,0.5,0.018801769,0.05200028786425713
13.700000000000001,900.4659890292011,0.1054502884451744,0.0,0.2,0.2,20.249999999999996,0.8,0.8,900.0,0.01,0.0,20,0.5,0.018916279,0.05200067884297479
13.71,900.4659925763641,0.1067400098596948,0.0,0.2,0.2,20.249999999999996,0.8,0.8,900.0,0.01,0.0,20,0.5,0.022377631,0.052001088095772106
13.72,900.4659962937928,0.10802570136779831,0.0,0.2,0.2,20.249999999999996,0.8,0.8,900.0,0.01,0.0,20,0.5,0.01894279,0.052001517953426536
13.73,900.4660001974677,0.10930297072332847,0.0,0.2,0.2,20.249999999999996,0.8,0.8,900.0,0.01,0.0,20,0.5,0.018925089,0.052001968907952924
13.74,900.4660042917413,0.11056731887663242,0.0,0.2,0.2,20.249999999999996,0.8,0.8,900.0,0.01,0.0,20,0.5,0.022127039,0.05200244040468408
13.75,900.4660085715477,0.11181416835594181,0.0,0.2,0.2,20.249999999999996,0.8,0.8,900.0,0.01,0.0,20,0.5,0.018950319,0.052002930818602126
13.76,900.4660130222866,0.11303889135772763,0.0,0.2,0.2,20.249999999999996,0.8,0.8,900.0,0.01,0.0,20,0.5,0.018985709,0.052003437476999696
13.77,900.4660176202468,0.11423682313398474,0.0,0.2,0.2,20.249999999999996,0.8,0.8,900.0,0.01,0.0,20,0.5,0.022456761,0.05200395685218399
13.780000000000001,900.4660223329277,0.1154032710649929,0.0,0.2,0.2,20.249999999999996,0.8,0.8,900.0,0.01,0.0,20,0.5,0.019401872,0.05200448458932033
13.790000000000001,900.4660271202406,0.11653361300950113,0.0,0.2,0.2,20.249999999999996,0.8,0.8,900.0,0.01,0.0,20,0.5,0.018925769,0.05200501577758843
13.8,900.4660319409469,0.11762340052948637,0.0,0.2,0.2,20.249999999999996,0.8,0.8,900.0,0.01,0.0,20,0.5,0.022353051,0.05200554601876609
13.81,900.4660367636573,0.11866795805301884,0.0,0.2,0.2,20.249999999999996,0.8,0.8,900.0,0.01,0.0,20,0.5,0.018850819,0.05200607217584794
13.82,900.4660415490064,0.11966203367190392,0.0,0.2,0.2,20.249999999999996,0.8,0.8,900.0,0.01,0.0,20,0.5,0.01896668,0.0520065903935424
13.83,900.4660462611313,0.12060071246870996,0.0,0.2,0.2,20.249999999999996,0.8,0.8,900.0,0.01,0.0,20,0.5,0.022347371,0.05200709714611386
13.84,900.466050869589,0.12147948280440697,0.0,0.2,0.2,20.249999999999996,0.8,0.8,900.0,0.01,0.0,20,0.5,0.019493133,0.05200758973478891
13.85,900.4660553499946,0.12229420765699857,0.0,0.2,0.2,20.249999999999996,0.8,0.8,900.0,0.01,0.0,20,0.5,0.019201931,0.052008066056640066
13.86,900.4660596834283,0.1230411604029983,0.0,0.2,0.2,20.249999999999996,0.8,0.8,900.0,0.01,0.0,20,0.5,0.022585462,0.052008524436168775
13.870000000000001,900.4660638546432,0.12371705739677379,0.0,0.2,0.2,20.249999999999996,0.8,0.8,900.0,0.01,0.0,20,0.5,0.019201431,0.05200896343591484
13.88,900.4660678521045,0.12431903576482874,0.0,0.2,0.2,20.249999999999996,0.8,0.8,900.0,0.01,0.0,20,0.5,0.019535553,0.052009381714011337
13.89,900.4660716608028,0.12484458473232574,0.0,0.2,0.2,20.249999999999996,0.8,0.8,900.0,0.01,0.0,20,0.5,0.021855218,0.052009776645937034
13.9,900.4660752578477,0.12529182789911758,0.0,0.2,0.2,20.249999999999996,0.8,0.8,900.0,0.01,0.0,20,0.5,0.018766738,0.05201014501152889
13.91,900.4660786149684,0.1256593955545796,0.0,0.2,0.2,20.249999999999996,0.8,0.8,900.0,0.01,0.0,20,0.5,0.01911409,0.05201048296077387
13.92,900.4660816947467,0.1259464724792775,0.0,0.2,0.2,20.249999999999996,0.8,0.8,900.0,0.01,0.0,20,0.5,0.022192649,0.05201078570467243
13.93,900.466084454417,0.12615301309609214,0.0,0.2,0.2,20.249999999999996,0.8,0.8,900.0,0.01,0.0,20,0.5,0.01902198,0.05201104829744832
13.94,900.4660868513581,0.12627967693034572,0.0,0.2,0.2,20.249999999999996,0.8,0.8,900.0,0.01,0.0,20,0.5,0.018866309,0.052011266376235085
13.950000000000001,900.4660888445283,0.1263277106811494,0.0,0.2,0.2,20.249999999999996,0.8,0.8,900.0,0.01,0.0,20,0.5,0.021719987,0.05201143618245353
13.96,900.4660904005793,0.12629910730400817,0.0,0.2,0.2,20.249999999999996,0.8,0.8,900.0,0.01,0.0,20,0.5,0.019168411,0.05201155535148192
13.97,900.4660914978984,0.12619656322833953,0.0,0.2,0.2,20.249999999999996,0.8,0.8,900.0,0.01,0.0,20,0.5,0.019503902,0.052011622929060475
13.98,900.4660921280403,0.12602349828945764,0.0,0.2,0.2,20.249999999999996,0.8,0.8,900.0,0.01,0.0,20,0.5,0.022484251,0.05201163957100838
13.99,900.4660922954574,0.12578400144148066,0.0,0.2,0.2,20.249999999999996,0.8,0.8,900.0,0.01,0.0,20,0.5,0.01909723,0.05201160758855184
14.0,900.4660920224768,0.12548295897456013,0.0,0.2,0.2,20.249999999999996,0.8,0.8,900.0,0.01,0.0,20,0.5,0.019382792,0.05201153157116181
14.01,900.4660913520286,0.12512580180378322,0.0,0.2,0.2,20.249999999999996,0.8,0.8,900.0,0.01,0.0,20,0.5,0.02218333,0.05201141756100735
14.02,900.4660903399887,0.12471839316994042,0.0,0.2,0.2,20.249999999999996,0.8,0.8,900.0,0.01,0.0,20,0.5,0.019177931,0.05201127288690931
14.030000000000001,900.466089055253,0.12426669765473812,0.0,0.2,0.2,20.249999999999996,0.8,0.8,900.0,0.01,0.0,20,0.5,0.018892079,0.05201110566732004
14.040000000000001,900.4660875655921,0.12377668328097934,0.0,0.2,0.2,20.249999999999996,0.8,0.8,900.0,0.01,0.0,20,0.5,0.02228655,0.05201092287256396
14.05,900.4660859351427,0.12325455016945626,0.0,0.2,0.2,20.249999999999996,0.8,0.8,900.0,0.01,0.0,20,0.5,0.01893239,0.05201073028203945
14.06,900.4660842136343,0.12270661296564461,0.0,0.2,0.2,20.249999999999996,0.8,0.8,900.0,0.01,0.0,20,0.5,0.018909549,0.05201053126119953
14.07,900.4660824314126,0.12213935371666157,0.0,0.2,0.2,20.249999999999996,0.8,0.8,900.0,0.01,0.0,20,0.5,0.022636182,0.05201032686385296
14.08,900.4660805982215,0.1215593335544143,0.0,0.2,0.2,20.249999999999996,0.8,0.8,900.0,0.01,0.0,20,0.5,0.019324331,0.052010116106820256
14.09,900.4660787071247,0.1209730931320566,0.0,0.2,0.2,20.249999999999996,0.8,0.8,900.0,0.01,0.0,20,0.5,0.019232791,0.05200989708745379
14.1,900.4660767430584,0.1203868794502412,0.0,0.2,0.2,20.249999999999996,0.8,0.8,900.0,0.01,0.0,20,0.5,0.022438572,0.05200966766816827
14.11,900.466074686217,0.11980654319124158,0.0,0.2,0.2,20.249999999999996,0.8,0.8,900.0,0.01,0.0,20,0.5,0.01902585,0.05200942580984196
14.120000000000001,900.4660725178923,0.11923747329779454,0.0,0.2,0.2,20.249999999999996,0.8,0.8,900.0,0.01,0.0,20,0.5,0.01906127,0.05200916993284629
14.13,900.46607022478,0.1186846314051515,0.0,0.2,0.2,20.249999999999996,0.8,0.8,900.0,0.01,0.0,20,0.5,0.022429411,0.052008899595857236
14.14,900.466067801678,0.11815245270310035,0.0,0.2,0.2,20.249999999999996,0.8,0.8,900.0,0.01,0.0,20,0.5,0.019580433,0.052008615310627636
14.15,900.4660652529157,0.117644935294447,0.0,0.2,0.2,20.249999999999996,0.8,0.8,900.0,0.01,0.0,20,0.5,0.018907539,0.05200831918780793
14.16,900.466062597779,0.1171656260716756,0.0,0.2,0.2,20.249999999999996,0.8,0.8,900.0,0.01,0.0,20,0.5,0.022460752,0.05200801522746531
14.17,900.4660598729162,0.11671758691953532,0.0,0.2,0.2,20.249999999999996,0.8,0.8,900.0,0.01,0.0,20,0.5,0.018691878,0.05200770924873567
14.18,900.4660571320336,0.11630329669520892,0.0,0.2,0.2,20.249999999999996,0.8,0.8,900.0,0.01,0.0,20,0.5,0.019370701,0.05200740845345269
14.19,900.4660544380877,0.11592456990238514,0.0,0.2,0.2,20.249999999999996,0.8,0.8,900.0,0.01,0.0,20,0.5,0.022523212,0.05200712022438562
14.200000000000001,900.4660518568337,0.11558268906728789,0.0,0.2,0.2,20.249999999999996,0.8,0.8,900.0,0.01,0.0,20,0.5,0.01912409,0.05200685175456811
14.21,900.466049452694,0.11527844225334392,0.0,0.2,0.2,20.249999999999996,0.8,0.8,900.0,0.01,0.0,20,0.5,0.018859909,0.052006609557232394
14.22,900.4660472858924,0.11501214855047566,0.0,0.2,0.2,20.249999999999996,0.8,0.8,900.0,0.01,0.0,20,0.5,0.022207089,0.05200639977684913
14.23,900.466045414946,0.11478342377130833,0.0,0.2,0.2,20.249999999999996,0.8,0.8,900.0,0.01,0.0,20,0.5,0.019538173,0.05200622828496703
14.24,900.4660438875177,0.11459111062887767,0.0,0.2,0.2,20.249999999999996,0.8,0.8,900.0,0.01,0.0,20,0.5,0.01896055,0.052006098923583724
14.25,900.466042737398,0.11443367890449319,0.0,0.2,0.2,20.249999999999996,0.8,0.8,900.0,0.01,0.0,20,0.5,0.022331311,0.05200601340193531
14.26,900.4660419817325,0.11430930037667683,0.0,0.2,0.2,20.249999999999996,0.8,0.8,900.0,0.01,0.0,20,0.5,0.018925829,0.05200597170320208
14.27,900.4660416201591,0.11421573634409123,0.0,0.2,0.2,20.249999999999996,0.8,0.8,900.0,0.01,0.0,20,0.5,0.018757678,0.05200597131095754
14.280000000000001,900.4660416281989,0.11415043405128486,0.0,0.2,0.2,20.249999999999996,0.8,0.8,900.0,0.01,0.0,20,0.5,0.022600402,0.05200600660684151
14.290000000000001,900.466041954579,0.11411073881820397,0.0,0.2,0.2,20.249999999999996,0.8,0.8,900.0,0.01,0.0,20,0.5,0.018945599,0.05200606945584293
14.3,900.4660425269556,0.11409394451440201,0.0,0.2,0.2,20.249999999999996,0.8,0.8,900.0,0.01,0.0,20,0.5,0.019014669,0.052006150175683066
14.31,900.4660432572736,0.11409734528464278,0.0,0.2,0.2,20.249999999999996,0.8,0.8,900.0,0.01,0.0,20,0.5,0.022959564,0.05200623830890038
14.32,900.4660440516061,0.11411834092901514,0.0,0.2,0.2,20.249999999999996,0.8,0.8,900.0,0.01,0.0,20,0.5,0.01902876,0.052006323675957165
14.33,900.4660448178425,0.11415451899551574,0.0,0.2,0.2,20.249999999999996,0.8,0.8,900.0,0.01,0.0,20,0.5,0.018901229,0.052006397110697246
14.34,900.4660454736916,0.11420377320384205,0.0,0.2,0.2,20.249999999999996,0.8,0.8,900.0,0.01,0.0,20,0.5,0.022549551,0.05200645135481192
14.35,900.4660459539768,0.11426435978948614,0.0,0.2,0.2,20.249999999999996,0.8,0.8,900.0,0.01,0.0,20,0.5,0.018902889,0.052006481653566534
14.36,900.4660462161241,0.11433494955832824,0.0,0.2,0.2,20.249999999999996,0.8,0.8,900.0,0.01,0.0,20,0.5,0.019197531,0.05200648617431944
14.370000000000001,900.4660462473057,0.11441464730101347,0.0,0.2,0.2,20.249999999999996,0.8,0.8,900.0,0.01,0.0,20,0.5,0.021775978,0.05200646702668999
14.38,900.4660460666597,0.11450270481180395,0.0,0.2,0.2,20.249999999999996,0.8,0.8,900.0,0.01,0.0,20,0.5,0.01914602,0.05200642898036239
14.39,900.4660457131431,0.11459865647595496,0.0,0.2,0.2,20.249999999999996,0.8,0.8,900.0,0.01,0.0,20,0.5,0.018799668,0.05200637811273635
14.4,900.4660452413282,0.11470255797167873,0.0,0.2,0.2,20.249999999999996,0.8,0.8,900.0,0.01,0.0,20,0.5,0.02225231,0.0520063218229008
14.41,900.4660447193128,0.11481500185873707,0.0,0.2,0.2,20.249999999999996,0.8,0.8,900.0,0.01,0.0,20,0.5,0.018927299,0.052006268975208415
14.42,900.4660442325209,0.1149368303774496,0.0,0.2,0.2,20.249999999999996,0.8,0.8,900.0,0.01,0.0,20,0.5,0.019370462,0.052006230482831414
14.43,900.46604387381,0.11506874749635373,0.0,0.2,0.2,20.249999999999996,0.8,0.8,900.0,0.01,0.0,20,0.5,0.022094209,0.052006215800452595
14.44,900.4660437295405,0.11521175702146443,0.0,0.2,0.2,20.249999999999996,0.8,0.8,900.0,0.01,0.0,20,0.5,0.018907889,0.05200623231389961
14.450000000000001,900.4660438639598,0.11536696050824956,0.0,0.2,0.2,20.249999999999996,0.8,0.8,900.0,0.01,0.0,20,0.5,0.0191235,0.05200628368175683
14.46,900.4660443095846,0.11553575801787536,0.0,0.2,0.2,20.249999999999996,0.8,0.8,900.0,0.01,0.0,20,0.5,0.022617562,0.05200636973116654
14.47,900.4660450640883,0.11571985280985159,0.0,0.2,0.2,20.249999999999996,0.8,0.8,900.0,0.01,0.0,20,0.5,0.01920295,0.05200648649076517
14.48,900.466046092373,0.11592127186665692,0.0,0.2,0.2,20.249999999999996,0.8,0.8,900.0,0.01,0.0,20,0.5,0.018840819,0.05200662690697938
14.49,900.4660473310859,0.11614230892027434,0.0,0.2,0.2,20.249999999999996,0.8,0.8,900.0,0.01,0.0,20,0.5,0.022569392,0.052006781520233254
14.5,900.4660486974743,0.11638547645110363,0.0,0.2,0.2,20.249999999999996,0.8,0.8,900.0,0.01,0.0,20,0.5,0.019101501,0.05200693976045626
14.51,900.4660500980586,0.11665335872081749,0.0,0.2,0.2,20.249999999999996,0.8,0.8,900.0,0.01,0.0,20,0.5,0.019916066,0.052007092152873684
14.52,900.4660514523512,0.11694828027567386,0.0,0.2,0.2,20.249999999999996,0.8,0.8,900.0,0.01,0.0,20,0.5,0.021859337,0.05200723187656031
14.530000000000001,900.4660526921884,0.11727216853534315,0.0,0.2,0.2,20.249999999999996,0.8,0.8,900.0,0.01,0.0,20,0.5,0.019568063,0.052007352260663525
14.540000000000001,900.4660537601956,0.11762700009204911,0.0,0.2,0.2,20.249999999999996,0.8,0.8,900.0,0.01,0.0,20,0.5,0.019228911,0.0520074487879181
14.55,900.4660546151713,0.11801454300881112,0.0,0.2,0.2,20.249999999999996,0.8,0.8,900.0,0.01,0.0,20,0.5,0.022969105,0.052007519359533794
14.56,900.4660552374665,0.11843647126740742,0.0,0.2,0.2,20.249999999999996,0.8,0.8,900.0,0.01,0.0,20,0.5,0.01911802,0.0520075646524506
14.57,900.4660556332976,0.11889439104832902,0.0,0.2,0.2,20.249999999999996,0.8,0.8,900.0,0.01,0.0,20,0.5,0.019888005,0.05200758800012793
14.58,900.466055832837,0.11938981228787073,0.0,0.2,0.2,20.249999999999996,0.8,0.8,900.0,0.01,0.0,20,0.5,0.022757083,0.05200759507873538
14.59,900.4660558881169,0.11992407764367093,0.0,0.2,0.2,20.249999999999996,0.8,0.8,900.0,0.01,0.0,20,0.5,0.019237562,0.05200759345305986
14.6,900.4660558659775,0.12049827513677885,0.0,0.2,0.2,20.249999999999996,0.8,0.8,900.0,0.01,0.0,20,0.5,0.0190776,0.052007591322576686
14.61,900.4660558400881,0.12111331300694318,0.0,0.2,0.2,20.249999999999996,0.8,0.8,900.0,0.01,0.0,20,0.5,0.022864784,0.0520075966313258
14.620000000000001,900.4660558815359,0.12176988311687874,0.0,0.2,0.2,20.249999999999996,0.8,0.8,900.0,0.01,0.0,20,0.5,0.019007069,0.05200761611169328
14.63,900.4660560508186,0.12246844811070197,0.0,0.2,0.2,20.249999999999996,0.8,0.8,900.0,0.01,0.0,20,0.5,0.018758858,0.05200765460480337
14.64,900.4660563907709,0.12320923440922356,0.0,0.2,0.2,20.249999999999996,0.8,0.8,900.0,0.01,0.0,20,0.5,0.022406781,0.05200771455980126
14.65,900.4660569246613,0.12399226730569796,0.0,0.2,0.2,20.249999999999996,0.8,0.8,900.0,0.01,0.0,20,0.5,0.018885739,0.052007796433964554
14.66,900.4660576570033,0.1248172045019982,0.0,0.2,0.2,20.249999999999996,0.8,0.8,900.0,0.01,0.0,20,0.5,0.019107841,0.05200789815495028
14.67,900.4660585688522,0.12568340204469536,0.0,0.2,0.2,20.249999999999996,0.8,0.8,900.0,0.01,0.0,20,0.5,0.02215165,0.052008015192939974
14.68,900.4660596218748,0.12658983091844797,0.0,0.2,0.2,20.249999999999996,0.8,0.8,900.0,0.01,0.0,20,0.5,0.01914213,0.05200814151878459
14.69,900.4660607582209,0.12753504533244775,0.0,0.2,0.2,20.249999999999996,0.8,0.8,900.0,0.01,0.0,20,0.5,0.019201791,0.052008269707622436
14.700000000000001,900.4660619108208,0.1285174399609345,0.0,0.2,0.2,20.249999999999996,0.8,0.8,900.0,0.01,0.0,20,0.5,0.02223778,0.052008392306040985
14.71,900.4660630124347,0.12953533516102092,0.0,0.2,0.2,20.249999999999996,0.8,0.8,900.0,0.01,0.0,20,0.5,0.01894427,0.05200850254848396
14.72,900.4660640038155,0.13058703760708124,0.0,0.2,0.2,20.249999999999996,0.8,0.8,900.0,0.01,0.0,20,0.5,0.019223051,0.05200859543870297
14.73,900.4660648410597,0.13167071405093386,0.0,0.2,0.2,20.249999999999996,0.8,0.8,900.0,0.01,0.0,20,0.5,0.021930948,0.05200866806464394
14.74,900.4660654978604,0.13278442604012042,0.0,0.2,0.2,20.249999999999996,0.8,0.8,900.0,0.01,0.0,20,0.5,0.018926239,0.052008719539078624
14.75,900.4660659651108,0.1339261859789544,0.0,0.2,0.2,20.249999999999996,0.8,0.8,900.0,0.01,0.0,20,0.5,0.019331382,0.05200875108371714
14.76,900.4660662529775,0.13509407039750876,0.0,0.2,0.2,20.249999999999996,0.8,0.8,900.0,0.01,0.0,20,0.5,0.022107619,0.05200876570207949
14.77,900.4660663887465,0.13628627711583136,0.0,0.2,0.2,20.249999999999996,0.8,0.8,900.0,0.01,0.0,20,0.5,0.019492933,0.052008767828716926
14.780000000000001,900.4660664126137,0.13750112713542872,0.0,0.2,0.2,20.249999999999996,0.8,0.8,900.0,0.01,0.0,20,0.5,0.01912421,0.05200876296528965
14.790000000000001,900.4660663734734,0.13873699450571822,0.0,0.2,0.2,20.249999999999996,0.8,0.8,900.0,0.01,0.0,20,0.5,0.021658867,0.05200875686367298
14.8,900.466066323005,0.1399923999129005,0.0,0.2,0.2,20.249999999999996,0.8,0.8,900.0,0.01,0.0,20,0.5,0.019225131,0.052008755062892216
14.81,900.4660663144518,0.14126596707831185,0.0,0.2,0.2,20.249999999999996,0.8,0.8,900.0,0.01,0.0,20,0.5,0.019178811,0.05200876286706257
14.82,900.4660663918626,0.14255623389138058,0.0,0.2,0.2,20.249999999999996,0.8,0.8,900.0,0.01,0.0,20,0.5,0.022169629,0.052008783217933
14.83,900.4660665803979,0.14386191489960637,0.0,0.2,0.2,20.249999999999996,0.8,0.8,900.0,0.01,0.0,20,0.5,0.019320431,0.05200881678017277
14.84,900.4660668878356,0.14518193417267564,0.0,0.2,0.2,20.249999999999996,0.8,0.8,900.0,0.01,0.0,20,0.5,0.019746154,0.05200886268581466
14.85,900.4660673078176,0.146515259918509,0.0,0.2,0.2,20.249999999999996,0.8,0.8,900.0,0.01,0.0,20,0.5,0.022396401,0.05200891852804517
14.86,900.4660678153995,0.1478609209137591,0.0,0.2,0.2,20.249999999999996,0.8,0.8,900.0,0.01,0.0,20,0.5,0.019216171,0.05200897984502105
14.870000000000001,900.4660683711988,0.14921818679623447,0.0,0.2,0.2,20.249999999999996,0.8,0.8,900.0,0.01,0.0,20,0.5,0.01905273,0.05200904140464342
14.88,900.4660689291485,0.15058650316569466,0.0,0.2,0.2,20.249999999999996,0.8,0.8,900.0,0.01,0.0,20,0.5,0.022459331,0.052009097919005584
14.89,900.4660694410338,0.15196545991256508,0.0,0.2,0.2,20.249999999999996,0.8,0.8,900.0,0.01,0.0,20,0.5,0.018872519,0.05200914458147124
14.9,900.4660698641425,0.15335482384503035,0.0,0.2,0.2,20.249999999999996,0.8,0.8,900.0,0.01,0.0,20,0.5,0.019068541,0.052009177773842834
14.91,900.4660701657779,0.15475452772671872,0.0,0.2,0.2,20.249999999999996,0.8,0.8,900.0,0.01,0.0,20,0.5,0.022455131,0.05200919534643619
14.92,900.4660703269494,0.15616466728602196,0.0,0.2,0.2,20.249999999999996,0.8,0.8,900.0,0.01,0.0,20,0.5,0.018985409,0.0520091970257809
14.93,900.4660703470425,0.15758543029499064,0.0,0.2,0.2,20.249999999999996,0.8,0.8,900.0,0.01,0.0,20,0.5,0.018723548,0.052009184897850974
14.94,900.4660702431491,0.15901694667554636,0.0,0.2,0.2,20.249999999999996,0.8,0.8,900.0,0.01,0.0,20,0.5,0.022063579,0.052009162257374654
14.950000000000001,900.4660700449298,0.16045945251647073,0.0,0.2,0.2,20.249999999999996,0.8,0.8,900.0,0.01,0.0,20,0.5,0.019241701,0.05200913335541453
14.96,900.4660697901425,0.16191327891658322,0.0,0.2,0.2,20.249999999999996,0.8,0.8,900.0,0.01,0.0,20,0.5,0.019015149,0.05200910297577375
14.97,900.4660695222655,0.16337884203385508,0.0,0.2,0.2,20.249999999999996,0.8,0.8,900.0,0.01,0.0,20,0.5,0.022017238,0.05200907615436833
14.98,900.4660692865602,0.16485659157078206,0.0,0.2,0.2,20.249999999999996,0.8,0.8,900.0,0.01,0.0,20,0.5,0.020293987,0.05200905763891327
14.99,900.4660691251506,0.16634698934085626,0.0,0.2,0.2,20.249999999999996,0.8,0.8,900.0,0.01,0.0,20,0.5,0.018933689,0.05200905124323458
15.0,900.4660690721297,0.16785053040481726,0.0,0.2,0.2,20.249999999999996,0.8,0.8,900.0,0.01,0.0,20,0.5,0.021981519,0.052009059568357566
