time,density,kinetic_energy,stiffness,fluid_viscosity,boundary_viscosity,fluid_depth,rest_density_grid_spacing,smoothing_length,rest_density,time_step_size,target_density_error,solver_iterations,relaxation_factor,time_step_wall_clock_time,predicted_density_error
5.005,900.2284223491683,0.029481841087351388,0.0,0.2,0.2,20.249999999999996,0.8,0.8,900.0,0.007,0.0,20,0.5,0.019269504,0.025489809891706787
5.0120000000000005,900.2284225352064,0.02945127745631105,0.0,0.2,0.2,20.249999999999996,0.8,0.8,900.0,0.007,0.0,20,0.5,0.020067139,0.025489830525530263
5.019,900.2284227198728,0.029422119037297082,0.0,0.2,0.2,20.249999999999996,0.8,0.8,900.0,0.007,0.0,20,0.5,0.022390785,0.025489850594068122
5.026,900.2284228994727,0.0293943666595241,0.0,0.2,0.2,20.249999999999996,0.8,0.8,900.0,0.007,0.0,20,0.5,0.019166514,0.025489869698241054
5.033,900.2284230704403,0.029368021171480622,0.0,0.2,0.2,20.249999999999996,0.8,0.8,900.0,0.007,0.0,20,0.5,0.018855311,0.025489887474915693
5.04,900.2284232294904,0.029343082982867193,0.0,0.2,0.2,20.249999999999996,0.8,0.8,900.0,0.007,0.0,20,0.5,0.021845261,0.02548990361540081
5.047,900.2284233738592,0.029319552566293622,0.0,0.2,0.2,20.249999999999996,0.8,0.8,900.0,0.007,0.0,20,0.5,0.018895031,0.025489917887536698
5.054,900.2284235014467,0.029297430071732928,0.0,0.2,0.2,20.249999999999996,0.8,0.8,900.0,0.007,0.0,20,0.5,0.019053802,0.025489930141579655
5.061,900.228423610904,0.029276716249945874,0.0,0.2,0.2,20.249999999999996,0.8,0.8,900.0,0.007,0.0,20,0.5,0.022215543,0.025489940324315286
5.0680000000000005,900.2284237017562,0.029257412446313153,0.0,0.2,0.2,20.249999999999996,0.8,0.8,900.0,0.007,0.0,20,0.5,0.019290994,0.025489948487187757
5.075,900.2284237744711,0.029239520478196338,0.0,0.2,0.2,20.249999999999996,0.8,0.8,900.0,0.007,0.0,20,0.5,0.019433035,0.025489954788407536
5.082,900.2284238304678,0.029223042412727506,0.0,0.2,0.2,20.249999999999996,0.8,0.8,900.0,0.007,0.0,20,0.5,0.022080023,0.025489959486225913
5.089,900.2284238720556,0.02920798079594752,0.0,0.2,0.2,20.249999999999996,0.8,0.8,900.0,0.007,0.0,20,0.5,0.019221614,0.025489962926579155
5.096,900.2284239023492,0.029194338796862125,0.0,0.2,0.2,20.249999999999996,0.8,0.8,900.0,0.007,0.0,20,0.5,0.018824641,0.025489965525933907
5.103,900.2284239250844,0.029182120002746056,0.0,0.2,0.2,20.249999999999996,0.8,0.8,900.0,0.007,0.0,20,0.5,0.021757241,0.02548996775178591
5.11,900.2284239444558,0.029171328468760888,0.0,0.2,0.2,20.249999999999996,0.8,0.8,900.0,0.007,0.0,20,0.5,0.019195444,0.025489970097257224
5.117,900.2284239648845,0.029161968789585626,0.0,0.2,0.2,20.249999999999996,0.8,0.8,900.0,0.007,0.0,20,0.5,0.019151684,0.025489973053536483
5.124,900.2284239907858,0.029154046125114866,0.0,0.2,0.2,20.249999999999996,0.8,0.8,900.0,0.007,0.0,20,0.5,0.022122163,0.0254899770829773
5.131,900.228424026305,0.029147566190099724,0.0,0.2,0.2,20.249999999999996,0.8,0.8,900.0,0.007,0.0,20,0.5,0.019219964,0.025489982593340517
5.138,900.2284240751083,0.029142535273932645,0.0,0.2,0.2,20.249999999999996,0.8,0.8,900.0,0.007,0.0,20,0.5,0.018821261,0.025489989914743136
5.1450000000000005,900.228424140147,0.02913896025021159,0.0,0.2,0.2,20.249999999999996,0.8,0.8,900.0,0.007,0.0,20,0.5,0.021943711,0.025489999280581342
5.152,900.2284242235248,0.02913684856840584,0.0,0.2,0.2,20.249999999999996,0.8,0.8,900.0,0.007,0.0,20,0.5,0.018949643,0.025490010813616525
5.159,900.2284243263374,0.029136208241573314,0.0,0.2,0.2,20.249999999999996,0.8,0.8,900.0,0.007,0.0,20,0.5,0.018769961,0.025490024518148628
5.166,900.2284244486319,0.029137047757737684,0.0,0.2,0.2,20.249999999999996,0.8,0.8,900.0,0.007,0.0,20,0.5,0.021864521,0.02549004027919453
5.173,900.2284245893737,0.029139375894242505,0.0,0.2,0.2,20.249999999999996,0.8,0.8,900.0,0.007,0.0,20,0.5,0.018764191,0.025490057868278154
5.18,900.2284247465072,0.02914320168518168,0.0,0.2,0.2,20.249999999999996,0.8,0.8,900.0,0.007,0.0,20,0.5,0.018902622,0.025490076955437205
5.187,900.2284249170674,0.02914853458438073,0.0,0.2,0.2,20.249999999999996,0.8,0.8,900.0,0.007,0.0,20,0.5,0.022004012,0.0254900971276918
5.194,900.2284250973521,0.029155384498568256,0.0,0.2,0.2,20.249999999999996,0.8,0.8,900.0,0.007,0.0,20,0.5,0.018703931,0.02549011791171404
5.2010000000000005,900.2284252831064,0.029163761813894663,0.0,0.2,0.2,20.249999999999996,0.8,0.8,900.0,0.007,0.0,20,0.5,0.019117573,0.025490138800704963
5.208,900.2284254698006,0.02917367727481243,0.0,0.2,0.2,20.249999999999996,0.8,0.8,900.0,0.007,0.0,20,0.5,0.022053692,0.02549015928377984
5.215,900.2284256528328,0.029185141703928004,0.0,0.2,0.2,20.249999999999996,0.8,0.8,900.0,0.007,0.0,20,0.5,0.018788571,0.02549017887383025
5.222,900.2284258278362,0.029198166290869874,0.0,0.2,0.2,20.249999999999996,0.8,0.8,900.0,0.007,0.0,20,0.5,0.018945972,0.02549019713672617
5.229,900.2284259909173,0.029212762380312854,0.0,0.2,0.2,20.249999999999996,0.8,0.8,900.0,0.007,0.0,20,0.5,0.022237463,0.025490213715553236
5.236,900.2284261388702,0.029228941342510157,0.0,0.2,0.2,20.249999999999996,0.8,0.8,900.0,0.007,0.0,20,0.5,0.019056973,0.02549022834974927
5.243,900.2284262693487,0.02924671467353793,0.0,0.2,0.2,20.249999999999996,0.8,0.8,900.0,0.007,0.0,20,0.5,0.019085483,0.025490240889673478
5.25,900.2284263810114,0.029266094178216295,0.0,0.2,0.2,20.249999999999996,0.8,0.8,900.0,0.007,0.0,20,0.5,0.022028762,0.025490251305241365
5.257,900.2284264735831,0.029287092051893962,0.0,0.2,0.2,20.249999999999996,0.8,0.8,900.0,0.007,0.0,20,0.5,0.019057933,0.025490259685318987
5.264,900.2284265478687,0.029309720892723257,0.0,0.2,0.2,20.249999999999996,0.8,0.8,900.0,0.007,0.0,20,0.5,0.018704701,0.02549026623044597
5.271,900.2284266056658,0.029333993547036252,0.0,0.2,0.2,20.249999999999996,0.8,0.8,900.0,0.007,0.0,20,0.5,0.022481775,0.02549027123855202
5.2780000000000005,900.2284266496521,0.029359923092007773,0.0,0.2,0.2,20.249999999999996,0.8,0.8,900.0,0.007,0.0,20,0.5,0.019134603,0.025490275086177527
5.285,900.2284266831986,0.029387522778653967,0.0,0.2,0.2,20.249999999999996,0.8,0.8,900.0,0.007,0.0,20,0.5,0.019212724,0.025490278203881153
5.292,900.2284267101677,0.029416806183764098,0.0,0.2,0.2,20.249999999999996,0.8,0.8,900.0,0.007,0.0,20,0.5,0.022391814,0.02549028105039356
5.299,900.22842673468,0.029447787240070068,0.0,0.2,0.2,20.249999999999996,0.8,0.8,900.0,0.007,0.0,20,0.5,0.018839011,0.0254902840848562
5.306,900.2284267608537,0.02948048016047732,0.0,0.2,0.2,20.249999999999996,0.8,0.8,900.0,0.007,0.0,20,0.5,0.018858152,0.02549028773869606
5.313,900.2284267925733,0.02951489948102807,0.0,0.2,0.2,20.249999999999996,0.8,0.8,900.0,0.007,0.0,20,0.5,0.021894052,0.025490292393560734
5.32,900.2284268332996,0.029551059416054088,0.0,0.2,0.2,20.249999999999996,0.8,0.8,900.0,0.007,0.0,20,0.5,0.019112483,0.02549029836474571
5.327,900.2284268858282,0.029588971631644697,0.0,0.2,0.2,20.249999999999996,0.8,0.8,900.0,0.007,0.0,20,0.5,0.019146703,0.025490305861987108
5.3340000000000005,900.228426952022,0.029628647443293098,0.0,0.2,0.2,20.249999999999996,0.8,0.8,900.0,0.007,0.0,20,0.5,0.022077493,0.025490314982660533
5.341,900.2284270327599,0.029670098328201763,0.0,0.2,0.2,20.249999999999996,0.8,0.8,900.0,0.007,0.0,20,0.5,0.019053813,0.025490325711437473
5.348,900.2284271279069,0.029713335890788138,0.0,0.2,0.2,20.249999999999996,0.8,0.8,900.0,0.007,0.0,20,0.5,0.019047352,0.02549033792397089
5.355,900.2284272363447,0.029758371806191435,0.0,0.2,0.2,20.249999999999996,0.8,0.8,900.0,0.007,0.0,20,0.5,0.02326084,0.025490351395627095
5.362,900.2284273560562,0.029805217804270694,0.0,0.2,0.2,20.249999999999996,0.8,0.8,900.0,0.007,0.0,20,0.5,0.02019115,0.02549036581683728
5.369,900.2284274842677,0.029853885675248673,0.0,0.2,0.2,20.249999999999996,0.8,0.8,900.0,0.007,0.0,20,0.5,0.019252914,0.025490380814420417
5.376,900.2284276176259,0.02990438718734379,0.0,0.2,0.2,20.249999999999996,0.8,0.8,900.0,0.007,0.0,20,0.5,0.021877991,0.025490395975884293
5.383,900.2284277524329,0.029956734173557677,0.0,0.2,0.2,20.249999999999996,0.8,0.8,900.0,0.007,0.0,20,0.5,0.019394795,0.025490410875599015
5.39,900.2284278848625,0.030010938543634576,0.0,0.2,0.2,20.249999999999996,0.8,0.8,900.0,0.007,0.0,20,0.5,0.01863781,0.025490425101074337
5.397,900.2284280112225,0.030067012305321113,0.0,0.2,0.2,20.249999999999996,0.8,0.8,900.0,0.007,0.0,20,0.5,0.022518246,0.025490438278122394
5.404,900.228428128156,0.030124967516468672,0.0,0.2,0.2,20.249999999999996,0.8,0.8,900.0,0.007,0.0,20,0.5,0.019749357,0.025490450094889903
5.4110000000000005,900.2284282328675,0.030184815801740223,0.0,0.2,0.2,20.249999999999996,0.8,0.8,900.0,0.007,0.0,20,0.5,0.018830761,0.02549046031841563
5.418,900.2284283232559,0.030246568603709285,0.0,0.2,0.2,20.249999999999996,0.8,0.8,900.0,0.007,0.0,20,0.5,0.02181871,0.02549046880712446
5.425,900.2284283980586,0.030310237370385063,0.0,0.2,0.2,20.249999999999996,0.8,0.8,900.0,0.007,0.0,20,0.5,0.01863578,0.025490475518825807
5.432,900.2284284568931,0.030375833544742884,0.0,0.2,0.2,20.249999999999996,0.8,0.8,900.0,0.007,0.0,20,0.5,0.019348134,0.02549048051132726
5.439,900.2284285002816,0.030443368555785187,0.0,0.2,0.2,20.249999999999996,0.8,0.8,900.0,0.007,0.0,20,0.5,0.022145082,0.02549048393710968
5.446,900.2284285295971,0.030512853782176077,0.0,0.2,0.2,20.249999999999996,0.8,0.8,900.0,0.007,0.0,20,0.5,0.01870271,0.025490486032255812
5.453,900.2284285469524,0.030584300546345273,0.0,0.2,0.2,20.249999999999996,0.8,0.8,900.0,0.007,0.0,20,0.5,0.018968532,0.02549048710126385
5.46,900.2284285550895,0.030657720074017996,0.0,0.2,0.2,20.249999999999996,0.8,0.8,900.0,0.007,0.0,20,0.5,0.02176732,0.025490487496826107
5.4670000000000005,900.2284285571649,0.03073312349086979,0.0,0.2,0.2,20.249999999999996,0.8,0.8,900.0,0.007,0.0,20,0.5,0.018832392,0.025490487597049045
5.474,900.2284285565803,0.03081052179543259,0.0,0.2,0.2,20.249999999999996,0.8,0.8,900.0,0.007,0.0,20,0.5,0.018833251,0.02549048778250405
5.481,900.2284285567437,0.030889925784528354,0.0,0.2,0.2,20.249999999999996,0.8,0.8,900.0,0.007,0.0,20,0.5,0.02167209,0.025490488412240393
5.488,900.2284285608798,0.030971346211188217,0.0,0.2,0.2,20.249999999999996,0.8,0.8,900.0,0.007,0.0,20,0.5,0.019633907,0.025490489802436084
5.495,900.2284285718309,0.03105479379787897,0.0,0.2,0.2,20.249999999999996,0.8,0.8,900.0,0.007,0.0,20,0.5,0.019408855,0.025490492207898476
5.502,900.2284285918964,0.031140279182922684,0.0,0.2,0.2,20.249999999999996,0.8,0.8,900.0,0.007,0.0,20,0.5,0.02166532,0.0254904958069799
5.509,900.2284286226554,0.031227812932332972,0.0,0.2,0.2,20.249999999999996,0.8,0.8,900.0,0.007,0.0,20,0.5,0.01869149,0.025490500691190153
5.516,900.2284286649303,0.03131740554533503,0.0,0.2,0.2,20.249999999999996,0.8,0.8,900.0,0.007,0.0,20,0.5,0.01860174,0.02549050686143673
5.523,900.2284287187399,0.03140906746727087,0.0,0.2,0.2,20.249999999999996,0.8,0.8,900.0,0.007,0.0,20,0.5,0.022158593,0.02549051422952769
5.53,900.2284287832783,0.031502809051428646,0.0,0.2,0.2,20.249999999999996,0.8,0.8,900.0,0.007,0.0,20,0.5,0.018712591,0.025490522623830645
5.537,900.2284288570171,0.03159864060298044,0.0,0.2,0.2,20.249999999999996,0.8,0.8,900.0,0.007,0.0,20,0.5,0.019033762,0.025490531801375182
5.5440000000000005,900.2284289377698,0.03169657225565129,0.0,0.2,0.2,20.249999999999996,0.8,0.8,900.0,0.007,0.0,20,0.5,0.022155272,0.025490541464223828
5.551,900.228429022857,0.03179661379010621,0.0,0.2,0.2,20.249999999999996,0.8,0.8,900.0,0.007,0.0,20,0.5,0.018733861,0.025490551276264685
5.558,900.2284291092747,0.031898774935449244,0.0,0.2,0.2,20.249999999999996,0.8,0.8,900.0,0.007,0.0,20,0.5,0.018871172,0.025490560884834017
5.565,900.2284291938442,0.032003065413125836,0.0,0.2,0.2,20.249999999999996,0.8,0.8,900.0,0.007,0.0,20,0.5,0.022238394,0.025490569942287135
5.572,900.2284292734538,0.032109494943841986,0.0,0.2,0.2,20.249999999999996,0.8,0.8,900.0,0.007,0.0,20,0.5,0.018891692,0.025490578127785782
5.579,900.2284293452451,0.032218073149424126,0.0,0.2,0.2,20.249999999999996,0.8,0.8,900.0,0.007,0.0,20,0.5,0.019368565,0.02549058517079542
5.586,900.2284294067737,0.032328808978270014,0.0,0.2,0.2,20.249999999999996,0.8,0.8,900.0,0.007,0.0,20,0.5,0.022470244,0.0254905908597516
5.593,900.2284294561339,0.03244171126998818,0.0,0.2,0.2,20.249999999999996,0.8,0.8,900.0,0.007,0.0,20,0.5,0.018900242,0.02549059505593925
5.6000000000000005,900.2284294920905,0.032556788903477026,0.0,0.2,0.2,20.249999999999996,0.8,0.8,900.0,0.007,0.0,20,0.5,0.019187274,0.02549059770249886
5.607,900.2284295141461,0.03267405035760611,0.0,0.2,0.2,20.249999999999996,0.8,0.8,900.0,0.007,0.0,20,0.5,0.021990021,0.025490598827069312
5.614,900.228429522607,0.032793503336037116,0.0,0.2,0.2,20.249999999999996,0.8,0.8,900.0,0.007,0.0,20,0.5,0.018580859,0.02549059854581427
5.621,900.228429518448,0.032915152708536344,0.0,0.2,0.2,20.249999999999996,0.8,0.8,900.0,0.007,0.0,20,0.5,0.018820801,0.025490597041607804
5.628,900.2284295033123,0.033039002948963926,0.0,0.2,0.2,20.249999999999996,0.8,0.8,900.0,0.007,0.0,20,0.5,0.02174203,0.025490594556942907
5.635,900.2284294794033,0.033165057686241665,0.0,0.2,0.2,20.249999999999996,0.8,0.8,900.0,0.007,0.0,20,0.5,0.019170103,0.025490591382483524
5.642,900.2284294492914,0.03329331889096082,0.0,0.2,0.2,20.249999999999996,0.8,0.8,900.0,0.007,0.0,20,0.5,0.018723261,0.025490587825272033
5.649,900.2284294157349,0.03342378846842977,0.0,0.2,0.2,20.249999999999996,0.8,0.8,900.0,0.007,0.0,20,0.5,0.022357464,0.025490584197307375
5.656,900.2284293815331,0.03355646817680751,0.0,0.2,0.2,20.249999999999996,0.8,0.8,900.0,0.007,0.0,20,0.5,0.018796101,0.025490580797228515
5.663,900.2284293493619,0.033691359587022435,0.0,0.2,0.2,20.249999999999996,0.8,0.8,900.0,0.007,0.0,20,0.5,0.018758051,0.02549057789146841
5.67,900.2284293216151,0.03382846429334516,0.0,0.2,0.2,20.249999999999996,0.8,0.8,900.0,0.007,0.0,20,0.5,0.02174271,0.025490575699432277
5.6770000000000005,900.2284293002652,0.03396778387550376,0.0,0.2,0.2,20.249999999999996,0.8,0.8,900.0,0.007,0.0,20,0.5,0.019331105,0.02549057438110537
5.684,900.2284292867455,0.03410931992164286,0.0,0.2,0.2,20.249999999999996,0.8,0.8,900.0,0.007,0.0,20,0.5,0.018824062,0.025490574029492483
5.691,900.228429281885,0.034253074099092624,0.0,0.2,0.2,20.249999999999996,0.8,0.8,900.0,0.007,0.0,20,0.5,0.021979322,0.025490574668036472
5.698,900.2284292859194,0.03439904804481861,0.0,0.2,0.2,20.249999999999996,0.8,0.8,900.0,0.007,0.0,20,0.5,0.019287854,0.025490576257450652
5.705,900.2284292984888,0.034547241995787056,0.0,0.2,0.2,20.249999999999996,0.8,0.8,900.0,0.007,0.0,20,0.5,0.018928352,0.02549057869239001
5.712,900.2284293186314,0.03469765580270779,0.0,0.2,0.2,20.249999999999996,0.8,0.8,900.0,0.007,0.0,20,0.5,0.022271454,0.02549058181046441
5.719,900.2284293448961,0.034850289371777074,0.0,0.2,0.2,20.249999999999996,0.8,0.8,900.0,0.007,0.0,20,0.5,0.018891502,0.02549058540550252
5.726,900.228429375431,0.03500514273595578,0.0,0.2,0.2,20.249999999999996,0.8,0.8,900.0,0.007,0.0,20,0.5,0.01861746,0.025490589241097556
5.7330000000000005,900.2284294081104,0.03516221607443138,0.0,0.2,0.2,20.249999999999996,0.8,0.8,900.0,0.007,0.0,20,0.5,0.02168861,0.025490593064838588
5.74,900.2284294406794,0.035321509698139866,0.0,0.2,0.2,20.249999999999996,0.8,0.8,900.0,0.007,0.0,20,0.5,0.019634127,0.025490596624235078
5.747,900.2284294708729,0.0354830239486253,0.0,0.2,0.2,20.249999999999996,0.8,0.8,900.0,0.007,0.0,20,0.5,0.019216264,0.025490599683207327
5.7540000000000004,900.228429496564,0.035646759019481125,0.0,0.2,0.2,20.249999999999996,0.8,0.8,900.0,0.007,0.0,20,0.5,0.022012632,0.02549060203386306
5.761,900.228429515892,0.03581271533509081,0.0,0.2,0.2,20.249999999999996,0.8,0.8,900.0,0.007,0.0,20,0.5,0.018955082,0.025490603508880383
5.768,900.2284295273478,0.03598089359175872,0.0,0.2,0.2,20.249999999999996,0.8,0.8,900.0,0.007,0.0,20,0.5,0.019095273,0.025490603989743628
5.775,900.2284295298729,0.036151294735027546,0.0,0.2,0.2,20.249999999999996,0.8,0.8,900.0,0.007,0.0,20,0.5,0.022144133,0.025490603412309732
5.782,900.2284295228843,0.03632391998904748,0.0,0.2,0.2,20.249999999999996,0.8,0.8,900.0,0.007,0.0,20,0.5,0.019185734,0.02549060176854932
5.789,900.2284295063354,0.03649877092290401,0.0,0.2,0.2,20.249999999999996,0.8,0.8,900.0,0.007,0.0,20,0.5,0.019184974,0.02549059910976583
5.796,900.2284294806859,0.0366758487226869,0.0,0.2,0.2,20.249999999999996,0.8,0.8,900.0,0.007,0.0,20,0.5,0.022369724,0.025490595536204246
5.803,900.2284294468132,0.03685515442999503,0.0,0.2,0.2,20.249999999999996,0.8,0.8,900.0,0.007,0.0,20,0.5,0.018824371,0.025490591184999013
5.8100000000000005,900.2284294059507,0.03703668953341534,0.0,0.2,0.2,20.249999999999996,0.8,0.8,900.0,0.007,0.0,20,0.5,0.019257404,0.025490586226550378
5.817,900.2284293596281,0.037220455961809513,0.0,0.2,0.2,20.249999999999996,0.8,0.8,900.0,0.007,0.0,20,0.5,0.022397594,0.025490580852152875
5.824,900.2284293095598,0.03740645608658176,0.0,0.2,0.2,20.249999999999996,0.8,0.8,900.0,0.007,0.0,20,0.5,0.019186694,0.025490575259176324
5.831,900.228429257511,0.03759469283098878,0.0,0.2,0.2,20.249999999999996,0.8,0.8,900.0,0.007,0.0,20,0.5,0.019254754,0.02549056963843915
5.838,900.2284292052017,0.037785169727869126,0.0,0.2,0.2,20.249999999999996,0.8,0.8,900.0,0.007,0.0,20,0.5,0.022442554,0.025490564165018745
5.845,900.2284291542211,0.03797789034687396,0.0,0.2,0.2,20.249999999999996,0.8,0.8,900.0,0.007,0.0,20,0.5,0.018870391,0.02549055898826663
5.852,900.2284291058895,0.03817285812076359,0.0,0.2,0.2,20.249999999999996,0.8,0.8,900.0,0.007,0.0,20,0.5,0.018844121,0.02549055421889547
5.859,900.2284290612009,0.03837007702559113,0.0,0.2,0.2,20.249999999999996,0.8,0.8,900.0,0.007,0.0,20,0.5,0.022209853,0.02549054992576625
5.8660000000000005,900.2284290207806,0.03856955146720639,0.0,0.2,0.2,20.249999999999996,0.8,0.8,900.0,0.007,0.0,20,0.5,0.018929582,0.025490546133197053
5.873,900.2284289848351,0.03877128597363,0.0,0.2,0.2,20.249999999999996,0.8,0.8,900.0,0.007,0.0,20,0.5,0.019408156,0.025490542818244102
5.88,900.2284289531979,0.03897528560634,0.0,0.2,0.2,20.249999999999996,0.8,0.8,900.0,0.007,0.0,20,0.5,0.021957992,0.025490539926390197
5.8870000000000005,900.2284289253716,0.03918155299244128,0.0,0.2,0.2,20.249999999999996,0.8,0.8,900.0,0.007,0.0,20,0.5,0.019143953,0.02549053736821592
5.894,900.2284289006594,0.03939008879681922,0.0,0.2,0.2,20.249999999999996,0.8,0.8,900.0,0.007,0.0,20,0.5,0.019397735,0.025490535046785997
5.901,900.228428878113,0.0396008842165659,0.0,0.2,0.2,20.249999999999996,0.8,0.8,900.0,0.007,0.0,20,0.5,0.022193983,0.02549053281649622
5.908,900.2284288563587,0.03981392827917664,0.0,0.2,0.2,20.249999999999996,0.8,0.8,900.0,0.007,0.0,20,0.5,0.018860481,0.02549053050447981
5.915,900.2284288338645,0.040029210300344044,0.0,0.2,0.2,20.249999999999996,0.8,0.8,900.0,0.007,0.0,20,0.5,0.018873201,0.02549052793542052
5.922,900.2284288090949,0.04024671921125817,0.0,0.2,0.2,20.249999999999996,0.8,0.8,900.0,0.007,0.0,20,0.5,0.022127132,0.025490524944218444
5.929,900.2284287805503,0.0404664414957917,0.0,0.2,0.2,20.249999999999996,0.8,0.8,900.0,0.007,0.0,20,0.5,0.018963352,0.025490521381557156
5.936,900.2284287468881,0.04068836246492069,0.0,0.2,0.2,20.249999999999996,0.8,0.8,900.0,0.007,0.0,20,0.5,0.018977293,0.02549051712915108
5.9430000000000005,900.2284287070544,0.04091246696429542,0.0,0.2,0.2,20.249999999999996,0.8,0.8,900.0,0.007,0.0,20,0.5,0.022471955,0.025490512110861164
5.95,900.2284286603385,0.04113873947632872,0.0,0.2,0.2,20.249999999999996,0.8,0.8,900.0,0.007,0.0,20,0.5,0.019067383,0.025490506293308353
5.957,900.228428606457,0.04136716465314571,0.0,0.2,0.2,20.249999999999996,0.8,0.8,900.0,0.007,0.0,20,0.5,0.019077483,0.025490499696256618
5.964,900.2284285455866,0.04159772637249448,0.0,0.2,0.2,20.249999999999996,0.8,0.8,900.0,0.007,0.0,20,0.5,0.022859077,0.02549049238893263
5.971,900.2284284783892,0.04183040756540948,0.0,0.2,0.2,20.249999999999996,0.8,0.8,900.0,0.007,0.0,20,0.5,0.019070363,0.0254904844882775
5.978,900.2284284058944,0.04206518903915147,0.0,0.2,0.2,20.249999999999996,0.8,0.8,900.0,0.007,0.0,20,0.5,0.019013633,0.025490476149347584
5.985,900.2284283294684,0.04230204940750021,0.0,0.2,0.2,20.249999999999996,0.8,0.8,900.0,0.007,0.0,20,0.5,0.021988062,0.025490467549483527
5.992,900.228428250698,0.042540966895927596,0.0,0.2,0.2,20.249999999999996,0.8,0.8,900.0,0.007,0.0,20,0.5,0.019017493,0.025490458879197334
5.9990000000000006,900.2284281713169,0.04278191984949172,0.0,0.2,0.2,20.249999999999996,0.8,0.8,900.0,0.007,0.0,20,0.5,0.018789521,0.025490450342458792
6.006,900.2284280932397,0.04302488391614649,0.0,0.2,0.2,20.249999999999996,0.8,0.8,900.0,0.007,0.0,20,0.5,0.022529475,0.025490442151355375
6.013,900.2284280182826,0.04326982900286203,0.0,0.2,0.2,20.249999999999996,0.8,0.8,900.0,0.007,0.0,20,0.5,0.018767721,0.025490434466616942
6.0200000000000005,900.2284279478578,0.04351672432380025,0.0,0.2,0.2,20.249999999999996,0.8,0.8,900.0,0.007,0.0,20,0.5,0.018975372,0.025490427396704082
6.027,900.2284278829383,0.04376553918594001,0.0,0.2,0.2,20.249999999999996,0.8,0.8,900.0,0.007,0.0,20,0.5,0.022108172,0.025490421000256766
6.034,900.228427824068,0.044016243053064445,0.0,0.2,0.2,20.249999999999996,0.8,0.8,900.0,0.007,0.0,20,0.5,0.019116083,0.025490415289966768
6.041,900.2284277713848,0.04426880466991774,0.0,0.2,0.2,20.249999999999996,0.8,0.8,900.0,0.007,0.0,20,0.5,0.019887078,0.025490410234633224
6.048,900.2284277245801,0.044523191781170084,0.0,0.2,0.2,20.249999999999996,0.8,0.8,900.0,0.007,0.0,20,0.5,0.022396464,0.025490405757497465
6.055,900.2284276829813,0.04477937185868708,0.0,0.2,0.2,20.249999999999996,0.8,0.8,900.0,0.007,0.0,20,0.5,0.018962822,0.025490401748395036
6.062,900.2284276455816,0.045037311627581844,0.0,0.2,0.2,20.249999999999996,0.8,0.8,900.0,0.007,0.0,20,0.5,0.019023513,0.025490398073008493
6.069,900.2284276111621,0.04529697789738671,0.0,0.2,0.2,20.249999999999996,0.8,0.8,900.0,0.007,0.0,20,0.5,0.022185883,0.025490394583326102
6.0760000000000005,900.2284275783967,0.04555833845483343,0.0,0.2,0.2,20.249999999999996,0.8,0.8,900.0,0.007,0.0,20,0.5,0.018995502,0.025490391133159623
6.083,900.2284275459788,0.045821361766849845,0.0,0.2,0.2,20.249999999999996,0.8,0.8,900.0,0.007,0.0,20,0.5,0.018766391,0.02549038758817587
6.09,900.2284275127006,0.04608601680161481,0.0,0.2,0.2,20.249999999999996,0.8,0.8,900.0,0.007,0.0,20,0.5,0.022438524,0.025490383831511584
6.097,900.2284274775299,0.046352273099436854,0.0,0.2,0.2,20.249999999999996,0.8,0.8,900.0,0.007,0.0,20,0.5,0.018915542,0.025490379772027335
6.104,900.2284274396444,0.046620100174749324,0.0,0.2,0.2,20.249999999999996,0.8,0.8,900.0,0.007,0.0,20,0.5,0.019247943,0.025490375344999885
6.111,900.2284273984724,0.046889467824963844,0.0,0.2,0.2,20.249999999999996,0.8,0.8,900.0,0.007,0.0,20,0.5,0.022110882,0.025490370513552203
6.118,900.2284273536764,0.04716034582697764,0.0,0.2,0.2,20.249999999999996,0.8,0.8,900.0,0.007,0.0,20,0.5,0.018920452,0.025490365268168544
6.125,900.2284273051085,0.0474327051142708,0.0,0.2,0.2,20.249999999999996,0.8,0.8,900.0,0.007,0.0,20,0.5,0.019514626,0.02549035962374643
6.132000000000001,900.2284272529139,0.04770651953870917,0.0,0.2,0.2,20.249999999999996,0.8,0.8,900.0,0.007,0.0,20,0.5,0.022129383,0.025490353622146248
6.139,900.2284271974719,0.04798176673099179,0.0,0.2,0.2,20.249999999999996,0.8,0.8,900.0,0.007,0.0,20,0.5,0.018974302,0.025490347326545853
6.146,900.2284271394225,0.04825842680846029,0.0,0.2,0.2,20.249999999999996,0.8,0.8,900.0,0.007,0.0,20,0.5,0.018801571,0.0254903408336003
6.1530000000000005,900.2284270796947,0.04853647644256506,0.0,0.2,0.2,20.249999999999996,0.8,0.8,900.0,0.007,0.0,20,0.5,0.022194752,0.025490334261175814
6.16,900.2284270192373,0.04881588822671827,0.0,0.2,0.2,20.249999999999996,0.8,0.8,900.0,0.007,0.0,20,0.5,0.018833211,0.025490327718961935
6.167,900.2284269590356,0.049096635616789314,0.0,0.2,0.2,20.249999999999996,0.8,0.8,900.0,0.007,0.0,20,0.5,0.019086612,0.025490321314374443
6.174,900.228426900047,0.04937869304039523,0.0,0.2,0.2,20.249999999999996,0.8,0.8,900.0,0.007,0.0,20,0.5,0.022282664,0.02549031514200102
6.181,900.2284268431235,0.049662035956316956,0.0,0.2,0.2,20.249999999999996,0.8,0.8,900.0,0.007,0.0,20,0.5,0.019191254,0.025490309274797358
6.188,900.2284267889396,0.049946640853786584,0.0,0.2,0.2,20.249999999999996,0.8,0.8,900.0,0.007,0.0,20,0.5,0.019301244,0.025490303762783748
6.195,900.2284267379321,0.05023248469690755,0.0,0.2,0.2,20.249999999999996,0.8,0.8,900.0,0.007,0.0,20,0.5,0.02178096,0.025490298627170747
6.202,900.2284266903586,0.05051954453566028,0.0,0.2,0.2,20.249999999999996,0.8,0.8,900.0,0.007,0.0,20,0.5,0.019037902,0.025490293877547022
6.2090000000000005,900.228426646264,0.05080779364079982,0.0,0.2,0.2,20.249999999999996,0.8,0.8,900.0,0.007,0.0,20,0.5,0.019377354,0.025490289490197743
6.216,900.2284266053953,0.051097204925600874,0.0,0.2,0.2,20.249999999999996,0.8,0.8,900.0,0.007,0.0,20,0.5,0.021847971,0.025490285409715308
6.223,900.2284265672606,0.05138775235313523,0.0,0.2,0.2,20.249999999999996,0.8,0.8,900.0,0.007,0.0,20,0.5,0.019133833,0.02549028156032014
6.23,900.2284265312018,0.0516794107752722,0.0,0.2,0.2,20.249999999999996,0.8,0.8,900.0,0.007,0.0,20,0.5,0.018910792,0.02549027785308892
6.237,900.2284264963816,0.05197215551258463,0.0,0.2,0.2,20.249999999999996,0.8,0.8,900.0,0.007,0.0,20,0.5,0.022244683,0.025490274186675786
6.244,900.2284264618908,0.052265963555674415,0.0,0.2,0.2,20.249999999999996,0.8,0.8,900.0,0.007,0.0,20,0.5,0.019566616,0.025490270457543766
6.251,900.2284264268063,0.05256081361674702,0.0,0.2,0.2,20.249999999999996,0.8,0.8,900.0,0.007,0.0,20,0.5,0.019373645,0.02549026656788334
6.258,900.2284263902515,0.052856685915342407,0.0,0.2,0.2,20.249999999999996,0.8,0.8,900.0,0.007,0.0,20,0.5,0.022081322,0.0254902624329289
6.265000000000001,900.2284263516391,0.053153561959356034,0.0,0.2,0.2,20.249999999999996,0.8,0.8,900.0,0.007,0.0,20,0.5,0.019314575,0.025490258041894445
6.272,900.2284263109453,0.053451410394128866,0.0,0.2,0.2,20.249999999999996,0.8,0.8,900.0,0.007,0.0,20,0.5,0.018997952,0.025490253410734715
6.279,900.2284262680752,0.053750190437584576,0.0,0.2,0.2,20.249999999999996,0.8,0.8,900.0,0.007,0.0,20,0.5,0.022165663,0.025490248517435702
6.2860000000000005,900.2284262228435,0.05404986145889554,0.0,0.2,0.2,20.249999999999996,0.8,0.8,900.0,0.007,0.0,20,0.5,0.019121743,0.025490243354647384
6.293,900.2284261751711,0.05435038366053994,0.0,0.2,0.2,20.249999999999996,0.8,0.8,900.0,0.007,0.0,20,0.5,0.018788151,0.025490237928111954
6.3,900.2284261251224,0.05465171866588721,0.0,0.2,0.2,20.249999999999996,0.8,0.8,900.0,0.007,0.0,20,0.5,0.022013342,0.025490232252988004
6.307,900.2284260727994,0.0549538276731999,0.0,0.2,0.2,20.249999999999996,0.8,0.8,900.0,0.007,0.0,20,0.5,0.019213233,0.025490226337106767
6.314,900.2284260182314,0.05525667408079129,0.0,0.2,0.2,20.249999999999996,0.8,0.8,900.0,0.007,0.0,20,0.5,0.019457175,0.025490220167545548
6.321,900.2284259615436,0.05556022601204312,0.0,0.2,0.2,20.249999999999996,0.8,0.8,900.0,0.007,0.0,20,0.5,0.0217424,0.02549021379899543
6.328,900.2284259037384,0.0558644280268936,0.0,0.2,0.2,20.249999999999996,0.8,0.8,900.0,0.007,0.0,20,0.5,0.019037763,0.02549020735962628
6.335,900.2284258452466,0.05616918508619292,0.0,0.2,0.2,20.249999999999996,0.8,0.8,900.0,0.007,0.0,20,0.5,0.018707051,0.025490200807365936
6.3420000000000005,900.2284257856891,0.05647440110407441,0.0,0.2,0.2,20.249999999999996,0.8,0.8,900.0,0.007,0.0,20,0.5,0.022246823,0.025490194089301133
6.349,900.2284257245882,0.05677998015476203,0.0,0.2,0.2,20.249999999999996,0.8,0.8,900.0,0.007,0.0,20,0.5,0.018826151,0.025490187159223965
6.356,900.2284256615812,0.05708582769351877,0.0,0.2,0.2,20.249999999999996,0.8,0.8,900.0,0.007,0.0,20,0.5,0.019250994,0.025490179988036373
6.363,900.2284255965266,0.05739184649980332,0.0,0.2,0.2,20.249999999999996,0.8,0.8,900.0,0.007,0.0,20,0.5,0.022882547,0.025490172562114232
6.37,900.2284255292284,0.05769793433004426,0.0,0.2,0.2,20.249999999999996,0.8,0.8,900.0,0.007,0.0,20,0.5,0.019017033,0.025490164874874523
6.377,900.2284254595872,0.058003985233614185,0.0,0.2,0.2,20.249999999999996,0.8,0.8,900.0,0.007,0.0,20,0.5,0.018954182,0.025490156939746694
6.384,900.228425387668,0.058309893359610565,0.0,0.2,0.2,20.249999999999996,0.8,0.8,900.0,0.007,0.0,20,0.5,0.022540175,0.025490148797548948
6.391,900.2284253138414,0.05861555468824168,0.0,0.2,0.2,20.249999999999996,0.8,0.8,900.0,0.007,0.0,20,0.5,0.018867772,0.02549014052443091
6.398000000000001,900.2284252387906,0.05892086709381476,0.0,0.2,0.2,20.249999999999996,0.8,0.8,900.0,0.007,0.0,20,0.5,0.019019003,0.02549013222684513
6.405,900.2284251634753,0.05922573065132178,0.0,0.2,0.2,20.249999999999996,0.8,0.8,900.0,0.007,0.0,20,0.5,0.022172053,0.025490124033831368
6.412,900.2284250890378,0.05953004739240872,0.0,0.2,0.2,20.249999999999996,0.8,0.8,900.0,0.007,0.0,20,0.5,0.019117254,0.025490116082063745
6.4190000000000005,900.2284250166952,0.05983372222596048,0.0,0.2,0.2,20.249999999999996,0.8,0.8,900.0,0.007,0.0,20,0.5,0.019236344,0.025490108504532635
6.426,900.2284249476359,0.06013666332814608,0.0,0.2,0.2,20.249999999999996,0.8,0.8,900.0,0.007,0.0,20,0.5,0.022186362,0.025490101418696686
6.433,900.2284248829045,0.06043878241615746,0.0,0.2,0.2,20.249999999999996,0.8,0.8,900.0,0.007,0.0,20,0.5,0.019161413,0.025490094916417377
6.44,900.2284248233706,0.06073999501691367,0.0,0.2,0.2,20.249999999999996,0.8,0.8,900.0,0.007,0.0,20,0.5,0.018999852,0.02549008906924417
6.447,900.2284247697133,0.06104021651515661,0.0,0.2,0.2,20.249999999999996,0.8,0.8,900.0,0.007,0.0,20,0.5,0.022535245,0.025490083909351643
6.454,900.228424722128,0.061339362435632455,0.0,0.2,0.2,20.249999999999996,0.8,0.8,900.0,0.007,0.0,20,0.5,0.019257784,0.02549007940400662
6.461,900.2284246803065,0.06163735270216251,0.0,0.2,0.2,20.249999999999996,0.8,0.8,900.0,0.007,0.0,20,0.5,0.019228534,0.025490075476607945
6.468,900.2284246435698,0.06193411184598828,0.0,0.2,0.2,20.249999999999996,0.8,0.8,900.0,0.007,0.0,20,0.5,0.022406944,0.025490072016344643
6.4750000000000005,900.2284246109144,0.06222956936378526,0.0,0.2,0.2,20.249999999999996,0.8,0.8,900.0,0.007,0.0,20,0.5,0.019118763,0.025490068886441963
6.482,900.2284245811052,0.06252365997167234,0.0,0.2,0.2,20.249999999999996,0.8,0.8,900.0,0.007,0.0,20,0.5,0.019405045,0.025490065931952563
6.489,900.2284245527924,0.06281632380061988,0.0,0.2,0.2,20.249999999999996,0.8,0.8,900.0,0.007,0.0,20,0.5,0.022097142,0.025490062999094062
6.496,900.2284245245767,0.06310750458709687,0.0,0.2,0.2,20.249999999999996,0.8,0.8,900.0,0.007,0.0,20,0.5,0.018664471,0.025490059940258814
6.503,900.2284244950988,0.0633971505266613,0.0,0.2,0.2,20.249999999999996,0.8,0.8,900.0,0.007,0.0,20,0.5,0.018812181,0.025490056613309192
6.51,900.2284244630752,0.06368521596409851,0.0,0.2,0.2,20.249999999999996,0.8,0.8,900.0,0.007,0.0,20,0.5,0.021886051,0.02549005289512511
6.517,900.2284244273884,0.06397166174182327,0.0,0.2,0.2,20.249999999999996,0.8,0.8,900.0,0.007,0.0,20,0.5,0.018798802,0.025490048686796316
6.524,900.2284243871563,0.06425645551571262,0.0,0.2,0.2,20.249999999999996,0.8,0.8,900.0,0.007,0.0,20,0.5,0.019000262,0.02549004391652818
6.531,900.2284243418758,0.06453957142499822,0.0,0.2,0.2,20.249999999999996,0.8,0.8,900.0,0.007,0.0,20,0.5,0.021832061,0.025490038571908024
6.538,900.2284242913834,0.06482098040221347,0.0,0.2,0.2,20.249999999999996,0.8,0.8,900.0,0.007,0.0,20,0.5,0.019255694,0.02549003263891823
6.545,900.2284242356602,0.06510065635001792,0.0,0.2,0.2,20.249999999999996,0.8,0.8,900.0,0.007,0.0,20,0.5,0.019709197,0.02549002612088007
6.5520000000000005,900.2284241751931,0.06537857242300942,0.0,0.2,0.2,20.249999999999996,0.8,0.8,900.0,0.007,0.0,20,0.5,0.021886761,0.02549001911025264
6.559,900.2284241104013,0.06565467487056115,0.0,0.2,0.2,20.249999999999996,0.8,0.8,900.0,0.007,0.0,20,0.5,0.018484859,0.025490011658138113
6.566,900.228424041488,0.06592890662828545,0.0,0.2,0.2,20.249999999999996,0.8,0.8,900.0,0.007,0.0,20,0.5,0.019409295,0.025490003773059638
6.573,900.2284239685113,0.0662012164559927,0.0,0.2,0.2,20.249999999999996,0.8,0.8,900.0,0.007,0.0,20,0.5,0.022052462,0.02548999544678278
6.58,900.228423891403,0.066471560428813,0.0,0.2,0.2,20.249999999999996,0.8,0.8,900.0,0.007,0.0,20,0.5,0.019124053,0.02548998665962011
6.587,900.2284238100285,0.06673990225459336,0.0,0.2,0.2,20.249999999999996,0.8,0.8,900.0,0.007,0.0,20,0.5,0.018866011,0.025489977385399376
6.594,900.2284237240891,0.06700621320524706,0.0,0.2,0.2,20.249999999999996,0.8,0.8,900.0,0.007,0.0,20,0.5,0.021949721,0.025489967593799016
6.601,900.2284236333727,0.0672704728790883,0.0,0.2,0.2,20.249999999999996,0.8,0.8,900.0,0.007,0.0,20,0.5,0.019223104,0.02548995726891298
6.6080000000000005,900.2284235377683,0.06753266841062595,0.0,0.2,0.2,20.249999999999996,0.8,0.8,900.0,0.007,0.0,20,0.5,0.018860881,0.025489946415839796
6.615,900.2284234373739,0.06779278983263039,0.0,0.2,0.2,20.249999999999996,0.8,0.8,900.0,0.007,0.0,20,0.5,0.022161862,0.02548993506216507
6.622,900.2284233323649,0.06805082972948781,0.0,0.2,0.2,20.249999999999996,0.8,0.8,900.0,0.007,0.0,20,0.5,0.019218073,0.025489923258861957
6.6290000000000004,900.2284232232297,0.06830678321451046,0.0,0.2,0.2,20.249999999999996,0.8,0.8,900.0,0.007,0.0,20,0.5,0.019198654,0.0254899110822693
6.636,900.2284231105713,0.06856064965743165,0.0,0.2,0.2,20.249999999999996,0.8,0.8,900.0,0.007,0.0,20,0.5,0.022268073,0.02548989861818216
6.643,900.2284229951374,0.06881243661436838,0.0,0.2,0.2,20.249999999999996,0.8,0.8,900.0,0.007,0.0,20,0.5,0.018750471,0.02548988597196246
6.65,900.2284228778763,0.06906216053210783,0.0,0.2,0.2,20.249999999999996,0.8,0.8,900.0,0.007,0.0,20,0.5,0.019285664,0.025489873264671264
6.657,900.2284227598736,0.06930984682408965,0.0,0.2,0.2,20.249999999999996,0.8,0.8,900.0,0.007,0.0,20,0.5,0.022031762,0.025489860625346576
6.664,900.2284226422861,0.0695555299338839,0.0,0.2,0.2,20.249999999999996,0.8,0.8,900.0,0.007,0.0,20,0.5,0.018708221,0.025489848182071954
6.671,900.2284225263089,0.06979925336862086,0.0,0.2,0.2,20.249999999999996,0.8,0.8,900.0,0.007,0.0,20,0.5,0.019391085,0.025489836064461934
6.678,900.2284224132143,0.07004106503980043,0.0,0.2,0.2,20.249999999999996,0.8,0.8,900.0,0.007,0.0,20,0.5,0.022197773,0.025489824398669
6.6850000000000005,900.2284223040318,0.07028101420253177,0.0,0.2,0.2,20.249999999999996,0.8,0.8,900.0,0.007,0.0,20,0.5,0.019266684,0.0254898132811284
6.692,900.2284221996921,0.07051915432159823,0.0,0.2,0.2,20.249999999999996,0.8,0.8,900.0,0.007,0.0,20,0.5,0.018796281,0.02548980280498578
6.699,900.2284221010566,0.07075554104577453,0.0,0.2,0.2,20.249999999999996,0.8,0.8,900.0,0.007,0.0,20,0.5,0.022029872,0.02548979304142614
6.706,900.2284220087216,0.07099023001194874,0.0,0.2,0.2,20.249999999999996,0.8,0.8,900.0,0.007,0.0,20,0.5,0.018714521,0.025489784005530126
6.713,900.228421922721,0.07122328179642085,0.0,0.2,0.2,20.249999999999996,0.8,0.8,900.0,0.007,0.0,20,0.5,0.018962852,0.025489775647191557
6.72,900.228421842599,0.07145476523463921,0.0,0.2,0.2,20.249999999999996,0.8,0.8,900.0,0.007,0.0,20,0.5,0.022393364,0.025489767871597662
6.727,900.2284217675461,0.07168475720315665,0.0,0.2,0.2,20.249999999999996,0.8,0.8,900.0,0.007,0.0,20,0.5,0.018747741,0.02548976056084646
6.734,900.2284216969315,0.07191333894417928,0.0,0.2,0.2,20.249999999999996,0.8,0.8,900.0,0.007,0.0,20,0.5,0.019096343,0.025489753652095264
6.7410000000000005,900.2284216298863,0.07214057847948879,0.0,0.2,0.2,20.249999999999996,0.8,0.8,900.0,0.007,0.0,20,0.5,0.022148693,0.02548974702992972
6.748,900.2284215652277,0.07236654706049798,0.0,0.2,0.2,20.249999999999996,0.8,0.8,900.0,0.007,0.0,20,0.5,0.019181454,0.02548974056069331
6.755,900.2284215017725,0.07259132340161494,0.0,0.2,0.2,20.249999999999996,0.8,0.8,900.0,0.007,0.0,20,0.5,0.018755681,0.02548973412638211
6.7620000000000005,900.228421438904,0.07281499170335606,0.0,0.2,0.2,20.249999999999996,0.8,0.8,900.0,0.007,0.0,20,0.5,0.022139823,0.025489727718032363
6.769,900.2284213764193,0.07303761803717455,0.0,0.2,0.2,20.249999999999996,0.8,0.8,900.0,0.007,0.0,20,0.5,0.019249014,0.02548972130851846
6.776,900.2284213137789,0.0732592640059378,0.0,0.2,0.2,20.249999999999996,0.8,0.8,900.0,0.007,0.0,20,0.5,0.019029532,0.025489714817590003
6.783,900.2284212502457,0.07347999633781395,0.0,0.2,0.2,20.249999999999996,0.8,0.8,900.0,0.007,0.0,20,0.5,0.022290413,0.02548970815786752
6.79,900.2284211850141,0.07369988758947087,0.0,0.2,0.2,20.249999999999996,0.8,0.8,900.0,0.007,0.0,20,0.5,0.019091863,0.025489701248061786
6.797,900.2284211174019,0.07391901715107974,0.0,0.2,0.2,20.249999999999996,0.8,0.8,900.0,0.007,0.0,20,0.5,0.019158524,0.02548969403506507
6.804,900.228421046937,0.07413746817775442,0.0,0.2,0.2,20.249999999999996,0.8,0.8,900.0,0.007,0.0,20,0.5,0.021910161,0.02548968648095973
6.811,900.2284209732762,0.07435532793078166,0.0,0.2,0.2,20.249999999999996,0.8,0.8,900.0,0.007,0.0,20,0.5,0.019034042,0.025489678561550006
6.8180000000000005,900.2284208962342,0.07457268761427059,0.0,0.2,0.2,20.249999999999996,0.8,0.8,900.0,0.007,0.0,20,0.5,0.019300024,0.02548967027478607
6.825,900.228420815802,0.07478964072327438,0.0,0.2,0.2,20.249999999999996,0.8,0.8,900.0,0.007,0.0,20,0.5,0.021804481,0.02548966163928655
6.832,900.2284207321409,0.07500628344791724,0.0,0.2,0.2,20.249999999999996,0.8,0.8,900.0,0.007,0.0,20,0.5,0.018866842,0.025489652702730962
6.839,900.2284206458638,0.07522271220612452,0.0,0.2,0.2,20.249999999999996,0.8,0.8,900.0,0.007,0.0,20,0.5,0.019140173,0.02548964356189654
6.846,900.2284205576625,0.07543901757191662,0.0,0.2,0.2,20.249999999999996,0.8,0.8,900.0,0.007,0.0,20,0.5,0.022840237,0.025489634296536858
6.853,900.2284204682389,0.07565529210784852,0.0,0.2,0.2,20.249999999999996,0.8,0.8,900.0,0.007,0.0,20,0.5,0.019252354,0.025489624992333954
6.86,900.2284203783731,0.07587163065400068,0.0,0.2,0.2,20.249999999999996,0.8,0.8,900.0,0.007,0.0,20,0.5,0.018971752,0.025489615735667933
6.867,900.2284202888509,0.07608813005017614,0.0,0.2,0.2,20.249999999999996,0.8,0.8,900.0,0.007,0.0,20,0.5,0.022214462,0.025489606604967484
6.8740000000000006,900.2284202005718,0.07630488812669514,0.0,0.2,0.2,20.249999999999996,0.8,0.8,900.0,0.007,0.0,20,0.5,0.01867416,0.025489597680508336
6.881,900.2284201141715,0.07652199598033953,0.0,0.2,0.2,20.249999999999996,0.8,0.8,900.0,0.007,0.0,20,0.5,0.019110233,0.025489589014182672
6.888,900.2284200300164,0.07673954258747454,0.0,0.2,0.2,20.249999999999996,0.8,0.8,900.0,0.007,0.0,20,0.5,0.021981602,0.025489580636224973
6.8950000000000005,900.2284199484344,0.07695761702643981,0.0,0.2,0.2,20.249999999999996,0.8,0.8,900.0,0.007,0.0,20,0.5,0.018926052,0.025489572570018628
6.902,900.2284198696045,0.07717630660969149,0.0,0.2,0.2,20.249999999999996,0.8,0.8,900.0,0.007,0.0,20,0.5,0.018973343,0.025489564815849672
6.909,900.2284197935319,0.07739569837052748,0.0,0.2,0.2,20.249999999999996,0.8,0.8,900.0,0.007,0.0,20,0.5,0.022095642,0.025489557356036384
6.916,900.2284197200805,0.07761587795003085,0.0,0.2,0.2,20.249999999999996,0.8,0.8,900.0,0.007,0.0,20,0.5,0.019035133,0.025489550160848792
6.923,900.228419648971,0.07783692936634692,0.0,0.2,0.2,20.249999999999996,0.8,0.8,900.0,0.007,0.0,20,0.5,0.019112434,0.025489543189656884
6.93,900.2284195798416,0.07805893577859602,0.0,0.2,0.2,20.249999999999996,0.8,0.8,900.0,0.007,0.0,20,0.5,0.022142323,0.02548953639781275
6.937,900.2284195123295,0.07828197961952238,0.0,0.2,0.2,20.249999999999996,0.8,0.8,900.0,0.007,0.0,20,0.5,0.018990012,0.02548952974465537
6.944,900.228419446164,0.07850613944530951,0.0,0.2,0.2,20.249999999999996,0.8,0.8,900.0,0.007,0.0,20,0.5,0.019115093,0.025489523194395628
6.9510000000000005,900.2284193809751,0.07873148816500976,0.0,0.2,0.2,20.249999999999996,0.8,0.8,900.0,0.007,0.0,20,0.5,0.021829441,0.025489516720736627
6.958,900.2284193166281,0.07895809250659518,0.0,0.2,0.2,20.249999999999996,0.8,0.8,900.0,0.007,0.0,20,0.5,0.018948591,0.02548951031780659
6.965,900.2284192530182,0.07918601178923938,0.0,0.2,0.2,20.249999999999996,0.8,0.8,900.0,0.007,0.0,20,0.5,0.019137853,0.025489503973753515
6.972,900.228419190173,0.07941530004448775,0.0,0.2,0.2,20.249999999999996,0.8,0.8,900.0,0.007,0.0,20,0.5,0.02169364,0.02548949770779208
6.979,900.2284191283725,0.0796459981475386,0.0,0.2,0.2,20.249999999999996,0.8,0.8,900.0,0.007,0.0,20,0.5,0.019550935,0.025489491546778043
6.986,900.2284190675479,0.07987813123111671,0.0,0.2,0.2,20.249999999999996,0.8,0.8,900.0,0.007,0.0,20,0.5,0.018891942,0.02548948546855377
6.993,900.2284190075063,0.08011172158249451,0.0,0.2,0.2,20.249999999999996,0.8,0.8,900.0,0.007,0.0,20,0.5,0.022086852,0.025489479456738885
7.0,900.2284189481113,0.08034678911335671,0.0,0.2,0.2,20.249999999999996,0.8,0.8,900.0,0.007,0.0,20,0.5,0.019803627,0.02548947349147373
7.007000000000001,900.2284188891813,0.08058335143815111,0.0,0.2,0.2,20.249999999999996,0.8,0.8,900.0,0.007,0.0,20,0.5,0.0187649,0.025489467545025745
7.014,900.2284188305237,0.08082142334759303,0.0,0.2,0.2,20.249999999999996,0.8,0.8,900.0,0.007,0.0,20,0.5,0.021930351,0.025489461591739523
7.021,900.2284187718587,0.08106101392271066,0.0,0.2,0.2,20.249999999999996,0.8,0.8,900.0,0.007,0.0,20,0.5,0.019204624,0.025489455621832875
7.0280000000000005,900.2284187130851,0.08130212767776185,0.0,0.2,0.2,20.249999999999996,0.8,0.8,900.0,0.007,0.0,20,0.5,0.01870536,0.02548944962825149
7.035,900.2284186541688,0.08154476629018391,0.0,0.2,0.2,20.249999999999996,0.8,0.8,900.0,0.007,0.0,20,0.5,0.02172609,0.02548944360353958
7.042,900.2284185950699,0.08178892869139956,0.0,0.2,0.2,20.249999999999996,0.8,0.8,900.0,0.007,0.0,20,0.5,0.019019262,0.025489437554577755
7.049,900.228418535914,0.08203460825845496,0.0,0.2,0.2,20.249999999999996,0.8,0.8,900.0,0.007,0.0,20,0.5,0.019828097,0.02548943149936556
7.056,900.2284184768844,0.08228179135798142,0.0,0.2,0.2,20.249999999999996,0.8,0.8,900.0,0.007,0.0,20,0.5,0.022046092,0.02548942545478368
7.063,900.2284184183289,0.0825304551298652,0.0,0.2,0.2,20.249999999999996,0.8,0.8,900.0,0.007,0.0,20,0.5,0.019253044,0.025489419439675594
7.07,900.2284183601433,0.08278056296143921,0.0,0.2,0.2,20.249999999999996,0.8,0.8,900.0,0.007,0.0,20,0.5,0.01873904,0.025489413428447728
7.077,900.2284183021044,0.08303207561589475,0.0,0.2,0.2,20.249999999999996,0.8,0.8,900.0,0.007,0.0,20,0.5,0.022284823,0.025489407398087634
7.0840000000000005,900.2284182440114,0.0832849517103124,0.0,0.2,0.2,20.249999999999996,0.8,0.8,900.0,0.007,0.0,20,0.5,0.01866849,0.025489401326110356
7.091,900.2284181856724,0.083539147885684,0.0,0.2,0.2,20.249999999999996,0.8,0.8,900.0,0.007,0.0,20,0.5,0.019058003,0.0254893951915327
7.098,900.2284181269067,0.08379461893838071,0.0,0.2,0.2,20.249999999999996,0.8,0.8,900.0,0.007,0.0,20,0.5,0.022314443,0.02548938897962864
7.105,900.2284180677459,0.08405131762107289,0.0,0.2,0.2,20.249999999999996,0.8,0.8,900.0,0.007,0.0,20,0.5,0.019277164,0.0254893827061709
7.112,900.2284180083494,0.08430918451988939,0.0,0.2,0.2,20.249999999999996,0.8,0.8,900.0,0.007,0.0,20,0.5,0.019377115,0.025489376391302963
7.119,900.2284179496047,0.08456814825707969,0.0,0.2,0.2,20.249999999999996,0.8,0.8,900.0,0.007,0.0,20,0.5,0.021941032,0.025489370162390064
7.126,900.2284178921805,0.08482808874325233,0.0,0.2,0.2,20.249999999999996,0.8,0.8,900.0,0.007,0.0,20,0.5,0.019150273,0.025489364121047655
7.133,900.2284178366026,0.0850888725334989,0.0,0.2,0.2,20.249999999999996,0.8,0.8,900.0,0.007,0.0,20,0.5,0.019133173,0.0254893583220892
7.140000000000001,900.228417783527,0.0853503635862868,0.0,0.2,0.2,20.249999999999996,0.8,0.8,900.0,0.007,0.0,20,0.5,0.022035391,0.025489352803317215
7.147,900.2284177333071,0.08561241339569511,0.0,0.2,0.2,20.249999999999996,0.8,0.8,900.0,0.007,0.0,20,0.5,0.019296064,0.025489347565481456
7.154,900.228417685809,0.0858748651849328,0.0,0.2,0.2,20.249999999999996,0.8,0.8,900.0,0.007,0.0,20,0.5,0.019123343,0.02548934257905801
7.1610000000000005,900.2284176407762,0.08613755964186408,0.0,0.2,0.2,20.249999999999996,0.8,0.8,900.0,0.007,0.0,20,0.5,0.022598455,0.025489337805685495
7.168,900.228417597852,0.08640033607862656,0.0,0.2,0.2,20.249999999999996,0.8,0.8,900.0,0.007,0.0,20,0.5,0.018814821,0.025489333198302204
7.175,900.2284175568404,0.08666303276430024,0.0,0.2,0.2,20.249999999999996,0.8,0.8,900.0,0.007,0.0,20,0.5,0.018994573,0.025489328720292862
7.182,900.2284175175766,0.08692547396288328,0.0,0.2,0.2,20.249999999999996,0.8,0.8,900.0,0.007,0.0,20,0.5,0.022309514,0.025489324325600082
7.189,900.2284174793588,0.08718747144397629,0.0,0.2,0.2,20.249999999999996,0.8,0.8,900.0,0.007,0.0,20,0.5,0.018936822,0.02548931996705986
7.196,900.2284174420855,0.08744883429106608,0.0,0.2,0.2,20.249999999999996,0.8,0.8,900.0,0.007,0.0,20,0.5,0.019328675,0.025489315634345137
7.203,900.2284174053603,0.0877093667604485,0.0,0.2,0.2,20.249999999999996,0.8,0.8,900.0,0.007,0.0,20,0.5,0.022623125,0.02548931129883882
7.21,900.2284173688374,0.08796887286736227,0.0,0.2,0.2,20.249999999999996,0.8,0.8,900.0,0.007,0.0,20,0.5,0.018997722,0.02548930692889935
7.2170000000000005,900.228417332244,0.08822715685158597,0.0,0.2,0.2,20.249999999999996,0.8,0.8,900.0,0.007,0.0,20,0.5,0.019306174,0.0254893024994175
7.224,900.22841729536,0.08848402348062481,0.0,0.2,0.2,20.249999999999996,0.8,0.8,900.0,0.007,0.0,20,0.5,0.021900401,0.025489297990702677
7.231,900.2284172580102,0.08873927850156267,0.0,0.2,0.2,20.249999999999996,0.8,0.8,900.0,0.007,0.0,20,0.5,0.019345045,0.025489293384787767
7.238,900.2284172200698,0.08899272898134135,0.0,0.2,0.2,20.249999999999996,0.8,0.8,900.0,0.007,0.0,20,0.5,0.019165434,0.02548928866065929
7.245,900.2284171812869,0.08924418358606334,0.0,0.2,0.2,20.249999999999996,0.8,0.8,900.0,0.007,0.0,20,0.5,0.021963581,0.025489283797211278
7.252,900.2284171415073,0.08949345386910933,0.0,0.2,0.2,20.249999999999996,0.8,0.8,900.0,0.007,0.0,20,0.5,0.019074493,0.025489278782302074
7.259,900.2284171007514,0.08974035064994729,0.0,0.2,0.2,20.249999999999996,0.8,0.8,900.0,0.007,0.0,20,0.5,0.019261684,0.025489273627465295
7.266,900.228417059018,0.08998467681329267,0.0,0.2,0.2,20.249999999999996,0.8,0.8,900.0,0.007,0.0,20,0.5,0.022397914,0.02548926832153542
7.273000000000001,900.2284170161636,0.09022623574326631,0.0,0.2,0.2,20.249999999999996,0.8,0.8,900.0,0.007,0.0,20,0.5,0.019176313,0.025489262847800457
7.28,900.2284169720217,0.09046483353073054,0.0,0.2,0.2,20.249999999999996,0.8,0.8,900.0,0.007,0.0,20,0.5,0.019067503,0.025489257190843457
7.287,900.2284169266218,0.09070028058411451,0.0,0.2,0.2,20.249999999999996,0.8,0.8,900.0,0.007,0.0,20,0.5,0.02167236,0.025489251359507265
7.2940000000000005,900.2284168804309,0.09093238735438632,0.0,0.2,0.2,20.249999999999996,0.8,0.8,900.0,0.007,0.0,20,0.5,0.019198614,0.02548924538136827
7.301,900.2284168331585,0.09116096156679435,0.0,0.2,0.2,20.249999999999996,0.8,0.8,900.0,0.007,0.0,20,0.5,0.019134964,0.025489239239112203
7.308,900.2284167847962,0.0913858117069965,0.0,0.2,0.2,20.249999999999996,0.8,0.8,900.0,0.007,0.0,20,0.5,0.022645045,0.02548923296315592
7.315,900.2284167354669,0.0916067420729389,0.0,0.2,0.2,20.249999999999996,0.8,0.8,900.0,0.007,0.0,20,0.5,0.01867711,0.025489226571159998
7.322,900.2284166853252,0.09182356131153627,0.0,0.2,0.2,20.249999999999996,0.8,0.8,900.0,0.007,0.0,20,0.5,0.018976682,0.02548922007472755
7.329,900.228416634487,0.09203608262761132,0.0,0.2,0.2,20.249999999999996,0.8,0.8,900.0,0.007,0.0,20,0.5,0.021950591,0.02548921347785164
7.336,900.2284165829702,0.09224412326072512,0.0,0.2,0.2,20.249999999999996,0.8,0.8,900.0,0.007,0.0,20,0.5,0.01874575,0.02548920677296484
7.343,900.2284165307091,0.0924475062037291,0.0,0.2,0.2,20.249999999999996,0.8,0.8,900.0,0.007,0.0,20,0.5,0.019446445,0.025489199945199634
7.3500000000000005,900.2284164775557,0.09264606030179308,0.0,0.2,0.2,20.249999999999996,0.8,0.8,900.0,0.007,0.0,20,0.5,0.022400884,0.025489192976587707
7.357,900.2284164233262,0.09283961884770099,0.0,0.2,0.2,20.249999999999996,0.8,0.8,900.0,0.007,0.0,20,0.5,0.018872542,0.02548918584081449
7.364,900.2284163678506,0.093028021757201,0.0,0.2,0.2,20.249999999999996,0.8,0.8,900.0,0.007,0.0,20,0.5,0.019197194,0.025489178521989377
7.371,900.2284163110902,0.09321110916961378,0.0,0.2,0.2,20.249999999999996,0.8,0.8,900.0,0.007,0.0,20,0.5,0.022376564,0.025489171004489466
7.378,900.2284162529259,0.09338872016102433,0.0,0.2,0.2,20.249999999999996,0.8,0.8,900.0,0.007,0.0,20,0.5,0.018874091,0.02548916325313891
7.385,900.228416193055,0.09356069703421155,0.0,0.2,0.2,20.249999999999996,0.8,0.8,900.0,0.007,0.0,20,0.5,0.019212523,0.025489155243894154
7.392,900.2284161318712,0.0937268832743608,0.0,0.2,0.2,20.249999999999996,0.8,0.8,900.0,0.007,0.0,20,0.5,0.022186242,0.025489146981487937
7.399,900.2284160685919,0.09388711901367344,0.0,0.2,0.2,20.249999999999996,0.8,0.8,900.0,0.007,0.0,20,0.5,0.018980872,0.025489138446305324
7.406000000000001,900.2284160030789,0.09404125053826215,0.0,0.2,0.2,20.249999999999996,0.8,0.8,900.0,0.007,0.0,20,0.5,0.019302285,0.025489129625975007
7.413,900.2284159351618,0.09418912888569851,0.0,0.2,0.2,20.249999999999996,0.8,0.8,900.0,0.007,0.0,20,0.5,0.022389885,0.025489120492968816
7.42,900.2284158645801,0.09433061232741075,0.0,0.2,0.2,20.249999999999996,0.8,0.8,900.0,0.007,0.0,20,0.5,0.019147643,0.02548911101766471
7.4270000000000005,900.2284157910753,0.09446556656813682,0.0,0.2,0.2,20.249999999999996,0.8,0.8,900.0,0.007,0.0,20,0.5,0.018992093,0.025489101174538963
7.434,900.22841571448,0.09459386448904368,0.0,0.2,0.2,20.249999999999996,0.8,0.8,900.0,0.007,0.0,20,0.5,0.022206003,0.025489090950209882
7.441,900.2284156346439,0.09471538499059444,0.0,0.2,0.2,20.249999999999996,0.8,0.8,900.0,0.007,0.0,20,0.5,0.019090403,0.025489080328775632
7.448,900.228415551372,0.09483001379994699,0.0,0.2,0.2,20.249999999999996,0.8,0.8,900.0,0.007,0.0,20,0.5,0.019073093,0.02548906929342607
7.455,900.2284154645128,0.09493764378423868,0.0,0.2,0.2,20.249999999999996,0.8,0.8,900.0,0.007,0.0,20,0.5,0.022305544,0.025489057833276835
7.462,900.228415373962,0.09503817524850029,0.0,0.2,0.2,20.249999999999996,0.8,0.8,900.0,0.007,0.0,20,0.5,0.019519166,0.025489045943591193
7.469,900.2284152796663,0.09513151597521706,0.0,0.2,0.2,20.249999999999996,0.8,0.8,900.0,0.007,0.0,20,0.5,0.019778218,0.02548903362445079
7.476,900.228415181626,0.09521758098950688,0.0,0.2,0.2,20.249999999999996,0.8,0.8,900.0,0.007,0.0,20,0.5,0.02183006,0.02548902087981021
7.4830000000000005,900.2284150798745,0.09529629227973983,0.0,0.2,0.2,20.249999999999996,0.8,0.8,900.0,0.007,0.0,20,0.5,0.019559166,0.025489007714296397
7.49,900.2284149744472,0.09536757885811825,0.0,0.2,0.2,20.249999999999996,0.8,0.8,900.0,0.007,0.0,20,0.5,0.019239954,0.025488994133823436
7.497,900.2284148653773,0.09543137676689796,0.0,0.2,0.2,20.249999999999996,0.8,0.8,900.0,0.007,0.0,20,0.5,0.022175532,0.025488980144959327
7.5040000000000004,900.2284147527341,0.09548762919387534,0.0,0.2,0.2,20.249999999999996,0.8,0.8,900.0,0.007,0.0,20,0.5,0.019222224,0.025488965758062206
7.511,900.2284146366057,0.09553628555058796,0.0,0.2,0.2,20.249999999999996,0.8,0.8,900.0,0.007,0.0,20,0.5,0.019207473,0.02548895098460628
7.518,900.2284145170676,0.09557730180330695,0.0,0.2,0.2,20.249999999999996,0.8,0.8,900.0,0.007,0.0,20,0.5,0.022080972,0.025488935835002214
7.525,900.2284143942088,0.09561064069937676,0.0,0.2,0.2,20.249999999999996,0.8,0.8,900.0,0.007,0.0,20,0.5,0.018917431,0.02548892031130304
7.532,900.2284142680338,0.09563627148950386,0.0,0.2,0.2,20.249999999999996,0.8,0.8,900.0,0.007,0.0,20,0.5,0.018864951,0.025488904411116692
7.539000000000001,900.22841413852,0.09565416975734173,0.0,0.2,0.2,20.249999999999996,0.8,0.8,900.0,0.007,0.0,20,0.5,0.021579909,0.025488888131116397
7.546,900.2284140056414,0.09566431719830014,0.0,0.2,0.2,20.249999999999996,0.8,0.8,900.0,0.007,0.0,20,0.5,0.018943372,0.025488871468308576
7.553,900.2284138695582,0.09566670133846858,0.0,0.2,0.2,20.249999999999996,0.8,0.8,900.0,0.007,0.0,20,0.5,0.019412175,0.02548885448344427
7.5600000000000005,900.228413731964,0.0956612906047371,0.0,0.2,0.2,20.249999999999996,0.8,0.8,900.0,0.007,0.0,20,0.5,0.021529188,0.02548883741992901
7.567,900.2284135937854,0.09564798903578364,0.0,0.2,0.2,20.249999999999996,0.8,0.8,900.0,0.007,0.0,20,0.5,0.018782881,0.025488820300362116
7.574,900.2284134551428,0.09562670244404313,0.0,0.2,0.2,20.249999999999996,0.8,0.8,900.0,0.007,0.0,20,0.5,0.018876401,0.025488803121993208
7.581,900.2284133159325,0.09559734232051105,0.0,0.2,0.2,20.249999999999996,0.8,0.8,900.0,0.007,0.0,20,0.5,0.021913201,0.025488785869778312
7.588,900.2284131759892,0.09555982793657701,0.0,0.2,0.2,20.249999999999996,0.8,0.8,900.0,0.007,0.0,20,0.5,0.018916822,0.025488768522491857
7.595,900.22841303516,0.09551408736577288,0.0,0.2,0.2,20.249999999999996,0.8,0.8,900.0,0.007,0.0,20,0.5,0.019137883,0.025488751049235755
7.602,900.2284128931339,0.09546005664785547,0.0,0.2,0.2,20.249999999999996,0.8,0.8,900.0,0.007,0.0,20,0.5,0.021584709,0.025488733402478172
7.609,900.2284127495583,0.09539767840802549,0.0,0.2,0.2,20.249999999999996,0.8,0.8,900.0,0.007,0.0,20,0.5,0.018816901,0.025488715533332686
7.6160000000000005,900.2284126039036,0.09532689829056358,0.0,0.2,0.2,20.249999999999996,0.8,0.8,900.0,0.007,0.0,20,0.5,0.019511095,0.025488697390624804
7.623,900.2284124556927,0.09524766889917279,0.0,0.2,0.2,20.249999999999996,0.8,0.8,900.0,0.007,0.0,20,0.5,0.022108252,0.02548867894151719
7.63,900.2284123046421,0.09515995011915987,0.0,0.2,0.2,20.249999999999996,0.8,0.8,900.0,0.007,0.0,20,0.5,0.018684921,0.025488660181022922
7.6370000000000005,900.2284121506876,0.09506370856757168,0.0,0.2,0.2,20.249999999999996,0.8,0.8,900.0,0.007,0.0,20,0.5,0.018810771,0.025488641131351495
7.644,900.2284119940153,0.09495891799863666,0.0,0.2,0.2,20.249999999999996,0.8,0.8,900.0,0.007,0.0,20,0.5,0.021945771,0.02548862184294647
7.651,900.2284118350982,0.09484555913287693,0.0,0.2,0.2,20.249999999999996,0.8,0.8,900.0,0.007,0.0,20,0.5,0.018765571,0.025488602401474398
7.658,900.2284116748045,0.09472361690878359,0.0,0.2,0.2,20.249999999999996,0.8,0.8,900.0,0.007,0.0,20,0.5,0.019349835,0.02548858292409862
7.665,900.2284115141907,0.09459307601980732,0.0,0.2,0.2,20.249999999999996,0.8,0.8,900.0,0.007,0.0,20,0.5,0.021899051,0.025488563549947888
7.672000000000001,900.228411354492,0.09445392023657816,0.0,0.2,0.2,20.249999999999996,0.8,0.8,900.0,0.007,0.0,20,0.5,0.018922251,0.02548854445016987
7.679,900.2284111971549,0.09430613314767755,0.0,0.2,0.2,20.249999999999996,0.8,0.8,900.0,0.007,0.0,20,0.5,0.019367635,0.02548852578945327
7.686,900.2284110436666,0.09414970326133607,0.0,0.2,0.2,20.249999999999996,0.8,0.8,900.0,0.007,0.0,20,0.5,0.022004132,0.025488507748139187
7.6930000000000005,900.2284108963177,0.0939846180652321,0.0,0.2,0.2,20.249999999999996,0.8,0.8,900.0,0.007,0.0,20,0.5,0.019019412,0.02548849066367051
7.7,900.2284107576743,0.09381084168037201,0.0,0.2,0.2,20.249999999999996,0.8,0.8,900.0,0.007,0.0,20,0.5,0.019090633,0.02548847475295789
7.707,900.2284106293623,0.09362833376675483,0.0,0.2,0.2,20.249999999999996,0.8,0.8,900.0,0.007,0.0,20,0.5,0.021591519,0.02548846012480895
7.714,900.2284105124136,0.09343706021075415,0.0,0.2,0.2,20.249999999999996,0.8,0.8,900.0,0.007,0.0,20,0.5,0.018797651,0.025488446852735647
7.721,900.2284104076268,0.0932369902574049,0.0,0.2,0.2,20.249999999999996,0.8,0.8,900.0,0.007,0.0,20,0.5,0.018972982,0.0254884349983516
7.728,900.2284103154167,0.09302809213688873,0.0,0.2,0.2,20.249999999999996,0.8,0.8,900.0,0.007,0.0,20,0.5,0.022024201,0.025488424553949392
7.735,900.2284102359331,0.0928103334808295,0.0,0.2,0.2,20.249999999999996,0.8,0.8,900.0,0.007,0.0,20,0.5,0.018841851,0.025488415480692538
7.742,900.2284101686653,0.092583674452267,0.0,0.2,0.2,20.249999999999996,0.8,0.8,900.0,0.007,0.0,20,0.5,0.019994188,0.025488407702149822
7.7490000000000006,900.2284101129014,0.09234807363765461,0.0,0.2,0.2,20.249999999999996,0.8,0.8,900.0,0.007,0.0,20,0.5,0.022091703,0.025488401125591285
7.756,900.2284100677222,0.09210349360929934,0.0,0.2,0.2,20.249999999999996,0.8,0.8,900.0,0.007,0.0,20,0.5,0.018701761,0.025488395641007768
7.763,900.2284100322465,0.09184990338037981,0.0,0.2,0.2,20.249999999999996,0.8,0.8,900.0,0.007,0.0,20,0.5,0.018826401,0.02548839116898364
7.7700000000000005,900.2284100056911,0.09158726901038998,0.0,0.2,0.2,20.249999999999996,0.8,0.8,900.0,0.007,0.0,20,0.5,0.021887081,0.025488387639736713
7.777,900.2284099872685,0.09131556022640254,0.0,0.2,0.2,20.249999999999996,0.8,0.8,900.0,0.007,0.0,20,0.5,0.018823001,0.025488384979598985
7.784,900.2284099763128,0.09103475658322689,0.0,0.2,0.2,20.249999999999996,0.8,0.8,900.0,0.007,0.0,20,0.5,0.020200269,0.025488383143152077
7.791,900.2284099724093,0.09074484776355662,0.0,0.2,0.2,20.249999999999996,0.8,0.8,900.0,0.007,0.0,20,0.5,0.022126012,0.02548838211681109
7.798,900.2284099754173,0.0904458339180132,0.0,0.2,0.2,20.249999999999996,0.8,0.8,900.0,0.007,0.0,20,0.5,0.018988272,0.025488381912959334
7.805000000000001,900.2284099854357,0.09013772592268669,0.0,0.2,0.2,20.249999999999996,0.8,0.8,900.0,0.007,0.0,20,0.5,0.019199404,0.025488382559631238
7.812,900.2284100026972,0.08982054555430789,0.0,0.2,0.2,20.249999999999996,0.8,0.8,900.0,0.007,0.0,20,0.5,0.02181566,0.025488384093254855
7.819,900.2284100275459,0.08949432565929616,0.0,0.2,0.2,20.249999999999996,0.8,0.8,900.0,0.007,0.0,20,0.5,0.019490876,0.025488386557936563
7.8260000000000005,900.2284100603423,0.08915910903003567,0.0,0.2,0.2,20.249999999999996,0.8,0.8,900.0,0.007,0.0,20,0.5,0.018972422,0.025488389992709196
7.833,900.2284101014172,0.08881495012502408,0.0,0.2,0.2,20.249999999999996,0.8,0.8,900.0,0.007,0.0,20,0.5,0.022168792,0.025488394427106077
7.84,900.2284101510222,0.08846191568507221,0.0,0.2,0.2,20.249999999999996,0.8,0.8,900.0,0.007,0.0,20,0.5,0.018526229,0.02548839987769977
7.847,900.2284102093097,0.08810008493033891,0.0,0.2,0.2,20.249999999999996,0.8,0.8,900.0,0.007,0.0,20,0.5,0.018943662,0.025488406348150666
7.854,900.2284102763153,0.08772954941456683,0.0,0.2,0.2,20.249999999999996,0.8,0.8,900.0,0.007,0.0,20,0.5,0.02190235,0.025488413828061437
7.861,900.2284103519552,0.08735041309020458,0.0,0.2,0.2,20.249999999999996,0.8,0.8,900.0,0.007,0.0,20,0.5,0.018895552,0.02548842229220231
7.868,900.2284104359632,0.08696279244299898,0.0,0.2,0.2,20.249999999999996,0.8,0.8,900.0,0.007,0.0,20,0.5,0.018912492,0.0254884317043191
7.875,900.2284105279945,0.08656681691788234,0.0,0.2,0.2,20.249999999999996,0.8,0.8,900.0,0.007,0.0,20,0.5,0.021963621,0.025488442018422323
7.882000000000001,900.2284106277264,0.08616262932028135,0.0,0.2,0.2,20.249999999999996,0.8,0.8,900.0,0.007,0.0,20,0.5,0.018756131,0.025488453205735714
7.889,900.2284107348822,0.0857503783341815,0.0,0.2,0.2,20.249999999999996,0.8,0.8,900.0,0.007,0.0,20,0.5,0.019238744,0.02548846521399851
7.896,900.2284108488686,0.08533022284037432,0.0,0.2,0.2,20.249999999999996,0.8,0.8,900.0,0.007,0.0,20,0.5,0.022500825,0.025488477955442516
7.9030000000000005,900.2284109689233,0.08490233631506319,0.0,0.2,0.2,20.249999999999996,0.8,0.8,900.0,0.007,0.0,20,0.5,0.018961533,0.025488491341944104
7.91,900.228411094249,0.08446690577719522,0.0,0.2,0.2,20.249999999999996,0.8,0.8,900.0,0.007,0.0,20,0.5,0.019496075,0.025488505288588804
7.917,900.2284112240552,0.08402413224066484,0.0,0.2,0.2,20.249999999999996,0.8,0.8,900.0,0.007,0.0,20,0.5,0.022008682,0.025488519717901184
7.924,900.2284113576536,0.083574231159943,0.0,0.2,0.2,20.249999999999996,0.8,0.8,900.0,0.007,0.0,20,0.5,0.01867855,0.025488534568800167
7.931,900.2284114944905,0.08311743258466214,0.0,0.2,0.2,20.249999999999996,0.8,0.8,900.0,0.007,0.0,20,0.5,0.019190034,0.025488549797588723
7.938,900.2284116341965,0.08265398092524695,0.0,0.2,0.2,20.249999999999996,0.8,0.8,900.0,0.007,0.0,20,0.5,0.022340614,0.025488565378506776
7.945,900.2284117765432,0.0821841340420687,0.0,0.2,0.2,20.249999999999996,0.8,0.8,900.0,0.007,0.0,20,0.5,0.01879429,0.025488581300126777
7.952,900.2284119214213,0.0817081630446965,0.0,0.2,0.2,20.249999999999996,0.8,0.8,900.0,0.007,0.0,20,0.5,0.019089213,0.025488597563168125
7.9590000000000005,900.228412068849,0.08122635203435719,0.0,0.2,0.2,20.249999999999996,0.8,0.8,900.0,0.007,0.0,20,0.5,0.022115392,0.02548861417943381
7.966,900.2284122189347,0.08073899733033449,0.0,0.2,0.2,20.249999999999996,0.8,0.8,900.0,0.007,0.0,20,0.5,0.019364964,0.025488631166162772
7.973,900.2284123718364,0.08024640714855939,0.0,0.2,0.2,20.249999999999996,0.8,0.8,900.0,0.007,0.0,20,0.5,0.018793171,0.025488648542600988
7.98,900.2284125277023,0.07974890127190029,0.0,0.2,0.2,20.249999999999996,0.8,0.8,900.0,0.007,0.0,20,0.5,0.022238573,0.025488666322983782
7.987,900.2284126866798,0.07924681169671187,0.0,0.2,0.2,20.249999999999996,0.8,0.8,900.0,0.007,0.0,20,0.5,0.01868491,0.02548868452025135
7.994,900.2284128489489,0.07874048063180362,0.0,0.2,0.2,20.249999999999996,0.8,0.8,900.0,0.007,0.0,20,0.5,0.018995933,0.02548870315443478
8.001,900.2284130148399,0.0782302557586004,0.0,0.2,0.2,20.249999999999996,0.8,0.8,900.0,0.007,0.0,20,0.5,0.022155412,0.02548872226789298
8.008000000000001,900.2284131847999,0.07771648223504875,0.0,0.2,0.2,20.249999999999996,0.8,0.8,900.0,0.007,0.0,20,0.5,0.018944192,0.025488741895278985
8.015,900.2284133590537,0.0771995032867526,0.0,0.2,0.2,20.249999999999996,0.8,0.8,900.0,0.007,0.0,20,0.5,0.019127543,0.02548876203930091
8.022,900.2284135376748,0.07667966586451445,0.0,0.2,0.2,20.249999999999996,0.8,0.8,900.0,0.007,0.0,20,0.5,0.02183488,0.025488782728622993
8.029,900.2284137208171,0.07615731881063635,0.0,0.2,0.2,20.249999999999996,0.8,0.8,900.0,0.007,0.0,20,0.5,0.01874643,0.02548880396684854
8.036,900.2284139085352,0.07563281376441953,0.0,0.2,0.2,20.249999999999996,0.8,0.8,900.0,0.007,0.0,20,0.5,0.01877492,0.02548882573469776
8.043000000000001,900.2284141006223,0.07510650457161211,0.0,0.2,0.2,20.249999999999996,0.8,0.8,900.0,0.007,0.0,20,0.5,0.023023928,0.025488847979305482
8.05,900.2284142965962,0.07457874983796649,0.0,0.2,0.2,20.249999999999996,0.8,0.8,900.0,0.007,0.0,20,0.5,0.019095542,0.025488870629182904
8.057,900.228414495825,0.07404991195175459,0.0,0.2,0.2,20.249999999999996,0.8,0.8,900.0,0.007,0.0,20,0.5,0.018850191,0.02548889360466709
8.064,900.2284146976274,0.07352035445370993,0.0,0.2,0.2,20.249999999999996,0.8,0.8,900.0,0.007,0.0,20,0.5,0.022515485,0.025488916819396017
8.071,900.2284149012173,0.07299044309105727,0.0,0.2,0.2,20.249999999999996,0.8,0.8,900.0,0.007,0.0,20,0.5,0.019436195,0.025488940182619386
8.078,900.2284151057808,0.07246054538119762,0.0,0.2,0.2,20.249999999999996,0.8,0.8,900.0,0.007,0.0,20,0.5,0.018914162,0.02548896360363465
8.085,900.2284153105372,0.07193102976715307,0.0,0.2,0.2,20.249999999999996,0.8,0.8,900.0,0.007,0.0,20,0.5,0.022143972,0.025488986995608406
8.092,900.2284155147536,0.07140226456434831,0.0,0.2,0.2,20.249999999999996,0.8,0.8,900.0,0.007,0.0,20,0.5,0.0186133,0.025489010277774282
8.099,900.2284157177073,0.07087461660226106,0.0,0.2,0.2,20.249999999999996,0.8,0.8,900.0,0.007,0.0,20,0.5,0.019129803,0.025489033374093233
8.106,900.2284159187212,0.07034845022072711,0.0,0.2,0.2,20.249999999999996,0.8,0.8,900.0,0.007,0.0,20,0.5,0.021889611,0.02548905621435834
8.113,900.2284161171942,0.06982412687053258,0.0,0.2,0.2,20.249999999999996,0.8,0.8,900.0,0.007,0.0,20,0.5,0.018934402,0.02548907873641111
8.120000000000001,900.228416312699,0.06930200348067925,0.0,0.2,0.2,20.249999999999996,0.8,0.8,900.0,0.007,0.0,20,0.5,0.018943752,0.025489100887825685
8.127,900.2284165046555,0.06878242997528457,0.0,0.2,0.2,20.249999999999996,0.8,0.8,900.0,0.007,0.0,20,0.5,0.022263123,0.02548912261312486
8.134,900.2284166925925,0.0682657506922363,0.0,0.2,0.2,20.249999999999996,0.8,0.8,900.0,0.007,0.0,20,0.5,0.019173223,0.02548914386179517
8.141,900.2284168761307,0.06775230312512956,0.0,0.2,0.2,20.249999999999996,0.8,0.8,900.0,0.007,0.0,20,0.5,0.019372015,0.025489164586198217
8.148,900.2284170548021,0.06724241630985124,0.0,0.2,0.2,20.249999999999996,0.8,0.8,900.0,0.007,0.0,20,0.5,0.021944372,0.025489184735438992
8.155,900.2284172281501,0.06673641052883861,0.0,0.2,0.2,20.249999999999996,0.8,0.8,900.0,0.007,0.0,20,0.5,0.019239903,0.025489204260540688
8.162,900.2284173957684,0.06623459738338706,0.0,0.2,0.2,20.249999999999996,0.8,0.8,900.0,0.007,0.0,20,0.5,0.019363755,0.02548922312403661
8.169,900.2284175573036,0.06573727857687908,0.0,0.2,0.2,20.249999999999996,0.8,0.8,900.0,0.007,0.0,20,0.5,0.022150483,0.02548924129274629
8.176,900.2284177124748,0.0652447465432093,0.0,0.2,0.2,20.249999999999996,0.8,0.8,900.0,0.007,0.0,20,0.5,0.019425645,0.02548925874320539
8.183,900.228417861084,0.06475728403425694,0.0,0.2,0.2,20.249999999999996,0.8,0.8,900.0,0.007,0.0,20,0.5,0.019230473,0.025489275466532967
8.19,900.228418003067,0.06427516331839621,0.0,0.2,0.2,20.249999999999996,0.8,0.8,900.0,0.007,0.0,20,0.5,0.022167822,0.025489291467385797
8.197000000000001,900.2284181384723,0.06379864588147653,0.0,0.2,0.2,20.249999999999996,0.8,0.8,900.0,0.007,0.0,20,0.5,0.019203763,0.02548930676422475
8.204,900.2284182674915,0.06332798205529466,0.0,0.2,0.2,20.249999999999996,0.8,0.8,900.0,0.007,0.0,20,0.5,0.019309954,0.025489321391289083
8.211,900.2284183904499,0.06286341030976318,0.0,0.2,0.2,20.249999999999996,0.8,0.8,900.0,0.007,0.0,20,0.5,0.022344953,0.025489335397816695
8.218,900.2284185077987,0.06240515631909478,0.0,0.2,0.2,20.249999999999996,0.8,0.8,900.0,0.007,0.0,20,0.5,0.019324664,0.025489348843123715
8.225,900.2284186200818,0.06195343296781914,0.0,0.2,0.2,20.249999999999996,0.8,0.8,900.0,0.007,0.0,20,0.5,0.018929971,0.025489361789638294
8.232,900.2284187278361,0.06150844035875765,0.0,0.2,0.2,20.249999999999996,0.8,0.8,900.0,0.007,0.0,20,0.5,0.022106782,0.025489374292897323
8.239,900.2284188315747,0.06107036653685877,0.0,0.2,0.2,20.249999999999996,0.8,0.8,900.0,0.007,0.0,20,0.5,0.019489675,0.02548938640435019
8.246,900.2284189318132,0.060639386658185905,0.0,0.2,0.2,20.249999999999996,0.8,0.8,900.0,0.007,0.0,20,0.5,0.019172333,0.02548939817340059
8.253,900.2284190290458,0.06021566197322779,0.0,0.2,0.2,20.249999999999996,0.8,0.8,900.0,0.007,0.0,20,0.5,0.022231523,0.025489409643149205
8.26,900.2284191237327,0.059799338326181256,0.0,0.2,0.2,20.249999999999996,0.8,0.8,900.0,0.007,0.0,20,0.5,0.019126173,0.02548942084837834
8.267,900.2284192160888,0.0593905457839163,0.0,0.2,0.2,20.249999999999996,0.8,0.8,900.0,0.007,0.0,20,0.5,0.019036752,0.025489431805137394
8.274000000000001,900.2284193062434,0.05898940035875147,0.0,0.2,0.2,20.249999999999996,0.8,0.8,900.0,0.007,0.0,20,0.5,0.022561616,0.025489442512247024
8.281,900.2284193942188,0.058596004409560025,0.0,0.2,0.2,20.249999999999996,0.8,0.8,900.0,0.007,0.0,20,0.5,0.019072972,0.025489452958225432
8.288,900.2284194799165,0.05821044655559539,0.0,0.2,0.2,20.249999999999996,0.8,0.8,900.0,0.007,0.0,20,0.5,0.019255294,0.02548946312357982
8.295,900.2284195631798,0.057832802156857294,0.0,0.2,0.2,20.249999999999996,0.8,0.8,900.0,0.007,0.0,20,0.5,0.022252183,0.025489472984655755
8.302,900.2284196437871,0.057463133455996435,0.0,0.2,0.2,20.249999999999996,0.8,0.8,900.0,0.007,0.0,20,0.5,0.020354571,0.025489482523149535
8.309000000000001,900.228419721576,0.05710148861581664,0.0,0.2,0.2,20.249999999999996,0.8,0.8,900.0,0.007,0.0,20,0.5,0.019236804,0.025489491725838923
8.316,900.2284197964434,0.056747902617782696,0.0,0.2,0.2,20.249999999999996,0.8,0.8,900.0,0.007,0.0,20,0.5,0.022165643,0.02548950058345632
8.323,900.2284198683706,0.05640239810421929,0.0,0.2,0.2,20.249999999999996,0.8,0.8,900.0,0.007,0.0,20,0.5,0.019331734,0.025489509095780027
8.33,900.2284199373194,0.05606498484779594,0.0,0.2,0.2,20.249999999999996,0.8,0.8,900.0,0.007,0.0,20,0.5,0.019274454,0.025489517269506413
8.337,900.2284200033454,0.055735660928384854,0.0,0.2,0.2,20.249999999999996,0.8,0.8,900.0,0.007,0.0,20,0.5,0.021766349,0.025489525122861068
8.344,900.2284200666026,0.05541441301683801,0.0,0.2,0.2,20.249999999999996,0.8,0.8,900.0,0.007,0.0,20,0.5,0.018987842,0.02548953268737588
8.351,900.2284201273686,0.055101216907522836,0.0,0.2,0.2,20.249999999999996,0.8,0.8,900.0,0.007,0.0,20,0.5,0.019279453,0.025489540006498248
8.358,900.2284201860465,0.05479603801838804,0.0,0.2,0.2,20.249999999999996,0.8,0.8,900.0,0.007,0.0,20,0.5,0.022399024,0.025489547133022376
8.365,900.2284202431289,0.05449883154572723,0.0,0.2,0.2,20.249999999999996,0.8,0.8,900.0,0.007,0.0,20,0.5,0.019126063,0.02548955412952427
8.372,900.2284202992317,0.05420954274216768,0.0,0.2,0.2,20.249999999999996,0.8,0.8,900.0,0.007,0.0,20,0.5,0.018913512,0.025489561065335068
8.379,900.2284203549325,0.05392810705314469,0.0,0.2,0.2,20.249999999999996,0.8,0.8,900.0,0.007,0.0,20,0.5,0.022636375,0.025489568004492234
8.386000000000001,900.2284204108084,0.05365445050049487,0.0,0.2,0.2,20.249999999999996,0.8,0.8,900.0,0.007,0.0,20,0.5,0.019446815,0.02548957500666961
8.393,900.2284204673666,0.05338848999115519,0.0,0.2,0.2,20.249999999999996,0.8,0.8,900.0,0.007,0.0,20,0.5,0.019053012,0.025489582123685378
8.4,900.2284205250962,0.05313013469177636,0.0,0.2,0.2,20.249999999999996,0.8,0.8,900.0,0.007,0.0,20,0.5,0.021806901,0.02548958939954918
8.407,900.2284205843829,0.05287928569077587,0.0,0.2,0.2,20.249999999999996,0.8,0.8,900.0,0.007,0.0,20,0.5,0.018841062,0.02548959686540945
8.414,900.2284206454992,0.05263583711353465,0.0,0.2,0.2,20.249999999999996,0.8,0.8,900.0,0.007,0.0,20,0.5,0.019943968,0.025489604541836873
8.421,900.2284207086207,0.0523996770475256,0.0,0.2,0.2,20.249999999999996,0.8,0.8,900.0,0.007,0.0,20,0.5,0.022400724,0.025489612438466577
8.428,900.2284207738281,0.052170688302436576,0.0,0.2,0.2,20.249999999999996,0.8,0.8,900.0,0.007,0.0,20,0.5,0.019291504,0.02548962055339145
8.435,900.2284208411072,0.05194874903805797,0.0,0.2,0.2,20.249999999999996,0.8,0.8,900.0,0.007,0.0,20,0.5,0.019020202,0.02548962887485979
8.442,900.2284209103451,0.05173373332669839,0.0,0.2,0.2,20.249999999999996,0.8,0.8,900.0,0.007,0.0,20,0.5,0.022773966,0.025489637385451663
8.449,900.2284209813919,0.05152551183440109,0.0,0.2,0.2,20.249999999999996,0.8,0.8,900.0,0.007,0.0,20,0.5,0.019624606,0.025489646066592993
8.456,900.2284210540791,0.051323952137465316,0.0,0.2,0.2,20.249999999999996,0.8,0.8,900.0,0.007,0.0,20,0.5,0.019164823,0.02548965490057775
8.463000000000001,900.2284211282466,0.05112891915759058,0.0,0.2,0.2,20.249999999999996,0.8,0.8,900.0,0.007,0.0,20,0.5,0.022082151,0.025489663872511788
8.47,900.2284212037597,0.05094027578998793,0.0,0.2,0.2,20.249999999999996,0.8,0.8,900.0,0.007,0.0,20,0.5,0.018995932,0.02548967297241081
8.477,900.2284212806038,0.05075788318497365,0.0,0.2,0.2,20.249999999999996,0.8,0.8,900.0,0.007,0.0,20,0.5,0.019730747,0.025489682200794533
8.484,900.2284213587419,0.05058159954797483,0.0,0.2,0.2,20.249999999999996,0.8,0.8,900.0,0.007,0.0,20,0.5,0.022315634,0.025489691563641694
8.491,900.2284214382124,0.05041128118298274,0.0,0.2,0.2,20.249999999999996,0.8,0.8,900.0,0.007,0.0,20,0.5,0.019697016,0.025489701070560374
8.498,900.2284215190871,0.050246783857253625,0.0,0.2,0.2,20.249999999999996,0.8,0.8,900.0,0.007,0.0,20,0.5,0.019330234,0.02548971073528455
8.505,900.2284216014712,0.05008796329985425,0.0,0.2,0.2,20.249999999999996,0.8,0.8,900.0,0.007,0.0,20,0.5,0.022391233,0.02548972057473519
8.512,900.2284216855062,0.049934675893431535,0.0,0.2,0.2,20.249999999999996,0.8,0.8,900.0,0.007,0.0,20,0.5,0.019462375,0.025489730608258786
8.519,900.2284217713662,0.0497867791944712,0.0,0.2,0.2,20.249999999999996,0.8,0.8,900.0,0.007,0.0,20,0.5,0.019494455,0.02548974085638364
8.526,900.2284218592321,0.04964413233484014,0.0,0.2,0.2,20.249999999999996,0.8,0.8,900.0,0.007,0.0,20,0.5,0.02181881,0.025489751340096723
8.533,900.2284219492838,0.04950659635113607,0.0,0.2,0.2,20.249999999999996,0.8,0.8,900.0,0.007,0.0,20,0.5,0.018930242,0.025489762080114282
8.540000000000001,900.2284220417085,0.04937403453580538,0.0,0.2,0.2,20.249999999999996,0.8,0.8,900.0,0.007,0.0,20,0.5,0.019729786,0.025489773097954808
8.547,900.2284221367171,0.049246312056076616,0.0,0.2,0.2,20.249999999999996,0.8,0.8,900.0,0.007,0.0,20,0.5,0.022235482,0.025489784413216268
8.554,900.2284222344617,0.0491232964987799,0.0,0.2,0.2,20.249999999999996,0.8,0.8,900.0,0.007,0.0,20,0.5,0.019026882,0.025489796041713073
8.561,900.228422335092,0.049004858608627466,0.0,0.2,0.2,20.249999999999996,0.8,0.8,900.0,0.007,0.0,20,0.5,0.019658726,0.02548980800070428
8.568,900.228422438761,0.04889087163678559,0.0,0.2,0.2,20.249999999999996,0.8,0.8,900.0,0.007,0.0,20,0.5,0.021946461,0.025489820308663494
8.575000000000001,900.2284225456297,0.04878121202645726,0.0,0.2,0.2,20.249999999999996,0.8,0.8,900.0,0.007,0.0,20,0.5,0.018744291,0.025489832981732845
8.582,900.2284226558352,0.04867575999238662,0.0,0.2,0.2,20.249999999999996,0.8,0.8,900.0,0.007,0.0,20,0.5,0.019125833,0.025489846034196434
8.589,900.2284227695102,0.04857439919651318,0.0,0.2,0.2,20.249999999999996,0.8,0.8,900.0,0.007,0.0,20,0.5,0.022010021,0.02548985947878767
8.596,900.2284228867672,0.048477017067082476,0.0,0.2,0.2,20.249999999999996,0.8,0.8,900.0,0.007,0.0,20,0.5,0.019204073,0.02548987332752407
8.603,900.2284230077195,0.04838350487422783,0.0,0.2,0.2,20.249999999999996,0.8,0.8,900.0,0.007,0.0,20,0.5,0.01880055,0.02548988759580081
8.61,900.2284231325145,0.048293757472118067,0.0,0.2,0.2,20.249999999999996,0.8,0.8,900.0,0.007,0.0,20,0.5,0.021450638,0.025489902297992292
8.617,900.2284232612667,0.048207673446660736,0.0,0.2,0.2,20.249999999999996,0.8,0.8,900.0,0.007,0.0,20,0.5,0.019614426,0.025489917441936936
8.624,900.2284233940419,0.048125155449691016,0.0,0.2,0.2,20.249999999999996,0.8,0.8,900.0,0.007,0.0,20,0.5,0.019496435,0.025489933026188835
8.631,900.2284235308313,0.048046110456089766,0.0,0.2,0.2,20.249999999999996,0.8,0.8,900.0,0.007,0.0,20,0.5,0.021874311,0.02548994904134763
8.638,900.2284236715648,0.04797044926090819,0.0,0.2,0.2,20.249999999999996,0.8,0.8,900.0,0.007,0.0,20,0.5,0.01877023,0.025489965474066813
8.645,900.2284238161091,0.047898084407320525,0.0,0.2,0.2,20.249999999999996,0.8,0.8,900.0,0.007,0.0,20,0.5,0.019310844,0.025489982303434223
8.652000000000001,900.2284239642676,0.04782893196140201,0.0,0.2,0.2,20.249999999999996,0.8,0.8,900.0,0.007,0.0,20,0.5,0.02176731,0.025489999500682547
8.659,900.2284241157831,0.04776291218066468,0.0,0.2,0.2,20.249999999999996,0.8,0.8,900.0,0.007,0.0,20,0.5,0.018840121,0.02549001702954913
8.666,900.2284242703278,0.04769994867789804,0.0,0.2,0.2,20.249999999999996,0.8,0.8,900.0,0.007,0.0,20,0.5,0.019132952,0.02549003484532841
8.673,900.2284244274864,0.04763996846506237,0.0,0.2,0.2,20.249999999999996,0.8,0.8,900.0,0.007,0.0,20,0.5,0.022106182,0.025490052896619098
8.68,900.2284245868008,0.04758290245918296,0.0,0.2,0.2,20.249999999999996,0.8,0.8,900.0,0.007,0.0,20,0.5,0.01879638,0.025490071128031585
8.687,900.2284247477637,0.04752868558421008,0.0,0.2,0.2,20.249999999999996,0.8,0.8,900.0,0.007,0.0,20,0.5,0.019166023,0.02549008948537367
8.694,900.2284249099041,0.047477256563015095,0.0,0.2,0.2,20.249999999999996,0.8,0.8,900.0,0.007,0.0,20,0.5,0.021958501,0.0254901079186751
8.701,900.2284250727753,0.04742855766288625,0.0,0.2,0.2,20.249999999999996,0.8,0.8,900.0,0.007,0.0,20,0.5,0.018759561,0.025490126383105858
8.708,900.2284252359708,0.04738253442891031,0.0,0.2,0.2,20.249999999999996,0.8,0.8,900.0,0.007,0.0,20,0.5,0.018836401,0.02549014483957664
8.715,900.2284253991484,0.04733913550079652,0.0,0.2,0.2,20.249999999999996,0.8,0.8,900.0,0.007,0.0,20,0.5,0.022333193,0.025490163257233904
8.722,900.2284255620223,0.047298311364769356,0.0,0.2,0.2,20.249999999999996,0.8,0.8,900.0,0.007,0.0,20,0.5,0.019361605,0.025490181611878705
8.729000000000001,900.2284257243733,0.04726001516603284,0.0,0.2,0.2,20.249999999999996,0.8,0.8,900.0,0.007,0.0,20,0.5,0.018960712,0.025490199886109656
8.736,900.2284258860428,0.04722420286956958,0.0,0.2,0.2,20.249999999999996,0.8,0.8,900.0,0.007,0.0,20,0.5,0.021971032,0.025490218070935596
8.743,900.2284260469467,0.0471908331871106,0.0,0.2,0.2,20.249999999999996,0.8,0.8,900.0,0.007,0.0,20,0.5,0.019176483,0.0254902361649078
8.75,900.228426207067,0.04715986738065513,0.0,0.2,0.2,20.249999999999996,0.8,0.8,900.0,0.007,0.0,20,0.5,0.019201183,0.025490254172959706
8.757,900.2284263664795,0.04713126843571924,0.0,0.2,0.2,20.249999999999996,0.8,0.8,900.0,0.007,0.0,20,0.5,0.022106392,0.025490272117194943
8.764,900.2284265253636,0.047104997846074345,0.0,0.2,0.2,20.249999999999996,0.8,0.8,900.0,0.007,0.0,20,0.5,0.019318744,0.02549029002860884
8.771,900.2284266840062,0.047081018277790106,0.0,0.2,0.2,20.249999999999996,0.8,0.8,900.0,0.007,0.0,20,0.5,0.019092483,0.025490307940620873
8.778,900.2284268426992,0.047059293217562206,0.0,0.2,0.2,20.249999999999996,0.8,0.8,900.0,0.007,0.0,20,0.5,0.022735376,0.025490325878339746
8.785,900.2284270016595,0.04703978744360263,0.0,0.2,0.2,20.249999999999996,0.8,0.8,900.0,0.007,0.0,20,0.5,0.019079712,0.02549034385822146
8.792,900.2284271610392,0.04702246696473182,0.0,0.2,0.2,20.249999999999996,0.8,0.8,900.0,0.007,0.0,20,0.5,0.019365884,0.025490361887435697
8.799,900.2284273209208,0.047007298628067094,0.0,0.2,0.2,20.249999999999996,0.8,0.8,900.0,0.007,0.0,20,0.5,0.022259253,0.025490379962666215
8.806000000000001,900.2284274812728,0.046994246504780395,0.0,0.2,0.2,20.249999999999996,0.8,0.8,900.0,0.007,0.0,20,0.5,0.018789451,0.025490398064572643
8.813,900.228427641903,0.046983274024997156,0.0,0.2,0.2,20.249999999999996,0.8,0.8,900.0,0.007,0.0,20,0.5,0.018596889,0.025490416160849332
8.82,900.2284278025325,0.046974345139796904,0.0,0.2,0.2,20.249999999999996,0.8,0.8,900.0,0.007,0.0,20,0.5,0.022070992,0.025490434210498954
8.827,900.2284279628583,0.046967424074185304,0.0,0.2,0.2,20.249999999999996,0.8,0.8,900.0,0.007,0.0,20,0.5,0.018811531,0.025490452173180883
8.834,900.2284281225247,0.046962474132909604,0.0,0.2,0.2,20.249999999999996,0.8,0.8,900.0,0.007,0.0,20,0.5,0.019142144,0.025490470013840527
8.841,900.2284282811432,0.04695945698178561,0.0,0.2,0.2,20.249999999999996,0.8,0.8,900.0,0.007,0.0,20,0.5,0.021998141,0.02549048769247709
8.848,900.2284284383511,0.046958334201418886,0.0,0.2,0.2,20.249999999999996,0.8,0.8,900.0,0.007,0.0,20,0.5,0.018809591,0.025490505177563162
8.855,900.2284285938755,0.046959067048633424,0.0,0.2,0.2,20.249999999999996,0.8,0.8,900.0,0.007,0.0,20,0.5,0.018989162,0.025490522447306367
8.862,900.2284287475139,0.046961615745112845,0.0,0.2,0.2,20.249999999999996,0.8,0.8,900.0,0.007,0.0,20,0.5,0.021588829,0.025490539486234306
8.869,900.2284288991226,0.04696594012954374,0.0,0.2,0.2,20.249999999999996,0.8,0.8,900.0,0.007,0.0,20,0.5,0.01863599,0.025490556288011605
8.876,900.2284290486529,0.04697199968745142,0.0,0.2,0.2,20.249999999999996,0.8,0.8,900.0,0.007,0.0,20,0.5,0.019400245,0.025490572857138766
8.883000000000001,900.2284291961515,0.04697975333937087,0.0,0.2,0.2,20.249999999999996,0.8,0.8,900.0,0.007,0.0,20,0.5,0.022637875,0.02549058920936019
8.89,900.2284293417742,0.04698915913818697,0.0,0.2,0.2,20.249999999999996,0.8,0.8,900.0,0.007,0.0,20,0.5,0.018674869,0.025490605369438188
8.897,900.228429485734,0.047000173665933814,0.0,0.2,0.2,20.249999999999996,0.8,0.8,900.0,0.007,0.0,20,0.5,0.018749671,0.02549062137159471
8.904,900.2284296283228,0.04701275252788824,0.0,0.2,0.2,20.249999999999996,0.8,0.8,900.0,0.007,0.0,20,0.5,0.022206653,0.025490637258562977
8.911,900.2284297699233,0.047026850014496795,0.0,0.2,0.2,20.249999999999996,0.8,0.8,900.0,0.007,0.0,20,0.5,0.018998712,0.025490653076345387
8.918000000000001,900.2284299110032,0.04704241978297498,0.0,0.2,0.2,20.249999999999996,0.8,0.8,900.0,0.007,0.0,20,0.5,0.019173693,0.025490668870398366
8.925,900.2284300520267,0.047059412683136966,0.0,0.2,0.2,20.249999999999996,0.8,0.8,900.0,0.007,0.0,20,0.5,0.022068922,0.02549068468333003
8.932,900.2284301932754,0.04707777313931503,0.0,0.2,0.2,20.249999999999996,0.8,0.8,900.0,0.007,0.0,20,0.5,0.019555245,0.025490700539016538
8.939,900.2284303349466,0.047097444342057475,0.0,0.2,0.2,20.249999999999996,0.8,0.8,900.0,0.007,0.0,20,0.5,0.019097903,0.025490716446001788
8.946,900.2284304771274,0.04711836884973583,0.0,0.2,0.2,20.249999999999996,0.8,0.8,900.0,0.007,0.0,20,0.5,0.02181898,0.025490732402831444
8.953,900.228430619807,0.04714048832280507,0.0,0.2,0.2,20.249999999999996,0.8,0.8,900.0,0.007,0.0,20,0.5,0.018935091,0.025490748405714365
8.96,900.2284307629471,0.047163742875936894,0.0,0.2,0.2,20.249999999999996,0.8,0.8,900.0,0.007,0.0,20,0.5,0.019085702,0.025490764453004355
8.967,900.2284309065396,0.04718807184616918,0.0,0.2,0.2,20.249999999999996,0.8,0.8,900.0,0.007,0.0,20,0.5,0.022179112,0.025490780549208863
8.974,900.228431050612,0.047213413932640655,0.0,0.2,0.2,20.249999999999996,0.8,0.8,900.0,0.007,0.0,20,0.5,0.018833731,0.025490796704699354
8.981,900.2284311952677,0.04723970739576739,0.0,0.2,0.2,20.249999999999996,0.8,0.8,900.0,0.007,0.0,20,0.5,0.018992091,0.025490812936259363
8.988,900.2284313406544,0.04726688983358261,0.0,0.2,0.2,20.249999999999996,0.8,0.8,900.0,0.007,0.0,20,0.5,0.022310953,0.02549082926575554
8.995000000000001,900.2284314869694,0.04729489829709837,0.0,0.2,0.2,20.249999999999996,0.8,0.8,900.0,0.007,0.0,20,0.5,0.019226753,0.025490845717301105
9.002,900.2284316344196,0.047323669510528056,0.0,0.2,0.2,20.249999999999996,0.8,0.8,900.0,0.007,0.0,20,0.5,0.018970742,0.02549086231401043
9.009,900.2284317832164,0.04735314004242574,0.0,0.2,0.2,20.249999999999996,0.8,0.8,900.0,0.007,0.0,20,0.5,0.022001862,0.025490879075419484
9.016,900.2284319335402,0.04738324643582121,0.0,0.2,0.2,20.249999999999996,0.8,0.8,900.0,0.007,0.0,20,0.5,0.01869757,0.0254908960149386
9.023,900.2284320855007,0.047413925286614984,0.0,0.2,0.2,20.249999999999996,0.8,0.8,900.0,0.007,0.0,20,0.5,0.019154103,0.025490913136896855
9.03,900.2284322391346,0.04744511332442952,0.0,0.2,0.2,20.249999999999996,0.8,0.8,900.0,0.007,0.0,20,0.5,0.021835501,0.025490930433793538
9.037,900.2284323943805,0.04747674759118079,0.0,0.2,0.2,20.249999999999996,0.8,0.8,900.0,0.007,0.0,20,0.5,0.019439825,0.025490947885991603
9.044,900.2284325510714,0.04750876527838748,0.0,0.2,0.2,20.249999999999996,0.8,0.8,900.0,0.007,0.0,20,0.5,0.01859382,0.02549096546031827
9.051,900.228432708905,0.04754110352004136,0.0,0.2,0.2,20.249999999999996,0.8,0.8,900.0,0.007,0.0,20,0.5,0.022172242,0.0254909831142785
9.058,900.2284328674996,0.047573699656926136,0.0,0.2,0.2,20.249999999999996,0.8,0.8,900.0,0.007,0.0,20,0.5,0.019090823,0.025491000801702194
9.065,900.228433026427,0.04760649095624282,0.0,0.2,0.2,20.249999999999996,0.8,0.8,900.0,0.007,0.0,20,0.5,0.018944612,0.025491018471340676
9.072000000000001,900.2284331852313,0.04763941548856413,0.0,0.2,0.2,20.249999999999996,0.8,0.8,900.0,0.007,0.0,20,0.5,0.022894617,0.02549103607120915
9.079,900.2284333434454,0.0476724122188239,0.0,0.2,0.2,20.249999999999996,0.8,0.8,900.0,0.007,0.0,20,0.5,0.018852091,0.025491053553004912
9.086,900.228433500637,0.0477054208969463,0.0,0.2,0.2,20.249999999999996,0.8,0.8,900.0,0.007,0.0,20,0.5,0.01873385,0.025491070875703202
9.093,900.2284336564536,0.04773838245348535,0.0,0.2,0.2,20.249999999999996,0.8,0.8,900.0,0.007,0.0,20,0.5,0.022116462,0.025491088019333072
9.1,900.2284338107402,0.047771236936282734,0.0,0.2,0.2,20.249999999999996,0.8,0.8,900.0,0.007,0.0,20,0.5,0.018877832,0.025491104990411254
9.107,900.2284339635108,0.04780392371155096,0.0,0.2,0.2,20.249999999999996,0.8,0.8,900.0,0.007,0.0,20,0.5,0.018835441,0.025491121814500306
9.114,900.2284341149946,0.047836383630237615,0.0,0.2,0.2,20.249999999999996,0.8,0.8,900.0,0.007,0.0,20,0.5,0.022151352,0.025491138538956
9.121,900.2284342656147,0.047868559151921966,0.0,0.2,0.2,20.249999999999996,0.8,0.8,900.0,0.007,0.0,20,0.5,0.018960552,0.025491155228793163
9.128,900.2284344159565,0.047900394394309605,0.0,0.2,0.2,20.249999999999996,0.8,0.8,900.0,0.007,0.0,20,0.5,0.018824461,0.02549117196181691
9.135,900.2284345667209,0.04793183505268393,0.0,0.2,0.2,20.249999999999996,0.8,0.8,900.0,0.007,0.0,20,0.5,0.022127832,0.025491188821612807
9.142,900.2284347186521,0.047962828412542007,0.0,0.2,0.2,20.249999999999996,0.8,0.8,900.0,0.007,0.0,20,0.5,0.019105843,0.025491205890066714
9.149000000000001,900.2284348724789,0.04799332380124383,0.0,0.2,0.2,20.249999999999996,0.8,0.8,900.0,0.007,0.0,20,0.5,0.019721467,0.02549122324236265
9.156,900.2284350288874,0.04802327267523567,0.0,0.2,0.2,20.249999999999996,0.8,0.8,900.0,0.007,0.0,20,0.5,0.021895311,0.025491240946967322
9.163,900.2284351885623,0.0480526263482206,0.0,0.2,0.2,20.249999999999996,0.8,0.8,900.0,0.007,0.0,20,0.5,0.018987203,0.025491259081677677
9.17,900.2284353521554,0.04808132852740431,0.0,0.2,0.2,20.249999999999996,0.8,0.8,900.0,0.007,0.0,20,0.5,0.019309984,0.025491277707126263
9.177,900.2284355201961,0.04810932069258272,0.0,0.2,0.2,20.249999999999996,0.8,0.8,900.0,0.007,0.0,20,0.5,0.022027921,0.025491296849846815
9.184000000000001,900.2284356929025,0.048136543996609625,0.0,0.2,0.2,20.249999999999996,0.8,0.8,900.0,0.007,0.0,20,0.5,0.01854512,0.025491316493199086
9.191,900.2284358701295,0.048162941721126035,0.0,0.2,0.2,20.249999999999996,0.8,0.8,900.0,0.007,0.0,20,0.5,0.019616866,0.025491336590484897
9.198,900.2284360514576,0.04818845905195928,0.0,0.2,0.2,20.249999999999996,0.8,0.8,900.0,0.007,0.0,20,0.5,0.022032751,0.025491357072852796
9.205,900.2284362362604,0.048213043377210364,0.0,0.2,0.2,20.249999999999996,0.8,0.8,900.0,0.007,0.0,20,0.5,0.01861857,0.025491377859568544
9.212,900.2284364238127,0.04823664456220768,0.0,0.2,0.2,20.249999999999996,0.8,0.8,900.0,0.007,0.0,20,0.5,0.019446885,0.025491398869955245
9.219,900.2284366133919,0.04825921501344464,0.0,0.2,0.2,20.249999999999996,0.8,0.8,900.0,0.007,0.0,20,0.5,0.022092852,0.025491420031448882
9.226,900.2284368043507,0.0482807097193628,0.0,0.2,0.2,20.249999999999996,0.8,0.8,900.0,0.007,0.0,20,0.5,0.019149073,0.0254914412847272
9.233,900.2284369961518,0.04830108628046872,0.0,0.2,0.2,20.249999999999996,0.8,0.8,900.0,0.007,0.0,20,0.5,0.019142473,0.02549146258628549
9.24,900.2284371884065,0.04832030499930454,0.0,0.2,0.2,20.249999999999996,0.8,0.8,900.0,0.007,0.0,20,0.5,0.021940411,0.02549148390958677
9.247,900.2284373808768,0.04833832888135911,0.0,0.2,0.2,20.249999999999996,0.8,0.8,900.0,0.007,0.0,20,0.5,0.019259354,0.025491505244436236
9.254,900.2284375734713,0.048355123545504294,0.0,0.2,0.2,20.249999999999996,0.8,0.8,900.0,0.007,0.0,20,0.5,0.018954462,0.02549152659501757
9.261000000000001,900.228437766258,0.04837065690938931,0.0,0.2,0.2,20.249999999999996,0.8,0.8,900.0,0.007,0.0,20,0.5,0.022567455,0.025491547977685165
9.268,900.2284379593585,0.04838489883911547,0.0,0.2,0.2,20.249999999999996,0.8,0.8,900.0,0.007,0.0,20,0.5,0.019344124,0.025491569408012116
9.275,900.2284381528997,0.04839782168277797,0.0,0.2,0.2,20.249999999999996,0.8,0.8,900.0,0.007,0.0,20,0.5,0.018822321,0.025491590897179624
9.282,900.22843834699,0.048409400078408,0.0,0.2,0.2,20.249999999999996,0.8,0.8,900.0,0.007,0.0,20,0.5,0.022533285,0.025491612448995213
9.289,900.2284385416624,0.048419610280477865,0.0,0.2,0.2,20.249999999999996,0.8,0.8,900.0,0.007,0.0,20,0.5,0.019187623,0.025491634053644838
9.296,900.2284387368184,0.04842843098479206,0.0,0.2,0.2,20.249999999999996,0.8,0.8,900.0,0.007,0.0,20,0.5,0.018969332,0.02549165569635195
9.303,900.2284389323364,0.04843584200261723,0.0,0.2,0.2,20.249999999999996,0.8,0.8,900.0,0.007,0.0,20,0.5,0.022604076,0.025491677368700102
9.31,900.2284391281321,0.04844182417103946,0.0,0.2,0.2,20.249999999999996,0.8,0.8,900.0,0.007,0.0,20,0.5,0.018923751,0.025491699067542235
9.317,900.228439324174,0.04844636074716218,0.0,0.2,0.2,20.249999999999996,0.8,0.8,900.0,0.007,0.0,20,0.5,0.019183513,0.025491720790906086
9.324,900.2284395204498,0.048449437479262676,0.0,0.2,0.2,20.249999999999996,0.8,0.8,900.0,0.007,0.0,20,0.5,0.022230323,0.025491742534123507
9.331,900.228439716905,0.048451042704855465,0.0,0.2,0.2,20.249999999999996,0.8,0.8,900.0,0.007,0.0,20,0.5,0.019011702,0.025491764286229145
9.338000000000001,900.2284399134364,0.04845116746807633,0.0,0.2,0.2,20.249999999999996,0.8,0.8,900.0,0.007,0.0,20,0.5,0.019472365,0.02549178603096936
9.345,900.228440109902,0.04844980548848197,0.0,0.2,0.2,20.249999999999996,0.8,0.8,900.0,0.007,0.0,20,0.5,0.022286273,0.025491807748340423
9.352,900.2284403061159,0.048446953130058014,0.0,0.2,0.2,20.249999999999996,0.8,0.8,900.0,0.007,0.0,20,0.5,0.019008602,0.025491829415847402
9.359,900.2284405018872,0.04844260939799377,0.0,0.2,0.2,20.249999999999996,0.8,0.8,900.0,0.007,0.0,20,0.5,0.018955092,0.02549185101022664
9.366,900.2284406969962,0.048436775586211664,0.0,0.2,0.2,20.249999999999996,0.8,0.8,900.0,0.007,0.0,20,0.5,0.022228682,0.025491872507762914
9.373,900.2284408912377,0.048429455436030215,0.0,0.2,0.2,20.249999999999996,0.8,0.8,900.0,0.007,0.0,20,0.5,0.019027782,0.025491893887967278
9.38,900.2284410844428,0.048420655090838316,0.0,0.2,0.2,20.249999999999996,0.8,0.8,900.0,0.007,0.0,20,0.5,0.019038512,0.02549191513675134
9.387,900.2284412764983,0.04841038254702148,0.0,0.2,0.2,20.249999999999996,0.8,0.8,900.0,0.007,0.0,20,0.5,0.021880441,0.025491936245709362
9.394,900.2284414673193,0.048398645959017474,0.0,0.2,0.2,20.249999999999996,0.8,0.8,900.0,0.007,0.0,20,0.5,0.018920202,0.025491957210006237
9.401,900.2284416568439,0.0483854551272923,0.0,0.2,0.2,20.249999999999996,0.8,0.8,900.0,0.007,0.0,20,0.5,0.019828317,0.025491978032072177
9.408,900.2284418450862,0.048370822030047306,0.0,0.2,0.2,20.249999999999996,0.8,0.8,900.0,0.007,0.0,20,0.5,0.022416804,0.025491998722681868
9.415000000000001,900.2284420321517,0.048354760940205056,0.0,0.2,0.2,20.249999999999996,0.8,0.8,900.0,0.007,0.0,20,0.5,0.019284624,0.025492019301447663
9.422,900.2284422182091,0.04833728830707961,0.0,0.2,0.2,20.249999999999996,0.8,0.8,900.0,0.007,0.0,20,0.5,0.019082953,0.02549203979481362
9.429,900.228442403491,0.04831842279944887,0.0,0.2,0.2,20.249999999999996,0.8,0.8,900.0,0.007,0.0,20,0.5,0.022084601,0.02549206023458045
9.436,900.2284425883064,0.04829818521008909,0.0,0.2,0.2,20.249999999999996,0.8,0.8,900.0,0.007,0.0,20,0.5,0.01876046,0.025492080658531608
9.443,900.2284427730306,0.0482765946967923,0.0,0.2,0.2,20.249999999999996,0.8,0.8,900.0,0.007,0.0,20,0.5,0.019643046,0.02549210111354073
9.450000000000001,900.2284429581238,0.04825366282516625,0.0,0.2,0.2,20.249999999999996,0.8,0.8,900.0,0.007,0.0,20,0.5,0.02175084,0.02549212165462518
9.457,900.2284431439873,0.04822939233466306,0.0,0.2,0.2,20.249999999999996,0.8,0.8,900.0,0.007,0.0,20,0.5,0.018969011,0.025492142318078396
9.464,900.2284433309404,0.048203787745671724,0.0,0.2,0.2,20.249999999999996,0.8,0.8,900.0,0.007,0.0,20,0.5,0.018818241,0.025492163120919425
9.471,900.2284435191284,0.048176855435177295,0.0,0.2,0.2,20.249999999999996,0.8,0.8,900.0,0.007,0.0,20,0.5,0.022114693,0.02549218405956732
9.478,900.2284437085293,0.048148603565452204,0.0,0.2,0.2,20.249999999999996,0.8,0.8,900.0,0.007,0.0,20,0.5,0.018845081,0.025492205114134265
9.485,900.2284438989672,0.04811904192042969,0.0,0.2,0.2,20.249999999999996,0.8,0.8,900.0,0.007,0.0,20,0.5,0.018783201,0.02549222625388016
9.492,900.228444090205,0.04808818182163871,0.0,0.2,0.2,20.249999999999996,0.8,0.8,900.0,0.007,0.0,20,0.5,0.022112122,0.025492247461758263
9.499,900.2284442821066,0.048056030596932975,0.0,0.2,0.2,20.249999999999996,0.8,0.8,900.0,0.007,0.0,20,0.5,0.019120773,0.02549226873703786
9.506,900.2284444746098,0.048022592381941606,0.0,0.2,0.2,20.249999999999996,0.8,0.8,900.0,0.007,0.0,20,0.5,0.019467005,0.025492290067716132
9.513,900.2284446676032,0.04798787288073798,0.0,0.2,0.2,20.249999999999996,0.8,0.8,900.0,0.007,0.0,20,0.5,0.02190219,0.02549231142324116
9.52,900.2284448608955,0.047951879300613905,0.0,0.2,0.2,20.249999999999996,0.8,0.8,900.0,0.007,0.0,20,0.5,0.018958352,0.025492332754285953
9.527000000000001,900.2284450540033,0.04791461925301486,0.0,0.2,0.2,20.249999999999996,0.8,0.8,900.0,0.007,0.0,20,0.5,0.019022992,0.0254923539964194
9.534,900.2284452462937,0.04787610192404002,0.0,0.2,0.2,20.249999999999996,0.8,0.8,900.0,0.007,0.0,20,0.5,0.02177764,0.02549237507577587
9.541,900.2284454371184,0.04783633812981093,0.0,0.2,0.2,20.249999999999996,0.8,0.8,900.0,0.007,0.0,20,0.5,0.019026703,0.02549239591534985
9.548,900.2284456257784,0.047795339979568786,0.0,0.2,0.2,20.249999999999996,0.8,0.8,900.0,0.007,0.0,20,0.5,0.019510215,0.02549241643987095
9.555,900.2284458115996,0.047753120956170236,0.0,0.2,0.2,20.249999999999996,0.8,0.8,900.0,0.007,0.0,20,0.5,0.022117942,0.025492436579840808
9.562,900.2284459939635,0.0477096958405118,0.0,0.2,0.2,20.249999999999996,0.8,0.8,900.0,0.007,0.0,20,0.5,0.018893231,0.025492456271461218
9.569,900.2284461723472,0.047665080108849976,0.0,0.2,0.2,20.249999999999996,0.8,0.8,900.0,0.007,0.0,20,0.5,0.018801381,0.02549247545884212
9.576,900.2284463462025,0.047619289351652286,0.0,0.2,0.2,20.249999999999996,0.8,0.8,900.0,0.007,0.0,20,0.5,0.022475594,0.025492494092769873
9.583,900.228446515073,0.04757234031380626,0.0,0.2,0.2,20.249999999999996,0.8,0.8,900.0,0.007,0.0,20,0.5,0.019017792,0.02549251214021857
9.59,900.2284466786714,0.04752425110023889,0.0,0.2,0.2,20.249999999999996,0.8,0.8,900.0,0.007,0.0,20,0.5,0.019614786,0.025492529589688614
9.597,900.2284468369008,0.04747504100970279,0.0,0.2,0.2,20.249999999999996,0.8,0.8,900.0,0.007,0.0,20,0.5,0.022785866,0.025492546452551286
9.604000000000001,900.2284469898608,0.047424730443118464,0.0,0.2,0.2,20.249999999999996,0.8,0.8,900.0,0.007,0.0,20,0.5,0.01862211,0.025492562761847578
9.611,900.2284471378393,0.04737334104067789,0.0,0.2,0.2,20.249999999999996,0.8,0.8,900.0,0.007,0.0,20,0.5,0.019597656,0.025492578569157622
9.618,900.2284472812935,0.047320895949845856,0.0,0.2,0.2,20.249999999999996,0.8,0.8,900.0,0.007,0.0,20,0.5,0.022812336,0.02549259394092106
9.625,900.2284474208273,0.047267419864778774,0.0,0.2,0.2,20.249999999999996,0.8,0.8,900.0,0.007,0.0,20,0.5,0.018915851,0.025492608957842132
9.632,900.2284475571619,0.047212938678277916,0.0,0.2,0.2,20.249999999999996,0.8,0.8,900.0,0.007,0.0,20,0.5,0.019377975,0.025492623710417835
9.639,900.2284476911277,0.04715747943311546,0.0,0.2,0.2,20.249999999999996,0.8,0.8,900.0,0.007,0.0,20,0.5,0.022598495,0.025492638293839773
9.646,900.2284478235698,0.04710107020329861,0.0,0.2,0.2,20.249999999999996,0.8,0.8,900.0,0.007,0.0,20,0.5,0.019193503,0.025492652800656393
9.653,900.2284479553149,0.047043740120087045,0.0,0.2,0.2,20.249999999999996,0.8,0.8,900.0,0.007,0.0,20,0.5,0.019246083,0.025492667315287126
9.66,900.2284480871303,0.04698551874586376,0.0,0.2,0.2,20.249999999999996,0.8,0.8,900.0,0.007,0.0,20,0.5,0.021723929,0.025492681906741393
9.667,900.2284482196308,0.046926435091387914,0.0,0.2,0.2,20.249999999999996,0.8,0.8,900.0,0.007,0.0,20,0.5,0.019145153,0.025492696627593427
9.674,900.2284483533157,0.046866517899454854,0.0,0.2,0.2,20.249999999999996,0.8,0.8,900.0,0.007,0.0,20,0.5,0.019868428,0.02549271152165348
9.681000000000001,900.2284484885555,0.04680579552046682,0.0,0.2,0.2,20.249999999999996,0.8,0.8,900.0,0.007,0.0,20,0.5,0.022250173,0.02549272661419029
9.688,900.228448625572,0.04674429699646404,0.0,0.2,0.2,20.249999999999996,0.8,0.8,900.0,0.007,0.0,20,0.5,0.018932042,0.02549274190958264
9.695,900.2284487644099,0.046682052193704006,0.0,0.2,0.2,20.249999999999996,0.8,0.8,900.0,0.007,0.0,20,0.5,0.018899401,0.025492757389976386
9.702,900.2284489049002,0.04661909168523099,0.0,0.2,0.2,20.249999999999996,0.8,0.8,900.0,0.007,0.0,20,0.5,0.022765906,0.025492773015126986
9.709,900.2284490466969,0.04655544681975086,0.0,0.2,0.2,20.249999999999996,0.8,0.8,900.0,0.007,0.0,20,0.5,0.019249863,0.025492788733968985
9.716000000000001,900.2284491893664,0.04649114720378903,0.0,0.2,0.2,20.249999999999996,0.8,0.8,900.0,0.007,0.0,20,0.5,0.019385765,0.025492804489054107
9.723,900.2284493323564,0.046426220887219975,0.0,0.2,0.2,20.249999999999996,0.8,0.8,900.0,0.007,0.0,20,0.5,0.022322933,0.02549282020759669
9.73,900.2284494750197,0.046360696561644155,0.0,0.2,0.2,20.249999999999996,0.8,0.8,900.0,0.007,0.0,20,0.5,0.019211523,0.025492835800133676
9.737,900.2284496165489,0.04629460342277746,0.0,0.2,0.2,20.249999999999996,0.8,0.8,900.0,0.007,0.0,20,0.5,0.019167733,0.02549285116698919
9.744,900.2284497560521,0.046227971026908884,0.0,0.2,0.2,20.249999999999996,0.8,0.8,900.0,0.007,0.0,20,0.5,0.022276063,0.025492866207413985
9.751,900.2284498927022,0.04616082846797066,0.0,0.2,0.2,20.249999999999996,0.8,0.8,900.0,0.007,0.0,20,0.5,0.019199573,0.02549288082734674
9.758000000000001,900.2284500256043,0.04609320165053507,0.0,0.2,0.2,20.249999999999996,0.8,0.8,900.0,0.007,0.0,20,0.5,0.018869291,0.025492894935369312
9.765,900.2284501539632,0.0460251145483693,0.0,0.2,0.2,20.249999999999996,0.8,0.8,900.0,0.007,0.0,20,0.5,0.022497365,0.025492908478873814
9.772,900.2284502772723,0.045956580861677594,0.0,0.2,0.2,20.249999999999996,0.8,0.8,900.0,0.007,0.0,20,0.5,0.01872938,0.025492921422810975
9.779,900.2284503952187,0.04588761244118685,0.0,0.2,0.2,20.249999999999996,0.8,0.8,900.0,0.007,0.0,20,0.5,0.019187093,0.025492933744607628
9.786,900.2284505075891,0.04581822089549739,0.0,0.2,0.2,20.249999999999996,0.8,0.8,900.0,0.007,0.0,20,0.5,0.022522235,0.025492945433820875
9.793000000000001,900.2284506142887,0.04574841760313828,0.0,0.2,0.2,20.249999999999996,0.8,0.8,900.0,0.007,0.0,20,0.5,0.018990402,0.02549295650152665
9.8,900.2284507154201,0.04567821348099062,0.0,0.2,0.2,20.249999999999996,0.8,0.8,900.0,0.007,0.0,20,0.5,0.019218584,0.02549296698545212
9.807,900.2284508113054,0.0456076192453534,0.0,0.2,0.2,20.249999999999996,0.8,0.8,900.0,0.007,0.0,20,0.5,0.022523915,0.02549297695141077
9.814,900.2284509025467,0.04553664520742356,0.0,0.2,0.2,20.249999999999996,0.8,0.8,900.0,0.007,0.0,20,0.5,0.019081733,0.02549298648755351
9.821,900.2284509899209,0.045465301585263414,0.0,0.2,0.2,20.249999999999996,0.8,0.8,900.0,0.007,0.0,20,0.5,0.019360155,0.025492995695286323
9.828,900.2284510743235,0.045393598540411834,0.0,0.2,0.2,20.249999999999996,0.8,0.8,900.0,0.007,0.0,20,0.5,0.022230303,0.025493004679816852
9.835,900.2284511567176,0.045321546232139784,0.0,0.2,0.2,20.249999999999996,0.8,0.8,900.0,0.007,0.0,20,0.5,0.019498995,0.02549301354342735
9.842,900.2284512380218,0.04524915474246748,0.0,0.2,0.2,20.249999999999996,0.8,0.8,900.0,0.007,0.0,20,0.5,0.018953022,0.025493022375142622
9.849,900.2284513190265,0.0451764339787694,0.0,0.2,0.2,20.249999999999996,0.8,0.8,900.0,0.007,0.0,20,0.5,0.022022162,0.02549303124213452
9.856,900.2284514003443,0.04510339357826404,0.0,0.2,0.2,20.249999999999996,0.8,0.8,900.0,0.007,0.0,20,0.5,0.019465065,0.025493040184927634
9.863,900.2284514823347,0.04503004205280427,0.0,0.2,0.2,20.249999999999996,0.8,0.8,900.0,0.007,0.0,20,0.5,0.018788841,0.02549304921200917
9.870000000000001,900.2284515650741,0.04495638741473594,0.0,0.2,0.2,20.249999999999996,0.8,0.8,900.0,0.007,0.0,20,0.5,0.022605665,0.02549305829771446
9.877,900.2284516483221,0.044882437259272406,0.0,0.2,0.2,20.249999999999996,0.8,0.8,900.0,0.007,0.0,20,0.5,0.019066622,0.025493067383551726
9.884,900.2284517315602,0.0448081988269941,0.0,0.2,0.2,20.249999999999996,0.8,0.8,900.0,0.007,0.0,20,0.5,0.019305573,0.025493076378300884
9.891,900.2284518139617,0.04473367902417544,0.0,0.2,0.2,20.249999999999996,0.8,0.8,900.0,0.007,0.0,20,0.5,0.022466034,0.025493085166759903
9.898,900.2284518944971,0.044658884810536335,0.0,0.2,0.2,20.249999999999996,0.8,0.8,900.0,0.007,0.0,20,0.5,0.019194423,0.025493093625738015
9.905,900.2284519720636,0.044583822796937386,0.0,0.2,0.2,20.249999999999996,0.8,0.8,900.0,0.007,0.0,20,0.5,0.018958561,0.02549310163376947
9.912,900.2284520455853,0.04450849851622653,0.0,0.2,0.2,20.249999999999996,0.8,0.8,900.0,0.007,0.0,20,0.5,0.022290893,0.025493109079396697
9.919,900.228452114125,0.044432915398068526,0.0,0.2,0.2,20.249999999999996,0.8,0.8,900.0,0.007,0.0,20,0.5,0.019038732,0.02549311586155268
9.926,900.22845217675,0.04435707414504078,0.0,0.2,0.2,20.249999999999996,0.8,0.8,900.0,0.007,0.0,20,0.5,0.019032522,0.025493121901828637
9.933,900.2284522328231,0.04428097430828834,0.0,0.2,0.2,20.249999999999996,0.8,0.8,900.0,0.007,0.0,20,0.5,0.022460294,0.025493127145000474
9.94,900.2284522817664,0.04420461281407967,0.0,0.2,0.2,20.249999999999996,0.8,0.8,900.0,0.007,0.0,20,0.5,0.019344124,0.025493131561996278
9.947000000000001,900.2284523233272,0.044127987036187075,0.0,0.2,0.2,20.249999999999996,0.8,0.8,900.0,0.007,0.0,20,0.5,0.019159894,0.025493135139446493
9.954,900.2284523573593,0.04405109339077654,0.0,0.2,0.2,20.249999999999996,0.8,0.8,900.0,0.007,0.0,20,0.5,0.022715696,0.0254931378783423
9.961,900.228452383849,0.04397392780497405,0.0,0.2,0.2,20.249999999999996,0.8,0.8,900.0,0.007,0.0,20,0.5,0.019138963,0.025493139794501397
9.968,900.2284524029338,0.04389648577844028,0.0,0.2,0.2,20.249999999999996,0.8,0.8,900.0,0.007,0.0,20,0.5,0.019087172,0.0254931409180459
9.975,900.2284524148898,0.04381876210803817,0.0,0.2,0.2,20.249999999999996,0.8,0.8,900.0,0.007,0.0,20,0.5,0.022582035,0.025493141287341734
9.982000000000001,900.2284524200526,0.04374075096349131,0.0,0.2,0.2,20.249999999999996,0.8,0.8,900.0,0.007,0.0,20,0.5,0.019185533,0.025493140943268655
9.989,900.2284524187921,0.043662446288258425,0.0,0.2,0.2,20.249999999999996,0.8,0.8,900.0,0.007,0.0,20,0.5,0.019804667,0.025493139927447145
9.996,900.2284524114809,0.043583841822162864,0.0,0.2,0.2,20.249999999999996,0.8,0.8,900.0,0.007,0.0,20,0.5,0.022350754,0.025493138280449988
10.003,900.2284523984747,0.04350493109015078,0.0,0.2,0.2,20.249999999999996,0.8,0.8,900.0,0.007,0.0,20,0.5,0.019237744,0.025493136041360283
10.01,900.2284523801321,0.04342570744238097,0.0,0.2,0.2,20.249999999999996,0.8,0.8,900.0,0.007,0.0,20,0.5,0.018926922,0.025493133247869233
10.017,900.2284523567845,0.04334616408679783,0.0,0.2,0.2,20.249999999999996,0.8,0.8,900.0,0.007,0.0,20,0.5,0.021834601,0.025493129937279067
10.024000000000001,900.2284523287786,0.04326629364202152,0.0,0.2,0.2,20.249999999999996,0.8,0.8,900.0,0.007,0.0,20,0.5,0.019417195,0.025493126147641525
10.031,900.228452296449,0.04318608766854374,0.0,0.2,0.2,20.249999999999996,0.8,0.8,900.0,0.007,0.0,20,0.5,0.019514736,0.025493121913518848
10.038,900.2284522601117,0.0431055371770576,0.0,0.2,0.2,20.249999999999996,0.8,0.8,900.0,0.007,0.0,20,0.5,0.022290133,0.02549311726510535
10.045,900.2284522200254,0.04302463302183418,0.0,0.2,0.2,20.249999999999996,0.8,0.8,900.0,0.007,0.0,20,0.5,0.019044772,0.02549311222928961
10.052,900.2284521764342,0.04294336600141056,0.0,0.2,0.2,20.249999999999996,0.8,0.8,900.0,0.007,0.0,20,0.5,0.019776697,0.025493106831015737
10.059000000000001,900.2284521295676,0.04286172680597899,0.0,0.2,0.2,20.249999999999996,0.8,0.8,900.0,0.007,0.0,20,0.5,0.022195922,0.02549310109404571
10.066,900.2284520796378,0.04277970602255806,0.0,0.2,0.2,20.249999999999996,0.8,0.8,900.0,0.007,0.0,20,0.5,0.019227743,0.025493095040895385
10.073,900.2284520268662,0.04269729411414276,0.0,0.2,0.2,20.249999999999996,0.8,0.8,900.0,0.007,0.0,20,0.5,0.019040092,0.02549308869216442
10.08,900.2284519714171,0.04261448141315119,0.0,0.2,0.2,20.249999999999996,0.8,0.8,900.0,0.007,0.0,20,0.5,0.022327684,0.025493082064476705
10.087,900.2284519134413,0.042531258462956356,0.0,0.2,0.2,20.249999999999996,0.8,0.8,900.0,0.007,0.0,20,0.5,0.019147163,0.025493075171981173
10.094,900.2284518530611,0.042447615987153416,0.0,0.2,0.2,20.249999999999996,0.8,0.8,900.0,0.007,0.0,20,0.5,0.019844987,0.0254930680285942
10.101,900.228451790404,0.042363544921696444,0.0,0.2,0.2,20.249999999999996,0.8,0.8,900.0,0.007,0.0,20,0.5,0.023036328,0.02549306064917989
10.108,900.2284517256105,0.04227903644478773,0.0,0.2,0.2,20.249999999999996,0.8,0.8,900.0,0.007,0.0,20,0.5,0.018983622,0.02549305305032973
10.115,900.2284516588247,0.04219408195764204,0.0,0.2,0.2,20.249999999999996,0.8,0.8,900.0,0.007,0.0,20,0.5,0.019223713,0.025493045250496258
10.122,900.2284515902162,0.04210867312200108,0.0,0.2,0.2,20.249999999999996,0.8,0.8,900.0,0.007,0.0,20,0.5,0.022274043,0.02549303727047745
10.129,900.2284515199659,0.042022801784491054,0.0,0.2,0.2,20.249999999999996,0.8,0.8,900.0,0.007,0.0,20,0.5,0.019071852,0.025493029132819714
10.136000000000001,900.2284514482805,0.04193646006788971,0.0,0.2,0.2,20.249999999999996,0.8,0.8,900.0,0.007,0.0,20,0.5,0.018861231,0.02549302086108492
10.143,900.2284513753779,0.04184963999529594,0.0,0.2,0.2,20.249999999999996,0.8,0.8,900.0,0.007,0.0,20,0.5,0.021972781,0.02549301247791995
10.15,900.2284513014754,0.04176233377557007,0.0,0.2,0.2,20.249999999999996,0.8,0.8,900.0,0.007,0.0,20,0.5,0.019471645,0.025493004004775912
10.157,900.2284512267506,0.0416745337910678,0.0,0.2,0.2,20.249999999999996,0.8,0.8,900.0,0.007,0.0,20,0.5,0.018815461,0.025492995457200487
10.164,900.2284511513402,0.0415862329465224,0.0,0.2,0.2,20.249999999999996,0.8,0.8,900.0,0.007,0.0,20,0.5,0.022133142,0.025492986845896327
10.171,900.2284510753392,0.04149742460437327,0.0,0.2,0.2,20.249999999999996,0.8,0.8,900.0,0.007,0.0,20,0.5,0.018966592,0.02549297817637601
10.178,900.2284509987936,0.04140810266243347,0.0,0.2,0.2,20.249999999999996,0.8,0.8,900.0,0.007,0.0,20,0.5,0.019646176,0.025492969448884035
10.185,900.2284509217272,0.04131826147608637,0.0,0.2,0.2,20.249999999999996,0.8,0.8,900.0,0.007,0.0,20,0.5,0.022363714,0.025492960658560083
10.192,900.228450844071,0.04122789582342565,0.0,0.2,0.2,20.249999999999996,0.8,0.8,900.0,0.007,0.0,20,0.5,0.019122683,0.025492951795207622
10.199,900.228450765734,0.041137001106168504,0.0,0.2,0.2,20.249999999999996,0.8,0.8,900.0,0.007,0.0,20,0.5,0.018727931,0.025492942844382662
10.206,900.2284506865877,0.0410455733593641,0.0,0.2,0.2,20.249999999999996,0.8,0.8,900.0,0.007,0.0,20,0.5,0.022161482,0.025492933787785246
10.213000000000001,900.2284506064624,0.04095360926268246,0.0,0.2,0.2,20.249999999999996,0.8,0.8,900.0,0.007,0.0,20,0.5,0.018868341,0.025492924604566144
10.22,900.2284505251828,0.04086110615016787,0.0,0.2,0.2,20.249999999999996,0.8,0.8,900.0,0.007,0.0,20,0.5,0.019460405,0.025492915273478536
10.227,900.2284504425535,0.040768061920551824,0.0,0.2,0.2,20.249999999999996,0.8,0.8,900.0,0.007,0.0,20,0.5,0.022155882,0.02549290577273717
10.234,900.2284503583785,0.040674475175223886,0.0,0.2,0.2,20.249999999999996,0.8,0.8,900.0,0.007,0.0,20,0.5,0.018867321,0.025492896080583426
10.241,900.2284502724674,0.040580345256415296,0.0,0.2,0.2,20.249999999999996,0.8,0.8,900.0,0.007,0.0,20,0.5,0.019241004,0.025492886176889516
10.248,900.2284501846322,0.04048567216604397,0.0,0.2,0.2,20.249999999999996,0.8,0.8,900.0,0.007,0.0,20,0.5,0.02182766,0.02549287604272039
10.255,900.2284500947605,0.040390456603162705,0.0,0.2,0.2,20.249999999999996,0.8,0.8,900.0,0.007,0.0,20,0.5,0.019191433,0.025492865663607395
10.262,900.2284500027739,0.04029469879109653,0.0,0.2,0.2,20.249999999999996,0.8,0.8,900.0,0.007,0.0,20,0.5,0.018959851,0.02549285502903104
10.269,900.2284499084677,0.04019839894638166,0.0,0.2,0.2,20.249999999999996,0.8,0.8,900.0,0.007,0.0,20,0.5,0.022773226,0.025492844129279178
10.276,900.2284498117585,0.0401015589569053,0.0,0.2,0.2,20.249999999999996,0.8,0.8,900.0,0.007,0.0,20,0.5,0.01861222,0.025492832957966345
10.283,900.2284497125877,0.04000418092399193,0.0,0.2,0.2,20.249999999999996,0.8,0.8,900.0,0.007,0.0,20,0.5,0.019562536,0.025492821512563848
10.290000000000001,900.2284496109357,0.03990626707290217,0.0,0.2,0.2,20.249999999999996,0.8,0.8,900.0,0.007,0.0,20,0.5,0.022726395,0.025492809791936903
10.297,900.2284495067737,0.03980782054984687,0.0,0.2,0.2,20.249999999999996,0.8,0.8,900.0,0.007,0.0,20,0.5,0.018900471,0.02549279779827175
10.304,900.2284494001447,0.03970884538420591,0.0,0.2,0.2,20.249999999999996,0.8,0.8,900.0,0.007,0.0,20,0.5,0.01872723,0.025492785540641563
10.311,900.2284492911743,0.03960934520560289,0.0,0.2,0.2,20.249999999999996,0.8,0.8,900.0,0.007,0.0,20,0.5,0.02185498,0.025492773045430756
10.318,900.2284491800552,0.03950931987007013,0.0,0.2,0.2,20.249999999999996,0.8,0.8,900.0,0.007,0.0,20,0.5,0.018896222,0.025492760338359944
10.325000000000001,900.2284490670024,0.039408769587531894,0.0,0.2,0.2,20.249999999999996,0.8,0.8,900.0,0.007,0.0,20,0.5,0.019100953,0.025492747447990783
10.332,900.2284489522798,0.03930769550019183,0.0,0.2,0.2,20.249999999999996,0.8,0.8,900.0,0.007,0.0,20,0.5,0.02179865,0.025492734404236675
10.339,900.2284488361504,0.03920609968432194,0.0,0.2,0.2,20.249999999999996,0.8,0.8,900.0,0.007,0.0,20,0.5,0.01876474,0.025492721236404628
10.346,900.2284487188846,0.039103985121044696,0.0,0.2,0.2,20.249999999999996,0.8,0.8,900.0,0.007,0.0,20,0.5,0.019627975,0.025492707975653853
10.353,900.2284486007576,0.039001355002737007,0.0,0.2,0.2,20.249999999999996,0.8,0.8,900.0,0.007,0.0,20,0.5,0.022391334,0.025492694652286763
10.36,900.2284484820402,0.03889821303269954,0.0,0.2,0.2,20.249999999999996,0.8,0.8,900.0,0.007,0.0,20,0.5,0.01861153,0.025492681291539802
10.367,900.2284483629561,0.03879456390969988,0.0,0.2,0.2,20.249999999999996,0.8,0.8,900.0,0.007,0.0,20,0.5,0.019023532,0.025492667913745434
10.374,900.2284482436914,0.038690413297235576,0.0,0.2,0.2,20.249999999999996,0.8,0.8,900.0,0.007,0.0,20,0.5,0.02180828,0.025492654534548492
10.381,900.2284481243862,0.03858576777404022,0.0,0.2,0.2,20.249999999999996,0.8,0.8,900.0,0.007,0.0,20,0.5,0.018824411,0.025492641164527517
10.388,900.2284480051246,0.03848063490060533,0.0,0.2,0.2,20.249999999999996,0.8,0.8,900.0,0.007,0.0,20,0.5,0.019208484,0.025492627809769033
10.395,900.2284478859732,0.0383750231747945,0.0,0.2,0.2,20.249999999999996,0.8,0.8,900.0,0.007,0.0,20,0.5,0.021948131,0.025492614473236114
10.402000000000001,900.2284477669539,0.038268941994859015,0.0,0.2,0.2,20.249999999999996,0.8,0.8,900.0,0.007,0.0,20,0.5,0.018904231,0.025492601154576168
10.409,900.2284476480775,0.038162401581229174,0.0,0.2,0.2,20.249999999999996,0.8,0.8,900.0,0.007,0.0,20,0.5,0.019214124,0.02549258785023375
10.416,900.2284475293096,0.03805541277005661,0.0,0.2,0.2,20.249999999999996,0.8,0.8,900.0,0.007,0.0,20,0.5,0.02184596,0.025492574554642416
10.423,900.2284474105929,0.03794798679315074,0.0,0.2,0.2,20.249999999999996,0.8,0.8,900.0,0.007,0.0,20,0.5,0.01867896,0.02549256126114628
10.43,900.2284472918651,0.03784013518466115,0.0,0.2,0.2,20.249999999999996,0.8,0.8,900.0,0.007,0.0,20,0.5,0.01864224,0.02549254795950549
10.437,900.2284471730375,0.03773187024203124,0.0,0.2,0.2,20.249999999999996,0.8,0.8,900.0,0.007,0.0,20,0.5,0.022553844,0.025492534632769258
10.444,900.2284470539486,0.03762320539757427,0.0,0.2,0.2,20.249999999999996,0.8,0.8,900.0,0.007,0.0,20,0.5,0.01878076,0.025492521257325595
10.451,900.2284469343933,0.03751415504455893,0.0,0.2,0.2,20.249999999999996,0.8,0.8,900.0,0.007,0.0,20,0.5,0.019338514,0.025492507803897477
10.458,900.2284468141145,0.03740473420756495,0.0,0.2,0.2,20.249999999999996,0.8,0.8,900.0,0.007,0.0,20,0.5,0.021901081,0.025492494239742817
10.465,900.2284466928073,0.03729495846667666,0.0,0.2,0.2,20.249999999999996,0.8,0.8,900.0,0.007,0.0,20,0.5,0.019255544,0.02549248053047586
10.472,900.2284465701619,0.03718484429566614,0.0,0.2,0.2,20.249999999999996,0.8,0.8,900.0,0.007,0.0,20,0.5,0.019065392,0.025492466642391683
10.479000000000001,900.2284464458722,0.037074409072014446,0.0,0.2,0.2,20.249999999999996,0.8,0.8,900.0,0.007,0.0,20,0.5,0.021983121,0.02549245254432661
10.486,900.2284463196656,0.036963671057391984,0.0,0.2,0.2,20.249999999999996,0.8,0.8,900.0,0.007,0.0,20,0.5,0.018615659,0.025492438209741317
10.493,900.2284461913047,0.03685264925733685,0.0,0.2,0.2,20.249999999999996,0.8,0.8,900.0,0.007,0.0,20,0.5,0.018962531,0.02549242361853062
10.5,900.2284460606015,0.03674136303004308,0.0,0.2,0.2,20.249999999999996,0.8,0.8,900.0,0.007,0.0,20,0.5,0.021933671,0.025492408755128385
10.507,900.2284459274367,0.03662983243904785,0.0,0.2,0.2,20.249999999999996,0.8,0.8,900.0,0.007,0.0,20,0.5,0.019383575,0.0254923936123706
10.514,900.2284457917413,0.03651807785100971,0.0,0.2,0.2,20.249999999999996,0.8,0.8,900.0,0.007,0.0,20,0.5,0.019104473,0.02549237819213468
10.521,900.228445653516,0.03640612008419097,0.0,0.2,0.2,20.249999999999996,0.8,0.8,900.0,0.007,0.0,20,0.5,0.022276123,0.025492362504596106
10.528,900.2284455128646,0.03629398039019556,0.0,0.2,0.2,20.249999999999996,0.8,0.8,900.0,0.007,0.0,20,0.5,0.018981041,0.025492346571680046
10.535,900.228445369965,0.03618167973537082,0.0,0.2,0.2,20.249999999999996,0.8,0.8,900.0,0.007,0.0,20,0.5,0.01877189,0.02549233042454133
10.542,900.2284452251066,0.03606923961908431,0.0,0.2,0.2,20.249999999999996,0.8,0.8,900.0,0.007,0.0,20,0.5,0.022121962,0.025492314101992864
10.549,900.2284450786321,0.035956682156287924,0.0,0.2,0.2,20.249999999999996,0.8,0.8,900.0,0.007,0.0,20,0.5,0.01863739,0.025492297645531976
10.556000000000001,900.2284449309369,0.03584402995448183,0.0,0.2,0.2,20.249999999999996,0.8,0.8,900.0,0.007,0.0,20,0.5,0.019090183,0.02549228109692321
10.563,900.2284447823791,0.035731305885259516,0.0,0.2,0.2,20.249999999999996,0.8,0.8,900.0,0.007,0.0,20,0.5,0.021932061,0.02549226449633664
10.57,900.2284446333163,0.0356185331684757,0.0,0.2,0.2,20.249999999999996,0.8,0.8,900.0,0.007,0.0,20,0.5,0.018859931,0.025492247882119595
10.577,900.2284444840922,0.03550573543358255,0.0,0.2,0.2,20.249999999999996,0.8,0.8,900.0,0.007,0.0,20,0.5,0.018826961,0.025492231289958252
10.584,900.2284443350309,0.03539293683471423,0.0,0.2,0.2,20.249999999999996,0.8,0.8,900.0,0.007,0.0,20,0.5,0.022161162,0.0254922147507616
10.591000000000001,900.2284441864074,0.03528016190461279,0.0,0.2,0.2,20.249999999999996,0.8,0.8,900.0,0.007,0.0,20,0.5,0.018972182,0.025492198285844966
10.598,900.2284440384138,0.03516743553155505,0.0,0.2,0.2,20.249999999999996,0.8,0.8,900.0,0.007,0.0,20,0.5,0.019040932,0.02549218190489223
10.605,900.2284438911339,0.03505478298751124,0.0,0.2,0.2,20.249999999999996,0.8,0.8,900.0,0.007,0.0,20,0.5,0.022236383,0.025492165607139204
10.612,900.2284437445795,0.0349422294965348,0.0,0.2,0.2,20.249999999999996,0.8,0.8,900.0,0.007,0.0,20,0.5,0.019036892,0.025492149384841862
10.619,900.2284435986602,0.03482979982142906,0.0,0.2,0.2,20.249999999999996,0.8,0.8,900.0,0.007,0.0,20,0.5,0.018858721,0.025492133222529516
10.626,900.2284434532803,0.034717518598068105,0.0,0.2,0.2,20.249999999999996,0.8,0.8,900.0,0.007,0.0,20,0.5,0.022342583,0.025492117108693375
10.633000000000001,900.2284433083073,0.03460540762292304,0.0,0.2,0.2,20.249999999999996,0.8,0.8,900.0,0.007,0.0,20,0.5,0.019096273,0.025492101020865778
10.64,900.2284431635327,0.03449348827637084,0.0,0.2,0.2,20.249999999999996,0.8,0.8,900.0,0.007,0.0,20,0.5,0.019684256,0.025492084927508832
10.647,900.2284430186681,0.03438178215258442,0.0,0.2,0.2,20.249999999999996,0.8,0.8,900.0,0.007,0.0,20,0.5,0.022024921,0.025492068794139563
10.654,900.2284428734134,0.03427031102932298,0.0,0.2,0.2,20.249999999999996,0.8,0.8,900.0,0.007,0.0,20,0.5,0.019445955,0.025492052587864
10.661,900.2284427274662,0.034159096812015365,0.0,0.2,0.2,20.249999999999996,0.8,0.8,900.0,0.007,0.0,20,0.5,0.019088283,0.02549203627931288
10.668000000000001,900.2284425805583,0.03404816151189305,0.0,0.2,0.2,20.249999999999996,0.8,0.8,900.0,0.007,0.0,20,0.5,0.022341684,0.025492019844778578
10.675,900.2284424324827,0.03393752721109314,0.0,0.2,0.2,20.249999999999996,0.8,0.8,900.0,0.007,0.0,20,0.5,0.01870451,0.02549200326793439
10.682,900.2284422830867,0.03382721610257504,0.0,0.2,0.2,20.249999999999996,0.8,0.8,900.0,0.007,0.0,20,0.5,0.019097602,0.025491986541748397
10.689,900.2284421323083,0.03371725026256546,0.0,0.2,0.2,20.249999999999996,0.8,0.8,900.0,0.007,0.0,20,0.5,0.02183979,0.02549196966888732
10.696,900.2284419801807,0.03360765169175081,0.0,0.2,0.2,20.249999999999996,0.8,0.8,900.0,0.007,0.0,20,0.5,0.018957792,0.025491952661648793
10.703,900.2284418268019,0.03349844215083881,0.0,0.2,0.2,20.249999999999996,0.8,0.8,900.0,0.007,0.0,20,0.5,0.019597716,0.025491935539738962
10.71,900.2284416723542,0.033389643397829044,0.0,0.2,0.2,20.249999999999996,0.8,0.8,900.0,0.007,0.0,20,0.5,0.022745126,0.025491918329175797
10.717,900.2284415170664,0.03328127721755987,0.0,0.2,0.2,20.249999999999996,0.8,0.8,900.0,0.007,0.0,20,0.5,0.0186233,0.025491901060349636
10.724,900.2284413612125,0.0331733653672491,0.0,0.2,0.2,20.249999999999996,0.8,0.8,900.0,0.007,0.0,20,0.5,0.018805211,0.02549188376598271
10.731,900.2284412050867,0.033065929565293556,0.0,0.2,0.2,20.249999999999996,0.8,0.8,900.0,0.007,0.0,20,0.5,0.022172433,0.02549186647974959
10.738,900.228441048981,0.03295899151634709,0.0,0.2,0.2,20.249999999999996,0.8,0.8,900.0,0.007,0.0,20,0.5,0.019085212,0.025491849233903758
10.745000000000001,900.2284408931299,0.03285257296807242,0.0,0.2,0.2,20.249999999999996,0.8,0.8,900.0,0.007,0.0,20,0.5,0.019246333,0.02549183205737658
10.752,900.2284407378559,0.032746695738626354,0.0,0.2,0.2,20.249999999999996,0.8,0.8,900.0,0.007,0.0,20,0.5,0.022363664,0.025491814980924978
10.759,900.2284405834412,0.032641381582100136,0.0,0.2,0.2,20.249999999999996,0.8,0.8,900.0,0.007,0.0,20,0.5,0.019211683,0.02549179803198639
10.766,900.2284404301354,0.032536652174079965,0.0,0.2,0.2,20.249999999999996,0.8,0.8,900.0,0.007,0.0,20,0.5,0.019792237,0.025491781234753836
10.773,900.2284402781496,0.03243252909758297,0.0,0.2,0.2,20.249999999999996,0.8,0.8,900.0,0.007,0.0,20,0.5,0.022523275,0.02549176461087128
10.78,900.2284401276852,0.032329033839781814,0.0,0.2,0.2,20.249999999999996,0.8,0.8,900.0,0.007,0.0,20,0.5,0.019164263,0.025491748179725434
10.787,900.2284399789162,0.03222618776889069,0.0,0.2,0.2,20.249999999999996,0.8,0.8,900.0,0.007,0.0,20,0.5,0.019059112,0.02549173195874849
10.794,900.228439832,0.03212401210182098,0.0,0.2,0.2,20.249999999999996,0.8,0.8,900.0,0.007,0.0,20,0.5,0.022066281,0.02549171596430637
10.801,900.2284396870841,0.03202252784400679,0.0,0.2,0.2,20.249999999999996,0.8,0.8,900.0,0.007,0.0,20,0.5,0.019415325,0.025491700211093243
10.808,900.2284395443156,0.031921755645329335,0.0,0.2,0.2,20.249999999999996,0.8,0.8,900.0,0.007,0.0,20,0.5,0.019113232,0.02549168471246822
10.815,900.2284394038003,0.03182171571639441,0.0,0.2,0.2,20.249999999999996,0.8,0.8,900.0,0.007,0.0,20,0.5,0.022758346,0.0254916694792433
10.822000000000001,900.228439265632,0.031722428150848664,0.0,0.2,0.2,20.249999999999996,0.8,0.8,900.0,0.007,0.0,20,0.5,0.019016572,0.025491654518803773
10.829,900.228439129876,0.0316239129511101,0.0,0.2,0.2,20.249999999999996,0.8,0.8,900.0,0.007,0.0,20,0.5,0.02036712,0.025491639834856448
10.836,900.228438996564,0.031526190015381386,0.0,0.2,0.2,20.249999999999996,0.8,0.8,900.0,0.007,0.0,20,0.5,0.022393714,0.02549162542717413
10.843,900.2284388657035,0.03142927911998929,0.0,0.2,0.2,20.249999999999996,0.8,0.8,900.0,0.007,0.0,20,0.5,0.019238954,0.025491611291234884
10.85,900.2284387372483,0.031333199899214396,0.0,0.2,0.2,20.249999999999996,0.8,0.8,900.0,0.007,0.0,20,0.5,0.019081582,0.0254915974183897
10.857000000000001,900.2284386111241,0.03123797176671419,0.0,0.2,0.2,20.249999999999996,0.8,0.8,900.0,0.007,0.0,20,0.5,0.022314823,0.025491583796780744
10.864,900.2284384872304,0.03114361380646031,0.0,0.2,0.2,20.249999999999996,0.8,0.8,900.0,0.007,0.0,20,0.5,0.018928361,0.025491570412083192
10.871,900.2284383654351,0.031050144724846806,0.0,0.2,0.2,20.249999999999996,0.8,0.8,900.0,0.007,0.0,20,0.5,0.019068532,0.025491557246192915
10.878,900.2284382455721,0.03095758307881787,0.0,0.2,0.2,20.249999999999996,0.8,0.8,900.0,0.007,0.0,20,0.5,0.022291893,0.025491544278258168
10.885,900.2284381274632,0.03086594725832078,0.0,0.2,0.2,20.249999999999996,0.8,0.8,900.0,0.007,0.0,20,0.5,0.01875121,0.025491531485717304
10.892,900.2284380108981,0.030775255218171635,0.0,0.2,0.2,20.249999999999996,0.8,0.8,900.0,0.007,0.0,20,0.5,0.018902581,0.02549151884312424
10.899000000000001,900.2284378956582,0.030685524528440648,0.0,0.2,0.2,20.249999999999996,0.8,0.8,900.0,0.007,0.0,20,0.5,0.022920146,0.025491506324287743
10.906,900.2284377815064,0.03059677227019482,0.0,0.2,0.2,20.249999999999996,0.8,0.8,900.0,0.007,0.0,20,0.5,0.019216123,0.025491493903740146
10.913,900.2284376682056,0.030509015152789132,0.0,0.2,0.2,20.249999999999996,0.8,0.8,900.0,0.007,0.0,20,0.5,0.018850771,0.02549148155911715
10.92,900.2284375555658,0.03042226971648107,0.0,0.2,0.2,20.249999999999996,0.8,0.8,900.0,0.007,0.0,20,0.5,0.022520645,0.02549146927346694
10.927,900.2284374434261,0.03033655201609685,0.0,0.2,0.2,20.249999999999996,0.8,0.8,900.0,0.007,0.0,20,0.5,0.018872741,0.02549145703415215
10.934000000000001,900.228437331672,0.030251877865506104,0.0,0.2,0.2,20.249999999999996,0.8,0.8,900.0,0.007,0.0,20,0.5,0.01874735,0.025491444832870854
10.941,900.2284372202341,0.030168262916197956,0.0,0.2,0.2,20.249999999999996,0.8,0.8,900.0,0.007,0.0,20,0.5,0.022058522,0.025491432665772466
10.948,900.2284371090757,0.030085722660967346,0.0,0.2,0.2,20.249999999999996,0.8,0.8,900.0,0.007,0.0,20,0.5,0.01883361,0.02549142053305787
10.955,900.2284369982025,0.03000427240339553,0.0,0.2,0.2,20.249999999999996,0.8,0.8,900.0,0.007,0.0,20,0.5,0.0187301,0.025491408438984415
10.962,900.228436887649,0.029923927207206283,0.0,0.2,0.2,20.249999999999996,0.8,0.8,900.0,0.007,0.0,20,0.5,0.022161002,0.02549139639118277
10.969,900.2284367774893,0.029844702007608442,0.0,0.2,0.2,20.249999999999996,0.8,0.8,900.0,0.007,0.0,20,0.5,0.019263844,0.025491384400055824
10.976,900.2284366678086,0.029766611624509273,0.0,0.2,0.2,20.249999999999996,0.8,0.8,900.0,0.007,0.0,20,0.5,0.018953672,0.025491372478559347
10.983,900.228436558729,0.029689670717945635,0.0,0.2,0.2,20.249999999999996,0.8,0.8,900.0,0.007,0.0,20,0.5,0.022269373,0.02549136064114903
10.99,900.2284364503774,0.02961389382080668,0.0,0.2,0.2,20.249999999999996,0.8,0.8,900.0,0.007,0.0,20,0.5,0.018830341,0.025491348903015725
10.997,900.2284363428956,0.029539295348232377,0.0,0.2,0.2,20.249999999999996,0.8,0.8,900.0,0.007,0.0,20,0.5,0.018827341,0.025491337279074013
11.004,900.2284362364143,0.02946588960899396,0.0,0.2,0.2,20.249999999999996,0.8,0.8,900.0,0.007,0.0,20,0.5,0.022071181,0.02549132578282151
11.011000000000001,900.2284361310591,0.02939369080567828,0.0,0.2,0.2,20.249999999999996,0.8,0.8,900.0,0.007,0.0,20,0.5,0.019589556,0.025491314426872583
11.018,900.228436026944,0.029322712712505212,0.0,0.2,0.2,20.249999999999996,0.8,0.8,900.0,0.007,0.0,20,0.5,0.018821181,0.025491303222166084
11.025,900.2284359241668,0.029252968844133136,0.0,0.2,0.2,20.249999999999996,0.8,0.8,900.0,0.007,0.0,20,0.5,0.022048221,0.025491292178360197
11.032,900.2284358228103,0.029184472604492685,0.0,0.2,0.2,20.249999999999996,0.8,0.8,900.0,0.007,0.0,20,0.5,0.019007272,0.025491281304084172
11.039,900.2284357229588,0.029117237304245928,0.0,0.2,0.2,20.249999999999996,0.8,0.8,900.0,0.007,0.0,20,0.5,0.019165003,0.02549127060631672
11.046,900.2284356246745,0.029051276138519076,0.0,0.2,0.2,20.249999999999996,0.8,0.8,900.0,0.007,0.0,20,0.5,0.022510994,0.02549126009008976
11.053,900.2284355280062,0.028986602013055016,0.0,0.2,0.2,20.249999999999996,0.8,0.8,900.0,0.007,0.0,20,0.5,0.018862771,0.025491249756641514
11.06,900.228435432956,0.028923227700624846,0.0,0.2,0.2,20.249999999999996,0.8,0.8,900.0,0.007,0.0,20,0.5,0.019396115,0.025491239604181943
11.067,900.228435339516,0.028861165895035523,0.0,0.2,0.2,20.249999999999996,0.8,0.8,900.0,0.007,0.0,20,0.5,0.02178226,0.025491229628598802
11.074,900.2284352476461,0.028800429208697142,0.0,0.2,0.2,20.249999999999996,0.8,0.8,900.0,0.007,0.0,20,0.5,0.020130819,0.025491219824198733
11.081,900.2284351573077,0.028741030076486304,0.0,0.2,0.2,20.249999999999996,0.8,0.8,900.0,0.007,0.0,20,0.5,0.018988902,0.025491210183540225
11.088000000000001,900.2284350684381,0.028682980738363135,0.0,0.2,0.2,20.249999999999996,0.8,0.8,900.0,0.007,0.0,20,0.5,0.022280563,0.02549120069805711
11.095,900.2284349809618,0.028626292997560865,0.0,0.2,0.2,20.249999999999996,0.8,0.8,900.0,0.007,0.0,20,0.5,0.019181813,0.025491191358782597
11.102,900.2284348947902,0.028570978369326237,0.0,0.2,0.2,20.249999999999996,0.8,0.8,900.0,0.007,0.0,20,0.5,0.019339424,0.025491182158845844
11.109,900.2284348098603,0.028517047920358137,0.0,0.2,0.2,20.249999999999996,0.8,0.8,900.0,0.007,0.0,20,0.5,0.022516824,0.02549117309277413
11.116,900.2284347261208,0.028464512509627105,0.0,0.2,0.2,20.249999999999996,0.8,0.8,900.0,0.007,0.0,20,0.5,0.019700107,0.025491164157481257
11.123000000000001,900.2284346435509,0.02841338264007368,0.0,0.2,0.2,20.249999999999996,0.8,0.8,900.0,0.007,0.0,20,0.5,0.019091183,0.02549115535106752
11.13,900.2284345621248,0.028363668700487437,0.0,0.2,0.2,20.249999999999996,0.8,0.8,900.0,0.007,0.0,20,0.5,0.02336494,0.025491146673317547
11.137,900.2284344818571,0.02831538102590598,0.0,0.2,0.2,20.249999999999996,0.8,0.8,900.0,0.007,0.0,20,0.5,0.018900911,0.025491138127357642
11.144,900.2284344027721,0.028268529729867452,0.0,0.2,0.2,20.249999999999996,0.8,0.8,900.0,0.007,0.0,20,0.5,0.019613725,0.02549112971754089
11.151,900.228434324912,0.02822312476939995,0.0,0.2,0.2,20.249999999999996,0.8,0.8,900.0,0.007,0.0,20,0.5,0.022684595,0.025491121447592236
11.158,900.2284342483151,0.02817917595653314,0.0,0.2,0.2,20.249999999999996,0.8,0.8,900.0,0.007,0.0,20,0.5,0.018883151,0.025491113322402354
11.165000000000001,900.228434173063,0.028136692532486962,0.0,0.2,0.2,20.249999999999996,0.8,0.8,900.0,0.007,0.0,20,0.5,0.019174023,0.02549110535007677
11.172,900.2284340991888,0.02809568197519929,0.0,0.2,0.2,20.249999999999996,0.8,0.8,900.0,0.007,0.0,20,0.5,0.021986611,0.025491097533947998
11.179,900.2284340267155,0.028056151323497158,0.0,0.2,0.2,20.249999999999996,0.8,0.8,900.0,0.007,0.0,20,0.5,0.019398525,0.02549108987375617
11.186,900.2284339556371,0.0280181074938359,0.0,0.2,0.2,20.249999999999996,0.8,0.8,900.0,0.007,0.0,20,0.5,0.019319084,0.02549108236793121
11.193,900.2284338859437,0.02798155728222837,0.0,0.2,0.2,20.249999999999996,0.8,0.8,900.0,0.007,0.0,20,0.5,0.021939411,0.025491075014477303
11.200000000000001,900.2284338176163,0.027946507427509763,0.0,0.2,0.2,20.249999999999996,0.8,0.8,900.0,0.007,0.0,20,0.5,0.018776011,0.02549106781138844
11.207,900.2284337506399,0.027912964629482975,0.0,0.2,0.2,20.249999999999996,0.8,0.8,900.0,0.007,0.0,20,0.5,0.019067552,0.025491060757051518
11.214,900.2284336849963,0.027880935512415987,0.0,0.2,0.2,20.249999999999996,0.8,0.8,900.0,0.007,0.0,20,0.5,0.022282373,0.02549105385075199
11.221,900.2284336206866,0.027850426491985176,0.0,0.2,0.2,20.249999999999996,0.8,0.8,900.0,0.007,0.0,20,0.5,0.018954962,0.025491047091913563
11.228,900.2284335577019,0.027821443930333464,0.0,0.2,0.2,20.249999999999996,0.8,0.8,900.0,0.007,0.0,20,0.5,0.018883181,0.025491040480831
11.235,900.2284334960489,0.027793994164651916,0.0,0.2,0.2,20.249999999999996,0.8,0.8,900.0,0.007,0.0,20,0.5,0.022313263,0.02549103401985325
11.242,900.2284334357457,0.027768083424824362,0.0,0.2,0.2,20.249999999999996,0.8,0.8,900.0,0.007,0.0,20,0.5,0.019379345,0.02549102771294033
11.249,900.2284333768383,0.02774371787647231,0.0,0.2,0.2,20.249999999999996,0.8,0.8,900.0,0.007,0.0,20,0.5,0.018924322,0.025491021565409215
11.256,900.2284333193683,0.027720903610865242,0.0,0.2,0.2,20.249999999999996,0.8,0.8,900.0,0.007,0.0,20,0.5,0.022233793,0.025491015583636027
11.263,900.2284332633974,0.027699646705373886,0.0,0.2,0.2,20.249999999999996,0.8,0.8,900.0,0.007,0.0,20,0.5,0.018755721,0.025491009775065826
11.27,900.2284332089973,0.027679953164142276,0.0,0.2,0.2,20.249999999999996,0.8,0.8,900.0,0.007,0.0,20,0.5,0.018939241,0.025491004147343815
11.277000000000001,900.2284331562547,0.02766182885191131,0.0,0.2,0.2,20.249999999999996,0.8,0.8,900.0,0.007,0.0,20,0.5,0.021701119,0.0254909987138343
11.284,900.2284331053427,0.027645276729566782,0.0,0.2,0.2,20.249999999999996,0.8,0.8,900.0,0.007,0.0,20,0.5,0.019316354,0.025490993498326283
11.291,900.228433056404,0.02763029482698093,0.0,0.2,0.2,20.249999999999996,0.8,0.8,900.0,0.007,0.0,20,0.5,0.018918201,0.025490988510749164
11.298,900.2284330095177,0.027616881100316158,0.0,0.2,0.2,20.249999999999996,0.8,0.8,900.0,0.007,0.0,20,0.5,0.022612965,0.025490983757958594
11.305,900.2284329647487,0.02760503364804708,0.0,0.2,0.2,20.249999999999996,0.8,0.8,900.0,0.007,0.0,20,0.5,0.019020072,0.025490979243346232
11.312,900.2284329221281,0.027594750684180522,0.0,0.2,0.2,20.249999999999996,0.8,0.8,900.0,0.007,0.0,20,0.5,0.018922471,0.025490974964890785
11.319,900.2284328816338,0.02758603061834586,0.0,0.2,0.2,20.249999999999996,0.8,0.8,900.0,0.007,0.0,20,0.5,0.022140262,0.025490970915430275
11.326,900.228432843211,0.02757887207653796,0.0,0.2,0.2,20.249999999999996,0.8,0.8,900.0,0.007,0.0,20,0.5,0.019322914,0.025490967084562027
11.333,900.228432806773,0.027573273799362242,0.0,0.2,0.2,20.249999999999996,0.8,0.8,900.0,0.007,0.0,20,0.5,0.019138323,0.02549096345974779
11.34,900.2284327721927,0.027569234681193152,0.0,0.2,0.2,20.249999999999996,0.8,0.8,900.0,0.007,0.0,20,0.5,0.022291543,0.025490960027370415
11.347,900.2284327393502,0.027566753928438822,0.0,0.2,0.2,20.249999999999996,0.8,0.8,900.0,0.007,0.0,20,0.5,0.019096512,0.02549095677507547
11.354000000000001,900.2284327081344,0.027565831097484745,0.0,0.2,0.2,20.249999999999996,0.8,0.8,900.0,0.007,0.0,20,0.5,0.01872237,0.02549095369264075
11.361,900.2284326784569,0.02756646608339614,0.0,0.2,0.2,20.249999999999996,0.8,0.8,900.0,0.007,0.0,20,0.5,0.0218664,0.02549095077240275
11.368,900.2284326502511,0.027568659149437545,0.0,0.2,0.2,20.249999999999996,0.8,0.8,900.0,0.007,0.0,20,0.5,0.018523719,0.025490948010971376
11.375,900.2284326234865,0.027572410826571282,0.0,0.2,0.2,20.249999999999996,0.8,0.8,900.0,0.007,0.0,20,0.5,0.018968702,0.025490945408633194
11.382,900.2284325981701,0.027577722013176254,0.0,0.2,0.2,20.249999999999996,0.8,0.8,900.0,0.007,0.0,20,0.5,0.022427694,0.02549094296871818
11.389000000000001,900.2284325743219,0.027584594029021303,0.0,0.2,0.2,20.249999999999996,0.8,0.8,900.0,0.007,0.0,20,0.5,0.018843171,0.02549094069713705
11.396,900.2284325520005,0.02759302866814934,0.0,0.2,0.2,20.249999999999996,0.8,0.8,900.0,0.007,0.0,20,0.5,0.019311994,0.02549093860174353
11.403,900.2284325312766,0.027603028228112572,0.0,0.2,0.2,20.249999999999996,0.8,0.8,900.0,0.007,0.0,20,0.5,0.02176047,0.025490936691508495
11.41,900.2284325122341,0.027614595530139032,0.0,0.2,0.2,20.249999999999996,0.8,0.8,900.0,0.007,0.0,20,0.5,0.018828801,0.025490934975642733
11.417,900.2284324949536,0.027627733875507893,0.0,0.2,0.2,20.249999999999996,0.8,0.8,900.0,0.007,0.0,20,0.5,0.019288623,0.02549093346288054
11.424,900.2284324795302,0.027642446996563208,0.0,0.2,0.2,20.249999999999996,0.8,0.8,900.0,0.007,0.0,20,0.5,0.02190741,0.025490932163506064
11.431000000000001,900.2284324660436,0.027658738310980487,0.0,0.2,0.2,20.249999999999996,0.8,0.8,900.0,0.007,0.0,20,0.5,0.018926352,0.025490931084148724
11.438,900.228432454552,0.02767661153779926,0.0,0.2,0.2,20.249999999999996,0.8,0.8,900.0,0.007,0.0,20,0.5,0.019133193,0.025490930226580402
11.445,900.2284324450612,0.027696071003850357,0.0,0.2,0.2,20.249999999999996,0.8,0.8,900.0,0.007,0.0,20,0.5,0.022665485,0.025490929588551405
11.452,900.2284324375621,0.027717121743071747,0.0,0.2,0.2,20.249999999999996,0.8,0.8,900.0,0.007,0.0,20,0.5,0.01879406,0.025490929164520445
11.459,900.2284324319988,0.027739769433924966,0.0,0.2,0.2,20.249999999999996,0.8,0.8,900.0,0.007,0.0,20,0.5,0.019053862,0.025490928945918832
11.466000000000001,900.2284324283065,0.027764020487586336,0.0,0.2,0.2,20.249999999999996,0.8,0.8,900.0,0.007,0.0,20,0.5,0.022182443,0.025490928928764423
11.473,900.2284324264721,0.027789880475525042,0.0,0.2,0.2,20.249999999999996,0.8,0.8,900.0,0.007,0.0,20,0.5,0.01878745,0.025490929120611287
11.48,900.2284324265287,0.02781735265602425,0.0,0.2,0.2,20.249999999999996,0.8,0.8,900.0,0.007,0.0,20,0.5,0.019028532,0.025490929519454458
11.487,900.2284324284648,0.02784644093357856,0.0,0.2,0.2,20.249999999999996,0.8,0.8,900.0,0.007,0.0,20,0.5,0.021987251,0.02549093011676649
11.494,900.2284324322005,0.02787714992818179,0.0,0.2,0.2,20.249999999999996,0.8,0.8,900.0,0.007,0.0,20,0.5,0.019590896,0.025490930899766024
11.501,900.2284324376224,0.027909485029108644,0.0,0.2,0.2,20.249999999999996,0.8,0.8,900.0,0.007,0.0,20,0.5,0.019166783,0.025490931855199236
11.508000000000001,900.2284324447008,0.02794345136274045,0.0,0.2,0.2,20.249999999999996,0.8,0.8,900.0,0.007,0.0,20,0.5,0.021964811,0.02549093299058168
11.515,900.2284324534685,0.02797904781986301,0.0,0.2,0.2,20.249999999999996,0.8,0.8,900.0,0.007,0.0,20,0.5,0.01874858,0.025490934305542237
11.522,900.228432463873,0.028016271313376456,0.0,0.2,0.2,20.249999999999996,0.8,0.8,900.0,0.007,0.0,20,0.5,0.01877999,0.02549093578753541
11.529,900.2284324758234,0.02805511887885133,0.0,0.2,0.2,20.249999999999996,0.8,0.8,900.0,0.007,0.0,20,0.5,0.022314183,0.02549093742049286
11.536,900.2284324891622,0.028095586851245656,0.0,0.2,0.2,20.249999999999996,0.8,0.8,900.0,0.007,0.0,20,0.5,0.019126353,0.025490939181323728
11.543000000000001,900.2284325036783,0.028137671756339824,0.0,0.2,0.2,20.249999999999996,0.8,0.8,900.0,0.007,0.0,20,0.5,0.018763281,0.025490941043056718
11.55,900.2284325191683,0.028181369399279663,0.0,0.2,0.2,20.249999999999996,0.8,0.8,900.0,0.007,0.0,20,0.5,0.022001001,0.02549094298595838
11.557,900.2284325354277,0.028226671074355846,0.0,0.2,0.2,20.249999999999996,0.8,0.8,900.0,0.007,0.0,20,0.5,0.019375064,0.025490944981635365
11.564,900.2284325521737,0.028273567562053598,0.0,0.2,0.2,20.249999999999996,0.8,0.8,900.0,0.007,0.0,20,0.5,0.019085662,0.02549094699936769
11.571,900.2284325691433,0.028322049996046907,0.0,0.2,0.2,20.249999999999996,0.8,0.8,900.0,0.007,0.0,20,0.5,0.022571064,0.025490949013018693
11.578,900.2284325860915,0.02837210986106659,0.0,0.2,0.2,20.249999999999996,0.8,0.8,900.0,0.007,0.0,20,0.5,0.018928401,0.02549095100259978
11.585,900.228432602852,0.028423738975433717,0.0,0.2,0.2,20.249999999999996,0.8,0.8,900.0,0.007,0.0,20,0.5,0.019678457,0.025490952955045568
11.592,900.2284326192951,0.028476929366211445,0.0,0.2,0.2,20.249999999999996,0.8,0.8,900.0,0.007,0.0,20,0.5,0.022374094,0.025490954862095634
11.599,900.2284326353496,0.02853167341180492,0.0,0.2,0.2,20.249999999999996,0.8,0.8,900.0,0.007,0.0,20,0.5,0.019525325,0.025490956718879007
11.606,900.2284326509687,0.028587963894017528,0.0,0.2,0.2,20.249999999999996,0.8,0.8,900.0,0.007,0.0,20,0.5,0.019544515,0.02549095852341693
11.613,900.2284326661396,0.02864579395101503,0.0,0.2,0.2,20.249999999999996,0.8,0.8,900.0,0.007,0.0,20,0.5,0.02180809,0.025490960276828147
11.620000000000001,900.228432680871,0.02870515709498605,0.0,0.2,0.2,20.249999999999996,0.8,0.8,900.0,0.007,0.0,20,0.5,0.019202063,0.025490961983456902
11.627,900.2284326952017,0.02876604722758045,0.0,0.2,0.2,20.249999999999996,0.8,0.8,900.0,0.007,0.0,20,0.5,0.018961401,0.02549096365095573
11.634,900.2284327092012,0.02882845864153836,0.0,0.2,0.2,20.249999999999996,0.8,0.8,900.0,0.007,0.0,20,0.5,0.022643585,0.025490965290165403
11.641,900.2284327229645,0.02889238603087925,0.0,0.2,0.2,20.249999999999996,0.8,0.8,900.0,0.007,0.0,20,0.5,0.019409085,0.025490966914985806
11.648,900.2284327366176,0.028957824499162083,0.0,0.2,0.2,20.249999999999996,0.8,0.8,900.0,0.007,0.0,20,0.5,0.019169893,0.025490968542137445
11.655,900.2284327503095,0.029024769571148752,0.0,0.2,0.2,20.249999999999996,0.8,0.8,900.0,0.007,0.0,20,0.5,0.022142572,0.02549097019088277
11.662,900.2284327642199,0.029093217161275726,0.0,0.2,0.2,20.249999999999996,0.8,0.8,900.0,0.007,0.0,20,0.5,0.019503055,0.025490971883276637
11.669,900.2284327785424,0.02916316335536149,0.0,0.2,0.2,20.249999999999996,0.8,0.8,900.0,0.007,0.0,20,0.5,0.018924021,0.02549097364325316
11.676,900.2284327934931,0.0292346046288429,0.0,0.2,0.2,20.249999999999996,0.8,0.8,900.0,0.007,0.0,20,0.5,0.022448673,0.02549097549593659
11.683,900.2284328093021,0.029307537800370254,0.0,0.2,0.2,20.249999999999996,0.8,0.8,900.0,0.007,0.0,20,0.5,0.018882421,0.02549097746577932
11.69,900.228432826183,0.02938196005849485,0.0,0.2,0.2,20.249999999999996,0.8,0.8,900.0,0.007,0.0,20,0.5,0.019146852,0.025490979575055524
11.697000000000001,900.2284328443359,0.02945786902405684,0.0,0.2,0.2,20.249999999999996,0.8,0.8,900.0,0.007,0.0,20,0.5,0.022554965,0.025490981843075265
11.704,900.2284328639338,0.029535262776503476,0.0,0.2,0.2,20.249999999999996,0.8,0.8,900.0,0.007,0.0,20,0.5,0.019595355,0.0254909842850579
11.711,900.2284328851151,0.02961413985154345,0.0,0.2,0.2,20.249999999999996,0.8,0.8,900.0,0.007,0.0,20,0.5,0.019065502,0.02549098691100294
11.718,900.2284329079658,0.029694499156212546,0.0,0.2,0.2,20.249999999999996,0.8,0.8,900.0,0.007,0.0,20,0.5,0.02190888,0.025490989724474243
11.725,900.2284329325184,0.029776340066397636,0.0,0.2,0.2,20.249999999999996,0.8,0.8,900.0,0.007,0.0,20,0.5,0.019208093,0.025490992723151747
11.732000000000001,900.2284329587507,0.029859662478179706,0.0,0.2,0.2,20.249999999999996,0.8,0.8,900.0,0.007,0.0,20,0.5,0.019646516,0.02549099589798314
11.739,900.2284329865885,0.029944466789316445,0.0,0.2,0.2,20.249999999999996,0.8,0.8,900.0,0.007,0.0,20,0.5,0.021947921,0.025490999233515294
11.746,900.2284330159046,0.030030753810092074,0.0,0.2,0.2,20.249999999999996,0.8,0.8,900.0,0.007,0.0,20,0.5,0.018932882,0.02549100270864759
11.753,900.2284330464984,0.030118523816030796,0.0,0.2,0.2,20.249999999999996,0.8,0.8,900.0,0.007,0.0,20,0.5,0.019291113,0.025491006289581345
11.76,900.2284330780633,0.030207777305420926,0.0,0.2,0.2,20.249999999999996,0.8,0.8,900.0,0.007,0.0,20,0.5,0.022328623,0.025491009936165352
11.767,900.2284331102526,0.030298514410278858,0.0,0.2,0.2,20.249999999999996,0.8,0.8,900.0,0.007,0.0,20,0.5,0.018886981,0.025491013606542944
11.774000000000001,900.2284331426799,0.03039073506645383,0.0,0.2,0.2,20.249999999999996,0.8,0.8,900.0,0.007,0.0,20,0.5,0.019089102,0.02549101726123663
11.781,900.2284331749993,0.030484438898397668,0.0,0.2,0.2,20.249999999999996,0.8,0.8,900.0,0.007,0.0,20,0.5,0.02185676,0.025491020864543933
11.788,900.2284332068867,0.030579625000924975,0.0,0.2,0.2,20.249999999999996,0.8,0.8,900.0,0.007,0.0,20,0.5,0.019111813,0.02549102438237122
11.795,900.2284332380264,0.030676292256669836,0.0,0.2,0.2,20.249999999999996,0.8,0.8,900.0,0.007,0.0,20,0.5,0.019352784,0.02549102778189763
11.802,900.2284332681232,0.030774439861486574,0.0,0.2,0.2,20.249999999999996,0.8,0.8,900.0,0.007,0.0,20,0.5,0.02185876,0.02549103103638172
11.809000000000001,900.2284332969363,0.030874067350647464,0.0,0.2,0.2,20.249999999999996,0.8,0.8,900.0,0.007,0.0,20,0.5,0.019046612,0.025491034127913478
11.816,900.2284333243044,0.030975174784954488,0.0,0.2,0.2,20.249999999999996,0.8,0.8,900.0,0.007,0.0,20,0.5,0.018788031,0.025491037048345627
11.823,900.2284333501552,0.03107776277361259,0.0,0.2,0.2,20.249999999999996,0.8,0.8,900.0,0.007,0.0,20,0.5,0.022282053,0.025491039798322478
11.83,900.2284333745109,0.031181832377188634,0.0,0.2,0.2,20.249999999999996,0.8,0.8,900.0,0.007,0.0,20,0.5,0.019072613,0.025491042388222494
11.837,900.2284333974679,0.03128738329380441,0.0,0.2,0.2,20.249999999999996,0.8,0.8,900.0,0.007,0.0,20,0.5,0.018878171,0.025491044838050803
11.844,900.2284334192019,0.031394414814168714,0.0,0.2,0.2,20.249999999999996,0.8,0.8,900.0,0.007,0.0,20,0.5,0.02191111,0.02549104718051231
11.851,900.2284334400341,0.03150292467016104,0.0,0.2,0.2,20.249999999999996,0.8,0.8,900.0,0.007,0.0,20,0.5,0.019088162,0.025491049463339497
11.858,900.2284334603524,0.031612907923794724,0.0,0.2,0.2,20.249999999999996,0.8,0.8,900.0,0.007,0.0,20,0.5,0.019962869,0.025491051730774743
11.865,900.2284334805579,0.03172435994259775,0.0,0.2,0.2,20.249999999999996,0.8,0.8,900.0,0.007,0.0,20,0.5,0.022514625,0.025491054023407955
11.872,900.2284335010083,0.03183727643608607,0.0,0.2,0.2,20.249999999999996,0.8,0.8,900.0,0.007,0.0,20,0.5,0.018890841,0.025491056374268888
11.879,900.2284335219978,0.031951653419606464,0.0,0.2,0.2,20.249999999999996,0.8,0.8,900.0,0.007,0.0,20,0.5,0.018898782,0.02549105880688886
11.886000000000001,900.2284335437477,0.032067487272755366,0.0,0.2,0.2,20.249999999999996,0.8,0.8,900.0,0.007,0.0,20,0.5,0.022135562,0.025491061334303733
11.893,900.2284335663667,0.03218477472826494,0.0,0.2,0.2,20.249999999999996,0.8,0.8,900.0,0.007,0.0,20,0.5,0.019119002,0.02549106395687966
11.9,900.2284335898622,0.032303512938365586,0.0,0.2,0.2,20.249999999999996,0.8,0.8,900.0,0.007,0.0,20,0.5,0.018930821,0.02549106666239684
11.907,900.2284336141187,0.03242369949776163,0.0,0.2,0.2,20.249999999999996,0.8,0.8,900.0,0.007,0.0,20,0.5,0.022182613,0.025491069427219033
11.914,900.2284336389231,0.032545332453470965,0.0,0.2,0.2,20.249999999999996,0.8,0.8,900.0,0.007,0.0,20,0.5,0.019133413,0.025491072218636526
11.921,900.2284336639906,0.032668410310879865,0.0,0.2,0.2,20.249999999999996,0.8,0.8,900.0,0.007,0.0,20,0.5,0.019469105,0.02549107499834028
11.928,900.2284336889752,0.032792931996435265,0.0,0.2,0.2,20.249999999999996,0.8,0.8,900.0,0.007,0.0,20,0.5,0.02196199,0.025491077725088032
11.935,900.2284337134994,0.03291889691464595,0.0,0.2,0.2,20.249999999999996,0.8,0.8,900.0,0.007,0.0,20,0.5,0.018845711,0.025491080358236745
11.942,900.2284337372141,0.03304630496888072,0.0,0.2,0.2,20.249999999999996,0.8,0.8,900.0,0.007,0.0,20,0.5,0.018909422,0.025491082861246343
11.949,900.2284337597799,0.033175156483273655,0.0,0.2,0.2,20.249999999999996,0.8,0.8,900.0,0.007,0.0,20,0.5,0.022447884,0.02549108520262999
11.956,900.228433780926,0.033305452089010985,0.0,0.2,0.2,20.249999999999996,0.8,0.8,900.0,0.007,0.0,20,0.5,0.018823691,0.025491087357443626
11.963000000000001,900.2284338004466,0.03343719254663409,0.0,0.2,0.2,20.249999999999996,0.8,0.8,900.0,0.007,0.0,20,0.5,0.019537376,0.02549108931310474
11.97,900.2284338182369,0.03357037560565859,0.0,0.2,0.2,20.249999999999996,0.8,0.8,900.0,0.007,0.0,20,0.5,0.022460964,0.02549109106630085
11.977,900.2284338342276,0.033704997610112516,0.0,0.2,0.2,20.249999999999996,0.8,0.8,900.0,0.007,0.0,20,0.5,0.019031342,0.025491092619804732
11.984,900.2284338484541,0.03384105528076691,0.0,0.2,0.2,20.249999999999996,0.8,0.8,900.0,0.007,0.0,20,0.5,0.019233463,0.025491093985804802
11.991,900.2284338610262,0.033978544964901596,0.0,0.2,0.2,20.249999999999996,0.8,0.8,900.0,0.007,0.0,20,0.5,0.022159062,0.02549109518253948
11.998000000000001,900.2284338721108,0.034117462665232426,0.0,0.2,0.2,20.249999999999996,0.8,0.8,900.0,0.007,0.0,20,0.5,0.019652226,0.025491096230715687
12.005,900.2284338818806,0.03425780426513256,0.0,0.2,0.2,20.249999999999996,0.8,0.8,900.0,0.007,0.0,20,0.5,0.019190413,0.025491097148621956
12.012,900.2284338905022,0.03439956600309048,0.0,0.2,0.2,20.249999999999996,0.8,0.8,900.0,0.007,0.0,20,0.5,0.022654665,0.02549109794997797
12.019,900.2284338980958,0.034542744543335245,0.0,0.2,0.2,20.249999999999996,0.8,0.8,900.0,0.007,0.0,20,0.5,0.019270164,0.025491098642077603
12.026,900.2284339047227,0.034687337033995645,0.0,0.2,0.2,20.249999999999996,0.8,0.8,900.0,0.007,0.0,20,0.5,0.019076853,0.02549109922629792
12.033,900.2284339103984,0.03483334111718791,0.0,0.2,0.2,20.249999999999996,0.8,0.8,900.0,0.007,0.0,20,0.5,0.022338983,0.025491099699700974
12.040000000000001,900.2284339151,0.03498075488813512,0.0,0.2,0.2,20.249999999999996,0.8,0.8,900.0,0.007,0.0,20,0.5,0.01871541,0.02549110005684131
12.047,900.2284339187776,0.03512957674283952,0.0,0.2,0.2,20.249999999999996,0.8,0.8,900.0,0.007,0.0,20,0.5,0.019400925,0.025491100290327508
12.054,900.2284339213708,0.03527980532230219,0.0,0.2,0.2,20.249999999999996,0.8,0.8,900.0,0.007,0.0,20,0.5,0.022624255,0.025491100392559196
12.061,900.2284339228627,0.035431438813963524,0.0,0.2,0.2,20.249999999999996,0.8,0.8,900.0,0.007,0.0,20,0.5,0.019146492,0.025491100363689147
12.068,900.2284339232101,0.035584471447425825,0.0,0.2,0.2,20.249999999999996,0.8,0.8,900.0,0.007,0.0,20,0.5,0.019185543,0.02549110019758364
12.075000000000001,900.2284339223484,0.03573889694815954,0.0,0.2,0.2,20.249999999999996,0.8,0.8,900.0,0.007,0.0,20,0.5,0.022204543,0.025491099890608764
12.082,900.2284339202454,0.035894709305552816,0.0,0.2,0.2,20.249999999999996,0.8,0.8,900.0,0.007,0.0,20,0.5,0.018573989,0.02549109944294207
12.089,900.2284339169103,0.036051902810610825,0.0,0.2,0.2,20.249999999999996,0.8,0.8,900.0,0.007,0.0,20,0.5,0.019068542,0.02549109885739583
12.096,900.228433912366,0.036210471874987125,0.0,0.2,0.2,20.249999999999996,0.8,0.8,900.0,0.007,0.0,20,0.5,0.021927111,0.025491098135763106
12.103,900.2284339066226,0.036370410981752956,0.0,0.2,0.2,20.249999999999996,0.8,0.8,900.0,0.007,0.0,20,0.5,0.018854421,0.025491097276175614
12.11,900.2284338996665,0.03653171514198211,0.0,0.2,0.2,20.249999999999996,0.8,0.8,900.0,0.007,0.0,20,0.5,0.01874685,0.025491096275064268
12.117,900.2284338914653,0.03669437995082899,0.0,0.2,0.2,20.249999999999996,0.8,0.8,900.0,0.007,0.0,20,0.5,0.022455104,0.025491095129615754
12.124,900.2284338820267,0.036858401033003745,0.0,0.2,0.2,20.249999999999996,0.8,0.8,900.0,0.007,0.0,20,0.5,0.019058872,0.02549109383890621
12.131,900.2284338713101,0.03702377272476491,0.0,0.2,0.2,20.249999999999996,0.8,0.8,900.0,0.007,0.0,20,0.5,0.019208363,0.025491092392856077
12.138,900.2284338592145,0.037190489605468786,0.0,0.2,0.2,20.249999999999996,0.8,0.8,900.0,0.007,0.0,20,0.5,0.022228603,0.02549109077843701
12.145,900.2284338456582,0.037358546511918084,0.0,0.2,0.2,20.249999999999996,0.8,0.8,900.0,0.007,0.0,20,0.5,0.019232003,0.02549108899266184
12.152000000000001,900.2284338306057,0.037527935184095584,0.0,0.2,0.2,20.249999999999996,0.8,0.8,900.0,0.007,0.0,20,0.5,0.019559716,0.025491087028640464
12.159,900.2284338139683,0.03769864637167867,0.0,0.2,0.2,20.249999999999996,0.8,0.8,900.0,0.007,0.0,20,0.5,0.022435994,0.025491084869521775
12.166,900.2284337955994,0.037870671161478194,0.0,0.2,0.2,20.249999999999996,0.8,0.8,900.0,0.007,0.0,20,0.5,0.019159132,0.02549108249436138
12.173,900.2284337753405,0.03804400065053431,0.0,0.2,0.2,20.249999999999996,0.8,0.8,900.0,0.007,0.0,20,0.5,0.019202263,0.02549107988303486
12.18,900.2284337529916,0.038218624295328296,0.0,0.2,0.2,20.249999999999996,0.8,0.8,900.0,0.007,0.0,20,0.5,0.022789306,0.02549107701113648
12.187,900.2284337283306,0.03839453142321348,0.0,0.2,0.2,20.249999999999996,0.8,0.8,900.0,0.007,0.0,20,0.5,0.019103083,0.02549107385004335
12.194,900.2284337010952,0.0385717105207899,0.0,0.2,0.2,20.249999999999996,0.8,0.8,900.0,0.007,0.0,20,0.5,0.019403045,0.0254910703650415
12.201,900.2284336709675,0.03875014981926631,0.0,0.2,0.2,20.249999999999996,0.8,0.8,900.0,0.007,0.0,20,0.5,0.022085202,0.02549106651994397
12.208,900.2284336376277,0.03892983763818725,0.0,0.2,0.2,20.249999999999996,0.8,0.8,900.0,0.007,0.0,20,0.5,0.019136803,0.025491062283436207
12.215,900.2284336008157,0.03911076188015335,0.0,0.2,0.2,20.249999999999996,0.8,0.8,900.0,0.007,0.0,20,0.5,0.01874531,0.025491057633085405
12.222,900.2284335603043,0.03929290880997152,0.0,0.2,0.2,20.249999999999996,0.8,0.8,900.0,0.007,0.0,20,0.5,0.021920131,0.02549105254626408
12.229000000000001,900.2284335159057,0.03947626486516181,0.0,0.2,0.2,20.249999999999996,0.8,0.8,900.0,0.007,0.0,20,0.5,0.01872573,0.025491047009940027
12.236,900.2284334675254,0.039660816175644896,0.0,0.2,0.2,20.249999999999996,0.8,0.8,900.0,0.007,0.0,20,0.5,0.019321624,0.025491041032938484
12.243,900.2284334152862,0.039846545675461836,0.0,0.2,0.2,20.249999999999996,0.8,0.8,900.0,0.007,0.0,20,0.5,0.021621589,0.025491034653237942
12.25,900.2284333595178,0.040033430846059974,0.0,0.2,0.2,20.249999999999996,0.8,0.8,900.0,0.007,0.0,20,0.5,0.018798511,0.025491027926921206
12.257,900.2284333006797,0.0402214429530665,0.0,0.2,0.2,20.249999999999996,0.8,0.8,900.0,0.007,0.0,20,0.5,0.019060232,0.025491020909996352
12.264000000000001,900.2284332392604,0.040410552332621676,0.0,0.2,0.2,20.249999999999996,0.8,0.8,900.0,0.007,0.0,20,0.5,0.022140012,0.025491013658595067
12.271,900.2284331757845,0.04060072838145125,0.0,0.2,0.2,20.249999999999996,0.8,0.8,900.0,0.007,0.0,20,0.5,0.019532765,0.02549100622912459
12.278,900.2284331107398,0.04079193712904958,0.0,0.2,0.2,20.249999999999996,0.8,0.8,900.0,0.007,0.0,20,0.5,0.019160773,0.025490998663839002
12.285,900.2284330444852,0.04098414366933508,0.0,0.2,0.2,20.249999999999996,0.8,0.8,900.0,0.007,0.0,20,0.5,0.022415704,0.02549099098789967
12.292,900.228432977249,0.04117731321699362,0.0,0.2,0.2,20.249999999999996,0.8,0.8,900.0,0.007,0.0,20,0.5,0.018917552,0.02549098321306368
12.299,900.2284329091373,0.04137141119823726,0.0,0.2,0.2,20.249999999999996,0.8,0.8,900.0,0.007,0.0,20,0.5,0.018862171,0.025490975342373004
12.306000000000001,900.2284328401756,0.04156640331804474,0.0,0.2,0.2,20.249999999999996,0.8,0.8,900.0,0.007,0.0,20,0.5,0.021788669,0.025490967374335993
12.313,900.2284327703507,0.04176225571174211,0.0,0.2,0.2,20.249999999999996,0.8,0.8,900.0,0.007,0.0,20,0.5,0.018645189,0.025490959304420597
12.32,900.2284326996281,0.04195893485201279,0.0,0.2,0.2,20.249999999999996,0.8,0.8,900.0,0.007,0.0,20,0.5,0.019124222,0.02549095112594765
12.327,900.2284326279432,0.04215640719321364,0.0,0.2,0.2,20.249999999999996,0.8,0.8,900.0,0.007,0.0,20,0.5,0.022319013,0.025490942829492203
12.334,900.2284325552276,0.042354639578948736,0.0,0.2,0.2,20.249999999999996,0.8,0.8,900.0,0.007,0.0,20,0.5,0.018922552,0.02549093441391013
12.341000000000001,900.2284324815712,0.04255359593943998,0.0,0.2,0.2,20.249999999999996,0.8,0.8,900.0,0.007,0.0,20,0.5,0.018497539,0.025490925908674408
12.348,900.2284324071511,0.04275322980105759,0.0,0.2,0.2,20.249999999999996,0.8,0.8,900.0,0.007,0.0,20,0.5,0.021891261,0.02549091733952915
12.355,900.2284323321703,0.04295349320878728,0.0,0.2,0.2,20.249999999999996,0.8,0.8,900.0,0.007,0.0,20,0.5,0.018633119,0.02549090873115232
12.362,900.2284322568439,0.04315433870886683,0.0,0.2,0.2,20.249999999999996,0.8,0.8,900.0,0.007,0.0,20,0.5,0.019002342,0.02549090010274137
12.369,900.2284321813446,0.043355719658268496,0.0,0.2,0.2,20.249999999999996,0.8,0.8,900.0,0.007,0.0,20,0.5,0.021767479,0.025490891462152613
12.376,900.2284321057406,0.04355759037627007,0.0,0.2,0.2,20.249999999999996,0.8,0.8,900.0,0.007,0.0,20,0.5,0.018825801,0.025490882805463754
12.383000000000001,900.2284320300084,0.043759905912248966,0.0,0.2,0.2,20.249999999999996,0.8,0.8,900.0,0.007,0.0,20,0.5,0.019488455,0.025490874123715382
12.39,900.2284319540553,0.043962621132817674,0.0,0.2,0.2,20.249999999999996,0.8,0.8,900.0,0.007,0.0,20,0.5,0.022118051,0.02549086540170124
12.397,900.2284318777463,0.044165691537475654,0.0,0.2,0.2,20.249999999999996,0.8,0.8,900.0,0.007,0.0,20,0.5,0.02032908,0.025490856618375784
12.404,900.2284318009043,0.04436907360625616,0.0,0.2,0.2,20.249999999999996,0.8,0.8,900.0,0.007,0.0,20,0.5,0.019238123,0.025490847753157596
12.411,900.2284317233917,0.04457272265690784,0.0,0.2,0.2,20.249999999999996,0.8,0.8,900.0,0.007,0.0,20,0.5,0.022681366,0.02549083879513586
12.418000000000001,900.2284316450543,0.04477659002606103,0.0,0.2,0.2,20.249999999999996,0.8,0.8,900.0,0.007,0.0,20,0.5,0.019108642,0.025490829728848488
12.425,900.2284315657487,0.04498062796445552,0.0,0.2,0.2,20.249999999999996,0.8,0.8,900.0,0.007,0.0,20,0.5,0.018618009,0.025490820542945082
12.432,900.2284314853725,0.04518478902781727,0.0,0.2,0.2,20.249999999999996,0.8,0.8,900.0,0.007,0.0,20,0.5,0.022577474,0.025490811222828227
12.439,900.2284314037827,0.04538902710407727,0.0,0.2,0.2,20.249999999999996,0.8,0.8,900.0,0.007,0.0,20,0.5,0.019012882,0.0254908017526425
12.446,900.2284313208501,0.04559329783475763,0.0,0.2,0.2,20.249999999999996,0.8,0.8,900.0,0.007,0.0,20,0.5,0.018953182,0.025490792121217822
12.453,900.2284312364757,0.04579755695137163,0.0,0.2,0.2,20.249999999999996,0.8,0.8,900.0,0.007,0.0,20,0.5,0.021959741,0.02549078232509065
12.46,900.228431150611,0.04600176134946801,0.0,0.2,0.2,20.249999999999996,0.8,0.8,900.0,0.007,0.0,20,0.5,0.0186914,0.025490772368025588
12.467,900.2284310632908,0.04620587014884625,0.0,0.2,0.2,20.249999999999996,0.8,0.8,900.0,0.007,0.0,20,0.5,0.01881805,0.025490762260157045
12.474,900.2284309746007,0.046409844815094456,0.0,0.2,0.2,20.249999999999996,0.8,0.8,900.0,0.007,0.0,20,0.5,0.022028451,0.02549075201703048
12.481,900.2284308846922,0.04661364928271649,0.0,0.2,0.2,20.249999999999996,0.8,0.8,900.0,0.007,0.0,20,0.5,0.018824691,0.02549074166053991
12.488,900.2284307937786,0.04681724980221076,0.0,0.2,0.2,20.249999999999996,0.8,0.8,900.0,0.007,0.0,20,0.5,0.019296753,0.02549073123049969
12.495000000000001,900.2284307024141,0.04702061031294409,0.0,0.2,0.2,20.249999999999996,0.8,0.8,900.0,0.007,0.0,20,0.5,0.021748759,0.025490720828265846
12.502,900.2284306114644,0.04722367684445449,0.0,0.2,0.2,20.249999999999996,0.8,0.8,900.0,0.007,0.0,20,0.5,0.01872522,0.02549071056206974
12.509,900.2284305217621,0.047426382312965906,0.0,0.2,0.2,20.249999999999996,0.8,0.8,900.0,0.007,0.0,20,0.5,0.019262443,0.02549070050329937
12.516,900.2284304339134,0.047628659152836206,0.0,0.2,0.2,20.249999999999996,0.8,0.8,900.0,0.007,0.0,20,0.5,0.022275683,0.02549069069846722
12.523,900.2284303483555,0.04783044123673772,0.0,0.2,0.2,20.249999999999996,0.8,0.8,900.0,0.007,0.0,20,0.5,0.01864187,0.025490681181085627
12.530000000000001,900.228430265367,0.048031661998634574,0.0,0.2,0.2,20.249999999999996,0.8,0.8,900.0,0.007,0.0,20,0.5,0.019069152,0.025490671955701916
12.537,900.2284301849753,0.04823225662176026,0.0,0.2,0.2,20.249999999999996,0.8,0.8,900.0,0.007,0.0,20,0.5,0.022222962,0.02549066299525122
12.544,900.2284301069236,0.04843216272174849,0.0,0.2,0.2,20.249999999999996,0.8,0.8,900.0,0.007,0.0,20,0.5,0.019390874,0.02549065424824104
12.551,900.2284300307555,0.04863132151489202,0.0,0.2,0.2,20.249999999999996,0.8,0.8,900.0,0.007,0.0,20,0.5,0.019124602,0.025490645654529073
12.558,900.2284299559383,0.04882967717006261,0.0,0.2,0.2,20.249999999999996,0.8,0.8,900.0,0.007,0.0,20,0.5,0.022181383,0.025490637161676787
12.565,900.2284298819965,0.04902717719557211,0.0,0.2,0.2,20.249999999999996,0.8,0.8,900.0,0.007,0.0,20,0.5,0.018990092,0.025490628728206247
12.572000000000001,900.2284298085568,0.049223772757303434,0.0,0.2,0.2,20.249999999999996,0.8,0.8,900.0,0.007,0.0,20,0.5,0.018811951,0.025490620329807367
12.579,900.2284297354198,0.04941941837402891,0.0,0.2,0.2,20.249999999999996,0.8,0.8,900.0,0.007,0.0,20,0.5,0.022057621,0.025490611963761844
12.586,900.2284296625429,0.04961407135816876,0.0,0.2,0.2,20.249999999999996,0.8,0.8,900.0,0.007,0.0,20,0.5,0.01867562,0.02549060363751862
12.593,900.228429589984,0.049807693755486694,0.0,0.2,0.2,20.249999999999996,0.8,0.8,900.0,0.007,0.0,20,0.5,0.019435775,0.02549059535755985
12.6,900.2284295177985,0.05000025382444976,0.0,0.2,0.2,20.249999999999996,0.8,0.8,900.0,0.007,0.0,20,0.5,0.021993231,0.025490587140557706
12.607000000000001,900.2284294461407,0.050191723632126234,0.0,0.2,0.2,20.249999999999996,0.8,0.8,900.0,0.007,0.0,20,0.5,0.019060943,0.02549057900397302
12.614,900.2284293751172,0.05038207948930166,0.0,0.2,0.2,20.249999999999996,0.8,0.8,900.0,0.007,0.0,20,0.5,0.018599619,0.02549057095276699
12.621,900.2284293046249,0.05057130799862287,0.0,0.2,0.2,20.249999999999996,0.8,0.8,900.0,0.007,0.0,20,0.5,0.022293803,0.025490562965947868
12.628,900.2284292346551,0.05075941297871259,0.0,0.2,0.2,20.249999999999996,0.8,0.8,900.0,0.007,0.0,20,0.5,0.018292248,0.025490555024271413
12.635,900.2284291650602,0.05094640325774594,0.0,0.2,0.2,20.249999999999996,0.8,0.8,900.0,0.007,0.0,20,0.5,0.019160853,0.02549054709912725
12.642,900.2284290956175,0.05113228957563096,0.0,0.2,0.2,20.249999999999996,0.8,0.8,900.0,0.007,0.0,20,0.5,0.02178,0.025490539170155903
12.649000000000001,900.2284290260952,0.05131708327367827,0.0,0.2,0.2,20.249999999999996,0.8,0.8,900.0,0.007,0.0,20,0.5,0.019151653,0.02549053121701222
12.656,900.2284289563007,0.05150080035774456,0.0,0.2,0.2,20.249999999999996,0.8,0.8,900.0,0.007,0.0,20,0.5,0.018863041,0.025490523227003656
12.663,900.2284288861136,0.05168346197426313,0.0,0.2,0.2,20.249999999999996,0.8,0.8,900.0,0.007,0.0,20,0.5,0.022351703,0.025490515194135005
12.67,900.2284288154735,0.05186509479188532,0.0,0.2,0.2,20.249999999999996,0.8,0.8,900.0,0.007,0.0,20,0.5,0.018384118,0.025490507114766307
12.677,900.2284287443682,0.05204573119419677,0.0,0.2,0.2,20.249999999999996,0.8,0.8,900.0,0.007,0.0,20,0.5,0.01875914,0.025490498991870707
12.684000000000001,900.2284286730435,0.05222540502331434,0.0,0.2,0.2,20.249999999999996,0.8,0.8,900.0,0.007,0.0,20,0.5,0.021971901,0.025490490866653434
12.691,900.2284286016867,0.05240413481209676,0.0,0.2,0.2,20.249999999999996,0.8,0.8,900.0,0.007,0.0,20,0.5,0.019550345,0.02549048277102771
12.698,900.2284285305353,0.05258194151212894,0.0,0.2,0.2,20.249999999999996,0.8,0.8,900.0,0.007,0.0,20,0.5,0.019979298,0.025490474749291513
12.705,900.2284284600295,0.05275885181626894,0.0,0.2,0.2,20.249999999999996,0.8,0.8,900.0,0.007,0.0,20,0.5,0.022719735,0.025490466877157905
12.712,900.2284283908498,0.052934892073670296,0.0,0.2,0.2,20.249999999999996,0.8,0.8,900.0,0.007,0.0,20,0.5,0.019101182,0.025490459245585514
12.719,900.2284283237984,0.05311009127860084,0.0,0.2,0.2,20.249999999999996,0.8,0.8,900.0,0.007,0.0,20,0.5,0.018989871,0.025490451954013206
12.726,900.228428259785,0.05328447936621632,0.0,0.2,0.2,20.249999999999996,0.8,0.8,900.0,0.007,0.0,20,0.5,0.022163672,0.025490445099832455
12.733,900.228428199635,0.0534580891174598,0.0,0.2,0.2,20.249999999999996,0.8,0.8,900.0,0.007,0.0,20,0.5,0.018802241,0.02549043875931111
12.74,900.2284281440271,0.053630959306906194,0.0,0.2,0.2,20.249999999999996,0.8,0.8,900.0,0.007,0.0,20,0.5,0.018842001,0.02549043298279024
12.747,900.2284280934117,0.0538031346648122,0.0,0.2,0.2,20.249999999999996,0.8,0.8,900.0,0.007,0.0,20,0.5,0.022255333,0.025490427789291472
12.754,900.2284280479624,0.05397466565940942,0.0,0.2,0.2,20.249999999999996,0.8,0.8,900.0,0.007,0.0,20,0.5,0.018923352,0.025490423161481816
12.761000000000001,900.2284280076341,0.05414560902697395,0.0,0.2,0.2,20.249999999999996,0.8,0.8,900.0,0.007,0.0,20,0.5,0.01867591,0.025490419089226887
12.768,900.2284279725538,0.054316011769721936,0.0,0.2,0.2,20.249999999999996,0.8,0.8,900.0,0.007,0.0,20,0.5,0.022278203,0.025490415571160142
12.775,900.2284279424076,0.05448590364958021,0.0,0.2,0.2,20.249999999999996,0.8,0.8,900.0,0.007,0.0,20,0.5,0.018818601,0.025490412494535195
12.782,900.2284279161979,0.05465531680771019,0.0,0.2,0.2,20.249999999999996,0.8,0.8,900.0,0.007,0.0,20,0.5,0.018792881,0.025490409715639956
12.789,900.2284278927808,0.0548242829507217,0.0,0.2,0.2,20.249999999999996,0.8,0.8,900.0,0.007,0.0,20,0.5,0.021942641,0.025490407135830465
12.796000000000001,900.2284278713458,0.054992819890494336,0.0,0.2,0.2,20.249999999999996,0.8,0.8,900.0,0.007,0.0,20,0.5,0.018852281,0.025490404711443385
12.803,900.2284278512662,0.05516092795116048,0.0,0.2,0.2,20.249999999999996,0.8,0.8,900.0,0.007,0.0,20,0.5,0.020513971,0.025490402342454883
12.81,900.2284278316038,0.055328610820939254,0.0,0.2,0.2,20.249999999999996,0.8,0.8,900.0,0.007,0.0,20,0.5,0.021605769,0.02549039989868715
12.817,900.2284278113415,0.055495875580301786,0.0,0.2,0.2,20.249999999999996,0.8,0.8,900.0,0.007,0.0,20,0.5,0.01861574,0.02549039727208091
12.824,900.2284277893676,0.05566272243547968,0.0,0.2,0.2,20.249999999999996,0.8,0.8,900.0,0.007,0.0,20,0.5,0.019705987,0.0254903943455813
12.831,900.2284277646219,0.05582915634721466,0.0,0.2,0.2,20.249999999999996,0.8,0.8,900.0,0.007,0.0,20,0.5,0.021668499,0.025490391034176135
12.838000000000001,900.2284277363397,0.05599518822421168,0.0,0.2,0.2,20.249999999999996,0.8,0.8,900.0,0.007,0.0,20,0.5,0.018794571,0.025490387301095728
12.845,900.2284277041965,0.056160835495967745,0.0,0.2,0.2,20.249999999999996,0.8,0.8,900.0,0.007,0.0,20,0.5,0.019233243,0.025490383157046805
12.852,900.2284276682977,0.05632612034140486,0.0,0.2,0.2,20.249999999999996,0.8,0.8,900.0,0.007,0.0,20,0.5,0.022185272,0.025490378654532866
12.859,900.2284276291249,0.056491070361371354,0.0,0.2,0.2,20.249999999999996,0.8,0.8,900.0,0.007,0.0,20,0.5,0.018959612,0.025490373883218613
12.866,900.2284275875136,0.05665571529260428,0.0,0.2,0.2,20.249999999999996,0.8,0.8,900.0,0.007,0.0,20,0.5,0.018753241,0.025490368954697567
12.873000000000001,900.2284275444006,0.05682008689734137,0.0,0.2,0.2,20.249999999999996,0.8,0.8,900.0,0.007,0.0,20,0.5,0.022251463,0.025490363991262647
12.88,900.2284275009532,0.056984221498385994,0.0,0.2,0.2,20.249999999999996,0.8,0.8,900.0,0.007,0.0,20,0.5,0.018917201,0.025490359159802623
12.887,900.2284274586292,0.05714815552570061,0.0,0.2,0.2,20.249999999999996,0.8,0.8,900.0,0.007,0.0,20,0.5,0.018639139,0.025490354650762697
12.894,900.2284274192288,0.05731192761716055,0.0,0.2,0.2,20.249999999999996,0.8,0.8,900.0,0.007,0.0,20,0.5,0.021495058,0.02549035068775705
12.901,900.2284273846597,0.057475574057047805,0.0,0.2,0.2,20.249999999999996,0.8,0.8,900.0,0.007,0.0,20,0.5,0.01868741,0.025490347493566073
12.908,900.2284273569184,0.057639136935026675,0.0,0.2,0.2,20.249999999999996,0.8,0.8,900.0,0.007,0.0,20,0.5,0.01875928,0.025490345280405766
12.915000000000001,900.2284273379065,0.05780266455923309,0.0,0.2,0.2,20.249999999999996,0.8,0.8,900.0,0.007,0.0,20,0.5,0.021775339,0.025490344228286034
12.922,900.2284273292348,0.05796621131074914,0.0,0.2,0.2,20.249999999999996,0.8,0.8,900.0,0.007,0.0,20,0.5,0.019059452,0.025490344468567436
12.929,900.2284273320813,0.0581298375706074,0.0,0.2,0.2,20.249999999999996,0.8,0.8,900.0,0.007,0.0,20,0.5,0.019212083,0.025490346072941997
12.936,900.2284273471699,0.05829360922141366,0.0,0.2,0.2,20.249999999999996,0.8,0.8,900.0,0.007,0.0,20,0.5,0.021740049,0.02549034907466838
12.943,900.2284273748834,0.05845758975048654,0.0,0.2,0.2,20.249999999999996,0.8,0.8,900.0,0.007,0.0,20,0.5,0.019035372,0.025490353471847475
12.950000000000001,900.2284274151481,0.058621833953590004,0.0,0.2,0.2,20.249999999999996,0.8,0.8,900.0,0.007,0.0,20,0.5,0.019184463,0.025490359202442026
12.957,900.2284274673287,0.05878639386905362,0.0,0.2,0.2,20.249999999999996,0.8,0.8,900.0,0.007,0.0,20,0.5,0.02198456,0.025490366143820144
12.964,900.2284275303682,0.05895132391350749,0.0,0.2,0.2,20.249999999999996,0.8,0.8,900.0,0.007,0.0,20,0.5,0.018488028,0.025490374138972226
12.971,900.2284276027631,0.05911667903668679,0.0,0.2,0.2,20.249999999999996,0.8,0.8,900.0,0.007,0.0,20,0.5,0.018406517,0.02549038297664945
12.978,900.2284276826082,0.05928252162110753,0.0,0.2,0.2,20.249999999999996,0.8,0.8,900.0,0.007,0.0,20,0.5,0.021540758,0.025490392408904668
12.985,900.228427767672,0.05944892198113001,0.0,0.2,0.2,20.249999999999996,0.8,0.8,900.0,0.007,0.0,20,0.5,0.01874226,0.025490402170111625
12.992,900.2284278555779,0.05961595870181852,0.0,0.2,0.2,20.249999999999996,0.8,0.8,900.0,0.007,0.0,20,0.5,0.018833421,0.02549041200207782
12.999,900.2284279440089,0.059783718231580504,0.0,0.2,0.2,20.249999999999996,0.8,0.8,900.0,0.007,0.0,20,0.5,0.022116671,0.02549042167536013
13.006,900.2284280309035,0.05995229482993339,0.0,0.2,0.2,20.249999999999996,0.8,0.8,900.0,0.007,0.0,20,0.5,0.018897311,0.02549043100435819
13.013,900.2284281145907,0.06012179121996832,0.0,0.2,0.2,20.249999999999996,0.8,0.8,900.0,0.007,0.0,20,0.5,0.01870375,0.025490439861827596
13.02,900.2284281939452,0.06029231867296716,0.0,0.2,0.2,20.249999999999996,0.8,0.8,900.0,0.007,0.0,20,0.5,0.021586948,0.025490448194753892
13.027000000000001,900.2284282687114,0.060463994214415014,0.0,0.2,0.2,20.249999999999996,0.8,0.8,900.0,0.007,0.0,20,0.5,0.01875942,0.025490456063635154
13.034,900.2284283392655,0.06063692662190661,0.0,0.2,0.2,20.249999999999996,0.8,0.8,900.0,0.007,0.0,20,0.5,0.01873315,0.025490463575436162
13.041,900.2284284065375,0.060811230178975065,0.0,0.2,0.2,20.249999999999996,0.8,0.8,900.0,0.007,0.0,20,0.5,0.022622425,0.025490470908530218
13.048,900.2284284723132,0.06098701973931565,0.0,0.2,0.2,20.249999999999996,0.8,0.8,900.0,0.007,0.0,20,0.5,0.018866461,0.02549047834095212
13.055,900.2284285388806,0.061164400309773645,0.0,0.2,0.2,20.249999999999996,0.8,0.8,900.0,0.007,0.0,20,0.5,0.01868295,0.02549048610457194
13.062,900.2284286083487,0.061343484386342226,0.0,0.2,0.2,20.249999999999996,0.8,0.8,900.0,0.007,0.0,20,0.5,0.022144352,0.02549049439299284
13.069,900.2284286824377,0.06152438586974887,0.0,0.2,0.2,20.249999999999996,0.8,0.8,900.0,0.007,0.0,20,0.5,0.019258203,0.025490503357618946
13.076,900.2284287624728,0.061707224018835924,0.0,0.2,0.2,20.249999999999996,0.8,0.8,900.0,0.007,0.0,20,0.5,0.018692179,0.02549051310227374
13.083,900.2284288493984,0.06189212582187736,0.0,0.2,0.2,20.249999999999996,0.8,0.8,900.0,0.007,0.0,20,0.5,0.02187556,0.025490523693039467
13.09,900.2284289437985,0.062079224835658496,0.0,0.2,0.2,20.249999999999996,0.8,0.8,900.0,0.007,0.0,20,0.5,0.018616809,0.025490535155772622
13.097,900.2284290459044,0.06226866293057387,0.0,0.2,0.2,20.249999999999996,0.8,0.8,900.0,0.007,0.0,20,0.5,0.018842381,0.02549054748120802
13.104000000000001,900.2284291556496,0.062460588761813346,0.0,0.2,0.2,20.249999999999996,0.8,0.8,900.0,0.007,0.0,20,0.5,0.021977411,0.025490560625967357
13.111,900.2284292726343,0.0626551578833308,0.0,0.2,0.2,20.249999999999996,0.8,0.8,900.0,0.007,0.0,20,0.5,0.01880159,0.025490574513127404
13.118,900.2284293961491,0.0628525340320333,0.0,0.2,0.2,20.249999999999996,0.8,0.8,900.0,0.007,0.0,20,0.5,0.018965462,0.0254905890435992
13.125,900.2284295253069,0.06305289026206974,0.0,0.2,0.2,20.249999999999996,0.8,0.8,900.0,0.007,0.0,20,0.5,0.022102482,0.02549060410643275
13.132,900.2284296591065,0.0632564090619844,0.0,0.2,0.2,20.249999999999996,0.8,0.8,900.0,0.007,0.0,20,0.5,0.01868694,0.0254906195857419
13.139000000000001,900.2284297965077,0.06346328245762202,0.0,0.2,0.2,20.249999999999996,0.8,0.8,900.0,0.007,0.0,20,0.5,0.018619579,0.02549063536371176
13.146,900.228429936418,0.06367371356680511,0.0,0.2,0.2,20.249999999999996,0.8,0.8,900.0,0.007,0.0,20,0.5,0.021652769,0.025490651320890657
13.153,900.2284300778057,0.06388791750897238,0.0,0.2,0.2,20.249999999999996,0.8,0.8,900.0,0.007,0.0,20,0.5,0.019478155,0.02549066734390139
13.16,900.2284302196532,0.06410611868641851,0.0,0.2,0.2,20.249999999999996,0.8,0.8,900.0,0.007,0.0,20,0.5,0.018477808,0.02549068332209902
13.167,900.2284303609537,0.06432855086082107,0.0,0.2,0.2,20.249999999999996,0.8,0.8,900.0,0.007,0.0,20,0.5,0.022457333,0.0254906991536244
13.174,900.228430500802,0.06455545734235821,0.0,0.2,0.2,20.249999999999996,0.8,0.8,900.0,0.007,0.0,20,0.5,0.018886471,0.02549071475726053
13.181000000000001,900.2284306388442,0.0647870880334356,0.0,0.2,0.2,20.249999999999996,0.8,0.8,900.0,0.007,0.0,20,0.5,0.019120533,0.0254907301949891
13.188,900.2284307754646,0.06502365901999496,0.0,0.2,0.2,20.249999999999996,0.8,0.8,900.0,0.007,0.0,20,0.5,0.022043371,0.02549074551074396
13.195,900.2284309108559,0.0652653812802709,0.0,0.2,0.2,20.249999999999996,0.8,0.8,900.0,0.007,0.0,20,0.5,0.018929951,0.025490760689117816
13.202,900.2284310448704,0.06551247423624017,0.0,0.2,0.2,20.249999999999996,0.8,0.8,900.0,0.007,0.0,20,0.5,0.01872405,0.02549077568581213
13.209,900.2284311772305,0.06576516527611098,0.0,0.2,0.2,20.249999999999996,0.8,0.8,900.0,0.007,0.0,20,0.5,0.021611868,0.0254907904531581
13.216000000000001,900.228431307749,0.06602367819541081,0.0,0.2,0.2,20.249999999999996,0.8,0.8,900.0,0.007,0.0,20,0.5,0.01871129,0.025490804968988742
13.223,900.2284314359724,0.06628822510506101,0.0,0.2,0.2,20.249999999999996,0.8,0.8,900.0,0.007,0.0,20,0.5,0.018870991,0.02549081918601964
13.23,900.2284315613584,0.06655901908409083,0.0,0.2,0.2,20.249999999999996,0.8,0.8,900.0,0.007,0.0,20,0.5,0.021738519,0.025490833014511376
13.237,900.2284316832466,0.06683628203009324,0.0,0.2,0.2,20.249999999999996,0.8,0.8,900.0,0.007,0.0,20,0.5,0.019056001,0.025490846399433952
13.244,900.228431801198,0.06712022720620259,0.0,0.2,0.2,20.249999999999996,0.8,0.8,900.0,0.007,0.0,20,0.5,0.01874567,0.025490859344986558
13.251,900.2284319151061,0.0674110611055025,0.0,0.2,0.2,20.249999999999996,0.8,0.8,900.0,0.007,0.0,20,0.5,0.02192834,0.025490871883782205
13.258000000000001,900.2284320252323,0.06770899641889414,0.0,0.2,0.2,20.249999999999996,0.8,0.8,900.0,0.007,0.0,20,0.5,0.018952372,0.02549088408305002
13.265,900.2284321321746,0.06801425468664529,0.0,0.2,0.2,20.249999999999996,0.8,0.8,900.0,0.007,0.0,20,0.5,0.01870021,0.025490896045526824
13.272,900.228432236879,0.06832706613368585,0.0,0.2,0.2,20.249999999999996,0.8,0.8,900.0,0.007,0.0,20,0.5,0.021651379,0.025490907910604235
13.279,900.228432340585,0.06864766858467669,0.0,0.2,0.2,20.249999999999996,0.8,0.8,900.0,0.007,0.0,20,0.5,0.018462529,0.02549091983915816
13.286,900.2284324451365,0.0689763070524176,0.0,0.2,0.2,20.249999999999996,0.8,0.8,900.0,0.007,0.0,20,0.5,0.018642679,0.02549093208134101
13.293000000000001,900.2284325526085,0.06931320158121929,0.0,0.2,0.2,20.249999999999996,0.8,0.8,900.0,0.007,0.0,20,0.5,0.021528388,0.02549094482979369
13.3,900.2284326644966,0.06965856826087445,0.0,0.2,0.2,20.249999999999996,0.8,0.8,900.0,0.007,0.0,20,0.5,0.018424597,0.025490958194514315
13.307,900.2284327817962,0.0700126300612312,0.0,0.2,0.2,20.249999999999996,0.8,0.8,900.0,0.007,0.0,20,0.5,0.018541059,0.025490972229386913
13.314,900.2284329049785,0.07037561571070808,0.0,0.2,0.2,20.249999999999996,0.8,0.8,900.0,0.007,0.0,20,0.5,0.022093182,0.025490986924265463
13.321,900.2284330342732,0.07074776084752457,0.0,0.2,0.2,20.249999999999996,0.8,0.8,900.0,0.007,0.0,20,0.5,0.01862847,0.025491002314963807
13.328,900.228433170024,0.07112927178143245,0.0,0.2,0.2,20.249999999999996,0.8,0.8,900.0,0.007,0.0,20,0.5,0.019058972,0.02549101837536835
13.335,900.228433311686,0.07152034041648554,0.0,0.2,0.2,20.249999999999996,0.8,0.8,900.0,0.007,0.0,20,0.5,0.02193229,0.02549103498627223
13.342,900.22843345837,0.07192116057728183,0.0,0.2,0.2,20.249999999999996,0.8,0.8,900.0,0.007,0.0,20,0.5,0.01861658,0.02549105208924332
13.349,900.2284336097827,0.07233190910584306,0.0,0.2,0.2,20.249999999999996,0.8,0.8,900.0,0.007,0.0,20,0.5,0.01872583,0.02549106970096692
13.356,900.2284337655457,0.07275274273074081,0.0,0.2,0.2,20.249999999999996,0.8,0.8,900.0,0.007,0.0,20,0.5,0.022030961,0.025491087759514412
13.363,900.2284339255426,0.07318383766138935,0.0,0.2,0.2,20.249999999999996,0.8,0.8,900.0,0.007,0.0,20,0.5,0.018983411,0.025491106296501115
13.370000000000001,900.2284340902585,0.07362534163620962,0.0,0.2,0.2,20.249999999999996,0.8,0.8,900.0,0.007,0.0,20,0.5,0.01863419,0.025491125368703935
13.377,900.2284342598577,0.07407737758317968,0.0,0.2,0.2,20.249999999999996,0.8,0.8,900.0,0.007,0.0,20,0.5,0.022818127,0.025491144965439257
13.384,900.2284344340795,0.07454006059586578,0.0,0.2,0.2,20.249999999999996,0.8,0.8,900.0,0.007,0.0,20,0.5,0.019015832,0.02549116502096429
13.391,900.2284346122834,0.07501351195328176,0.0,0.2,0.2,20.249999999999996,0.8,0.8,900.0,0.007,0.0,20,0.5,0.01862664,0.025491185458421186
13.398,900.2284347937722,0.07549786202655201,0.0,0.2,0.2,20.249999999999996,0.8,0.8,900.0,0.007,0.0,20,0.5,0.021975561,0.02549120621302261
13.405000000000001,900.228434978043,0.07599325116135652,0.0,0.2,0.2,20.249999999999996,0.8,0.8,900.0,0.007,0.0,20,0.5,0.018577309,0.025491227275752
13.412,900.2284351654329,0.07649981715827324,0.0,0.2,0.2,20.249999999999996,0.8,0.8,900.0,0.007,0.0,20,0.5,0.018840261,0.025491248757423413
13.419,900.2284353565548,0.07701767390454366,0.0,0.2,0.2,20.249999999999996,0.8,0.8,900.0,0.007,0.0,20,0.5,0.021794729,0.02549127073031971
13.426,900.2284355520173,0.07754693576167519,0.0,0.2,0.2,20.249999999999996,0.8,0.8,900.0,0.007,0.0,20,0.5,0.018925401,0.025491293249226315
13.433,900.2284357522284,0.07808772068391259,0.0,0.2,0.2,20.249999999999996,0.8,0.8,900.0,0.007,0.0,20,0.5,0.01866126,0.025491316359114943
13.44,900.2284359575916,0.07864015697838321,0.0,0.2,0.2,20.249999999999996,0.8,0.8,900.0,0.007,0.0,20,0.5,0.0218887,0.025491340119551908
13.447000000000001,900.2284361686463,0.07920438324539789,0.0,0.2,0.2,20.249999999999996,0.8,0.8,900.0,0.007,0.0,20,0.5,0.01878446,0.025491364608047996
13.454,900.2284363860695,0.07978054944894368,0.0,0.2,0.2,20.249999999999996,0.8,0.8,900.0,0.007,0.0,20,0.5,0.01864018,0.025491389920136377
13.461,900.2284366107228,0.08036881826665866,0.0,0.2,0.2,20.249999999999996,0.8,0.8,900.0,0.007,0.0,20,0.5,0.022023421,0.02549141618326025
13.468,900.2284368441825,0.08096936313282081,0.0,0.2,0.2,20.249999999999996,0.8,0.8,900.0,0.007,0.0,20,0.5,0.018909521,0.02549144371261427
13.475,900.2284370891924,0.08158233311418671,0.0,0.2,0.2,20.249999999999996,0.8,0.8,900.0,0.007,0.0,20,0.5,0.019417885,0.02549147288086706
13.482000000000001,900.2284373494297,0.08220786439348803,0.0,0.2,0.2,20.249999999999996,0.8,0.8,900.0,0.007,0.0,20,0.5,0.022225112,0.025491504173587955
13.489,900.2284376287065,0.08284606471296366,0.0,0.2,0.2,20.249999999999996,0.8,0.8,900.0,0.007,0.0,20,0.5,0.019173943,0.0254915380279085
13.496,900.2284379314634,0.08349704528304501,0.0,0.2,0.2,20.249999999999996,0.8,0.8,900.0,0.007,0.0,20,0.5,0.019180873,0.025491575034558994
13.503,900.2284382629547,0.08416087042206108,0.0,0.2,0.2,20.249999999999996,0.8,0.8,900.0,0.007,0.0,20,0.5,0.022084491,0.025491615759023818
13.51,900.2284386277989,0.0848375800405581,0.0,0.2,0.2,20.249999999999996,0.8,0.8,900.0,0.007,0.0,20,0.5,0.01870223,0.0254916606157258
13.517,900.2284390297174,0.0855272151740533,0.0,0.2,0.2,20.249999999999996,0.8,0.8,900.0,0.007,0.0,20,0.5,0.019532976,0.02549170989530519
13.524000000000001,900.2284394715202,0.08622981547516458,0.0,0.2,0.2,20.249999999999996,0.8,0.8,900.0,0.007,0.0,20,0.5,0.022467124,0.025491763779103185
13.531,900.228439954802,0.08694539950453048,0.0,0.2,0.2,20.249999999999996,0.8,0.8,900.0,0.007,0.0,20,0.5,0.018501628,0.025491822324811467
13.538,900.2284404799742,0.08767397137697937,0.0,0.2,0.2,20.249999999999996,0.8,0.8,900.0,0.007,0.0,20,0.5,0.019331034,0.0254918854510806
13.545,900.228441046268,0.08841553354557671,0.0,0.2,0.2,20.249999999999996,0.8,0.8,900.0,0.007,0.0,20,0.5,0.022328753,0.025491952964126756
13.552,900.2284416535739,0.08917008132221141,0.0,0.2,0.2,20.249999999999996,0.8,0.8,900.0,0.007,0.0,20,0.5,0.018584619,0.025492025235907604
13.559000000000001,900.2284423052762,0.08993741572488202,0.0,0.2,0.2,20.249999999999996,0.8,0.8,900.0,0.007,0.0,20,0.5,0.019733227,0.025492102792049096
13.566,900.2284430045239,0.09071722081767346,0.0,0.2,0.2,20.249999999999996,0.8,0.8,900.0,0.007,0.0,20,0.5,0.022025661,0.02549218579610191
13.573,900.2284437528588,0.09150916568299325,0.0,0.2,0.2,20.249999999999996,0.8,0.8,900.0,0.007,0.0,20,0.5,0.018858991,0.025492274280806828
13.58,900.2284445508346,0.0923128970854734,0.0,0.2,0.2,20.249999999999996,0.8,0.8,900.0,0.007,0.0,20,0.5,0.018839811,0.0254923681947329
13.587,900.2284453978871,0.09312801543531378,0.0,0.2,0.2,20.249999999999996,0.8,0.8,900.0,0.007,0.0,20,0.5,0.022252163,0.02549246727985716
13.594,900.2284462915314,0.09395409094293984,0.0,0.2,0.2,20.249999999999996,0.8,0.8,900.0,0.007,0.0,20,0.5,0.019187843,0.02549257106290463
13.601,900.2284472276473,0.09479067219376695,0.0,0.2,0.2,20.249999999999996,0.8,0.8,900.0,0.007,0.0,20,0.5,0.018776061,0.025492678960975252
13.608,900.2284482015964,0.09563726918256651,0.0,0.2,0.2,20.249999999999996,0.8,0.8,900.0,0.007,0.0,20,0.5,0.021891921,0.02549279041256511
13.615,900.2284492079262,0.09649330663581464,0.0,0.2,0.2,20.249999999999996,0.8,0.8,900.0,0.007,0.0,20,0.5,0.019422334,0.025492904834052543
13.622,900.2284502413552,0.09735816004416079,0.0,0.2,0.2,20.249999999999996,0.8,0.8,900.0,0.007,0.0,20,0.5,0.018953461,0.025493021672342946
13.629,900.2284512967286,0.09823116434136839,0.0,0.2,0.2,20.249999999999996,0.8,0.8,900.0,0.007,0.0,20,0.5,0.021997511,0.025493140400452717
13.636000000000001,900.2284523694959,0.09911162900112759,0.0,0.2,0.2,20.249999999999996,0.8,0.8,900.0,0.007,0.0,20,0.5,0.01872788,0.025493260652105727
13.643,900.2284534565223,0.09999881360781604,0.0,0.2,0.2,20.249999999999996,0.8,0.8,900.0,0.007,0.0,20,0.5,0.0187492,0.02549338220850276
13.65,900.2284545558085,0.10089192638475236,0.0,0.2,0.2,20.249999999999996,0.8,0.8,900.0,0.007,0.0,20,0.5,0.022557014,0.025493505006914448
13.657,900.2284556674077,0.10179011212209596,0.0,0.2,0.2,20.249999999999996,0.8,0.8,900.0,0.007,0.0,20,0.5,0.018557788,0.02549362927679849
13.664,900.2284567928116,0.102692410756783,0.0,0.2,0.2,20.249999999999996,0.8,0.8,900.0,0.007,0.0,20,0.5,0.018550599,0.025493755310623936
13.671000000000001,900.2284579345413,0.10359781351689577,0.0,0.2,0.2,20.249999999999996,0.8,0.8,900.0,0.007,0.0,20,0.5,0.022609555,0.025493883497489777
13.678,900.2284590962898,0.10450526201896752,0.0,0.2,0.2,20.249999999999996,0.8,0.8,900.0,0.007,0.0,20,0.5,0.018495228,0.025494014328814915
13.685,900.2284602838555,0.10541364201526061,0.0,0.2,0.2,20.249999999999996,0.8,0.8,900.0,0.007,0.0,20,0.5,0.018977962,0.02549414900881099
13.692,900.2284615086203,0.10632158674037476,0.0,0.2,0.2,20.249999999999996,0.8,0.8,900.0,0.007,0.0,20,0.5,0.02197947,0.02549428896362784
13.699,900.2284627811147,0.10722753747280349,0.0,0.2,0.2,20.249999999999996,0.8,0.8,900.0,0.007,0.0,20,0.5,0.019092102,0.025494434994869357
13.706,900.2284641085145,0.10812989792544067,0.0,0.2,0.2,20.249999999999996,0.8,0.8,900.0,0.007,0.0,20,0.5,0.018895781,0.02549458761966682
13.713000000000001,900.2284654954564,0.1090270416590326,0.0,0.2,0.2,20.249999999999996,0.8,0.8,900.0,0.007,0.0,20,0.5,0.022626455,0.025494747034773182
13.72,900.2284669436899,0.10991731554907878,0.0,0.2,0.2,20.249999999999996,0.8,0.8,900.0,0.007,0.0,20,0.5,0.0187407,0.025494913051096784
13.727,900.2284684515026,0.11079904241636773,0.0,0.2,0.2,20.249999999999996,0.8,0.8,900.0,0.007,0.0,20,0.5,0.019050662,0.02549508508312083
13.734,900.2284700136452,0.11167052546925856,0.0,0.2,0.2,20.249999999999996,0.8,0.8,900.0,0.007,0.0,20,0.5,0.021490458,0.025495262212427806
13.741,900.2284716221045,0.11253004499920187,0.0,0.2,0.2,20.249999999999996,0.8,0.8,900.0,0.007,0.0,20,0.5,0.019023602,0.02549544330467752
13.748000000000001,900.2284732663646,0.11337585268071836,0.0,0.2,0.2,20.249999999999996,0.8,0.8,900.0,0.007,0.0,20,0.5,0.018439149,0.025495626994008334
13.755,900.2284749341151,0.11420620143108194,0.0,0.2,0.2,20.249999999999996,0.8,0.8,900.0,0.007,0.0,20,0.5,0.022616245,0.025495811856568906
13.762,900.2284766124922,0.11501935365611862,0.0,0.2,0.2,20.249999999999996,0.8,0.8,900.0,0.007,0.0,20,0.5,0.018911891,0.025495996506935056
13.769,900.2284782887953,0.11581359920376921,0.0,0.2,0.2,20.249999999999996,0.8,0.8,900.0,0.007,0.0,20,0.5,0.018734719,0.025496179633911497
13.776,900.2284799515048,0.11658727644695674,0.0,0.2,0.2,20.249999999999996,0.8,0.8,900.0,0.007,0.0,20,0.5,0.022024651,0.025496360157629943
13.783,900.2284815936256,0.11733874316311196,0.0,0.2,0.2,20.249999999999996,0.8,0.8,900.0,0.007,0.0,20,0.5,0.019859758,0.025496537558476744
13.790000000000001,900.2284832093661,0.11806612109361309,0.0,0.2,0.2,20.249999999999996,0.8,0.8,900.0,0.007,0.0,20,0.5,0.018600819,0.025496711476806853
13.797,900.2284847932586,0.11876748826798322,0.0,0.2,0.2,20.249999999999996,0.8,0.8,900.0,0.007,0.0,20,0.5,0.022368463,0.0254968814745307
13.804,900.2284863416528,0.11944102799603046,0.0,0.2,0.2,20.249999999999996,0.8,0.8,900.0,0.007,0.0,20,0.5,0.01876424,0.02549704738170792
13.811,900.2284878532075,0.12008500527779196,0.0,0.2,0.2,20.249999999999996,0.8,0.8,900.0,0.007,0.0,20,0.5,0.019531245,0.025497209284760066
13.818,900.2284893286379,0.12069776645899118,0.0,0.2,0.2,20.249999999999996,0.8,0.8,900.0,0.007,0.0,20,0.5,0.021818829,0.025497367421553088
13.825000000000001,900.2284907700645,0.12127774765236986,0.0,0.2,0.2,20.249999999999996,0.8,0.8,900.0,0.007,0.0,20,0.5,0.01882752,0.02549752209254727
13.832,900.2284921800078,0.1218234823716242,0.0,0.2,0.2,20.249999999999996,0.8,0.8,900.0,0.007,0.0,20,0.5,0.018559359,0.025497673528253204
13.839,900.228493560455,0.12233361841531926,0.0,0.2,0.2,20.249999999999996,0.8,0.8,900.0,0.007,0.0,20,0.5,0.02183213,0.02549782183158574
13.846,900.2284949122085,0.1228069281504484,0.0,0.2,0.2,20.249999999999996,0.8,0.8,900.0,0.007,0.0,20,0.5,0.018344097,0.025497966934673225
13.853,900.2284962345808,0.12324232096500522,0.0,0.2,0.2,20.249999999999996,0.8,0.8,900.0,0.007,0.0,20,0.5,0.019232233,0.025498108584804002
13.86,900.2284975252347,0.12363885333211107,0.0,0.2,0.2,20.249999999999996,0.8,0.8,900.0,0.007,0.0,20,0.5,0.022397704,0.025498246342832865
13.867,900.2284987801836,0.12399573779078854,0.0,0.2,0.2,20.249999999999996,0.8,0.8,900.0,0.007,0.0,20,0.5,0.018902571,0.02549837959938061
13.874,900.2284999938756,0.1243123507264051,0.0,0.2,0.2,20.249999999999996,0.8,0.8,900.0,0.007,0.0,20,0.5,0.018948241,0.02549850759302746
13.881,900.228501159841,0.12458823986912919,0.0,0.2,0.2,20.249999999999996,0.8,0.8,900.0,0.007,0.0,20,0.5,0.021708639,0.025498629579912533
13.888,900.2285022716744,0.12482307680070844,0.0,0.2,0.2,20.249999999999996,0.8,0.8,900.0,0.007,0.0,20,0.5,0.018865191,0.025498744843405998
13.895,900.2285033227986,0.12501664977263924,0.0,0.2,0.2,20.249999999999996,0.8,0.8,900.0,0.007,0.0,20,0.5,0.018816141,0.025498852671288184
13.902000000000001,900.2285043069611,0.12516887545014863,0.0,0.2,0.2,20.249999999999996,0.8,0.8,900.0,0.007,0.0,20,0.5,0.022109312,0.025498952508029468
13.909,900.228505218704,0.12527976773605157,0.0,0.2,0.2,20.249999999999996,0.8,0.8,900.0,0.007,0.0,20,0.5,0.01865259,0.025499043704806275
13.916,900.2285060519275,0.12534950557480046,0.0,0.2,0.2,20.249999999999996,0.8,0.8,900.0,0.007,0.0,20,0.5,0.018651659,0.025499125525851055
13.923,900.2285068002369,0.12537844078301127,0.0,0.2,0.2,20.249999999999996,0.8,0.8,900.0,0.007,0.0,20,0.5,0.021681139,0.02549919722610941
13.93,900.2285074565236,0.12536708542090425,0.0,0.2,0.2,20.249999999999996,0.8,0.8,900.0,0.007,0.0,20,0.5,0.018429148,0.025499258025741916
13.937000000000001,900.2285080137179,0.1253161464594161,0.0,0.2,0.2,20.249999999999996,0.8,0.8,900.0,0.007,0.0,20,0.5,0.01879144,0.025499307226241476
13.944,900.228508465548,0.12522652811439122,0.0,0.2,0.2,20.249999999999996,0.8,0.8,900.0,0.007,0.0,20,0.5,0.021611999,0.025499344266921336
13.951,900.2285088069957,0.12509932771431942,0.0,0.2,0.2,20.249999999999996,0.8,0.8,900.0,0.007,0.0,20,0.5,0.019053172,0.025499368776137073
13.958,900.2285090347516,0.12493583034844409,0.0,0.2,0.2,20.249999999999996,0.8,0.8,900.0,0.007,0.0,20,0.5,0.018773431,0.025499380632735782
13.965,900.2285091483011,0.12473749681679992,0.0,0.2,0.2,20.249999999999996,0.8,0.8,900.0,0.007,0.0,20,0.5,0.021902881,0.025499380164701067
13.972,900.2285091500313,0.12450591942877999,0.0,0.2,0.2,20.249999999999996,0.8,0.8,900.0,0.007,0.0,20,0.5,0.018650779,0.025499368003713746
13.979000000000001,900.2285090456834,0.12424287128461921,0.0,0.2,0.2,20.249999999999996,0.8,0.8,900.0,0.007,0.0,20,0.5,0.019126972,0.025499345069063668
13.986,900.2285088437206,0.12395026892938077,0.0,0.2,0.2,20.249999999999996,0.8,0.8,900.0,0.007,0.0,20,0.5,0.022129072,0.02549931257240329
13.993,900.2285085551246,0.12363015432940813,0.0,0.2,0.2,20.249999999999996,0.8,0.8,900.0,0.007,0.0,20,0.5,0.018866921,0.025499271900388455
14.0,900.2285081925612,0.12328467764006615,0.0,0.2,0.2,20.249999999999996,0.8,0.8,900.0,0.007,0.0,20,0.5,0.019378894,0.025499224526737693
14.007,900.2285077705719,0.12291605313194913,0.0,0.2,0.2,20.249999999999996,0.8,0.8,900.0,0.007,0.0,20,0.5,0.021803829,0.02549917206220905
14.014000000000001,900.228507302238,0.12252647818580814,0.0,0.2,0.2,20.249999999999996,0.8,0.8,900.0,0.007,0.0,20,0.5,0.019159613,0.025499115725435128
14.021,900.2285067983387,0.12211822078246186,0.0,0.2,0.2,20.249999999999996,0.8,0.8,900.0,0.007,0.0,20,0.5,0.018850251,0.02549905638473381
14.028,900.2285062672214,0.12169361311837268,0.0,0.2,0.2,20.249999999999996,0.8,0.8,900.0,0.007,0.0,20,0.5,0.021662179,0.02549899466769375
14.035,900.2285057148453,0.12125498952206906,0.0,0.2,0.2,20.249999999999996,0.8,0.8,900.0,0.007,0.0,20,0.5,0.018907221,0.025498930882482562
14.042,900.2285051433109,0.1208046537446559,0.0,0.2,0.2,20.249999999999996,0.8,0.8,900.0,0.007,0.0,20,0.5,0.018505958,0.02549886483520734
14.049,900.2285045507612,0.12034492539698555,0.0,0.2,0.2,20.249999999999996,0.8,0.8,900.0,0.007,0.0,20,0.5,0.021738239,0.02549879596794743
14.056000000000001,900.2285039323446,0.11987813563445257,0.0,0.2,0.2,20.249999999999996,0.8,0.8,900.0,0.007,0.0,20,0.5,0.018932492,0.02549872353637262
14.063,900.2285032820379,0.1194066036838857,0.0,0.2,0.2,20.249999999999996,0.8,0.8,900.0,0.007,0.0,20,0.5,0.019056732,0.025498646892994227
14.07,900.2285025940233,0.11893256964261968,0.0,0.2,0.2,20.249999999999996,0.8,0.8,900.0,0.007,0.0,20,0.5,0.021761719,0.025498565416763007
14.077,900.228501862212,0.11845821183033202,0.0,0.2,0.2,20.249999999999996,0.8,0.8,900.0,0.007,0.0,20,0.5,0.018456348,0.02549847852281987
14.084,900.2285010814444,0.11798566336751919,0.0,0.2,0.2,20.249999999999996,0.8,0.8,900.0,0.007,0.0,20,0.5,0.018849161,0.025498385859067548
14.091000000000001,900.2285002486499,0.11751699698078515,0.0,0.2,0.2,20.249999999999996,0.8,0.8,900.0,0.007,0.0,20,0.5,0.02189241,0.025498287396359558
14.098,900.2284993638849,0.11705421124009578,0.0,0.2,0.2,20.249999999999996,0.8,0.8,900.0,0.007,0.0,20,0.5,0.019109243,0.025498183592110528
14.105,900.2284984318911,0.11659918346433783,0.0,0.2,0.2,20.249999999999996,0.8,0.8,900.0,0.007,0.0,20,0.5,0.019108983,0.02549807546444471
14.112,900.2284974617811,0.11615362417214081,0.0,0.2,0.2,20.249999999999996,0.8,0.8,900.0,0.007,0.0,20,0.5,0.022162022,0.025497964383188382
14.119,900.2284964652822,0.11571907820291572,0.0,0.2,0.2,20.249999999999996,0.8,0.8,900.0,0.007,0.0,20,0.5,0.018543119,0.025497851844442275
14.126,900.2284954557821,0.11529696718837702,0.0,0.2,0.2,20.249999999999996,0.8,0.8,900.0,0.007,0.0,20,0.5,0.019345605,0.02549773952553643
14.133000000000001,900.2284944484251,0.11488858218911457,0.0,0.2,0.2,20.249999999999996,0.8,0.8,900.0,0.007,0.0,20,0.5,0.02189545,0.025497629261153527
14.14,900.2284934598307,0.11449506983198346,0.0,0.2,0.2,20.249999999999996,0.8,0.8,900.0,0.007,0.0,20,0.5,0.019213114,0.02549752293492554
14.147,900.2284925069201,0.11411741581185503,0.0,0.2,0.2,20.249999999999996,0.8,0.8,900.0,0.007,0.0,20,0.5,0.019220153,0.025497422267186372
14.154,900.2284916049251,0.11375644884014607,0.0,0.2,0.2,20.249999999999996,0.8,0.8,900.0,0.007,0.0,20,0.5,0.021709969,0.02549732866711371
14.161,900.2284907666435,0.11341285645792913,0.0,0.2,0.2,20.249999999999996,0.8,0.8,900.0,0.007,0.0,20,0.5,0.018647199,0.025497243233465573
14.168000000000001,900.2284900017837,0.11308717192699351,0.0,0.2,0.2,20.249999999999996,0.8,0.8,900.0,0.007,0.0,20,0.5,0.018475758,0.025497166626430923
14.175,900.228489316169,0.1127797906871481,0.0,0.2,0.2,20.249999999999996,0.8,0.8,900.0,0.007,0.0,20,0.5,0.02188395,0.025497099060492738
14.182,900.2284887117885,0.11249097729511381,0.0,0.2,0.2,20.249999999999996,0.8,0.8,900.0,0.007,0.0,20,0.5,0.018471548,0.02549704034853439
14.189,900.2284881868719,0.11222086426763807,0.0,0.2,0.2,20.249999999999996,0.8,0.8,900.0,0.007,0.0,20,0.5,0.019225282,0.02549698992835837
14.196,900.2284877363303,0.1119694642351771,0.0,0.2,0.2,20.249999999999996,0.8,0.8,900.0,0.007,0.0,20,0.5,0.022130502,0.0254969469390843
14.203000000000001,900.228487352406,0.11173667837866127,0.0,0.2,0.2,20.249999999999996,0.8,0.8,900.0,0.007,0.0,20,0.5,0.018601859,0.025496910306848038
14.21,900.2284870255871,0.1115223050506148,0.0,0.2,0.2,20.249999999999996,0.8,0.8,900.0,0.007,0.0,20,0.5,0.018658089,0.025496878881176695
14.217,900.2284867458465,0.11132602579651485,0.0,0.2,0.2,20.249999999999996,0.8,0.8,900.0,0.007,0.0,20,0.5,0.022353413,0.025496851526117786
14.224,900.2284865033829,0.11114739996246843,0.0,0.2,0.2,20.249999999999996,0.8,0.8,900.0,0.007,0.0,20,0.5,0.018420668,0.025496827325373273
14.231,900.2284862904173,0.11098580094032721,0.0,0.2,0.2,20.249999999999996,0.8,0.8,900.0,0.007,0.0,20,0.5,0.020036638,0.025496805697916774
14.238,900.228486100483,0.11084044643620765,0.0,0.2,0.2,20.249999999999996,0.8,0.8,900.0,0.007,0.0,20,0.5,0.022301043,0.025496786182074356
14.245000000000001,900.2284859295522,0.11071049131469184,0.0,0.2,0.2,20.249999999999996,0.8,0.8,900.0,0.007,0.0,20,0.5,0.01874201,0.025496768624434688
14.252,900.2284857766922,0.11059501616357967,0.0,0.2,0.2,20.249999999999996,0.8,0.8,900.0,0.007,0.0,20,0.5,0.018377007,0.025496753230908862
14.259,900.2284856433469,0.11049301901234805,0.0,0.2,0.2,20.249999999999996,0.8,0.8,900.0,0.007,0.0,20,0.5,0.022153632,0.02549674021601885
14.266,900.2284855313835,0.11040344583341925,0.0,0.2,0.2,20.249999999999996,0.8,0.8,900.0,0.007,0.0,20,0.5,0.018962591,0.02549672970924693
14.273,900.2284854420205,0.1103252081897317,0.0,0.2,0.2,20.249999999999996,0.8,0.8,900.0,0.007,0.0,20,0.5,0.0186781,0.025496721738500625
14.280000000000001,900.228485374976,0.1102571850621211,0.0,0.2,0.2,20.249999999999996,0.8,0.8,900.0,0.007,0.0,20,0.5,0.0217946,0.025496716118867557
14.287,900.2284853285469,0.11019827232219113,0.0,0.2,0.2,20.249999999999996,0.8,0.8,900.0,0.007,0.0,20,0.5,0.019121422,0.025496712555572502
14.294,900.2284853002099,0.11014738749995977,0.0,0.2,0.2,20.249999999999996,0.8,0.8,900.0,0.007,0.0,20,0.5,0.019334004,0.025496710694225315
14.301,900.2284852865348,0.11010347810044784,0.0,0.2,0.2,20.249999999999996,0.8,0.8,900.0,0.007,0.0,20,0.5,0.02183059,0.025496710068497786
14.308,900.2284852834586,0.11006554455147159,0.0,0.2,0.2,20.249999999999996,0.8,0.8,900.0,0.007,0.0,20,0.5,0.019112892,0.025496710193585136
14.315,900.2284852864801,0.11003263508008133,0.0,0.2,0.2,20.249999999999996,0.8,0.8,900.0,0.007,0.0,20,0.5,0.018819961,0.025496710540098406
14.322000000000001,900.2284852909224,0.11000386932147707,0.0,0.2,0.2,20.249999999999996,0.8,0.8,900.0,0.007,0.0,20,0.5,0.022340453,0.025496710631279448
14.329,900.2284852922735,0.10997844555380884,0.0,0.2,0.2,20.249999999999996,0.8,0.8,900.0,0.007,0.0,20,0.5,0.018953071,0.02549671006758917
14.336,900.2284852869336,0.10995566446228199,0.0,0.2,0.2,20.249999999999996,0.8,0.8,900.0,0.007,0.0,20,0.5,0.019119313,0.0254967085973585
14.343,900.2284852729069,0.10993493641144847,0.0,0.2,0.2,20.249999999999996,0.8,0.8,900.0,0.007,0.0,20,0.5,0.021983101,0.02549670623455545
14.35,900.2284852511708,0.10991575520091007,0.0,0.2,0.2,20.249999999999996,0.8,0.8,900.0,0.007,0.0,20,0.5,0.018598589,0.025496703348289986
14.357000000000001,900.2284852240364,0.10989767328012476,0.0,0.2,0.2,20.249999999999996,0.8,0.8,900.0,0.007,0.0,20,0.5,0.01870534,0.02549670033508298
14.364,900.2284851952571,0.10988035622597574,0.0,0.2,0.2,20.249999999999996,0.8,0.8,900.0,0.007,0.0,20,0.5,0.022305593,0.025496697750905527
14.371,900.2284851695363,0.10986358054340538,0.0,0.2,0.2,20.249999999999996,0.8,0.8,900.0,0.007,0.0,20,0.5,0.018545399,0.02549669618352928
14.378,900.228485152193,0.10984725511529202,0.0,0.2,0.2,20.249999999999996,0.8,0.8,900.0,0.007,0.0,20,0.5,0.019357584,0.025496696236839523
14.385,900.2284851486124,0.10983142043180401,0.0,0.2,0.2,20.249999999999996,0.8,0.8,900.0,0.007,0.0,20,0.5,0.022028601,0.025496698429512497
14.392,900.2284851635513,0.10981625176081969,0.0,0.2,0.2,20.249999999999996,0.8,0.8,900.0,0.007,0.0,20,0.5,0.01871042,0.02549670314900055
14.399000000000001,900.228485200868,0.10980203653522763,0.0,0.2,0.2,20.249999999999996,0.8,0.8,900.0,0.007,0.0,20,0.5,0.019008011,0.025496710623580523
14.406,900.2284852625128,0.10978914974446782,0.0,0.2,0.2,20.249999999999996,0.8,0.8,900.0,0.007,0.0,20,0.5,0.022085891,0.025496720857450986
14.413,900.228485348233,0.10977805891947028,0.0,0.2,0.2,20.249999999999996,0.8,0.8,900.0,0.007,0.0,20,0.5,0.019214973,0.025496733518518153
14.42,900.2284854549512,0.10976935078638354,0.0,0.2,0.2,20.249999999999996,0.8,0.8,900.0,0.007,0.0,20,0.5,0.018633049,0.025496748025459787
14.427,900.2284855785575,0.10976373220055834,0.0,0.2,0.2,20.249999999999996,0.8,0.8,900.0,0.007,0.0,20,0.5,0.022146392,0.025496764081349894
14.434000000000001,900.2284857180618,0.1097618717395288,0.0,0.2,0.2,20.249999999999996,0.8,0.8,900.0,0.007,0.0,20,0.5,0.01867078,0.025496781915250764
14.441,900.2284858732465,0.10976432192869925,0.0,0.2,0.2,20.249999999999996,0.8,0.8,900.0,0.007,0.0,20,0.5,0.019068333,0.025496801401563424
14.448,900.2284860427378,0.10977171270947145,0.0,0.2,0.2,20.249999999999996,0.8,0.8,900.0,0.007,0.0,20,0.5,0.022667765,0.025496822221262937
14.455,900.2284862237035,0.10978476113434665,0.0,0.2,0.2,20.249999999999996,0.8,0.8,900.0,0.007,0.0,20,0.5,0.018558019,0.02549684394333229
14.462,900.2284864126719,0.10980426376297284,0.0,0.2,0.2,20.249999999999996,0.8,0.8,900.0,0.007,0.0,20,0.5,0.018490938,0.025496866170803
14.469,900.2284866077969,0.1098310318816294,0.0,0.2,0.2,20.249999999999996,0.8,0.8,900.0,0.007,0.0,20,0.5,0.022311453,0.02549688876626678
14.476,900.2284868061438,0.10986578080532296,0.0,0.2,0.2,20.249999999999996,0.8,0.8,900.0,0.007,0.0,20,0.5,0.019023861,0.025496911310743775
14.483,900.2284870037511,0.10990925668477232,0.0,0.2,0.2,20.249999999999996,0.8,0.8,900.0,0.007,0.0,20,0.5,0.019210753,0.025496933324996116
14.49,900.2284871962553,0.10996224769834756,0.0,0.2,0.2,20.249999999999996,0.8,0.8,900.0,0.007,0.0,20,0.5,0.022068741,0.025496954292055677
14.497,900.2284873799325,0.11002558218812854,0.0,0.2,0.2,20.249999999999996,0.8,0.8,900.0,0.007,0.0,20,0.5,0.019471224,0.02549697410401975
14.504,900.228487556979,0.11009997762224345,0.0,0.2,0.2,20.249999999999996,0.8,0.8,900.0,0.007,0.0,20,0.5,0.018465158,0.02549699345369464
14.511000000000001,900.2284877297701,0.11018587391402565,0.0,0.2,0.2,20.249999999999996,0.8,0.8,900.0,0.007,0.0,20,0.5,0.02192064,0.025497012313282254
14.518,900.2284878978737,0.11028371686887328,0.0,0.2,0.2,20.249999999999996,0.8,0.8,900.0,0.007,0.0,20,0.5,0.019032602,0.02549703055599605
14.525,900.2284880604352,0.11039396286730659,0.0,0.2,0.2,20.249999999999996,0.8,0.8,900.0,0.007,0.0,20,0.5,0.018642279,0.02549704814323417
14.532,900.2284882170429,0.11051705633245298,0.0,0.2,0.2,20.249999999999996,0.8,0.8,900.0,0.007,0.0,20,0.5,0.02182916,0.025497065042082746
14.539,900.2284883673509,0.11065343527530229,0.0,0.2,0.2,20.249999999999996,0.8,0.8,900.0,0.007,0.0,20,0.5,0.019059931,0.02549708121336916
14.546000000000001,900.228488510996,0.11080352750343435,0.0,0.2,0.2,20.249999999999996,0.8,0.8,900.0,0.007,0.0,20,0.5,0.01883557,0.025497096614183284
14.553,900.2284886476674,0.11096774741889179,0.0,0.2,0.2,20.249999999999996,0.8,0.8,900.0,0.007,0.0,20,0.5,0.022248302,0.025497111238964854
14.56,900.2284887774066,0.11114648369680398,0.0,0.2,0.2,20.249999999999996,0.8,0.8,900.0,0.007,0.0,20,0.5,0.019196582,0.025497125127931664
14.567,900.2284889004758,0.11134009478335098,0.0,0.2,0.2,20.249999999999996,0.8,0.8,900.0,0.007,0.0,20,0.5,0.01872455,0.025497138337539773
14.574,900.2284890174028,0.1115489096550472,0.0,0.2,0.2,20.249999999999996,0.8,0.8,900.0,0.007,0.0,20,0.5,0.02199366,0.02549715096642094
14.581,900.2284891290818,0.11177322420884837,0.0,0.2,0.2,20.249999999999996,0.8,0.8,900.0,0.007,0.0,20,0.5,0.01871494,0.025497163150493676
14.588000000000001,900.2284892366854,0.11201330010267684,0.0,0.2,0.2,20.249999999999996,0.8,0.8,900.0,0.007,0.0,20,0.5,0.019375214,0.025497175037651823
14.595,900.228489341635,0.11226936631629653,0.0,0.2,0.2,20.249999999999996,0.8,0.8,900.0,0.007,0.0,20,0.5,0.021975621,0.025497186833819133
14.602,900.2284894461585,0.11254159970679257,0.0,0.2,0.2,20.249999999999996,0.8,0.8,900.0,0.007,0.0,20,0.5,0.019139242,0.025497198885323133
14.609,900.2284895531174,0.11283009903070611,0.0,0.2,0.2,20.249999999999996,0.8,0.8,900.0,0.007,0.0,20,0.5,0.018697079,0.025497211527734195
14.616,900.228489666009,0.11313489956568457,0.0,0.2,0.2,20.249999999999996,0.8,0.8,900.0,0.007,0.0,20,0.5,0.022516564,0.025497225085021252
14.623000000000001,900.2284897871335,0.11345594495469262,0.0,0.2,0.2,20.249999999999996,0.8,0.8,900.0,0.007,0.0,20,0.5,0.019296814,0.025497239702836277
14.63,900.2284899177276,0.11379313377295942,0.0,0.2,0.2,20.249999999999996,0.8,0.8,900.0,0.007,0.0,20,0.5,0.018588539,0.025497255434706642
14.637,900.2284900587375,0.11414632546257539,0.0,0.2,0.2,20.249999999999996,0.8,0.8,900.0,0.007,0.0,20,0.5,0.02199353,0.025497272403227467
14.644,900.2284902114379,0.1145152841221584,0.0,0.2,0.2,20.249999999999996,0.8,0.8,900.0,0.007,0.0,20,0.5,0.01872063,0.02549729063488403
14.651,900.2284903754513,0.11489969367123534,0.0,0.2,0.2,20.249999999999996,0.8,0.8,900.0,0.007,0.0,20,0.5,0.018977802,0.02549730987775414
14.658,900.2284905484587,0.11529919769929081,0.0,0.2,0.2,20.249999999999996,0.8,0.8,900.0,0.007,0.0,20,0.5,0.022001831,0.025497329720639682
14.665000000000001,900.228490726742,0.11571340709251475,0.0,0.2,0.2,20.249999999999996,0.8,0.8,900.0,0.007,0.0,20,0.5,0.018952302,0.02549734963225282
14.672,900.2284909056615,0.11614190587333506,0.0,0.2,0.2,20.249999999999996,0.8,0.8,900.0,0.007,0.0,20,0.5,0.018942151,0.025497369009304355
14.679,900.228491079817,0.11658423960872882,0.0,0.2,0.2,20.249999999999996,0.8,0.8,900.0,0.007,0.0,20,0.5,0.022386233,0.025497387234967705
14.686,900.2284912446607,0.11703992057603642,0.0,0.2,0.2,20.249999999999996,0.8,0.8,900.0,0.007,0.0,20,0.5,0.018959221,0.025497403972542534
14.693,900.2284913975703,0.11750833332926135,0.0,0.2,0.2,20.249999999999996,0.8,0.8,900.0,0.007,0.0,20,0.5,0.019027522,0.02549741900719849
14.700000000000001,900.2284915349828,0.11798875877274034,0.0,0.2,0.2,20.249999999999996,0.8,0.8,900.0,0.007,0.0,20,0.5,0.022035611,0.025497432071662468
14.707,900.2284916545889,0.11848047806807749,0.0,0.2,0.2,20.249999999999996,0.8,0.8,900.0,0.007,0.0,20,0.5,0.019197173,0.025497443132523268
14.714,900.2284917561989,0.11898277255086244,0.0,0.2,0.2,20.249999999999996,0.8,0.8,900.0,0.007,0.0,20,0.5,0.019046372,0.025497452342087012
14.721,900.2284918410253,0.11949492574375375,0.0,0.2,0.2,20.249999999999996,0.8,0.8,900.0,0.007,0.0,20,0.5,0.021613678,0.02549745992867764
14.728,900.2284919111341,0.12001623747572925,0.0,0.2,0.2,20.249999999999996,0.8,0.8,900.0,0.007,0.0,20,0.5,0.01866264,0.025497466207770395
14.735,900.2284919695114,0.12054601784402942,0.0,0.2,0.2,20.249999999999996,0.8,0.8,900.0,0.007,0.0,20,0.5,0.019179683,0.025497471605682023
14.742,900.2284920197628,0.12108358449641324,0.0,0.2,0.2,20.249999999999996,0.8,0.8,900.0,0.007,0.0,20,0.5,0.02178414,0.02549747654149211
14.749,900.2284920657269,0.12162828327060136,0.0,0.2,0.2,20.249999999999996,0.8,0.8,900.0,0.007,0.0,20,0.5,0.019271213,0.025497481409523445
14.756,900.228492110779,0.12217948587372522,0.0,0.2,0.2,20.249999999999996,0.8,0.8,900.0,0.007,0.0,20,0.5,0.019633545,0.025497486510454002
14.763,900.2284921575804,0.12273660596064723,0.0,0.2,0.2,20.249999999999996,0.8,0.8,900.0,0.007,0.0,20,0.5,0.022073581,0.02549749203804555
14.77,900.2284922079249,0.12329910208158869,0.0,0.2,0.2,20.249999999999996,0.8,0.8,900.0,0.007,0.0,20,0.5,0.018652339,0.025497498059643815
14.777000000000001,900.2284922624319,0.12386647899228576,0.0,0.2,0.2,20.249999999999996,0.8,0.8,900.0,0.007,0.0,20,0.5,0.01871055,0.025497504506822227
14.784,900.2284923205292,0.12443828482257695,0.0,0.2,0.2,20.249999999999996,0.8,0.8,900.0,0.007,0.0,20,0.5,0.022200693,0.02549751118849172
14.791,900.2284923811497,0.1250141070238761,0.0,0.2,0.2,20.249999999999996,0.8,0.8,900.0,0.007,0.0,20,0.5,0.018607929,0.025497518012982875
14.798,900.2284924431272,0.12559351191629692,0.0,0.2,0.2,20.249999999999996,0.8,0.8,900.0,0.007,0.0,20,0.5,0.018882161,0.025497524740757532
14.805,900.2284925042127,0.12617608299134156,0.0,0.2,0.2,20.249999999999996,0.8,0.8,900.0,0.007,0.0,20,0.5,0.023091017,0.025497531060761847
14.812000000000001,900.228492561194,0.12676143099683926,0.0,0.2,0.2,20.249999999999996,0.8,0.8,900.0,0.007,0.0,20,0.5,0.019056072,0.02549753653479251
14.819,900.2284926101025,0.12734923452097993,0.0,0.2,0.2,20.249999999999996,0.8,0.8,900.0,0.007,0.0,20,0.5,0.018883711,0.02549754068601024
14.826,900.2284926472057,0.12793923903732352,0.0,0.2,0.2,20.249999999999996,0.8,0.8,900.0,0.007,0.0,20,0.5,0.02182526,0.025497543168398137
14.833,900.2284926690501,0.1285312176708261,0.0,0.2,0.2,20.249999999999996,0.8,0.8,900.0,0.007,0.0,20,0.5,0.01865846,0.025497543660235475
14.84,900.2284926727434,0.12912500303001262,0.0,0.2,0.2,20.249999999999996,0.8,0.8,900.0,0.007,0.0,20,0.5,0.01861805,0.025497541976369463
14.847,900.2284926567341,0.12972048308873568,0.0,0.2,0.2,20.249999999999996,0.8,0.8,900.0,0.007,0.0,20,0.5,0.02198904,0.025497538076392528
14.854000000000001,900.228492620489,0.13031760066732406,0.0,0.2,0.2,20.249999999999996,0.8,0.8,900.0,0.007,0.0,20,0.5,0.018400998,0.025497532033083033
14.861,900.2284925647439,0.13091636081363087,0.0,0.2,0.2,20.249999999999996,0.8,0.8,900.0,0.007,0.0,20,0.5,0.01866342,0.025497524089290582
14.868,900.2284924918341,0.1315168201535303,0.0,0.2,0.2,20.249999999999996,0.8,0.8,900.0,0.007,0.0,20,0.5,0.021749279,0.025497514676965167
14.875,900.2284924055084,0.132119070665001,0.0,0.2,0.2,20.249999999999996,0.8,0.8,900.0,0.007,0.0,20,0.5,0.019405114,0.02549750430898906
14.882,900.2284923103051,0.132723251681293,0.0,0.2,0.2,20.249999999999996,0.8,0.8,900.0,0.007,0.0,20,0.5,0.019106812,0.025497493514508734
14.889000000000001,900.228492210907,0.1333295581906011,0.0,0.2,0.2,20.249999999999996,0.8,0.8,900.0,0.007,0.0,20,0.5,0.021776919,0.025497482796069827
14.896,900.2284921119021,0.13393824070445648,0.0,0.2,0.2,20.249999999999996,0.8,0.8,900.0,0.007,0.0,20,0.5,0.019345113,0.025497472619384218
14.903,900.2284920176957,0.13454959148973683,0.0,0.2,0.2,20.249999999999996,0.8,0.8,900.0,0.007,0.0,20,0.5,0.018476618,0.02549746338807662
14.91,900.228491931815,0.13516393122489065,0.0,0.2,0.2,20.249999999999996,0.8,0.8,900.0,0.007,0.0,20,0.5,0.022640635,0.02549745533648022
14.917,900.2284918561933,0.1357816180936683,0.0,0.2,0.2,20.249999999999996,0.8,0.8,900.0,0.007,0.0,20,0.5,0.01870595,0.025497448480857787
14.924,900.228491791045,0.13640305218916113,0.0,0.2,0.2,20.249999999999996,0.8,0.8,900.0,0.007,0.0,20,0.5,0.019051322,0.025497442698891194
14.931000000000001,900.2284917358414,0.1370286548771481,0.0,0.2,0.2,20.249999999999996,0.8,0.8,900.0,0.007,0.0,20,0.5,0.021978471,0.025497437923504146
14.938,900.2284916896513,0.13765881464713198,0.0,0.2,0.2,20.249999999999996,0.8,0.8,900.0,0.007,0.0,20,0.5,0.018990741,0.025497433917043625
14.945,900.2284916500653,0.1382939316860494,0.0,0.2,0.2,20.249999999999996,0.8,0.8,900.0,0.007,0.0,20,0.5,0.019031792,0.025497430230756603
14.952,900.2284916131478,0.13893443607176745,0.0,0.2,0.2,20.249999999999996,0.8,0.8,900.0,0.007,0.0,20,0.5,0.022219022,0.025497426321016547
14.959,900.22849157402,0.1395807723004472,0.0,0.2,0.2,20.249999999999996,0.8,0.8,900.0,0.007,0.0,20,0.5,0.018959541,0.025497421575265508
14.966000000000001,900.2284915272953,0.14023340307243226,0.0,0.2,0.2,20.249999999999996,0.8,0.8,900.0,0.007,0.0,20,0.5,0.018912111,0.02549741537540933
14.973,900.228491467726,0.14089279652521136,0.0,0.2,0.2,20.249999999999996,0.8,0.8,900.0,0.007,0.0,20,0.5,0.021903371,0.02549740718088135
14.98,900.2284913900264,0.14155941896014085,0.0,0.2,0.2,20.249999999999996,0.8,0.8,900.0,0.007,0.0,20,0.5,0.01878063,0.025497396549310786
14.987,900.228491290261,0.14223374827304494,0.0,0.2,0.2,20.249999999999996,0.8,0.8,900.0,0.007,0.0,20,0.5,0.018691649,0.025497383206248617
14.994,900.228491166126,0.14291626874579133,0.0,0.2,0.2,20.249999999999996,0.8,0.8,900.0,0.007,0.0,20,0.5,0.022202182,0.025497367102806402
15.001,900.22849101712,0.14360746119157874,0.0,0.2,0.2,20.249999999999996,0.8,0.8,900.0,0.007,0.0,20,0.5,0.018975211,0.025497348398006724
