time,density,kinetic_energy,stiffness,fluid_viscosity,boundary_viscosity,fluid_depth,rest_density_grid_spacing,smoothing_length,rest_density,time_step_size,target_density_error,solver_iterations,relaxation_factor,time_step_wall_clock_time,predicted_density_error
5.004,900.5008681838526,0.029059051038082137,0.0,0.2,0.2,20.249999999999996,0.8,0.8,900.0,0.009,0.0,15,0.5,0.014940119,0.055902905818173594
5.013,900.5010047681678,0.02900748982078793,0.0,0.2,0.2,20.249999999999996,0.8,0.8,900.0,0.009,0.0,15,0.5,0.01685688,0.055913622249820105
5.021999999999999,900.5011005504276,0.028960045041868204,0.0,0.2,0.2,20.249999999999996,0.8,0.8,900.0,0.009,0.0,15,0.5,0.017730304,0.05591894454988021
5.031,900.5011480018482,0.028918225436096155,0.0,0.2,0.2,20.249999999999996,0.8,0.8,900.0,0.009,0.0,15,0.5,0.015382681,0.055918517585004136
5.04,900.5011439609729,0.0288824727782445,0.0,0.2,0.2,20.249999999999996,0.8,0.8,900.0,0.009,0.0,15,0.5,0.01510035,0.05591249522221285
5.0489999999999995,900.5010898247967,0.028852022716297786,0.0,0.2,0.2,20.249999999999996,0.8,0.8,900.0,0.009,0.0,15,0.5,0.017609883,0.05590151696576275
5.058,900.5009913378195,0.02882518204486896,0.0,0.2,0.2,20.249999999999996,0.8,0.8,900.0,0.009,0.0,15,0.5,0.01522041,0.055886642561647576
5.066999999999999,900.5008580048932,0.02879991500256366,0.0,0.2,0.2,20.249999999999996,0.8,0.8,900.0,0.009,0.0,15,0.5,0.015055569,0.05586925109244287
5.076,900.5007021863222,0.028774529015133117,0.0,0.2,0.2,20.249999999999996,0.8,0.8,900.0,0.009,0.0,15,0.5,0.017708214,0.05585091408920171
5.085,900.5005379607393,0.028748225468374494,0.0,0.2,0.2,20.249999999999996,0.8,0.8,900.0,0.009,0.0,15,0.5,0.014993449,0.055833254302858695
5.093999999999999,900.5003798599449,0.028721334810155336,0.0,0.2,0.2,20.249999999999996,0.8,0.8,900.0,0.009,0.0,15,0.5,0.015060359,0.05581780281819742
5.103,900.5002415895955,0.028695169380016972,0.0,0.2,0.2,20.249999999999996,0.8,0.8,900.0,0.009,0.0,15,0.5,0.017836064,0.055805867090922036
5.111999999999999,900.5001348480138,0.028671554802936174,0.0,0.2,0.2,20.249999999999996,0.8,0.8,900.0,0.009,0.0,15,0.5,0.01509792,0.05579842123494314
5.1209999999999996,900.50006834474,0.02865221321832134,0.0,0.2,0.2,20.249999999999996,0.8,0.8,900.0,0.009,0.0,15,0.5,0.014765708,0.055796027705003595
5.13,900.5000471004679,0.028638209242351338,0.0,0.2,0.2,20.249999999999996,0.8,0.8,900.0,0.009,0.0,15,0.5,0.017867194,0.055798796552533475
5.138999999999999,900.5000720837037,0.028629642119537353,0.0,0.2,0.2,20.249999999999996,0.8,0.8,900.0,0.009,0.0,15,0.5,0.01510891,0.05580638504226956
5.148,900.5001402087867,0.028625674929037198,0.0,0.2,0.2,20.249999999999996,0.8,0.8,900.0,0.009,0.0,15,0.5,0.015315211,0.05581803677691677
5.157,900.5002446876234,0.0286248765855988,0.0,0.2,0.2,20.249999999999996,0.8,0.8,900.0,0.009,0.0,15,0.5,0.017603932,0.055832656078967834
5.1659999999999995,900.5003756970132,0.028625747542963768,0.0,0.2,0.2,20.249999999999996,0.8,0.8,900.0,0.009,0.0,15,0.5,0.015515752,0.05584891041673711
5.175,900.5005212967326,0.028627241887404103,0.0,0.2,0.2,20.249999999999996,0.8,0.8,900.0,0.009,0.0,15,0.5,0.01528408,0.055865351381458116
5.183999999999999,900.500668513413,0.028629110493454915,0.0,0.2,0.2,20.249999999999996,0.8,0.8,900.0,0.009,0.0,15,0.5,0.017558622,0.05588054332083139
5.193,900.500804492662,0.028631956585369173,0.0,0.2,0.2,20.249999999999996,0.8,0.8,900.0,0.009,0.0,15,0.5,0.015000729,0.055893188293702246
5.202,900.5009176178114,0.028636996374904092,0.0,0.2,0.2,20.249999999999996,0.8,0.8,900.0,0.009,0.0,15,0.5,0.015115169,0.055902236551221916
5.210999999999999,900.5009984986673,0.028645617809068644,0.0,0.2,0.2,20.249999999999996,0.8,0.8,900.0,0.009,0.0,15,0.5,0.017622823,0.05590697320262887
5.22,900.5010407466375,0.028658896016001946,0.0,0.2,0.2,20.249999999999996,0.8,0.8,900.0,0.009,0.0,15,0.5,0.015345421,0.05590707396841381
5.228999999999999,900.5010414727693,0.02867723237538991,0.0,0.2,0.2,20.249999999999996,0.8,0.8,900.0,0.009,0.0,15,0.5,0.01514772,0.055902625740843336
5.2379999999999995,900.5010014705653,0.028700235925144087,0.0,0.2,0.2,20.249999999999996,0.8,0.8,900.0,0.009,0.0,15,0.5,0.018307647,0.05589411083199167
5.247,900.5009250735393,0.028726878128727363,0.0,0.2,0.2,20.249999999999996,0.8,0.8,900.0,0.009,0.0,15,0.5,0.01519238,0.05588235697176257
5.255999999999999,900.5008197061852,0.028755859425383192,0.0,0.2,0.2,20.249999999999996,0.8,0.8,900.0,0.009,0.0,15,0.5,0.015317111,0.05586845809348761
5.265,900.5006951735368,0.028786055359998296,0.0,0.2,0.2,20.249999999999996,0.8,0.8,900.0,0.009,0.0,15,0.5,0.017618373,0.0558536734052906
5.274,900.500562756636,0.028816890221221393,0.0,0.2,0.2,20.249999999999996,0.8,0.8,900.0,0.009,0.0,15,0.5,0.015540402,0.05583931403396674
5.2829999999999995,900.5004341970999,0.028848514048868103,0.0,0.2,0.2,20.249999999999996,0.8,0.8,900.0,0.009,0.0,15,0.5,0.01525247,0.05582662742495702
5.292,900.5003206619983,0.02888173085169797,0.0,0.2,0.2,20.249999999999996,0.8,0.8,900.0,0.009,0.0,15,0.5,0.017669113,0.05581668967272814
5.300999999999999,900.5002317801506,0.028917711687949845,0.0,0.2,0.2,20.249999999999996,0.8,0.8,900.0,0.009,0.0,15,0.5,0.015091689,0.05581031504992674
5.31,900.5001748325797,0.02895759732068332,0.0,0.2,0.2,20.249999999999996,0.8,0.8,900.0,0.009,0.0,15,0.5,0.016444796,0.05580799025444704
5.319,900.5001541648821,0.02900213052172682,0.0,0.2,0.2,20.249999999999996,0.8,0.8,900.0,0.009,0.0,15,0.5,0.017414952,0.055809838647896175
5.327999999999999,900.5001708680994,0.02905143790860053,0.0,0.2,0.2,20.249999999999996,0.8,0.8,900.0,0.009,0.0,15,0.5,0.015715023,0.0558156169365454
5.337,900.5002227501828,0.029105029206266852,0.0,0.2,0.2,20.249999999999996,0.8,0.8,900.0,0.009,0.0,15,0.5,0.014871708,0.055824743897668214
5.345999999999999,900.5003045943689,0.02916200426376414,0.0,0.2,0.2,20.249999999999996,0.8,0.8,900.0,0.009,0.0,15,0.5,0.017262882,0.05583635796812189
5.3549999999999995,900.500408675868,0.02922138907152956,0.0,0.2,0.2,20.249999999999996,0.8,0.8,900.0,0.009,0.0,15,0.5,0.014926009,0.055849398072674326
5.364,900.5005254864514,0.02928248138423623,0.0,0.2,0.2,20.249999999999996,0.8,0.8,900.0,0.009,0.0,15,0.5,0.01517246,0.05586270017495779
5.372999999999999,900.5006445995477,0.029345088438990388,0.0,0.2,0.2,20.249999999999996,0.8,0.8,900.0,0.009,0.0,15,0.5,0.018377957,0.05587510083988232
5.382,900.500755597832,0.02940957834029626,0.0,0.2,0.2,20.249999999999996,0.8,0.8,900.0,0.009,0.0,15,0.5,0.014896819,0.055885538649691494
5.391,900.5008489810532,0.029476736713989773,0.0,0.2,0.2,20.249999999999996,0.8,0.8,900.0,0.009,0.0,15,0.5,0.01518834,0.05589314466693774
5.3999999999999995,900.5009169758919,0.02954749032370007,0.0,0.2,0.2,20.249999999999996,0.8,0.8,900.0,0.009,0.0,15,0.5,0.017543183,0.05589731437269736
5.409,900.5009541793673,0.029622588119467604,0.0,0.2,0.2,20.249999999999996,0.8,0.8,900.0,0.009,0.0,15,0.5,0.01516861,0.05589775511283719
5.417999999999999,900.5009579827242,0.02970235289772243,0.0,0.2,0.2,20.249999999999996,0.8,0.8,900.0,0.009,0.0,15,0.5,0.015109189,0.05589450539765182
5.427,900.5009287432106,0.02978658580952882,0.0,0.2,0.2,20.249999999999996,0.8,0.8,900.0,0.009,0.0,15,0.5,0.017462842,0.05588792491891429
5.436,900.500869693549,0.029874650715962396,0.0,0.2,0.2,20.249999999999996,0.8,0.8,900.0,0.009,0.0,15,0.5,0.015000379,0.05587865672140301
5.444999999999999,900.5007866021999,0.029965703697421162,0.0,0.2,0.2,20.249999999999996,0.8,0.8,900.0,0.009,0.0,15,0.5,0.014988739,0.055867565384226194
5.454,900.5006872188926,0.03005898401144458,0.0,0.2,0.2,20.249999999999996,0.8,0.8,900.0,0.009,0.0,15,0.5,0.017453751,0.05585565708524891
5.462999999999999,900.5005805581964,0.030154067102005654,0.0,0.2,0.2,20.249999999999996,0.8,0.8,900.0,0.009,0.0,15,0.5,0.015021179,0.05584398890695583
5.4719999999999995,900.5004760870509,0.03025099616900165,0.0,0.2,0.2,20.249999999999996,0.8,0.8,900.0,0.009,0.0,15,0.5,0.0150817,0.055833575536238696
5.481,900.5003828892841,0.03035025283589215,0.0,0.2,0.2,20.249999999999996,0.8,0.8,900.0,0.009,0.0,15,0.5,0.017688383,0.05582530157292048
5.489999999999999,900.5003088806839,0.03045258341101452,0.0,0.2,0.2,20.249999999999996,0.8,0.8,900.0,0.009,0.0,15,0.5,0.01499254,0.05581984700040245
5.499,900.5002601421047,0.030558744969077036,0.0,0.2,0.2,20.249999999999996,0.8,0.8,900.0,0.009,0.0,15,0.5,0.015564792,0.055817632050586846
5.508,900.5002404265649,0.030669260224624403,0.0,0.2,0.2,20.249999999999996,0.8,0.8,900.0,0.009,0.0,15,0.5,0.017910935,0.05581878587344303
5.5169999999999995,900.5002508796612,0.03078426286423969,0.0,0.2,0.2,20.249999999999996,0.8,0.8,900.0,0.009,0.0,15,0.5,0.015293591,0.05582314124218813
5.526,900.5002899930564,0.0309034801111827,0.0,0.2,0.2,20.249999999999996,0.8,0.8,900.0,0.009,0.0,15,0.5,0.0151372,0.05583025518627853
5.534999999999999,900.5003537901551,0.031026355006399473,0.0,0.2,0.2,20.249999999999996,0.8,0.8,900.0,0.009,0.0,15,0.5,0.017732324,0.05583945321827637
5.544,900.5004362230297,0.031152259077611464,0.0,0.2,0.2,20.249999999999996,0.8,0.8,900.0,0.009,0.0,15,0.5,0.015307171,0.05584989281726686
5.553,900.500529741521,0.03128071886419188,0.0,0.2,0.2,20.249999999999996,0.8,0.8,900.0,0.009,0.0,15,0.5,0.014963649,0.05586064023666938
5.561999999999999,900.5006259814534,0.031411579305014745,0.0,0.2,0.2,20.249999999999996,0.8,0.8,900.0,0.009,0.0,15,0.5,0.017713933,0.05587075369078433
5.571,900.5007165097393,0.03154505085636995,0.0,0.2,0.2,20.249999999999996,0.8,0.8,900.0,0.009,0.0,15,0.5,0.01524202,0.05587936556226803
5.579999999999999,900.5007935605754,0.031681628427701974,0.0,0.2,0.2,20.249999999999996,0.8,0.8,900.0,0.009,0.0,15,0.5,0.014976569,0.05588575652183867
5.5889999999999995,900.500850698576,0.03182190979168567,0.0,0.2,0.2,20.249999999999996,0.8,0.8,900.0,0.009,0.0,15,0.5,0.017761014,0.055889415221690185
5.598,900.5008833527426,0.03196638989080976,0.0,0.2,0.2,20.249999999999996,0.8,0.8,900.0,0.009,0.0,15,0.5,0.015290751,0.055890078667121035
5.606999999999999,900.5008891774922,0.032115294936410646,0.0,0.2,0.2,20.249999999999996,0.8,0.8,900.0,0.009,0.0,15,0.5,0.01511269,0.05588775017331428
5.616,900.5008682124718,0.03226850922090961,0.0,0.2,0.2,20.249999999999996,0.8,0.8,900.0,0.009,0.0,15,0.5,0.017785594,0.05588269374359614
5.625,900.5008228313476,0.03242561941531416,0.0,0.2,0.2,20.249999999999996,0.8,0.8,900.0,0.009,0.0,15,0.5,0.015707793,0.055875405826765305
5.6339999999999995,900.5007574880206,0.032586056805389785,0.0,0.2,0.2,20.249999999999996,0.8,0.8,900.0,0.009,0.0,15,0.5,0.0151876,0.05586656735416153
5.643,900.5006782864521,0.032749288312763046,0.0,0.2,0.2,20.249999999999996,0.8,0.8,900.0,0.009,0.0,15,0.5,0.017851824,0.05585698064875269
5.651999999999999,900.5005924151759,0.03291498860046369,0.0,0.2,0.2,20.249999999999996,0.8,0.8,900.0,0.009,0.0,15,0.5,0.015526612,0.05584749700960007
5.661,900.500507498546,0.03308313739674776,0.0,0.2,0.2,20.249999999999996,0.8,0.8,900.0,0.009,0.0,15,0.5,0.015023959,0.0558389414932817
5.67,900.5004309231736,0.03325401141522464,0.0,0.2,0.2,20.249999999999996,0.8,0.8,900.0,0.009,0.0,15,0.5,0.017193151,0.05583204151963088
5.678999999999999,900.5003691986137,0.033428078010572654,0.0,0.2,0.2,20.249999999999996,0.8,0.8,900.0,0.009,0.0,15,0.5,0.01518702,0.0558273654107259
5.688,900.5003274076618,0.03360583625054428,0.0,0.2,0.2,20.249999999999996,0.8,0.8,900.0,0.009,0.0,15,0.5,0.014986149,0.055825276108193336
5.696999999999999,900.5003087924273,0.03378765341155574,0.0,0.2,0.2,20.249999999999996,0.8,0.8,900.0,0.009,0.0,15,0.5,0.017579313,0.05582590373420022
5.7059999999999995,900.5003145093611,0.033973654697750814,0.0,0.2,0.2,20.249999999999996,0.8,0.8,900.0,0.009,0.0,15,0.5,0.01519706,0.05582913900170084
5.715,900.5003435710283,0.034163700570740516,0.0,0.2,0.2,20.249999999999996,0.8,0.8,900.0,0.009,0.0,15,0.5,0.01506197,0.05583464760774914
5.723999999999999,900.5003929757142,0.0343574550146836,0.0,0.2,0.2,20.249999999999996,0.8,0.8,900.0,0.009,0.0,15,0.5,0.017642933,0.0558419039169431
5.733,900.5004580097636,0.03455451733649004,0.0,0.2,0.2,20.249999999999996,0.8,0.8,900.0,0.009,0.0,15,0.5,0.015418871,0.05585024061118783
5.742,900.500532692741,0.03475456921637035,0.0,0.2,0.2,20.249999999999996,0.8,0.8,900.0,0.009,0.0,15,0.5,0.01512791,0.05585890966195264
5.7509999999999994,900.5006103237841,0.03495748605860246,0.0,0.2,0.2,20.249999999999996,0.8,0.8,900.0,0.009,0.0,15,0.5,0.017666423,0.05586714909090347
5.76,900.500684079556,0.03516337554350712,0.0,0.2,0.2,20.249999999999996,0.8,0.8,900.0,0.009,0.0,15,0.5,0.01507299,0.05587424959405884
5.768999999999999,900.500747610871,0.035372533533489785,0.0,0.2,0.2,20.249999999999996,0.8,0.8,900.0,0.009,0.0,15,0.5,0.01518069,0.05587961526296879
5.778,900.5007955862436,0.035585332262557536,0.0,0.2,0.2,20.249999999999996,0.8,0.8,900.0,0.009,0.0,15,0.5,0.017735914,0.055882813219101025
5.787,900.5008241355877,0.03580208401827139,0.0,0.2,0.2,20.249999999999996,0.8,0.8,900.0,0.009,0.0,15,0.5,0.01512446,0.0558836080144649
5.795999999999999,900.5008311580983,0.03602293233307793,0.0,0.2,0.2,20.249999999999996,0.8,0.8,900.0,0.009,0.0,15,0.5,0.015286831,0.05588197823648534
5.805,900.5008164700191,0.036247797752831296,0.0,0.2,0.2,20.249999999999996,0.8,0.8,900.0,0.009,0.0,15,0.5,0.017724953,0.0558781141032271
5.813999999999999,900.5007817824836,0.036476401666857186,0.0,0.2,0.2,20.249999999999996,0.8,0.8,900.0,0.009,0.0,15,0.5,0.01515209,0.05587239666327958
5.8229999999999995,900.5007305145681,0.0367083559608442,0.0,0.2,0.2,20.249999999999996,0.8,0.8,900.0,0.009,0.0,15,0.5,0.015526482,0.05586536077046374
5.832,900.5006674611406,0.03694328747729931,0.0,0.2,0.2,20.249999999999996,0.8,0.8,900.0,0.009,0.0,15,0.5,0.018006075,0.05585764539021015
5.840999999999999,900.5005983474049,0.037180954910300636,0.0,0.2,0.2,20.249999999999996,0.8,0.8,900.0,0.009,0.0,15,0.5,0.015338541,0.05584993581712815
5.85,900.5005293112172,0.03742132045105932,0.0,0.2,0.2,20.249999999999996,0.8,0.8,900.0,0.009,0.0,15,0.5,0.015270771,0.055842903018430826
5.859,900.5004663598922,0.03766455383127092,0.0,0.2,0.2,20.249999999999996,0.8,0.8,900.0,0.009,0.0,15,0.5,0.017803705,0.05583714544978726
5.867999999999999,900.5004148492801,0.037910970378365584,0.0,0.2,0.2,20.249999999999996,0.8,0.8,900.0,0.009,0.0,15,0.5,0.014878728,0.0558331383641648
5.877,900.5003790302081,0.03816092688707272,0.0,0.2,0.2,20.249999999999996,0.8,0.8,900.0,0.009,0.0,15,0.5,0.01507422,0.055831194888955084
5.885999999999999,900.5003617004032,0.0384147106169587,0.0,0.2,0.2,20.249999999999996,0.8,0.8,900.0,0.009,0.0,15,0.5,0.017805824,0.05583144200959192
5.895,900.5003639899016,0.03867245906942175,0.0,0.2,0.2,20.249999999999996,0.8,0.8,900.0,0.009,0.0,15,0.5,0.015310061,0.05583381324814231
5.904,900.5003852962491,0.038934137784867554,0.0,0.2,0.2,20.249999999999996,0.8,0.8,900.0,0.009,0.0,15,0.5,0.01525954,0.055838058367085754
5.912999999999999,900.5004233720234,0.03919957597251266,0.0,0.2,0.2,20.249999999999996,0.8,0.8,900.0,0.009,0.0,15,0.5,0.017831034,0.05584376886532762
5.922,900.5004745535522,0.039468545434098716,0.0,0.2,0.2,20.249999999999996,0.8,0.8,900.0,0.009,0.0,15,0.5,0.01514109,0.055850416719048696
5.930999999999999,900.5005341084526,0.03974085709953792,0.0,0.2,0.2,20.249999999999996,0.8,0.8,900.0,0.009,0.0,15,0.5,0.015320081,0.0558574027559239
5.9399999999999995,900.5005966690564,0.04001643607301618,0.0,0.2,0.2,20.249999999999996,0.8,0.8,900.0,0.009,0.0,15,0.5,0.017545603,0.055864110253393634
5.949,900.50065671263,0.0402953499808001,0.0,0.2,0.2,20.249999999999996,0.8,0.8,900.0,0.009,0.0,15,0.5,0.015030179,0.0558699590138742
5.957999999999999,900.5007090453462,0.040577781324850105,0.0,0.2,0.2,20.249999999999996,0.8,0.8,900.0,0.009,0.0,15,0.5,0.015429771,0.05587445514667578
5.967,900.5007492483968,0.04086396263467209,0.0,0.2,0.2,20.249999999999996,0.8,0.8,900.0,0.009,0.0,15,0.5,0.017538172,0.05587723243304909
5.976,900.5007740470734,0.04115407222171002,0.0,0.2,0.2,20.249999999999996,0.8,0.8,900.0,0.009,0.0,15,0.5,0.015304671,0.0558780815588844
5.984999999999999,900.5007815730065,0.04144817864540103,0.0,0.2,0.2,20.249999999999996,0.8,0.8,900.0,0.009,0.0,15,0.5,0.01503079,0.05587696533473467
5.994,900.5007714997347,0.04174620320375275,0.0,0.2,0.2,20.249999999999996,0.8,0.8,900.0,0.009,0.0,15,0.5,0.018324047,0.05587401857609719
6.002999999999999,900.5007450408557,0.04204792928430373,0.0,0.2,0.2,20.249999999999996,0.8,0.8,900.0,0.009,0.0,15,0.5,0.016458917,0.05586953295812564
6.012,900.5007048138787,0.04235305804416297,0.0,0.2,0.2,20.249999999999996,0.8,0.8,900.0,0.009,0.0,15,0.5,0.015327911,0.05586392847921974
6.021,900.5006545842841,0.04266129430223291,0.0,0.2,0.2,20.249999999999996,0.8,0.8,900.0,0.009,0.0,15,0.5,0.017567513,0.055857714339809114
6.029999999999999,900.5005989149416,0.04297242706880515,0.0,0.2,0.2,20.249999999999996,0.8,0.8,900.0,0.009,0.0,15,0.5,0.01514407,0.055851442834899165
6.039,900.5005427527345,0.04328637549730125,0.0,0.2,0.2,20.249999999999996,0.8,0.8,900.0,0.009,0.0,15,0.5,0.015890424,0.055845660367795875
6.047999999999999,900.500490989887,0.04360319911168415,0.0,0.2,0.2,20.249999999999996,0.8,0.8,900.0,0.009,0.0,15,0.5,0.017478403,0.055840859936566394
6.0569999999999995,900.5004480388154,0.043923063938739335,0.0,0.2,0.2,20.249999999999996,0.8,0.8,900.0,0.009,0.0,15,0.5,0.01529446,0.05583743928462093
6.066,900.5004174573695,0.04424616679923798,0.0,0.2,0.2,20.249999999999996,0.8,0.8,900.0,0.009,0.0,15,0.5,0.015688412,0.055835668081508145
6.074999999999999,900.5004016552456,0.04457266512352264,0.0,0.2,0.2,20.249999999999996,0.8,0.8,900.0,0.009,0.0,15,0.5,0.018364357,0.055835666948124134
6.084,900.5004017069804,0.04490262392951733,0.0,0.2,0.2,20.249999999999996,0.8,0.8,900.0,0.009,0.0,15,0.5,0.015088929,0.055837399948031746
6.093,900.5004172849032,0.0452359886178521,0.0,0.2,0.2,20.249999999999996,0.8,0.8,900.0,0.009,0.0,15,0.5,0.015663522,0.055840680791743064
6.101999999999999,900.5004467153054,0.045572606761628366,0.0,0.2,0.2,20.249999999999996,0.8,0.8,900.0,0.009,0.0,15,0.5,0.017771013,0.05584519202470644
6.111,900.5004871507762,0.04591227809002711,0.0,0.2,0.2,20.249999999999996,0.8,0.8,900.0,0.009,0.0,15,0.5,0.01507777,0.05585051526981725
6.119999999999999,900.5005348414237,0.04625481529472809,0.0,0.2,0.2,20.249999999999996,0.8,0.8,900.0,0.009,0.0,15,0.5,0.015348051,0.055856169663996896
6.129,900.5005854791774,0.04660009365715823,0.0,0.2,0.2,20.249999999999996,0.8,0.8,900.0,0.009,0.0,15,0.5,0.017840175,0.0558616549563478
6.138,900.5006345840127,0.046948077570871695,0.0,0.2,0.2,20.249999999999996,0.8,0.8,900.0,0.009,0.0,15,0.5,0.014967279,0.05586649546373528
6.146999999999999,900.5006778975353,0.04729880988011496,0.0,0.2,0.2,20.249999999999996,0.8,0.8,900.0,0.009,0.0,15,0.5,0.01508569,0.055870281024956135
6.156,900.5007117495812,0.04765237078337757,0.0,0.2,0.2,20.249999999999996,0.8,0.8,900.0,0.009,0.0,15,0.5,0.018387677,0.055872701441731225
6.164999999999999,900.5007333663692,0.0480088225636702,0.0,0.2,0.2,20.249999999999996,0.8,0.8,900.0,0.009,0.0,15,0.5,0.015092809,0.05587357155159281
6.1739999999999995,900.5007410946955,0.048368159768179445,0.0,0.2,0.2,20.249999999999996,0.8,0.8,900.0,0.009,0.0,15,0.5,0.014941239,0.05587284492969147
6.183,900.5007345240302,0.04873027935839736,0.0,0.2,0.2,20.249999999999996,0.8,0.8,900.0,0.009,0.0,15,0.5,0.017424082,0.05587061520434556
6.191999999999999,900.5007144979436,0.04909499144577509,0.0,0.2,0.2,20.249999999999996,0.8,0.8,900.0,0.009,0.0,15,0.5,0.015081089,0.05586710516358154
6.201,900.5006830161486,0.04946205462394297,0.0,0.2,0.2,20.249999999999996,0.8,0.8,900.0,0.009,0.0,15,0.5,0.014885378,0.055862644834571665
6.21,900.5006430379823,0.04983122922775396,0.0,0.2,0.2,20.249999999999996,0.8,0.8,900.0,0.009,0.0,15,0.5,0.017660994,0.05585764067523385
6.218999999999999,900.5005982055814,0.050202322265770434,0.0,0.2,0.2,20.249999999999996,0.8,0.8,900.0,0.009,0.0,15,0.5,0.015022449,0.055852538563272325
6.228,900.5005525128137,0.05057523498021923,0.0,0.2,0.2,20.249999999999996,0.8,0.8,900.0,0.009,0.0,15,0.5,0.015298441,0.05584778417377859
6.236999999999999,900.5005099502664,0.05094997260587605,0.0,0.2,0.2,20.249999999999996,0.8,0.8,900.0,0.009,0.0,15,0.5,0.017927475,0.055843784136200836
6.2459999999999996,900.5004741574407,0.05132662288924437,0.0,0.2,0.2,20.249999999999996,0.8,0.8,900.0,0.009,0.0,15,0.5,0.01503171,0.05584087134784424
6.255,900.5004481123228,0.051705312865219843,0.0,0.2,0.2,20.249999999999996,0.8,0.8,900.0,0.009,0.0,15,0.5,0.015007989,0.0558392773930104
6.263999999999999,900.5004338847086,0.052086158677868505,0.0,0.2,0.2,20.249999999999996,0.8,0.8,900.0,0.009,0.0,15,0.5,0.018425397,0.05583911433610234
6.273,900.500432473543,0.0524692245605357,0.0,0.2,0.2,20.249999999999996,0.8,0.8,900.0,0.009,0.0,15,0.5,0.015373241,0.055840367293634605
6.281999999999999,900.5004437408168,0.05285450337739147,0.0,0.2,0.2,20.249999999999996,0.8,0.8,900.0,0.009,0.0,15,0.5,0.014971559,0.055842898221236635
6.2909999999999995,900.5004664458966,0.053241921400686835,0.0,0.2,0.2,20.249999999999996,0.8,0.8,900.0,0.009,0.0,15,0.5,0.017447821,0.055846460368504186
6.3,900.5004983753115,0.05363136408185589,0.0,0.2,0.2,20.249999999999996,0.8,0.8,900.0,0.009,0.0,15,0.5,0.015476521,0.05585072192310732
6.308999999999999,900.5005365547314,0.05402271268891416,0.0,0.2,0.2,20.249999999999996,0.8,0.8,900.0,0.009,0.0,15,0.5,0.0153169,0.055855296533682784
6.318,900.5005775226912,0.054415885910483394,0.0,0.2,0.2,20.249999999999996,0.8,0.8,900.0,0.009,0.0,15,0.5,0.018149086,0.05585977807305475
6.327,900.50061764259,0.05481084818172593,0.0,0.2,0.2,20.249999999999996,0.8,0.8,900.0,0.009,0.0,15,0.5,0.015523432,0.055863776571180836
6.335999999999999,900.500653422634,0.055207573072899946,0.0,0.2,0.2,20.249999999999996,0.8,0.8,900.0,0.009,0.0,15,0.5,0.014942839,0.05586695159066553
6.345,900.5006818163831,0.055606052052894435,0.0,0.2,0.2,20.249999999999996,0.8,0.8,900.0,0.009,0.0,15,0.5,0.017624623,0.055869041084082006
6.353999999999999,900.5007004802764,0.056006259093027096,0.0,0.2,0.2,20.249999999999996,0.8,0.8,900.0,0.009,0.0,15,0.5,0.015390431,0.055869882704815736
6.3629999999999995,900.5007079643847,0.05640812637226395,0.0,0.2,0.2,20.249999999999996,0.8,0.8,900.0,0.009,0.0,15,0.5,0.015713063,0.055869426038222134
6.372,900.5007038214873,0.05681152786007318,0.0,0.2,0.2,20.249999999999996,0.8,0.8,900.0,0.009,0.0,15,0.5,0.017764334,0.055867734833646314
6.380999999999999,900.5006886267406,0.05721628322004841,0.0,0.2,0.2,20.249999999999996,0.8,0.8,900.0,0.009,0.0,15,0.5,0.015333761,0.055864979253191456
6.39,900.5006639083484,0.057622179561262275,0.0,0.2,0.2,20.249999999999996,0.8,0.8,900.0,0.009,0.0,15,0.5,0.015609162,0.05586141910758543
6.398999999999999,900.5006319970781,0.05802894853440602,0.0,0.2,0.2,20.249999999999996,0.8,0.8,900.0,0.009,0.0,15,0.5,0.017941695,0.055857379426149115
6.4079999999999995,900.5005958041367,0.05843627251629169,0.0,0.2,0.2,20.249999999999996,0.8,0.8,900.0,0.009,0.0,15,0.5,0.014987668,0.05585322036295838
6.417,900.5005585555956,0.0588438970088123,0.0,0.2,0.2,20.249999999999996,0.8,0.8,900.0,0.009,0.0,15,0.5,0.01517411,0.05584930544042361
6.425999999999999,900.5005235066127,0.059251644216293774,0.0,0.2,0.2,20.249999999999996,0.8,0.8,900.0,0.009,0.0,15,0.5,0.018352607,0.055845969851858225
6.435,900.5004936574715,0.059659401351094876,0.0,0.2,0.2,20.249999999999996,0.8,0.8,900.0,0.009,0.0,15,0.5,0.014933129,0.055843491774206694
6.444,900.5004714968749,0.06006709275291179,0.0,0.2,0.2,20.249999999999996,0.8,0.8,900.0,0.009,0.0,15,0.5,0.01514542,0.05584206920707552
6.452999999999999,900.5004587951076,0.06047463993490348,0.0,0.2,0.2,20.249999999999996,0.8,0.8,900.0,0.009,0.0,15,0.5,0.018203615,0.05584180428729852
6.462,900.5004564626461,0.06088192044846979,0.0,0.2,0.2,20.249999999999996,0.8,0.8,900.0,0.009,0.0,15,0.5,0.01524648,0.0558426961490383
6.470999999999999,900.500464487821,0.06128876631518034,0.0,0.2,0.2,20.249999999999996,0.8,0.8,900.0,0.009,0.0,15,0.5,0.01511599,0.05584464307038694
6.4799999999999995,900.5004819559675,0.06169496797392235,0.0,0.2,0.2,20.249999999999996,0.8,0.8,900.0,0.009,0.0,15,0.5,0.017841895,0.05584745332104322
6.489,900.5005071469376,0.06210029356194763,0.0,0.2,0.2,20.249999999999996,0.8,0.8,900.0,0.009,0.0,15,0.5,0.015014259,0.05585086365293917
6.497999999999999,900.5005377009064,0.06250451380396511,0.0,0.2,0.2,20.249999999999996,0.8,0.8,900.0,0.009,0.0,15,0.5,0.015787473,0.055854563655479826
6.507,900.5005708367987,0.06290742414409854,0.0,0.2,0.2,20.249999999999996,0.8,0.8,900.0,0.009,0.0,15,0.5,0.018023715,0.055858223766003995
6.515999999999999,900.5006036028974,0.06330885044282665,0.0,0.2,0.2,20.249999999999996,0.8,0.8,900.0,0.009,0.0,15,0.5,0.015067979,0.055861524322648
6.5249999999999995,900.5006331377921,0.06370865359527726,0.0,0.2,0.2,20.249999999999996,0.8,0.8,900.0,0.009,0.0,15,0.5,0.015137359,0.055864183304707174
6.534,900.5006569173642,0.06410670820343141,0.0,0.2,0.2,20.249999999999996,0.8,0.8,900.0,0.009,0.0,15,0.5,0.017718063,0.05586598009527907
6.542999999999999,900.50067296852,0.06450288518595786,0.0,0.2,0.2,20.249999999999996,0.8,0.8,900.0,0.009,0.0,15,0.5,0.01512785,0.05586677360240812
6.552,900.5006800309263,0.06489702454890578,0.0,0.2,0.2,20.249999999999996,0.8,0.8,900.0,0.009,0.0,15,0.5,0.015073029,0.055866513030642835
6.561,900.5006776529382,0.06528892067223437,0.0,0.2,0.2,20.249999999999996,0.8,0.8,900.0,0.009,0.0,15,0.5,0.018078845,0.05586524046598565
6.569999999999999,900.500666214838,0.06567833907602685,0.0,0.2,0.2,20.249999999999996,0.8,0.8,900.0,0.009,0.0,15,0.5,0.016000574,0.05586308541585542
6.579,900.5006468796618,0.06606503243910682,0.0,0.2,0.2,20.249999999999996,0.8,0.8,900.0,0.009,0.0,15,0.5,0.015316221,0.05586025182517807
6.587999999999999,900.5006214763288,0.06644876122401182,0.0,0.2,0.2,20.249999999999996,0.8,0.8,900.0,0.009,0.0,15,0.5,0.017555233,0.05585699882820702
6.5969999999999995,900.5005923277889,0.06682931613092917,0.0,0.2,0.2,20.249999999999996,0.8,0.8,900.0,0.009,0.0,15,0.5,0.015579502,0.05585361718175605
6.606,900.5005620381057,0.06720650729633067,0.0,0.2,0.2,20.249999999999996,0.8,0.8,900.0,0.009,0.0,15,0.5,0.016057184,0.05585040310926012
6.614999999999999,900.5005332600505,0.06758020458991332,0.0,0.2,0.2,20.249999999999996,0.8,0.8,900.0,0.009,0.0,15,0.5,0.017497042,0.05584763239256461
6.624,900.5005084618771,0.06795032024863087,0.0,0.2,0.2,20.249999999999996,0.8,0.8,900.0,0.009,0.0,15,0.5,0.014868939,0.05584553654906868
6.632999999999999,900.5004897147447,0.06831681038560886,0.0,0.2,0.2,20.249999999999996,0.8,0.8,900.0,0.009,0.0,15,0.5,0.015316291,0.055844283524268915
6.6419999999999995,900.5004785200132,0.06867965658849547,0.0,0.2,0.2,20.249999999999996,0.8,0.8,900.0,0.009,0.0,15,0.5,0.017833734,0.05584396430396084
6.651,900.500475689488,0.06903884603153786,0.0,0.2,0.2,20.249999999999996,0.8,0.8,900.0,0.009,0.0,15,0.5,0.0150681,0.05584458648384742
6.659999999999999,900.5004812882827,0.06939435498782273,0.0,0.2,0.2,20.249999999999996,0.8,0.8,900.0,0.009,0.0,15,0.5,0.015294241,0.055846075261687625
6.669,900.500494643445,0.06974613212377521,0.0,0.2,0.2,20.249999999999996,0.8,0.8,900.0,0.009,0.0,15,0.5,0.017618933,0.055848281473574526
6.678,900.5005144163148,0.07009411506975458,0.0,0.2,0.2,20.249999999999996,0.8,0.8,900.0,0.009,0.0,15,0.5,0.014930779,0.05585099604818756
6.686999999999999,900.500538732714,0.07043825495175761,0.0,0.2,0.2,20.249999999999996,0.8,0.8,900.0,0.009,0.0,15,0.5,0.015337811,0.0558539694957808
6.696,900.5005653570727,0.07077852790548962,0.0,0.2,0.2,20.249999999999996,0.8,0.8,900.0,0.009,0.0,15,0.5,0.017842874,0.05585693445804477
6.704999999999999,900.500591894821,0.07111494915961908,0.0,0.2,0.2,20.249999999999996,0.8,0.8,900.0,0.009,0.0,15,0.5,0.015094539,0.05585962943931649
6.7139999999999995,900.5006160050929,0.07144756942642869,0.0,0.2,0.2,20.249999999999996,0.8,0.8,900.0,0.009,0.0,15,0.5,0.015363562,0.05586182158035885
6.723,900.5006356036791,0.07177645084478479,0.0,0.2,0.2,20.249999999999996,0.8,0.8,900.0,0.009,0.0,15,0.5,0.017904374,0.05586332635428026
6.731999999999999,900.5006490400826,0.07210166859429354,0.0,0.2,0.2,20.249999999999996,0.8,0.8,900.0,0.009,0.0,15,0.5,0.01497228,0.05586402279506667
6.741,900.5006552336262,0.07242330019246494,0.0,0.2,0.2,20.249999999999996,0.8,0.8,900.0,0.009,0.0,15,0.5,0.015867694,0.05586386287790373
6.749999999999999,900.5006537570636,0.07274141755079323,0.0,0.2,0.2,20.249999999999996,0.8,0.8,900.0,0.009,0.0,15,0.5,0.017740113,0.05586287433442253
6.7589999999999995,900.5006448618269,0.07305608737627071,0.0,0.2,0.2,20.249999999999996,0.8,0.8,900.0,0.009,0.0,15,0.5,0.01515366,0.05586115686068252
6.768,900.5006294431903,0.07336736867381474,0.0,0.2,0.2,20.249999999999996,0.8,0.8,900.0,0.009,0.0,15,0.5,0.014906198,0.05585887194774457
6.776999999999999,900.5006089498968,0.07367533821064734,0.0,0.2,0.2,20.249999999999996,0.8,0.8,900.0,0.009,0.0,15,0.5,0.017748443,0.055856227723442474
6.786,900.5005852481586,0.07398007708496204,0.0,0.2,0.2,20.249999999999996,0.8,0.8,900.0,0.009,0.0,15,0.5,0.01510809,0.05585345991352233
6.795,900.5005604494287,0.07428165930524291,0.0,0.2,0.2,20.249999999999996,0.8,0.8,900.0,0.009,0.0,15,0.5,0.01510606,0.05585081052889596
6.803999999999999,900.5005367200705,0.07458017042170806,0.0,0.2,0.2,20.249999999999996,0.8,0.8,900.0,0.009,0.0,15,0.5,0.017501862,0.05584850648780232
6.813,900.5005160911703,0.074875742070981,0.0,0.2,0.2,20.249999999999996,0.8,0.8,900.0,0.009,0.0,15,0.5,0.015524462,0.055846740212048294
6.821999999999999,900.5005002844995,0.07516854283986667,0.0,0.2,0.2,20.249999999999996,0.8,0.8,900.0,0.009,0.0,15,0.5,0.01514321,0.055845653528068806
6.8309999999999995,900.5004905679529,0.07545875845612822,0.0,0.2,0.2,20.249999999999996,0.8,0.8,900.0,0.009,0.0,15,0.5,0.017582843,0.0558453262032237
6.84,900.5004876533947,0.0757465804965747,0.0,0.2,0.2,20.249999999999996,0.8,0.8,900.0,0.009,0.0,15,0.5,0.015022899,0.055845770159168646
6.848999999999999,900.5004916450703,0.07603219788045167,0.0,0.2,0.2,20.249999999999996,0.8,0.8,900.0,0.009,0.0,15,0.5,0.015305211,0.05584692976123161
6.858,900.5005020422531,0.07631579067091453,0.0,0.2,0.2,20.249999999999996,0.8,0.8,900.0,0.009,0.0,15,0.5,0.017661184,0.05584868794455189
6.866999999999999,900.5005177944325,0.07659753506309662,0.0,0.2,0.2,20.249999999999996,0.8,0.8,900.0,0.009,0.0,15,0.5,0.01526304,0.05585087760225323
6.8759999999999994,900.5005374034812,0.07687761107585193,0.0,0.2,0.2,20.249999999999996,0.8,0.8,900.0,0.009,0.0,15,0.5,0.01508783,0.055853297139546475
6.885,900.5005590629828,0.07715621040707457,0.0,0.2,0.2,20.249999999999996,0.8,0.8,900.0,0.009,0.0,15,0.5,0.017803694,0.05585572874233344
6.893999999999999,900.5005808220419,0.07743354244351462,0.0,0.2,0.2,20.249999999999996,0.8,0.8,900.0,0.009,0.0,15,0.5,0.015572063,0.05585795771985631
6.903,900.5006007588211,0.07770983277277459,0.0,0.2,0.2,20.249999999999996,0.8,0.8,900.0,0.009,0.0,15,0.5,0.015056749,0.05585979124482599
6.911999999999999,900.5006171478742,0.07798529783361334,0.0,0.2,0.2,20.249999999999996,0.8,0.8,900.0,0.009,0.0,15,0.5,0.017576783,0.05586107479285296
6.920999999999999,900.5006286065193,0.07826012727592671,0.0,0.2,0.2,20.249999999999996,0.8,0.8,900.0,0.009,0.0,15,0.5,0.014989549,0.05586170477303071
6.93,900.5006342091064,0.0785344990710108,0.0,0.2,0.2,20.249999999999996,0.8,0.8,900.0,0.009,0.0,15,0.5,0.014831188,0.05586163667458346
6.938999999999999,900.5006335594767,0.07880857592442025,0.0,0.2,0.2,20.249999999999996,0.8,0.8,900.0,0.009,0.0,15,0.5,0.017404072,0.05586088784095719
6.9479999999999995,900.5006268152548,0.07908250328142162,0.0,0.2,0.2,20.249999999999996,0.8,0.8,900.0,0.009,0.0,15,0.5,0.015278661,0.05585953474436472
6.957,900.5006146634012,0.0793564140595005,0.0,0.2,0.2,20.249999999999996,0.8,0.8,900.0,0.009,0.0,15,0.5,0.014942179,0.05585770515363147
6.965999999999999,900.500598250029,0.07963044283506888,0.0,0.2,0.2,20.249999999999996,0.8,0.8,900.0,0.009,0.0,15,0.5,0.017481842,0.055855566016535185
6.975,900.5005790717781,0.07990472812319713,0.0,0.2,0.2,20.249999999999996,0.8,0.8,900.0,0.009,0.0,15,0.5,0.01505751,0.05585330812400836
6.983999999999999,900.5005588374769,0.08017941637627309,0.0,0.2,0.2,20.249999999999996,0.8,0.8,900.0,0.009,0.0,15,0.5,0.015371861,0.05585112889441442
6.992999999999999,900.500539314936,0.08045467845338457,0.0,0.2,0.2,20.249999999999996,0.8,0.8,900.0,0.009,0.0,15,0.5,0.018037535,0.05584921506879699
7.002,900.5005221758918,0.08073070735005798,0.0,0.2,0.2,20.249999999999996,0.8,0.8,900.0,0.009,0.0,15,0.5,0.014929479,0.05584772659152693
7.010999999999999,900.5005088515401,0.08100771253622409,0.0,0.2,0.2,20.249999999999996,0.8,0.8,900.0,0.009,0.0,15,0.5,0.01524879,0.055846783171604956
7.02,900.5005004124492,0.08128590836718935,0.0,0.2,0.2,20.249999999999996,0.8,0.8,900.0,0.009,0.0,15,0.5,0.017609473,0.055846454638895225
7.028999999999999,900.5004974821617,0.0815654902007721,0.0,0.2,0.2,20.249999999999996,0.8,0.8,900.0,0.009,0.0,15,0.5,0.015280441,0.0558467558157904
7.037999999999999,900.5005001910615,0.08184662628489174,0.0,0.2,0.2,20.249999999999996,0.8,0.8,900.0,0.009,0.0,15,0.5,0.015466302,0.05584764628727048
7.047,900.500508175784,0.08212946348882964,0.0,0.2,0.2,20.249999999999996,0.8,0.8,900.0,0.009,0.0,15,0.5,0.017480752,0.05584903510385478
7.055999999999999,900.5005206197683,0.0824140965137946,0.0,0.2,0.2,20.249999999999996,0.8,0.8,900.0,0.009,0.0,15,0.5,0.015741463,0.05585078948807796
7.0649999999999995,900.5005363323992,0.08270059595324439,0.0,0.2,0.2,20.249999999999996,0.8,0.8,900.0,0.009,0.0,15,0.5,0.015035779,0.05585274732275546
7.074,900.5005538611376,0.082989019609848,0.0,0.2,0.2,20.249999999999996,0.8,0.8,900.0,0.009,0.0,15,0.5,0.018780889,0.055854731967787334
7.082999999999999,900.5005716237745,0.08327941087211245,0.0,0.2,0.2,20.249999999999996,0.8,0.8,900.0,0.009,0.0,15,0.5,0.015575142,0.05585656790759005
7.092,900.50058804886,0.08357180074679575,0.0,0.2,0.2,20.249999999999996,0.8,0.8,900.0,0.009,0.0,15,0.5,0.015251531,0.05585809603382421
7.100999999999999,900.5006017122105,0.08386620161004567,0.0,0.2,0.2,20.249999999999996,0.8,0.8,900.0,0.009,0.0,15,0.5,0.017445102,0.055859187165160584
7.109999999999999,900.5006114582878,0.08416261325969795,0.0,0.2,0.2,20.249999999999996,0.8,0.8,900.0,0.009,0.0,15,0.5,0.014880708,0.05585975280356956
7.119,900.5006164965973,0.08446101843123817,0.0,0.2,0.2,20.249999999999996,0.8,0.8,900.0,0.009,0.0,15,0.5,0.01530554,0.055859752137609894
7.127999999999999,900.5006164640392,0.08476137494767448,0.0,0.2,0.2,20.249999999999996,0.8,0.8,900.0,0.009,0.0,15,0.5,0.017665353,0.055859194685613844
7.137,900.5006114474922,0.08506360185395472,0.0,0.2,0.2,20.249999999999996,0.8,0.8,900.0,0.009,0.0,15,0.5,0.015346311,0.05585813837596939
7.145999999999999,900.5006019669355,0.08536758562797518,0.0,0.2,0.2,20.249999999999996,0.8,0.8,900.0,0.009,0.0,15,0.5,0.014969768,0.05585668352007149
7.154999999999999,900.5005889239276,0.08567320112744449,0.0,0.2,0.2,20.249999999999996,0.8,0.8,900.0,0.009,0.0,15,0.5,0.017798204,0.05585496361898551
7.164,900.5005735141987,0.08598023330623104,0.0,0.2,0.2,20.249999999999996,0.8,0.8,900.0,0.009,0.0,15,0.5,0.014980839,0.05585313273693726
7.172999999999999,900.500557117178,0.08628845436219876,0.0,0.2,0.2,20.249999999999996,0.8,0.8,900.0,0.009,0.0,15,0.5,0.0152142,0.055851351623608436
7.1819999999999995,900.5005411730832,0.086597651862183,0.0,0.2,0.2,20.249999999999996,0.8,0.8,900.0,0.009,0.0,15,0.5,0.017441232,0.055849773625957645
7.191,900.5005270547341,0.0869075913533738,0.0,0.2,0.2,20.249999999999996,0.8,0.8,900.0,0.009,0.0,15,0.5,0.014925428,0.05584853129492371
7.199999999999999,900.5005159476614,0.08721801877578361,0.0,0.2,0.2,20.249999999999996,0.8,0.8,900.0,0.009,0.0,15,0.5,0.014984949,0.05584772516176789
7.209,900.5005087510874,0.08752867927348161,0.0,0.2,0.2,20.249999999999996,0.8,0.8,900.0,0.009,0.0,15,0.5,0.017487222,0.05584741575798091
7.217999999999999,900.5005060058854,0.08783929401189812,0.0,0.2,0.2,20.249999999999996,0.8,0.8,900.0,0.009,0.0,15,0.5,0.01517345,0.05584761905631342
7.226999999999999,900.5005078530861,0.08814954942167587,0.0,0.2,0.2,20.249999999999996,0.8,0.8,900.0,0.009,0.0,15,0.5,0.014936238,0.055848305990827476
7.236,900.5005140303217,0.0884591119525369,0.0,0.2,0.2,20.249999999999996,0.8,0.8,900.0,0.009,0.0,15,0.5,0.017403173,0.05584940585072858
7.244999999999999,900.5005239032248,0.08876764349370045,0.0,0.2,0.2,20.249999999999996,0.8,0.8,900.0,0.009,0.0,15,0.5,0.01511856,0.05585081335313996
7.254,900.5005365291198,0.08907478490237417,0.0,0.2,0.2,20.249999999999996,0.8,0.8,900.0,0.009,0.0,15,0.5,0.015109299,0.05585239856325794
7.262999999999999,900.5005507422139,0.08938014357790901,0.0,0.2,0.2,20.249999999999996,0.8,0.8,900.0,0.009,0.0,15,0.5,0.017366081,0.05585401843676152
7.271999999999999,900.5005652610516,0.08968332621931141,0.0,0.2,0.2,20.249999999999996,0.8,0.8,900.0,0.009,0.0,15,0.5,0.01502797,0.055855529759947196
7.281,900.5005788034191,0.08998394245424049,0.0,0.2,0.2,20.249999999999996,0.8,0.8,900.0,0.009,0.0,15,0.5,0.015062889,0.055856801715445825
7.289999999999999,900.5005901986005,0.09028159739287003,0.0,0.2,0.2,20.249999999999996,0.8,0.8,900.0,0.009,0.0,15,0.5,0.017351661,0.05585772704625627
7.2989999999999995,900.5005984871547,0.09057588392865612,0.0,0.2,0.2,20.249999999999996,0.8,0.8,900.0,0.009,0.0,15,0.5,0.01522017,0.055858230964787335
7.308,900.5006030003271,0.0908663793270633,0.0,0.2,0.2,20.249999999999996,0.8,0.8,900.0,0.009,0.0,15,0.5,0.015100889,0.05585827695321013
7.316999999999999,900.500603412569,0.09115266129442752,0.0,0.2,0.2,20.249999999999996,0.8,0.8,900.0,0.009,0.0,15,0.5,0.017303151,0.05585786924084871
7.326,900.5005997633372,0.09143431140783718,0.0,0.2,0.2,20.249999999999996,0.8,0.8,900.0,0.009,0.0,15,0.5,0.01527586,0.05585705163609482
7.334999999999999,900.5005924464875,0.09171091660862246,0.0,0.2,0.2,20.249999999999996,0.8,0.8,900.0,0.009,0.0,15,0.5,0.015300921,0.055855902935977995
7.343999999999999,900.5005821688035,0.09198206626335038,0.0,0.2,0.2,20.249999999999996,0.8,0.8,900.0,0.009,0.0,15,0.5,0.017291602,0.055854529330054685
7.353,900.5005698836504,0.09224735991895482,0.0,0.2,0.2,20.249999999999996,0.8,0.8,900.0,0.009,0.0,15,0.5,0.014975409,0.055853054676540045
7.361999999999999,900.5005566998418,0.09250639244941954,0.0,0.2,0.2,20.249999999999996,0.8,0.8,900.0,0.009,0.0,15,0.5,0.0152107,0.055851609153088067
7.3709999999999996,900.5005437824902,0.09275878105921083,0.0,0.2,0.2,20.249999999999996,0.8,0.8,900.0,0.009,0.0,15,0.5,0.017467622,0.05585031776749489
7.379999999999999,900.5005322506674,0.09300416921956618,0.0,0.2,0.2,20.249999999999996,0.8,0.8,900.0,0.009,0.0,15,0.5,0.015424141,0.05584928953301548
7.388999999999999,900.5005230797917,0.09324222782868154,0.0,0.2,0.2,20.249999999999996,0.8,0.8,900.0,0.009,0.0,15,0.5,0.01501729,0.05584860826089961
7.398,900.5005170193933,0.09347265134731018,0.0,0.2,0.2,20.249999999999996,0.8,0.8,900.0,0.009,0.0,15,0.5,0.017220431,0.05584832572502316
7.406999999999999,900.5005145319901,0.09369514954002632,0.0,0.2,0.2,20.249999999999996,0.8,0.8,900.0,0.009,0.0,15,0.5,0.015062149,0.05584845778852016
7.4159999999999995,900.5005157580091,0.09390942730134677,0.0,0.2,0.2,20.249999999999996,0.8,0.8,900.0,0.009,0.0,15,0.5,0.015069569,0.055848983633845044
7.425,900.500520509536,0.09411519855424007,0.0,0.2,0.2,20.249999999999996,0.8,0.8,900.0,0.009,0.0,15,0.5,0.017254411,0.05584984832104931
7.433999999999999,900.5005282933583,0.09431218982165121,0.0,0.2,0.2,20.249999999999996,0.8,0.8,900.0,0.009,0.0,15,0.5,0.015197351,0.05585096829296725
7.443,900.5005383602918,0.09450013806728497,0.0,0.2,0.2,20.249999999999996,0.8,0.8,900.0,0.009,0.0,15,0.5,0.014908398,0.05585223923913529
7.451999999999999,900.5005497754677,0.09467879121327863,0.0,0.2,0.2,20.249999999999996,0.8,0.8,900.0,0.009,0.0,15,0.5,0.017474502,0.055853545580715716
7.460999999999999,900.5005615036331,0.09484791412333025,0.0,0.2,0.2,20.249999999999996,0.8,0.8,900.0,0.009,0.0,15,0.5,0.015317071,0.055854770807078305
7.47,900.5005725013775,0.09500728808636862,0.0,0.2,0.2,20.249999999999996,0.8,0.8,900.0,0.009,0.0,15,0.5,0.014855159,0.05585580768547946
7.478999999999999,900.5005818088589,0.09515671212003168,0.0,0.2,0.2,20.249999999999996,0.8,0.8,900.0,0.009,0.0,15,0.5,0.017553962,0.05585656745835382
7.4879999999999995,900.500588632045,0.09529600092275711,0.0,0.2,0.2,20.249999999999996,0.8,0.8,900.0,0.009,0.0,15,0.5,0.015336551,0.05585698723866168
7.496999999999999,900.5005924087521,0.09542498344859905,0.0,0.2,0.2,20.249999999999996,0.8,0.8,900.0,0.009,0.0,15,0.5,0.01515004,0.05585703499977799
7.505999999999999,900.5005928533081,0.09554350274073682,0.0,0.2,0.2,20.249999999999996,0.8,0.8,900.0,0.009,0.0,15,0.5,0.017534482,0.05585671176892262
7.515,900.5005899761373,0.0956514170388093,0.0,0.2,0.2,20.249999999999996,0.8,0.8,900.0,0.009,0.0,15,0.5,0.014990819,0.055856050890719044
7.523999999999999,900.5005840769849,0.09574860199338099,0.0,0.2,0.2,20.249999999999996,0.8,0.8,900.0,0.009,0.0,15,0.5,0.01517698,0.05585511447405217
7.5329999999999995,900.5005757130097,0.09583495472752848,0.0,0.2,0.2,20.249999999999996,0.8,0.8,900.0,0.009,0.0,15,0.5,0.018106406,0.05585398739523635
7.542,900.5005656450635,0.09591039765117892,0.0,0.2,0.2,20.249999999999996,0.8,0.8,900.0,0.009,0.0,15,0.5,0.015469672,0.05585276943517941
7.550999999999999,900.5005547670877,0.09597488012578423,0.0,0.2,0.2,20.249999999999996,0.8,0.8,900.0,0.009,0.0,15,0.5,0.01526316,0.05585156625811872
7.56,900.5005440254312,0.09602838092000188,0.0,0.2,0.2,20.249999999999996,0.8,0.8,900.0,0.009,0.0,15,0.5,0.017857514,0.05585048007356082
7.568999999999999,900.500534335369,0.09607090577681474,0.0,0.2,0.2,20.249999999999996,0.8,0.8,900.0,0.009,0.0,15,0.5,0.015448332,0.055849600810191816
7.577999999999999,900.500526501308,0.09610247728807894,0.0,0.2,0.2,20.249999999999996,0.8,0.8,900.0,0.009,0.0,15,0.5,0.015375141,0.05584899841872365
7.587,900.5005211488116,0.09612313923890312,0.0,0.2,0.2,20.249999999999996,0.8,0.8,900.0,0.009,0.0,15,0.5,0.017646433,0.05584871718123499
7.595999999999999,900.500518673306,0.09613294967162306,0.0,0.2,0.2,20.249999999999996,0.8,0.8,900.0,0.009,0.0,15,0.5,0.015293621,0.05584877234358086
7.6049999999999995,900.5005192110245,0.09613197814220953,0.0,0.2,0.2,20.249999999999996,0.8,0.8,900.0,0.009,0.0,15,0.5,0.01500737,0.05584914964401204
7.613999999999999,900.5005226350597,0.09612021859220095,0.0,0.2,0.2,20.249999999999996,0.8,0.8,900.0,0.009,0.0,15,0.5,0.017922904,0.055849807233794145
7.622999999999999,900.5005285666923,0.09609754222960729,0.0,0.2,0.2,20.249999999999996,0.8,0.8,900.0,0.009,0.0,15,0.5,0.01521706,0.055850679076999796
7.632,900.5005364137105,0.09606383498202622,0.0,0.2,0.2,20.249999999999996,0.8,0.8,900.0,0.009,0.0,15,0.5,0.015708743,0.055851681700322245
7.640999999999999,900.5005454281214,0.09601899711861744,0.0,0.2,0.2,20.249999999999996,0.8,0.8,900.0,0.009,0.0,15,0.5,0.018051695,0.05585272188923782
7.6499999999999995,900.5005547749339,0.09596294233720268,0.0,0.2,0.2,20.249999999999996,0.8,0.8,900.0,0.009,0.0,15,0.5,0.015060479,0.0558537049946623
7.659,900.5005636066073,0.09589559165829124,0.0,0.2,0.2,20.249999999999996,0.8,0.8,900.0,0.009,0.0,15,0.5,0.01516323,0.055854543208331255
7.667999999999999,900.5005711371875,0.09581687325296383,0.0,0.2,0.2,20.249999999999996,0.8,0.8,900.0,0.009,0.0,15,0.5,0.017729414,0.05585516309657958
7.677,900.5005767098446,0.09572671740286136,0.0,0.2,0.2,20.249999999999996,0.8,0.8,900.0,0.009,0.0,15,0.5,0.014893629,0.0558555117047752
7.685999999999999,900.5005798509973,0.09562505034606837,0.0,0.2,0.2,20.249999999999996,0.8,0.8,900.0,0.009,0.0,15,0.5,0.01526271,0.055855560751312844
7.694999999999999,900.5005803081364,0.09551180402527899,0.0,0.2,0.2,20.249999999999996,0.8,0.8,900.0,0.009,0.0,15,0.5,0.017566162,0.05585530868006143
7.704,900.5005780684812,0.09538691783431182,0.0,0.2,0.2,20.249999999999996,0.8,0.8,900.0,0.009,0.0,15,0.5,0.015077029,0.05585478035069729
7.712999999999999,900.5005733558093,0.09525033419803143,0.0,0.2,0.2,20.249999999999996,0.8,0.8,900.0,0.009,0.0,15,0.5,0.01502885,0.05585402442167043
7.7219999999999995,900.5005666069346,0.09510199318453921,0.0,0.2,0.2,20.249999999999996,0.8,0.8,900.0,0.009,0.0,15,0.5,0.017329041,0.05585310871294551
7.730999999999999,900.5005584309214,0.09494182758723774,0.0,0.2,0.2,20.249999999999996,0.8,0.8,900.0,0.009,0.0,15,0.5,0.0150014,0.05585211414356895
7.739999999999999,900.5005495515762,0.09476972668066043,0.0,0.2,0.2,20.249999999999996,0.8,0.8,900.0,0.009,0.0,15,0.5,0.015707373,0.05585112687045189
7.749,900.5005407402973,0.0945855873483797,0.0,0.2,0.2,20.249999999999996,0.8,0.8,900.0,0.009,0.0,15,0.5,0.017620423,0.055850230832466874
7.757999999999999,900.50053274868,0.09438930337579492,0.0,0.2,0.2,20.249999999999996,0.8,0.8,900.0,0.009,0.0,15,0.5,0.015296031,0.05584950053756751
7.7669999999999995,900.5005262430086,0.0941807711080301,0.0,0.2,0.2,20.249999999999996,0.8,0.8,900.0,0.009,0.0,15,0.5,0.01508014,0.05584899471341061
7.776,900.5005217490343,0.09395990273943482,0.0,0.2,0.2,20.249999999999996,0.8,0.8,900.0,0.009,0.0,15,0.5,0.017763543,0.055848751705500306
7.784999999999999,900.5005196092684,0.09372660327254924,0.0,0.2,0.2,20.249999999999996,0.8,0.8,900.0,0.009,0.0,15,0.5,0.01518129,0.05584878646709884
7.794,900.5005199570405,0.09348077092085127,0.0,0.2,0.2,20.249999999999996,0.8,0.8,900.0,0.009,0.0,15,0.5,0.014943699,0.055849089745962886
7.802999999999999,900.5005227089056,0.09322228601722776,0.0,0.2,0.2,20.249999999999996,0.8,0.8,900.0,0.009,0.0,15,0.5,0.017659813,0.05584962937210725
7.811999999999999,900.5005275753334,0.09295099254618652,0.0,0.2,0.2,20.249999999999996,0.8,0.8,900.0,0.009,0.0,15,0.5,0.014805828,0.05585035343847256
7.821,900.5005340907311,0.09266672547778339,0.0,0.2,0.2,20.249999999999996,0.8,0.8,900.0,0.009,0.0,15,0.5,0.01524244,0.05585119541342847
7.829999999999999,900.5005416585028,0.09236932023991572,0.0,0.2,0.2,20.249999999999996,0.8,0.8,900.0,0.009,0.0,15,0.5,0.017826784,0.055852080197085555
7.8389999999999995,900.5005496058683,0.09205862952741191,0.0,0.2,0.2,20.249999999999996,0.8,0.8,900.0,0.009,0.0,15,0.5,0.01511163,0.05585293086839196
7.847999999999999,900.5005572439989,0.09173452464995237,0.0,0.2,0.2,20.249999999999996,0.8,0.8,900.0,0.009,0.0,15,0.5,0.015049919,0.05585367543611242
7.856999999999999,900.5005639283937,0.09139689562463806,0.0,0.2,0.2,20.249999999999996,0.8,0.8,900.0,0.009,0.0,15,0.5,0.017597713,0.05585425301801517
7.866,900.5005691143141,0.09104565515509074,0.0,0.2,0.2,20.249999999999996,0.8,0.8,900.0,0.009,0.0,15,0.5,0.0150393,0.0558546189367581
7.874999999999999,900.5005724022568,0.09068074011487573,0.0,0.2,0.2,20.249999999999996,0.8,0.8,900.0,0.009,0.0,15,0.5,0.015076809,0.05585474828874638
7.8839999999999995,900.500573569943,0.09030211423058138,0.0,0.2,0.2,20.249999999999996,0.8,0.8,900.0,0.009,0.0,15,0.5,0.017469222,0.0558546377284728
7.893,900.5005725882381,0.0899097692793686,0.0,0.2,0.2,20.249999999999996,0.8,0.8,900.0,0.009,0.0,15,0.5,0.01521831,0.05585430533264923
7.901999999999999,900.5005696197924,0.08950372428747787,0.0,0.2,0.2,20.249999999999996,0.8,0.8,900.0,0.009,0.0,15,0.5,0.015643192,0.05585378856483793
7.911,900.5005650007232,0.08908402897880126,0.0,0.2,0.2,20.249999999999996,0.8,0.8,900.0,0.009,0.0,15,0.5,0.017384861,0.0558531405828503
7.919999999999999,900.5005592075479,0.08865076883600935,0.0,0.2,0.2,20.249999999999996,0.8,0.8,900.0,0.009,0.0,15,0.5,0.015540212,0.05585242526245595
7.928999999999999,900.500552812602,0.08820406865350974,0.0,0.2,0.2,20.249999999999996,0.8,0.8,900.0,0.009,0.0,15,0.5,0.015313631,0.05585171138996377
7.938,900.5005464319261,0.08774409254198309,0.0,0.2,0.2,20.249999999999996,0.8,0.8,900.0,0.009,0.0,15,0.5,0.017667213,0.05585106652989904
7.946999999999999,900.5005406704128,0.0872710449816097,0.0,0.2,0.2,20.249999999999996,0.8,0.8,900.0,0.009,0.0,15,0.5,0.01518302,0.05585055116749542
7.9559999999999995,900.5005360696413,0.08678516924250483,0.0,0.2,0.2,20.249999999999996,0.8,0.8,900.0,0.009,0.0,15,0.5,0.014889139,0.05585021362474326
7.964999999999999,900.5005330616169,0.0862867349378837,0.0,0.2,0.2,20.249999999999996,0.8,0.8,900.0,0.009,0.0,15,0.5,0.017194041,0.05585008592014064
7.973999999999999,900.5005319323446,0.08577604861331228,0.0,0.2,0.2,20.249999999999996,0.8,0.8,900.0,0.009,0.0,15,0.5,0.01513368,0.05585018130758049
7.983,900.5005327998297,0.0852534552568438,0.0,0.2,0.2,20.249999999999996,0.8,0.8,900.0,0.009,0.0,15,0.5,0.014898279,0.055850493528989735
7.991999999999999,900.5005356072609,0.08471933745571975,0.0,0.2,0.2,20.249999999999996,0.8,0.8,900.0,0.009,0.0,15,0.5,0.017492672,0.05585099774545679
8.001,900.5005401315499,0.08417411532942969,0.0,0.2,0.2,20.249999999999996,0.8,0.8,900.0,0.009,0.0,15,0.5,0.015485022,0.05585165306493569
8.01,900.5005460059707,0.08361824637065661,0.0,0.2,0.2,20.249999999999996,0.8,0.8,900.0,0.009,0.0,15,0.5,0.015471562,0.05585240642184664
8.019,900.5005527549596,0.08305222459671424,0.0,0.2,0.2,20.249999999999996,0.8,0.8,900.0,0.009,0.0,15,0.5,0.017929985,0.055853197436592686
8.027999999999999,900.5005598376553,0.08247658008420318,0.0,0.2,0.2,20.249999999999996,0.8,0.8,900.0,0.009,0.0,15,0.5,0.01514796,0.05585396385303284
8.036999999999999,900.5005666968603,0.08189187359141972,0.0,0.2,0.2,20.249999999999996,0.8,0.8,900.0,0.009,0.0,15,0.5,0.01517732,0.055854647048765714
8.046,900.5005728075062,0.08129868891607896,0.0,0.2,0.2,20.249999999999996,0.8,0.8,900.0,0.009,0.0,15,0.5,0.017384312,0.05585519698421136
8.055,900.5005777225967,0.08069763596513373,0.0,0.2,0.2,20.249999999999996,0.8,0.8,900.0,0.009,0.0,15,0.5,0.015181291,0.05585557658612632
8.064,900.5005811101967,0.08008931552255143,0.0,0.2,0.2,20.249999999999996,0.8,0.8,900.0,0.009,0.0,15,0.5,0.014848778,0.05585576448624022
8.072999999999999,900.5005827795047,0.07947435005961803,0.0,0.2,0.2,20.249999999999996,0.8,0.8,900.0,0.009,0.0,15,0.5,0.017523753,0.055855756618835295
8.081999999999999,900.5005826949167,0.07885338232696473,0.0,0.2,0.2,20.249999999999996,0.8,0.8,900.0,0.009,0.0,15,0.5,0.01513971,0.05585556625554343
8.091,900.5005809760167,0.07822707095609907,0.0,0.2,0.2,20.249999999999996,0.8,0.8,900.0,0.009,0.0,15,0.5,0.015292441,0.05585522247701266
8.1,900.5005778840213,0.07759609140954023,0.0,0.2,0.2,20.249999999999996,0.8,0.8,900.0,0.009,0.0,15,0.5,0.017487372,0.05585476733955246
8.109,900.5005737956643,0.07696113038139124,0.0,0.2,0.2,20.249999999999996,0.8,0.8,900.0,0.009,0.0,15,0.5,0.01502659,0.05585425181635067
8.117999999999999,900.5005691676547,0.07632289327235428,0.0,0.2,0.2,20.249999999999996,0.8,0.8,900.0,0.009,0.0,15,0.5,0.014880348,0.05585373115841404
8.126999999999999,900.5005644949332,0.07568210295912774,0.0,0.2,0.2,20.249999999999996,0.8,0.8,900.0,0.009,0.0,15,0.5,0.017819994,0.0558532599620606
8.136,900.500560266364,0.0750394964569845,0.0,0.2,0.2,20.249999999999996,0.8,0.8,900.0,0.009,0.0,15,0.5,0.01513652,0.0558528873831567
8.145,900.500556921961,0.07439582097145292,0.0,0.2,0.2,20.249999999999996,0.8,0.8,900.0,0.009,0.0,15,0.5,0.015073629,0.05585265292702113
8.154,900.5005548151042,0.07375182912698226,0.0,0.2,0.2,20.249999999999996,0.8,0.8,900.0,0.009,0.0,15,0.5,0.017653924,0.05585258315525946
8.163,900.5005541831805,0.07310827648004906,0.0,0.2,0.2,20.249999999999996,0.8,0.8,900.0,0.009,0.0,15,0.5,0.015756843,0.05585268960156466
8.171999999999999,900.5005551289926,0.07246591660466402,0.0,0.2,0.2,20.249999999999996,0.8,0.8,900.0,0.009,0.0,15,0.5,0.015262311,0.05585296804468474
8.181,900.5005576141696,0.07182549413701005,0.0,0.2,0.2,20.249999999999996,0.8,0.8,900.0,0.009,0.0,15,0.5,0.017828804,0.05585339915585871
8.19,900.5005614651554,0.07118774478050405,0.0,0.2,0.2,20.249999999999996,0.8,0.8,900.0,0.009,0.0,15,0.5,0.015522802,0.05585395046919479
8.199,900.50056639089,0.07055339118086361,0.0,0.2,0.2,20.249999999999996,0.8,0.8,900.0,0.009,0.0,15,0.5,0.01512018,0.055854579462936885
8.208,900.5005720102096,0.06992313783483142,0.0,0.2,0.2,20.249999999999996,0.8,0.8,900.0,0.009,0.0,15,0.5,0.017653934,0.055855237429443164
8.216999999999999,900.5005778867753,0.0692976732011488,0.0,0.2,0.2,20.249999999999996,0.8,0.8,900.0,0.009,0.0,15,0.5,0.015034479,0.05585587384847584
8.225999999999999,900.5005835682397,0.06867766820895607,0.0,0.2,0.2,20.249999999999996,0.8,0.8,900.0,0.009,0.0,15,0.5,0.014959079,0.055856440835147875
8.235,900.5005886259808,0.06806377288435084,0.0,0.2,0.2,20.249999999999996,0.8,0.8,900.0,0.009,0.0,15,0.5,0.017511743,0.055856897261351485
8.244,900.5005926919439,0.06745661380304424,0.0,0.2,0.2,20.249999999999996,0.8,0.8,900.0,0.009,0.0,15,0.5,0.015420311,0.05585721220612751
8.253,900.5005954897986,0.06685679237031372,0.0,0.2,0.2,20.249999999999996,0.8,0.8,900.0,0.009,0.0,15,0.5,0.01528145,0.05585736747495941
8.261999999999999,900.5005968574148,0.06626488099807638,0.0,0.2,0.2,20.249999999999996,0.8,0.8,900.0,0.009,0.0,15,0.5,0.017732844,0.055857358932982965
8.270999999999999,900.5005967582347,0.06568141543753693,0.0,0.2,0.2,20.249999999999996,0.8,0.8,900.0,0.009,0.0,15,0.5,0.01513404,0.05585719655952176
8.28,900.5005952821291,0.06510689478988972,0.0,0.2,0.2,20.249999999999996,0.8,0.8,900.0,0.009,0.0,15,0.5,0.015642833,0.05585690330723351
8.289,900.5005926351196,0.0645417840927789,0.0,0.2,0.2,20.249999999999996,0.8,0.8,900.0,0.009,0.0,15,0.5,0.017197451,0.055856512848659445
8.298,900.5005891191215,0.06398651472692973,0.0,0.2,0.2,20.249999999999996,0.8,0.8,900.0,0.009,0.0,15,0.5,0.014965429,0.055856066425920975
8.306999999999999,900.5005851037054,0.06344148515454165,0.0,0.2,0.2,20.249999999999996,0.8,0.8,900.0,0.009,0.0,15,0.5,0.014764948,0.05585560910635735
8.315999999999999,900.5005809926305,0.06290706153852806,0.0,0.2,0.2,20.249999999999996,0.8,0.8,900.0,0.009,0.0,15,0.5,0.017563053,0.05585518578769397
8.325,900.5005771879206,0.062383575650349195,0.0,0.2,0.2,20.249999999999996,0.8,0.8,900.0,0.009,0.0,15,0.5,0.015069,0.05585483728116124
8.334,900.5005740549032,0.06187132574321988,0.0,0.2,0.2,20.249999999999996,0.8,0.8,900.0,0.009,0.0,15,0.5,0.01515502,0.055854596851408415
8.343,900.5005718912975,0.06137057602309324,0.0,0.2,0.2,20.249999999999996,0.8,0.8,900.0,0.009,0.0,15,0.5,0.017506532,0.055854487482279745
8.351999999999999,900.5005709024402,0.060881555667012595,0.0,0.2,0.2,20.249999999999996,0.8,0.8,900.0,0.009,0.0,15,0.5,0.01519254,0.05585452007566868
8.360999999999999,900.5005711855696,0.06040445699259601,0.0,0.2,0.2,20.249999999999996,0.8,0.8,900.0,0.009,0.0,15,0.5,0.014808648,0.05585469275667283
8.37,900.5005727233556,0.059939427112398073,0.0,0.2,0.2,20.249999999999996,0.8,0.8,900.0,0.009,0.0,15,0.5,0.017492843,0.055854991287838884
8.379,900.500575387838,0.05948657745307732,0.0,0.2,0.2,20.249999999999996,0.8,0.8,900.0,0.009,0.0,15,0.5,0.015752683,0.05585539059072842
8.388,900.5005789541108,0.059045987515630054,0.0,0.2,0.2,20.249999999999996,0.8,0.8,900.0,0.009,0.0,15,0.5,0.015519442,0.05585585717919734
8.397,900.5005831220984,0.05861770456609398,0.0,0.2,0.2,20.249999999999996,0.8,0.8,900.0,0.009,0.0,15,0.5,0.017903015,0.05585635227843569
8.405999999999999,900.5005875444949,0.05820173862408171,0.0,0.2,0.2,20.249999999999996,0.8,0.8,900.0,0.009,0.0,15,0.5,0.0151913,0.055856835335960295
8.415,900.5005918581865,0.05779806586639295,0.0,0.2,0.2,20.249999999999996,0.8,0.8,900.0,0.009,0.0,15,0.5,0.01509442,0.05585726760710621
8.424,900.5005957162543,0.05740663128770841,0.0,0.2,0.2,20.249999999999996,0.8,0.8,900.0,0.009,0.0,15,0.5,0.017616613,0.05585761552958761
8.433,900.5005988183121,0.057027350647975664,0.0,0.2,0.2,20.249999999999996,0.8,0.8,900.0,0.009,0.0,15,0.5,0.014870039,0.0558578535553789
8.442,900.5006009358938,0.05666011368174679,0.0,0.2,0.2,20.249999999999996,0.8,0.8,900.0,0.009,0.0,15,0.5,0.015580072,0.05585796623526619
8.450999999999999,900.5006019311055,0.05630478758178909,0.0,0.2,0.2,20.249999999999996,0.8,0.8,900.0,0.009,0.0,15,0.5,0.017368841,0.05585794937832379
8.459999999999999,900.5006017669386,0.05596121850686029,0.0,0.2,0.2,20.249999999999996,0.8,0.8,900.0,0.009,0.0,15,0.5,0.01503653,0.055857810195276275
8.469,900.5006005083384,0.05562923133000026,0.0,0.2,0.2,20.249999999999996,0.8,0.8,900.0,0.009,0.0,15,0.5,0.01518393,0.055857566407911445
8.478,900.5005983142735,0.05530862237262099,0.0,0.2,0.2,20.249999999999996,0.8,0.8,900.0,0.009,0.0,15,0.5,0.017752834,0.05585724445705022
8.487,900.500595421777,0.054999173398839356,0.0,0.2,0.2,20.249999999999996,0.8,0.8,900.0,0.009,0.0,15,0.5,0.015435991,0.055856877034781566
8.495999999999999,900.5005921238068,0.05470065504467753,0.0,0.2,0.2,20.249999999999996,0.8,0.8,900.0,0.009,0.0,15,0.5,0.015034579,0.05585650011095078
8.504999999999999,900.5005887425953,0.05441282813838065,0.0,0.2,0.2,20.249999999999996,0.8,0.8,900.0,0.009,0.0,15,0.5,0.017555173,0.05585614973811727
8.514,900.5005856009363,0.054135445360197994,0.0,0.2,0.2,20.249999999999996,0.8,0.8,900.0,0.009,0.0,15,0.5,0.014977979,0.05585585890904654
8.523,900.5005829941033,0.053868253340133364,0.0,0.2,0.2,20.249999999999996,0.8,0.8,900.0,0.009,0.0,15,0.5,0.01512286,0.055855654732143455
8.532,900.5005811645577,0.0536109941297435,0.0,0.2,0.2,20.249999999999996,0.8,0.8,900.0,0.009,0.0,15,0.5,0.017286161,0.05585555616709609
8.540999999999999,900.5005802817309,0.053363406705254225,0.0,0.2,0.2,20.249999999999996,0.8,0.8,900.0,0.009,0.0,15,0.5,0.015018089,0.05585557253253528
8.549999999999999,900.5005804287129,0.053125227756904245,0.0,0.2,0.2,20.249999999999996,0.8,0.8,900.0,0.009,0.0,15,0.5,0.015728663,0.05585570288820183
8.559,900.5005815966781,0.05289619273639586,0.0,0.2,0.2,20.249999999999996,0.8,0.8,900.0,0.009,0.0,15,0.5,0.017595013,0.055855936317973316
8.568,900.5005836875005,0.05267603712048537,0.0,0.2,0.2,20.249999999999996,0.8,0.8,900.0,0.009,0.0,15,0.5,0.015118589,0.05585625308661875
8.577,900.5005865241104,0.05246449743858229,0.0,0.2,0.2,20.249999999999996,0.8,0.8,900.0,0.009,0.0,15,0.5,0.015378951,0.055856626539219446
8.585999999999999,900.5005898675846,0.05226131283251531,0.0,0.2,0.2,20.249999999999996,0.8,0.8,900.0,0.009,0.0,15,0.5,0.017718413,0.05585702557545797
8.594999999999999,900.5005934392472,0.05206622591669368,0.0,0.2,0.2,20.249999999999996,0.8,0.8,900.0,0.009,0.0,15,0.5,0.015067879,0.0558574174534011
8.604,900.5005969458772,0.05187898480900156,0.0,0.2,0.2,20.249999999999996,0.8,0.8,900.0,0.009,0.0,15,0.5,0.0151496,0.055857770695422554
8.613,900.5006001056724,0.051699342748713975,0.0,0.2,0.2,20.249999999999996,0.8,0.8,900.0,0.009,0.0,15,0.5,0.017431662,0.055858057819983896
8.622,900.5006026726581,0.05152705780310537,0.0,0.2,0.2,20.249999999999996,0.8,0.8,900.0,0.009,0.0,15,0.5,0.0151222,0.05585825765404712
8.631,900.5006044574501,0.05136189587090231,0.0,0.2,0.2,20.249999999999996,0.8,0.8,900.0,0.009,0.0,15,0.5,0.015029639,0.05585835706690312
8.639999999999999,900.5006053428186,0.05120363131205815,0.0,0.2,0.2,20.249999999999996,0.8,0.8,900.0,0.009,0.0,15,0.5,0.017817614,0.05585835196636993
8.649,900.5006052924648,0.051052047466472496,0.0,0.2,0.2,20.249999999999996,0.8,0.8,900.0,0.009,0.0,15,0.5,0.014833829,0.055858247491752624
8.658,900.5006043527567,0.05090693709693534,0.0,0.2,0.2,20.249999999999996,0.8,0.8,900.0,0.009,0.0,15,0.5,0.015128139,0.055858057400307935
8.667,900.5006026472014,0.05076810242503156,0.0,0.2,0.2,20.249999999999996,0.8,0.8,900.0,0.009,0.0,15,0.5,0.017613513,0.05585780270897718
8.676,900.5006003642311,0.050635355951161365,0.0,0.2,0.2,20.249999999999996,0.8,0.8,900.0,0.009,0.0,15,0.5,0.016043995,0.05585750972095254
8.684999999999999,900.5005977395907,0.050508520332406916,0.0,0.2,0.2,20.249999999999996,0.8,0.8,900.0,0.009,0.0,15,0.5,0.01516621,0.05585720763056941
8.693999999999999,900.5005950348325,0.0503874261589378,0.0,0.2,0.2,20.249999999999996,0.8,0.8,900.0,0.009,0.0,15,0.5,0.017262281,0.0558569259021663
8.703,900.5005925137121,0.050271906432923445,0.0,0.2,0.2,20.249999999999996,0.8,0.8,900.0,0.009,0.0,15,0.5,0.01511838,0.05585669165032721
8.712,900.5005904188932,0.05016180418930163,0.0,0.2,0.2,20.249999999999996,0.8,0.8,900.0,0.009,0.0,15,0.5,0.015408422,0.055856527306868214
8.721,900.5005889510152,0.050056973843985254,0.0,0.2,0.2,20.249999999999996,0.8,0.8,900.0,0.009,0.0,15,0.5,0.017289401,0.055856448740017
8.729999999999999,900.5005882519289,0.04995728097184747,0.0,0.2,0.2,20.249999999999996,0.8,0.8,900.0,0.009,0.0,15,0.5,0.014958569,0.05585646399957505
8.738999999999999,900.5005883934377,0.049862601030990474,0.0,0.2,0.2,20.249999999999996,0.8,0.8,900.0,0.009,0.0,15,0.5,0.01519765,0.05585657278864352
8.748,900.5005893727309,0.04977281126075183,0.0,0.2,0.2,20.249999999999996,0.8,0.8,900.0,0.009,0.0,15,0.5,0.018018645,0.05585676670322138
8.757,900.5005911140928,0.04968777454133746,0.0,0.2,0.2,20.249999999999996,0.8,0.8,900.0,0.009,0.0,15,0.5,0.014975869,0.05585703006566521
8.766,900.5005934768353,0.04960735906647796,0.0,0.2,0.2,20.249999999999996,0.8,0.8,900.0,0.009,0.0,15,0.5,0.015558882,0.05585734139761825
8.774999999999999,900.5005962684069,0.04953143928141023,0.0,0.2,0.2,20.249999999999996,0.8,0.8,900.0,0.009,0.0,15,0.5,0.017834534,0.05585767539634062
8.783999999999999,900.5005992621581,0.049459895240620014,0.0,0.2,0.2,20.249999999999996,0.8,0.8,900.0,0.009,0.0,15,0.5,0.014926779,0.05585800523415987
8.793,900.5006022180504,0.04939260963314819,0.0,0.2,0.2,20.249999999999996,0.8,0.8,900.0,0.009,0.0,15,0.5,0.015084969,0.055858304938212415
8.802,900.5006049032502,0.049329465232771506,0.0,0.2,0.2,20.249999999999996,0.8,0.8,900.0,0.009,0.0,15,0.5,0.017939855,0.05585855159037182
8.811,900.5006071126819,0.04927034885876432,0.0,0.2,0.2,20.249999999999996,0.8,0.8,900.0,0.009,0.0,15,0.5,0.015241401,0.055858727298703885
8.819999999999999,900.5006086863245,0.049215149497373906,0.0,0.2,0.2,20.249999999999996,0.8,0.8,900.0,0.009,0.0,15,0.5,0.015046939,0.05585882064643835
8.828999999999999,900.500609522154,0.04916375857698109,0.0,0.2,0.2,20.249999999999996,0.8,0.8,900.0,0.009,0.0,15,0.5,0.017543922,0.055858827546925956
8.838,900.5006095838828,0.04911607056594536,0.0,0.2,0.2,20.249999999999996,0.8,0.8,900.0,0.009,0.0,15,0.5,0.01507812,0.05585875145807008
8.847,900.5006089027587,0.04907198189256573,0.0,0.2,0.2,20.249999999999996,0.8,0.8,900.0,0.009,0.0,15,0.5,0.015015099,0.05585860292415488
8.856,900.5006075734183,0.04903139092536111,0.0,0.2,0.2,20.249999999999996,0.8,0.8,900.0,0.009,0.0,15,0.5,0.017520582,0.05585839850750742
8.865,900.5006057443849,0.04899419831061668,0.0,0.2,0.2,20.249999999999996,0.8,0.8,900.0,0.009,0.0,15,0.5,0.015260761,0.05585815921656569
8.873999999999999,900.5006036039309,0.048960306017461167,0.0,0.2,0.2,20.249999999999996,0.8,0.8,900.0,0.009,0.0,15,0.5,0.01522324,0.055857908568519486
8.883,900.50060136271,0.04892961645157708,0.0,0.2,0.2,20.249999999999996,0.8,0.8,900.0,0.009,0.0,15,0.5,0.018010486,0.05585767047894723
8.892,900.5005992348756,0.04890203299653416,0.0,0.2,0.2,20.249999999999996,0.8,0.8,900.0,0.009,0.0,15,0.5,0.01530723,0.05585746718208414
8.901,900.5005974195326,0.04887745747584967,0.0,0.2,0.2,20.249999999999996,0.8,0.8,900.0,0.009,0.0,15,0.5,0.015426191,0.055857317348123874
8.91,900.5005960838552,0.0488557854024081,0.0,0.2,0.2,20.249999999999996,0.8,0.8,900.0,0.009,0.0,15,0.5,0.018030215,0.05585723452695405
8.918999999999999,900.500595348817,0.04883690820412243,0.0,0.2,0.2,20.249999999999996,0.8,0.8,900.0,0.009,0.0,15,0.5,0.015328931,0.05585722608957805
8.927999999999999,900.5005952801669,0.048820715493854056,0.0,0.2,0.2,20.249999999999996,0.8,0.8,900.0,0.009,0.0,15,0.5,0.014881198,0.05585729270541625
8.937,900.5005958836732,0.0488070948548747,0.0,0.2,0.2,20.249999999999996,0.8,0.8,900.0,0.009,0.0,15,0.5,0.017474532,0.05585742841428148
8.946,900.5005971056949,0.04879593162144437,0.0,0.2,0.2,20.249999999999996,0.8,0.8,900.0,0.009,0.0,15,0.5,0.015046789,0.05585762127821669
8.955,900.500598839104,0.048787108622527754,0.0,0.2,0.2,20.249999999999996,0.8,0.8,900.0,0.009,0.0,15,0.5,0.015002769,0.05585785454431395
8.963999999999999,900.5006009336975,0.04878050410086769,0.0,0.2,0.2,20.249999999999996,0.8,0.8,900.0,0.009,0.0,15,0.5,0.017680943,0.05585810820631685
8.972999999999999,900.5006032102162,0.04877599367249805,0.0,0.2,0.2,20.249999999999996,0.8,0.8,900.0,0.009,0.0,15,0.5,0.014968289,0.055858360826003976
8.982,900.500605476645,0.04877345099644819,0.0,0.2,0.2,20.249999999999996,0.8,0.8,900.0,0.009,0.0,15,0.5,0.015244161,0.05585859144409269
8.991,900.5006075453365,0.04877274838768176,0.0,0.2,0.2,20.249999999999996,0.8,0.8,900.0,0.009,0.0,15,0.5,0.018077205,0.05585878140442015
9.0,900.500609249336,0.0487737568738707,0.0,0.2,0.2,20.249999999999996,0.8,0.8,900.0,0.009,0.0,15,0.5,0.0151948,0.05585891594289282
9.008999999999999,900.5006104566006,0.048776345387309974,0.0,0.2,0.2,20.249999999999996,0.8,0.8,900.0,0.009,0.0,15,0.5,0.015050789,0.0558589854030368
9.017999999999999,900.5006110808376,0.048780381393559225,0.0,0.2,0.2,20.249999999999996,0.8,0.8,900.0,0.009,0.0,15,0.5,0.017709314,0.05585898597819548
9.027,900.5006110881878,0.04878573183983646,0.0,0.2,0.2,20.249999999999996,0.8,0.8,900.0,0.009,0.0,15,0.5,0.015464462,0.05585891993141724
9.036,900.5006104993447,0.04879226335390354,0.0,0.2,0.2,20.249999999999996,0.8,0.8,900.0,0.009,0.0,15,0.5,0.014993399,0.05585879533770041
9.045,900.5006093869526,0.048799804709938076,0.0,0.2,0.2,20.249999999999996,0.8,0.8,900.0,0.009,0.0,15,0.5,0.017859454,0.055858625282766985
9.053999999999998,900.5006078680425,0.048808154620947036,0.0,0.2,0.2,20.249999999999996,0.8,0.8,900.0,0.009,0.0,15,0.5,0.015340611,0.05585842654491703
9.062999999999999,900.500606092981,0.04881711313451442,0.0,0.2,0.2,20.249999999999996,0.8,0.8,900.0,0.009,0.0,15,0.5,0.015039069,0.05585821803016334
9.072,900.5006042311047,0.04882648140808183,0.0,0.2,0.2,20.249999999999996,0.8,0.8,900.0,0.009,0.0,15,0.5,0.017555693,0.05585801905314122
9.081,900.5006024553592,0.04883606257050876,0.0,0.2,0.2,20.249999999999996,0.8,0.8,900.0,0.009,0.0,15,0.5,0.0150491,0.0558578476507943
9.09,900.5006009271926,0.04884566264464783,0.0,0.2,0.2,20.249999999999996,0.8,0.8,900.0,0.009,0.0,15,0.5,0.015737253,0.05585771905672382
9.099,900.5005997829153,0.048855090420491944,0.0,0.2,0.2,20.249999999999996,0.8,0.8,900.0,0.009,0.0,15,0.5,0.017399342,0.05585764444690659
9.107999999999999,900.5005991224461,0.048864157737036035,0.0,0.2,0.2,20.249999999999996,0.8,0.8,900.0,0.009,0.0,15,0.5,0.014834848,0.055857630053528215
9.116999999999999,900.5005990013882,0.048872680593772956,0.0,0.2,0.2,20.249999999999996,0.8,0.8,900.0,0.009,0.0,15,0.5,0.01517782,0.055857676723602916
9.126,900.5005994271404,0.04888048032194758,0.0,0.2,0.2,20.249999999999996,0.8,0.8,900.0,0.009,0.0,15,0.5,0.01711711,0.05585777998094051
9.135,900.5006003595588,0.04888738089423086,0.0,0.2,0.2,20.249999999999996,0.8,0.8,900.0,0.009,0.0,15,0.5,0.015554092,0.05585793057238253
9.144,900.5006017155015,0.048893203789767595,0.0,0.2,0.2,20.249999999999996,0.8,0.8,900.0,0.009,0.0,15,0.5,0.015356811,0.055858115363208866
9.152999999999999,900.5006033772008,0.048897775089277604,0.0,0.2,0.2,20.249999999999996,0.8,0.8,900.0,0.009,0.0,15,0.5,0.01716163,0.055858318591147045
9.161999999999999,900.5006052034418,0.04890092760517241,0.0,0.2,0.2,20.249999999999996,0.8,0.8,900.0,0.009,0.0,15,0.5,0.015134909,0.05585852331853439
9.171,900.50060704256,0.04890249892773378,0.0,0.2,0.2,20.249999999999996,0.8,0.8,900.0,0.009,0.0,15,0.5,0.015008599,0.05585871295818576
9.18,900.5006087460082,0.04890233030270928,0.0,0.2,0.2,20.249999999999996,0.8,0.8,900.0,0.009,0.0,15,0.5,0.017643263,0.05585887271102623
9.189,900.5006101813641,0.04890027136145032,0.0,0.2,0.2,20.249999999999996,0.8,0.8,900.0,0.009,0.0,15,0.5,0.015116969,0.05585899083133552
9.197999999999999,900.5006112436042,0.048896180130205136,0.0,0.2,0.2,20.249999999999996,0.8,0.8,900.0,0.009,0.0,15,0.5,0.015224251,0.055859059590794104
9.206999999999999,900.5006118636142,0.0488899232573384,0.0,0.2,0.2,20.249999999999996,0.8,0.8,900.0,0.009,0.0,15,0.5,0.017600783,0.055859075873747756
9.216,900.5006120136856,0.048881377503912825,0.0,0.2,0.2,20.249999999999996,0.8,0.8,900.0,0.009,0.0,15,0.5,0.015012359,0.055859041354334324
9.225,900.5006117089737,0.04887042976661564,0.0,0.2,0.2,20.249999999999996,0.8,0.8,900.0,0.009,0.0,15,0.5,0.01504667,0.055858962245839326
9.234,900.5006110052822,0.0488569774982259,0.0,0.2,0.2,20.249999999999996,0.8,0.8,900.0,0.009,0.0,15,0.5,0.017448612,0.05585884866297666
9.242999999999999,900.500609993335,0.04884092910446272,0.0,0.2,0.2,20.249999999999996,0.8,0.8,900.0,0.009,0.0,15,0.5,0.01507143,0.05585871366436452
9.251999999999999,900.5006087902614,0.04882220347618511,0.0,0.2,0.2,20.249999999999996,0.8,0.8,900.0,0.009,0.0,15,0.5,0.01513759,0.055858572052573205
9.261,900.500607528568,0.0488007291931265,0.0,0.2,0.2,20.249999999999996,0.8,0.8,900.0,0.009,0.0,15,0.5,0.017438912,0.05585843901079555
9.27,900.5006063442898,0.048776441206971964,0.0,0.2,0.2,20.249999999999996,0.8,0.8,900.0,0.009,0.0,15,0.5,0.01531226,0.055858328818147965
9.279,900.5006053653215,0.048749263551049714,0.0,0.2,0.2,20.249999999999996,0.8,0.8,900.0,0.009,0.0,15,0.5,0.01503868,0.05585825364749046
9.287999999999998,900.5006047004136,0.048719110133484345,0.0,0.2,0.2,20.249999999999996,0.8,0.8,900.0,0.009,0.0,15,0.5,0.017509072,0.05585822247344555
9.296999999999999,900.5006044297821,0.04868590514215427,0.0,0.2,0.2,20.249999999999996,0.8,0.8,900.0,0.009,0.0,15,0.5,0.014973049,0.055858240329553895
9.306,900.5006045983584,0.04864958356376841,0.0,0.2,0.2,20.249999999999996,0.8,0.8,900.0,0.009,0.0,15,0.5,0.015139589,0.05585830795423474
9.315,900.5006052126236,0.04861008999008202,0.0,0.2,0.2,20.249999999999996,0.8,0.8,900.0,0.009,0.0,15,0.5,0.017595173,0.0558584218340395
9.324,900.5006062409276,0.04856737811981597,0.0,0.2,0.2,20.249999999999996,0.8,0.8,900.0,0.009,0.0,15,0.5,0.01516849,0.05585857462270064
9.332999999999998,900.5006076173975,0.048521410142369346,0.0,0.2,0.2,20.249999999999996,0.8,0.8,900.0,0.009,0.0,15,0.5,0.01512217,0.05585875589548643
9.341999999999999,900.5006092485703,0.04847215620243089,0.0,0.2,0.2,20.249999999999996,0.8,0.8,900.0,0.009,0.0,15,0.5,0.017356122,0.055858953115658666
9.350999999999999,900.500611022134,0.04841959576965563,0.0,0.2,0.2,20.249999999999996,0.8,0.8,900.0,0.009,0.0,15,0.5,0.015410381,0.05585915275513035
9.36,900.5006128169051,0.04836371430476953,0.0,0.2,0.2,20.249999999999996,0.8,0.8,900.0,0.009,0.0,15,0.5,0.01505811,0.05585934146966842
9.369,900.5006145134009,0.048304504812232994,0.0,0.2,0.2,20.249999999999996,0.8,0.8,900.0,0.009,0.0,15,0.5,0.017617653,0.055859507253327494
9.378,900.5006160041205,0.0482419684626472,0.0,0.2,0.2,20.249999999999996,0.8,0.8,900.0,0.009,0.0,15,0.5,0.015281381,0.05585964045101623
9.386999999999999,900.5006172026999,0.04817611495739756,0.0,0.2,0.2,20.249999999999996,0.8,0.8,900.0,0.009,0.0,15,0.5,0.01509686,0.05585973454625393
9.395999999999999,900.5006180509107,0.048106962018322,0.0,0.2,0.2,20.249999999999996,0.8,0.8,900.0,0.009,0.0,15,0.5,0.017625673,0.05585978664720864
9.405,900.5006185229793,0.04803453521933006,0.0,0.2,0.2,20.249999999999996,0.8,0.8,900.0,0.009,0.0,15,0.5,0.01509926,0.05585979763513325
9.414,900.5006186269202,0.047958867649295224,0.0,0.2,0.2,20.249999999999996,0.8,0.8,900.0,0.009,0.0,15,0.5,0.014920429,0.05585977202644004
9.423,900.500618403354,0.047879999287044235,0.0,0.2,0.2,20.249999999999996,0.8,0.8,900.0,0.009,0.0,15,0.5,0.017590513,0.05585971749729476
9.431999999999999,900.5006179210958,0.04779797289646805,0.0,0.2,0.2,20.249999999999996,0.8,0.8,900.0,0.009,0.0,15,0.5,0.015366371,0.055859644118400185
9.440999999999999,900.5006172703849,0.047712836490993706,0.0,0.2,0.2,20.249999999999996,0.8,0.8,900.0,0.009,0.0,15,0.5,0.015462292,0.05585956341849983
9.45,900.5006165544903,0.04762464426757984,0.0,0.2,0.2,20.249999999999996,0.8,0.8,900.0,0.009,0.0,15,0.5,0.018107866,0.055859487341033756
9.459,900.500615880354,0.04753345623422259,0.0,0.2,0.2,20.249999999999996,0.8,0.8,900.0,0.009,0.0,15,0.5,0.015291131,0.055859427184852206
9.468,900.5006153491153,0.04743933744292288,0.0,0.2,0.2,20.249999999999996,0.8,0.8,900.0,0.009,0.0,15,0.5,0.0151323,0.055859392619394
9.476999999999999,900.5006150472815,0.04734235795923048,0.0,0.2,0.2,20.249999999999996,0.8,0.8,900.0,0.009,0.0,15,0.5,0.017652103,0.05585939086968615
9.485999999999999,900.5006150394563,0.04724259246077967,0.0,0.2,0.2,20.249999999999996,0.8,0.8,900.0,0.009,0.0,15,0.5,0.01507028,0.0558594261328946
9.495,900.5006153631452,0.04714011980973932,0.0,0.2,0.2,20.249999999999996,0.8,0.8,900.0,0.009,0.0,15,0.5,0.01513131,0.0558594992745539
9.504,900.5006160260001,0.04703502084886858,0.0,0.2,0.2,20.249999999999996,0.8,0.8,900.0,0.009,0.0,15,0.5,0.017768324,0.055859607831217
9.513,900.5006170058563,0.046927376914185866,0.0,0.2,0.2,20.249999999999996,0.8,0.8,900.0,0.009,0.0,15,0.5,0.015033929,0.05585974629098954
9.521999999999998,900.5006182532053,0.04681727215273192,0.0,0.2,0.2,20.249999999999996,0.8,0.8,900.0,0.009,0.0,15,0.5,0.015392892,0.055859906634055365
9.530999999999999,900.5006196961028,0.04670479321694099,0.0,0.2,0.2,20.249999999999996,0.8,0.8,900.0,0.009,0.0,15,0.5,0.017870184,0.05586007907033676
9.54,900.5006212468106,0.04659002963803809,0.0,0.2,0.2,20.249999999999996,0.8,0.8,900.0,0.009,0.0,15,0.5,0.015051779,0.0558602529219388
9.549,900.5006228096867,0.046473072922540694,0.0,0.2,0.2,20.249999999999996,0.8,0.8,900.0,0.009,0.0,15,0.5,0.015433351,0.05586041756145885
9.558,900.5006242895748,0.04635401692742488,0.0,0.2,0.2,20.249999999999996,0.8,0.8,900.0,0.009,0.0,15,0.5,0.017842194,0.055860563333151134
9.566999999999998,900.5006256000503,0.04623295738423727,0.0,0.2,0.2,20.249999999999996,0.8,0.8,900.0,0.009,0.0,15,0.5,0.014991409,0.05586068236359635
9.575999999999999,900.5006266706672,0.04610999156115327,0.0,0.2,0.2,20.249999999999996,0.8,0.8,900.0,0.009,0.0,15,0.5,0.014917599,0.05586076920011043
9.584999999999999,900.5006274527037,0.045985218219533296,0.0,0.2,0.2,20.249999999999996,0.8,0.8,900.0,0.009,0.0,15,0.5,0.017561823,0.055860821236518816
9.594,900.5006279229285,0.04585873558426567,0.0,0.2,0.2,20.249999999999996,0.8,0.8,900.0,0.009,0.0,15,0.5,0.015267671,0.05586083887920358
9.603,900.5006280850802,0.04573064125421666,0.0,0.2,0.2,20.249999999999996,0.8,0.8,900.0,0.009,0.0,15,0.5,0.01523535,0.055860825437281256
9.612,900.5006279688932,0.0456010328687802,0.0,0.2,0.2,20.249999999999996,0.8,0.8,900.0,0.009,0.0,15,0.5,0.018146176,0.05586078677001792
9.620999999999999,900.500627626924,0.045470007918238124,0.0,0.2,0.2,20.249999999999996,0.8,0.8,900.0,0.009,0.0,15,0.5,0.01503934,0.05586073072134408
9.629999999999999,900.5006271294772,0.04533766382359996,0.0,0.2,0.2,20.249999999999996,0.8,0.8,900.0,0.009,0.0,15,0.5,0.01524464,0.05586066639737865
9.639,900.5006265581537,0.045204096744528036,0.0,0.2,0.2,20.249999999999996,0.8,0.8,900.0,0.009,0.0,15,0.5,0.017683163,0.055860603349067214
9.648,900.500625998484,0.045069400946440165,0.0,0.2,0.2,20.249999999999996,0.8,0.8,900.0,0.009,0.0,15,0.5,0.014924949,0.05586055072998378
9.657,900.5006255324132,0.04493366988415348,0.0,0.2,0.2,20.249999999999996,0.8,0.8,900.0,0.009,0.0,15,0.5,0.014885199,0.0558605165140671
9.665999999999999,900.5006252313989,0.04479699551622398,0.0,0.2,0.2,20.249999999999996,0.8,0.8,900.0,0.009,0.0,15,0.5,0.017625863,0.05586050683542646
9.674999999999999,900.5006251503478,0.04465946679878494,0.0,0.2,0.2,20.249999999999996,0.8,0.8,900.0,0.009,0.0,15,0.5,0.014878288,0.055860525485154945
9.684,900.5006253231307,0.04452116933525315,0.0,0.2,0.2,20.249999999999996,0.8,0.8,900.0,0.009,0.0,15,0.5,0.015064279,0.05586057363194215
9.693,900.500625759955,0.044382186247103585,0.0,0.2,0.2,20.249999999999996,0.8,0.8,900.0,0.009,0.0,15,0.5,0.017662303,0.055860649770017666
9.702,900.5006264472624,0.044242599193500966,0.0,0.2,0.2,20.249999999999996,0.8,0.8,900.0,0.009,0.0,15,0.5,0.01500778,0.05586074990179961
9.710999999999999,900.5006273492514,0.04410248733439606,0.0,0.2,0.2,20.249999999999996,0.8,0.8,900.0,0.009,0.0,15,0.5,0.015555472,0.05586086793407376
9.719999999999999,900.5006284113217,0.04396192643504472,0.0,0.2,0.2,20.249999999999996,0.8,0.8,900.0,0.009,0.0,15,0.5,0.017524223,0.055860996245117124
9.729,900.5006295650734,0.04382098896010763,0.0,0.2,0.2,20.249999999999996,0.8,0.8,900.0,0.009,0.0,15,0.5,0.014617417,0.05586112638644792
9.738,900.5006307347963,0.043679742233914604,0.0,0.2,0.2,20.249999999999996,0.8,0.8,900.0,0.009,0.0,15,0.5,0.014989019,0.055861249819994865
9.747,900.5006318440012,0.04353825094776564,0.0,0.2,0.2,20.249999999999996,0.8,0.8,900.0,0.009,0.0,15,0.5,0.018416297,0.05586135866001208
9.755999999999998,900.5006328221168,0.043396577980083485,0.0,0.2,0.2,20.249999999999996,0.8,0.8,900.0,0.009,0.0,15,0.5,0.01510888,0.05586144634613163
9.764999999999999,900.5006336104545,0.043254784031235276,0.0,0.2,0.2,20.249999999999996,0.8,0.8,900.0,0.009,0.0,15,0.5,0.01524081,0.05586150818198499
9.774,900.5006341670324,0.043112927259156275,0.0,0.2,0.2,20.249999999999996,0.8,0.8,900.0,0.009,0.0,15,0.5,0.018068726,0.05586154170466065
9.783,900.5006344698913,0.04297106262757738,0.0,0.2,0.2,20.249999999999996,0.8,0.8,900.0,0.009,0.0,15,0.5,0.01516791,0.05586154685090725
9.792,900.5006345185435,0.04282924183588908,0.0,0.2,0.2,20.249999999999996,0.8,0.8,900.0,0.009,0.0,15,0.5,0.015036029,0.05586152590746043
9.800999999999998,900.5006343335475,0.04268751396823448,0.0,0.2,0.2,20.249999999999996,0.8,0.8,900.0,0.009,0.0,15,0.5,0.017976335,0.05586148326615208
9.809999999999999,900.5006339543095,0.04254592501168979,0.0,0.2,0.2,20.249999999999996,0.8,0.8,900.0,0.009,0.0,15,0.5,0.01519908,0.055861424996324814
9.818999999999999,900.5006334352306,0.04240451720435378,0.0,0.2,0.2,20.249999999999996,0.8,0.8,900.0,0.009,0.0,15,0.5,0.014732727,0.05586135827525289
9.828,900.50063284061,0.042263330358401636,0.0,0.2,0.2,20.249999999999996,0.8,0.8,900.0,0.009,0.0,15,0.5,0.017358541,0.055861290748316195
9.837,900.5006322389258,0.04212240191189164,0.0,0.2,0.2,20.249999999999996,0.8,0.8,900.0,0.009,0.0,15,0.5,0.01506066,0.05586122985689684
9.846,900.5006316968062,0.04198176701924402,0.0,0.2,0.2,20.249999999999996,0.8,0.8,900.0,0.009,0.0,15,0.5,0.014907899,0.05586118219641365
9.854999999999999,900.500631273278,0.041841457333902085,0.0,0.2,0.2,20.249999999999996,0.8,0.8,900.0,0.009,0.0,15,0.5,0.018201796,0.055861152955166866
9.863999999999999,900.5006310147268,0.04170150196264473,0.0,0.2,0.2,20.249999999999996,0.8,0.8,900.0,0.009,0.0,15,0.5,0.015713533,0.055861145485995904
9.873,900.5006309511115,0.04156192802628564,0.0,0.2,0.2,20.249999999999996,0.8,0.8,900.0,0.009,0.0,15,0.5,0.015368021,0.055861161048836934
9.882,900.500631093628,0.041422760653804486,0.0,0.2,0.2,20.249999999999996,0.8,0.8,900.0,0.009,0.0,15,0.5,0.017453002,0.055861198737714626
9.891,900.5006314340917,0.04128402267684485,0.0,0.2,0.2,20.249999999999996,0.8,0.8,900.0,0.009,0.0,15,0.5,0.01523461,0.05586125560564624
9.899999999999999,900.5006319460779,0.041145733110524114,0.0,0.2,0.2,20.249999999999996,0.8,0.8,900.0,0.009,0.0,15,0.5,0.014672888,0.05586132697017245
9.908999999999999,900.500632587569,0.04100790834684583,0.0,0.2,0.2,20.249999999999996,0.8,0.8,900.0,0.009,0.0,15,0.5,0.017442172,0.05586140685136206
9.918,900.5006333050771,0.04087056311336436,0.0,0.2,0.2,20.249999999999996,0.8,0.8,900.0,0.009,0.0,15,0.5,0.01508369,0.05586148850587274
9.927,900.5006340380792,0.040733709456596504,0.0,0.2,0.2,20.249999999999996,0.8,0.8,900.0,0.009,0.0,15,0.5,0.014868278,0.055861565006658266
9.936,900.5006347245046,0.040597358085269826,0.0,0.2,0.2,20.249999999999996,0.8,0.8,900.0,0.009,0.0,15,0.5,0.017820124,0.05586162984435247
9.944999999999999,900.5006353060894,0.040461518750907,0.0,0.2,0.2,20.249999999999996,0.8,0.8,900.0,0.009,0.0,15,0.5,0.015518082,0.05586167748317865
9.953999999999999,900.5006357332901,0.04032620024449853,0.0,0.2,0.2,20.249999999999996,0.8,0.8,900.0,0.009,0.0,15,0.5,0.014876318,0.05586170381769765
9.963,900.5006359693674,0.04019141056045322,0.0,0.2,0.2,20.249999999999996,0.8,0.8,900.0,0.009,0.0,15,0.5,0.017357361,0.05586170649820765
9.972,900.5006359933841,0.040057157161019076,0.0,0.2,0.2,20.249999999999996,0.8,0.8,900.0,0.009,0.0,15,0.5,0.015482332,0.05586168510388332
9.981,900.500635801654,0.039923446744012395,0.0,0.2,0.2,20.249999999999996,0.8,0.8,900.0,0.009,0.0,15,0.5,0.01500966,0.05586164114322642
9.989999999999998,900.5006354077344,0.03979028544143168,0.0,0.2,0.2,20.249999999999996,0.8,0.8,900.0,0.009,0.0,15,0.5,0.017675203,0.05586157789087661
9.998999999999999,900.5006348410117,0.039657678980321985,0.0,0.2,0.2,20.249999999999996,0.8,0.8,900.0,0.009,0.0,15,0.5,0.015115999,0.05586150007509916
10.008,900.5006341438883,0.039525632675399394,0.0,0.2,0.2,20.249999999999996,0.8,0.8,900.0,0.009,0.0,15,0.5,0.014838868,0.05586141344482599
10.017,900.500633367865,0.03939415122656886,0.0,0.2,0.2,20.249999999999996,0.8,0.8,900.0,0.009,0.0,15,0.5,0.017942325,0.055861324254753514
10.026,900.5006325689722,0.03926323937464465,0.0,0.2,0.2,20.249999999999996,0.8,0.8,900.0,0.009,0.0,15,0.5,0.015277251,0.05586123871876086
10.034999999999998,900.5006318028485,0.03913290214989274,0.0,0.2,0.2,20.249999999999996,0.8,0.8,900.0,0.009,0.0,15,0.5,0.014987059,0.05586116247665561
10.043999999999999,900.5006311199764,0.03900314479473048,0.0,0.2,0.2,20.249999999999996,0.8,0.8,900.0,0.009,0.0,15,0.5,0.017938205,0.0558611001178175
10.052999999999999,900.5006305615763,0.03887397250561762,0.0,0.2,0.2,20.249999999999996,0.8,0.8,900.0,0.009,0.0,15,0.5,0.014884829,0.055861054793628434
10.062,900.5006301558107,0.03874538637754216,0.0,0.2,0.2,20.249999999999996,0.8,0.8,900.0,0.009,0.0,15,0.5,0.014910998,0.0558610280054153
10.071,900.5006299159683,0.038617387355386945,0.0,0.2,0.2,20.249999999999996,0.8,0.8,900.0,0.009,0.0,15,0.5,0.018076476,0.05586101948113016
10.08,900.5006298394734,0.03848997695867724,0.0,0.2,0.2,20.249999999999996,0.8,0.8,900.0,0.009,0.0,15,0.5,0.015346841,0.05586102721946194
10.088999999999999,900.5006299083391,0.03836315704185226,0.0,0.2,0.2,20.249999999999996,0.8,0.8,900.0,0.009,0.0,15,0.5,0.014793188,0.05586104770602556
10.097999999999999,900.5006300911821,0.03823692979912631,0.0,0.2,0.2,20.249999999999996,0.8,0.8,900.0,0.009,0.0,15,0.5,0.017497043,0.05586107625289187
10.107,900.5006303459257,0.038111293934072935,0.0,0.2,0.2,20.249999999999996,0.8,0.8,900.0,0.009,0.0,15,0.5,0.014853638,0.05586110744522177
10.116,900.5006306239845,0.03798624791216397,0.0,0.2,0.2,20.249999999999996,0.8,0.8,900.0,0.009,0.0,15,0.5,0.014957498,0.055861135621615834
10.125,900.5006308746783,0.03786179134285122,0.0,0.2,0.2,20.249999999999996,0.8,0.8,900.0,0.009,0.0,15,0.5,0.017324531,0.0558611553648922
10.133999999999999,900.5006310495095,0.037737924186574914,0.0,0.2,0.2,20.249999999999996,0.8,0.8,900.0,0.009,0.0,15,0.5,0.01507368,0.05586116196954571
10.142999999999999,900.5006311063324,0.03761464681366411,0.0,0.2,0.2,20.249999999999996,0.8,0.8,900.0,0.009,0.0,15,0.5,0.014800588,0.05586115184148024
10.152,900.5006310130068,0.037491960270519806,0.0,0.2,0.2,20.249999999999996,0.8,0.8,900.0,0.009,0.0,15,0.5,0.017533423,0.05586112279594099
10.161,900.5006307500282,0.03736986660964174,0.0,0.2,0.2,20.249999999999996,0.8,0.8,900.0,0.009,0.0,15,0.5,0.015262201,0.055861074228821514
10.17,900.5006303120465,0.037248369032953074,0.0,0.2,0.2,20.249999999999996,0.8,0.8,900.0,0.009,0.0,15,0.5,0.014807028,0.055861007143696836
10.178999999999998,900.5006297081092,0.03712747203451731,0.0,0.2,0.2,20.249999999999996,0.8,0.8,900.0,0.009,0.0,15,0.5,0.017238001,0.05586092403794653
10.187999999999999,900.5006289606285,0.03700718145115403,0.0,0.2,0.2,20.249999999999996,0.8,0.8,900.0,0.009,0.0,15,0.5,0.014826548,0.055860828663019405
10.197,900.5006281032546,0.036887504157457465,0.0,0.2,0.2,20.249999999999996,0.8,0.8,900.0,0.009,0.0,15,0.5,0.01518476,0.05586072568035224
10.206,900.5006271777668,0.03676844825236893,0.0,0.2,0.2,20.249999999999996,0.8,0.8,900.0,0.009,0.0,15,0.5,0.017624423,0.05586062024189227
10.215,900.5006262303108,0.03665002319682971,0.0,0.2,0.2,20.249999999999996,0.8,0.8,900.0,0.009,0.0,15,0.5,0.014726368,0.05586051753648562
10.223999999999998,900.5006253073617,0.036532239748258054,0.0,0.2,0.2,20.249999999999996,0.8,0.8,900.0,0.009,0.0,15,0.5,0.0152137,0.055860422343736775
10.232999999999999,900.5006244517173,0.0364151096577702,0.0,0.2,0.2,20.249999999999996,0.8,0.8,900.0,0.009,0.0,15,0.5,0.017542192,0.055860338630462955
10.241999999999999,900.5006236988603,0.03629864553821541,0.0,0.2,0.2,20.249999999999996,0.8,0.8,900.0,0.009,0.0,15,0.5,0.014884718,0.05586026922185584
10.251,900.5006230740502,0.036182860986525005,0.0,0.2,0.2,20.249999999999996,0.8,0.8,900.0,0.009,0.0,15,0.5,0.015248391,0.05586021558753133
10.26,900.5006225904053,0.03606777055313303,0.0,0.2,0.2,20.249999999999996,0.8,0.8,900.0,0.009,0.0,15,0.5,0.017557333,0.055860177744672855
10.268999999999998,900.5006222480743,0.03595338961267417,0.0,0.2,0.2,20.249999999999996,0.8,0.8,900.0,0.009,0.0,15,0.5,0.014746218,0.05586015431054989
10.277999999999999,900.5006220346202,0.035839727465117516,0.0,0.2,0.2,20.249999999999996,0.8,0.8,900.0,0.009,0.0,15,0.5,0.014881188,0.05586014264378445
10.286999999999999,900.5006219262881,0.0357267904109381,0.0,0.2,0.2,20.249999999999996,0.8,0.8,900.0,0.009,0.0,15,0.5,0.017785643,0.055860139089419975
10.296,900.5006218903624,0.03561458538325578,0.0,0.2,0.2,20.249999999999996,0.8,0.8,900.0,0.009,0.0,15,0.5,0.014805819,0.05586013932885025
10.305,900.5006218881236,0.03550311925394843,0.0,0.2,0.2,20.249999999999996,0.8,0.8,900.0,0.009,0.0,15,0.5,0.015267171,0.055860138774710855
10.314,900.5006218785197,0.035392399044334374,0.0,0.2,0.2,20.249999999999996,0.8,0.8,900.0,0.009,0.0,15,0.5,0.017753823,0.05586013298360063
10.322999999999999,900.500621821767,0.03528243042404016,0.0,0.2,0.2,20.249999999999996,0.8,0.8,900.0,0.009,0.0,15,0.5,0.014936339,0.055860118045085776
10.331999999999999,900.5006216828447,0.03517321747926487,0.0,0.2,0.2,20.249999999999996,0.8,0.8,900.0,0.009,0.0,15,0.5,0.015014659,0.055860090919381995
10.341,900.5006214345685,0.03506476471631493,0.0,0.2,0.2,20.249999999999996,0.8,0.8,900.0,0.009,0.0,15,0.5,0.017368482,0.05586004969883765
10.35,900.5006210599108,0.03495707716876595,0.0,0.2,0.2,20.249999999999996,0.8,0.8,900.0,0.009,0.0,15,0.5,0.015041229,0.05585999375974726
10.359,900.5006205533392,0.03485016036610876,0.0,0.2,0.2,20.249999999999996,0.8,0.8,900.0,0.009,0.0,15,0.5,0.015409522,0.055859923798598186
10.367999999999999,900.5006199211705,0.03474402027300674,0.0,0.2,0.2,20.249999999999996,0.8,0.8,900.0,0.009,0.0,15,0.5,0.017368171,0.055859841751918764
10.376999999999999,900.5006191810443,0.03463866253665271,0.0,0.2,0.2,20.249999999999996,0.8,0.8,900.0,0.009,0.0,15,0.5,0.014854758,0.05585975061494721
10.386,900.5006183596212,0.03453408969578958,0.0,0.2,0.2,20.249999999999996,0.8,0.8,900.0,0.009,0.0,15,0.5,0.015203781,0.05585965416504164
10.395,900.5006174907068,0.03443030379721648,0.0,0.2,0.2,20.249999999999996,0.8,0.8,900.0,0.009,0.0,15,0.5,0.017491352,0.055859556622867935
10.404,900.5006166121063,0.03432730653545577,0.0,0.2,0.2,20.249999999999996,0.8,0.8,900.0,0.009,0.0,15,0.5,0.014805519,0.05585946228159709
10.412999999999998,900.5006157622739,0.034225099772550324,0.0,0.2,0.2,20.249999999999996,0.8,0.8,900.0,0.009,0.0,15,0.5,0.01518175,0.05585937513354946
10.421999999999999,900.500614976945,0.034123685505908746,0.0,0.2,0.2,20.249999999999996,0.8,0.8,900.0,0.009,0.0,15,0.5,0.017514392,0.05585929852405611
10.431,900.5006142860648,0.034023065853704175,0.0,0.2,0.2,20.249999999999996,0.8,0.8,900.0,0.009,0.0,15,0.5,0.015397361,0.05585923486822285
10.44,900.5006137112198,0.03392324291890652,0.0,0.2,0.2,20.249999999999996,0.8,0.8,900.0,0.009,0.0,15,0.5,0.014716958,0.05585918545536335
10.449,900.5006132639072,0.033824218715741754,0.0,0.2,0.2,20.249999999999996,0.8,0.8,900.0,0.009,0.0,15,0.5,0.017469662,0.05585915035562321
10.457999999999998,900.500612944714,0.03372599517288847,0.0,0.2,0.2,20.249999999999996,0.8,0.8,900.0,0.009,0.0,15,0.5,0.015520812,0.055859128435813546
10.466999999999999,900.5006127434449,0.03362857381787621,0.0,0.2,0.2,20.249999999999996,0.8,0.8,900.0,0.009,0.0,15,0.5,0.014875439,0.05585911747684738
10.475999999999999,900.5006126402061,0.03353195528818853,0.0,0.2,0.2,20.249999999999996,0.8,0.8,900.0,0.009,0.0,15,0.5,0.017442282,0.055859114381930336
10.485,900.500612607235,0.03343613903482893,0.0,0.2,0.2,20.249999999999996,0.8,0.8,900.0,0.009,0.0,15,0.5,0.01525977,0.05585911545482911
10.494,900.5006126114167,0.03334112334662397,0.0,0.2,0.2,20.249999999999996,0.8,0.8,900.0,0.009,0.0,15,0.5,0.01515475,0.05585911673327714
10.502999999999998,900.5006126172417,0.03324690586904665,0.0,0.2,0.2,20.249999999999996,0.8,0.8,900.0,0.009,0.0,15,0.5,0.017426772,0.05585911433413651
10.511999999999999,900.5006125899438,0.033153484152072525,0.0,0.2,0.2,20.249999999999996,0.8,0.8,900.0,0.009,0.0,15,0.5,0.015482271,0.05585910479195493
10.520999999999999,900.5006124985582,0.03306085551986435,0.0,0.2,0.2,20.249999999999996,0.8,0.8,900.0,0.009,0.0,15,0.5,0.015171739,0.05585908535684228
10.53,900.5006123184801,0.032969016111193655,0.0,0.2,0.2,20.249999999999996,0.8,0.8,900.0,0.009,0.0,15,0.5,0.01716127,0.05585905421597438
10.539,900.5006120334691,0.03287796149119117,0.0,0.2,0.2,20.249999999999996,0.8,0.8,900.0,0.009,0.0,15,0.5,0.01524102,0.05585901063204665
10.548,900.5006116369651,0.03278768734212777,0.0,0.2,0.2,20.249999999999996,0.8,0.8,900.0,0.009,0.0,15,0.5,0.01521371,0.05585895499179634
10.556999999999999,900.5006111324856,0.03269818939681879,0.0,0.2,0.2,20.249999999999996,0.8,0.8,900.0,0.009,0.0,15,0.5,0.01718372,0.05585888875439146
10.565999999999999,900.5006105331266,0.03260946297855221,0.0,0.2,0.2,20.249999999999996,0.8,0.8,900.0,0.009,0.0,15,0.5,0.014819769,0.05585881430559402
10.575,900.5006098602809,0.032521503733694,0.0,0.2,0.2,20.249999999999996,0.8,0.8,900.0,0.009,0.0,15,0.5,0.015115839,0.05585873473774081
10.584,900.5006091416773,0.03243430780866089,0.0,0.2,0.2,20.249999999999996,0.8,0.8,900.0,0.009,0.0,15,0.5,0.01706036,0.05585865357023303
10.593,900.5006084088822,0.03234787118122993,0.0,0.2,0.2,20.249999999999996,0.8,0.8,900.0,0.009,0.0,15,0.5,0.014778478,0.05585857444102198
10.601999999999999,900.5006076944766,0.03226218858426199,0.0,0.2,0.2,20.249999999999996,0.8,0.8,900.0,0.009,0.0,15,0.5,0.014629667,0.055858500797610566
10.610999999999999,900.5006070293039,0.03217725396177171,0.0,0.2,0.2,20.249999999999996,0.8,0.8,900.0,0.009,0.0,15,0.5,0.01714762,0.05585843560514828
10.62,900.5006064398997,0.032093061602843344,0.0,0.2,0.2,20.249999999999996,0.8,0.8,900.0,0.009,0.0,15,0.5,0.015246261,0.05585838110147084
10.629,900.5006059463344,0.032009605975269806,0.0,0.2,0.2,20.249999999999996,0.8,0.8,900.0,0.009,0.0,15,0.5,0.01512424,0.05585833864126991
10.638,900.5006055607114,0.031926875492443225,0.0,0.2,0.2,20.249999999999996,0.8,0.8,900.0,0.009,0.0,15,0.5,0.017316741,0.05585830857407525
10.646999999999998,900.5006052860507,0.03184485547896489,0.0,0.2,0.2,20.249999999999996,0.8,0.8,900.0,0.009,0.0,15,0.5,0.0153513,0.05585829020432879
10.655999999999999,900.5006051160836,0.03176353169657333,0.0,0.2,0.2,20.249999999999996,0.8,0.8,900.0,0.009,0.0,15,0.5,0.01522579,0.055858281881714635
10.665,900.5006050359949,0.03168289037123249,0.0,0.2,0.2,20.249999999999996,0.8,0.8,900.0,0.009,0.0,15,0.5,0.017329002,0.05585828117142631
10.674,900.5006050239682,0.031602918219796806,0.0,0.2,0.2,20.249999999999996,0.8,0.8,900.0,0.009,0.0,15,0.5,0.014930059,0.05585828508246385
10.683,900.5006050531844,0.03152360250554189,0.0,0.2,0.2,20.249999999999996,0.8,0.8,900.0,0.009,0.0,15,0.5,0.015068789,0.05585829033594626
10.691999999999998,900.5006050942914,0.031444931043792736,0.0,0.2,0.2,20.249999999999996,0.8,0.8,900.0,0.009,0.0,15,0.5,0.017281962,0.055858293650965125
10.700999999999999,900.5006051178884,0.03136689213406339,0.0,0.2,0.2,20.249999999999996,0.8,0.8,900.0,0.009,0.0,15,0.5,0.015406521,0.055858292022327144
10.709999999999999,900.5006050969457,0.03128947493559347,0.0,0.2,0.2,20.249999999999996,0.8,0.8,900.0,0.009,0.0,15,0.5,0.014883898,0.05585828296704396
10.719,900.5006050093771,0.03121266978104055,0.0,0.2,0.2,20.249999999999996,0.8,0.8,900.0,0.009,0.0,15,0.5,0.017114771,0.05585826474921357
10.728,900.5006048396818,0.031136467533039152,0.0,0.2,0.2,20.249999999999996,0.8,0.8,900.0,0.009,0.0,15,0.5,0.015015059,0.055858236507038674
10.736999999999998,900.5006045801733,0.0310608596743945,0.0,0.2,0.2,20.249999999999996,0.8,0.8,900.0,0.009,0.0,15,0.5,0.014772388,0.05585819830652308
10.745999999999999,900.5006042315123,0.03098583855272675,0.0,0.2,0.2,20.249999999999996,0.8,0.8,900.0,0.009,0.0,15,0.5,0.017643814,0.05585815111709162
10.754999999999999,900.5006038023839,0.030911397032848863,0.0,0.2,0.2,20.249999999999996,0.8,0.8,900.0,0.009,0.0,15,0.5,0.014883978,0.05585809670820727
10.764,900.5006033086473,0.03083752903876703,0.0,0.2,0.2,20.249999999999996,0.8,0.8,900.0,0.009,0.0,15,0.5,0.01505071,0.0558580374792567
10.773,900.500602771808,0.03076422968197205,0.0,0.2,0.2,20.249999999999996,0.8,0.8,900.0,0.009,0.0,15,0.5,0.017214511,0.055857976239788824
10.782,900.5006022170393,0.030691495301235338,0.0,0.2,0.2,20.249999999999996,0.8,0.8,900.0,0.009,0.0,15,0.5,0.014868138,0.055857915958880885
10.790999999999999,900.5006016709328,0.030619323497968254,0.0,0.2,0.2,20.249999999999996,0.8,0.8,900.0,0.009,0.0,15,0.5,0.01513691,0.05585785950580098
10.799999999999999,900.5006011591756,0.03054771315584654,0.0,0.2,0.2,20.249999999999996,0.8,0.8,900.0,0.009,0.0,15,0.5,0.017842414,0.0558578094037983
10.809,900.500600704354,0.03047666443925461,0.0,0.2,0.2,20.249999999999996,0.8,0.8,900.0,0.009,0.0,15,0.5,0.01502621,0.055857767619631515
10.818,900.5006003240513,0.030406178844079392,0.0,0.2,0.2,20.249999999999996,0.8,0.8,900.0,0.009,0.0,15,0.5,0.015451931,0.055857735405517916
10.827,900.5006000294603,0.03033625923237793,0.0,0.2,0.2,20.249999999999996,0.8,0.8,900.0,0.009,0.0,15,0.5,0.017774194,0.055857713207356906
10.835999999999999,900.5005998245689,0.03026690966606793,0.0,0.2,0.2,20.249999999999996,0.8,0.8,900.0,0.009,0.0,15,0.5,0.014840479,0.055857700644753844
10.844999999999999,900.5005997059282,0.030198135198343745,0.0,0.2,0.2,20.249999999999996,0.8,0.8,900.0,0.009,0.0,15,0.5,0.015021299,0.05585769655806134
10.854,900.5005996631152,0.03012994222071916,0.0,0.2,0.2,20.249999999999996,0.8,0.8,900.0,0.009,0.0,15,0.5,0.017624633,0.05585769912656777
10.863,900.5005996798116,0.030062338326512474,0.0,0.2,0.2,20.249999999999996,0.8,0.8,900.0,0.009,0.0,15,0.5,0.014901069,0.05585770604511891
10.872,900.500599735352,0.0299953321505087,0.0,0.2,0.2,20.249999999999996,0.8,0.8,900.0,0.009,0.0,15,0.5,0.01502044,0.055857714734259135
10.880999999999998,900.5005998066338,0.029928933552835532,0.0,0.2,0.2,20.249999999999996,0.8,0.8,900.0,0.009,0.0,15,0.5,0.017961834,0.05585772256737441
10.889999999999999,900.5005998701279,0.02986315365394314,0.0,0.2,0.2,20.249999999999996,0.8,0.8,900.0,0.009,0.0,15,0.5,0.014739578,0.05585772709836145
10.899,900.5005999039444,0.029798004998850224,0.0,0.2,0.2,20.249999999999996,0.8,0.8,900.0,0.009,0.0,15,0.5,0.01523821,0.05585772626954353
10.908,900.5005998896662,0.029733501625073346,0.0,0.2,0.2,20.249999999999996,0.8,0.8,900.0,0.009,0.0,15,0.5,0.017521103,0.05585771858276821
10.917,900.5005998139059,0.02966965871560115,0.0,0.2,0.2,20.249999999999996,0.8,0.8,900.0,0.009,0.0,15,0.5,0.014796788,0.055857703217910226
10.925999999999998,900.5005996693419,0.029606492542987594,0.0,0.2,0.2,20.249999999999996,0.8,0.8,900.0,0.009,0.0,15,0.5,0.015285731,0.05585768008601614
10.934999999999999,900.5005994552089,0.029544020833579928,0.0,0.2,0.2,20.249999999999996,0.8,0.8,900.0,0.009,0.0,15,0.5,0.017589503,0.05585764981776893
10.943999999999999,900.5005991771764,0.029482262692542043,0.0,0.2,0.2,20.249999999999996,0.8,0.8,900.0,0.009,0.0,15,0.5,0.01506593,0.055857613692064774
10.953,900.5005988467142,0.02942123865318393,0.0,0.2,0.2,20.249999999999996,0.8,0.8,900.0,0.009,0.0,15,0.5,0.015436871,0.05585757350911139
10.962,900.5005984799731,0.029360970350344105,0.0,0.2,0.2,20.249999999999996,0.8,0.8,900.0,0.009,0.0,15,0.5,0.018031186,0.05585753141769506
10.970999999999998,900.5005980961945,0.029301480540678028,0.0,0.2,0.2,20.249999999999996,0.8,0.8,900.0,0.009,0.0,15,0.5,0.014886328,0.05585748971627199
10.979999999999999,900.5005977159657,0.029242793420916003,0.0,0.2,0.2,20.249999999999996,0.8,0.8,900.0,0.009,0.0,15,0.5,0.015216611,0.05585745065051034
10.988999999999999,900.5005973594116,0.0291849341756169,0.0,0.2,0.2,20.249999999999996,0.8,0.8,900.0,0.009,0.0,15,0.5,0.017191501,0.05585741621540168
10.998,900.5005970443756,0.029127928253964566,0.0,0.2,0.2,20.249999999999996,0.8,0.8,900.0,0.009,0.0,15,0.5,0.01519819,0.055857387978907984
11.007,900.5005967848731,0.029071802165776924,0.0,0.2,0.2,20.249999999999996,0.8,0.8,900.0,0.009,0.0,15,0.5,0.01510526,0.05585736696096436
11.016,900.5005965900158,0.029016583424992658,0.0,0.2,0.2,20.249999999999996,0.8,0.8,900.0,0.009,0.0,15,0.5,0.017773874,0.05585735355490124
11.024999999999999,900.5005964633042,0.02896230064489675,0.0,0.2,0.2,20.249999999999996,0.8,0.8,900.0,0.009,0.0,15,0.5,0.01509241,0.055857347507283724
11.033999999999999,900.5005964024485,0.028908983358885094,0.0,0.2,0.2,20.249999999999996,0.8,0.8,900.0,0.009,0.0,15,0.5,0.01515935,0.055857347953807465
11.043,900.500596399693,0.028856662126334007,0.0,0.2,0.2,20.249999999999996,0.8,0.8,900.0,0.009,0.0,15,0.5,0.018172506,0.05585735351143262
11.052,900.5005964426464,0.028805368144285463,0.0,0.2,0.2,20.249999999999996,0.8,0.8,900.0,0.009,0.0,15,0.5,0.01527024,0.055857362416451437
11.061,900.5005965155103,0.028755132898558893,0.0,0.2,0.2,20.249999999999996,0.8,0.8,900.0,0.009,0.0,15,0.5,0.01514607,0.05585737268319697
11.069999999999999,900.5005966005383,0.028705988761810148,0.0,0.2,0.2,20.249999999999996,0.8,0.8,900.0,0.009,0.0,15,0.5,0.017800564,0.055857382288463625
11.078999999999999,900.5005966796247,0.028657966337302995,0.0,0.2,0.2,20.249999999999996,0.8,0.8,900.0,0.009,0.0,15,0.5,0.01520134,0.055857389346134836
11.088,900.5005967358284,0.028611094960613596,0.0,0.2,0.2,20.249999999999996,0.8,0.8,900.0,0.009,0.0,15,0.5,0.015391041,0.05585739226717019
11.097,900.5005967549367,0.028565404217382757,0.0,0.2,0.2,20.249999999999996,0.8,0.8,900.0,0.009,0.0,15,0.5,0.017482752,0.05585738989710115
11.106,900.50059672663,0.028520924208732888,0.0,0.2,0.2,20.249999999999996,0.8,0.8,900.0,0.009,0.0,15,0.5,0.01504111,0.055857381608443224
11.114999999999998,900.500596645314,0.028477685781863334,0.0,0.2,0.2,20.249999999999996,0.8,0.8,900.0,0.009,0.0,15,0.5,0.015013179,0.05585736734536541
11.123999999999999,900.5005965105106,0.0284357204673074,0.0,0.2,0.2,20.249999999999996,0.8,0.8,900.0,0.009,0.0,15,0.5,0.017610513,0.05585734761553072
11.133,900.5005963267953,0.028395060322529194,0.0,0.2,0.2,20.249999999999996,0.8,0.8,900.0,0.009,0.0,15,0.5,0.01511604,0.055857323433301666
11.142,900.500596103273,0.028355737636530723,0.0,0.2,0.2,20.249999999999996,0.8,0.8,900.0,0.009,0.0,15,0.5,0.014852389,0.055857296219497476
11.151,900.5005958527524,0.02831778511531066,0.0,0.2,0.2,20.249999999999996,0.8,0.8,900.0,0.009,0.0,15,0.5,0.017270601,0.05585726767593232
11.159999999999998,900.5005955904408,0.028281234574418425,0.0,0.2,0.2,20.249999999999996,0.8,0.8,900.0,0.009,0.0,15,0.5,0.015328511,0.05585723962718204
11.168999999999999,900.5005953326491,0.02824611815570116,0.0,0.2,0.2,20.249999999999996,0.8,0.8,900.0,0.009,0.0,15,0.5,0.014926119,0.05585721385976236
11.177999999999999,900.50059509539,0.02821246850048321,0.0,0.2,0.2,20.249999999999996,0.8,0.8,900.0,0.009,0.0,15,0.5,0.017320012,0.055857191970406984
11.187,900.500594892975,0.028180318186860103,0.0,0.2,0.2,20.249999999999996,0.8,0.8,900.0,0.009,0.0,15,0.5,0.01518273,0.05585717522910144
11.196,900.5005947367519,0.028149700002271964,0.0,0.2,0.2,20.249999999999996,0.8,0.8,900.0,0.009,0.0,15,0.5,0.01513752,0.055857164471694726
11.204999999999998,900.5005946341697,0.028120647270899732,0.0,0.2,0.2,20.249999999999996,0.8,0.8,900.0,0.009,0.0,15,0.5,0.017681814,0.05585716003712899
11.213999999999999,900.5005945882511,0.02809319394446046,0.0,0.2,0.2,20.249999999999996,0.8,0.8,900.0,0.009,0.0,15,0.5,0.016216165,0.05585716174625217
11.222999999999999,900.500594597393,0.02806737457533519,0.0,0.2,0.2,20.249999999999996,0.8,0.8,900.0,0.009,0.0,15,0.5,0.014977029,0.05585716892796035
11.232,900.5005946555838,0.02804322381317005,0.0,0.2,0.2,20.249999999999996,0.8,0.8,900.0,0.009,0.0,15,0.5,0.017427312,0.05585718048444553
11.241,900.5005947529428,0.028020776373269704,0.0,0.2,0.2,20.249999999999996,0.8,0.8,900.0,0.009,0.0,15,0.5,0.01525555,0.05585719499071333
11.25,900.5005948767168,0.02800006751306039,0.0,0.2,0.2,20.249999999999996,0.8,0.8,900.0,0.009,0.0,15,0.5,0.015341541,0.055857210827925774
11.258999999999999,900.5005950124237,0.027981132842393557,0.0,0.2,0.2,20.249999999999996,0.8,0.8,900.0,0.009,0.0,15,0.5,0.017214911,0.055857226332453755
11.267999999999999,900.5005951452912,0.027964005822115733,0.0,0.2,0.2,20.249999999999996,0.8,0.8,900.0,0.009,0.0,15,0.5,0.015014779,0.055857239959555216
11.277,900.500595261367,0.027948709600093033,0.0,0.2,0.2,20.249999999999996,0.8,0.8,900.0,0.009,0.0,15,0.5,0.01501509,0.055857250364124256
11.286,900.5005953485897,0.027935266744358988,0.0,0.2,0.2,20.249999999999996,0.8,0.8,900.0,0.009,0.0,15,0.5,0.017237011,0.0558572565370209
11.295,900.5005953979322,0.027923700669570495,0.0,0.2,0.2,20.249999999999996,0.8,0.8,900.0,0.009,0.0,15,0.5,0.014857858,0.055857257895476686
11.303999999999998,900.5005954041977,0.027914035795952162,0.0,0.2,0.2,20.249999999999996,0.8,0.8,900.0,0.009,0.0,15,0.5,0.014791419,0.055857254322663016
11.312999999999999,900.5005953663339,0.027906297536139053,0.0,0.2,0.2,20.249999999999996,0.8,0.8,900.0,0.009,0.0,15,0.5,0.017961125,0.05585724616529127
11.322,900.5005952874882,0.02790051229139505,0.0,0.2,0.2,20.249999999999996,0.8,0.8,900.0,0.009,0.0,15,0.5,0.015490102,0.05585723419372029
11.331,900.5005951745793,0.027896707500252773,0.0,0.2,0.2,20.249999999999996,0.8,0.8,900.0,0.009,0.0,15,0.5,0.014862948,0.05585721952601091
11.34,900.5005950376391,0.027894911647431783,0.0,0.2,0.2,20.249999999999996,0.8,0.8,900.0,0.009,0.0,15,0.5,0.017602923,0.05585720352575421
11.348999999999998,900.5005948888762,0.02789515394148269,0.0,0.2,0.2,20.249999999999996,0.8,0.8,900.0,0.009,0.0,15,0.5,0.01496669,0.05585718768084702
11.357999999999999,900.5005947416581,0.027897464646034948,0.0,0.2,0.2,20.249999999999996,0.8,0.8,900.0,0.009,0.0,15,0.5,0.015251421,0.0558571734774682
11.366999999999999,900.5005946093045,0.02790187394643923,0.0,0.2,0.2,20.249999999999996,0.8,0.8,900.0,0.009,0.0,15,0.5,0.017522022,0.055857162275412126
11.376,900.5005945039567,0.027908410790068273,0.0,0.2,0.2,20.249999999999996,0.8,0.8,900.0,0.009,0.0,15,0.5,0.014774179,0.05585715517998001
11.385,900.5005944354984,0.027917105132198618,0.0,0.2,0.2,20.249999999999996,0.8,0.8,900.0,0.009,0.0,15,0.5,0.014900078,0.055857152953120784
11.393999999999998,900.5005944107439,0.027927988177845236,0.0,0.2,0.2,20.249999999999996,0.8,0.8,900.0,0.009,0.0,15,0.5,0.017836954,0.05585715595304953
11.402999999999999,900.5005944329064,0.027941092211876926,0.0,0.2,0.2,20.249999999999996,0.8,0.8,900.0,0.009,0.0,15,0.5,0.01515271,0.05585716411832169
11.411999999999999,900.5005945014123,0.02795644904723384,0.0,0.2,0.2,20.249999999999996,0.8,0.8,900.0,0.009,0.0,15,0.5,0.014812748,0.05585717697259669
11.421,900.500594611969,0.027974091520953665,0.0,0.2,0.2,20.249999999999996,0.8,0.8,900.0,0.009,0.0,15,0.5,0.0172125,0.05585719367098933
11.43,900.5005947570614,0.027994053893191886,0.0,0.2,0.2,20.249999999999996,0.8,0.8,900.0,0.009,0.0,15,0.5,0.014801599,0.05585721309228623
11.438999999999998,900.5005949266238,0.028016370739845867,0.0,0.2,0.2,20.249999999999996,0.8,0.8,900.0,0.009,0.0,15,0.5,0.01527541,0.055857233928359465
11.447999999999999,900.5005951089004,0.02804107770862744,0.0,0.2,0.2,20.249999999999996,0.8,0.8,900.0,0.009,0.0,15,0.5,0.017605922,0.05585725480616333
11.456999999999999,900.5005952916808,0.028068210021342143,0.0,0.2,0.2,20.249999999999996,0.8,0.8,900.0,0.009,0.0,15,0.5,0.014599478,0.055857274441098656
11.466,900.5005954634012,0.028097797132910458,0.0,0.2,0.2,20.249999999999996,0.8,0.8,900.0,0.009,0.0,15,0.5,0.015013459,0.05585729170592752
11.475,900.5005956140091,0.02812986917707957,0.0,0.2,0.2,20.249999999999996,0.8,0.8,900.0,0.009,0.0,15,0.5,0.017383732,0.055857305738075916
11.484,900.5005957358677,0.028164450236312737,0.0,0.2,0.2,20.249999999999996,0.8,0.8,900.0,0.009,0.0,15,0.5,0.014967319,0.05585731600692176
11.492999999999999,900.5005958240954,0.028201555415780042,0.0,0.2,0.2,20.249999999999996,0.8,0.8,900.0,0.009,0.0,15,0.5,0.015018779,0.05585732230729766
11.501999999999999,900.5005958768771,0.028241200671370443,0.0,0.2,0.2,20.249999999999996,0.8,0.8,900.0,0.009,0.0,15,0.5,0.017162411,0.0558573247990232
11.511,900.5005958956687,0.02828340277265181,0.0,0.2,0.2,20.249999999999996,0.8,0.8,900.0,0.009,0.0,15,0.5,0.014780388,0.05585732398273265
11.52,900.5005958850137,0.02832817835041639,0.0,0.2,0.2,20.249999999999996,0.8,0.8,900.0,0.009,0.0,15,0.5,0.014888289,0.05585732066591922
11.529,900.5005958521464,0.02837553822603144,0.0,0.2,0.2,20.249999999999996,0.8,0.8,900.0,0.009,0.0,15,0.5,0.01705426,0.05585731587551293
11.537999999999998,900.5005958062185,0.028425490840798345,0.0,0.2,0.2,20.249999999999996,0.8,0.8,900.0,0.009,0.0,15,0.5,0.014759457,0.055857310750155174
11.546999999999999,900.5005957574393,0.028478045025091034,0.0,0.2,0.2,20.249999999999996,0.8,0.8,900.0,0.009,0.0,15,0.5,0.0151158,0.055857306446403084
11.556,900.5005957161749,0.028533210004581342,0.0,0.2,0.2,20.249999999999996,0.8,0.8,900.0,0.009,0.0,15,0.5,0.017964844,0.05585730404411549
11.565,900.5005956921291,0.028590994963989917,0.0,0.2,0.2,20.249999999999996,0.8,0.8,900.0,0.009,0.0,15,0.5,0.014852528,0.05585730445447723
11.574,900.5005956934185,0.02865140872804034,0.0,0.2,0.2,20.249999999999996,0.8,0.8,900.0,0.009,0.0,15,0.5,0.015009599,0.05585730833283946
11.582999999999998,900.5005957259109,0.028714459928395514,0.0,0.2,0.2,20.249999999999996,0.8,0.8,900.0,0.009,0.0,15,0.5,0.017707913,0.05585731602640188
11.591999999999999,900.5005957926782,0.028780156481433557,0.0,0.2,0.2,20.249999999999996,0.8,0.8,900.0,0.009,0.0,15,0.5,0.014928489,0.05585732754289555
11.600999999999999,900.5005958937726,0.02884850661392504,0.0,0.2,0.2,20.249999999999996,0.8,0.8,900.0,0.009,0.0,15,0.5,0.014969559,0.05585734255774273
11.61,900.5005960262769,0.028919519021212193,0.0,0.2,0.2,20.249999999999996,0.8,0.8,900.0,0.009,0.0,15,0.5,0.017215651,0.055857360448164264
11.619,900.5005961846435,0.028993202733757394,0.0,0.2,0.2,20.249999999999996,0.8,0.8,900.0,0.009,0.0,15,0.5,0.01522911,0.055857380365333185
11.627999999999998,900.5005963612624,0.029069563695965396,0.0,0.2,0.2,20.249999999999996,0.8,0.8,900.0,0.009,0.0,15,0.5,0.014788608,0.055857401307018335
11.636999999999999,900.5005965471206,0.02914860635379558,0.0,0.2,0.2,20.249999999999996,0.8,0.8,900.0,0.009,0.0,15,0.5,0.017292152,0.05585742220386089
11.645999999999999,900.5005967326339,0.02923033542855732,0.0,0.2,0.2,20.249999999999996,0.8,0.8,900.0,0.009,0.0,15,0.5,0.0151709,0.05585744202264165
11.655,900.5005969085645,0.029314755919056173,0.0,0.2,0.2,20.249999999999996,0.8,0.8,900.0,0.009,0.0,15,0.5,0.014881538,0.05585745985706316
11.664,900.5005970667911,0.0294018728950787,0.0,0.2,0.2,20.249999999999996,0.8,0.8,900.0,0.009,0.0,15,0.5,0.017253482,0.05585747500135989
11.672999999999998,900.5005972010085,0.02949169089098694,0.0,0.2,0.2,20.249999999999996,0.8,0.8,900.0,0.009,0.0,15,0.5,0.014936719,0.055857487008587926
11.681999999999999,900.5005973072215,0.02958421467453079,0.0,0.2,0.2,20.249999999999996,0.8,0.8,900.0,0.009,0.0,15,0.5,0.014898418,0.055857495726081625
11.690999999999999,900.5005973840794,0.029679449482269922,0.0,0.2,0.2,20.249999999999996,0.8,0.8,900.0,0.009,0.0,15,0.5,0.017457072,0.05585750130367461
11.7,900.5005974329366,0.029777401015096586,0.0,0.2,0.2,20.249999999999996,0.8,0.8,900.0,0.009,0.0,15,0.5,0.014851348,0.05585750417411431
11.709,900.5005974576746,0.029878075432793857,0.0,0.2,0.2,20.249999999999996,0.8,0.8,900.0,0.009,0.0,15,0.5,0.014910358,0.05585750500783269
11.718,900.5005974643026,0.029981479486167955,0.0,0.2,0.2,20.249999999999996,0.8,0.8,900.0,0.009,0.0,15,0.5,0.017321811,0.05585750464863894
11.726999999999999,900.500597460407,0.03008762017427196,0.0,0.2,0.2,20.249999999999996,0.8,0.8,900.0,0.009,0.0,15,0.5,0.014937079,0.055857504030057174
11.735999999999999,900.5005974543337,0.030196503425773118,0.0,0.2,0.2,20.249999999999996,0.8,0.8,900.0,0.009,0.0,15,0.5,0.01505749,0.05585750407368358
11.745,900.5005974543182,0.03030813547382496,0.0,0.2,0.2,20.249999999999996,0.8,0.8,900.0,0.009,0.0,15,0.5,0.017667003,0.05585750561403329
11.754,900.5005974678426,0.03042252322458179,0.0,0.2,0.2,20.249999999999996,0.8,0.8,900.0,0.009,0.0,15,0.5,0.014856359,0.055857509331375586
11.763,900.5005975010191,0.03053967357184267,0.0,0.2,0.2,20.249999999999996,0.8,0.8,900.0,0.009,0.0,15,0.5,0.0151387,0.05585751570426602
11.771999999999998,900.5005975581072,0.030659590049104363,0.0,0.2,0.2,20.249999999999996,0.8,0.8,900.0,0.009,0.0,15,0.5,0.017313271,0.055857524946967406
11.780999999999999,900.5005976409767,0.03078227530792047,0.0,0.2,0.2,20.249999999999996,0.8,0.8,900.0,0.009,0.0,15,0.5,0.014774827,0.05585753697826551
11.79,900.5005977488863,0.03090773284724198,0.0,0.2,0.2,20.249999999999996,0.8,0.8,900.0,0.009,0.0,15,0.5,0.015410881,0.055857551436685124
11.799,900.5005978785919,0.031035966943240116,0.0,0.2,0.2,20.249999999999996,0.8,0.8,900.0,0.009,0.0,15,0.5,0.017564833,0.055857567715050016
11.808,900.5005980246384,0.031166982471337232,0.0,0.2,0.2,20.249999999999996,0.8,0.8,900.0,0.009,0.0,15,0.5,0.014838329,0.055857585011528155
11.816999999999998,900.5005981798752,0.0313007850073711,0.0,0.2,0.2,20.249999999999996,0.8,0.8,900.0,0.009,0.0,15,0.5,0.014927968,0.05585760240476632
11.825999999999999,900.500598336035,0.031437377312629834,0.0,0.2,0.2,20.249999999999996,0.8,0.8,900.0,0.009,0.0,15,0.5,0.017435342,0.055857618935902346
11.834999999999999,900.5005984845051,0.0315767610177164,0.0,0.2,0.2,20.249999999999996,0.8,0.8,900.0,0.009,0.0,15,0.5,0.014870938,0.055857633689302834
11.844,900.5005986171138,0.03171893849899782,0.0,0.2,0.2,20.249999999999996,0.8,0.8,900.0,0.009,0.0,15,0.5,0.014834948,0.055857645884508866
11.853,900.5005987269399,0.03186390833031082,0.0,0.2,0.2,20.249999999999996,0.8,0.8,900.0,0.009,0.0,15,0.5,0.017130011,0.05585765495069485
11.861999999999998,900.5005988088021,0.0320116629247098,0.0,0.2,0.2,20.249999999999996,0.8,0.8,900.0,0.009,0.0,15,0.5,0.014677407,0.0558576605459876
11.870999999999999,900.5005988596375,0.03216219504188742,0.0,0.2,0.2,20.249999999999996,0.8,0.8,900.0,0.009,0.0,15,0.5,0.014795638,0.05585766258743212
11.879999999999999,900.5005988787369,0.03231549817852865,0.0,0.2,0.2,20.249999999999996,0.8,0.8,900.0,0.009,0.0,15,0.5,0.017373001,0.05585766125239263
11.889,900.5005988677589,0.03247156259101738,0.0,0.2,0.2,20.249999999999996,0.8,0.8,900.0,0.009,0.0,15,0.5,0.014942878,0.055857656965530425
11.898,900.5005988304608,0.03263037149485784,0.0,0.2,0.2,20.249999999999996,0.8,0.8,900.0,0.009,0.0,15,0.5,0.016203776,0.055857650352381244
11.906999999999998,900.5005987724313,0.03279190651068081,0.0,0.2,0.2,20.249999999999996,0.8,0.8,900.0,0.009,0.0,15,0.5,0.017125801,0.055857642200425106
11.915999999999999,900.5005987007369,0.03295614914147479,0.0,0.2,0.2,20.249999999999996,0.8,0.8,900.0,0.009,0.0,15,0.5,0.014881898,0.05585763338829225
11.924999999999999,900.500598623236,0.033123081059913656,0.0,0.2,0.2,20.249999999999996,0.8,0.8,900.0,0.009,0.0,15,0.5,0.014790107,0.05585762479805902
11.934,900.5005985478343,0.03329268447846514,0.0,0.2,0.2,20.249999999999996,0.8,0.8,900.0,0.009,0.0,15,0.5,0.017162191,0.055857617235632116
11.943,900.5005984817429,0.03346494214621668,0.0,0.2,0.2,20.249999999999996,0.8,0.8,900.0,0.009,0.0,15,0.5,0.014990319,0.05585761135865143
11.952,900.5005984308277,0.033639837442027004,0.0,0.2,0.2,20.249999999999996,0.8,0.8,900.0,0.009,0.0,15,0.5,0.015005459,0.05585760761801255
11.960999999999999,900.5005983991258,0.03381735464489461,0.0,0.2,0.2,20.249999999999996,0.8,0.8,900.0,0.009,0.0,15,0.5,0.017326152,0.055857606225897256
11.969999999999999,900.5005983885228,0.03399747897026087,0.0,0.2,0.2,20.249999999999996,0.8,0.8,900.0,0.009,0.0,15,0.5,0.014889988,0.05585760714334526
11.979,900.5005983986654,0.034180195518853505,0.0,0.2,0.2,20.249999999999996,0.8,0.8,900.0,0.009,0.0,15,0.5,0.014885228,0.055857610090541215
11.988,900.5005984270425,0.03436548972700196,0.0,0.2,0.2,20.249999999999996,0.8,0.8,900.0,0.009,0.0,15,0.5,0.017655914,0.05585761457911156
11.997,900.5005984692834,0.03455334746837023,0.0,0.2,0.2,20.249999999999996,0.8,0.8,900.0,0.009,0.0,15,0.5,0.01528694,0.05585761995700498
12.005999999999998,900.5005985196285,0.03474375388975518,0.0,0.2,0.2,20.249999999999996,0.8,0.8,900.0,0.009,0.0,15,0.5,0.014814648,0.055857625481608573
12.014999999999999,900.50059857135,0.034936685780148455,0.0,0.2,0.2,20.249999999999996,0.8,0.8,900.0,0.009,0.0,15,0.5,0.017544533,0.05585763034870093
12.024,900.5005986172072,0.03513211866826567,0.0,0.2,0.2,20.249999999999996,0.8,0.8,900.0,0.009,0.0,15,0.5,0.015009179,0.05585763377142785
12.033,900.5005986501628,0.03533002864461248,0.0,0.2,0.2,20.249999999999996,0.8,0.8,900.0,0.009,0.0,15,0.5,0.014938839,0.05585763504995982
12.042,900.5005986639611,0.035530392260368276,0.0,0.2,0.2,20.249999999999996,0.8,0.8,900.0,0.009,0.0,15,0.5,0.017465302,0.055857633625870456
12.050999999999998,900.5005986536316,0.03573318626637989,0.0,0.2,0.2,20.249999999999996,0.8,0.8,900.0,0.009,0.0,15,0.5,0.014927578,0.055857629121386844
12.059999999999999,900.5005986157403,0.035938387649563856,0.0,0.2,0.2,20.249999999999996,0.8,0.8,900.0,0.009,0.0,15,0.5,0.014873208,0.055857621356405325
12.068999999999999,900.5005985487016,0.03614597436305285,0.0,0.2,0.2,20.249999999999996,0.8,0.8,900.0,0.009,0.0,15,0.5,0.017507253,0.05585761036812153
12.078,900.5005984528372,0.03635592337645635,0.0,0.2,0.2,20.249999999999996,0.8,0.8,900.0,0.009,0.0,15,0.5,0.014882078,0.05585759639488325
12.087,900.5005983303097,0.03656821237956995,0.0,0.2,0.2,20.249999999999996,0.8,0.8,900.0,0.009,0.0,15,0.5,0.014812998,0.05585757985783922
12.095999999999998,900.5005981848811,0.03678281946979491,0.0,0.2,0.2,20.249999999999996,0.8,0.8,900.0,0.009,0.0,15,0.5,0.017870034,0.055857561313271915
12.104999999999999,900.5005980215329,0.03699972366444525,0.0,0.2,0.2,20.249999999999996,0.8,0.8,900.0,0.009,0.0,15,0.5,0.015209041,0.05585754140083795
12.113999999999999,900.5005978460489,0.03721890454803881,0.0,0.2,0.2,20.249999999999996,0.8,0.8,900.0,0.009,0.0,15,0.5,0.014838728,0.055857520797076676
12.123,900.5005976645068,0.03744033932172421,0.0,0.2,0.2,20.249999999999996,0.8,0.8,900.0,0.009,0.0,15,0.5,0.017555132,0.05585750017037662
12.132,900.5005974828398,0.03766399905284022,0.0,0.2,0.2,20.249999999999996,0.8,0.8,900.0,0.009,0.0,15,0.5,0.014735768,0.05585748008921899
12.140999999999998,900.5005973061722,0.03788985301642751,0.0,0.2,0.2,20.249999999999996,0.8,0.8,900.0,0.009,0.0,15,0.5,0.015283201,0.055857460969806
12.149999999999999,900.500597138152,0.038117866174222775,0.0,0.2,0.2,20.249999999999996,0.8,0.8,900.0,0.009,0.0,15,0.5,0.017705563,0.05585744303433253
12.158999999999999,900.5005969807785,0.03834800367893024,0.0,0.2,0.2,20.249999999999996,0.8,0.8,900.0,0.009,0.0,15,0.5,0.014942719,0.05585742631147465
12.168,900.5005968342894,0.038580230576294686,0.0,0.2,0.2,20.249999999999996,0.8,0.8,900.0,0.009,0.0,15,0.5,0.014866928,0.0558574106418323
12.177,900.5005966972385,0.038814512140437546,0.0,0.2,0.2,20.249999999999996,0.8,0.8,900.0,0.009,0.0,15,0.5,0.017624512,0.05585739569988862
12.186,900.5005965666976,0.03905081464894694,0.0,0.2,0.2,20.249999999999996,0.8,0.8,900.0,0.009,0.0,15,0.5,0.014994349,0.05585738103442226
12.194999999999999,900.500596438687,0.03928910551804215,0.0,0.2,0.2,20.249999999999996,0.8,0.8,900.0,0.009,0.0,15,0.5,0.0152039,0.055857366140091
12.203999999999999,900.500596308806,0.03952934524168464,0.0,0.2,0.2,20.249999999999996,0.8,0.8,900.0,0.009,0.0,15,0.5,0.017624253,0.05585735052309758
12.213,900.5005961725273,0.0397714817380122,0.0,0.2,0.2,20.249999999999996,0.8,0.8,900.0,0.009,0.0,15,0.5,0.01502376,0.05585733370945217
12.222,900.5005960257093,0.04001545474543905,0.0,0.2,0.2,20.249999999999996,0.8,0.8,900.0,0.009,0.0,15,0.5,0.015503452,0.055857315308110826
12.231,900.500595864687,0.04026119142698853,0.0,0.2,0.2,20.249999999999996,0.8,0.8,900.0,0.009,0.0,15,0.5,0.017973805,0.05585729500270386
12.239999999999998,900.500595686649,0.0405086188361373,0.0,0.2,0.2,20.249999999999996,0.8,0.8,900.0,0.009,0.0,15,0.5,0.015455542,0.05585727260506069
12.248999999999999,900.5005954899606,0.04075766178925747,0.0,0.2,0.2,20.249999999999996,0.8,0.8,900.0,0.009,0.0,15,0.5,0.014980269,0.05585724808423291
12.258,900.5005952742887,0.041008239716408094,0.0,0.2,0.2,20.249999999999996,0.8,0.8,900.0,0.009,0.0,15,0.5,0.017670463,0.05585722154974392
12.267,900.5005950406335,0.0412602721996107,0.0,0.2,0.2,20.249999999999996,0.8,0.8,900.0,0.009,0.0,15,0.5,0.015868423,0.05585719324942895
12.276,900.5005947912229,0.04151367906467142,0.0,0.2,0.2,20.249999999999996,0.8,0.8,900.0,0.009,0.0,15,0.5,0.01518531,0.055857163537992166
12.284999999999998,900.500594529226,0.04176837936996414,0.0,0.2,0.2,20.249999999999996,0.8,0.8,900.0,0.009,0.0,15,0.5,0.017508642,0.055857132840327325
12.293999999999999,900.5005942584315,0.04202429211755009,0.0,0.2,0.2,20.249999999999996,0.8,0.8,900.0,0.009,0.0,15,0.5,0.015475832,0.05585710161586192
12.302999999999999,900.5005939829518,0.04228133735799784,0.0,0.2,0.2,20.249999999999996,0.8,0.8,900.0,0.009,0.0,15,0.5,0.015483112,0.05585707032274864
12.312,900.5005937070929,0.04253943463770186,0.0,0.2,0.2,20.249999999999996,0.8,0.8,900.0,0.009,0.0,15,0.5,0.017675264,0.05585703943570489
12.321,900.500593435058,0.04279848221823389,0.0,0.2,0.2,20.249999999999996,0.8,0.8,900.0,0.009,0.0,15,0.5,0.015060339,0.05585700938081045
12.329999999999998,900.5005931704998,0.04305836922406574,0.0,0.2,0.2,20.249999999999996,0.8,0.8,900.0,0.009,0.0,15,0.5,0.0152129,0.05585698047573946
12.338999999999999,900.5005929162459,0.04331898651200488,0.0,0.2,0.2,20.249999999999996,0.8,0.8,900.0,0.009,0.0,15,0.5,0.017266942,0.055856952906614785
12.347999999999999,900.5005926739501,0.04358022730668446,0.0,0.2,0.2,20.249999999999996,0.8,0.8,900.0,0.009,0.0,15,0.5,0.015278491,0.055856926703976996
12.357,900.5005924438796,0.043841987082160895,0.0,0.2,0.2,20.249999999999996,0.8,0.8,900.0,0.009,0.0,15,0.5,0.015037589,0.05585690173322094
12.366,900.5005922248183,0.04410416385444025,0.0,0.2,0.2,20.249999999999996,0.8,0.8,900.0,0.009,0.0,15,0.5,0.017615243,0.0558568777083511
12.374999999999998,900.5005920142806,0.044366658040635686,0.0,0.2,0.2,20.249999999999996,0.8,0.8,900.0,0.009,0.0,15,0.5,0.014918808,0.05585685424797011
12.383999999999999,900.5005918088358,0.04462936207983252,0.0,0.2,0.2,20.249999999999996,0.8,0.8,900.0,0.009,0.0,15,0.5,0.01524969,0.05585683089013203
12.392999999999999,900.5005916042534,0.04489216687907195,0.0,0.2,0.2,20.249999999999996,0.8,0.8,900.0,0.009,0.0,15,0.5,0.017288821,0.0558568071303425
12.402,900.5005913960348,0.045154966549034455,0.0,0.2,0.2,20.249999999999996,0.8,0.8,900.0,0.009,0.0,15,0.5,0.01510391,0.055856782472906354
12.411,900.5005911797161,0.045417657265499185,0.0,0.2,0.2,20.249999999999996,0.8,0.8,900.0,0.009,0.0,15,0.5,0.01521887,0.055856756456822976
12.42,900.5005909512026,0.045680138898915916,0.0,0.2,0.2,20.249999999999996,0.8,0.8,900.0,0.009,0.0,15,0.5,0.017743024,0.05585672871949007
12.428999999999998,900.5005907072401,0.04594231298660148,0.0,0.2,0.2,20.249999999999996,0.8,0.8,900.0,0.009,0.0,15,0.5,0.014987099,0.055856699025106454
12.437999999999999,900.5005904457914,0.046204082294944826,0.0,0.2,0.2,20.249999999999996,0.8,0.8,900.0,0.009,0.0,15,0.5,0.0151555,0.05585666730243863
12.447,900.5005901662273,0.04646534654126404,0.0,0.2,0.2,20.249999999999996,0.8,0.8,900.0,0.009,0.0,15,0.5,0.018319356,0.05585663364730147
12.456,900.5005898694493,0.04672600041454165,0.0,0.2,0.2,20.249999999999996,0.8,0.8,900.0,0.009,0.0,15,0.5,0.015129299,0.05585659833405335
12.465,900.5005895578391,0.046985932941646553,0.0,0.2,0.2,20.249999999999996,0.8,0.8,900.0,0.009,0.0,15,0.5,0.014794657,0.055856561771338895
12.473999999999998,900.5005892354274,0.04724502642809571,0.0,0.2,0.2,20.249999999999996,0.8,0.8,900.0,0.009,0.0,15,0.5,0.017829874,0.05585652454653667
12.482999999999999,900.5005889071443,0.04750313407140817,0.0,0.2,0.2,20.249999999999996,0.8,0.8,900.0,0.009,0.0,15,0.5,0.014995809,0.055856487280739775
12.491999999999999,900.5005885784553,0.0477601055522997,0.0,0.2,0.2,20.249999999999996,0.8,0.8,900.0,0.009,0.0,15,0.5,0.015309811,0.05585645063712268
12.501,900.5005882553791,0.04801579477538767,0.0,0.2,0.2,20.249999999999996,0.8,0.8,900.0,0.009,0.0,15,0.5,0.017509723,0.055856415294192246
12.51,900.500587943953,0.04827005577159783,0.0,0.2,0.2,20.249999999999996,0.8,0.8,900.0,0.009,0.0,15,0.5,0.015207361,0.05585638183324855
12.518999999999998,900.5005876493433,0.04852274834216754,0.0,0.2,0.2,20.249999999999996,0.8,0.8,900.0,0.009,0.0,15,0.5,0.014747648,0.055856350666289564
12.527999999999999,900.5005873752302,0.048773742368516726,0.0,0.2,0.2,20.249999999999996,0.8,0.8,900.0,0.009,0.0,15,0.5,0.017860554,0.05585632202143511
12.536999999999999,900.5005871236336,0.04902291526339656,0.0,0.2,0.2,20.249999999999996,0.8,0.8,900.0,0.009,0.0,15,0.5,0.015515212,0.05585629593539568
12.546,900.5005868948732,0.0492701528113585,0.0,0.2,0.2,20.249999999999996,0.8,0.8,900.0,0.009,0.0,15,0.5,0.01518096,0.055856272271090544
12.555,900.5005866877088,0.049515350014018,0.0,0.2,0.2,20.249999999999996,0.8,0.8,900.0,0.009,0.0,15,0.5,0.017266261,0.05585625074029972
12.563999999999998,900.5005864996028,0.04975841199787703,0.0,0.2,0.2,20.249999999999996,0.8,0.8,900.0,0.009,0.0,15,0.5,0.01512554,0.05585623095730669
12.572999999999999,900.5005863271122,0.049999246054703225,0.0,0.2,0.2,20.249999999999996,0.8,0.8,900.0,0.009,0.0,15,0.5,0.014736268,0.055856212430676504
12.581999999999999,900.5005861656934,0.050237768595734776,0.0,0.2,0.2,20.249999999999996,0.8,0.8,900.0,0.009,0.0,15,0.5,0.017538272,0.05585619457434089
12.591,900.5005860101519,0.05047391040015496,0.0,0.2,0.2,20.249999999999996,0.8,0.8,900.0,0.009,0.0,15,0.5,0.015283351,0.05585617678593081
12.6,900.5005858547328,0.05070761656413476,0.0,0.2,0.2,20.249999999999996,0.8,0.8,900.0,0.009,0.0,15,0.5,0.014956689,0.05585615845478158
12.608999999999998,900.5005856941709,0.0509388747054112,0.0,0.2,0.2,20.249999999999996,0.8,0.8,900.0,0.009,0.0,15,0.5,0.017720543,0.05585613903988422
12.617999999999999,900.5005855237129,0.051167693336285895,0.0,0.2,0.2,20.249999999999996,0.8,0.8,900.0,0.009,0.0,15,0.5,0.014889249,0.05585611803447995
12.626999999999999,900.5005853387837,0.05139409474538928,0.0,0.2,0.2,20.249999999999996,0.8,0.8,900.0,0.009,0.0,15,0.5,0.015802753,0.05585609501670719
12.636,900.5005851356219,0.051618116197712505,0.0,0.2,0.2,20.249999999999996,0.8,0.8,900.0,0.009,0.0,15,0.5,0.017390372,0.0558560697373696
12.645,900.5005849120394,0.051839809174005276,0.0,0.2,0.2,20.249999999999996,0.8,0.8,900.0,0.009,0.0,15,0.5,0.01518274,0.055856042157594654
12.654,900.5005846678272,0.052059234514291584,0.0,0.2,0.2,20.249999999999996,0.8,0.8,900.0,0.009,0.0,15,0.5,0.014630708,0.05585601246025798
12.662999999999998,900.5005844045855,0.05227645561189252,0.0,0.2,0.2,20.249999999999996,0.8,0.8,900.0,0.009,0.0,15,0.5,0.017801824,0.055855981007841574
12.671999999999999,900.5005841257322,0.05249153749330434,0.0,0.2,0.2,20.249999999999996,0.8,0.8,900.0,0.009,0.0,15,0.5,0.015053629,0.055855948302197866
12.681,900.5005838354537,0.05270454149646252,0.0,0.2,0.2,20.249999999999996,0.8,0.8,900.0,0.009,0.0,15,0.5,0.01518866,0.05585591487756572
12.69,900.500583538537,0.052915545206075776,0.0,0.2,0.2,20.249999999999996,0.8,0.8,900.0,0.009,0.0,15,0.5,0.017314221,0.055855881320492684
12.699,900.5005832403749,0.05312464144051888,0.0,0.2,0.2,20.249999999999996,0.8,0.8,900.0,0.009,0.0,15,0.5,0.014982399,0.05585584828307707
12.707999999999998,900.5005829468352,0.053331924022570795,0.0,0.2,0.2,20.249999999999996,0.8,0.8,900.0,0.009,0.0,15,0.5,0.014784908,0.055855816441408294
12.716999999999999,900.500582663923,0.0535374880788377,0.0,0.2,0.2,20.249999999999996,0.8,0.8,900.0,0.009,0.0,15,0.5,0.017822174,0.05585578642140559
12.725999999999999,900.5005823971918,0.05374144075957909,0.0,0.2,0.2,20.249999999999996,0.8,0.8,900.0,0.009,0.0,15,0.5,0.015353561,0.05585575875484457
12.735,900.5005821520994,0.05394389961949023,0.0,0.2,0.2,20.249999999999996,0.8,0.8,900.0,0.009,0.0,15,0.5,0.014900338,0.055855734002258885
12.744,900.5005819333118,0.054144936826520065,0.0,0.2,0.2,20.249999999999996,0.8,0.8,900.0,0.009,0.0,15,0.5,0.018121876,0.05585571243369059
12.752999999999998,900.5005817431204,0.05434461427406469,0.0,0.2,0.2,20.249999999999996,0.8,0.8,900.0,0.009,0.0,15,0.5,0.01507711,0.05585569398410146
12.761999999999999,900.5005815811555,0.054542977538764074,0.0,0.2,0.2,20.249999999999996,0.8,0.8,900.0,0.009,0.0,15,0.5,0.01506979,0.05585567837841234
12.770999999999999,900.500581444539,0.054740042109849195,0.0,0.2,0.2,20.249999999999996,0.8,0.8,900.0,0.009,0.0,15,0.5,0.017739723,0.05585566501692905
12.78,900.5005813278609,0.05493582440185583,0.0,0.2,0.2,20.249999999999996,0.8,0.8,900.0,0.009,0.0,15,0.5,0.01507517,0.05585565313530644
12.789,900.5005812244781,0.05513034560391778,0.0,0.2,0.2,20.249999999999996,0.8,0.8,900.0,0.009,0.0,15,0.5,0.014910769,0.05585564193555031
12.797999999999998,900.5005811270272,0.055323619377693735,0.0,0.2,0.2,20.249999999999996,0.8,0.8,900.0,0.009,0.0,15,0.5,0.017280821,0.05585563055740928
12.806999999999999,900.5005810277152,0.055515668617445495,0.0,0.2,0.2,20.249999999999996,0.8,0.8,900.0,0.009,0.0,15,0.5,0.01511212,0.05585561815606265
12.815999999999999,900.5005809189652,0.05570653167043721,0.0,0.2,0.2,20.249999999999996,0.8,0.8,900.0,0.009,0.0,15,0.5,0.01512819,0.055855604003426526
12.825,900.5005807942582,0.05589626361173017,0.0,0.2,0.2,20.249999999999996,0.8,0.8,900.0,0.009,0.0,15,0.5,0.017348122,0.05585558757105632
12.834,900.5005806488864,0.05608493742159214,0.0,0.2,0.2,20.249999999999996,0.8,0.8,900.0,0.009,0.0,15,0.5,0.015353591,0.05585556859741952
12.842999999999998,900.5005804807278,0.05627263742732259,0.0,0.2,0.2,20.249999999999996,0.8,0.8,900.0,0.009,0.0,15,0.5,0.014890219,0.05585554709838
12.851999999999999,900.5005802897765,0.05645944614512339,0.0,0.2,0.2,20.249999999999996,0.8,0.8,900.0,0.009,0.0,15,0.5,0.017650013,0.055855523307023855
12.860999999999999,900.5005800780633,0.05664545660048048,0.0,0.2,0.2,20.249999999999996,0.8,0.8,900.0,0.009,0.0,15,0.5,0.015030069,0.055855497712575676
12.87,900.5005798499942,0.05683077724341764,0.0,0.2,0.2,20.249999999999996,0.8,0.8,900.0,0.009,0.0,15,0.5,0.015047189,0.055855471045616056
12.879,900.5005796121202,0.057015532446555856,0.0,0.2,0.2,20.249999999999996,0.8,0.8,900.0,0.009,0.0,15,0.5,0.018184966,0.055855444226780154
12.888,900.5005793727032,0.05719986287098173,0.0,0.2,0.2,20.249999999999996,0.8,0.8,900.0,0.009,0.0,15,0.5,0.014938719,0.05585541829392153
12.896999999999998,900.5005791412051,0.05738392417228003,0.0,0.2,0.2,20.249999999999996,0.8,0.8,900.0,0.009,0.0,15,0.5,0.01516706,0.05585539436388791
12.905999999999999,900.5005789277675,0.057567869806283395,0.0,0.2,0.2,20.249999999999996,0.8,0.8,900.0,0.009,0.0,15,0.5,0.017289861,0.05585537360644267
12.915,900.5005787428993,0.057751847648400544,0.0,0.2,0.2,20.249999999999996,0.8,0.8,900.0,0.009,0.0,15,0.5,0.015394742,0.055855357198314415
12.924,900.5005785971906,0.05793598954961153,0.0,0.2,0.2,20.249999999999996,0.8,0.8,900.0,0.009,0.0,15,0.5,0.01521125,0.05585534621859705
12.933,900.5005785002585,0.05812042169992854,0.0,0.2,0.2,20.249999999999996,0.8,0.8,900.0,0.009,0.0,15,0.5,0.017328761,0.055855341552017365
12.941999999999998,900.5005784599653,0.05830525569178553,0.0,0.2,0.2,20.249999999999996,0.8,0.8,900.0,0.009,0.0,15,0.5,0.014977829,0.055855343752426796
12.950999999999999,900.500578481,0.05849060664292207,0.0,0.2,0.2,20.249999999999996,0.8,0.8,900.0,0.009,0.0,15,0.5,0.014771748,0.05585535291182519
12.959999999999999,900.5005785641584,0.05867660879654914,0.0,0.2,0.2,20.249999999999996,0.8,0.8,900.0,0.009,0.0,15,0.5,0.017422081,0.055855368655656774
12.969,900.5005787060501,0.0588634144835035,0.0,0.2,0.2,20.249999999999996,0.8,0.8,900.0,0.009,0.0,15,0.5,0.014985549,0.05585539016490788
12.978,900.5005788993093,0.059051194614908625,0.0,0.2,0.2,20.249999999999996,0.8,0.8,900.0,0.009,0.0,15,0.5,0.014849378,0.05585541624248103
12.986999999999998,900.5005791331802,0.05924013849639764,0.0,0.2,0.2,20.249999999999996,0.8,0.8,900.0,0.009,0.0,15,0.5,0.01718965,0.05585544541693873
12.995999999999999,900.5005793944757,0.05943045495473205,0.0,0.2,0.2,20.249999999999996,0.8,0.8,900.0,0.009,0.0,15,0.5,0.015344531,0.05585547608052084
13.004999999999999,900.5005796688083,0.05962237261998624,0.0,0.2,0.2,20.249999999999996,0.8,0.8,900.0,0.009,0.0,15,0.5,0.016402826,0.05585550664506586
13.014,900.5005799419768,0.05981613796807301,0.0,0.2,0.2,20.249999999999996,0.8,0.8,900.0,0.009,0.0,15,0.5,0.017394882,0.055855535689447317
13.023,900.5005802013779,0.06001201532791409,0.0,0.2,0.2,20.249999999999996,0.8,0.8,900.0,0.009,0.0,15,0.5,0.01519551,0.055855562157754376
13.031999999999998,900.5005804382575,0.06021026543604085,0.0,0.2,0.2,20.249999999999996,0.8,0.8,900.0,0.009,0.0,15,0.5,0.014927698,0.05585558559153814
13.040999999999999,900.5005806478991,0.06041110194944136,0.0,0.2,0.2,20.249999999999996,0.8,0.8,900.0,0.009,0.0,15,0.5,0.017475622,0.055855605836226105
13.049999999999999,900.5005808288565,0.06061474885429891,0.0,0.2,0.2,20.249999999999996,0.8,0.8,900.0,0.009,0.0,15,0.5,0.015033069,0.055855623086387376
13.059,900.5005809828588,0.06082143248109237,0.0,0.2,0.2,20.249999999999996,0.8,0.8,900.0,0.009,0.0,15,0.5,0.015057909,0.0558556379060275
13.068,900.5005811148986,0.06103139034252474,0.0,0.2,0.2,20.249999999999996,0.8,0.8,900.0,0.009,0.0,15,0.5,0.017862195,0.0558556511988235
13.076999999999998,900.5005812331076,0.06124487576084015,0.0,0.2,0.2,20.249999999999996,0.8,0.8,900.0,0.009,0.0,15,0.5,0.01525358,0.05585566417151085
13.085999999999999,900.5005813483456,0.06146215717873146,0.0,0.2,0.2,20.249999999999996,0.8,0.8,900.0,0.009,0.0,15,0.5,0.015362381,0.055855678239180154
13.094999999999999,900.5005814732405,0.0616835158570283,0.0,0.2,0.2,20.249999999999996,0.8,0.8,900.0,0.009,0.0,15,0.5,0.018024975,0.05585569484128424
13.104,900.5005816206422,0.06190925116961675,0.0,0.2,0.2,20.249999999999996,0.8,0.8,900.0,0.009,0.0,15,0.5,0.01520608,0.055855715287874474
13.113,900.500581802238,0.06213968268471585,0.0,0.2,0.2,20.249999999999996,0.8,0.8,900.0,0.009,0.0,15,0.5,0.014866348,0.05585574063782833
13.122,900.5005820274911,0.06237515372059023,0.0,0.2,0.2,20.249999999999996,0.8,0.8,900.0,0.009,0.0,15,0.5,0.017539953,0.055855771617713386
13.130999999999998,900.5005823029611,0.06261602952907115,0.0,0.2,0.2,20.249999999999996,0.8,0.8,900.0,0.009,0.0,15,0.5,0.015015909,0.055855808548503576
13.139999999999999,900.500582631477,0.06286269287745314,0.0,0.2,0.2,20.249999999999996,0.8,0.8,900.0,0.009,0.0,15,0.5,0.014933158,0.055855851292901666
13.149,900.5005830118183,0.0631155433547958,0.0,0.2,0.2,20.249999999999996,0.8,0.8,900.0,0.009,0.0,15,0.5,0.017483522,0.055855899275450815
13.158,900.5005834387641,0.06337499650743328,0.0,0.2,0.2,20.249999999999996,0.8,0.8,900.0,0.009,0.0,15,0.5,0.014945909,0.05585595152816519
13.167,900.5005839036172,0.06364148653408189,0.0,0.2,0.2,20.249999999999996,0.8,0.8,900.0,0.009,0.0,15,0.5,0.015281851,0.05585600677077405
13.175999999999998,900.500584395002,0.06391546670789042,0.0,0.2,0.2,20.249999999999996,0.8,0.8,900.0,0.009,0.0,15,0.5,0.017553123,0.05585606357391615
13.184999999999999,900.5005849008941,0.06419738413681778,0.0,0.2,0.2,20.249999999999996,0.8,0.8,900.0,0.009,0.0,15,0.5,0.015247821,0.05585612063222313
13.193999999999999,900.5005854087887,0.06448762461100697,0.0,0.2,0.2,20.249999999999996,0.8,0.8,900.0,0.009,0.0,15,0.5,0.014911839,0.05585617647253988
13.203,900.500585905457,0.06478658600243857,0.0,0.2,0.2,20.249999999999996,0.8,0.8,900.0,0.009,0.0,15,0.5,0.017593663,0.055856229676025194
13.212,900.5005863784313,0.0650946704254291,0.0,0.2,0.2,20.249999999999996,0.8,0.8,900.0,0.009,0.0,15,0.5,0.014814418,0.05585627908925996
13.220999999999998,900.5005868171053,0.06541227195647442,0.0,0.2,0.2,20.249999999999996,0.8,0.8,900.0,0.009,0.0,15,0.5,0.015467911,0.055856323862974476
13.229999999999999,900.5005872138746,0.06573980236607511,0.0,0.2,0.2,20.249999999999996,0.8,0.8,900.0,0.009,0.0,15,0.5,0.017435582,0.05585636354672479
13.238999999999999,900.50058756493,0.06607768638190434,0.0,0.2,0.2,20.249999999999996,0.8,0.8,900.0,0.009,0.0,15,0.5,0.015582133,0.055856398157508466
13.248,900.5005878702108,0.0664263538790818,0.0,0.2,0.2,20.249999999999996,0.8,0.8,900.0,0.009,0.0,15,0.5,0.014964089,0.055856428094701996
13.257,900.5005881341252,0.06678624836786572,0.0,0.2,0.2,20.249999999999996,0.8,0.8,900.0,0.009,0.0,15,0.5,0.017944165,0.055856454259257025
13.265999999999998,900.5005883641579,0.06715777586251163,0.0,0.2,0.2,20.249999999999996,0.8,0.8,900.0,0.009,0.0,15,0.5,0.01511896,0.055856477778479276
13.274999999999999,900.5005885701465,0.067541353030957,0.0,0.2,0.2,20.249999999999996,0.8,0.8,900.0,0.009,0.0,15,0.5,0.01509911,0.055856499949991846
13.283999999999999,900.5005887638816,0.06793741882365047,0.0,0.2,0.2,20.249999999999996,0.8,0.8,900.0,0.009,0.0,15,0.5,0.017398512,0.055856522228568045
13.293,900.5005889583845,0.06834641665295943,0.0,0.2,0.2,20.249999999999996,0.8,0.8,900.0,0.009,0.0,15,0.5,0.014957059,0.055856546056171553
13.302,900.5005891667327,0.06876880430660437,0.0,0.2,0.2,20.249999999999996,0.8,0.8,900.0,0.009,0.0,15,0.5,0.015319351,0.055856572858703574
13.310999999999998,900.5005894027148,0.06920501844529943,0.0,0.2,0.2,20.249999999999996,0.8,0.8,900.0,0.009,0.0,15,0.5,0.017447223,0.05585660410395879
13.319999999999999,900.5005896798426,0.06965540703012384,0.0,0.2,0.2,20.249999999999996,0.8,0.8,900.0,0.009,0.0,15,0.5,0.014948068,0.055856641044582246
13.328999999999999,900.5005900086111,0.07012020283194824,0.0,0.2,0.2,20.249999999999996,0.8,0.8,900.0,0.009,0.0,15,0.5,0.014949328,0.05585668448215466
13.338,900.5005903954996,0.07059959149484689,0.0,0.2,0.2,20.249999999999996,0.8,0.8,900.0,0.009,0.0,15,0.5,0.017740753,0.05585673480126736
13.347,900.5005908441228,0.07109375456935899,0.0,0.2,0.2,20.249999999999996,0.8,0.8,900.0,0.009,0.0,15,0.5,0.015356311,0.05585679208129629
13.356,900.5005913549006,0.07160287149933639,0.0,0.2,0.2,20.249999999999996,0.8,0.8,900.0,0.009,0.0,15,0.5,0.015094659,0.055856856006872735
13.364999999999998,900.5005919248472,0.07212713934090648,0.0,0.2,0.2,20.249999999999996,0.8,0.8,900.0,0.009,0.0,15,0.5,0.017390182,0.05585692582158469
13.373999999999999,900.5005925468844,0.07266679030958273,0.0,0.2,0.2,20.249999999999996,0.8,0.8,900.0,0.009,0.0,15,0.5,0.01517063,0.055857000258367304
13.383,900.5005932099707,0.07322210333021478,0.0,0.2,0.2,20.249999999999996,0.8,0.8,900.0,0.009,0.0,15,0.5,0.015027389,0.05585707771748452
13.392,900.5005939012052,0.07379335951558252,0.0,0.2,0.2,20.249999999999996,0.8,0.8,900.0,0.009,0.0,15,0.5,0.017659583,0.055857156701542066
13.401,900.5005946059962,0.07438075152396777,0.0,0.2,0.2,20.249999999999996,0.8,0.8,900.0,0.009,0.0,15,0.5,0.015709123,0.05585723554001177
13.409999999999998,900.5005953089703,0.07498448082126151,0.0,0.2,0.2,20.249999999999996,0.8,0.8,900.0,0.009,0.0,15,0.5,0.01701287,0.05585731260985516
13.418999999999999,900.5005959956319,0.07560477631231681,0.0,0.2,0.2,20.249999999999996,0.8,0.8,900.0,0.009,0.0,15,0.5,0.019790895,0.05585738656950503
13.427999999999999,900.500596654132,0.07624189086677005,0.0,0.2,0.2,20.249999999999996,0.8,0.8,900.0,0.009,0.0,15,0.5,0.017588322,0.05585745652456785
13.437,900.5005972762866,0.07689609150911982,0.0,0.2,0.2,20.249999999999996,0.8,0.8,900.0,0.009,0.0,15,0.5,0.016819959,0.05585752208570239
13.446,900.5005978585842,0.0775676789576471,0.0,0.2,0.2,20.249999999999996,0.8,0.8,900.0,0.009,0.0,15,0.5,0.020504418,0.055857583518425104
13.454999999999998,900.5005984044444,0.07825698240438476,0.0,0.2,0.2,20.249999999999996,0.8,0.8,900.0,0.009,0.0,15,0.5,0.015957364,0.0558576419943218
13.463999999999999,900.5005989236267,0.07896429441598657,0.0,0.2,0.2,20.249999999999996,0.8,0.8,900.0,0.009,0.0,15,0.5,0.015402272,0.055857699136872094
13.472999999999999,900.5005994304242,0.07968993656710023,0.0,0.2,0.2,20.249999999999996,0.8,0.8,900.0,0.009,0.0,15,0.5,0.017666163,0.055857756923504746
13.482,900.500599942431,0.08043427398565231,0.0,0.2,0.2,20.249999999999996,0.8,0.8,900.0,0.009,0.0,15,0.5,0.015069969,0.05585781760165339
13.491,900.5006004801329,0.08119772916664271,0.0,0.2,0.2,20.249999999999996,0.8,0.8,900.0,0.009,0.0,15,0.5,0.01519421,0.055857883719447485
13.499999999999998,900.5006010674564,0.08198073871869166,0.0,0.2,0.2,20.249999999999996,0.8,0.8,900.0,0.009,0.0,15,0.5,0.017601093,0.05585795812094558
13.508999999999999,900.5006017290154,0.08278369999608272,0.0,0.2,0.2,20.249999999999996,0.8,0.8,900.0,0.009,0.0,15,0.5,0.014903848,0.05585804332340064
13.517999999999999,900.5006024883818,0.0836070192441246,0.0,0.2,0.2,20.249999999999996,0.8,0.8,900.0,0.009,0.0,15,0.5,0.015077989,0.055858141994676425
13.527,900.5006033713048,0.08445098748117393,0.0,0.2,0.2,20.249999999999996,0.8,0.8,900.0,0.009,0.0,15,0.5,0.017321432,0.05585825699474437
13.536,900.500604400957,0.08531573771949934,0.0,0.2,0.2,20.249999999999996,0.8,0.8,900.0,0.009,0.0,15,0.5,0.014719408,0.055858390278773616
13.544999999999998,900.5006055946313,0.08620140282279173,0.0,0.2,0.2,20.249999999999996,0.8,0.8,900.0,0.009,0.0,15,0.5,0.014875098,0.05585854293527428
13.553999999999998,900.5006069623118,0.0871081050004408,0.0,0.2,0.2,20.249999999999996,0.8,0.8,900.0,0.009,0.0,15,0.5,0.017450522,0.055858715129329356
13.562999999999999,900.5006085053508,0.08803594776645814,0.0,0.2,0.2,20.249999999999996,0.8,0.8,900.0,0.009,0.0,15,0.5,0.01524175,0.05585890606954557
13.572,900.5006102171751,0.08898499827960217,0.0,0.2,0.2,20.249999999999996,0.8,0.8,900.0,0.009,0.0,15,0.5,0.01512128,0.05585911413682145
13.581,900.5006120850746,0.08995526574231688,0.0,0.2,0.2,20.249999999999996,0.8,0.8,900.0,0.009,0.0,15,0.5,0.017209901,0.055859338013531434
13.59,900.5006140984799,0.09094640906326813,0.0,0.2,0.2,20.249999999999996,0.8,0.8,900.0,0.009,0.0,15,0.5,0.015363091,0.05585957681514422
13.598999999999998,900.5006162461832,0.09195780865336599,0.0,0.2,0.2,20.249999999999996,0.8,0.8,900.0,0.009,0.0,15,0.5,0.015240701,0.055859828962502155
13.607999999999999,900.5006185142558,0.09298879698727175,0.0,0.2,0.2,20.249999999999996,0.8,0.8,900.0,0.009,0.0,15,0.5,0.017541022,0.05586009268202673
13.616999999999999,900.5006208870111,0.09403861930403684,0.0,0.2,0.2,20.249999999999996,0.8,0.8,900.0,0.009,0.0,15,0.5,0.015212181,0.055860366204448356
13.626,900.5006233494045,0.09510641709227383,0.0,0.2,0.2,20.249999999999996,0.8,0.8,900.0,0.009,0.0,15,0.5,0.014713348,0.05586064811766172
13.635,900.5006258893477,0.096191157621439,0.0,0.2,0.2,20.249999999999996,0.8,0.8,900.0,0.009,0.0,15,0.5,0.01720103,0.055860937434830275
13.643999999999998,900.5006284990482,0.0972915649011703,0.0,0.2,0.2,20.249999999999996,0.8,0.8,900.0,0.009,0.0,15,0.5,0.01527401,0.055861234007576775
13.652999999999999,900.500631175434,0.09840607244084379,0.0,0.2,0.2,20.249999999999996,0.8,0.8,900.0,0.009,0.0,15,0.5,0.014855869,0.055861538164379755
13.661999999999999,900.500633921462,0.09953298072154197,0.0,0.2,0.2,20.249999999999996,0.8,0.8,900.0,0.009,0.0,15,0.5,0.017510272,0.05586185073391236
13.671,900.5006367442903,0.10067046461587763,0.0,0.2,0.2,20.249999999999996,0.8,0.8,900.0,0.009,0.0,15,0.5,0.015007049,0.05586217283612417
13.68,900.5006396536513,0.10181660703356571,0.0,0.2,0.2,20.249999999999996,0.8,0.8,900.0,0.009,0.0,15,0.5,0.014639447,0.055862505694802236
13.688999999999998,900.5006426603811,0.10296942543270533,0.0,0.2,0.2,20.249999999999996,0.8,0.8,900.0,0.009,0.0,15,0.5,0.017644143,0.05586285049659935
13.697999999999999,900.5006457750324,0.10412688335568132,0.0,0.2,0.2,20.249999999999996,0.8,0.8,900.0,0.009,0.0,15,0.5,0.015045189,0.0558632082326996
13.706999999999999,900.5006490066962,0.10528689693417204,0.0,0.2,0.2,20.249999999999996,0.8,0.8,900.0,0.009,0.0,15,0.5,0.015171571,0.05586357959714897
13.716,900.5006523651414,0.10644731653012698,0.0,0.2,0.2,20.249999999999996,0.8,0.8,900.0,0.009,0.0,15,0.5,0.017451802,0.055863966455307563
13.725,900.5006558688717,0.10760545502173709,0.0,0.2,0.2,20.249999999999996,0.8,0.8,900.0,0.009,0.0,15,0.5,0.01516081,0.05586437112050987
13.733999999999998,900.5006595332745,0.10875818235439824,0.0,0.2,0.2,20.249999999999996,0.8,0.8,900.0,0.009,0.0,15,0.5,0.014984019,0.05586479430716386
13.742999999999999,900.5006633647146,0.10990229334545192,0.0,0.2,0.2,20.249999999999996,0.8,0.8,900.0,0.009,0.0,15,0.5,0.01720444,0.055865235933521475
13.751999999999999,900.5006673624965,0.11103452582376884,0.0,0.2,0.2,20.249999999999996,0.8,0.8,900.0,0.009,0.0,15,0.5,0.01503681,0.05586569524973342
13.761,900.5006715198252,0.11215157424571963,0.0,0.2,0.2,20.249999999999996,0.8,0.8,900.0,0.009,0.0,15,0.5,0.01512884,0.0558661708042038
13.77,900.5006758236531,0.1132501078356936,0.0,0.2,0.2,20.249999999999996,0.8,0.8,900.0,0.009,0.0,15,0.5,0.017383782,0.05586666046408807
13.778999999999998,900.5006802550694,0.11432677414906543,0.0,0.2,0.2,20.249999999999996,0.8,0.8,900.0,0.009,0.0,15,0.5,0.014848958,0.0558671615141919
13.787999999999998,900.5006847891196,0.11537820419757605,0.0,0.2,0.2,20.249999999999996,0.8,0.8,900.0,0.009,0.0,15,0.5,0.01497503,0.05586767062787445
13.796999999999999,900.5006893953478,0.11640107577297909,0.0,0.2,0.2,20.249999999999996,0.8,0.8,900.0,0.009,0.0,15,0.5,0.01719272,0.05586818402249029
13.806,900.5006940406809,0.1173921762652007,0.0,0.2,0.2,20.249999999999996,0.8,0.8,900.0,0.009,0.0,15,0.5,0.01518677,0.05586869797432479
13.815,900.500698698393,0.11834826484808132,0.0,0.2,0.2,20.249999999999996,0.8,0.8,900.0,0.009,0.0,15,0.5,0.01506482,0.055869209755844924
13.823999999999998,900.5007033385107,0.11926559644892618,0.0,0.2,0.2,20.249999999999996,0.8,0.8,900.0,0.009,0.0,15,0.5,0.017579693,0.055869716415721596
13.832999999999998,900.500707930916,0.12014047960451839,0.0,0.2,0.2,20.249999999999996,0.8,0.8,900.0,0.009,0.0,15,0.5,0.014777538,0.055870214709053054
13.841999999999999,900.5007124477552,0.12096953458255427,0.0,0.2,0.2,20.249999999999996,0.8,0.8,900.0,0.009,0.0,15,0.5,0.01511653,0.05587070194520281
13.850999999999999,900.5007168650893,0.12174961272727369,0.0,0.2,0.2,20.249999999999996,0.8,0.8,900.0,0.009,0.0,15,0.5,0.017263361,0.05587117596482759
13.86,900.5007211634751,0.12247780506303174,0.0,0.2,0.2,20.249999999999996,0.8,0.8,900.0,0.009,0.0,15,0.5,0.01506977,0.0558716350529614
13.869,900.5007253273637,0.12315146478256046,0.0,0.2,0.2,20.249999999999996,0.8,0.8,900.0,0.009,0.0,15,0.5,0.015061269,0.055872077847774905
13.877999999999998,900.5007293457038,0.12376821130679956,0.0,0.2,0.2,20.249999999999996,0.8,0.8,900.0,0.009,0.0,15,0.5,0.017274521,0.05587250348435581
13.886999999999999,900.5007332090861,0.12432582261245582,0.0,0.2,0.2,20.249999999999996,0.8,0.8,900.0,0.009,0.0,15,0.5,0.014765808,0.05587291053937081
13.895999999999999,900.5007369038207,0.12482243012603314,0.0,0.2,0.2,20.249999999999996,0.8,0.8,900.0,0.009,0.0,15,0.5,0.015449402,0.05587329692339106
13.905,900.5007404115131,0.1252565801175797,0.0,0.2,0.2,20.249999999999996,0.8,0.8,900.0,0.009,0.0,15,0.5,0.017576863,0.05587366024290835
13.914,900.5007437117072,0.12562717478943958,0.0,0.2,0.2,20.249999999999996,0.8,0.8,900.0,0.009,0.0,15,0.5,0.014722947,0.055873997881447604
13.922999999999998,900.5007467790257,0.1259334216013984,0.0,0.2,0.2,20.249999999999996,0.8,0.8,900.0,0.009,0.0,15,0.5,0.015032629,0.05587430658067659
13.931999999999999,900.5007495836945,0.12617500145188149,0.0,0.2,0.2,20.249999999999996,0.8,0.8,900.0,0.009,0.0,15,0.5,0.017746554,0.055874582760947575
13.940999999999999,900.5007520943626,0.12635209750192328,0.0,0.2,0.2,20.249999999999996,0.8,0.8,900.0,0.009,0.0,15,0.5,0.01504198,0.05587482295501794
13.95,900.5007542802539,0.126465309462253,0.0,0.2,0.2,20.249999999999996,0.8,0.8,900.0,0.009,0.0,15,0.5,0.0153164,0.05587502406766455
13.959,900.5007561128803,0.12651564134603066,0.0,0.2,0.2,20.249999999999996,0.8,0.8,900.0,0.009,0.0,15,0.5,0.017381442,0.055875183604281516
13.967999999999998,900.5007575700229,0.12650455896749555,0.0,0.2,0.2,20.249999999999996,0.8,0.8,900.0,0.009,0.0,15,0.5,0.014773908,0.055875299961669976
13.976999999999999,900.5007586368247,0.12643399149625642,0.0,0.2,0.2,20.249999999999996,0.8,0.8,900.0,0.009,0.0,15,0.5,0.014890288,0.055875372389633464
13.985999999999999,900.5007593066309,0.126306341991675,0.0,0.2,0.2,20.249999999999996,0.8,0.8,900.0,0.009,0.0,15,0.5,0.017307241,0.05587540110777312
13.995,900.5007595813414,0.12612446280331965,0.0,0.2,0.2,20.249999999999996,0.8,0.8,900.0,0.009,0.0,15,0.5,0.014817878,0.05587538738783067
14.004,900.5007594708999,0.12589168442652401,0.0,0.2,0.2,20.249999999999996,0.8,0.8,900.0,0.009,0.0,15,0.5,0.014882528,0.055875333712603614
14.012999999999998,900.500759001276,0.12561182348269218,0.0,0.2,0.2,20.249999999999996,0.8,0.8,900.0,0.009,0.0,15,0.5,0.017249051,0.055875244214446916
14.021999999999998,900.5007582086212,0.12528895001631205,0.0,0.2,0.2,20.249999999999996,0.8,0.8,900.0,0.009,0.0,15,0.5,0.014887568,0.0558751236561996
14.030999999999999,900.5007571392858,0.12492735650297104,0.0,0.2,0.2,20.249999999999996,0.8,0.8,900.0,0.009,0.0,15,0.5,0.015000309,0.055874978018883456
14.04,900.5007558444661,0.12453124581319001,0.0,0.2,0.2,20.249999999999996,0.8,0.8,900.0,0.009,0.0,15,0.5,0.017609033,0.05587481309997532
14.049,900.5007543751291,0.12410497092380687,0.0,0.2,0.2,20.249999999999996,0.8,0.8,900.0,0.009,0.0,15,0.5,0.015451131,0.055874634258660086
14.057999999999998,900.5007527801934,0.12365301551867063,0.0,0.2,0.2,20.249999999999996,0.8,0.8,900.0,0.009,0.0,15,0.5,0.014887738,0.055874446122067184
14.066999999999998,900.5007510996514,0.12317994191498514,0.0,0.2,0.2,20.249999999999996,0.8,0.8,900.0,0.009,0.0,15,0.5,0.017421742,0.05587425178091904
14.075999999999999,900.5007493612801,0.12269043088868015,0.0,0.2,0.2,20.249999999999996,0.8,0.8,900.0,0.009,0.0,15,0.5,0.015485462,0.05587405279327798
14.084999999999999,900.500747579288,0.12218922917129552,0.0,0.2,0.2,20.249999999999996,0.8,0.8,900.0,0.009,0.0,15,0.5,0.014722698,0.05587384931093068
14.094,900.5007457560033,0.12168107359372674,0.0,0.2,0.2,20.249999999999996,0.8,0.8,900.0,0.009,0.0,15,0.5,0.017422312,0.05587364059631956
14.103,900.5007438858464,0.12117055983930108,0.0,0.2,0.2,20.249999999999996,0.8,0.8,900.0,0.009,0.0,15,0.5,0.015645492,0.05587342544327137
14.111999999999998,900.5007419578532,0.12066206060621314,0.0,0.2,0.2,20.249999999999996,0.8,0.8,900.0,0.009,0.0,15,0.5,0.015366802,0.05587320223777093
14.120999999999999,900.5007399584417,0.12015969026318597,0.0,0.2,0.2,20.249999999999996,0.8,0.8,900.0,0.009,0.0,15,0.5,0.017221721,0.05587296958258829
14.129999999999999,900.5007378733486,0.11966724079688018,0.0,0.2,0.2,20.249999999999996,0.8,0.8,900.0,0.009,0.0,15,0.5,0.01509267,0.055872725957462684
14.139,900.5007356904833,0.11918827536245301,0.0,0.2,0.2,20.249999999999996,0.8,0.8,900.0,0.009,0.0,15,0.5,0.014783038,0.05587247055425002
14.148,900.5007334014158,0.11872600518605245,0.0,0.2,0.2,20.249999999999996,0.8,0.8,900.0,0.009,0.0,15,0.5,0.017393642,0.055872203045067986
14.156999999999998,900.5007310032264,0.11828336770963728,0.0,0.2,0.2,20.249999999999996,0.8,0.8,900.0,0.009,0.0,15,0.5,0.015027019,0.05587192413785003
14.165999999999999,900.5007285026505,0.11786301160750166,0.0,0.2,0.2,20.249999999999996,0.8,0.8,900.0,0.009,0.0,15,0.5,0.0151852,0.05587163590264429
14.174999999999999,900.5007259189441,0.11746725152042652,0.0,0.2,0.2,20.249999999999996,0.8,0.8,900.0,0.009,0.0,15,0.5,0.01709159,0.055871341795299734
14.184,900.5007232832472,0.11709802458318484,0.0,0.2,0.2,20.249999999999996,0.8,0.8,900.0,0.009,0.0,15,0.5,0.014967729,0.05587104639124926
14.193,900.5007206365144,0.11675686888777939,0.0,0.2,0.2,20.249999999999996,0.8,0.8,900.0,0.009,0.0,15,0.5,0.014723357,0.05587075498609499
14.201999999999998,900.5007180256173,0.11644495297062618,0.0,0.2,0.2,20.249999999999996,0.8,0.8,900.0,0.009,0.0,15,0.5,0.017549622,0.055870473259232514
14.210999999999999,900.500715501454,0.11616311870764959,0.0,0.2,0.2,20.249999999999996,0.8,0.8,900.0,0.009,0.0,15,0.5,0.014907419,0.05587020703962668
14.219999999999999,900.5007131163285,0.11591189497683804,0.0,0.2,0.2,20.249999999999996,0.8,0.8,900.0,0.009,0.0,15,0.5,0.015438342,0.05586996202356413
14.229,900.50071092462,0.11569148498309974,0.0,0.2,0.2,20.249999999999996,0.8,0.8,900.0,0.009,0.0,15,0.5,0.017352291,0.05586974442727154
14.238,900.5007089807127,0.11550148091959078,0.0,0.2,0.2,20.249999999999996,0.8,0.8,900.0,0.009,0.0,15,0.5,0.01526254,0.055869559933918136
14.246999999999998,900.5007073335728,0.11534110029165821,0.0,0.2,0.2,20.249999999999996,0.8,0.8,900.0,0.009,0.0,15,0.5,0.014979969,0.05586941296493727
14.255999999999998,900.5007060226787,0.1152093296965765,0.0,0.2,0.2,20.249999999999996,0.8,0.8,900.0,0.009,0.0,15,0.5,0.017662393,0.0558693064467962
14.264999999999999,900.5007050754238,0.11510495672178908,0.0,0.2,0.2,20.249999999999996,0.8,0.8,900.0,0.009,0.0,15,0.5,0.01507608,0.05586924197155175
14.274,900.5007045062686,0.1150264800951523,0.0,0.2,0.2,20.249999999999996,0.8,0.8,900.0,0.009,0.0,15,0.5,0.015340501,0.055869219362264196
14.283,900.5007043122403,0.11497215311680807,0.0,0.2,0.2,20.249999999999996,0.8,0.8,900.0,0.009,0.0,15,0.5,0.017466372,0.05586923593397429
14.291999999999998,900.5007044679826,0.11494013400062236,0.0,0.2,0.2,20.249999999999996,0.8,0.8,900.0,0.009,0.0,15,0.5,0.015197641,0.055869286471057086
14.300999999999998,900.5007049275861,0.11492857027045716,0.0,0.2,0.2,20.249999999999996,0.8,0.8,900.0,0.009,0.0,15,0.5,0.01522742,0.055869363979834906
14.309999999999999,900.5007056278994,0.1149355487425272,0.0,0.2,0.2,20.249999999999996,0.8,0.8,900.0,0.009,0.0,15,0.5,0.018013605,0.05586946003091186
14.318999999999999,900.5007064927977,0.114959178025518,0.0,0.2,0.2,20.249999999999996,0.8,0.8,900.0,0.009,0.0,15,0.5,0.015362482,0.055869565432509594
14.328,900.5007074396545,0.11499764267123029,0.0,0.2,0.2,20.249999999999996,0.8,0.8,900.0,0.009,0.0,15,0.5,0.01509607,0.055869670852376714
14.337,900.5007083843753,0.11504926615815614,0.0,0.2,0.2,20.249999999999996,0.8,0.8,900.0,0.009,0.0,15,0.5,0.017823194,0.05586976741335541
14.345999999999998,900.5007092473469,0.11511257223627558,0.0,0.2,0.2,20.249999999999996,0.8,0.8,900.0,0.009,0.0,15,0.5,0.014825098,0.05586984739368614
14.354999999999999,900.5007099593652,0.11518631675623159,0.0,0.2,0.2,20.249999999999996,0.8,0.8,900.0,0.009,0.0,15,0.5,0.01522773,0.055869904790231704
14.363999999999999,900.500710466598,0.11526951537084114,0.0,0.2,0.2,20.249999999999996,0.8,0.8,900.0,0.009,0.0,15,0.5,0.017562403,0.05586993573713388
14.373,900.5007107356008,0.11536146834037873,0.0,0.2,0.2,20.249999999999996,0.8,0.8,900.0,0.009,0.0,15,0.5,0.015332691,0.055869939119832596
14.382,900.5007107592482,0.11546163233881805,0.0,0.2,0.2,20.249999999999996,0.8,0.8,900.0,0.009,0.0,15,0.5,0.01512976,0.05586991684439697
14.390999999999998,900.500710551155,0.11556951926821496,0.0,0.2,0.2,20.249999999999996,0.8,0.8,900.0,0.009,0.0,15,0.5,0.017526793,0.05586987236254347
14.399999999999999,900.5007101417875,0.11568495768252592,0.0,0.2,0.2,20.249999999999996,0.8,0.8,900.0,0.009,0.0,15,0.5,0.01529114,0.055869810808564326
14.408999999999999,900.5007095776531,0.1158081258529074,0.0,0.2,0.2,20.249999999999996,0.8,0.8,900.0,0.009,0.0,15,0.5,0.015094169,0.055869738998483263
14.418,900.5007089234447,0.11593949094791672,0.0,0.2,0.2,20.249999999999996,0.8,0.8,900.0,0.009,0.0,15,0.5,0.017565042,0.05586966615534645
14.427,900.5007082618904,0.11607944093486641,0.0,0.2,0.2,20.249999999999996,0.8,0.8,900.0,0.009,0.0,15,0.5,0.015678123,0.055869602514897525
14.435999999999998,900.5007076825199,0.11622844696367604,0.0,0.2,0.2,20.249999999999996,0.8,0.8,900.0,0.009,0.0,15,0.5,0.015492232,0.05586955770962664
14.444999999999999,900.5007072737001,0.11638713300308628,0.0,0.2,0.2,20.249999999999996,0.8,0.8,900.0,0.009,0.0,15,0.5,0.017574483,0.0558695402424852
14.453999999999999,900.5007071085154,0.11655617392866191,0.0,0.2,0.2,20.249999999999996,0.8,0.8,900.0,0.009,0.0,15,0.5,0.015455552,0.055869555757131754
14.463,900.5007072379532,0.11673651719234729,0.0,0.2,0.2,20.249999999999996,0.8,0.8,900.0,0.009,0.0,15,0.5,0.01508615,0.055869607171729174
14.472,900.5007076882302,0.11692931658085241,0.0,0.2,0.2,20.249999999999996,0.8,0.8,900.0,0.009,0.0,15,0.5,0.017913214,0.05586969444425796
14.480999999999998,900.5007084586283,0.117135933509087,0.0,0.2,0.2,20.249999999999996,0.8,0.8,900.0,0.009,0.0,15,0.5,0.01505967,0.055869814539862686
14.489999999999998,900.5007095220185,0.11735793103276296,0.0,0.2,0.2,20.249999999999996,0.8,0.8,900.0,0.009,0.0,15,0.5,0.015450102,0.05586996171670352
14.498999999999999,900.5007108269175,0.11759705209468176,0.0,0.2,0.2,20.249999999999996,0.8,0.8,900.0,0.009,0.0,15,0.5,0.017817734,0.05587012801292924
14.508,900.5007123033657,0.11785518583725763,0.0,0.2,0.2,20.249999999999996,0.8,0.8,900.0,0.009,0.0,15,0.5,0.015354481,0.055870304142365795
14.517,900.5007138688842,0.11813426737017038,0.0,0.2,0.2,20.249999999999996,0.8,0.8,900.0,0.009,0.0,15,0.5,0.015265271,0.05587048084609081
14.525999999999998,900.5007154438117,0.11843605569584077,0.0,0.2,0.2,20.249999999999996,0.8,0.8,900.0,0.009,0.0,15,0.5,0.018081896,0.05587065031506448
14.534999999999998,900.5007169533532,0.11876201178146457,0.0,0.2,0.2,20.249999999999996,0.8,0.8,900.0,0.009,0.0,15,0.5,0.01522272,0.05587080455640589
14.543999999999999,900.5007183258173,0.11911362925329946,0.0,0.2,0.2,20.249999999999996,0.8,0.8,900.0,0.009,0.0,15,0.5,0.015053549,0.055870936594126806
14.552999999999999,900.5007195008941,0.11949238688407758,0.0,0.2,0.2,20.249999999999996,0.8,0.8,900.0,0.009,0.0,15,0.5,0.017758404,0.05587104155358051
14.562,900.5007204334545,0.1198995867778777,0.0,0.2,0.2,20.249999999999996,0.8,0.8,900.0,0.009,0.0,15,0.5,0.015393941,0.05587111670896721
14.571,900.5007210989984,0.1203364764545744,0.0,0.2,0.2,20.249999999999996,0.8,0.8,900.0,0.009,0.0,15,0.5,0.01507563,0.055871161966082446
14.579999999999998,900.5007214967992,0.12080424733644632,0.0,0.2,0.2,20.249999999999996,0.8,0.8,900.0,0.009,0.0,15,0.5,0.018142596,0.05587117980262698
14.588999999999999,900.5007216498955,0.1213040165769838,0.0,0.2,0.2,20.249999999999996,0.8,0.8,900.0,0.009,0.0,15,0.5,0.015295321,0.05587117525291464
14.597999999999999,900.5007216030515,0.1218367324140033,0.0,0.2,0.2,20.249999999999996,0.8,0.8,900.0,0.009,0.0,15,0.5,0.015085139,0.055871155238788224
14.607,900.5007214182765,0.1224032273838443,0.0,0.2,0.2,20.249999999999996,0.8,0.8,900.0,0.009,0.0,15,0.5,0.017922864,0.05587112795562197
14.616,900.5007211691099,0.12300420544163168,0.0,0.2,0.2,20.249999999999996,0.8,0.8,900.0,0.009,0.0,15,0.5,0.01525221,0.055871102109126776
14.624999999999998,900.5007209337039,0.12364021957432762,0.0,0.2,0.2,20.249999999999996,0.8,0.8,900.0,0.009,0.0,15,0.5,0.015355201,0.05587108613484946
14.633999999999999,900.5007207878674,0.12431166218323504,0.0,0.2,0.2,20.249999999999996,0.8,0.8,900.0,0.009,0.0,15,0.5,0.017756433,0.05587108739953438
14.642999999999999,900.5007207966311,0.12501874337452273,0.0,0.2,0.2,20.249999999999996,0.8,0.8,900.0,0.009,0.0,15,0.5,0.01515283,0.05587111140244544
14.652,900.5007210092842,0.12576155284042143,0.0,0.2,0.2,20.249999999999996,0.8,0.8,900.0,0.009,0.0,15,0.5,0.015413141,0.055871161613187906
14.661,900.5007214585829,0.1265400205901247,0.0,0.2,0.2,20.249999999999996,0.8,0.8,900.0,0.009,0.0,15,0.5,0.017867054,0.0558712395966387
14.669999999999998,900.500722156941,0.1273538103360912,0.0,0.2,0.2,20.249999999999996,0.8,0.8,900.0,0.009,0.0,15,0.5,0.01533782,0.05587134410918431
14.678999999999998,900.5007230960398,0.12820241301069885,0.0,0.2,0.2,20.249999999999996,0.8,0.8,900.0,0.009,0.0,15,0.5,0.01524516,0.05587147189492183
14.687999999999999,900.5007242438635,0.12908495071308973,0.0,0.2,0.2,20.249999999999996,0.8,0.8,900.0,0.009,0.0,15,0.5,0.017767564,0.05587161720493036
14.697,900.5007255487076,0.13000041503779333,0.0,0.2,0.2,20.249999999999996,0.8,0.8,900.0,0.009,0.0,15,0.5,0.015719903,0.05587177283455886
14.706,900.5007269463555,0.13094768148452599,0.0,0.2,0.2,20.249999999999996,0.8,0.8,900.0,0.009,0.0,15,0.5,0.015718383,0.055871930769418335
14.714999999999998,900.5007283647874,0.1319255262819224,0.0,0.2,0.2,20.249999999999996,0.8,0.8,900.0,0.009,0.0,15,0.5,0.017986074,0.05587208286719565
14.723999999999998,900.5007297305868,0.1329326608614105,0.0,0.2,0.2,20.249999999999996,0.8,0.8,900.0,0.009,0.0,15,0.5,0.015204889,0.05587222151117144
14.732999999999999,900.5007309770165,0.13396773873551007,0.0,0.2,0.2,20.249999999999996,0.8,0.8,900.0,0.009,0.0,15,0.5,0.015465961,0.05587234067811948
14.741999999999999,900.5007320493031,0.13502927628248082,0.0,0.2,0.2,20.249999999999996,0.8,0.8,900.0,0.009,0.0,15,0.5,0.017978805,0.055872435866843005
14.751,900.5007329060896,0.13611576717280258,0.0,0.2,0.2,20.249999999999996,0.8,0.8,900.0,0.009,0.0,15,0.5,0.015480081,0.05587250444266411
14.759999999999998,900.5007335238323,0.13722576238095405,0.0,0.2,0.2,20.249999999999996,0.8,0.8,900.0,0.009,0.0,15,0.5,0.015606582,0.05587254599648654
14.768999999999998,900.5007338992239,0.1383578898284325,0.0,0.2,0.2,20.249999999999996,0.8,0.8,900.0,0.009,0.0,15,0.5,0.017892005,0.05587256235745389
14.777999999999999,900.500734049669,0.13951084275902098,0.0,0.2,0.2,20.249999999999996,0.8,0.8,900.0,0.009,0.0,15,0.5,0.015421701,0.05587255748541886
14.786999999999999,900.5007340111953,0.1406833140677276,0.0,0.2,0.2,20.249999999999996,0.8,0.8,900.0,0.009,0.0,15,0.5,0.01517573,0.05587253701453512
14.796,900.5007338327669,0.1418739606116877,0.0,0.2,0.2,20.249999999999996,0.8,0.8,900.0,0.009,0.0,15,0.5,0.017795604,0.05587250726292507
14.805,900.5007335708362,0.14308153728453432,0.0,0.2,0.2,20.249999999999996,0.8,0.8,900.0,0.009,0.0,15,0.5,0.015430381,0.055872474966845255
14.813999999999998,900.5007332895262,0.14430489469568533,0.0,0.2,0.2,20.249999999999996,0.8,0.8,900.0,0.009,0.0,15,0.5,0.015353751,0.055872447735486594
14.822999999999999,900.500733054532,0.14554270592148197,0.0,0.2,0.2,20.249999999999996,0.8,0.8,900.0,0.009,0.0,15,0.5,0.017874924,0.055872431897616065
14.831999999999999,900.5007329209872,0.14679372184330813,0.0,0.2,0.2,20.249999999999996,0.8,0.8,900.0,0.009,0.0,15,0.5,0.01522575,0.05587243203422601
14.841,900.5007329307895,0.14805682601621373,0.0,0.2,0.2,20.249999999999996,0.8,0.8,900.0,0.009,0.0,15,0.5,0.015013219,0.05587245110982694
14.85,900.5007331100629,0.14933095600196747,0.0,0.2,0.2,20.249999999999996,0.8,0.8,900.0,0.009,0.0,15,0.5,0.017718174,0.05587248996654323
14.858999999999998,900.5007334658974,0.15061516766846672,0.0,0.2,0.2,20.249999999999996,0.8,0.8,900.0,0.009,0.0,15,0.5,0.015629512,0.055872547454039245
14.867999999999999,900.5007339880034,0.15190866482857937,0.0,0.2,0.2,20.249999999999996,0.8,0.8,900.0,0.009,0.0,15,0.5,0.015462991,0.05587262068892586
14.876999999999999,900.5007346503809,0.153210801801419,0.0,0.2,0.2,20.249999999999996,0.8,0.8,900.0,0.009,0.0,15,0.5,0.017513282,0.05587270535922514
14.886,900.5007354151383,0.15452107668892986,0.0,0.2,0.2,20.249999999999996,0.8,0.8,900.0,0.009,0.0,15,0.5,0.015706503,0.055872796349481425
14.895,900.5007362359322,0.1558390751228263,0.0,0.2,0.2,20.249999999999996,0.8,0.8,900.0,0.009,0.0,15,0.5,0.015275321,0.05587288801398374
14.903999999999998,900.5007370621089,0.1571645044472353,0.0,0.2,0.2,20.249999999999996,0.8,0.8,900.0,0.009,0.0,15,0.5,0.017443032,0.05587297478451568
14.912999999999998,900.5007378439951,0.15849719407022564,0.0,0.2,0.2,20.249999999999996,0.8,0.8,900.0,0.009,0.0,15,0.5,0.01516592,0.05587305166084519
14.921999999999999,900.500738536765,0.159837085081518,0.0,0.2,0.2,20.249999999999996,0.8,0.8,900.0,0.009,0.0,15,0.5,0.015134409,0.055873114612748125
14.931,900.5007391051915,0.16118421589143744,0.0,0.2,0.2,20.249999999999996,0.8,0.8,900.0,0.009,0.0,15,0.5,0.017836824,0.055873161305587206
14.94,900.500739528195,0.16253859830567874,0.0,0.2,0.2,20.249999999999996,0.8,0.8,900.0,0.009,0.0,15,0.5,0.015406041,0.055873190947706874
14.948999999999998,900.5007397984077,0.1639002875030142,0.0,0.2,0.2,20.249999999999996,0.8,0.8,900.0,0.009,0.0,15,0.5,0.015434441,0.055873204223322946
14.957999999999998,900.5007399218053,0.16526939724382714,0.0,0.2,0.2,20.249999999999996,0.8,0.8,900.0,0.009,0.0,15,0.5,0.017838934,0.05587320312071106
14.966999999999999,900.5007399160845,0.1666461137779813,0.0,0.2,0.2,20.249999999999996,0.8,0.8,900.0,0.009,0.0,15,0.5,0.015309981,0.055873190775252116
14.975999999999999,900.5007398097202,0.1680306892526478,0.0,0.2,0.2,20.249999999999996,0.8,0.8,900.0,0.009,0.0,15,0.5,0.015351622,0.05587317134893913
14.985,900.5007396394951,0.16942340927857932,0.0,0.2,0.2,20.249999999999996,0.8,0.8,900.0,0.009,0.0,15,0.5,0.017686953,0.05587314950275085
14.993999999999998,900.5007394471564,0.17082462770428913,0.0,0.2,0.2,20.249999999999996,0.8,0.8,900.0,0.009,0.0,15,0.5,0.01508525,0.05587313011294973
15.002999999999998,900.5007392773309,0.17223475554878653,0.0,0.2,0.2,20.249999999999996,0.8,0.8,900.0,0.009,0.0,15,0.5,0.015402841,0.05587311813191457
