time,density,kinetic_energy,fluid_viscosity,boundary_viscosity,fluid_depth,rest_density_grid_spacing,smoothing_length,rest_density,time_step_size,solver_iterations
5.005,900.7641906147957,209.87609268111353,0.2,0.2,20.249999999999996,0.8,0.8,900.0,0.007,5
5.0120000000000005,900.7744834312283,209.13262448797119,0.2,0.2,20.249999999999996,0.8,0.8,900.0,0.007,5
5.019,900.7832292355695,208.4781967796527,0.2,0.2,20.249999999999996,0.8,0.8,900.0,0.007,5
5.026,900.790403195952,207.85309389005602,0.2,0.2,20.249999999999996,0.8,0.8,900.0,0.007,5
5.033,900.7950663683364,207.34340468122394,0.2,0.2,20.249999999999996,0.8,0.8,900.0,0.007,5
5.04,900.7977600300973,206.91008513802942,0.2,0.2,20.249999999999996,0.8,0.8,900.0,0.007,5
5.047,900.7992085010618,206.53439679797106,0.2,0.2,20.249999999999996,0.8,0.8,900.0,0.007,5
5.054,900.800842140823,205.96875266125517,0.2,0.2,20.249999999999996,0.8,0.8,900.0,0.007,5
5.061,900.8036229738251,205.53935487377873,0.2,0.2,20.249999999999996,0.8,0.8,900.0,0.007,5
5.0680000000000005,900.8064610503205,205.39645383688392,0.2,0.2,20.249999999999996,0.8,0.8,900.0,0.007,5
5.075,900.8104063230561,205.36884862817607,0.2,0.2,20.249999999999996,0.8,0.8,900.0,0.007,5
5.082,900.8162475287845,205.42082767170004,0.2,0.2,20.249999999999996,0.8,0.8,900.0,0.007,5
5.089,900.824025075751,205.55522581644638,0.2,0.2,20.249999999999996,0.8,0.8,900.0,0.007,5
5.096,900.8333703359505,205.6930947046842,0.2,0.2,20.249999999999996,0.8,0.8,900.0,0.007,5
5.103,900.843566403626,205.81429169869466,0.2,0.2,20.249999999999996,0.8,0.8,900.0,0.007,5
5.11,900.8531346146478,206.01910267128457,0.2,0.2,20.249999999999996,0.8,0.8,900.0,0.007,5
5.117,900.8607434489797,206.33317303263766,0.2,0.2,20.249999999999996,0.8,0.8,900.0,0.007,5
5.124,900.8664051345257,206.6741777571401,0.2,0.2,20.249999999999996,0.8,0.8,900.0,0.007,5
5.131,900.8695337985661,207.12482305173293,0.2,0.2,20.249999999999996,0.8,0.8,900.0,0.007,5
5.138,900.8704448436268,207.69139165623952,0.2,0.2,20.249999999999996,0.8,0.8,900.0,0.007,5
5.1450000000000005,900.8696752410558,208.35671023961228,0.2,0.2,20.249999999999996,0.8,0.8,900.0,0.007,5
5.152,900.8680486271469,209.07140132718666,0.2,0.2,20.249999999999996,0.8,0.8,900.0,0.007,5
5.159,900.8663345600625,209.8027176095669,0.2,0.2,20.249999999999996,0.8,0.8,900.0,0.007,5
5.166,900.865248812354,210.52648107161576,0.2,0.2,20.249999999999996,0.8,0.8,900.0,0.007,5
5.173,900.86547588819,211.1854296410672,0.2,0.2,20.249999999999996,0.8,0.8,900.0,0.007,5
5.18,900.8675270500328,211.85160561230973,0.2,0.2,20.249999999999996,0.8,0.8,900.0,0.007,5
5.187,900.8721291706418,212.38227712649464,0.2,0.2,20.249999999999996,0.8,0.8,900.0,0.007,5
5.194,900.8798335519525,212.82165215002493,0.2,0.2,20.249999999999996,0.8,0.8,900.0,0.007,5
5.2010000000000005,900.8883161611321,213.34448412214212,0.2,0.2,20.249999999999996,0.8,0.8,900.0,0.007,5
5.208,900.897702425437,213.7455406289579,0.2,0.2,20.249999999999996,0.8,0.8,900.0,0.007,5
5.215,900.9076857721263,213.9839018969705,0.2,0.2,20.249999999999996,0.8,0.8,900.0,0.007,5
5.222,900.918107834858,214.00655373140432,0.2,0.2,20.249999999999996,0.8,0.8,900.0,0.007,5
5.229,900.9288447224862,213.68019725730494,0.2,0.2,20.249999999999996,0.8,0.8,900.0,0.007,5
5.236,900.9397759423885,213.2481151481934,0.2,0.2,20.249999999999996,0.8,0.8,900.0,0.007,5
5.243,900.9519469173466,212.547245325316,0.2,0.2,20.249999999999996,0.8,0.8,900.0,0.007,5
5.25,900.9630166786995,212.2161567426915,0.2,0.2,20.249999999999996,0.8,0.8,900.0,0.007,5
5.257,900.9733505039786,212.0371531975651,0.2,0.2,20.249999999999996,0.8,0.8,900.0,0.007,5
5.264,900.9835074105412,211.82015657376692,0.2,0.2,20.249999999999996,0.8,0.8,900.0,0.007,5
5.271,900.9955689067828,211.45655759454277,0.2,0.2,20.249999999999996,0.8,0.8,900.0,0.007,5
5.2780000000000005,901.0034824597539,211.9137835892719,0.2,0.2,20.249999999999996,0.8,0.8,900.0,0.007,5
5.285,901.007940119035,212.54576675032123,0.2,0.2,20.249999999999996,0.8,0.8,900.0,0.007,5
5.292,901.0097264457286,213.31795002971998,0.2,0.2,20.249999999999996,0.8,0.8,900.0,0.007,5
5.299,901.0086340219297,214.18173549200696,0.2,0.2,20.249999999999996,0.8,0.8,900.0,0.007,5
5.306,901.0035733130087,215.15760233477369,0.2,0.2,20.249999999999996,0.8,0.8,900.0,0.007,5
5.313,900.9939009930687,216.20910955302347,0.2,0.2,20.249999999999996,0.8,0.8,900.0,0.007,5
5.32,900.9785640417208,217.08822678717743,0.2,0.2,20.249999999999996,0.8,0.8,900.0,0.007,5
5.327,900.9579056241574,217.87822403571252,0.2,0.2,20.249999999999996,0.8,0.8,900.0,0.007,5
5.3340000000000005,900.9328467327687,218.43035504360844,0.2,0.2,20.249999999999996,0.8,0.8,900.0,0.007,5
5.341,900.9040668519643,218.7385513750643,0.2,0.2,20.249999999999996,0.8,0.8,900.0,0.007,5
5.348,900.8726252332854,218.7141973194902,0.2,0.2,20.249999999999996,0.8,0.8,900.0,0.007,5
5.355,900.8397926405913,218.37585738381443,0.2,0.2,20.249999999999996,0.8,0.8,900.0,0.007,5
5.362,900.8067248933285,217.85068966567934,0.2,0.2,20.249999999999996,0.8,0.8,900.0,0.007,5
5.369,900.7752827546085,217.13623097696438,0.2,0.2,20.249999999999996,0.8,0.8,900.0,0.007,5
5.376,900.7474634865849,216.33383374333908,0.2,0.2,20.249999999999996,0.8,0.8,900.0,0.007,5
5.383,900.7244449698375,215.48693419385907,0.2,0.2,20.249999999999996,0.8,0.8,900.0,0.007,5
5.39,900.7075631628355,214.61888669923792,0.2,0.2,20.249999999999996,0.8,0.8,900.0,0.007,5
5.397,900.6978556597898,213.73666017217934,0.2,0.2,20.249999999999996,0.8,0.8,900.0,0.007,5
5.404,900.6956793473893,212.80942986214538,0.2,0.2,20.249999999999996,0.8,0.8,900.0,0.007,5
5.4110000000000005,900.7009299278901,211.87301825864495,0.2,0.2,20.249999999999996,0.8,0.8,900.0,0.007,5
5.418,900.7136171487846,210.9546423330928,0.2,0.2,20.249999999999996,0.8,0.8,900.0,0.007,5
5.425,900.7337369947843,209.9098872900604,0.2,0.2,20.249999999999996,0.8,0.8,900.0,0.007,5
5.432,900.760669473496,208.86732508661356,0.2,0.2,20.249999999999996,0.8,0.8,900.0,0.007,5
5.439,900.7932173241537,207.94649908212938,0.2,0.2,20.249999999999996,0.8,0.8,900.0,0.007,5
5.446,900.8303573791602,207.2582846034675,0.2,0.2,20.249999999999996,0.8,0.8,900.0,0.007,5
5.453,900.8705507353493,206.9110684038423,0.2,0.2,20.249999999999996,0.8,0.8,900.0,0.007,5
5.46,900.9136961328898,206.74226725719998,0.2,0.2,20.249999999999996,0.8,0.8,900.0,0.007,5
5.4670000000000005,900.9568298450864,207.1827405335776,0.2,0.2,20.249999999999996,0.8,0.8,900.0,0.007,5
5.474,900.9982501470224,208.07405798011317,0.2,0.2,20.249999999999996,0.8,0.8,900.0,0.007,5
5.481,901.0370898126297,209.33275554085085,0.2,0.2,20.249999999999996,0.8,0.8,900.0,0.007,5
5.488,901.0719959957378,210.95402430502278,0.2,0.2,20.249999999999996,0.8,0.8,900.0,0.007,5
5.495,901.1012541990318,212.9063042165172,0.2,0.2,20.249999999999996,0.8,0.8,900.0,0.007,5
5.502,901.1231874705344,215.10666143637292,0.2,0.2,20.249999999999996,0.8,0.8,900.0,0.007,5
5.509,901.1360361366892,217.44926506327477,0.2,0.2,20.249999999999996,0.8,0.8,900.0,0.007,5
5.516,901.138354953781,219.76625560344718,0.2,0.2,20.249999999999996,0.8,0.8,900.0,0.007,5
5.523,901.1299708428277,221.69706328584388,0.2,0.2,20.249999999999996,0.8,0.8,900.0,0.007,5
5.53,901.109953527823,223.43101524512085,0.2,0.2,20.249999999999996,0.8,0.8,900.0,0.007,5
5.537,901.0790892416984,224.5382921979736,0.2,0.2,20.249999999999996,0.8,0.8,900.0,0.007,5
5.5440000000000005,901.0377628875126,225.3507866751199,0.2,0.2,20.249999999999996,0.8,0.8,900.0,0.007,5
5.551,900.9892028063692,225.3919217382544,0.2,0.2,20.249999999999996,0.8,0.8,900.0,0.007,5
5.558,900.9352714909935,224.9842318017636,0.2,0.2,20.249999999999996,0.8,0.8,900.0,0.007,5
5.565,900.8787839148083,224.04933972243958,0.2,0.2,20.249999999999996,0.8,0.8,900.0,0.007,5
5.572,900.8235471214243,222.57359733885554,0.2,0.2,20.249999999999996,0.8,0.8,900.0,0.007,5
5.579,900.7724252058716,220.69823263623192,0.2,0.2,20.249999999999996,0.8,0.8,900.0,0.007,5
5.586,900.7277862158954,218.55284069289107,0.2,0.2,20.249999999999996,0.8,0.8,900.0,0.007,5
5.593,900.6915959516516,216.27137800504627,0.2,0.2,20.249999999999996,0.8,0.8,900.0,0.007,5
5.6000000000000005,900.6656763626974,213.9165255475694,0.2,0.2,20.249999999999996,0.8,0.8,900.0,0.007,5
5.607,900.6509663569686,211.61269023728818,0.2,0.2,20.249999999999996,0.8,0.8,900.0,0.007,5
5.614,900.6472444054491,209.5247443838521,0.2,0.2,20.249999999999996,0.8,0.8,900.0,0.007,5
5.621,900.6545292251632,207.68830268716158,0.2,0.2,20.249999999999996,0.8,0.8,900.0,0.007,5
5.628,900.6721783735885,206.13121518743066,0.2,0.2,20.249999999999996,0.8,0.8,900.0,0.007,5
5.635,900.699023106367,204.89440616254828,0.2,0.2,20.249999999999996,0.8,0.8,900.0,0.007,5
5.642,900.7335338774329,203.98848957987687,0.2,0.2,20.249999999999996,0.8,0.8,900.0,0.007,5
5.649,900.7740559522008,203.341680145929,0.2,0.2,20.249999999999996,0.8,0.8,900.0,0.007,5
5.656,900.8176740685337,203.14564373306047,0.2,0.2,20.249999999999996,0.8,0.8,900.0,0.007,5
5.663,900.8627765082879,203.35649512486398,0.2,0.2,20.249999999999996,0.8,0.8,900.0,0.007,5
5.67,900.907186688952,204.0029243975766,0.2,0.2,20.249999999999996,0.8,0.8,900.0,0.007,5
5.6770000000000005,900.9489114375652,205.08796352982995,0.2,0.2,20.249999999999996,0.8,0.8,900.0,0.007,5
5.684,900.9862878637447,206.5880040810405,0.2,0.2,20.249999999999996,0.8,0.8,900.0,0.007,5
5.691,901.0177219511039,208.47579095221633,0.2,0.2,20.249999999999996,0.8,0.8,900.0,0.007,5
5.698,901.0421561596171,210.633841235,0.2,0.2,20.249999999999996,0.8,0.8,900.0,0.007,5
5.705,901.0585325572953,213.0417421498018,0.2,0.2,20.249999999999996,0.8,0.8,900.0,0.007,5
5.712,901.0663333324386,215.29610891147453,0.2,0.2,20.249999999999996,0.8,0.8,900.0,0.007,5
5.719,901.0636374002117,217.78101022274632,0.2,0.2,20.249999999999996,0.8,0.8,900.0,0.007,5
5.726,901.0513258511568,219.75792356268116,0.2,0.2,20.249999999999996,0.8,0.8,900.0,0.007,5
5.7330000000000005,901.0321215736644,220.63710438440052,0.2,0.2,20.249999999999996,0.8,0.8,900.0,0.007,5
5.74,901.0054930798493,221.2308056454254,0.2,0.2,20.249999999999996,0.8,0.8,900.0,0.007,5
5.747,900.9735501351314,221.28024237853754,0.2,0.2,20.249999999999996,0.8,0.8,900.0,0.007,5
5.7540000000000004,900.9404350707886,220.8381864194165,0.2,0.2,20.249999999999996,0.8,0.8,900.0,0.007,5
5.761,900.9090141808687,220.03983025130145,0.2,0.2,20.249999999999996,0.8,0.8,900.0,0.007,5
5.768,900.8799485300889,219.08146809089303,0.2,0.2,20.249999999999996,0.8,0.8,900.0,0.007,5
5.775,900.8551249371661,217.73747374719457,0.2,0.2,20.249999999999996,0.8,0.8,900.0,0.007,5
5.782,900.8377723338725,215.7573458253387,0.2,0.2,20.249999999999996,0.8,0.8,900.0,0.007,5
5.789,900.8235052293663,214.41621475112353,0.2,0.2,20.249999999999996,0.8,0.8,900.0,0.007,5
5.796,900.8127340135758,213.0668256973762,0.2,0.2,20.249999999999996,0.8,0.8,900.0,0.007,5
5.803,900.8067263966951,211.43731295903183,0.2,0.2,20.249999999999996,0.8,0.8,900.0,0.007,5
5.8100000000000005,900.8039162400659,209.95535542402573,0.2,0.2,20.249999999999996,0.8,0.8,900.0,0.007,5
5.817,900.80594808812,208.3175511613144,0.2,0.2,20.249999999999996,0.8,0.8,900.0,0.007,5
5.824,900.810584956476,206.91959728023508,0.2,0.2,20.249999999999996,0.8,0.8,900.0,0.007,5
5.831,900.817904140177,205.72449155037205,0.2,0.2,20.249999999999996,0.8,0.8,900.0,0.007,5
5.838,900.8282002626448,204.76607455691968,0.2,0.2,20.249999999999996,0.8,0.8,900.0,0.007,5
5.845,900.8418476077578,204.0471939153335,0.2,0.2,20.249999999999996,0.8,0.8,900.0,0.007,5
5.852,900.8583953243632,203.52545597717378,0.2,0.2,20.249999999999996,0.8,0.8,900.0,0.007,5
5.859,900.8770476576722,203.20423826474683,0.2,0.2,20.249999999999996,0.8,0.8,900.0,0.007,5
5.8660000000000005,900.8970819546056,203.03588449056056,0.2,0.2,20.249999999999996,0.8,0.8,900.0,0.007,5
5.873,900.9171662003253,202.96895210138834,0.2,0.2,20.249999999999996,0.8,0.8,900.0,0.007,5
5.88,900.9377867445681,202.5690287051211,0.2,0.2,20.249999999999996,0.8,0.8,900.0,0.007,5
5.8870000000000005,900.9549635298125,202.7090180022329,0.2,0.2,20.249999999999996,0.8,0.8,900.0,0.007,5
5.894,900.9686934857198,203.00232876970503,0.2,0.2,20.249999999999996,0.8,0.8,900.0,0.007,5
5.901,900.9789288329766,203.39149453896758,0.2,0.2,20.249999999999996,0.8,0.8,900.0,0.007,5
5.908,900.9844872012811,203.91604805272866,0.2,0.2,20.249999999999996,0.8,0.8,900.0,0.007,5
5.915,900.9854616759023,204.41491113346027,0.2,0.2,20.249999999999996,0.8,0.8,900.0,0.007,5
5.922,900.9809066181958,205.1023097624638,0.2,0.2,20.249999999999996,0.8,0.8,900.0,0.007,5
5.929,900.97123119977,205.8005265201316,0.2,0.2,20.249999999999996,0.8,0.8,900.0,0.007,5
5.936,900.9574581582575,206.37998779056804,0.2,0.2,20.249999999999996,0.8,0.8,900.0,0.007,5
5.9430000000000005,900.9395846092815,207.01569482324152,0.2,0.2,20.249999999999996,0.8,0.8,900.0,0.007,5
5.95,900.9180943920699,207.64387761013586,0.2,0.2,20.249999999999996,0.8,0.8,900.0,0.007,5
5.957,900.8941112886433,208.14839574273338,0.2,0.2,20.249999999999996,0.8,0.8,900.0,0.007,5
5.964,900.868603331221,208.4950433612433,0.2,0.2,20.249999999999996,0.8,0.8,900.0,0.007,5
5.971,900.8420992137202,208.6711870235747,0.2,0.2,20.249999999999996,0.8,0.8,900.0,0.007,5
5.978,900.8157198616541,208.6493446330416,0.2,0.2,20.249999999999996,0.8,0.8,900.0,0.007,5
5.985,900.7901320121243,208.45460284661883,0.2,0.2,20.249999999999996,0.8,0.8,900.0,0.007,5
5.992,900.7669962962051,208.0025602597793,0.2,0.2,20.249999999999996,0.8,0.8,900.0,0.007,5
5.9990000000000006,900.7471445946255,207.30660098780982,0.2,0.2,20.249999999999996,0.8,0.8,900.0,0.007,5
6.006,900.7305282038352,206.581883358526,0.2,0.2,20.249999999999996,0.8,0.8,900.0,0.007,5
6.013,900.7181557089306,205.78349700232695,0.2,0.2,20.249999999999996,0.8,0.8,900.0,0.007,5
6.0200000000000005,900.7107885642619,204.98606994076266,0.2,0.2,20.249999999999996,0.8,0.8,900.0,0.007,5
6.027,900.7087382146574,204.1877115694808,0.2,0.2,20.249999999999996,0.8,0.8,900.0,0.007,5
6.034,900.712205017444,203.50151215380157,0.2,0.2,20.249999999999996,0.8,0.8,900.0,0.007,5
6.041,900.7211109081733,202.96210211748115,0.2,0.2,20.249999999999996,0.8,0.8,900.0,0.007,5
6.048,900.735145423082,202.5249346602791,0.2,0.2,20.249999999999996,0.8,0.8,900.0,0.007,5
6.055,900.7537689656815,202.26507490212248,0.2,0.2,20.249999999999996,0.8,0.8,900.0,0.007,5
6.062,900.7752300073504,202.21809738673187,0.2,0.2,20.249999999999996,0.8,0.8,900.0,0.007,5
6.069,900.7985617624562,202.29426669207075,0.2,0.2,20.249999999999996,0.8,0.8,900.0,0.007,5
6.0760000000000005,900.8227053043414,202.44985141995252,0.2,0.2,20.249999999999996,0.8,0.8,900.0,0.007,5
6.083,900.8467155643503,202.68164012795586,0.2,0.2,20.249999999999996,0.8,0.8,900.0,0.007,5
6.09,900.8696897444861,203.006421889914,0.2,0.2,20.249999999999996,0.8,0.8,900.0,0.007,5
6.097,900.8911426281506,203.26520243397425,0.2,0.2,20.249999999999996,0.8,0.8,900.0,0.007,5
6.104,900.9101102103239,203.63009842707325,0.2,0.2,20.249999999999996,0.8,0.8,900.0,0.007,5
6.111,900.925818223114,204.0827420323172,0.2,0.2,20.249999999999996,0.8,0.8,900.0,0.007,5
6.118,900.9385131520213,204.46839151701286,0.2,0.2,20.249999999999996,0.8,0.8,900.0,0.007,5
6.125,900.9481574842,204.7749749248383,0.2,0.2,20.249999999999996,0.8,0.8,900.0,0.007,5
6.132000000000001,900.9550649212065,204.98380268928628,0.2,0.2,20.249999999999996,0.8,0.8,900.0,0.007,5
6.139,900.960128411818,205.09500266167925,0.2,0.2,20.249999999999996,0.8,0.8,900.0,0.007,5
6.146,900.9633778070059,205.2073186327504,0.2,0.2,20.249999999999996,0.8,0.8,900.0,0.007,5
6.1530000000000005,900.9650151536785,205.4799491549237,0.2,0.2,20.249999999999996,0.8,0.8,900.0,0.007,5
6.16,900.9657658175902,205.8111431092735,0.2,0.2,20.249999999999996,0.8,0.8,900.0,0.007,5
6.167,900.9663406166003,206.18346006301556,0.2,0.2,20.249999999999996,0.8,0.8,900.0,0.007,5
6.174,900.9671038385997,206.59246044401462,0.2,0.2,20.249999999999996,0.8,0.8,900.0,0.007,5
6.181,900.9682829703137,207.04654477860808,0.2,0.2,20.249999999999996,0.8,0.8,900.0,0.007,5
6.188,900.9697880750822,207.52892894348113,0.2,0.2,20.249999999999996,0.8,0.8,900.0,0.007,5
6.195,900.9718008586842,208.00250080671987,0.2,0.2,20.249999999999996,0.8,0.8,900.0,0.007,5
6.202,900.974682815893,208.39727223208988,0.2,0.2,20.249999999999996,0.8,0.8,900.0,0.007,5
6.2090000000000005,900.978302541783,208.73411859102265,0.2,0.2,20.249999999999996,0.8,0.8,900.0,0.007,5
6.216,900.9821207261813,209.01418986122553,0.2,0.2,20.249999999999996,0.8,0.8,900.0,0.007,5
6.223,900.9859240407797,209.19104958006395,0.2,0.2,20.249999999999996,0.8,0.8,900.0,0.007,5
6.23,900.9891376310965,209.31060029239862,0.2,0.2,20.249999999999996,0.8,0.8,900.0,0.007,5
6.237,900.9914169669254,209.38550358398973,0.2,0.2,20.249999999999996,0.8,0.8,900.0,0.007,5
6.244,900.991906467725,209.4771754809125,0.2,0.2,20.249999999999996,0.8,0.8,900.0,0.007,5
6.251,900.9901824740547,209.57514866659454,0.2,0.2,20.249999999999996,0.8,0.8,900.0,0.007,5
6.258,900.984991629596,209.73002539021556,0.2,0.2,20.249999999999996,0.8,0.8,900.0,0.007,5
6.265000000000001,900.9778377281773,209.60220728605603,0.2,0.2,20.249999999999996,0.8,0.8,900.0,0.007,5
6.272,900.9661741445559,209.68506500954874,0.2,0.2,20.249999999999996,0.8,0.8,900.0,0.007,5
6.279,900.9504837988715,209.8221502363716,0.2,0.2,20.249999999999996,0.8,0.8,900.0,0.007,5
6.2860000000000005,900.9327110414531,209.68085609757446,0.2,0.2,20.249999999999996,0.8,0.8,900.0,0.007,5
6.293,900.9132240054963,209.56689949917052,0.2,0.2,20.249999999999996,0.8,0.8,900.0,0.007,5
6.3,900.8922200164799,209.44630800615604,0.2,0.2,20.249999999999996,0.8,0.8,900.0,0.007,5
6.307,900.8719188620273,209.09789424829017,0.2,0.2,20.249999999999996,0.8,0.8,900.0,0.007,5
6.314,900.8534772336235,208.719104066375,0.2,0.2,20.249999999999996,0.8,0.8,900.0,0.007,5
6.321,900.8383460315627,208.14735108600738,0.2,0.2,20.249999999999996,0.8,0.8,900.0,0.007,5
6.328,900.8272246865796,207.51574546283257,0.2,0.2,20.249999999999996,0.8,0.8,900.0,0.007,5
6.335,900.8204735437147,206.82314811545288,0.2,0.2,20.249999999999996,0.8,0.8,900.0,0.007,5
6.3420000000000005,900.8172329803272,206.14492302807213,0.2,0.2,20.249999999999996,0.8,0.8,900.0,0.007,5
6.349,900.8172511482686,205.46279418288174,0.2,0.2,20.249999999999996,0.8,0.8,900.0,0.007,5
6.356,900.8197544768004,204.78350809044696,0.2,0.2,20.249999999999996,0.8,0.8,900.0,0.007,5
6.363,900.8243926204835,204.03039480402774,0.2,0.2,20.249999999999996,0.8,0.8,900.0,0.007,5
6.37,900.8297339911604,203.33332386114824,0.2,0.2,20.249999999999996,0.8,0.8,900.0,0.007,5
6.377,900.8353090676419,202.73058222991864,0.2,0.2,20.249999999999996,0.8,0.8,900.0,0.007,5
6.384,900.8405188609721,202.26951404374023,0.2,0.2,20.249999999999996,0.8,0.8,900.0,0.007,5
6.391,900.8445947524954,201.9602060268358,0.2,0.2,20.249999999999996,0.8,0.8,900.0,0.007,5
6.398000000000001,900.8473957040453,201.76478776532932,0.2,0.2,20.249999999999996,0.8,0.8,900.0,0.007,5
6.405,900.8489400345155,201.64109630727367,0.2,0.2,20.249999999999996,0.8,0.8,900.0,0.007,5
6.412,900.8494193145852,201.5491220071232,0.2,0.2,20.249999999999996,0.8,0.8,900.0,0.007,5
6.4190000000000005,900.8492161025963,201.45782371565232,0.2,0.2,20.249999999999996,0.8,0.8,900.0,0.007,5
6.426,900.8488610981714,201.35289882192936,0.2,0.2,20.249999999999996,0.8,0.8,900.0,0.007,5
6.433,900.8490205658189,201.24075126900874,0.2,0.2,20.249999999999996,0.8,0.8,900.0,0.007,5
6.44,900.8502971420878,201.1352035489553,0.2,0.2,20.249999999999996,0.8,0.8,900.0,0.007,5
6.447,900.8534260309397,200.9949739658254,0.2,0.2,20.249999999999996,0.8,0.8,900.0,0.007,5
6.454,900.8579391113965,200.93325032334025,0.2,0.2,20.249999999999996,0.8,0.8,900.0,0.007,5
6.461,900.8639694391845,200.90308108659312,0.2,0.2,20.249999999999996,0.8,0.8,900.0,0.007,5
6.468,900.871185953207,200.90093909908907,0.2,0.2,20.249999999999996,0.8,0.8,900.0,0.007,5
6.4750000000000005,900.8790242077619,200.96476527888285,0.2,0.2,20.249999999999996,0.8,0.8,900.0,0.007,5
6.482,900.8869648656637,201.04274357789492,0.2,0.2,20.249999999999996,0.8,0.8,900.0,0.007,5
6.489,900.894123637755,201.24059648193543,0.2,0.2,20.249999999999996,0.8,0.8,900.0,0.007,5
6.496,900.8994993578817,201.55983557578173,0.2,0.2,20.249999999999996,0.8,0.8,900.0,0.007,5
6.503,900.9023533840476,201.97422646497685,0.2,0.2,20.249999999999996,0.8,0.8,900.0,0.007,5
6.51,900.9023549979007,202.44202545922292,0.2,0.2,20.249999999999996,0.8,0.8,900.0,0.007,5
6.517,900.8995632435355,202.91597917595334,0.2,0.2,20.249999999999996,0.8,0.8,900.0,0.007,5
6.524,900.8952077913189,203.1738985840976,0.2,0.2,20.249999999999996,0.8,0.8,900.0,0.007,5
6.531,900.8884776043687,203.50165966473222,0.2,0.2,20.249999999999996,0.8,0.8,900.0,0.007,5
6.538,900.8803429549945,203.72078462065903,0.2,0.2,20.249999999999996,0.8,0.8,900.0,0.007,5
6.545,900.871538979424,203.8084804924418,0.2,0.2,20.249999999999996,0.8,0.8,900.0,0.007,5
6.5520000000000005,900.8635512939996,203.72827463569612,0.2,0.2,20.249999999999996,0.8,0.8,900.0,0.007,5
6.559,900.8561988513164,203.5734104121857,0.2,0.2,20.249999999999996,0.8,0.8,900.0,0.007,5
6.566,900.8504603826528,203.33428642114058,0.2,0.2,20.249999999999996,0.8,0.8,900.0,0.007,5
6.573,900.8471625450928,202.98974816491364,0.2,0.2,20.249999999999996,0.8,0.8,900.0,0.007,5
6.58,900.8463117784831,202.60222416725193,0.2,0.2,20.249999999999996,0.8,0.8,900.0,0.007,5
6.587,900.8478442312037,202.23938206719808,0.2,0.2,20.249999999999996,0.8,0.8,900.0,0.007,5
6.594,900.8521488590974,201.89560784498667,0.2,0.2,20.249999999999996,0.8,0.8,900.0,0.007,5
6.601,900.8584222056563,201.65956361339934,0.2,0.2,20.249999999999996,0.8,0.8,900.0,0.007,5
6.6080000000000005,900.8664565837023,201.47948255206254,0.2,0.2,20.249999999999996,0.8,0.8,900.0,0.007,5
6.615,900.8758016519714,201.33350130045284,0.2,0.2,20.249999999999996,0.8,0.8,900.0,0.007,5
6.622,900.8857805708859,201.25439929813854,0.2,0.2,20.249999999999996,0.8,0.8,900.0,0.007,5
6.6290000000000004,900.8960192632672,201.23205365506843,0.2,0.2,20.249999999999996,0.8,0.8,900.0,0.007,5
6.636,900.9057972953142,201.29935395902572,0.2,0.2,20.249999999999996,0.8,0.8,900.0,0.007,5
6.643,900.9146875663184,201.42431525577098,0.2,0.2,20.249999999999996,0.8,0.8,900.0,0.007,5
6.65,900.9224482069446,201.57400504401917,0.2,0.2,20.249999999999996,0.8,0.8,900.0,0.007,5
6.657,900.9298898588356,201.64862327657988,0.2,0.2,20.249999999999996,0.8,0.8,900.0,0.007,5
6.664,900.9369619182992,201.59804965586915,0.2,0.2,20.249999999999996,0.8,0.8,900.0,0.007,5
6.671,900.9409558057162,201.82727355055903,0.2,0.2,20.249999999999996,0.8,0.8,900.0,0.007,5
6.678,900.942225096386,202.0835336383549,0.2,0.2,20.249999999999996,0.8,0.8,900.0,0.007,5
6.6850000000000005,900.9423258190415,202.11332360345648,0.2,0.2,20.249999999999996,0.8,0.8,900.0,0.007,5
6.692,900.9404050038304,202.21556600470646,0.2,0.2,20.249999999999996,0.8,0.8,900.0,0.007,5
6.699,900.9368189054327,202.20682905715748,0.2,0.2,20.249999999999996,0.8,0.8,900.0,0.007,5
6.706,900.9319370107658,202.18390343847335,0.2,0.2,20.249999999999996,0.8,0.8,900.0,0.007,5
6.713,900.9262148474365,202.08998305493344,0.2,0.2,20.249999999999996,0.8,0.8,900.0,0.007,5
6.72,900.9191791411588,202.07835675352152,0.2,0.2,20.249999999999996,0.8,0.8,900.0,0.007,5
6.727,900.9108108967239,202.0744589609024,0.2,0.2,20.249999999999996,0.8,0.8,900.0,0.007,5
6.734,900.9015815623635,202.02668923853918,0.2,0.2,20.249999999999996,0.8,0.8,900.0,0.007,5
6.7410000000000005,900.8925381358213,201.711977413293,0.2,0.2,20.249999999999996,0.8,0.8,900.0,0.007,5
6.748,900.8825940657425,201.3205336583661,0.2,0.2,20.249999999999996,0.8,0.8,900.0,0.007,5
6.755,900.8719426008034,201.07106520727547,0.2,0.2,20.249999999999996,0.8,0.8,900.0,0.007,5
6.7620000000000005,900.8611354974778,200.84784534624876,0.2,0.2,20.249999999999996,0.8,0.8,900.0,0.007,5
6.769,900.8507406302698,200.5985028210662,0.2,0.2,20.249999999999996,0.8,0.8,900.0,0.007,5
6.776,900.8416516106365,200.2747099450436,0.2,0.2,20.249999999999996,0.8,0.8,900.0,0.007,5
6.783,900.8351466967476,199.78313774754838,0.2,0.2,20.249999999999996,0.8,0.8,900.0,0.007,5
6.79,900.8295116006376,199.47983750337553,0.2,0.2,20.249999999999996,0.8,0.8,900.0,0.007,5
6.797,900.8252353356781,199.19792750006758,0.2,0.2,20.249999999999996,0.8,0.8,900.0,0.007,5
6.804,900.8226704377563,198.8894625446629,0.2,0.2,20.249999999999996,0.8,0.8,900.0,0.007,5
6.811,900.8217249695774,198.54253621532877,0.2,0.2,20.249999999999996,0.8,0.8,900.0,0.007,5
6.8180000000000005,900.8235979911495,197.86992633439235,0.2,0.2,20.249999999999996,0.8,0.8,900.0,0.007,5
6.825,900.8258161540932,197.51156146253896,0.2,0.2,20.249999999999996,0.8,0.8,900.0,0.007,5
6.832,900.8281705602576,197.30709310650002,0.2,0.2,20.249999999999996,0.8,0.8,900.0,0.007,5
6.839,900.8308330388106,197.1917101565267,0.2,0.2,20.249999999999996,0.8,0.8,900.0,0.007,5
6.846,900.833847098963,197.13704607084205,0.2,0.2,20.249999999999996,0.8,0.8,900.0,0.007,5
6.853,900.8365752548558,197.14917915609067,0.2,0.2,20.249999999999996,0.8,0.8,900.0,0.007,5
6.86,900.8382776133144,197.24415555235396,0.2,0.2,20.249999999999996,0.8,0.8,900.0,0.007,5
6.867,900.8386563546974,197.39435286112376,0.2,0.2,20.249999999999996,0.8,0.8,900.0,0.007,5
6.8740000000000006,900.8374911609945,197.6221806322635,0.2,0.2,20.249999999999996,0.8,0.8,900.0,0.007,5
6.881,900.8348796857003,197.90089515936293,0.2,0.2,20.249999999999996,0.8,0.8,900.0,0.007,5
6.888,900.8307823365764,198.20788501794496,0.2,0.2,20.249999999999996,0.8,0.8,900.0,0.007,5
6.8950000000000005,900.8256560120687,198.50275497232633,0.2,0.2,20.249999999999996,0.8,0.8,900.0,0.007,5
6.902,900.8205556248347,198.53857401254538,0.2,0.2,20.249999999999996,0.8,0.8,900.0,0.007,5
6.909,900.8143084465253,198.81310368392533,0.2,0.2,20.249999999999996,0.8,0.8,900.0,0.007,5
6.916,900.8077108737905,199.11969178201736,0.2,0.2,20.249999999999996,0.8,0.8,900.0,0.007,5
6.923,900.8018905578465,199.39486603959935,0.2,0.2,20.249999999999996,0.8,0.8,900.0,0.007,5
6.93,900.7984095428268,199.58022118606607,0.2,0.2,20.249999999999996,0.8,0.8,900.0,0.007,5
6.937,900.7974521921047,199.7507866020791,0.2,0.2,20.249999999999996,0.8,0.8,900.0,0.007,5
6.944,900.8000882689904,199.8397393717587,0.2,0.2,20.249999999999996,0.8,0.8,900.0,0.007,5
6.9510000000000005,900.8073326930655,199.85616635577819,0.2,0.2,20.249999999999996,0.8,0.8,900.0,0.007,5
6.958,900.8200909365977,199.5939841835738,0.2,0.2,20.249999999999996,0.8,0.8,900.0,0.007,5
6.965,900.8379199544323,199.38465226952712,0.2,0.2,20.249999999999996,0.8,0.8,900.0,0.007,5
6.972,900.8591040391951,199.3782704492844,0.2,0.2,20.249999999999996,0.8,0.8,900.0,0.007,5
6.979,900.8836102758283,199.525758115045,0.2,0.2,20.249999999999996,0.8,0.8,900.0,0.007,5
6.986,900.9115965763016,199.59483804527457,0.2,0.2,20.249999999999996,0.8,0.8,900.0,0.007,5
6.993,900.9425861274482,199.54782212925772,0.2,0.2,20.249999999999996,0.8,0.8,900.0,0.007,5
7.0,900.9742177729262,199.68976241885179,0.2,0.2,20.249999999999996,0.8,0.8,900.0,0.007,5
7.007000000000001,901.0060718268038,199.85478082963309,0.2,0.2,20.249999999999996,0.8,0.8,900.0,0.007,5
7.014,901.0359886332633,200.37480475322909,0.2,0.2,20.249999999999996,0.8,0.8,900.0,0.007,5
7.021,901.0629759192792,201.17347514281104,0.2,0.2,20.249999999999996,0.8,0.8,900.0,0.007,5
7.0280000000000005,901.0861806221096,202.16081928060444,0.2,0.2,20.249999999999996,0.8,0.8,900.0,0.007,5
7.035,901.1041971244694,203.33326902453766,0.2,0.2,20.249999999999996,0.8,0.8,900.0,0.007,5
7.042,901.1156137341193,204.61736542068857,0.2,0.2,20.249999999999996,0.8,0.8,900.0,0.007,5
7.049,901.1184905972412,205.9811258791732,0.2,0.2,20.249999999999996,0.8,0.8,900.0,0.007,5
7.056,901.1117600183861,207.36203095074407,0.2,0.2,20.249999999999996,0.8,0.8,900.0,0.007,5
7.063,901.0958801956144,208.63392597730262,0.2,0.2,20.249999999999996,0.8,0.8,900.0,0.007,5
7.07,901.0711324475742,209.75578232176844,0.2,0.2,20.249999999999996,0.8,0.8,900.0,0.007,5
7.077,901.0395835783697,210.1726797074204,0.2,0.2,20.249999999999996,0.8,0.8,900.0,0.007,5
7.0840000000000005,901.0015619646387,210.5327343687835,0.2,0.2,20.249999999999996,0.8,0.8,900.0,0.007,5
7.091,900.9581625778428,210.82456465359735,0.2,0.2,20.249999999999996,0.8,0.8,900.0,0.007,5
7.098,900.9124825860407,210.84368418662015,0.2,0.2,20.249999999999996,0.8,0.8,900.0,0.007,5
7.105,900.8676682534058,210.56244717839206,0.2,0.2,20.249999999999996,0.8,0.8,900.0,0.007,5
7.112,900.8252191111475,210.07716221739585,0.2,0.2,20.249999999999996,0.8,0.8,900.0,0.007,5
7.119,900.7868372910582,209.3867563117895,0.2,0.2,20.249999999999996,0.8,0.8,900.0,0.007,5
7.126,900.7539180781098,208.50547769077318,0.2,0.2,20.249999999999996,0.8,0.8,900.0,0.007,5
7.133,900.727317991489,207.50090341087997,0.2,0.2,20.249999999999996,0.8,0.8,900.0,0.007,5
7.140000000000001,900.7076952287691,206.4353451481389,0.2,0.2,20.249999999999996,0.8,0.8,900.0,0.007,5
7.147,900.6953518672789,205.35973583518066,0.2,0.2,20.249999999999996,0.8,0.8,900.0,0.007,5
7.154,900.6904266814108,204.329726082621,0.2,0.2,20.249999999999996,0.8,0.8,900.0,0.007,5
7.1610000000000005,900.6930093797355,203.3462711259901,0.2,0.2,20.249999999999996,0.8,0.8,900.0,0.007,5
7.168,900.7022846658374,202.5080807965433,0.2,0.2,20.249999999999996,0.8,0.8,900.0,0.007,5
7.175,900.7176355770505,201.79421994994584,0.2,0.2,20.249999999999996,0.8,0.8,900.0,0.007,5
7.182,900.7385111775163,201.16847828599398,0.2,0.2,20.249999999999996,0.8,0.8,900.0,0.007,5
7.189,900.7637490169712,200.70825349946145,0.2,0.2,20.249999999999996,0.8,0.8,900.0,0.007,5
7.196,900.7921375948806,200.41387507025124,0.2,0.2,20.249999999999996,0.8,0.8,900.0,0.007,5
7.203,900.8224243116346,200.29169370502754,0.2,0.2,20.249999999999996,0.8,0.8,900.0,0.007,5
7.21,900.8532841723622,200.36263919122325,0.2,0.2,20.249999999999996,0.8,0.8,900.0,0.007,5
7.2170000000000005,900.8834642358412,200.65022470101084,0.2,0.2,20.249999999999996,0.8,0.8,900.0,0.007,5
7.224,900.9125136014751,201.08309198076998,0.2,0.2,20.249999999999996,0.8,0.8,900.0,0.007,5
7.231,900.9397556355319,201.60014855843437,0.2,0.2,20.249999999999996,0.8,0.8,900.0,0.007,5
7.238,900.9638648486904,202.3847233128656,0.2,0.2,20.249999999999996,0.8,0.8,900.0,0.007,5
7.245,900.9841577917101,203.40397131156962,0.2,0.2,20.249999999999996,0.8,0.8,900.0,0.007,5
7.252,901.0010518468092,204.63014616725889,0.2,0.2,20.249999999999996,0.8,0.8,900.0,0.007,5
7.259,901.015095387305,206.00239565766438,0.2,0.2,20.249999999999996,0.8,0.8,900.0,0.007,5
7.266,901.026606968023,207.53059192429993,0.2,0.2,20.249999999999996,0.8,0.8,900.0,0.007,5
7.273000000000001,901.0356406798973,209.1212035028838,0.2,0.2,20.249999999999996,0.8,0.8,900.0,0.007,5
7.28,901.0421441255537,210.8282198994355,0.2,0.2,20.249999999999996,0.8,0.8,900.0,0.007,5
7.287,901.0454716278243,212.61557256995138,0.2,0.2,20.249999999999996,0.8,0.8,900.0,0.007,5
7.2940000000000005,901.0447639563691,214.40259861376424,0.2,0.2,20.249999999999996,0.8,0.8,900.0,0.007,5
7.301,901.0392888619193,216.09120299461568,0.2,0.2,20.249999999999996,0.8,0.8,900.0,0.007,5
7.308,901.0279557605053,217.5378766005358,0.2,0.2,20.249999999999996,0.8,0.8,900.0,0.007,5
7.315,901.0103137215107,218.71731132229345,0.2,0.2,20.249999999999996,0.8,0.8,900.0,0.007,5
7.322,900.9856850283018,219.46171315773452,0.2,0.2,20.249999999999996,0.8,0.8,900.0,0.007,5
7.329,900.9546423050358,219.6417748213881,0.2,0.2,20.249999999999996,0.8,0.8,900.0,0.007,5
7.336,900.9175890647836,219.37021418675508,0.2,0.2,20.249999999999996,0.8,0.8,900.0,0.007,5
7.343,900.8769794538838,218.5763938981508,0.2,0.2,20.249999999999996,0.8,0.8,900.0,0.007,5
7.3500000000000005,900.8349203634634,217.3895788782933,0.2,0.2,20.249999999999996,0.8,0.8,900.0,0.007,5
7.357,900.793657708926,215.93597827832403,0.2,0.2,20.249999999999996,0.8,0.8,900.0,0.007,5
7.364,900.7555765351336,214.30001980355075,0.2,0.2,20.249999999999996,0.8,0.8,900.0,0.007,5
7.371,900.7222381948544,212.63200772207873,0.2,0.2,20.249999999999996,0.8,0.8,900.0,0.007,5
7.378,900.6960206388852,210.64268360485468,0.2,0.2,20.249999999999996,0.8,0.8,900.0,0.007,5
7.385,900.6807286181393,208.3982299792353,0.2,0.2,20.249999999999996,0.8,0.8,900.0,0.007,5
7.392,900.6742324036442,206.6870656057982,0.2,0.2,20.249999999999996,0.8,0.8,900.0,0.007,5
7.399,900.6759782108534,205.25254214239393,0.2,0.2,20.249999999999996,0.8,0.8,900.0,0.007,5
7.406000000000001,900.6873483007471,203.97508915178344,0.2,0.2,20.249999999999996,0.8,0.8,900.0,0.007,5
7.413,900.7081262794424,202.83922515595097,0.2,0.2,20.249999999999996,0.8,0.8,900.0,0.007,5
7.42,900.7373597888458,201.84671356809457,0.2,0.2,20.249999999999996,0.8,0.8,900.0,0.007,5
7.4270000000000005,900.7738090281796,201.02725115351203,0.2,0.2,20.249999999999996,0.8,0.8,900.0,0.007,5
7.434,900.8162794843757,200.39804931373865,0.2,0.2,20.249999999999996,0.8,0.8,900.0,0.007,5
7.441,900.8630328128277,200.01069349820656,0.2,0.2,20.249999999999996,0.8,0.8,900.0,0.007,5
7.448,900.9118792130095,199.94798144529216,0.2,0.2,20.249999999999996,0.8,0.8,900.0,0.007,5
7.455,900.9607058065068,200.28439144011773,0.2,0.2,20.249999999999996,0.8,0.8,900.0,0.007,5
7.462,901.0080594810336,200.87790576010963,0.2,0.2,20.249999999999996,0.8,0.8,900.0,0.007,5
7.469,901.0522086728347,201.80502807253364,0.2,0.2,20.249999999999996,0.8,0.8,900.0,0.007,5
7.476,901.0894800890484,203.29220515754093,0.2,0.2,20.249999999999996,0.8,0.8,900.0,0.007,5
7.4830000000000005,901.119182999205,205.12551608174107,0.2,0.2,20.249999999999996,0.8,0.8,900.0,0.007,5
7.49,901.1407228295444,207.21786456078271,0.2,0.2,20.249999999999996,0.8,0.8,900.0,0.007,5
7.497,901.1534089706646,209.48135404118588,0.2,0.2,20.249999999999996,0.8,0.8,900.0,0.007,5
7.5040000000000004,901.1562077577747,211.85991733350235,0.2,0.2,20.249999999999996,0.8,0.8,900.0,0.007,5
7.511,901.1490022100173,214.24500275893195,0.2,0.2,20.249999999999996,0.8,0.8,900.0,0.007,5
7.518,901.1325335126767,216.51295005287383,0.2,0.2,20.249999999999996,0.8,0.8,900.0,0.007,5
7.525,901.1080400861262,218.35024597024125,0.2,0.2,20.249999999999996,0.8,0.8,900.0,0.007,5
7.532,901.075310269925,219.8771307187608,0.2,0.2,20.249999999999996,0.8,0.8,900.0,0.007,5
7.539000000000001,901.0349207288145,221.12881657305067,0.2,0.2,20.249999999999996,0.8,0.8,900.0,0.007,5
7.546,900.9890865804286,221.9371435477413,0.2,0.2,20.249999999999996,0.8,0.8,900.0,0.007,5
7.553,900.9395423853966,222.23977144144297,0.2,0.2,20.249999999999996,0.8,0.8,900.0,0.007,5
7.5600000000000005,900.888861547497,221.9715886962733,0.2,0.2,20.249999999999996,0.8,0.8,900.0,0.007,5
7.567,900.8395024524447,221.08449039028346,0.2,0.2,20.249999999999996,0.8,0.8,900.0,0.007,5
7.574,900.7924162212673,219.86788497673302,0.2,0.2,20.249999999999996,0.8,0.8,900.0,0.007,5
7.581,900.749513470155,218.29861018676775,0.2,0.2,20.249999999999996,0.8,0.8,900.0,0.007,5
7.588,900.7124376842147,216.44266808411044,0.2,0.2,20.249999999999996,0.8,0.8,900.0,0.007,5
7.595,900.6821745888407,214.36887534286367,0.2,0.2,20.249999999999996,0.8,0.8,900.0,0.007,5
7.602,900.6595393241754,212.1547380587418,0.2,0.2,20.249999999999996,0.8,0.8,900.0,0.007,5
7.609,900.6450567357172,209.898387320716,0.2,0.2,20.249999999999996,0.8,0.8,900.0,0.007,5
7.6160000000000005,900.6387655208938,207.72648111470627,0.2,0.2,20.249999999999996,0.8,0.8,900.0,0.007,5
7.623,900.64042398508,205.73934269316115,0.2,0.2,20.249999999999996,0.8,0.8,900.0,0.007,5
7.63,900.6491269934749,204.01217032279206,0.2,0.2,20.249999999999996,0.8,0.8,900.0,0.007,5
7.6370000000000005,900.6636198221594,202.59768646968976,0.2,0.2,20.249999999999996,0.8,0.8,900.0,0.007,5
7.644,900.682455855709,201.50318107684419,0.2,0.2,20.249999999999996,0.8,0.8,900.0,0.007,5
7.651,900.7044340134291,200.69673960887732,0.2,0.2,20.249999999999996,0.8,0.8,900.0,0.007,5
7.658,900.7284507258202,200.0512754954665,0.2,0.2,20.249999999999996,0.8,0.8,900.0,0.007,5
7.665,900.7540507649701,199.57985052737368,0.2,0.2,20.249999999999996,0.8,0.8,900.0,0.007,5
7.672000000000001,900.778702626596,199.45830565508894,0.2,0.2,20.249999999999996,0.8,0.8,900.0,0.007,5
7.679,900.8022120470526,199.52813309068011,0.2,0.2,20.249999999999996,0.8,0.8,900.0,0.007,5
7.686,900.8243646963354,199.72160436707284,0.2,0.2,20.249999999999996,0.8,0.8,900.0,0.007,5
7.6930000000000005,900.844580013218,200.05890513457499,0.2,0.2,20.249999999999996,0.8,0.8,900.0,0.007,5
7.7,900.8624452638504,200.551484678421,0.2,0.2,20.249999999999996,0.8,0.8,900.0,0.007,5
7.707,900.8779623633783,201.18201667764671,0.2,0.2,20.249999999999996,0.8,0.8,900.0,0.007,5
7.714,900.8913154199665,201.9494263316038,0.2,0.2,20.249999999999996,0.8,0.8,900.0,0.007,5
7.721,900.9029646089376,202.80484380447965,0.2,0.2,20.249999999999996,0.8,0.8,900.0,0.007,5
7.728,900.9136542863639,203.78478052236056,0.2,0.2,20.249999999999996,0.8,0.8,900.0,0.007,5
7.735,900.9227272910256,204.9849773455279,0.2,0.2,20.249999999999996,0.8,0.8,900.0,0.007,5
7.742,900.9309652951604,206.28789923632237,0.2,0.2,20.249999999999996,0.8,0.8,900.0,0.007,5
7.7490000000000006,900.9387596268915,207.63398805297112,0.2,0.2,20.249999999999996,0.8,0.8,900.0,0.007,5
7.756,900.9463585719302,208.95510957084693,0.2,0.2,20.249999999999996,0.8,0.8,900.0,0.007,5
7.763,900.9539990740145,210.1853666943233,0.2,0.2,20.249999999999996,0.8,0.8,900.0,0.007,5
7.7700000000000005,900.9619294820518,211.26838296540234,0.2,0.2,20.249999999999996,0.8,0.8,900.0,0.007,5
7.777,900.9703498353737,212.16159807949532,0.2,0.2,20.249999999999996,0.8,0.8,900.0,0.007,5
7.784,900.9794882147743,212.80000259834716,0.2,0.2,20.249999999999996,0.8,0.8,900.0,0.007,5
7.791,900.9892600575708,213.2158315025792,0.2,0.2,20.249999999999996,0.8,0.8,900.0,0.007,5
7.798,900.9989281436157,213.4950353948906,0.2,0.2,20.249999999999996,0.8,0.8,900.0,0.007,5
7.805000000000001,901.0085647339888,213.46081900092133,0.2,0.2,20.249999999999996,0.8,0.8,900.0,0.007,5
7.812,901.0172421886372,213.4379607246796,0.2,0.2,20.249999999999996,0.8,0.8,900.0,0.007,5
7.819,901.0233037850389,213.57432845642103,0.2,0.2,20.249999999999996,0.8,0.8,900.0,0.007,5
7.8260000000000005,901.0262018892336,213.72528702667964,0.2,0.2,20.249999999999996,0.8,0.8,900.0,0.007,5
7.833,901.0254220165531,213.89916243986758,0.2,0.2,20.249999999999996,0.8,0.8,900.0,0.007,5
7.84,901.0201969929954,214.15499131459174,0.2,0.2,20.249999999999996,0.8,0.8,900.0,0.007,5
7.847,901.0104727690385,214.48794026576417,0.2,0.2,20.249999999999996,0.8,0.8,900.0,0.007,5
7.854,900.9965742638047,214.8714089807214,0.2,0.2,20.249999999999996,0.8,0.8,900.0,0.007,5
7.861,900.9791477669677,215.2454445330126,0.2,0.2,20.249999999999996,0.8,0.8,900.0,0.007,5
7.868,900.958389863385,215.62129734447373,0.2,0.2,20.249999999999996,0.8,0.8,900.0,0.007,5
7.875,900.9349016400687,215.92335722285904,0.2,0.2,20.249999999999996,0.8,0.8,900.0,0.007,5
7.882000000000001,900.9095696418697,216.17707561585368,0.2,0.2,20.249999999999996,0.8,0.8,900.0,0.007,5
7.889,900.8832081053775,216.35870618911926,0.2,0.2,20.249999999999996,0.8,0.8,900.0,0.007,5
7.896,900.8566297165684,216.41324441934745,0.2,0.2,20.249999999999996,0.8,0.8,900.0,0.007,5
7.9030000000000005,900.8302532643513,216.27470809646215,0.2,0.2,20.249999999999996,0.8,0.8,900.0,0.007,5
7.91,900.8049583809187,215.87232255752798,0.2,0.2,20.249999999999996,0.8,0.8,900.0,0.007,5
7.917,900.7816324788988,215.1420000013106,0.2,0.2,20.249999999999996,0.8,0.8,900.0,0.007,5
7.924,900.7614241510892,214.09047305375753,0.2,0.2,20.249999999999996,0.8,0.8,900.0,0.007,5
7.931,900.7453755697021,212.82147256854475,0.2,0.2,20.249999999999996,0.8,0.8,900.0,0.007,5
7.938,900.7359260154184,210.9945733545109,0.2,0.2,20.249999999999996,0.8,0.8,900.0,0.007,5
7.945,900.7310525651957,209.59933990635008,0.2,0.2,20.249999999999996,0.8,0.8,900.0,0.007,5
7.952,900.7304891315135,208.39241444547028,0.2,0.2,20.249999999999996,0.8,0.8,900.0,0.007,5
7.9590000000000005,900.7349466451208,207.30556633830042,0.2,0.2,20.249999999999996,0.8,0.8,900.0,0.007,5
7.966,900.7443274623103,206.2190052779678,0.2,0.2,20.249999999999996,0.8,0.8,900.0,0.007,5
7.973,900.758317049103,205.3133199266561,0.2,0.2,20.249999999999996,0.8,0.8,900.0,0.007,5
7.98,900.7754679396498,204.6548300540958,0.2,0.2,20.249999999999996,0.8,0.8,900.0,0.007,5
7.987,900.7959015408393,204.17728124488482,0.2,0.2,20.249999999999996,0.8,0.8,900.0,0.007,5
7.994,900.8182203140827,203.86288120500953,0.2,0.2,20.249999999999996,0.8,0.8,900.0,0.007,5
8.001,900.8427624340826,203.64096858607016,0.2,0.2,20.249999999999996,0.8,0.8,900.0,0.007,5
8.008000000000001,900.8685706005758,203.52628697029724,0.2,0.2,20.249999999999996,0.8,0.8,900.0,0.007,5
8.015,900.8940264938124,203.53125880758608,0.2,0.2,20.249999999999996,0.8,0.8,900.0,0.007,5
8.022,900.9186761208344,203.6697463801042,0.2,0.2,20.249999999999996,0.8,0.8,900.0,0.007,5
8.029,900.9421041867265,203.98037879037886,0.2,0.2,20.249999999999996,0.8,0.8,900.0,0.007,5
8.036,900.9656059330949,203.99272509325692,0.2,0.2,20.249999999999996,0.8,0.8,900.0,0.007,5
8.043000000000001,900.9843602725746,204.7247131535241,0.2,0.2,20.249999999999996,0.8,0.8,900.0,0.007,5
8.05,900.9988789589264,205.65773212022862,0.2,0.2,20.249999999999996,0.8,0.8,900.0,0.007,5
8.057,901.0088057996142,206.6308499292847,0.2,0.2,20.249999999999996,0.8,0.8,900.0,0.007,5
8.064,901.0135018512635,207.77961667311484,0.2,0.2,20.249999999999996,0.8,0.8,900.0,0.007,5
8.071,901.0123859182607,209.03031665623834,0.2,0.2,20.249999999999996,0.8,0.8,900.0,0.007,5
8.078,901.005400487677,210.24240505530895,0.2,0.2,20.249999999999996,0.8,0.8,900.0,0.007,5
8.085,900.9937448114706,211.2913058802395,0.2,0.2,20.249999999999996,0.8,0.8,900.0,0.007,5
8.092,900.9769121131769,212.2850365847589,0.2,0.2,20.249999999999996,0.8,0.8,900.0,0.007,5
8.099,900.9555507331378,213.10832838606532,0.2,0.2,20.249999999999996,0.8,0.8,900.0,0.007,5
8.106,900.9312883203349,213.6571326909532,0.2,0.2,20.249999999999996,0.8,0.8,900.0,0.007,5
8.113,900.9053259388844,214.00460909666037,0.2,0.2,20.249999999999996,0.8,0.8,900.0,0.007,5
8.120000000000001,900.8789482263084,214.11713577097095,0.2,0.2,20.249999999999996,0.8,0.8,900.0,0.007,5
8.127,900.8536046287192,214.00504006786994,0.2,0.2,20.249999999999996,0.8,0.8,900.0,0.007,5
8.134,900.8306771296723,213.69041167187314,0.2,0.2,20.249999999999996,0.8,0.8,900.0,0.007,5
8.141,900.8125610649063,212.99889864552466,0.2,0.2,20.249999999999996,0.8,0.8,900.0,0.007,5
8.148,900.7986734182898,212.3254663019746,0.2,0.2,20.249999999999996,0.8,0.8,900.0,0.007,5
8.155,900.790128324596,211.44917682532633,0.2,0.2,20.249999999999996,0.8,0.8,900.0,0.007,5
8.162,900.7881512993044,210.36608510179073,0.2,0.2,20.249999999999996,0.8,0.8,900.0,0.007,5
8.169,900.7912823542244,209.43853892394506,0.2,0.2,20.249999999999996,0.8,0.8,900.0,0.007,5
8.176,900.8008816312246,208.32671212472306,0.2,0.2,20.249999999999996,0.8,0.8,900.0,0.007,5
8.183,900.8164058805835,207.4264317220148,0.2,0.2,20.249999999999996,0.8,0.8,900.0,0.007,5
8.19,900.8369342877364,206.59312776082237,0.2,0.2,20.249999999999996,0.8,0.8,900.0,0.007,5
8.197000000000001,900.8607742753062,206.02816097529723,0.2,0.2,20.249999999999996,0.8,0.8,900.0,0.007,5
8.204,900.887219751693,205.65629588209268,0.2,0.2,20.249999999999996,0.8,0.8,900.0,0.007,5
8.211,900.9156880130531,205.4829984552285,0.2,0.2,20.249999999999996,0.8,0.8,900.0,0.007,5
8.218,900.9448796748965,205.5683719820095,0.2,0.2,20.249999999999996,0.8,0.8,900.0,0.007,5
8.225,900.9735079846464,205.9524231186115,0.2,0.2,20.249999999999996,0.8,0.8,900.0,0.007,5
8.232,900.999155021555,206.70966740094056,0.2,0.2,20.249999999999996,0.8,0.8,900.0,0.007,5
8.239,901.021010425064,207.78264429930343,0.2,0.2,20.249999999999996,0.8,0.8,900.0,0.007,5
8.246,901.0388590375145,209.05408412230204,0.2,0.2,20.249999999999996,0.8,0.8,900.0,0.007,5
8.253,901.0513428981303,210.48198367752548,0.2,0.2,20.249999999999996,0.8,0.8,900.0,0.007,5
8.26,901.0573203660601,212.04110574418664,0.2,0.2,20.249999999999996,0.8,0.8,900.0,0.007,5
8.267,901.0549438137655,213.73811756868454,0.2,0.2,20.249999999999996,0.8,0.8,900.0,0.007,5
8.274000000000001,901.0442768381762,215.39287349847032,0.2,0.2,20.249999999999996,0.8,0.8,900.0,0.007,5
8.281,901.0261081236636,216.23313701027715,0.2,0.2,20.249999999999996,0.8,0.8,900.0,0.007,5
8.288,901.0019157072198,216.83083721114727,0.2,0.2,20.249999999999996,0.8,0.8,900.0,0.007,5
8.295,900.9704650913461,217.3827804700083,0.2,0.2,20.249999999999996,0.8,0.8,900.0,0.007,5
8.302,900.9335536977381,217.58064768892893,0.2,0.2,20.249999999999996,0.8,0.8,900.0,0.007,5
8.309000000000001,900.8929253441592,217.3930231032294,0.2,0.2,20.249999999999996,0.8,0.8,900.0,0.007,5
8.316,900.8516072756905,216.76923632234534,0.2,0.2,20.249999999999996,0.8,0.8,900.0,0.007,5
8.323,900.8100626642128,215.79751341833625,0.2,0.2,20.249999999999996,0.8,0.8,900.0,0.007,5
8.33,900.7705065428888,214.4896941973722,0.2,0.2,20.249999999999996,0.8,0.8,900.0,0.007,5
8.337,900.7341479490169,212.98942600192592,0.2,0.2,20.249999999999996,0.8,0.8,900.0,0.007,5
8.344,900.7045314181563,210.72979193673336,0.2,0.2,20.249999999999996,0.8,0.8,900.0,0.007,5
8.351,900.6848155893043,208.02786459668212,0.2,0.2,20.249999999999996,0.8,0.8,900.0,0.007,5
8.358,900.6703807931823,206.21786459814538,0.2,0.2,20.249999999999996,0.8,0.8,900.0,0.007,5
8.365,900.6622806184176,204.63487370716925,0.2,0.2,20.249999999999996,0.8,0.8,900.0,0.007,5
8.372,900.6615214508208,203.24890202809482,0.2,0.2,20.249999999999996,0.8,0.8,900.0,0.007,5
8.379,900.6684154985388,202.0692129171254,0.2,0.2,20.249999999999996,0.8,0.8,900.0,0.007,5
8.386000000000001,900.6829095601311,201.05278317517448,0.2,0.2,20.249999999999996,0.8,0.8,900.0,0.007,5
8.393,900.7046348932114,200.18508314877272,0.2,0.2,20.249999999999996,0.8,0.8,900.0,0.007,5
8.4,900.7325357453935,199.48701854004565,0.2,0.2,20.249999999999996,0.8,0.8,900.0,0.007,5
8.407,900.7651536520738,198.8690096184182,0.2,0.2,20.249999999999996,0.8,0.8,900.0,0.007,5
8.414,900.8009258656789,198.47030992659847,0.2,0.2,20.249999999999996,0.8,0.8,900.0,0.007,5
8.421,900.8387136643544,198.2258027777455,0.2,0.2,20.249999999999996,0.8,0.8,900.0,0.007,5
8.428,900.8747520989897,198.3834419531541,0.2,0.2,20.249999999999996,0.8,0.8,900.0,0.007,5
8.435,900.9072356334075,198.6259630075203,0.2,0.2,20.249999999999996,0.8,0.8,900.0,0.007,5
8.442,900.9344595175875,199.18893558690894,0.2,0.2,20.249999999999996,0.8,0.8,900.0,0.007,5
8.449,900.9558374144713,199.99843221123714,0.2,0.2,20.249999999999996,0.8,0.8,900.0,0.007,5
8.456,900.9704554175943,201.11796349301164,0.2,0.2,20.249999999999996,0.8,0.8,900.0,0.007,5
8.463000000000001,900.978155188605,202.38878898975747,0.2,0.2,20.249999999999996,0.8,0.8,900.0,0.007,5
8.47,900.9790263224384,203.7466992227952,0.2,0.2,20.249999999999996,0.8,0.8,900.0,0.007,5
8.477,900.97346702422,205.1150820790321,0.2,0.2,20.249999999999996,0.8,0.8,900.0,0.007,5
8.484,900.9622691783231,206.38750729151866,0.2,0.2,20.249999999999996,0.8,0.8,900.0,0.007,5
8.491,900.9468947643552,207.36693338578038,0.2,0.2,20.249999999999996,0.8,0.8,900.0,0.007,5
8.498,900.9286767450754,207.97249244263983,0.2,0.2,20.249999999999996,0.8,0.8,900.0,0.007,5
8.505,900.9083379992499,208.3252801621961,0.2,0.2,20.249999999999996,0.8,0.8,900.0,0.007,5
8.512,900.8878404660662,208.40073235633085,0.2,0.2,20.249999999999996,0.8,0.8,900.0,0.007,5
8.519,900.8689187144255,208.23322904564077,0.2,0.2,20.249999999999996,0.8,0.8,900.0,0.007,5
8.526,900.8536377879409,207.8125543623016,0.2,0.2,20.249999999999996,0.8,0.8,900.0,0.007,5
8.533,900.843873782994,207.14928086502636,0.2,0.2,20.249999999999996,0.8,0.8,900.0,0.007,5
8.540000000000001,900.8406577384342,206.30237149976284,0.2,0.2,20.249999999999996,0.8,0.8,900.0,0.007,5
8.547,900.845501676347,205.27514641646246,0.2,0.2,20.249999999999996,0.8,0.8,900.0,0.007,5
8.554,900.859221417808,204.16073473541968,0.2,0.2,20.249999999999996,0.8,0.8,900.0,0.007,5
8.561,900.8821386924639,203.1526508227303,0.2,0.2,20.249999999999996,0.8,0.8,900.0,0.007,5
8.568,900.9119772666722,202.4244739157416,0.2,0.2,20.249999999999996,0.8,0.8,900.0,0.007,5
8.575000000000001,900.947493545581,202.02740853925008,0.2,0.2,20.249999999999996,0.8,0.8,900.0,0.007,5
8.582,900.9871095473989,202.0265725648654,0.2,0.2,20.249999999999996,0.8,0.8,900.0,0.007,5
8.589,901.0284521188413,202.4410521089855,0.2,0.2,20.249999999999996,0.8,0.8,900.0,0.007,5
8.596,901.0692237223476,203.27441129061808,0.2,0.2,20.249999999999996,0.8,0.8,900.0,0.007,5
8.603,901.1076011499795,204.53455709011746,0.2,0.2,20.249999999999996,0.8,0.8,900.0,0.007,5
8.61,901.1419807928157,206.20106948372822,0.2,0.2,20.249999999999996,0.8,0.8,900.0,0.007,5
8.617,901.1712240815431,207.9861163210604,0.2,0.2,20.249999999999996,0.8,0.8,900.0,0.007,5
8.624,901.1935262217402,210.19749390136903,0.2,0.2,20.249999999999996,0.8,0.8,900.0,0.007,5
8.631,901.203692968121,212.9950757013801,0.2,0.2,20.249999999999996,0.8,0.8,900.0,0.007,5
8.638,901.2018108378143,215.9765866197237,0.2,0.2,20.249999999999996,0.8,0.8,900.0,0.007,5
8.645,901.1871639809201,219.13617382210393,0.2,0.2,20.249999999999996,0.8,0.8,900.0,0.007,5
8.652000000000001,901.1598197575328,222.26741410960383,0.2,0.2,20.249999999999996,0.8,0.8,900.0,0.007,5
8.659,901.1202166362455,225.10487933789665,0.2,0.2,20.249999999999996,0.8,0.8,900.0,0.007,5
8.666,901.0686167064905,227.42219553209188,0.2,0.2,20.249999999999996,0.8,0.8,900.0,0.007,5
8.673,901.0063656822055,228.9441163497468,0.2,0.2,20.249999999999996,0.8,0.8,900.0,0.007,5
8.68,900.9355589901298,229.41097853902804,0.2,0.2,20.249999999999996,0.8,0.8,900.0,0.007,5
8.687,900.8592566057929,228.80459285403438,0.2,0.2,20.249999999999996,0.8,0.8,900.0,0.007,5
8.694,900.7807035277709,227.20570416516927,0.2,0.2,20.249999999999996,0.8,0.8,900.0,0.007,5
8.701,900.7032371216102,224.70684657062029,0.2,0.2,20.249999999999996,0.8,0.8,900.0,0.007,5
8.708,900.6310755703983,221.4206293089847,0.2,0.2,20.249999999999996,0.8,0.8,900.0,0.007,5
8.715,900.5665956414033,217.85912799231465,0.2,0.2,20.249999999999996,0.8,0.8,900.0,0.007,5
8.722,900.5138169487171,214.09150547405264,0.2,0.2,20.249999999999996,0.8,0.8,900.0,0.007,5
8.729000000000001,900.4743759658031,210.35355891161464,0.2,0.2,20.249999999999996,0.8,0.8,900.0,0.007,5
8.736,900.4495682621485,206.78855639718324,0.2,0.2,20.249999999999996,0.8,0.8,900.0,0.007,5
8.743,900.4412190004398,203.26428904419703,0.2,0.2,20.249999999999996,0.8,0.8,900.0,0.007,5
8.75,900.4483354741349,200.31001186793807,0.2,0.2,20.249999999999996,0.8,0.8,900.0,0.007,5
8.757,900.4697118820352,197.7850770790395,0.2,0.2,20.249999999999996,0.8,0.8,900.0,0.007,5
8.764,900.5054145552301,195.49735881379343,0.2,0.2,20.249999999999996,0.8,0.8,900.0,0.007,5
8.771,900.55414430834,193.5308205881849,0.2,0.2,20.249999999999996,0.8,0.8,900.0,0.007,5
8.778,900.6113178165514,192.0777912592858,0.2,0.2,20.249999999999996,0.8,0.8,900.0,0.007,5
8.785,900.674147050483,190.98863720002484,0.2,0.2,20.249999999999996,0.8,0.8,900.0,0.007,5
8.792,900.7402306303742,190.27765740656565,0.2,0.2,20.249999999999996,0.8,0.8,900.0,0.007,5
8.799,900.8070413398989,189.98407769254777,0.2,0.2,20.249999999999996,0.8,0.8,900.0,0.007,5
8.806000000000001,900.8726764525222,190.22814545477513,0.2,0.2,20.249999999999996,0.8,0.8,900.0,0.007,5
8.813,900.9353422911307,191.11982940265682,0.2,0.2,20.249999999999996,0.8,0.8,900.0,0.007,5
8.82,900.9942141985233,192.60734534695274,0.2,0.2,20.249999999999996,0.8,0.8,900.0,0.007,5
8.827,901.0480490351788,194.74460837663992,0.2,0.2,20.249999999999996,0.8,0.8,900.0,0.007,5
8.834,901.0958836089261,197.48589001530135,0.2,0.2,20.249999999999996,0.8,0.8,900.0,0.007,5
8.841,901.1370397762514,200.67587469958193,0.2,0.2,20.249999999999996,0.8,0.8,900.0,0.007,5
8.848,901.1712758365125,204.09267967837167,0.2,0.2,20.249999999999996,0.8,0.8,900.0,0.007,5
8.855,901.1975760883947,207.58063468707547,0.2,0.2,20.249999999999996,0.8,0.8,900.0,0.007,5
8.862,901.214813185674,211.0577005784945,0.2,0.2,20.249999999999996,0.8,0.8,900.0,0.007,5
8.869,901.2245030646556,214.05829638827436,0.2,0.2,20.249999999999996,0.8,0.8,900.0,0.007,5
8.876,901.2240645059828,216.9733778384692,0.2,0.2,20.249999999999996,0.8,0.8,900.0,0.007,5
8.883000000000001,901.2120597690018,219.8519670914863,0.2,0.2,20.249999999999996,0.8,0.8,900.0,0.007,5
8.89,901.1900357302051,222.36564846126552,0.2,0.2,20.249999999999996,0.8,0.8,900.0,0.007,5
8.897,901.1589625563074,224.58106488828625,0.2,0.2,20.249999999999996,0.8,0.8,900.0,0.007,5
8.904,901.118651994157,226.6413239008507,0.2,0.2,20.249999999999996,0.8,0.8,900.0,0.007,5
8.911,901.0706213464097,228.37030563730298,0.2,0.2,20.249999999999996,0.8,0.8,900.0,0.007,5
8.918000000000001,901.0161531774862,229.6656679125044,0.2,0.2,20.249999999999996,0.8,0.8,900.0,0.007,5
8.925,900.9563480152854,230.42087545032788,0.2,0.2,20.249999999999996,0.8,0.8,900.0,0.007,5
8.932,900.8927025104576,230.47036454799968,0.2,0.2,20.249999999999996,0.8,0.8,900.0,0.007,5
8.939,900.8279550340411,229.45662833085092,0.2,0.2,20.249999999999996,0.8,0.8,900.0,0.007,5
8.946,900.7657271541223,227.36930299281366,0.2,0.2,20.249999999999996,0.8,0.8,900.0,0.007,5
8.953,900.7057964820381,224.713799155138,0.2,0.2,20.249999999999996,0.8,0.8,900.0,0.007,5
8.96,900.6518866910999,221.47873809014507,0.2,0.2,20.249999999999996,0.8,0.8,900.0,0.007,5
8.967,900.6064429572363,217.9972327851604,0.2,0.2,20.249999999999996,0.8,0.8,900.0,0.007,5
8.974,900.5724875551199,214.32253335137065,0.2,0.2,20.249999999999996,0.8,0.8,900.0,0.007,5
8.981,900.5515611823835,210.85027925648305,0.2,0.2,20.249999999999996,0.8,0.8,900.0,0.007,5
8.988,900.5449264024785,207.59322146704312,0.2,0.2,20.249999999999996,0.8,0.8,900.0,0.007,5
8.995000000000001,900.5514684101005,204.79750913435504,0.2,0.2,20.249999999999996,0.8,0.8,900.0,0.007,5
9.002,900.5711613165137,202.4080404577817,0.2,0.2,20.249999999999996,0.8,0.8,900.0,0.007,5
9.009,900.603203644035,200.3855014794058,0.2,0.2,20.249999999999996,0.8,0.8,900.0,0.007,5
9.016,900.6461337186928,198.7013630630565,0.2,0.2,20.249999999999996,0.8,0.8,900.0,0.007,5
9.023,900.6972302601581,197.42058729634573,0.2,0.2,20.249999999999996,0.8,0.8,900.0,0.007,5
9.03,900.7534183670969,196.553982867681,0.2,0.2,20.249999999999996,0.8,0.8,900.0,0.007,5
9.037,900.8125131080662,196.0424038910165,0.2,0.2,20.249999999999996,0.8,0.8,900.0,0.007,5
9.044,900.8727156507521,195.98690645898324,0.2,0.2,20.249999999999996,0.8,0.8,900.0,0.007,5
9.051,900.932063164815,196.41717875315584,0.2,0.2,20.249999999999996,0.8,0.8,900.0,0.007,5
9.058,900.9887858393092,197.40848504397016,0.2,0.2,20.249999999999996,0.8,0.8,900.0,0.007,5
9.065,901.0415679581197,198.9590162535604,0.2,0.2,20.249999999999996,0.8,0.8,900.0,0.007,5
9.072000000000001,901.0891261344013,201.07593663123777,0.2,0.2,20.249999999999996,0.8,0.8,900.0,0.007,5
9.079,901.1300817076063,203.76661134164573,0.2,0.2,20.249999999999996,0.8,0.8,900.0,0.007,5
9.086,901.1638295518585,206.8358930595417,0.2,0.2,20.249999999999996,0.8,0.8,900.0,0.007,5
9.093,901.1894532063898,210.0954676646573,0.2,0.2,20.249999999999996,0.8,0.8,900.0,0.007,5
9.1,901.2048449388193,213.61598180392664,0.2,0.2,20.249999999999996,0.8,0.8,900.0,0.007,5
9.107,901.2095873628602,217.34443325383236,0.2,0.2,20.249999999999996,0.8,0.8,900.0,0.007,5
9.114,901.203908174099,220.99834779892623,0.2,0.2,20.249999999999996,0.8,0.8,900.0,0.007,5
9.121,901.1876800322563,224.25332300812386,0.2,0.2,20.249999999999996,0.8,0.8,900.0,0.007,5
9.128,901.1599607019415,227.2285644589534,0.2,0.2,20.249999999999996,0.8,0.8,900.0,0.007,5
9.135,901.1200688073668,229.75751942769656,0.2,0.2,20.249999999999996,0.8,0.8,900.0,0.007,5
9.142,901.0689515172254,231.6227712050588,0.2,0.2,20.249999999999996,0.8,0.8,900.0,0.007,5
9.149000000000001,901.0089494460188,232.60293339083506,0.2,0.2,20.249999999999996,0.8,0.8,900.0,0.007,5
9.156,900.9417955529736,232.73418658159514,0.2,0.2,20.249999999999996,0.8,0.8,900.0,0.007,5
9.163,900.8712679790746,231.97181420790997,0.2,0.2,20.249999999999996,0.8,0.8,900.0,0.007,5
9.17,900.8018626965728,230.26843989860672,0.2,0.2,20.249999999999996,0.8,0.8,900.0,0.007,5
9.177,900.7370378488849,227.88317487251038,0.2,0.2,20.249999999999996,0.8,0.8,900.0,0.007,5
9.184000000000001,900.679763951787,225.07324025039003,0.2,0.2,20.249999999999996,0.8,0.8,900.0,0.007,5
9.191,900.6331443182336,221.95737004339557,0.2,0.2,20.249999999999996,0.8,0.8,900.0,0.007,5
9.198,900.5992126214198,218.73410266625922,0.2,0.2,20.249999999999996,0.8,0.8,900.0,0.007,5
9.205,900.5788749520492,215.56793748482062,0.2,0.2,20.249999999999996,0.8,0.8,900.0,0.007,5
9.212,900.5719420797938,212.58038708756106,0.2,0.2,20.249999999999996,0.8,0.8,900.0,0.007,5
9.219,900.5774433932387,209.84835132087963,0.2,0.2,20.249999999999996,0.8,0.8,900.0,0.007,5
9.226,900.5941786404899,207.39749314520094,0.2,0.2,20.249999999999996,0.8,0.8,900.0,0.007,5
9.233,900.6195763674926,205.32012816322234,0.2,0.2,20.249999999999996,0.8,0.8,900.0,0.007,5
9.24,900.6515769331853,203.6337608175182,0.2,0.2,20.249999999999996,0.8,0.8,900.0,0.007,5
9.247,900.6881536362462,202.348351585504,0.2,0.2,20.249999999999996,0.8,0.8,900.0,0.007,5
9.254,900.7274580376674,201.48704692030645,0.2,0.2,20.249999999999996,0.8,0.8,900.0,0.007,5
9.261000000000001,900.7681322050839,201.06263141653687,0.2,0.2,20.249999999999996,0.8,0.8,900.0,0.007,5
9.268,900.8091451004975,201.08999644121826,0.2,0.2,20.249999999999996,0.8,0.8,900.0,0.007,5
9.275,900.8490364972785,201.5590565021283,0.2,0.2,20.249999999999996,0.8,0.8,900.0,0.007,5
9.282,900.88870291528,202.04623399886003,0.2,0.2,20.249999999999996,0.8,0.8,900.0,0.007,5
9.289,900.9245104654436,203.44894126486128,0.2,0.2,20.249999999999996,0.8,0.8,900.0,0.007,5
9.296,900.956473239392,205.29107274985557,0.2,0.2,20.249999999999996,0.8,0.8,900.0,0.007,5
9.303,900.9843200838905,207.47306333150763,0.2,0.2,20.249999999999996,0.8,0.8,900.0,0.007,5
9.31,901.0081338116427,209.7828010988557,0.2,0.2,20.249999999999996,0.8,0.8,900.0,0.007,5
9.317,901.0279120921274,212.02520360433525,0.2,0.2,20.249999999999996,0.8,0.8,900.0,0.007,5
9.324,901.0421221066862,214.28225008740716,0.2,0.2,20.249999999999996,0.8,0.8,900.0,0.007,5
9.331,901.0510007895848,216.32947467821194,0.2,0.2,20.249999999999996,0.8,0.8,900.0,0.007,5
9.338000000000001,901.0552635807019,218.03679888310643,0.2,0.2,20.249999999999996,0.8,0.8,900.0,0.007,5
9.345,901.0538037302022,219.49119240663936,0.2,0.2,20.249999999999996,0.8,0.8,900.0,0.007,5
9.352,901.046249932384,220.67299682483244,0.2,0.2,20.249999999999996,0.8,0.8,900.0,0.007,5
9.359,901.0329805239232,221.5730588216458,0.2,0.2,20.249999999999996,0.8,0.8,900.0,0.007,5
9.366,901.0145346349689,222.24425322685607,0.2,0.2,20.249999999999996,0.8,0.8,900.0,0.007,5
9.373,900.9917770470391,222.6725653375637,0.2,0.2,20.249999999999996,0.8,0.8,900.0,0.007,5
9.38,900.965709435605,222.8384268834556,0.2,0.2,20.249999999999996,0.8,0.8,900.0,0.007,5
9.387,900.9379163949632,222.71585620511377,0.2,0.2,20.249999999999996,0.8,0.8,900.0,0.007,5
9.394,900.9093503354388,222.36671254250217,0.2,0.2,20.249999999999996,0.8,0.8,900.0,0.007,5
9.401,900.8818961543747,221.77550485084564,0.2,0.2,20.249999999999996,0.8,0.8,900.0,0.007,5
9.408,900.8568596008589,221.01817546697518,0.2,0.2,20.249999999999996,0.8,0.8,900.0,0.007,5
9.415000000000001,900.8362074801763,220.08973787003777,0.2,0.2,20.249999999999996,0.8,0.8,900.0,0.007,5
9.422,900.8224948914477,218.74853240236973,0.2,0.2,20.249999999999996,0.8,0.8,900.0,0.007,5
9.429,900.8147198933278,217.66479631362367,0.2,0.2,20.249999999999996,0.8,0.8,900.0,0.007,5
9.436,900.812161887582,216.76560924534866,0.2,0.2,20.249999999999996,0.8,0.8,900.0,0.007,5
9.443,900.8152062421032,215.86802620029985,0.2,0.2,20.249999999999996,0.8,0.8,900.0,0.007,5
9.450000000000001,900.8233993385322,215.07472237062004,0.2,0.2,20.249999999999996,0.8,0.8,900.0,0.007,5
9.457,900.835866846826,214.43248408651374,0.2,0.2,20.249999999999996,0.8,0.8,900.0,0.007,5
9.464,900.8512820341032,214.02803478253264,0.2,0.2,20.249999999999996,0.8,0.8,900.0,0.007,5
9.471,900.869218700985,213.82848334802358,0.2,0.2,20.249999999999996,0.8,0.8,900.0,0.007,5
9.478,900.8889073620294,213.84033803288716,0.2,0.2,20.249999999999996,0.8,0.8,900.0,0.007,5
9.485,900.9106546520494,213.67668717084996,0.2,0.2,20.249999999999996,0.8,0.8,900.0,0.007,5
9.492,900.9311312423637,214.10051955614202,0.2,0.2,20.249999999999996,0.8,0.8,900.0,0.007,5
9.499,900.9499987336322,214.7633658458112,0.2,0.2,20.249999999999996,0.8,0.8,900.0,0.007,5
9.506,900.9669015005081,215.40777989262395,0.2,0.2,20.249999999999996,0.8,0.8,900.0,0.007,5
9.513,900.9798989414184,216.28101809893067,0.2,0.2,20.249999999999996,0.8,0.8,900.0,0.007,5
9.52,900.9883575096561,217.07368516849365,0.2,0.2,20.249999999999996,0.8,0.8,900.0,0.007,5
9.527000000000001,900.9917096344112,217.84902684449975,0.2,0.2,20.249999999999996,0.8,0.8,900.0,0.007,5
9.534,900.988454626734,218.45114519747108,0.2,0.2,20.249999999999996,0.8,0.8,900.0,0.007,5
9.541,900.9790871633485,218.68537478172905,0.2,0.2,20.249999999999996,0.8,0.8,900.0,0.007,5
9.548,900.9643097393376,218.48692427454188,0.2,0.2,20.249999999999996,0.8,0.8,900.0,0.007,5
9.555,900.9447535537764,218.02313207819677,0.2,0.2,20.249999999999996,0.8,0.8,900.0,0.007,5
9.562,900.9221009304174,217.22379270352326,0.2,0.2,20.249999999999996,0.8,0.8,900.0,0.007,5
9.569,900.8968499200762,216.38123234658454,0.2,0.2,20.249999999999996,0.8,0.8,900.0,0.007,5
9.576,900.8712292402727,215.42613455636084,0.2,0.2,20.249999999999996,0.8,0.8,900.0,0.007,5
9.583,900.8476986586139,214.34484061288933,0.2,0.2,20.249999999999996,0.8,0.8,900.0,0.007,5
9.59,900.826384193843,213.23439087174745,0.2,0.2,20.249999999999996,0.8,0.8,900.0,0.007,5
9.597,900.8088813909968,212.03644603135757,0.2,0.2,20.249999999999996,0.8,0.8,900.0,0.007,5
9.604000000000001,900.7959223218431,210.7954073694403,0.2,0.2,20.249999999999996,0.8,0.8,900.0,0.007,5
9.611,900.787036708407,209.5543302716828,0.2,0.2,20.249999999999996,0.8,0.8,900.0,0.007,5
9.618,900.7823728289777,208.3409266412629,0.2,0.2,20.249999999999996,0.8,0.8,900.0,0.007,5
9.625,900.7813323277205,207.26743667307625,0.2,0.2,20.249999999999996,0.8,0.8,900.0,0.007,5
9.632,900.7822252271365,206.38248820886454,0.2,0.2,20.249999999999996,0.8,0.8,900.0,0.007,5
9.639,900.7843881163843,205.68200481158058,0.2,0.2,20.249999999999996,0.8,0.8,900.0,0.007,5
9.646,900.7874253666316,205.15304002391937,0.2,0.2,20.249999999999996,0.8,0.8,900.0,0.007,5
9.653,900.7911574415152,204.79078718576784,0.2,0.2,20.249999999999996,0.8,0.8,900.0,0.007,5
9.66,900.7954234713143,204.57702164966048,0.2,0.2,20.249999999999996,0.8,0.8,900.0,0.007,5
9.667,900.8001177002166,204.48757374882948,0.2,0.2,20.249999999999996,0.8,0.8,900.0,0.007,5
9.674,900.8052752454151,204.47211116645533,0.2,0.2,20.249999999999996,0.8,0.8,900.0,0.007,5
9.681000000000001,900.8112476387488,204.37669799881564,0.2,0.2,20.249999999999996,0.8,0.8,900.0,0.007,5
9.688,900.8179957201564,204.2957748309936,0.2,0.2,20.249999999999996,0.8,0.8,900.0,0.007,5
9.695,900.8251135867692,204.27900380965625,0.2,0.2,20.249999999999996,0.8,0.8,900.0,0.007,5
9.702,900.8332627529824,204.21000684439335,0.2,0.2,20.249999999999996,0.8,0.8,900.0,0.007,5
9.709,900.8429939905293,204.05558469748615,0.2,0.2,20.249999999999996,0.8,0.8,900.0,0.007,5
9.716000000000001,900.8546344475137,203.79444874299833,0.2,0.2,20.249999999999996,0.8,0.8,900.0,0.007,5
9.723,900.8693687734211,203.35996384447859,0.2,0.2,20.249999999999996,0.8,0.8,900.0,0.007,5
9.73,900.8854524565123,203.20729207287172,0.2,0.2,20.249999999999996,0.8,0.8,900.0,0.007,5
9.737,900.9025569649956,203.24266071172804,0.2,0.2,20.249999999999996,0.8,0.8,900.0,0.007,5
9.744,900.9210872247385,203.42734837334186,0.2,0.2,20.249999999999996,0.8,0.8,900.0,0.007,5
9.751,900.9398329308589,203.83891896481396,0.2,0.2,20.249999999999996,0.8,0.8,900.0,0.007,5
9.758000000000001,900.958377104339,204.45769612832854,0.2,0.2,20.249999999999996,0.8,0.8,900.0,0.007,5
9.765,900.9761055841133,205.26660619033396,0.2,0.2,20.249999999999996,0.8,0.8,900.0,0.007,5
9.772,900.9921199948341,206.24126280504035,0.2,0.2,20.249999999999996,0.8,0.8,900.0,0.007,5
9.779,901.0056083389992,207.31579874627096,0.2,0.2,20.249999999999996,0.8,0.8,900.0,0.007,5
9.786,901.015833162197,208.45250649777765,0.2,0.2,20.249999999999996,0.8,0.8,900.0,0.007,5
9.793000000000001,901.0218528916453,209.63404041395845,0.2,0.2,20.249999999999996,0.8,0.8,900.0,0.007,5
9.8,901.0234024097708,210.69128241031177,0.2,0.2,20.249999999999996,0.8,0.8,900.0,0.007,5
9.807,901.0202490770508,211.70707123722744,0.2,0.2,20.249999999999996,0.8,0.8,900.0,0.007,5
9.814,901.0128522800452,212.6223296733763,0.2,0.2,20.249999999999996,0.8,0.8,900.0,0.007,5
9.821,901.0027034145276,213.40588915365973,0.2,0.2,20.249999999999996,0.8,0.8,900.0,0.007,5
9.828,900.9913654953306,214.02184372330737,0.2,0.2,20.249999999999996,0.8,0.8,900.0,0.007,5
9.835,900.9805532890401,214.25210162682936,0.2,0.2,20.249999999999996,0.8,0.8,900.0,0.007,5
9.842,900.9682946328695,214.60159197479248,0.2,0.2,20.249999999999996,0.8,0.8,900.0,0.007,5
9.849,900.955853880285,214.6946086064321,0.2,0.2,20.249999999999996,0.8,0.8,900.0,0.007,5
9.856,900.9423464821926,214.67093972498552,0.2,0.2,20.249999999999996,0.8,0.8,900.0,0.007,5
9.863,900.9276472215722,214.37222728142265,0.2,0.2,20.249999999999996,0.8,0.8,900.0,0.007,5
9.870000000000001,900.9111659150315,213.83319971696412,0.2,0.2,20.249999999999996,0.8,0.8,900.0,0.007,5
9.877,900.8928226242749,213.08390378059855,0.2,0.2,20.249999999999996,0.8,0.8,900.0,0.007,5
9.884,900.872474949119,212.2453764334847,0.2,0.2,20.249999999999996,0.8,0.8,900.0,0.007,5
9.891,900.8503611727384,211.387741311201,0.2,0.2,20.249999999999996,0.8,0.8,900.0,0.007,5
9.898,900.8275846531146,210.52666547376404,0.2,0.2,20.249999999999996,0.8,0.8,900.0,0.007,5
9.905,900.804870440277,209.6542391494846,0.2,0.2,20.249999999999996,0.8,0.8,900.0,0.007,5
9.912,900.7852234049062,208.280997947366,0.2,0.2,20.249999999999996,0.8,0.8,900.0,0.007,5
9.919,900.7676387745123,207.18054103270055,0.2,0.2,20.249999999999996,0.8,0.8,900.0,0.007,5
9.926,900.7521049685248,206.27901004308754,0.2,0.2,20.249999999999996,0.8,0.8,900.0,0.007,5
9.933,900.7405196749756,205.3966490404804,0.2,0.2,20.249999999999996,0.8,0.8,900.0,0.007,5
9.94,900.7332128472435,204.60133331152457,0.2,0.2,20.249999999999996,0.8,0.8,900.0,0.007,5
9.947000000000001,900.7309500747378,203.77926264730186,0.2,0.2,20.249999999999996,0.8,0.8,900.0,0.007,5
9.954,900.7340061188519,202.96377503324823,0.2,0.2,20.249999999999996,0.8,0.8,900.0,0.007,5
9.961,900.7431217235611,201.93507370340018,0.2,0.2,20.249999999999996,0.8,0.8,900.0,0.007,5
9.968,900.7563186952792,201.0992651795259,0.2,0.2,20.249999999999996,0.8,0.8,900.0,0.007,5
9.975,900.7734295415189,200.33610223462907,0.2,0.2,20.249999999999996,0.8,0.8,900.0,0.007,5
9.982000000000001,900.79403747063,199.70349687309653,0.2,0.2,20.249999999999996,0.8,0.8,900.0,0.007,5
9.989,900.8163890383819,199.19791276402273,0.2,0.2,20.249999999999996,0.8,0.8,900.0,0.007,5
9.996,900.8404276736331,198.6766970304471,0.2,0.2,20.249999999999996,0.8,0.8,900.0,0.007,5
10.003,900.8616686924308,198.60432926487232,0.2,0.2,20.249999999999996,0.8,0.8,900.0,0.007,5
10.01,900.8807715259115,198.6128467659136,0.2,0.2,20.249999999999996,0.8,0.8,900.0,0.007,5
10.017,900.8963142435606,198.68234969182083,0.2,0.2,20.249999999999996,0.8,0.8,900.0,0.007,5
10.024000000000001,900.9077276562948,198.7739375717111,0.2,0.2,20.249999999999996,0.8,0.8,900.0,0.007,5
10.031,900.915126367352,198.92556420519745,0.2,0.2,20.249999999999996,0.8,0.8,900.0,0.007,5
10.038,900.918841340038,199.156266014624,0.2,0.2,20.249999999999996,0.8,0.8,900.0,0.007,5
10.045,900.9199042195105,199.4360165678489,0.2,0.2,20.249999999999996,0.8,0.8,900.0,0.007,5
10.052,900.9188074227525,199.79002913370454,0.2,0.2,20.249999999999996,0.8,0.8,900.0,0.007,5
10.059000000000001,900.916690174549,200.09494609781052,0.2,0.2,20.249999999999996,0.8,0.8,900.0,0.007,5
10.066,900.9147035822672,200.25127288255376,0.2,0.2,20.249999999999996,0.8,0.8,900.0,0.007,5
10.073,900.9139324454142,200.2135301225232,0.2,0.2,20.249999999999996,0.8,0.8,900.0,0.007,5
10.08,900.9152206072749,200.0201132433655,0.2,0.2,20.249999999999996,0.8,0.8,900.0,0.007,5
10.087,900.9194925199768,199.76579147603832,0.2,0.2,20.249999999999996,0.8,0.8,900.0,0.007,5
10.094,900.9271140209074,199.60113797864963,0.2,0.2,20.249999999999996,0.8,0.8,900.0,0.007,5
10.101,900.9372367528682,199.6378518372499,0.2,0.2,20.249999999999996,0.8,0.8,900.0,0.007,5
10.108,900.9495918082569,199.91010879005236,0.2,0.2,20.249999999999996,0.8,0.8,900.0,0.007,5
10.115,900.9641471363301,200.26898201898337,0.2,0.2,20.249999999999996,0.8,0.8,900.0,0.007,5
10.122,900.9798882830954,200.73830258916098,0.2,0.2,20.249999999999996,0.8,0.8,900.0,0.007,5
10.129,900.9945525932907,201.43543157131904,0.2,0.2,20.249999999999996,0.8,0.8,900.0,0.007,5
10.136000000000001,901.0073470743573,202.25116235861628,0.2,0.2,20.249999999999996,0.8,0.8,900.0,0.007,5
10.143,901.016779880967,203.15317997103918,0.2,0.2,20.249999999999996,0.8,0.8,900.0,0.007,5
10.15,901.0210897807198,204.1125300365367,0.2,0.2,20.249999999999996,0.8,0.8,900.0,0.007,5
10.157,901.0191418412305,205.06498798451875,0.2,0.2,20.249999999999996,0.8,0.8,900.0,0.007,5
10.164,901.0108096627004,205.84385638801777,0.2,0.2,20.249999999999996,0.8,0.8,900.0,0.007,5
10.171,900.9958169635996,206.53044857368042,0.2,0.2,20.249999999999996,0.8,0.8,900.0,0.007,5
10.178,900.9750947051324,207.0082174333669,0.2,0.2,20.249999999999996,0.8,0.8,900.0,0.007,5
10.185,900.9509934195454,207.12231081452603,0.2,0.2,20.249999999999996,0.8,0.8,900.0,0.007,5
10.192,900.9249531255733,207.10078207699542,0.2,0.2,20.249999999999996,0.8,0.8,900.0,0.007,5
10.199,900.8991969540048,206.81404594599414,0.2,0.2,20.249999999999996,0.8,0.8,900.0,0.007,5
10.206,900.8750678628271,206.57007267477607,0.2,0.2,20.249999999999996,0.8,0.8,900.0,0.007,5
10.213000000000001,900.8542631094314,206.30994323036617,0.2,0.2,20.249999999999996,0.8,0.8,900.0,0.007,5
10.22,900.8382991794363,205.98905487521475,0.2,0.2,20.249999999999996,0.8,0.8,900.0,0.007,5
10.227,900.8280109347622,205.63521662284893,0.2,0.2,20.249999999999996,0.8,0.8,900.0,0.007,5
10.234,900.8232906066381,205.28153894952155,0.2,0.2,20.249999999999996,0.8,0.8,900.0,0.007,5
10.241,900.8234293911565,204.95234077125062,0.2,0.2,20.249999999999996,0.8,0.8,900.0,0.007,5
10.248,900.8270910615842,204.72769525644858,0.2,0.2,20.249999999999996,0.8,0.8,900.0,0.007,5
10.255,900.8327952301781,204.61129349472708,0.2,0.2,20.249999999999996,0.8,0.8,900.0,0.007,5
10.262,900.839035315056,204.59182134937166,0.2,0.2,20.249999999999996,0.8,0.8,900.0,0.007,5
10.269,900.8444087583058,204.6522221434829,0.2,0.2,20.249999999999996,0.8,0.8,900.0,0.007,5
10.276,900.8488223308449,204.55456971651475,0.2,0.2,20.249999999999996,0.8,0.8,900.0,0.007,5
10.283,900.850231470176,204.6475612732413,0.2,0.2,20.249999999999996,0.8,0.8,900.0,0.007,5
10.290000000000001,900.8483126953215,204.78032444314675,0.2,0.2,20.249999999999996,0.8,0.8,900.0,0.007,5
10.297,900.8434839208583,204.90454994576342,0.2,0.2,20.249999999999996,0.8,0.8,900.0,0.007,5
10.304,900.8364457062188,204.94288526285828,0.2,0.2,20.249999999999996,0.8,0.8,900.0,0.007,5
10.311,900.828178826019,204.91076967842403,0.2,0.2,20.249999999999996,0.8,0.8,900.0,0.007,5
10.318,900.8185276242839,204.8765632720262,0.2,0.2,20.249999999999996,0.8,0.8,900.0,0.007,5
10.325000000000001,900.8089146836846,204.71643607338868,0.2,0.2,20.249999999999996,0.8,0.8,900.0,0.007,5
10.332,900.8004489927522,204.4036327461462,0.2,0.2,20.249999999999996,0.8,0.8,900.0,0.007,5
10.339,900.7936366038614,203.97310478964476,0.2,0.2,20.249999999999996,0.8,0.8,900.0,0.007,5
10.346,900.7897096499876,203.40603811722858,0.2,0.2,20.249999999999996,0.8,0.8,900.0,0.007,5
10.353,900.7896036176567,202.71363541133238,0.2,0.2,20.249999999999996,0.8,0.8,900.0,0.007,5
10.36,900.7940852818233,201.9308563779392,0.2,0.2,20.249999999999996,0.8,0.8,900.0,0.007,5
10.367,900.8036146755078,201.13499025779137,0.2,0.2,20.249999999999996,0.8,0.8,900.0,0.007,5
10.374,900.8182176888906,200.38723782117228,0.2,0.2,20.249999999999996,0.8,0.8,900.0,0.007,5
10.381,900.8375108398185,199.76456956805606,0.2,0.2,20.249999999999996,0.8,0.8,900.0,0.007,5
10.388,900.8606500420246,199.3114677695019,0.2,0.2,20.249999999999996,0.8,0.8,900.0,0.007,5
10.395,900.8870716105052,199.0530174366621,0.2,0.2,20.249999999999996,0.8,0.8,900.0,0.007,5
10.402000000000001,900.9160102282059,199.02088587986646,0.2,0.2,20.249999999999996,0.8,0.8,900.0,0.007,5
10.409,900.9460404281211,199.25689465345917,0.2,0.2,20.249999999999996,0.8,0.8,900.0,0.007,5
10.416,900.975975125219,199.76742858260343,0.2,0.2,20.249999999999996,0.8,0.8,900.0,0.007,5
10.423,901.0045037191715,200.5556959680429,0.2,0.2,20.249999999999996,0.8,0.8,900.0,0.007,5
10.43,901.0304046672463,201.61804248373926,0.2,0.2,20.249999999999996,0.8,0.8,900.0,0.007,5
10.437,901.0529462864863,202.84926904311777,0.2,0.2,20.249999999999996,0.8,0.8,900.0,0.007,5
10.444,901.0711940652156,204.28876283977255,0.2,0.2,20.249999999999996,0.8,0.8,900.0,0.007,5
10.451,901.0833488830726,205.9899288997,0.2,0.2,20.249999999999996,0.8,0.8,900.0,0.007,5
10.458,901.0888011631802,207.85345018403603,0.2,0.2,20.249999999999996,0.8,0.8,900.0,0.007,5
10.465,901.0870890017671,209.80605706522235,0.2,0.2,20.249999999999996,0.8,0.8,900.0,0.007,5
10.472,901.0777198153993,211.77162721663075,0.2,0.2,20.249999999999996,0.8,0.8,900.0,0.007,5
10.479000000000001,901.0608257847687,213.59784355474852,0.2,0.2,20.249999999999996,0.8,0.8,900.0,0.007,5
10.486,901.0355997775146,215.2582426401459,0.2,0.2,20.249999999999996,0.8,0.8,900.0,0.007,5
10.493,901.0019872642157,216.5943766009451,0.2,0.2,20.249999999999996,0.8,0.8,900.0,0.007,5
10.5,900.9603096380621,217.46132611548813,0.2,0.2,20.249999999999996,0.8,0.8,900.0,0.007,5
10.507,900.9125115306257,217.37469617014773,0.2,0.2,20.249999999999996,0.8,0.8,900.0,0.007,5
10.514,900.8596104606825,216.85465766822887,0.2,0.2,20.249999999999996,0.8,0.8,900.0,0.007,5
10.521,900.8042043229526,215.6734269038769,0.2,0.2,20.249999999999996,0.8,0.8,900.0,0.007,5
10.528,900.7495036742267,213.95574012735685,0.2,0.2,20.249999999999996,0.8,0.8,900.0,0.007,5
10.535,900.6986307250838,211.90133777744683,0.2,0.2,20.249999999999996,0.8,0.8,900.0,0.007,5
10.542,900.6540978389367,209.7192794472304,0.2,0.2,20.249999999999996,0.8,0.8,900.0,0.007,5
10.549,900.6179959545541,207.52937362919576,0.2,0.2,20.249999999999996,0.8,0.8,900.0,0.007,5
10.556000000000001,900.5918992286296,205.43842657492854,0.2,0.2,20.249999999999996,0.8,0.8,900.0,0.007,5
10.563,900.5771216692242,203.51341247020534,0.2,0.2,20.249999999999996,0.8,0.8,900.0,0.007,5
10.57,900.5736491560581,201.79388583809006,0.2,0.2,20.249999999999996,0.8,0.8,900.0,0.007,5
10.577,900.581721146422,200.1906828602754,0.2,0.2,20.249999999999996,0.8,0.8,900.0,0.007,5
10.584,900.6001799704947,198.8495398319383,0.2,0.2,20.249999999999996,0.8,0.8,900.0,0.007,5
10.591000000000001,900.6272662069109,197.82384175113498,0.2,0.2,20.249999999999996,0.8,0.8,900.0,0.007,5
10.598,900.6623563871761,197.02286363240592,0.2,0.2,20.249999999999996,0.8,0.8,900.0,0.007,5
10.605,900.7045684818777,196.40561371178035,0.2,0.2,20.249999999999996,0.8,0.8,900.0,0.007,5
10.612,900.751095450624,196.04334013310554,0.2,0.2,20.249999999999996,0.8,0.8,900.0,0.007,5
10.619,900.8005830705379,195.9116693171516,0.2,0.2,20.249999999999996,0.8,0.8,900.0,0.007,5
10.626,900.8515897952292,196.03097522895652,0.2,0.2,20.249999999999996,0.8,0.8,900.0,0.007,5
10.633000000000001,900.9037707147386,196.15224997702123,0.2,0.2,20.249999999999996,0.8,0.8,900.0,0.007,5
10.64,900.9542678630113,196.84493342294851,0.2,0.2,20.249999999999996,0.8,0.8,900.0,0.007,5
10.647,901.0021224786184,197.82729541533385,0.2,0.2,20.249999999999996,0.8,0.8,900.0,0.007,5
10.654,901.0464127639368,199.1022354229395,0.2,0.2,20.249999999999996,0.8,0.8,900.0,0.007,5
10.661,901.0866606852153,200.6180677731422,0.2,0.2,20.249999999999996,0.8,0.8,900.0,0.007,5
10.668000000000001,901.1227006627556,202.31418431663337,0.2,0.2,20.249999999999996,0.8,0.8,900.0,0.007,5
10.675,901.153147824944,204.24124870569784,0.2,0.2,20.249999999999996,0.8,0.8,900.0,0.007,5
10.682,901.1775304863114,206.37024622328613,0.2,0.2,20.249999999999996,0.8,0.8,900.0,0.007,5
10.689,901.1952754155699,208.6594000344157,0.2,0.2,20.249999999999996,0.8,0.8,900.0,0.007,5
10.696,901.2053937555253,211.15174667995115,0.2,0.2,20.249999999999996,0.8,0.8,900.0,0.007,5
10.703,901.207016022028,213.8458733349319,0.2,0.2,20.249999999999996,0.8,0.8,900.0,0.007,5
10.71,901.2001984670444,216.5753909644133,0.2,0.2,20.249999999999996,0.8,0.8,900.0,0.007,5
10.717,901.1830731861272,219.3406534655023,0.2,0.2,20.249999999999996,0.8,0.8,900.0,0.007,5
10.724,901.155327117501,221.89536059303975,0.2,0.2,20.249999999999996,0.8,0.8,900.0,0.007,5
10.731,901.1174444862932,224.1259174753611,0.2,0.2,20.249999999999996,0.8,0.8,900.0,0.007,5
10.738,901.0701581339001,225.8916630967009,0.2,0.2,20.249999999999996,0.8,0.8,900.0,0.007,5
10.745000000000001,901.0153211371495,226.97988053774927,0.2,0.2,20.249999999999996,0.8,0.8,900.0,0.007,5
10.752,900.9550468187682,227.2793962777004,0.2,0.2,20.249999999999996,0.8,0.8,900.0,0.007,5
10.759,900.891616405219,226.75965994590607,0.2,0.2,20.249999999999996,0.8,0.8,900.0,0.007,5
10.766,900.8276563492692,225.46663679130185,0.2,0.2,20.249999999999996,0.8,0.8,900.0,0.007,5
10.773,900.7659626956557,223.49866263557152,0.2,0.2,20.249999999999996,0.8,0.8,900.0,0.007,5
10.78,900.7087689894503,221.01832601506163,0.2,0.2,20.249999999999996,0.8,0.8,900.0,0.007,5
10.787,900.658576520173,218.16461059253618,0.2,0.2,20.249999999999996,0.8,0.8,900.0,0.007,5
10.794,900.6177558476426,215.07618455235374,0.2,0.2,20.249999999999996,0.8,0.8,900.0,0.007,5
10.801,900.5866600312202,211.97554059481004,0.2,0.2,20.249999999999996,0.8,0.8,900.0,0.007,5
10.808,900.5661388092906,209.00306059320005,0.2,0.2,20.249999999999996,0.8,0.8,900.0,0.007,5
10.815,900.5567711349979,206.26739465490448,0.2,0.2,20.249999999999996,0.8,0.8,900.0,0.007,5
10.822000000000001,900.5581560492226,203.82439904027694,0.2,0.2,20.249999999999996,0.8,0.8,900.0,0.007,5
10.829,900.5699248881657,201.70488655091762,0.2,0.2,20.249999999999996,0.8,0.8,900.0,0.007,5
10.836,900.5913840284074,199.90074019225688,0.2,0.2,20.249999999999996,0.8,0.8,900.0,0.007,5
10.843,900.6214122731893,198.39028366585026,0.2,0.2,20.249999999999996,0.8,0.8,900.0,0.007,5
10.85,900.6585510564616,197.16658932784603,0.2,0.2,20.249999999999996,0.8,0.8,900.0,0.007,5
10.857000000000001,900.7015620823526,196.22399116126633,0.2,0.2,20.249999999999996,0.8,0.8,900.0,0.007,5
10.864,900.7491594976764,195.56718822395771,0.2,0.2,20.249999999999996,0.8,0.8,900.0,0.007,5
10.871,900.8000748081661,195.21471439978785,0.2,0.2,20.249999999999996,0.8,0.8,900.0,0.007,5
10.878,900.8532289634268,195.1481253184463,0.2,0.2,20.249999999999996,0.8,0.8,900.0,0.007,5
10.885,900.9073860538987,195.37575492739413,0.2,0.2,20.249999999999996,0.8,0.8,900.0,0.007,5
10.892,900.961260441527,195.87559339960458,0.2,0.2,20.249999999999996,0.8,0.8,900.0,0.007,5
10.899000000000001,901.0133986683948,196.876671112904,0.2,0.2,20.249999999999996,0.8,0.8,900.0,0.007,5
10.906,901.062261701385,198.3473831272695,0.2,0.2,20.249999999999996,0.8,0.8,900.0,0.007,5
10.913,901.1063520656438,200.2033617606923,0.2,0.2,20.249999999999996,0.8,0.8,900.0,0.007,5
10.92,901.1450672362535,202.0909727107943,0.2,0.2,20.249999999999996,0.8,0.8,900.0,0.007,5
10.927,901.1758104955292,204.46455270110852,0.2,0.2,20.249999999999996,0.8,0.8,900.0,0.007,5
10.934000000000001,901.197154279769,207.05406801428774,0.2,0.2,20.249999999999996,0.8,0.8,900.0,0.007,5
10.941,901.2088950120071,209.69524699782235,0.2,0.2,20.249999999999996,0.8,0.8,900.0,0.007,5
10.948,901.2106966377382,212.3232867230562,0.2,0.2,20.249999999999996,0.8,0.8,900.0,0.007,5
10.955,901.202636509704,214.6982165500523,0.2,0.2,20.249999999999996,0.8,0.8,900.0,0.007,5
10.962,901.185711545993,216.95455265338373,0.2,0.2,20.249999999999996,0.8,0.8,900.0,0.007,5
10.969,901.1615173587692,218.92474402162506,0.2,0.2,20.249999999999996,0.8,0.8,900.0,0.007,5
10.976,901.1294122720926,220.83910989132636,0.2,0.2,20.249999999999996,0.8,0.8,900.0,0.007,5
10.983,901.0914551928772,222.37493748627625,0.2,0.2,20.249999999999996,0.8,0.8,900.0,0.007,5
10.99,901.0496286328723,223.44888214872503,0.2,0.2,20.249999999999996,0.8,0.8,900.0,0.007,5
10.997,901.0060983421216,223.99942606519144,0.2,0.2,20.249999999999996,0.8,0.8,900.0,0.007,5
11.004,900.963043185499,223.9793004800189,0.2,0.2,20.249999999999996,0.8,0.8,900.0,0.007,5
11.011000000000001,900.9217990444562,223.45463548570214,0.2,0.2,20.249999999999996,0.8,0.8,900.0,0.007,5
11.018,900.8839721380461,222.17560861059155,0.2,0.2,20.249999999999996,0.8,0.8,900.0,0.007,5
11.025,900.8506863631995,220.67157120321778,0.2,0.2,20.249999999999996,0.8,0.8,900.0,0.007,5
11.032,900.8199060937383,219.01990871529713,0.2,0.2,20.249999999999996,0.8,0.8,900.0,0.007,5
11.039,900.7927292534156,217.1469624808007,0.2,0.2,20.249999999999996,0.8,0.8,900.0,0.007,5
11.046,900.7702652129402,214.97265955045287,0.2,0.2,20.249999999999996,0.8,0.8,900.0,0.007,5
11.053,900.7523898436948,212.68437336947306,0.2,0.2,20.249999999999996,0.8,0.8,900.0,0.007,5
11.06,900.7391097029208,210.338611183933,0.2,0.2,20.249999999999996,0.8,0.8,900.0,0.007,5
11.067,900.7298006099514,208.05807647468387,0.2,0.2,20.249999999999996,0.8,0.8,900.0,0.007,5
11.074,900.7241509051979,205.90518556159998,0.2,0.2,20.249999999999996,0.8,0.8,900.0,0.007,5
11.081,900.721175560074,203.96849768772137,0.2,0.2,20.249999999999996,0.8,0.8,900.0,0.007,5
11.088000000000001,900.7206957299396,202.25764207196926,0.2,0.2,20.249999999999996,0.8,0.8,900.0,0.007,5
11.095,900.7228198173524,200.62792183611484,0.2,0.2,20.249999999999996,0.8,0.8,900.0,0.007,5
11.102,900.7277846566589,198.91745628872417,0.2,0.2,20.249999999999996,0.8,0.8,900.0,0.007,5
11.109,900.7331064918508,197.92199647348968,0.2,0.2,20.249999999999996,0.8,0.8,900.0,0.007,5
11.116,900.7380435510019,197.03972880224853,0.2,0.2,20.249999999999996,0.8,0.8,900.0,0.007,5
11.123000000000001,900.743081759984,196.28968217672255,0.2,0.2,20.249999999999996,0.8,0.8,900.0,0.007,5
11.13,900.7495726827368,195.36554787644846,0.2,0.2,20.249999999999996,0.8,0.8,900.0,0.007,5
11.137,900.7547287432844,194.938065093817,0.2,0.2,20.249999999999996,0.8,0.8,900.0,0.007,5
11.144,900.759642364674,194.69403321439836,0.2,0.2,20.249999999999996,0.8,0.8,900.0,0.007,5
11.151,900.7653055112295,194.51269563994367,0.2,0.2,20.249999999999996,0.8,0.8,900.0,0.007,5
11.158,900.7720159051485,194.35976721246325,0.2,0.2,20.249999999999996,0.8,0.8,900.0,0.007,5
11.165000000000001,900.7801111829338,194.2468959683916,0.2,0.2,20.249999999999996,0.8,0.8,900.0,0.007,5
11.172,900.7904293950436,194.01137056725617,0.2,0.2,20.249999999999996,0.8,0.8,900.0,0.007,5
11.179,900.8025155813417,193.94845143259965,0.2,0.2,20.249999999999996,0.8,0.8,900.0,0.007,5
11.186,900.8160293736447,194.05018451033447,0.2,0.2,20.249999999999996,0.8,0.8,900.0,0.007,5
11.193,900.8309812228509,194.25357593780353,0.2,0.2,20.249999999999996,0.8,0.8,900.0,0.007,5
11.200000000000001,900.8468421939558,194.56519516381346,0.2,0.2,20.249999999999996,0.8,0.8,900.0,0.007,5
11.207,900.8641651556487,194.86340587465276,0.2,0.2,20.249999999999996,0.8,0.8,900.0,0.007,5
11.214,900.8815885220607,195.17375619380854,0.2,0.2,20.249999999999996,0.8,0.8,900.0,0.007,5
11.221,900.8983208339894,195.7191215881271,0.2,0.2,20.249999999999996,0.8,0.8,900.0,0.007,5
11.228,900.9143943834366,196.38380425556107,0.2,0.2,20.249999999999996,0.8,0.8,900.0,0.007,5
11.235,900.9296286998157,197.10692749789612,0.2,0.2,20.249999999999996,0.8,0.8,900.0,0.007,5
11.242,900.9440536464311,197.80441325876325,0.2,0.2,20.249999999999996,0.8,0.8,900.0,0.007,5
11.249,900.9585993624244,198.2670514879617,0.2,0.2,20.249999999999996,0.8,0.8,900.0,0.007,5
11.256,900.9707870157114,199.03789346570315,0.2,0.2,20.249999999999996,0.8,0.8,900.0,0.007,5
11.263,900.98264754329,199.606355097157,0.2,0.2,20.249999999999996,0.8,0.8,900.0,0.007,5
11.27,900.9925348762043,200.45724159274192,0.2,0.2,20.249999999999996,0.8,0.8,900.0,0.007,5
11.277000000000001,901.0003062777115,201.34107540466522,0.2,0.2,20.249999999999996,0.8,0.8,900.0,0.007,5
11.284,901.006658373096,202.03817142355962,0.2,0.2,20.249999999999996,0.8,0.8,900.0,0.007,5
11.291,901.0094510558845,202.89701084488811,0.2,0.2,20.249999999999996,0.8,0.8,900.0,0.007,5
11.298,901.0091194106013,203.65474050802004,0.2,0.2,20.249999999999996,0.8,0.8,900.0,0.007,5
11.305,901.0058296166092,204.3168592785723,0.2,0.2,20.249999999999996,0.8,0.8,900.0,0.007,5
11.312,900.9988139139584,204.90900140230144,0.2,0.2,20.249999999999996,0.8,0.8,900.0,0.007,5
11.319,900.9882534102169,205.39858052410915,0.2,0.2,20.249999999999996,0.8,0.8,900.0,0.007,5
11.326,900.974855921588,205.7831818638331,0.2,0.2,20.249999999999996,0.8,0.8,900.0,0.007,5
11.333,900.9588611203309,206.00873779767818,0.2,0.2,20.249999999999996,0.8,0.8,900.0,0.007,5
11.34,900.9414541695689,205.97474812627544,0.2,0.2,20.249999999999996,0.8,0.8,900.0,0.007,5
11.347,900.922321485736,205.8652817972377,0.2,0.2,20.249999999999996,0.8,0.8,900.0,0.007,5
11.354000000000001,900.9022617696095,205.6288164708511,0.2,0.2,20.249999999999996,0.8,0.8,900.0,0.007,5
11.361,900.8823477709623,205.24245822309575,0.2,0.2,20.249999999999996,0.8,0.8,900.0,0.007,5
11.368,900.8638413815648,204.69695884948598,0.2,0.2,20.249999999999996,0.8,0.8,900.0,0.007,5
11.375,900.8470458814724,204.02356269038847,0.2,0.2,20.249999999999996,0.8,0.8,900.0,0.007,5
11.382,900.8325355481388,203.26400403977263,0.2,0.2,20.249999999999996,0.8,0.8,900.0,0.007,5
11.389000000000001,900.8198485814441,202.50726468135676,0.2,0.2,20.249999999999996,0.8,0.8,900.0,0.007,5
11.396,900.8097882817016,201.6917217065911,0.2,0.2,20.249999999999996,0.8,0.8,900.0,0.007,5
11.403,900.8026276322583,200.77333633330386,0.2,0.2,20.249999999999996,0.8,0.8,900.0,0.007,5
11.41,900.7988523572818,199.77984413699983,0.2,0.2,20.249999999999996,0.8,0.8,900.0,0.007,5
11.417,900.7968071973237,199.0292407767726,0.2,0.2,20.249999999999996,0.8,0.8,900.0,0.007,5
11.424,900.797183501623,198.36351822164767,0.2,0.2,20.249999999999996,0.8,0.8,900.0,0.007,5
11.431000000000001,900.800669883573,197.70982454826918,0.2,0.2,20.249999999999996,0.8,0.8,900.0,0.007,5
11.438,900.8063072281132,197.20482290551192,0.2,0.2,20.249999999999996,0.8,0.8,900.0,0.007,5
11.445,900.81429748503,196.79958327465565,0.2,0.2,20.249999999999996,0.8,0.8,900.0,0.007,5
11.452,900.824676653727,196.45462832375824,0.2,0.2,20.249999999999996,0.8,0.8,900.0,0.007,5
11.459,900.8370890432826,196.13812507489217,0.2,0.2,20.249999999999996,0.8,0.8,900.0,0.007,5
11.466000000000001,900.8512014364125,195.84252208537276,0.2,0.2,20.249999999999996,0.8,0.8,900.0,0.007,5
11.473,900.8665597622809,195.52931302262397,0.2,0.2,20.249999999999996,0.8,0.8,900.0,0.007,5
11.48,900.8816737247722,195.36121572386685,0.2,0.2,20.249999999999996,0.8,0.8,900.0,0.007,5
11.487,900.8972327062437,195.1544970545968,0.2,0.2,20.249999999999996,0.8,0.8,900.0,0.007,5
11.494,900.9116854909902,195.08629984800822,0.2,0.2,20.249999999999996,0.8,0.8,900.0,0.007,5
11.501,900.9244793852531,195.09897775006033,0.2,0.2,20.249999999999996,0.8,0.8,900.0,0.007,5
11.508000000000001,900.9352270453891,195.19633247951538,0.2,0.2,20.249999999999996,0.8,0.8,900.0,0.007,5
11.515,900.9442691949196,195.31158052203043,0.2,0.2,20.249999999999996,0.8,0.8,900.0,0.007,5
11.522,900.9514507258131,195.52485223016913,0.2,0.2,20.249999999999996,0.8,0.8,900.0,0.007,5
11.529,900.9559959316892,195.90511959089278,0.2,0.2,20.249999999999996,0.8,0.8,900.0,0.007,5
11.536,900.9591434528901,196.16780109959555,0.2,0.2,20.249999999999996,0.8,0.8,900.0,0.007,5
11.543000000000001,900.9601877903865,196.6430619755446,0.2,0.2,20.249999999999996,0.8,0.8,900.0,0.007,5
11.55,900.9595020324285,197.1946512600427,0.2,0.2,20.249999999999996,0.8,0.8,900.0,0.007,5
11.557,900.9582517989218,197.6594543843745,0.2,0.2,20.249999999999996,0.8,0.8,900.0,0.007,5
11.564,900.9570872220286,198.08452415947505,0.2,0.2,20.249999999999996,0.8,0.8,900.0,0.007,5
11.571,900.9575558311307,198.26297518342506,0.2,0.2,20.249999999999996,0.8,0.8,900.0,0.007,5
11.578,900.9575954488856,198.75799480124346,0.2,0.2,20.249999999999996,0.8,0.8,900.0,0.007,5
11.585,900.957577035958,199.2523358728232,0.2,0.2,20.249999999999996,0.8,0.8,900.0,0.007,5
11.592,900.9583915429125,199.65095598894547,0.2,0.2,20.249999999999996,0.8,0.8,900.0,0.007,5
11.599,900.960159624341,199.91757783383056,0.2,0.2,20.249999999999996,0.8,0.8,900.0,0.007,5
11.606,900.9616164471759,200.26965530220926,0.2,0.2,20.249999999999996,0.8,0.8,900.0,0.007,5
11.613,900.9613992147897,200.67410000234426,0.2,0.2,20.249999999999996,0.8,0.8,900.0,0.007,5
11.620000000000001,900.9598626563499,200.9325153582742,0.2,0.2,20.249999999999996,0.8,0.8,900.0,0.007,5
11.627,900.9561126482346,201.21367374667662,0.2,0.2,20.249999999999996,0.8,0.8,900.0,0.007,5
11.634,900.9488709804143,201.431471584325,0.2,0.2,20.249999999999996,0.8,0.8,900.0,0.007,5
11.641,900.93799898361,201.55455718555888,0.2,0.2,20.249999999999996,0.8,0.8,900.0,0.007,5
11.648,900.9235904631349,201.60466738418927,0.2,0.2,20.249999999999996,0.8,0.8,900.0,0.007,5
11.655,900.9063543167052,201.50306964865118,0.2,0.2,20.249999999999996,0.8,0.8,900.0,0.007,5
11.662,900.8867041846627,201.2307864362077,0.2,0.2,20.249999999999996,0.8,0.8,900.0,0.007,5
11.669,900.8656140207586,200.79600851171855,0.2,0.2,20.249999999999996,0.8,0.8,900.0,0.007,5
11.676,900.84458546367,200.17492422353973,0.2,0.2,20.249999999999996,0.8,0.8,900.0,0.007,5
11.683,900.8246372020637,199.39926175405225,0.2,0.2,20.249999999999996,0.8,0.8,900.0,0.007,5
11.69,900.8069430498854,198.47833118970956,0.2,0.2,20.249999999999996,0.8,0.8,900.0,0.007,5
11.697000000000001,900.7925378479744,197.4141210705042,0.2,0.2,20.249999999999996,0.8,0.8,900.0,0.007,5
11.704,900.7819351041045,196.31116675868842,0.2,0.2,20.249999999999996,0.8,0.8,900.0,0.007,5
11.711,900.7754676295248,195.2232714831772,0.2,0.2,20.249999999999996,0.8,0.8,900.0,0.007,5
11.718,900.7738443068264,194.09434040923063,0.2,0.2,20.249999999999996,0.8,0.8,900.0,0.007,5
11.725,900.7766225017209,193.06531466636298,0.2,0.2,20.249999999999996,0.8,0.8,900.0,0.007,5
11.732000000000001,900.7833293331955,192.1682880505261,0.2,0.2,20.249999999999996,0.8,0.8,900.0,0.007,5
11.739,900.7936372938156,191.3935800292037,0.2,0.2,20.249999999999996,0.8,0.8,900.0,0.007,5
11.746,900.8073270782546,190.79167325024792,0.2,0.2,20.249999999999996,0.8,0.8,900.0,0.007,5
11.753,900.8234932676872,190.43748366624902,0.2,0.2,20.249999999999996,0.8,0.8,900.0,0.007,5
11.76,900.8416285781027,190.28606616108186,0.2,0.2,20.249999999999996,0.8,0.8,900.0,0.007,5
11.767,900.860684936642,190.35147821445153,0.2,0.2,20.249999999999996,0.8,0.8,900.0,0.007,5
11.774000000000001,900.8794189616503,190.66424316155,0.2,0.2,20.249999999999996,0.8,0.8,900.0,0.007,5
11.781,900.8966243358943,191.18765162073402,0.2,0.2,20.249999999999996,0.8,0.8,900.0,0.007,5
11.788,900.911374086411,191.82005634159387,0.2,0.2,20.249999999999996,0.8,0.8,900.0,0.007,5
11.795,900.9228520316198,192.51256396364207,0.2,0.2,20.249999999999996,0.8,0.8,900.0,0.007,5
11.802,900.9308429367093,193.2097134984556,0.2,0.2,20.249999999999996,0.8,0.8,900.0,0.007,5
11.809000000000001,900.9352382736329,193.97029615979469,0.2,0.2,20.249999999999996,0.8,0.8,900.0,0.007,5
11.816,900.9357114704773,194.8511943483753,0.2,0.2,20.249999999999996,0.8,0.8,900.0,0.007,5
11.823,900.9322093585483,195.85107839632965,0.2,0.2,20.249999999999996,0.8,0.8,900.0,0.007,5
11.83,900.9248518333393,196.9170014322605,0.2,0.2,20.249999999999996,0.8,0.8,900.0,0.007,5
11.837,900.9141009656165,197.9207795823689,0.2,0.2,20.249999999999996,0.8,0.8,900.0,0.007,5
11.844,900.9010157411545,198.4286017922346,0.2,0.2,20.249999999999996,0.8,0.8,900.0,0.007,5
11.851,900.8854716969762,199.01185285445405,0.2,0.2,20.249999999999996,0.8,0.8,900.0,0.007,5
11.858,900.8681262613762,199.4925620859077,0.2,0.2,20.249999999999996,0.8,0.8,900.0,0.007,5
11.865,900.8504919403489,199.74560520238327,0.2,0.2,20.249999999999996,0.8,0.8,900.0,0.007,5
11.872,900.8340021803073,199.74759081707478,0.2,0.2,20.249999999999996,0.8,0.8,900.0,0.007,5
11.879,900.8188680847735,199.53425330935684,0.2,0.2,20.249999999999996,0.8,0.8,900.0,0.007,5
11.886000000000001,900.8054525333348,199.13049847855018,0.2,0.2,20.249999999999996,0.8,0.8,900.0,0.007,5
11.893,900.7939836197837,198.56675879363468,0.2,0.2,20.249999999999996,0.8,0.8,900.0,0.007,5
11.9,900.7846077800281,197.86296497245726,0.2,0.2,20.249999999999996,0.8,0.8,900.0,0.007,5
11.907,900.7772812709425,197.04312987369312,0.2,0.2,20.249999999999996,0.8,0.8,900.0,0.007,5
11.914,900.7719779283435,196.1414518735338,0.2,0.2,20.249999999999996,0.8,0.8,900.0,0.007,5
11.921,900.7687994202853,195.21038473113254,0.2,0.2,20.249999999999996,0.8,0.8,900.0,0.007,5
11.928,900.7679774848793,194.30642474239116,0.2,0.2,20.249999999999996,0.8,0.8,900.0,0.007,5
11.935,900.7697619258331,193.48017523114098,0.2,0.2,20.249999999999996,0.8,0.8,900.0,0.007,5
11.942,900.7744304931339,192.77273697200195,0.2,0.2,20.249999999999996,0.8,0.8,900.0,0.007,5
11.949,900.7822957538683,192.21510221565492,0.2,0.2,20.249999999999996,0.8,0.8,900.0,0.007,5
11.956,900.793976286597,191.70327973890784,0.2,0.2,20.249999999999996,0.8,0.8,900.0,0.007,5
11.963000000000001,900.8091971153519,191.41402578657645,0.2,0.2,20.249999999999996,0.8,0.8,900.0,0.007,5
11.97,900.8274578254591,191.36749737699546,0.2,0.2,20.249999999999996,0.8,0.8,900.0,0.007,5
11.977,900.8485226700799,191.59508957629328,0.2,0.2,20.249999999999996,0.8,0.8,900.0,0.007,5
11.984,900.8716034232854,192.0659813326582,0.2,0.2,20.249999999999996,0.8,0.8,900.0,0.007,5
11.991,900.8961734609385,192.72521146292485,0.2,0.2,20.249999999999996,0.8,0.8,900.0,0.007,5
11.998000000000001,900.921552892599,193.56405017314827,0.2,0.2,20.249999999999996,0.8,0.8,900.0,0.007,5
12.005,900.946877331925,194.52038796415786,0.2,0.2,20.249999999999996,0.8,0.8,900.0,0.007,5
12.012,900.9708915449075,195.64537656799226,0.2,0.2,20.249999999999996,0.8,0.8,900.0,0.007,5
12.019,900.9928218727675,196.86622859692622,0.2,0.2,20.249999999999996,0.8,0.8,900.0,0.007,5
12.026,901.011829635013,198.1174401418475,0.2,0.2,20.249999999999996,0.8,0.8,900.0,0.007,5
12.033,901.0275264933389,199.3058234271707,0.2,0.2,20.249999999999996,0.8,0.8,900.0,0.007,5
12.040000000000001,901.0397308662442,200.32684072415023,0.2,0.2,20.249999999999996,0.8,0.8,900.0,0.007,5
12.047,901.0480226453762,201.19600147505852,0.2,0.2,20.249999999999996,0.8,0.8,900.0,0.007,5
12.054,901.0521238026006,201.9440457966423,0.2,0.2,20.249999999999996,0.8,0.8,900.0,0.007,5
12.061,901.051836513701,202.57574139406324,0.2,0.2,20.249999999999996,0.8,0.8,900.0,0.007,5
12.068,901.0473243091216,202.95639996251427,0.2,0.2,20.249999999999996,0.8,0.8,900.0,0.007,5
12.075000000000001,901.0396035073381,203.0445084142855,0.2,0.2,20.249999999999996,0.8,0.8,900.0,0.007,5
12.082,901.0272136971298,203.21449729719515,0.2,0.2,20.249999999999996,0.8,0.8,900.0,0.007,5
12.089,901.0115423326218,203.3072417286126,0.2,0.2,20.249999999999996,0.8,0.8,900.0,0.007,5
12.096,900.9932442212678,203.37788093697912,0.2,0.2,20.249999999999996,0.8,0.8,900.0,0.007,5
12.103,900.9729757116879,203.42301028363764,0.2,0.2,20.249999999999996,0.8,0.8,900.0,0.007,5
12.11,900.9520011024188,203.41433931988064,0.2,0.2,20.249999999999996,0.8,0.8,900.0,0.007,5
12.117,900.93095684276,203.43237382484318,0.2,0.2,20.249999999999996,0.8,0.8,900.0,0.007,5
12.124,900.9110641129885,203.16015407515889,0.2,0.2,20.249999999999996,0.8,0.8,900.0,0.007,5
12.131,900.8930605519688,203.02363259754395,0.2,0.2,20.249999999999996,0.8,0.8,900.0,0.007,5
12.138,900.8766408800252,202.9781073747827,0.2,0.2,20.249999999999996,0.8,0.8,900.0,0.007,5
12.145,900.8641932901389,202.5620705378681,0.2,0.2,20.249999999999996,0.8,0.8,900.0,0.007,5
12.152000000000001,900.8560041846217,201.5515988815065,0.2,0.2,20.249999999999996,0.8,0.8,900.0,0.007,5
12.159,900.8503217138611,200.80169609198754,0.2,0.2,20.249999999999996,0.8,0.8,900.0,0.007,5
12.166,900.8451574859661,200.5069656883618,0.2,0.2,20.249999999999996,0.8,0.8,900.0,0.007,5
12.173,900.8416678071445,200.19134930253242,0.2,0.2,20.249999999999996,0.8,0.8,900.0,0.007,5
12.18,900.8397015797345,199.84054704580225,0.2,0.2,20.249999999999996,0.8,0.8,900.0,0.007,5
12.187,900.8387045450155,199.468561158743,0.2,0.2,20.249999999999996,0.8,0.8,900.0,0.007,5
12.194,900.8377049070559,199.10682046024561,0.2,0.2,20.249999999999996,0.8,0.8,900.0,0.007,5
12.201,900.8359157672357,198.7364761446645,0.2,0.2,20.249999999999996,0.8,0.8,900.0,0.007,5
12.208,900.8328147622512,198.35042141217312,0.2,0.2,20.249999999999996,0.8,0.8,900.0,0.007,5
12.215,900.8282681665884,197.92866781400147,0.2,0.2,20.249999999999996,0.8,0.8,900.0,0.007,5
12.222,900.8221044504018,197.48933191497235,0.2,0.2,20.249999999999996,0.8,0.8,900.0,0.007,5
12.229000000000001,900.8148349461547,196.9617906101856,0.2,0.2,20.249999999999996,0.8,0.8,900.0,0.007,5
12.236,900.806894937645,196.4357442648871,0.2,0.2,20.249999999999996,0.8,0.8,900.0,0.007,5
12.243,900.7986108723807,195.87624392572735,0.2,0.2,20.249999999999996,0.8,0.8,900.0,0.007,5
12.25,900.7911866592395,195.29437387520636,0.2,0.2,20.249999999999996,0.8,0.8,900.0,0.007,5
12.257,900.7856782379195,194.76924244502055,0.2,0.2,20.249999999999996,0.8,0.8,900.0,0.007,5
12.264000000000001,900.7822497080708,194.30957673640054,0.2,0.2,20.249999999999996,0.8,0.8,900.0,0.007,5
12.271,900.7824877579809,193.8402972336414,0.2,0.2,20.249999999999996,0.8,0.8,900.0,0.007,5
12.278,900.7867231549685,193.43551402835092,0.2,0.2,20.249999999999996,0.8,0.8,900.0,0.007,5
12.285,900.795633696676,193.09892489273466,0.2,0.2,20.249999999999996,0.8,0.8,900.0,0.007,5
12.292,900.8093030848579,192.8465332749612,0.2,0.2,20.249999999999996,0.8,0.8,900.0,0.007,5
12.299,900.8298389819215,191.82723379855062,0.2,0.2,20.249999999999996,0.8,0.8,900.0,0.007,5
12.306000000000001,900.8531456261492,191.7322143332771,0.2,0.2,20.249999999999996,0.8,0.8,900.0,0.007,5
12.313,900.8787752954703,191.78809127958002,0.2,0.2,20.249999999999996,0.8,0.8,900.0,0.007,5
12.32,900.907189225234,191.92011079153804,0.2,0.2,20.249999999999996,0.8,0.8,900.0,0.007,5
12.327,900.9355101598217,192.28872414181905,0.2,0.2,20.249999999999996,0.8,0.8,900.0,0.007,5
12.334,900.9630995172207,192.62531220482293,0.2,0.2,20.249999999999996,0.8,0.8,900.0,0.007,5
12.341000000000001,900.9894108183521,193.060590908832,0.2,0.2,20.249999999999996,0.8,0.8,900.0,0.007,5
12.348,901.011387022058,193.7408831415358,0.2,0.2,20.249999999999996,0.8,0.8,900.0,0.007,5
12.355,901.0291216567952,194.59411184963878,0.2,0.2,20.249999999999996,0.8,0.8,900.0,0.007,5
12.362,901.0400696626772,195.65455422730636,0.2,0.2,20.249999999999996,0.8,0.8,900.0,0.007,5
12.369,901.043792594611,196.84261210958962,0.2,0.2,20.249999999999996,0.8,0.8,900.0,0.007,5
12.376,901.0399687641875,198.11169616751823,0.2,0.2,20.249999999999996,0.8,0.8,900.0,0.007,5
12.383000000000001,901.0289185295189,199.28505911568547,0.2,0.2,20.249999999999996,0.8,0.8,900.0,0.007,5
12.39,901.0106461682041,200.35443989384703,0.2,0.2,20.249999999999996,0.8,0.8,900.0,0.007,5
12.397,900.9855176225734,201.26493833780967,0.2,0.2,20.249999999999996,0.8,0.8,900.0,0.007,5
12.404,900.9548197388773,201.93543920412247,0.2,0.2,20.249999999999996,0.8,0.8,900.0,0.007,5
12.411,900.9199940057139,202.31455870550232,0.2,0.2,20.249999999999996,0.8,0.8,900.0,0.007,5
12.418000000000001,900.8837073097029,202.2735721596035,0.2,0.2,20.249999999999996,0.8,0.8,900.0,0.007,5
12.425,900.8488258337447,201.64510697066262,0.2,0.2,20.249999999999996,0.8,0.8,900.0,0.007,5
12.432,900.8140019010365,201.08018488590307,0.2,0.2,20.249999999999996,0.8,0.8,900.0,0.007,5
12.439,900.7816784616994,200.28929592964627,0.2,0.2,20.249999999999996,0.8,0.8,900.0,0.007,5
12.446,900.7537524332522,199.34337109948484,0.2,0.2,20.249999999999996,0.8,0.8,900.0,0.007,5
12.453,900.7317221254156,198.31565097880403,0.2,0.2,20.249999999999996,0.8,0.8,900.0,0.007,5
12.46,900.7161382088595,197.2863268229604,0.2,0.2,20.249999999999996,0.8,0.8,900.0,0.007,5
12.467,900.7077092306254,196.18348218627926,0.2,0.2,20.249999999999996,0.8,0.8,900.0,0.007,5
12.474,900.708571982287,194.96529248064962,0.2,0.2,20.249999999999996,0.8,0.8,900.0,0.007,5
12.481,900.7153082315986,194.07041435490208,0.2,0.2,20.249999999999996,0.8,0.8,900.0,0.007,5
12.488,900.7278719436453,193.3687429860919,0.2,0.2,20.249999999999996,0.8,0.8,900.0,0.007,5
12.495000000000001,900.7463758341568,192.6892345521004,0.2,0.2,20.249999999999996,0.8,0.8,900.0,0.007,5
12.502,900.7709589608277,191.90265620360884,0.2,0.2,20.249999999999996,0.8,0.8,900.0,0.007,5
12.509,900.7995160467443,191.57429302493762,0.2,0.2,20.249999999999996,0.8,0.8,900.0,0.007,5
12.516,900.830606019325,191.50377720247974,0.2,0.2,20.249999999999996,0.8,0.8,900.0,0.007,5
12.523,900.8635386577139,191.575153460832,0.2,0.2,20.249999999999996,0.8,0.8,900.0,0.007,5
12.530000000000001,900.8969194772053,191.70639885688635,0.2,0.2,20.249999999999996,0.8,0.8,900.0,0.007,5
12.537,900.9300363705594,192.04288062573315,0.2,0.2,20.249999999999996,0.8,0.8,900.0,0.007,5
12.544,900.9615657224549,192.55334956820383,0.2,0.2,20.249999999999996,0.8,0.8,900.0,0.007,5
12.551,900.9906893343605,193.2459869481472,0.2,0.2,20.249999999999996,0.8,0.8,900.0,0.007,5
12.558,901.0174040629344,193.94304289678973,0.2,0.2,20.249999999999996,0.8,0.8,900.0,0.007,5
12.565,901.0397655942515,194.95934888297322,0.2,0.2,20.249999999999996,0.8,0.8,900.0,0.007,5
12.572000000000001,901.0569255725469,196.12713969749169,0.2,0.2,20.249999999999996,0.8,0.8,900.0,0.007,5
12.579,901.0684693684713,197.4192766071417,0.2,0.2,20.249999999999996,0.8,0.8,900.0,0.007,5
12.586,901.0740746169822,198.82861468018555,0.2,0.2,20.249999999999996,0.8,0.8,900.0,0.007,5
12.593,901.0739148712271,200.18756534549166,0.2,0.2,20.249999999999996,0.8,0.8,900.0,0.007,5
12.6,901.0676623367679,201.4821072525995,0.2,0.2,20.249999999999996,0.8,0.8,900.0,0.007,5
12.607000000000001,901.0549292135179,202.82889365555286,0.2,0.2,20.249999999999996,0.8,0.8,900.0,0.007,5
12.614,901.0363670897307,204.04861782525649,0.2,0.2,20.249999999999996,0.8,0.8,900.0,0.007,5
12.621,901.0131426172849,205.03749808192367,0.2,0.2,20.249999999999996,0.8,0.8,900.0,0.007,5
12.628,900.9853077610043,205.7695513955614,0.2,0.2,20.249999999999996,0.8,0.8,900.0,0.007,5
12.635,900.9547346307571,206.04013085702982,0.2,0.2,20.249999999999996,0.8,0.8,900.0,0.007,5
12.642,900.9232329860819,205.86460905635602,0.2,0.2,20.249999999999996,0.8,0.8,900.0,0.007,5
12.649000000000001,900.892307071427,205.52232827100116,0.2,0.2,20.249999999999996,0.8,0.8,900.0,0.007,5
12.656,900.861964913635,205.09369187335588,0.2,0.2,20.249999999999996,0.8,0.8,900.0,0.007,5
12.663,900.8343692824252,204.45487033721474,0.2,0.2,20.249999999999996,0.8,0.8,900.0,0.007,5
12.67,900.8113465222998,203.62399769625966,0.2,0.2,20.249999999999996,0.8,0.8,900.0,0.007,5
12.677,900.7941314123873,202.6229292468884,0.2,0.2,20.249999999999996,0.8,0.8,900.0,0.007,5
12.684000000000001,900.7835074636729,201.48406685927674,0.2,0.2,20.249999999999996,0.8,0.8,900.0,0.007,5
12.691,900.7796814506377,200.25881168164858,0.2,0.2,20.249999999999996,0.8,0.8,900.0,0.007,5
12.698,900.781666389132,199.08036232333632,0.2,0.2,20.249999999999996,0.8,0.8,900.0,0.007,5
12.705,900.7891918869149,197.99211392264874,0.2,0.2,20.249999999999996,0.8,0.8,900.0,0.007,5
12.712,900.8016105175597,197.03243532020142,0.2,0.2,20.249999999999996,0.8,0.8,900.0,0.007,5
12.719,900.8181331509846,196.24223986326254,0.2,0.2,20.249999999999996,0.8,0.8,900.0,0.007,5
12.726,900.8379035731355,195.65604235404956,0.2,0.2,20.249999999999996,0.8,0.8,900.0,0.007,5
12.733,900.859971395501,195.31185254752504,0.2,0.2,20.249999999999996,0.8,0.8,900.0,0.007,5
12.74,900.8834570314061,195.22215315713805,0.2,0.2,20.249999999999996,0.8,0.8,900.0,0.007,5
12.747,900.9072671416867,195.40208414412345,0.2,0.2,20.249999999999996,0.8,0.8,900.0,0.007,5
12.754,900.93007816736,195.89403548747256,0.2,0.2,20.249999999999996,0.8,0.8,900.0,0.007,5
12.761000000000001,900.9505762858457,196.68430272301154,0.2,0.2,20.249999999999996,0.8,0.8,900.0,0.007,5
12.768,900.9675502276272,197.74436274817816,0.2,0.2,20.249999999999996,0.8,0.8,900.0,0.007,5
12.775,900.9798027731462,199.03666193392687,0.2,0.2,20.249999999999996,0.8,0.8,900.0,0.007,5
12.782,900.985830399837,200.47142355985648,0.2,0.2,20.249999999999996,0.8,0.8,900.0,0.007,5
12.789,900.9849577225073,201.91580298457458,0.2,0.2,20.249999999999996,0.8,0.8,900.0,0.007,5
12.796000000000001,900.9762138713292,203.29786537076453,0.2,0.2,20.249999999999996,0.8,0.8,900.0,0.007,5
12.803,900.9595359457188,204.48860355698235,0.2,0.2,20.249999999999996,0.8,0.8,900.0,0.007,5
12.81,900.9352883445664,205.3925584352436,0.2,0.2,20.249999999999996,0.8,0.8,900.0,0.007,5
12.817,900.9041919724514,205.94797164802776,0.2,0.2,20.249999999999996,0.8,0.8,900.0,0.007,5
12.824,900.8680996579764,205.817640881529,0.2,0.2,20.249999999999996,0.8,0.8,900.0,0.007,5
12.831,900.8273818855404,205.62309199873263,0.2,0.2,20.249999999999996,0.8,0.8,900.0,0.007,5
12.838000000000001,900.7837332471029,205.03096717794233,0.2,0.2,20.249999999999996,0.8,0.8,900.0,0.007,5
12.845,900.7401649918689,204.07712127309304,0.2,0.2,20.249999999999996,0.8,0.8,900.0,0.007,5
12.852,900.697295366646,203.0498241050167,0.2,0.2,20.249999999999996,0.8,0.8,900.0,0.007,5
12.859,900.6580366302928,201.90611348081129,0.2,0.2,20.249999999999996,0.8,0.8,900.0,0.007,5
12.866,900.62503906629,200.69673876786658,0.2,0.2,20.249999999999996,0.8,0.8,900.0,0.007,5
12.873000000000001,900.6001250846319,199.48554120316493,0.2,0.2,20.249999999999996,0.8,0.8,900.0,0.007,5
12.88,900.5846080960323,198.41394279038377,0.2,0.2,20.249999999999996,0.8,0.8,900.0,0.007,5
12.887,900.5799830317204,197.36649103249536,0.2,0.2,20.249999999999996,0.8,0.8,900.0,0.007,5
12.894,900.5864812180741,196.57349183980708,0.2,0.2,20.249999999999996,0.8,0.8,900.0,0.007,5
12.901,900.6031568355809,195.99196779265395,0.2,0.2,20.249999999999996,0.8,0.8,900.0,0.007,5
12.908,900.6298240908287,195.5496393010416,0.2,0.2,20.249999999999996,0.8,0.8,900.0,0.007,5
12.915000000000001,900.6645113014633,195.3337910189658,0.2,0.2,20.249999999999996,0.8,0.8,900.0,0.007,5
12.922,900.7061996132517,195.23891316611054,0.2,0.2,20.249999999999996,0.8,0.8,900.0,0.007,5
12.929,900.7537072687912,195.19093127039196,0.2,0.2,20.249999999999996,0.8,0.8,900.0,0.007,5
12.936,900.8059560311256,195.24539071530896,0.2,0.2,20.249999999999996,0.8,0.8,900.0,0.007,5
12.943,900.8604104359603,195.56292162418762,0.2,0.2,20.249999999999996,0.8,0.8,900.0,0.007,5
12.950000000000001,900.9158164305157,196.04842965761665,0.2,0.2,20.249999999999996,0.8,0.8,900.0,0.007,5
12.957,900.9716677342778,196.7029716613285,0.2,0.2,20.249999999999996,0.8,0.8,900.0,0.007,5
12.964,901.0267098012856,197.6526468440752,0.2,0.2,20.249999999999996,0.8,0.8,900.0,0.007,5
12.971,901.080553113477,198.85321446610908,0.2,0.2,20.249999999999996,0.8,0.8,900.0,0.007,5
12.978,901.1322648013086,200.3470409709923,0.2,0.2,20.249999999999996,0.8,0.8,900.0,0.007,5
12.985,901.1804740204444,202.05191748292114,0.2,0.2,20.249999999999996,0.8,0.8,900.0,0.007,5
12.992,901.2243751167423,203.93829516248326,0.2,0.2,20.249999999999996,0.8,0.8,900.0,0.007,5
12.999,901.2625365700809,206.32361951512445,0.2,0.2,20.249999999999996,0.8,0.8,900.0,0.007,5
13.006,901.2940348273451,209.15229454248086,0.2,0.2,20.249999999999996,0.8,0.8,900.0,0.007,5
13.013,901.3170720003613,212.38943530825992,0.2,0.2,20.249999999999996,0.8,0.8,900.0,0.007,5
13.02,901.3322360871908,215.52601424960056,0.2,0.2,20.249999999999996,0.8,0.8,900.0,0.007,5
13.027000000000001,901.3352703638765,219.32634234292323,0.2,0.2,20.249999999999996,0.8,0.8,900.0,0.007,5
13.034,901.3271948819151,223.12084278860647,0.2,0.2,20.249999999999996,0.8,0.8,900.0,0.007,5
13.041,901.3079998117001,226.9166789599217,0.2,0.2,20.249999999999996,0.8,0.8,900.0,0.007,5
13.048,901.2758661827374,230.683840488877,0.2,0.2,20.249999999999996,0.8,0.8,900.0,0.007,5
13.055,901.2315449446733,233.8034326927456,0.2,0.2,20.249999999999996,0.8,0.8,900.0,0.007,5
13.062,901.1757765124546,236.38385889980674,0.2,0.2,20.249999999999996,0.8,0.8,900.0,0.007,5
13.069,901.1084688371734,238.26569006330226,0.2,0.2,20.249999999999996,0.8,0.8,900.0,0.007,5
13.076,901.0315076733522,239.24034222933838,0.2,0.2,20.249999999999996,0.8,0.8,900.0,0.007,5
13.083,900.9478229150501,239.15979997939007,0.2,0.2,20.249999999999996,0.8,0.8,900.0,0.007,5
13.09,900.8606678830123,237.97571289964998,0.2,0.2,20.249999999999996,0.8,0.8,900.0,0.007,5
13.097,900.7734251260711,235.69708957748102,0.2,0.2,20.249999999999996,0.8,0.8,900.0,0.007,5
13.104000000000001,900.6898554951501,232.51987451681137,0.2,0.2,20.249999999999996,0.8,0.8,900.0,0.007,5
13.111,900.6139484782932,228.5894831016271,0.2,0.2,20.249999999999996,0.8,0.8,900.0,0.007,5
13.118,900.5481889494633,224.25437005484173,0.2,0.2,20.249999999999996,0.8,0.8,900.0,0.007,5
13.125,900.4948909940473,219.71497538196314,0.2,0.2,20.249999999999996,0.8,0.8,900.0,0.007,5
13.132,900.4554203540101,215.26737718156582,0.2,0.2,20.249999999999996,0.8,0.8,900.0,0.007,5
13.139000000000001,900.4303673732315,211.11300021851528,0.2,0.2,20.249999999999996,0.8,0.8,900.0,0.007,5
13.146,900.4201117824683,207.40715969132825,0.2,0.2,20.249999999999996,0.8,0.8,900.0,0.007,5
13.153,900.4240596016151,204.1993382976592,0.2,0.2,20.249999999999996,0.8,0.8,900.0,0.007,5
13.16,900.4432146882419,201.21757217960968,0.2,0.2,20.249999999999996,0.8,0.8,900.0,0.007,5
13.167,900.4736454715411,198.9603563111659,0.2,0.2,20.249999999999996,0.8,0.8,900.0,0.007,5
13.174,900.5136853270265,197.17863911890953,0.2,0.2,20.249999999999996,0.8,0.8,900.0,0.007,5
13.181000000000001,900.5618348563652,195.68695353062563,0.2,0.2,20.249999999999996,0.8,0.8,900.0,0.007,5
13.188,900.6145646786825,194.66990548774015,0.2,0.2,20.249999999999996,0.8,0.8,900.0,0.007,5
13.195,900.6704588616079,194.02456279895654,0.2,0.2,20.249999999999996,0.8,0.8,900.0,0.007,5
13.202,900.7269239058581,193.82531410329062,0.2,0.2,20.249999999999996,0.8,0.8,900.0,0.007,5
13.209,900.7818273958108,194.16340491836291,0.2,0.2,20.249999999999996,0.8,0.8,900.0,0.007,5
13.216000000000001,900.8338419724545,194.89299026782442,0.2,0.2,20.249999999999996,0.8,0.8,900.0,0.007,5
13.223,900.8816566431597,196.22668088267864,0.2,0.2,20.249999999999996,0.8,0.8,900.0,0.007,5
13.23,900.9243293877477,198.10874201130423,0.2,0.2,20.249999999999996,0.8,0.8,900.0,0.007,5
13.237,900.9618622313685,200.43568313999714,0.2,0.2,20.249999999999996,0.8,0.8,900.0,0.007,5
13.244,900.9934020420293,203.06411017782807,0.2,0.2,20.249999999999996,0.8,0.8,900.0,0.007,5
13.251,901.0192136992881,205.83530758999302,0.2,0.2,20.249999999999996,0.8,0.8,900.0,0.007,5
13.258000000000001,901.0391843908241,208.44984522142167,0.2,0.2,20.249999999999996,0.8,0.8,900.0,0.007,5
13.265,901.0529289096548,210.81129991287455,0.2,0.2,20.249999999999996,0.8,0.8,900.0,0.007,5
13.272,901.0604117358043,212.83444310572725,0.2,0.2,20.249999999999996,0.8,0.8,900.0,0.007,5
13.279,901.0627844808276,214.4285255503217,0.2,0.2,20.249999999999996,0.8,0.8,900.0,0.007,5
13.286,901.0608491493488,215.64765155624332,0.2,0.2,20.249999999999996,0.8,0.8,900.0,0.007,5
13.293000000000001,901.0551243186859,216.5883336786693,0.2,0.2,20.249999999999996,0.8,0.8,900.0,0.007,5
13.3,901.0460500265934,217.34775736064356,0.2,0.2,20.249999999999996,0.8,0.8,900.0,0.007,5
13.307,901.0341938005035,217.98294583627995,0.2,0.2,20.249999999999996,0.8,0.8,900.0,0.007,5
13.314,901.0200334224617,218.54443066063868,0.2,0.2,20.249999999999996,0.8,0.8,900.0,0.007,5
13.321,901.0040372644618,218.88444603084383,0.2,0.2,20.249999999999996,0.8,0.8,900.0,0.007,5
13.328,900.986126641184,219.17093761839362,0.2,0.2,20.249999999999996,0.8,0.8,900.0,0.007,5
13.335,900.9658000789092,219.31616536303247,0.2,0.2,20.249999999999996,0.8,0.8,900.0,0.007,5
13.342,900.943866992435,219.19993500055634,0.2,0.2,20.249999999999996,0.8,0.8,900.0,0.007,5
13.349,900.9178781793607,219.25616591877022,0.2,0.2,20.249999999999996,0.8,0.8,900.0,0.007,5
13.356,900.8886703004699,219.13350560701676,0.2,0.2,20.249999999999996,0.8,0.8,900.0,0.007,5
13.363,900.8581243045352,218.36601222263295,0.2,0.2,20.249999999999996,0.8,0.8,900.0,0.007,5
13.370000000000001,900.8270968271412,217.47715139175838,0.2,0.2,20.249999999999996,0.8,0.8,900.0,0.007,5
13.377,900.797373482263,216.34258315241502,0.2,0.2,20.249999999999996,0.8,0.8,900.0,0.007,5
13.384,900.7702010053366,215.256428848061,0.2,0.2,20.249999999999996,0.8,0.8,900.0,0.007,5
13.391,900.7473109198207,214.1803079454789,0.2,0.2,20.249999999999996,0.8,0.8,900.0,0.007,5
13.398,900.7300136821455,213.0717962689005,0.2,0.2,20.249999999999996,0.8,0.8,900.0,0.007,5
13.405000000000001,900.7188257569114,211.94136350014523,0.2,0.2,20.249999999999996,0.8,0.8,900.0,0.007,5
13.412,900.7139257193506,210.7847073210068,0.2,0.2,20.249999999999996,0.8,0.8,900.0,0.007,5
13.419,900.7152794736733,209.62700964106162,0.2,0.2,20.249999999999996,0.8,0.8,900.0,0.007,5
13.426,900.7228870172409,208.48737688631323,0.2,0.2,20.249999999999996,0.8,0.8,900.0,0.007,5
13.433,900.7363205156593,207.4361154445105,0.2,0.2,20.249999999999996,0.8,0.8,900.0,0.007,5
13.44,900.7550937165686,206.5132738133973,0.2,0.2,20.249999999999996,0.8,0.8,900.0,0.007,5
13.447000000000001,900.7780599336809,205.7608155461686,0.2,0.2,20.249999999999996,0.8,0.8,900.0,0.007,5
13.454,900.8046585979822,205.1823292537342,0.2,0.2,20.249999999999996,0.8,0.8,900.0,0.007,5
13.461,900.8339397532062,204.7914370717946,0.2,0.2,20.249999999999996,0.8,0.8,900.0,0.007,5
13.468,900.8653813836268,204.6192227025659,0.2,0.2,20.249999999999996,0.8,0.8,900.0,0.007,5
13.475,900.8978548293053,204.71470744368997,0.2,0.2,20.249999999999996,0.8,0.8,900.0,0.007,5
13.482000000000001,900.9313161858901,205.07684056247524,0.2,0.2,20.249999999999996,0.8,0.8,900.0,0.007,5
13.489,900.9640274461575,205.7435789240877,0.2,0.2,20.249999999999996,0.8,0.8,900.0,0.007,5
13.496,900.9953385257069,206.62947080056114,0.2,0.2,20.249999999999996,0.8,0.8,900.0,0.007,5
13.503,901.0259176050876,207.59775079095058,0.2,0.2,20.249999999999996,0.8,0.8,900.0,0.007,5
13.51,901.0524025165776,209.0065378608581,0.2,0.2,20.249999999999996,0.8,0.8,900.0,0.007,5
13.517,901.0742309419799,210.60873839842048,0.2,0.2,20.249999999999996,0.8,0.8,900.0,0.007,5
13.524000000000001,901.0909830040786,212.28232637796194,0.2,0.2,20.249999999999996,0.8,0.8,900.0,0.007,5
13.531,901.1017147911263,214.07056468223195,0.2,0.2,20.249999999999996,0.8,0.8,900.0,0.007,5
13.538,901.1065484948746,215.68227042621254,0.2,0.2,20.249999999999996,0.8,0.8,900.0,0.007,5
13.545,901.1035104520154,217.44573037430894,0.2,0.2,20.249999999999996,0.8,0.8,900.0,0.007,5
13.552,901.0932809705209,219.105362956832,0.2,0.2,20.249999999999996,0.8,0.8,900.0,0.007,5
13.559000000000001,901.0767690892962,220.44548649722392,0.2,0.2,20.249999999999996,0.8,0.8,900.0,0.007,5
13.566,901.0562683640474,221.14147617286235,0.2,0.2,20.249999999999996,0.8,0.8,900.0,0.007,5
13.573,901.0334446537347,221.30779991844855,0.2,0.2,20.249999999999996,0.8,0.8,900.0,0.007,5
13.58,901.0107335727744,221.0899250990907,0.2,0.2,20.249999999999996,0.8,0.8,900.0,0.007,5
13.587,900.9900233729371,220.67308013508952,0.2,0.2,20.249999999999996,0.8,0.8,900.0,0.007,5
13.594,900.9721416026395,220.14300240674493,0.2,0.2,20.249999999999996,0.8,0.8,900.0,0.007,5
13.601,900.957167212967,219.48320696451106,0.2,0.2,20.249999999999996,0.8,0.8,900.0,0.007,5
13.608,900.9449273838006,218.6863336324355,0.2,0.2,20.249999999999996,0.8,0.8,900.0,0.007,5
13.615,900.9349441883588,217.79979631557586,0.2,0.2,20.249999999999996,0.8,0.8,900.0,0.007,5
13.622,900.9270955863354,216.82093309713056,0.2,0.2,20.249999999999996,0.8,0.8,900.0,0.007,5
13.629,900.9203469736949,215.86626247524524,0.2,0.2,20.249999999999996,0.8,0.8,900.0,0.007,5
13.636000000000001,900.9143017215879,214.92883078781986,0.2,0.2,20.249999999999996,0.8,0.8,900.0,0.007,5
13.643,900.9075034791824,214.1865959116263,0.2,0.2,20.249999999999996,0.8,0.8,900.0,0.007,5
13.65,900.8995564622961,213.59514001728755,0.2,0.2,20.249999999999996,0.8,0.8,900.0,0.007,5
13.657,900.8900934268238,213.08151569371967,0.2,0.2,20.249999999999996,0.8,0.8,900.0,0.007,5
13.664,900.8790069461589,212.60394461925685,0.2,0.2,20.249999999999996,0.8,0.8,900.0,0.007,5
13.671000000000001,900.8663529817677,212.12702763023637,0.2,0.2,20.249999999999996,0.8,0.8,900.0,0.007,5
13.678,900.851784498375,211.5506460220278,0.2,0.2,20.249999999999996,0.8,0.8,900.0,0.007,5
13.685,900.8354383970732,210.84065657975916,0.2,0.2,20.249999999999996,0.8,0.8,900.0,0.007,5
13.692,900.8179675364618,209.9858044860495,0.2,0.2,20.249999999999996,0.8,0.8,900.0,0.007,5
13.699,900.7996866415672,208.98278833265087,0.2,0.2,20.249999999999996,0.8,0.8,900.0,0.007,5
13.706,900.7822091990207,207.6501146140153,0.2,0.2,20.249999999999996,0.8,0.8,900.0,0.007,5
13.713000000000001,900.7651797404229,206.42641153033173,0.2,0.2,20.249999999999996,0.8,0.8,900.0,0.007,5
13.72,900.7493360498289,205.21723799789652,0.2,0.2,20.249999999999996,0.8,0.8,900.0,0.007,5
13.727,900.7358504600688,203.9913740107556,0.2,0.2,20.249999999999996,0.8,0.8,900.0,0.007,5
13.734,900.7254801780832,202.79532054500316,0.2,0.2,20.249999999999996,0.8,0.8,900.0,0.007,5
13.741,900.7196593685636,201.47032472339063,0.2,0.2,20.249999999999996,0.8,0.8,900.0,0.007,5
13.748000000000001,900.7183320881418,200.305946267907,0.2,0.2,20.249999999999996,0.8,0.8,900.0,0.007,5
13.755,900.7210192753544,199.33852508298878,0.2,0.2,20.249999999999996,0.8,0.8,900.0,0.007,5
13.762,900.7275435348502,198.5675406526926,0.2,0.2,20.249999999999996,0.8,0.8,900.0,0.007,5
13.769,900.7377989939705,197.95784069852343,0.2,0.2,20.249999999999996,0.8,0.8,900.0,0.007,5
13.776,900.7514241979046,197.51553923368766,0.2,0.2,20.249999999999996,0.8,0.8,900.0,0.007,5
13.783,900.7677812142897,197.21547408784073,0.2,0.2,20.249999999999996,0.8,0.8,900.0,0.007,5
13.790000000000001,900.7871199535138,196.9732014921317,0.2,0.2,20.249999999999996,0.8,0.8,900.0,0.007,5
13.797,900.8078021110649,196.9107138614341,0.2,0.2,20.249999999999996,0.8,0.8,900.0,0.007,5
13.804,900.8294736124167,196.99648544425366,0.2,0.2,20.249999999999996,0.8,0.8,900.0,0.007,5
13.811,900.8523240578367,197.03002895151877,0.2,0.2,20.249999999999996,0.8,0.8,900.0,0.007,5
13.818,900.874982835975,197.36264341232823,0.2,0.2,20.249999999999996,0.8,0.8,900.0,0.007,5
13.825000000000001,900.8970720794463,197.91081575589297,0.2,0.2,20.249999999999996,0.8,0.8,900.0,0.007,5
13.832,900.9191128235348,198.64303492499425,0.2,0.2,20.249999999999996,0.8,0.8,900.0,0.007,5
13.839,900.9410761490982,199.57282959875383,0.2,0.2,20.249999999999996,0.8,0.8,900.0,0.007,5
13.846,900.9616204240059,200.6801453895454,0.2,0.2,20.249999999999996,0.8,0.8,900.0,0.007,5
13.853,900.9800517403609,201.8858767152481,0.2,0.2,20.249999999999996,0.8,0.8,900.0,0.007,5
13.86,900.9959369241154,203.05453855870482,0.2,0.2,20.249999999999996,0.8,0.8,900.0,0.007,5
13.867,901.0086153324884,204.21831353344433,0.2,0.2,20.249999999999996,0.8,0.8,900.0,0.007,5
13.874,901.017435487017,205.42398276075787,0.2,0.2,20.249999999999996,0.8,0.8,900.0,0.007,5
13.881,901.0228162331895,206.5960132946847,0.2,0.2,20.249999999999996,0.8,0.8,900.0,0.007,5
13.888,901.0245984013076,207.6487563469022,0.2,0.2,20.249999999999996,0.8,0.8,900.0,0.007,5
13.895,901.0227845583145,208.65866175344993,0.2,0.2,20.249999999999996,0.8,0.8,900.0,0.007,5
13.902000000000001,901.0173591272927,209.65663058398445,0.2,0.2,20.249999999999996,0.8,0.8,900.0,0.007,5
13.909,901.0084018872011,210.65001321455227,0.2,0.2,20.249999999999996,0.8,0.8,900.0,0.007,5
13.916,900.9961702465527,211.57733495059915,0.2,0.2,20.249999999999996,0.8,0.8,900.0,0.007,5
13.923,900.9807831165914,212.3659255114814,0.2,0.2,20.249999999999996,0.8,0.8,900.0,0.007,5
13.93,900.9626030284976,213.0111955888004,0.2,0.2,20.249999999999996,0.8,0.8,900.0,0.007,5
13.937000000000001,900.9420267338242,213.4861302188534,0.2,0.2,20.249999999999996,0.8,0.8,900.0,0.007,5
13.944,900.9195367197464,213.73884476975073,0.2,0.2,20.249999999999996,0.8,0.8,900.0,0.007,5
13.951,900.8955122652424,213.79542860372771,0.2,0.2,20.249999999999996,0.8,0.8,900.0,0.007,5
13.958,900.8701713740138,213.66028418039366,0.2,0.2,20.249999999999996,0.8,0.8,900.0,0.007,5
13.965,900.8443280552009,213.27233414712148,0.2,0.2,20.249999999999996,0.8,0.8,900.0,0.007,5
13.972,900.8193744126947,212.56012007078348,0.2,0.2,20.249999999999996,0.8,0.8,900.0,0.007,5
13.979000000000001,900.7955273081056,211.53543206502883,0.2,0.2,20.249999999999996,0.8,0.8,900.0,0.007,5
13.986,900.7741069039986,210.31012469920816,0.2,0.2,20.249999999999996,0.8,0.8,900.0,0.007,5
13.993,900.754249277918,209.22103997923355,0.2,0.2,20.249999999999996,0.8,0.8,900.0,0.007,5
14.0,900.7381137141225,208.10030541611602,0.2,0.2,20.249999999999996,0.8,0.8,900.0,0.007,5
14.007,900.7261982061198,207.07033034429134,0.2,0.2,20.249999999999996,0.8,0.8,900.0,0.007,5
14.014000000000001,900.719801487017,206.00283012908832,0.2,0.2,20.249999999999996,0.8,0.8,900.0,0.007,5
14.021,900.7197051082309,205.04054337260624,0.2,0.2,20.249999999999996,0.8,0.8,900.0,0.007,5
14.028,900.7257407613482,204.33711826419102,0.2,0.2,20.249999999999996,0.8,0.8,900.0,0.007,5
14.035,900.7382236325282,203.78564904359723,0.2,0.2,20.249999999999996,0.8,0.8,900.0,0.007,5
14.042,900.7568995797109,203.355313879819,0.2,0.2,20.249999999999996,0.8,0.8,900.0,0.007,5
14.049,900.7809742485455,203.07498683020614,0.2,0.2,20.249999999999996,0.8,0.8,900.0,0.007,5
14.056000000000001,900.8093699482324,202.9851447277776,0.2,0.2,20.249999999999996,0.8,0.8,900.0,0.007,5
14.063,900.8407891539974,203.09601716959932,0.2,0.2,20.249999999999996,0.8,0.8,900.0,0.007,5
14.07,900.8737485914322,203.44562610609432,0.2,0.2,20.249999999999996,0.8,0.8,900.0,0.007,5
14.077,900.9067241008299,204.0427869738471,0.2,0.2,20.249999999999996,0.8,0.8,900.0,0.007,5
14.084,900.9378645551724,204.9049758588265,0.2,0.2,20.249999999999996,0.8,0.8,900.0,0.007,5
14.091000000000001,900.9656482699252,205.9854651697476,0.2,0.2,20.249999999999996,0.8,0.8,900.0,0.007,5
14.098,900.9889617689715,207.15967295709822,0.2,0.2,20.249999999999996,0.8,0.8,900.0,0.007,5
14.105,901.0065029030197,208.35959084431565,0.2,0.2,20.249999999999996,0.8,0.8,900.0,0.007,5
14.112,901.0168635686439,209.62306130198377,0.2,0.2,20.249999999999996,0.8,0.8,900.0,0.007,5
14.119,901.0199708751973,210.85254997385033,0.2,0.2,20.249999999999996,0.8,0.8,900.0,0.007,5
14.126,901.0157591498347,211.96297863091448,0.2,0.2,20.249999999999996,0.8,0.8,900.0,0.007,5
14.133000000000001,901.0046570534572,212.88541420524837,0.2,0.2,20.249999999999996,0.8,0.8,900.0,0.007,5
14.14,900.9874068627747,213.53637084523683,0.2,0.2,20.249999999999996,0.8,0.8,900.0,0.007,5
14.147,900.9647825205444,213.89312954011774,0.2,0.2,20.249999999999996,0.8,0.8,900.0,0.007,5
14.154,900.9377649680605,213.94477092943183,0.2,0.2,20.249999999999996,0.8,0.8,900.0,0.007,5
14.161,900.9077067447878,213.69563518163142,0.2,0.2,20.249999999999996,0.8,0.8,900.0,0.007,5
14.168000000000001,900.8760343532759,213.1635556051976,0.2,0.2,20.249999999999996,0.8,0.8,900.0,0.007,5
14.175,900.8443794377972,212.37190737710404,0.2,0.2,20.249999999999996,0.8,0.8,900.0,0.007,5
14.182,900.8145263689443,211.32776285910452,0.2,0.2,20.249999999999996,0.8,0.8,900.0,0.007,5
14.189,900.7880709425043,210.08892437071282,0.2,0.2,20.249999999999996,0.8,0.8,900.0,0.007,5
14.196,900.7662823496368,208.69652303881904,0.2,0.2,20.249999999999996,0.8,0.8,900.0,0.007,5
14.203000000000001,900.7510093269559,207.20575882507725,0.2,0.2,20.249999999999996,0.8,0.8,900.0,0.007,5
14.21,900.7413511650988,205.87681151587213,0.2,0.2,20.249999999999996,0.8,0.8,900.0,0.007,5
14.217,900.7383398979031,204.60807427127915,0.2,0.2,20.249999999999996,0.8,0.8,900.0,0.007,5
14.224,900.742653263123,203.44271477497423,0.2,0.2,20.249999999999996,0.8,0.8,900.0,0.007,5
14.231,900.7545840800351,202.34300105575352,0.2,0.2,20.249999999999996,0.8,0.8,900.0,0.007,5
14.238,900.7728025758239,201.46375481423698,0.2,0.2,20.249999999999996,0.8,0.8,900.0,0.007,5
14.245000000000001,900.7958755378024,200.86914765012682,0.2,0.2,20.249999999999996,0.8,0.8,900.0,0.007,5
14.252,900.82274584786,200.57075943489187,0.2,0.2,20.249999999999996,0.8,0.8,900.0,0.007,5
14.259,900.8522291553636,200.58082472122658,0.2,0.2,20.249999999999996,0.8,0.8,900.0,0.007,5
14.266,900.8829704858641,200.89922435659088,0.2,0.2,20.249999999999996,0.8,0.8,900.0,0.007,5
14.273,900.9137352737415,201.5031789593914,0.2,0.2,20.249999999999996,0.8,0.8,900.0,0.007,5
14.280000000000001,900.9430526593235,202.39879420728641,0.2,0.2,20.249999999999996,0.8,0.8,900.0,0.007,5
14.287,900.9714697897061,203.15446759022353,0.2,0.2,20.249999999999996,0.8,0.8,900.0,0.007,5
14.294,900.9976523325265,204.0443339466802,0.2,0.2,20.249999999999996,0.8,0.8,900.0,0.007,5
14.301,901.018659219722,205.2624204910919,0.2,0.2,20.249999999999996,0.8,0.8,900.0,0.007,5
14.308,901.0363648601424,206.17938807966846,0.2,0.2,20.249999999999996,0.8,0.8,900.0,0.007,5
14.315,901.0479667320798,207.34240923601246,0.2,0.2,20.249999999999996,0.8,0.8,900.0,0.007,5
14.322000000000001,901.0531339875137,208.64801739179484,0.2,0.2,20.249999999999996,0.8,0.8,900.0,0.007,5
14.329,901.0524741566287,209.89223615969647,0.2,0.2,20.249999999999996,0.8,0.8,900.0,0.007,5
14.336,901.0461723102911,211.0092446012696,0.2,0.2,20.249999999999996,0.8,0.8,900.0,0.007,5
14.343,901.036932654908,211.27758152073375,0.2,0.2,20.249999999999996,0.8,0.8,900.0,0.007,5
14.35,901.0207889725675,212.09364268004146,0.2,0.2,20.249999999999996,0.8,0.8,900.0,0.007,5
14.357000000000001,900.9996429387206,212.67038438161123,0.2,0.2,20.249999999999996,0.8,0.8,900.0,0.007,5
14.364,900.9744764541157,212.86234194946334,0.2,0.2,20.249999999999996,0.8,0.8,900.0,0.007,5
14.371,900.9461801809402,212.76225900324744,0.2,0.2,20.249999999999996,0.8,0.8,900.0,0.007,5
14.378,900.9160215202346,212.32355964724712,0.2,0.2,20.249999999999996,0.8,0.8,900.0,0.007,5
14.385,900.8845546950275,211.66337760317322,0.2,0.2,20.249999999999996,0.8,0.8,900.0,0.007,5
14.392,900.8530098441158,210.78789511733467,0.2,0.2,20.249999999999996,0.8,0.8,900.0,0.007,5
14.399000000000001,900.8223605996201,209.77301357995623,0.2,0.2,20.249999999999996,0.8,0.8,900.0,0.007,5
14.406,900.794165819936,208.48274326796815,0.2,0.2,20.249999999999996,0.8,0.8,900.0,0.007,5
14.413,900.7691412124436,207.15382538525395,0.2,0.2,20.249999999999996,0.8,0.8,900.0,0.007,5
14.42,900.7486702314301,205.75135737102323,0.2,0.2,20.249999999999996,0.8,0.8,900.0,0.007,5
14.427,900.7335201975261,204.38456986173384,0.2,0.2,20.249999999999996,0.8,0.8,900.0,0.007,5
14.434000000000001,900.7245100200151,203.04259228476423,0.2,0.2,20.249999999999996,0.8,0.8,900.0,0.007,5
14.441,900.7219676928631,201.7610696933759,0.2,0.2,20.249999999999996,0.8,0.8,900.0,0.007,5
14.448,900.7260254607976,200.5152118927557,0.2,0.2,20.249999999999996,0.8,0.8,900.0,0.007,5
14.455,900.7363502579134,199.43220286421158,0.2,0.2,20.249999999999996,0.8,0.8,900.0,0.007,5
14.462,900.7525495466676,198.52466136047306,0.2,0.2,20.249999999999996,0.8,0.8,900.0,0.007,5
14.469,900.7742049608074,197.79514665782298,0.2,0.2,20.249999999999996,0.8,0.8,900.0,0.007,5
14.476,900.8006319815645,197.26092083004116,0.2,0.2,20.249999999999996,0.8,0.8,900.0,0.007,5
14.483,900.8308128639424,196.94238663242405,0.2,0.2,20.249999999999996,0.8,0.8,900.0,0.007,5
14.49,900.8640722140877,196.81489125857132,0.2,0.2,20.249999999999996,0.8,0.8,900.0,0.007,5
14.497,900.8990503571902,196.9590883458462,0.2,0.2,20.249999999999996,0.8,0.8,900.0,0.007,5
14.504,900.934664268341,197.3931740187058,0.2,0.2,20.249999999999996,0.8,0.8,900.0,0.007,5
14.511000000000001,900.9697517355048,198.13488368724947,0.2,0.2,20.249999999999996,0.8,0.8,900.0,0.007,5
14.518,901.0029945535041,199.21806890548905,0.2,0.2,20.249999999999996,0.8,0.8,900.0,0.007,5
14.525,901.0330149318759,200.60695807231457,0.2,0.2,20.249999999999996,0.8,0.8,900.0,0.007,5
14.532,901.0585626035315,202.3221194849087,0.2,0.2,20.249999999999996,0.8,0.8,900.0,0.007,5
14.539,901.0779592733838,204.41580460336544,0.2,0.2,20.249999999999996,0.8,0.8,900.0,0.007,5
14.546000000000001,901.0901030156789,206.7439949697958,0.2,0.2,20.249999999999996,0.8,0.8,900.0,0.007,5
14.553,901.0936945155569,209.1825231894638,0.2,0.2,20.249999999999996,0.8,0.8,900.0,0.007,5
14.56,901.0876648497261,211.5604847353818,0.2,0.2,20.249999999999996,0.8,0.8,900.0,0.007,5
14.567,901.071592597614,213.7064434226614,0.2,0.2,20.249999999999996,0.8,0.8,900.0,0.007,5
14.574,901.0457240460688,215.46938260295454,0.2,0.2,20.249999999999996,0.8,0.8,900.0,0.007,5
14.581,901.0110680879042,216.73638142830075,0.2,0.2,20.249999999999996,0.8,0.8,900.0,0.007,5
14.588000000000001,900.969606652525,217.42487925770803,0.2,0.2,20.249999999999996,0.8,0.8,900.0,0.007,5
14.595,900.9238325360215,217.30293705353225,0.2,0.2,20.249999999999996,0.8,0.8,900.0,0.007,5
14.602,900.8760432275187,216.76386028115616,0.2,0.2,20.249999999999996,0.8,0.8,900.0,0.007,5
14.609,900.8273564042639,215.95027907337135,0.2,0.2,20.249999999999996,0.8,0.8,900.0,0.007,5
14.616,900.7808186451813,214.75766803779644,0.2,0.2,20.249999999999996,0.8,0.8,900.0,0.007,5
14.623000000000001,900.7388896729168,213.272083682447,0.2,0.2,20.249999999999996,0.8,0.8,900.0,0.007,5
14.63,900.7034442700739,211.59991101315165,0.2,0.2,20.249999999999996,0.8,0.8,900.0,0.007,5
14.637,900.6758047756596,209.80107743918668,0.2,0.2,20.249999999999996,0.8,0.8,900.0,0.007,5
14.644,900.6571038522297,207.9373111220955,0.2,0.2,20.249999999999996,0.8,0.8,900.0,0.007,5
14.651,900.6476863135892,206.05209639986037,0.2,0.2,20.249999999999996,0.8,0.8,900.0,0.007,5
14.658,900.6476633376257,204.17847581169653,0.2,0.2,20.249999999999996,0.8,0.8,900.0,0.007,5
14.665000000000001,900.6567910927272,202.32846278730338,0.2,0.2,20.249999999999996,0.8,0.8,900.0,0.007,5
14.672,900.6742287126838,200.69357923793203,0.2,0.2,20.249999999999996,0.8,0.8,900.0,0.007,5
14.679,900.6983466745222,199.3567225001837,0.2,0.2,20.249999999999996,0.8,0.8,900.0,0.007,5
14.686,900.7278781375034,198.3387413410245,0.2,0.2,20.249999999999996,0.8,0.8,900.0,0.007,5
14.693,900.7612237659969,197.61765640377158,0.2,0.2,20.249999999999996,0.8,0.8,900.0,0.007,5
14.700000000000001,900.7965181301314,197.19569833784425,0.2,0.2,20.249999999999996,0.8,0.8,900.0,0.007,5
14.707,900.8318498431693,197.091098585234,0.2,0.2,20.249999999999996,0.8,0.8,900.0,0.007,5
14.714,900.8656745108669,197.29381863297112,0.2,0.2,20.249999999999996,0.8,0.8,900.0,0.007,5
14.721,900.8966303395985,197.81219431544292,0.2,0.2,20.249999999999996,0.8,0.8,900.0,0.007,5
14.728,900.9235618542438,198.61658340357585,0.2,0.2,20.249999999999996,0.8,0.8,900.0,0.007,5
14.735,900.9457124348742,199.69263336013,0.2,0.2,20.249999999999996,0.8,0.8,900.0,0.007,5
14.742,900.9630909198186,200.9528290849809,0.2,0.2,20.249999999999996,0.8,0.8,900.0,0.007,5
14.749,900.9762657620605,202.29931736779233,0.2,0.2,20.249999999999996,0.8,0.8,900.0,0.007,5
14.756,900.9863692083986,203.48988769800522,0.2,0.2,20.249999999999996,0.8,0.8,900.0,0.007,5
14.763,900.9920959407058,204.96407393093887,0.2,0.2,20.249999999999996,0.8,0.8,900.0,0.007,5
14.77,900.9937184755645,206.49866974398748,0.2,0.2,20.249999999999996,0.8,0.8,900.0,0.007,5
14.777000000000001,900.9922016012667,207.96654269263726,0.2,0.2,20.249999999999996,0.8,0.8,900.0,0.007,5
14.784,900.9878063264118,209.26268838532314,0.2,0.2,20.249999999999996,0.8,0.8,900.0,0.007,5
14.791,900.9807275866423,210.31859737954335,0.2,0.2,20.249999999999996,0.8,0.8,900.0,0.007,5
14.798,900.9708724509652,211.0916246846815,0.2,0.2,20.249999999999996,0.8,0.8,900.0,0.007,5
14.805,900.9579103610397,211.6337683100172,0.2,0.2,20.249999999999996,0.8,0.8,900.0,0.007,5
14.812000000000001,900.942419287402,211.93559735167355,0.2,0.2,20.249999999999996,0.8,0.8,900.0,0.007,5
14.819,900.9246286924674,212.00944465724058,0.2,0.2,20.249999999999996,0.8,0.8,900.0,0.007,5
14.826,900.9058116059339,211.84631219508933,0.2,0.2,20.249999999999996,0.8,0.8,900.0,0.007,5
14.833,900.8880011659899,211.30129779551726,0.2,0.2,20.249999999999996,0.8,0.8,900.0,0.007,5
14.84,900.8724719958556,210.76789116215525,0.2,0.2,20.249999999999996,0.8,0.8,900.0,0.007,5
14.847,900.8595259678062,210.07860831602545,0.2,0.2,20.249999999999996,0.8,0.8,900.0,0.007,5
14.854000000000001,900.849087230351,209.5913302604699,0.2,0.2,20.249999999999996,0.8,0.8,900.0,0.007,5
14.861,900.8425033514355,209.16770597010034,0.2,0.2,20.249999999999996,0.8,0.8,900.0,0.007,5
14.868,900.8406650386108,208.7488231850961,0.2,0.2,20.249999999999996,0.8,0.8,900.0,0.007,5
14.875,900.8440597903484,208.35171622888666,0.2,0.2,20.249999999999996,0.8,0.8,900.0,0.007,5
14.882,900.8514410450307,208.0999456999877,0.2,0.2,20.249999999999996,0.8,0.8,900.0,0.007,5
14.889000000000001,900.862393427097,207.9713857637967,0.2,0.2,20.249999999999996,0.8,0.8,900.0,0.007,5
14.896,900.8764610811024,207.95064974331302,0.2,0.2,20.249999999999996,0.8,0.8,900.0,0.007,5
14.903,900.8928691662029,208.02295167041603,0.2,0.2,20.249999999999996,0.8,0.8,900.0,0.007,5
14.91,900.910715649828,208.19730599909371,0.2,0.2,20.249999999999996,0.8,0.8,900.0,0.007,5
14.917,900.9298343446466,208.37039822636288,0.2,0.2,20.249999999999996,0.8,0.8,900.0,0.007,5
14.924,900.9485925634208,208.71728895377055,0.2,0.2,20.249999999999996,0.8,0.8,900.0,0.007,5
14.931000000000001,900.9655770308334,209.2631299685082,0.2,0.2,20.249999999999996,0.8,0.8,900.0,0.007,5
14.938,900.9802643659062,210.00409047677218,0.2,0.2,20.249999999999996,0.8,0.8,900.0,0.007,5
14.945,900.9911937646671,210.87251926394953,0.2,0.2,20.249999999999996,0.8,0.8,900.0,0.007,5
14.952,900.9970965997268,211.83846069719596,0.2,0.2,20.249999999999996,0.8,0.8,900.0,0.007,5
14.959,900.9972692098873,212.84521016360625,0.2,0.2,20.249999999999996,0.8,0.8,900.0,0.007,5
14.966000000000001,900.9913530383714,213.8202975639559,0.2,0.2,20.249999999999996,0.8,0.8,900.0,0.007,5
14.973,900.9786436208326,214.69921517940804,0.2,0.2,20.249999999999996,0.8,0.8,900.0,0.007,5
14.98,900.9597173698953,215.33272938118924,0.2,0.2,20.249999999999996,0.8,0.8,900.0,0.007,5
14.987,900.9354855214751,215.6282605438315,0.2,0.2,20.249999999999996,0.8,0.8,900.0,0.007,5
14.994,900.9071777125099,215.54207440092813,0.2,0.2,20.249999999999996,0.8,0.8,900.0,0.007,5
15.001,900.8761060458065,215.1021686736628,0.2,0.2,20.249999999999996,0.8,0.8,900.0,0.007,5
