time,density,kinetic_energy,stiffness,fluid_viscosity,boundary_viscosity,fluid_depth,rest_density_grid_spacing,smoothing_length,rest_density,time_step_size,target_density_error,solver_iterations,relaxation_factor,time_step_wall_clock_time,predicted_density_error
5.001,900.0818191188282,0.029726088650074825,0.0,0.2,0.2,20.249999999999996,0.8,0.8,900.0,0.003,0.0,10,0.5,0.010814719,0.009128398328556669
5.0040000000000004,900.0818191380205,0.02971420367577321,0.0,0.2,0.2,20.249999999999996,0.8,0.8,900.0,0.003,0.0,10,0.5,0.013558642,0.009128400494278006
5.007,900.0818191573493,0.029702567361036755,0.0,0.2,0.2,20.249999999999996,0.8,0.8,900.0,0.003,0.0,10,0.5,0.011597534,0.009128402671936485
5.01,900.0818191767868,0.029691179327903564,0.0,0.2,0.2,20.249999999999996,0.8,0.8,900.0,0.003,0.0,10,0.5,0.011398692,0.009128404858613676
5.013,900.0818191963047,0.02968003918889479,0.0,0.2,0.2,20.249999999999996,0.8,0.8,900.0,0.003,0.0,10,0.5,0.013047339,0.009128407051096438
5.016,900.0818192158764,0.0296691465739707,0.0,0.2,0.2,20.249999999999996,0.8,0.8,900.0,0.003,0.0,10,0.5,0.011584913,0.009128409245998228
5.019,900.0818192354706,0.02965850113393472,0.0,0.2,0.2,20.249999999999996,0.8,0.8,900.0,0.003,0.0,10,0.5,0.011414102,0.009128411439816169
5.022,900.0818192550553,0.029648102541966568,0.0,0.2,0.2,20.249999999999996,0.8,0.8,900.0,0.003,0.0,10,0.5,0.01330471,0.009128413629026812
5.025,900.0818192745967,0.029637950495840185,0.0,0.2,0.2,20.249999999999996,0.8,0.8,900.0,0.003,0.0,10,0.5,0.011381312,0.009128415810162743
5.0280000000000005,900.0818192940666,0.029628044716234186,0.0,0.2,0.2,20.249999999999996,0.8,0.8,900.0,0.003,0.0,10,0.5,0.011405592,0.009128417979879372
5.031,900.0818193134338,0.029618384941126657,0.0,0.2,0.2,20.249999999999996,0.8,0.8,900.0,0.003,0.0,10,0.5,0.01323555,0.009128420135003066
5.034,900.0818193326722,0.029608970923008633,0.0,0.2,0.2,20.249999999999996,0.8,0.8,900.0,0.003,0.0,10,0.5,0.011363562,0.00912842227249725
5.037,900.0818193517515,0.029599802434387437,0.0,0.2,0.2,20.249999999999996,0.8,0.8,900.0,0.003,0.0,10,0.5,0.011137031,0.009128424389481945
5.04,900.0818193706455,0.02959087927238457,0.0,0.2,0.2,20.249999999999996,0.8,0.8,900.0,0.003,0.0,10,0.5,0.012842348,0.009128426483320995
5.043,900.081819389334,0.029582201258807096,0.0,0.2,0.2,20.249999999999996,0.8,0.8,900.0,0.003,0.0,10,0.5,0.011093111,0.009128428551673298
5.046,900.081819407793,0.029573768240212378,0.0,0.2,0.2,20.249999999999996,0.8,0.8,900.0,0.003,0.0,10,0.5,0.011164511,0.009128430592534768
5.049,900.0818194260023,0.0295655800879573,0.0,0.2,0.2,20.249999999999996,0.8,0.8,900.0,0.003,0.0,10,0.5,0.013098829,0.00912843260425748
5.0520000000000005,900.0818194439523,0.029557636698242674,0.0,0.2,0.2,20.249999999999996,0.8,0.8,900.0,0.003,0.0,10,0.5,0.011224261,0.009128434585562584
5.055,900.0818194616267,0.02954993799266224,0.0,0.2,0.2,20.249999999999996,0.8,0.8,900.0,0.003,0.0,10,0.5,0.011303452,0.009128436535553244
5.058,900.0818194790216,0.029542483917971898,0.0,0.2,0.2,20.249999999999996,0.8,0.8,900.0,0.003,0.0,10,0.5,0.012656098,0.00912843845372269
5.061,900.081819496131,0.029535274445664728,0.0,0.2,0.2,20.249999999999996,0.8,0.8,900.0,0.003,0.0,10,0.5,0.01095986,0.009128440339958145
5.064,900.0818195129517,0.02952830956461232,0.0,0.2,0.2,20.249999999999996,0.8,0.8,900.0,0.003,0.0,10,0.5,0.011470102,0.009128442194530328
5.067,900.0818195294885,0.029521589284566285,0.0,0.2,0.2,20.249999999999996,0.8,0.8,900.0,0.003,0.0,10,0.5,0.012683458,0.00912844401808091
5.07,900.0818195457471,0.029515113640300697,0.0,0.2,0.2,20.249999999999996,0.8,0.8,900.0,0.003,0.0,10,0.5,0.011263641,0.009128445811609244
5.073,900.0818195617348,0.029508882691616296,0.0,0.2,0.2,20.249999999999996,0.8,0.8,900.0,0.003,0.0,10,0.5,0.011260561,0.009128447576438667
5.0760000000000005,900.081819577464,0.029502896524099414,0.0,0.2,0.2,20.249999999999996,0.8,0.8,900.0,0.003,0.0,10,0.5,0.012822518,0.009128449314164327
5.079,900.0818195929488,0.029497155249262604,0.0,0.2,0.2,20.249999999999996,0.8,0.8,900.0,0.003,0.0,10,0.5,0.011068471,0.009128451026672679
5.082,900.0818196082064,0.02949165899603336,0.0,0.2,0.2,20.249999999999996,0.8,0.8,900.0,0.003,0.0,10,0.5,0.010845189,0.009128452716067197
5.085,900.0818196232585,0.029486407912420885,0.0,0.2,0.2,20.249999999999996,0.8,0.8,900.0,0.003,0.0,10,0.5,0.013367711,0.009128454384585323
5.088,900.0818196381198,0.02948140217105164,0.0,0.2,0.2,20.249999999999996,0.8,0.8,900.0,0.003,0.0,10,0.5,0.01105974,0.009128456034593054
5.091,900.0818196528189,0.029476641968277584,0.0,0.2,0.2,20.249999999999996,0.8,0.8,900.0,0.003,0.0,10,0.5,0.011406512,0.009128457668724147
5.094,900.0818196673724,0.029472127491865643,0.0,0.2,0.2,20.249999999999996,0.8,0.8,900.0,0.003,0.0,10,0.5,0.012554737,0.009128459289714067
5.097,900.0818196818068,0.029467858938988335,0.0,0.2,0.2,20.249999999999996,0.8,0.8,900.0,0.003,0.0,10,0.5,0.011235661,0.009128460900310574
5.1000000000000005,900.0818196961503,0.02946383653108583,0.0,0.2,0.2,20.249999999999996,0.8,0.8,900.0,0.003,0.0,10,0.5,0.011090941,0.009128462503296336
5.103,900.0818197104245,0.02946006051392715,0.0,0.2,0.2,20.249999999999996,0.8,0.8,900.0,0.003,0.0,10,0.5,0.012666387,0.009128464101457127
5.106,900.0818197246514,0.029456531157161996,0.0,0.2,0.2,20.249999999999996,0.8,0.8,900.0,0.003,0.0,10,0.5,0.011280772,0.009128465697552468
5.109,900.0818197388609,0.029453248752609955,0.0,0.2,0.2,20.249999999999996,0.8,0.8,900.0,0.003,0.0,10,0.5,0.011108611,0.009128467294289743
5.112,900.0818197530772,0.029450213615691216,0.0,0.2,0.2,20.249999999999996,0.8,0.8,900.0,0.003,0.0,10,0.5,0.012670437,0.009128468894321078
5.115,900.0818197673242,0.029447426084844797,0.0,0.2,0.2,20.249999999999996,0.8,0.8,900.0,0.003,0.0,10,0.5,0.011154811,0.009128470500237393
5.118,900.0818197816199,0.02944488652069361,0.0,0.2,0.2,20.249999999999996,0.8,0.8,900.0,0.003,0.0,10,0.5,0.011364852,0.00912847211455839
5.121,900.0818197959926,0.029442595305119973,0.0,0.2,0.2,20.249999999999996,0.8,0.8,900.0,0.003,0.0,10,0.5,0.012520677,0.00912847373969449
5.124,900.0818198104608,0.02944055284371363,0.0,0.2,0.2,20.249999999999996,0.8,0.8,900.0,0.003,0.0,10,0.5,0.011088611,0.00912847537793086
5.127,900.0818198250494,0.02943875955574149,0.0,0.2,0.2,20.249999999999996,0.8,0.8,900.0,0.003,0.0,10,0.5,0.011591173,0.009128477031382969
5.13,900.0818198397739,0.029437215870051683,0.0,0.2,0.2,20.249999999999996,0.8,0.8,900.0,0.003,0.0,10,0.5,0.013729702,0.009128478701975192
5.133,900.0818198546499,0.029435922238715446,0.0,0.2,0.2,20.249999999999996,0.8,0.8,900.0,0.003,0.0,10,0.5,0.011823374,0.009128480391524729
5.136,900.0818198696994,0.02943487913704761,0.0,0.2,0.2,20.249999999999996,0.8,0.8,900.0,0.003,0.0,10,0.5,0.011699893,0.009128482101667276
5.139,900.0818198849299,0.02943408706347881,0.0,0.2,0.2,20.249999999999996,0.8,0.8,900.0,0.003,0.0,10,0.5,0.013607712,0.009128483833814255
5.142,900.0818199003614,0.029433546538739492,0.0,0.2,0.2,20.249999999999996,0.8,0.8,900.0,0.003,0.0,10,0.5,0.011478422,0.009128485589166527
5.1450000000000005,900.0818199159993,0.029433258103311332,0.0,0.2,0.2,20.249999999999996,0.8,0.8,900.0,0.003,0.0,10,0.5,0.011507353,0.009128487368647409
5.148,900.0818199318499,0.02943322232004549,0.0,0.2,0.2,20.249999999999996,0.8,0.8,900.0,0.003,0.0,10,0.5,0.013382881,0.009128489172914945
5.151,900.0818199479269,0.029433439774433665,0.0,0.2,0.2,20.249999999999996,0.8,0.8,900.0,0.003,0.0,10,0.5,0.011169891,0.009128491002365543
5.154,900.0818199642315,0.02943391107411197,0.0,0.2,0.2,20.249999999999996,0.8,0.8,900.0,0.003,0.0,10,0.5,0.01114148,0.009128492857125085
5.157,900.0818199807578,0.029434636846304218,0.0,0.2,0.2,20.249999999999996,0.8,0.8,900.0,0.003,0.0,10,0.5,0.013433851,0.009128494737058415
5.16,900.0818199975156,0.029435617740023998,0.0,0.2,0.2,20.249999999999996,0.8,0.8,900.0,0.003,0.0,10,0.5,0.011200151,0.009128496641794335
5.163,900.0818200144923,0.029436854421327083,0.0,0.2,0.2,20.249999999999996,0.8,0.8,900.0,0.003,0.0,10,0.5,0.011429062,0.009128498570765758
5.166,900.0818200316897,0.02943834756578851,0.0,0.2,0.2,20.249999999999996,0.8,0.8,900.0,0.003,0.0,10,0.5,0.01318755,0.00912850052310914
5.1690000000000005,900.0818200490965,0.02944009787011686,0.0,0.2,0.2,20.249999999999996,0.8,0.8,900.0,0.003,0.0,10,0.5,0.011468483,0.009128502497677358
5.172,900.0818200666998,0.029442106052996117,0.0,0.2,0.2,20.249999999999996,0.8,0.8,900.0,0.003,0.0,10,0.5,0.011699134,0.009128504493046995
5.175,900.0818200844919,0.029444372854910854,0.0,0.2,0.2,20.249999999999996,0.8,0.8,900.0,0.003,0.0,10,0.5,0.013401441,0.00912850650752155
5.178,900.0818201024538,0.029446899038000376,0.0,0.2,0.2,20.249999999999996,0.8,0.8,900.0,0.003,0.0,10,0.5,0.011218311,0.00912850853915664
5.181,900.0818201205713,0.02944968538388233,0.0,0.2,0.2,20.249999999999996,0.8,0.8,900.0,0.003,0.0,10,0.5,0.011243871,0.009128510585772399
5.184,900.0818201388242,0.029452732687176214,0.0,0.2,0.2,20.249999999999996,0.8,0.8,900.0,0.003,0.0,10,0.5,0.013456221,0.009128512644955674
5.187,900.0818201571864,0.029456041755771423,0.0,0.2,0.2,20.249999999999996,0.8,0.8,900.0,0.003,0.0,10,0.5,0.011517062,0.009128514714056719
5.19,900.0818201756388,0.029459613416835295,0.0,0.2,0.2,20.249999999999996,0.8,0.8,900.0,0.003,0.0,10,0.5,0.011797404,0.00912851679025469
5.1930000000000005,900.0818201941547,0.029463448517306434,0.0,0.2,0.2,20.249999999999996,0.8,0.8,900.0,0.003,0.0,10,0.5,0.01323909,0.009128518870601765
5.196,900.0818202127072,0.029467547923819875,0.0,0.2,0.2,20.249999999999996,0.8,0.8,900.0,0.003,0.0,10,0.5,0.011481782,0.009128520952057122
5.199,900.0818202312678,0.02947191252215317,0.0,0.2,0.2,20.249999999999996,0.8,0.8,900.0,0.003,0.0,10,0.5,0.011725753,0.009128523031526042
5.202,900.0818202498136,0.02947654321749573,0.0,0.2,0.2,20.249999999999996,0.8,0.8,900.0,0.003,0.0,10,0.5,0.013439102,0.009128525105919424
5.205,900.0818202683139,0.029481440926895777,0.0,0.2,0.2,20.249999999999996,0.8,0.8,900.0,0.003,0.0,10,0.5,0.011257992,0.00912852717218531
5.208,900.0818202867376,0.029486606583580082,0.0,0.2,0.2,20.249999999999996,0.8,0.8,900.0,0.003,0.0,10,0.5,0.011670673,0.009128529227364783
5.211,900.0818203050641,0.029492041140394287,0.0,0.2,0.2,20.249999999999996,0.8,0.8,900.0,0.003,0.0,10,0.5,0.013362681,0.00912853126863833
5.214,900.0818203232618,0.029497745569846332,0.0,0.2,0.2,20.249999999999996,0.8,0.8,900.0,0.003,0.0,10,0.5,0.011613843,0.00912853329334755
5.2170000000000005,900.0818203413133,0.029503720864042227,0.0,0.2,0.2,20.249999999999996,0.8,0.8,900.0,0.003,0.0,10,0.5,0.01102238,0.009128535299027882
5.22,900.081820359192,0.029509968034192747,0.0,0.2,0.2,20.249999999999996,0.8,0.8,900.0,0.003,0.0,10,0.5,0.0131997,0.009128537283422762
5.223,900.0818203768797,0.029516488110695044,0.0,0.2,0.2,20.249999999999996,0.8,0.8,900.0,0.003,0.0,10,0.5,0.011339731,0.009128539244528819
5.226,900.0818203943581,0.029523282138775503,0.0,0.2,0.2,20.249999999999996,0.8,0.8,900.0,0.003,0.0,10,0.5,0.011582193,0.009128541180691818
5.229,900.0818204116115,0.029530351160853095,0.0,0.2,0.2,20.249999999999996,0.8,0.8,900.0,0.003,0.0,10,0.5,0.012902438,0.009128543090422731
5.232,900.0818204286263,0.029537696233577233,0.0,0.2,0.2,20.249999999999996,0.8,0.8,900.0,0.003,0.0,10,0.5,0.011496483,0.009128544972535221
5.235,900.081820445395,0.02954531842632932,0.0,0.2,0.2,20.249999999999996,0.8,0.8,900.0,0.003,0.0,10,0.5,0.011332551,0.009128546826074927
5.238,900.0818204619034,0.029553218825316467,0.0,0.2,0.2,20.249999999999996,0.8,0.8,900.0,0.003,0.0,10,0.5,0.013216471,0.009128548650304743
5.2410000000000005,900.0818204781497,0.029561398534968444,0.0,0.2,0.2,20.249999999999996,0.8,0.8,900.0,0.003,0.0,10,0.5,0.011780513,0.009128550444730238
5.244,900.0818204941266,0.02956985867788334,0.0,0.2,0.2,20.249999999999996,0.8,0.8,900.0,0.003,0.0,10,0.5,0.011992874,0.009128552209104798
5.247,900.0818205098333,0.029578600393742497,0.0,0.2,0.2,20.249999999999996,0.8,0.8,900.0,0.003,0.0,10,0.5,0.013525602,0.009128553943509879
5.25,900.0818205252723,0.029587624817082773,0.0,0.2,0.2,20.249999999999996,0.8,0.8,900.0,0.003,0.0,10,0.5,0.013208651,0.009128555648248741
5.253,900.081820540442,0.0295969330890433,0.0,0.2,0.2,20.249999999999996,0.8,0.8,900.0,0.003,0.0,10,0.5,0.012300046,0.009128557323807142
5.256,900.0818205553518,0.029606526360594996,0.0,0.2,0.2,20.249999999999996,0.8,0.8,900.0,0.003,0.0,10,0.5,0.013382601,0.009128558971037596
5.259,900.0818205700045,0.02961640576763747,0.0,0.2,0.2,20.249999999999996,0.8,0.8,900.0,0.003,0.0,10,0.5,0.011392072,0.009128560590871984
5.2620000000000005,900.0818205844091,0.029626572457058006,0.0,0.2,0.2,20.249999999999996,0.8,0.8,900.0,0.003,0.0,10,0.5,0.011466572,0.009128562184364749
5.265,900.081820598581,0.029637027591583428,0.0,0.2,0.2,20.249999999999996,0.8,0.8,900.0,0.003,0.0,10,0.5,0.01311283,0.009128563752735835
5.268,900.0818206125219,0.02964777234574143,0.0,0.2,0.2,20.249999999999996,0.8,0.8,900.0,0.003,0.0,10,0.5,0.011340812,0.009128565297386575
5.271,900.0818206262517,0.02965880789747802,0.0,0.2,0.2,20.249999999999996,0.8,0.8,900.0,0.003,0.0,10,0.5,0.011396792,0.00912856681977073
5.274,900.0818206397807,0.029670135440066983,0.0,0.2,0.2,20.249999999999996,0.8,0.8,900.0,0.003,0.0,10,0.5,0.013022759,0.009128568321452006
5.277,900.0818206531211,0.029681756182120687,0.0,0.2,0.2,20.249999999999996,0.8,0.8,900.0,0.003,0.0,10,0.5,0.011075171,0.009128569804085294
5.28,900.0818206662875,0.029693671347313946,0.0,0.2,0.2,20.249999999999996,0.8,0.8,900.0,0.003,0.0,10,0.5,0.011203741,0.009128571269409726
5.283,900.0818206793048,0.02970588217431106,0.0,0.2,0.2,20.249999999999996,0.8,0.8,900.0,0.003,0.0,10,0.5,0.013058349,0.009128572719305963
5.2860000000000005,900.0818206921762,0.02971838990342471,0.0,0.2,0.2,20.249999999999996,0.8,0.8,900.0,0.003,0.0,10,0.5,0.011595583,0.009128574155723787
5.289,900.0818207049285,0.029731195778917575,0.0,0.2,0.2,20.249999999999996,0.8,0.8,900.0,0.003,0.0,10,0.5,0.011321511,0.009128575581240073
5.292,900.0818207175863,0.02974430090538779,0.0,0.2,0.2,20.249999999999996,0.8,0.8,900.0,0.003,0.0,10,0.5,0.01323095,0.009128576998473222
5.295,900.0818207301685,0.02975770630503094,0.0,0.2,0.2,20.249999999999996,0.8,0.8,900.0,0.003,0.0,10,0.5,0.011343201,0.009128578409403768
5.298,900.0818207426922,0.02977141301052434,0.0,0.2,0.2,20.249999999999996,0.8,0.8,900.0,0.003,0.0,10,0.5,0.011502762,0.00912857981570126
5.301,900.0818207551715,0.02978542206437734,0.0,0.2,0.2,20.249999999999996,0.8,0.8,900.0,0.003,0.0,10,0.5,0.013301751,0.009128581218816337
5.304,900.0818207676277,0.029799734518488052,0.0,0.2,0.2,20.249999999999996,0.8,0.8,900.0,0.003,0.0,10,0.5,0.011366282,0.009128582620045381
5.307,900.0818207800604,0.029814351432229838,0.0,0.2,0.2,20.249999999999996,0.8,0.8,900.0,0.003,0.0,10,0.5,0.011851195,0.009128584020559168
5.3100000000000005,900.0818207924849,0.029829273871215124,0.0,0.2,0.2,20.249999999999996,0.8,0.8,900.0,0.003,0.0,10,0.5,0.012967499,0.009128585421393562
5.313,900.0818208049145,0.02984450290509703,0.0,0.2,0.2,20.249999999999996,0.8,0.8,900.0,0.003,0.0,10,0.5,0.011571803,0.009128586823474241
5.316,900.0818208173539,0.02986003959600512,0.0,0.2,0.2,20.249999999999996,0.8,0.8,900.0,0.003,0.0,10,0.5,0.011668413,0.009128588227537628
5.319,900.0818208298093,0.029875885018375035,0.0,0.2,0.2,20.249999999999996,0.8,0.8,900.0,0.003,0.0,10,0.5,0.013772943,0.009128589634212321
5.322,900.0818208422871,0.029892040258799327,0.0,0.2,0.2,20.249999999999996,0.8,0.8,900.0,0.003,0.0,10,0.5,0.011415582,0.009128591044190367
5.325,900.081820854798,0.02990850640858593,0.0,0.2,0.2,20.249999999999996,0.8,0.8,900.0,0.003,0.0,10,0.5,0.011307222,0.00912859245860981
5.328,900.0818208673444,0.029925284512573373,0.0,0.2,0.2,20.249999999999996,0.8,0.8,900.0,0.003,0.0,10,0.5,0.012837958,0.009128593878393189
5.331,900.0818208799417,0.029942375605976766,0.0,0.2,0.2,20.249999999999996,0.8,0.8,900.0,0.003,0.0,10,0.5,0.01091343,0.009128595304230441
5.3340000000000005,900.0818208925925,0.02995978073099275,0.0,0.2,0.2,20.249999999999996,0.8,0.8,900.0,0.003,0.0,10,0.5,0.010784729,0.009128596736755796
5.337,900.0818209053041,0.029977500933003963,0.0,0.2,0.2,20.249999999999996,0.8,0.8,900.0,0.003,0.0,10,0.5,0.012805029,0.00912859817648369
5.34,900.0818209180763,0.029995537263807662,0.0,0.2,0.2,20.249999999999996,0.8,0.8,900.0,0.003,0.0,10,0.5,0.010945669,0.00912859962381385
5.343,900.0818209309195,0.0300138907795786,0.0,0.2,0.2,20.249999999999996,0.8,0.8,900.0,0.003,0.0,10,0.5,0.01096034,0.009128601079163226
5.346,900.0818209438357,0.03003256250828064,0.0,0.2,0.2,20.249999999999996,0.8,0.8,900.0,0.003,0.0,10,0.5,0.012768179,0.009128602542851905
5.349,900.0818209568249,0.030051553461269653,0.0,0.2,0.2,20.249999999999996,0.8,0.8,900.0,0.003,0.0,10,0.5,0.0110219,0.009128604014977957
5.352,900.0818209698875,0.03007086465247009,0.0,0.2,0.2,20.249999999999996,0.8,0.8,900.0,0.003,0.0,10,0.5,0.011122841,0.009128605495401631
5.355,900.0818209830244,0.03009049709854248,0.0,0.2,0.2,20.249999999999996,0.8,0.8,900.0,0.003,0.0,10,0.5,0.012676747,0.009128606983760201
5.3580000000000005,900.0818209962323,0.03011045182062294,0.0,0.2,0.2,20.249999999999996,0.8,0.8,900.0,0.003,0.0,10,0.5,0.011069701,0.009128608479425971
5.361,900.0818210095068,0.030130729844118465,0.0,0.2,0.2,20.249999999999996,0.8,0.8,900.0,0.003,0.0,10,0.5,0.011024901,0.009128609981489
5.364,900.0818210228365,0.030151332198489256,0.0,0.2,0.2,20.249999999999996,0.8,0.8,900.0,0.003,0.0,10,0.5,0.012736827,0.00912861148874848
5.367,900.0818210362153,0.03017225991706207,0.0,0.2,0.2,20.249999999999996,0.8,0.8,900.0,0.003,0.0,10,0.5,0.011018171,0.00912861299972359
5.37,900.0818210496249,0.030193514036796845,0.0,0.2,0.2,20.249999999999996,0.8,0.8,900.0,0.003,0.0,10,0.5,0.011508412,0.009128614512696875
5.373,900.0818210630498,0.03021509559722583,0.0,0.2,0.2,20.249999999999996,0.8,0.8,900.0,0.003,0.0,10,0.5,0.01311379,0.009128616025756271
5.376,900.0818210764762,0.03023700563890934,0.0,0.2,0.2,20.249999999999996,0.8,0.8,900.0,0.003,0.0,10,0.5,0.011278882,0.009128617536777973
5.3790000000000004,900.0818210898851,0.030259245204942737,0.0,0.2,0.2,20.249999999999996,0.8,0.8,900.0,0.003,0.0,10,0.5,0.011279381,0.00912861904350048
5.382,900.0818211032538,0.030281815341562962,0.0,0.2,0.2,20.249999999999996,0.8,0.8,900.0,0.003,0.0,10,0.5,0.012774239,0.009128620543577715
5.385,900.0818211165608,0.030304717097814536,0.0,0.2,0.2,20.249999999999996,0.8,0.8,900.0,0.003,0.0,10,0.5,0.010972149,0.009128622034635495
5.388,900.0818211297899,0.030327951525604024,0.0,0.2,0.2,20.249999999999996,0.8,0.8,900.0,0.003,0.0,10,0.5,0.011462002,0.009128623514301814
5.391,900.0818211429131,0.030351519681795346,0.0,0.2,0.2,20.249999999999996,0.8,0.8,900.0,0.003,0.0,10,0.5,0.012692588,0.009128624980275642
5.394,900.0818211559125,0.030375422626012123,0.0,0.2,0.2,20.249999999999996,0.8,0.8,900.0,0.003,0.0,10,0.5,0.011208681,0.009128626430361978
5.397,900.081821168768,0.03039966141993252,0.0,0.2,0.2,20.249999999999996,0.8,0.8,900.0,0.003,0.0,10,0.5,0.01092485,0.009128627862510803
5.4,900.0818211814658,0.030424237125412486,0.0,0.2,0.2,20.249999999999996,0.8,0.8,900.0,0.003,0.0,10,0.5,0.012715758,0.009128629274852314
5.4030000000000005,900.0818211939801,0.030449150805077107,0.0,0.2,0.2,20.249999999999996,0.8,0.8,900.0,0.003,0.0,10,0.5,0.011110421,0.009128630665720066
5.406,900.0818212063048,0.030474403523169203,0.0,0.2,0.2,20.249999999999996,0.8,0.8,900.0,0.003,0.0,10,0.5,0.01090174,0.009128632033671995
5.409,900.0818212184195,0.030499996345378668,0.0,0.2,0.2,20.249999999999996,0.8,0.8,900.0,0.003,0.0,10,0.5,0.012875388,0.009128633377510504
5.412,900.0818212303204,0.03052593033872522,0.0,0.2,0.2,20.249999999999996,0.8,0.8,900.0,0.003,0.0,10,0.5,0.011143531,0.00912863469628716
5.415,900.0818212419929,0.030552206571253654,0.0,0.2,0.2,20.249999999999996,0.8,0.8,900.0,0.003,0.0,10,0.5,0.01094846,0.00912863598929762
5.418,900.0818212534359,0.03057882611160564,0.0,0.2,0.2,20.249999999999996,0.8,0.8,900.0,0.003,0.0,10,0.5,0.012859459,0.009128637256067386
5.421,900.0818212646382,0.030605790029388284,0.0,0.2,0.2,20.249999999999996,0.8,0.8,900.0,0.003,0.0,10,0.5,0.01090839,0.009128638496337013
5.424,900.0818212756079,0.030633099395096924,0.0,0.2,0.2,20.249999999999996,0.8,0.8,900.0,0.003,0.0,10,0.5,0.011114561,0.00912863971005048
5.4270000000000005,900.0818212863335,0.03066075527882675,0.0,0.2,0.2,20.249999999999996,0.8,0.8,900.0,0.003,0.0,10,0.5,0.012560187,0.009128640897332249
5.43,900.0818212968235,0.03068875875075409,0.0,0.2,0.2,20.249999999999996,0.8,0.8,900.0,0.003,0.0,10,0.5,0.011031831,0.009128642058465461
5.433,900.0818213070762,0.030717110880180937,0.0,0.2,0.2,20.249999999999996,0.8,0.8,900.0,0.003,0.0,10,0.5,0.01109679,0.009128643193873668
5.436,900.0818213170963,0.03074581273564436,0.0,0.2,0.2,20.249999999999996,0.8,0.8,900.0,0.003,0.0,10,0.5,0.012884199,0.009128644304110648
5.439,900.081821326893,0.030774865385983854,0.0,0.2,0.2,20.249999999999996,0.8,0.8,900.0,0.003,0.0,10,0.5,0.01090768,0.009128645389832088
5.442,900.0818213364657,0.030804269900335333,0.0,0.2,0.2,20.249999999999996,0.8,0.8,900.0,0.003,0.0,10,0.5,0.011440072,0.009128646451778775
5.445,900.0818213458261,0.030834027348292402,0.0,0.2,0.2,20.249999999999996,0.8,0.8,900.0,0.003,0.0,10,0.5,0.012924319,0.009128647490750163
5.448,900.0818213549796,0.030864138800544356,0.0,0.2,0.2,20.249999999999996,0.8,0.8,900.0,0.003,0.0,10,0.5,0.010723119,0.009128648507608765
5.4510000000000005,900.0818213639332,0.030894605328148073,0.0,0.2,0.2,20.249999999999996,0.8,0.8,900.0,0.003,0.0,10,0.5,0.01104325,0.00912864950327684
5.454,900.0818213726948,0.030925428001540165,0.0,0.2,0.2,20.249999999999996,0.8,0.8,900.0,0.003,0.0,10,0.5,0.012460137,0.009128650478722272
5.457,900.0818213812732,0.030956607888705065,0.0,0.2,0.2,20.249999999999996,0.8,0.8,900.0,0.003,0.0,10,0.5,0.01097126,0.009128651434956843
5.46,900.0818213896781,0.03098814605717999,0.0,0.2,0.2,20.249999999999996,0.8,0.8,900.0,0.003,0.0,10,0.5,0.011126271,0.009128652373054174
5.463,900.0818213979218,0.03102004357432147,0.0,0.2,0.2,20.249999999999996,0.8,0.8,900.0,0.003,0.0,10,0.5,0.012727498,0.009128653294137175
5.466,900.0818214060112,0.03105230150717877,0.0,0.2,0.2,20.249999999999996,0.8,0.8,900.0,0.003,0.0,10,0.5,0.01086935,0.009128654199386906
5.469,900.081821413957,0.03108492092246868,0.0,0.2,0.2,20.249999999999996,0.8,0.8,900.0,0.003,0.0,10,0.5,0.010875569,0.009128655090017168
5.472,900.0818214217708,0.031117902886604116,0.0,0.2,0.2,20.249999999999996,0.8,0.8,900.0,0.003,0.0,10,0.5,0.012764869,0.009128655967283838
5.4750000000000005,900.0818214294634,0.031151248463611125,0.0,0.2,0.2,20.249999999999996,0.8,0.8,900.0,0.003,0.0,10,0.5,0.010817789,0.009128656832457243
5.478,900.0818214370468,0.03118495871422966,0.0,0.2,0.2,20.249999999999996,0.8,0.8,900.0,0.003,0.0,10,0.5,0.01103412,0.009128657686784471
5.481,900.0818214445334,0.031219034699206134,0.0,0.2,0.2,20.249999999999996,0.8,0.8,900.0,0.003,0.0,10,0.5,0.012884589,0.009128658531475735
5.484,900.0818214519356,0.03125347747943564,0.0,0.2,0.2,20.249999999999996,0.8,0.8,900.0,0.003,0.0,10,0.5,0.01089167,0.00912865936772287
5.487,900.0818214592557,0.03128828811544888,0.0,0.2,0.2,20.249999999999996,0.8,0.8,900.0,0.003,0.0,10,0.5,0.011252761,0.009128660196688194
5.49,900.081821466514,0.031323467667411405,0.0,0.2,0.2,20.249999999999996,0.8,0.8,900.0,0.003,0.0,10,0.5,0.012725018,0.009128661019490256
5.493,900.0818214737144,0.03135901719460924,0.0,0.2,0.2,20.249999999999996,0.8,0.8,900.0,0.003,0.0,10,0.5,0.011221521,0.009128661837219526
5.496,900.0818214808672,0.03139493775166612,0.0,0.2,0.2,20.249999999999996,0.8,0.8,900.0,0.003,0.0,10,0.5,0.011084951,0.009128662650923856
5.4990000000000006,900.0818214879841,0.03143123038065431,0.0,0.2,0.2,20.249999999999996,0.8,0.8,900.0,0.003,0.0,10,0.5,0.012784048,0.00912866346166209
5.502,900.0818214950797,0.031467896092736466,0.0,0.2,0.2,20.249999999999996,0.8,0.8,900.0,0.003,0.0,10,0.5,0.011621364,0.009128664270334309
5.505,900.0818215021536,0.031504935890019146,0.0,0.2,0.2,20.249999999999996,0.8,0.8,900.0,0.003,0.0,10,0.5,0.011756343,0.009128665077678188
5.508,900.081821509215,0.03154235076165939,0.0,0.2,0.2,20.249999999999996,0.8,0.8,900.0,0.003,0.0,10,0.5,0.012817289,0.009128665884281809
5.511,900.0818215162678,0.031580141694080084,0.0,0.2,0.2,20.249999999999996,0.8,0.8,900.0,0.003,0.0,10,0.5,0.010859429,0.00912866669063428
5.514,900.0818215233219,0.031618309673333005,0.0,0.2,0.2,20.249999999999996,0.8,0.8,900.0,0.003,0.0,10,0.5,0.011386922,0.009128667497107569
5.517,900.0818215303715,0.03165685568517853,0.0,0.2,0.2,20.249999999999996,0.8,0.8,900.0,0.003,0.0,10,0.5,0.012908338,0.009128668303923533
5.5200000000000005,900.0818215374281,0.0316957807150676,0.0,0.2,0.2,20.249999999999996,0.8,0.8,900.0,0.003,0.0,10,0.5,0.01092908,0.009128669111148069
5.523,900.0818215444853,0.03173508574444585,0.0,0.2,0.2,20.249999999999996,0.8,0.8,900.0,0.003,0.0,10,0.5,0.011294902,0.009128669918668071
5.526,900.0818215515458,0.031774771750141116,0.0,0.2,0.2,20.249999999999996,0.8,0.8,900.0,0.003,0.0,10,0.5,0.012756608,0.009128670726140087
5.529,900.0818215586071,0.03181483970845867,0.0,0.2,0.2,20.249999999999996,0.8,0.8,900.0,0.003,0.0,10,0.5,0.010846239,0.009128671533031894
5.532,900.0818215656611,0.03185529059564287,0.0,0.2,0.2,20.249999999999996,0.8,0.8,900.0,0.003,0.0,10,0.5,0.010946671,0.009128672338636375
5.535,900.0818215727002,0.03189612538643803,0.0,0.2,0.2,20.249999999999996,0.8,0.8,900.0,0.003,0.0,10,0.5,0.013100199,0.009128673142077146
5.538,900.0818215797236,0.03193734505449063,0.0,0.2,0.2,20.249999999999996,0.8,0.8,900.0,0.003,0.0,10,0.5,0.011147921,0.009128673942337611
5.541,900.081821586716,0.0319789505728828,0.0,0.2,0.2,20.249999999999996,0.8,0.8,900.0,0.003,0.0,10,0.5,0.0108087,0.009128674738290467
5.5440000000000005,900.0818215936697,0.0320209429100357,0.0,0.2,0.2,20.249999999999996,0.8,0.8,900.0,0.003,0.0,10,0.5,0.012734819,0.009128675528695814
5.547,900.081821600574,0.032063323034237194,0.0,0.2,0.2,20.249999999999996,0.8,0.8,900.0,0.003,0.0,10,0.5,0.01105773,0.009128676312231066
5.55,900.0818216074127,0.03210609191458003,0.0,0.2,0.2,20.249999999999996,0.8,0.8,900.0,0.003,0.0,10,0.5,0.011157101,0.009128677087519785
5.553,900.0818216141782,0.03214925052105381,0.0,0.2,0.2,20.249999999999996,0.8,0.8,900.0,0.003,0.0,10,0.5,0.012699158,0.009128677853148276
5.556,900.0818216208565,0.03219279982467662,0.0,0.2,0.2,20.249999999999996,0.8,0.8,900.0,0.003,0.0,10,0.5,0.011186,0.00912867860770637
5.559,900.0818216274388,0.032236740796804914,0.0,0.2,0.2,20.249999999999996,0.8,0.8,900.0,0.003,0.0,10,0.5,0.011337041,0.009128679349781208
5.562,900.0818216339032,0.03228107440955207,0.0,0.2,0.2,20.249999999999996,0.8,0.8,900.0,0.003,0.0,10,0.5,0.012818879,0.009128680077965424
5.565,900.0818216402442,0.03232580163604942,0.0,0.2,0.2,20.249999999999996,0.8,0.8,900.0,0.003,0.0,10,0.5,0.01095989,0.00912868079089679
5.5680000000000005,900.0818216464475,0.03237092345081444,0.0,0.2,0.2,20.249999999999996,0.8,0.8,900.0,0.003,0.0,10,0.5,0.011025431,0.009128681487281652
5.571,900.0818216525008,0.03241644082940699,0.0,0.2,0.2,20.249999999999996,0.8,0.8,900.0,0.003,0.0,10,0.5,0.012741528,0.009128682166064942
5.574,900.0818216584022,0.032462354729429176,0.0,0.2,0.2,20.249999999999996,0.8,0.8,900.0,0.003,0.0,10,0.5,0.01104436,0.00912868282660976
5.577,900.0818216641348,0.032508666072349764,0.0,0.2,0.2,20.249999999999996,0.8,0.8,900.0,0.003,0.0,10,0.5,0.011061441,0.009128683467986771
5.58,900.0818216696954,0.03255537577847188,0.0,0.2,0.2,20.249999999999996,0.8,0.8,900.0,0.003,0.0,10,0.5,0.012869018,0.00912868408925376
5.583,900.0818216750758,0.032602484770248526,0.0,0.2,0.2,20.249999999999996,0.8,0.8,900.0,0.003,0.0,10,0.5,0.01079173,0.009128684689559659
5.586,900.0818216802654,0.03264999396443614,0.0,0.2,0.2,20.249999999999996,0.8,0.8,900.0,0.003,0.0,10,0.5,0.011170011,0.009128685268205204
5.589,900.0818216852613,0.03269790426199461,0.0,0.2,0.2,20.249999999999996,0.8,0.8,900.0,0.003,0.0,10,0.5,0.013016799,0.0091286858245206
5.5920000000000005,900.0818216900561,0.03274621656561975,0.0,0.2,0.2,20.249999999999996,0.8,0.8,900.0,0.003,0.0,10,0.5,0.01087236,0.00912868635795911
5.595,900.081821694643,0.032794931780533526,0.0,0.2,0.2,20.249999999999996,0.8,0.8,900.0,0.003,0.0,10,0.5,0.01090429,0.009128686868096791
5.598,900.0818216990251,0.032844050815122885,0.0,0.2,0.2,20.249999999999996,0.8,0.8,900.0,0.003,0.0,10,0.5,0.012748028,0.009128687354609238
5.601,900.0818217031899,0.03289357458096168,0.0,0.2,0.2,20.249999999999996,0.8,0.8,900.0,0.003,0.0,10,0.5,0.011263131,0.009128687817306871
5.604,900.0818217071422,0.03294350398450312,0.0,0.2,0.2,20.249999999999996,0.8,0.8,900.0,0.003,0.0,10,0.5,0.011148531,0.009128688256093668
5.607,900.0818217108749,0.03299383992998919,0.0,0.2,0.2,20.249999999999996,0.8,0.8,900.0,0.003,0.0,10,0.5,0.012816299,0.009128688670912625
5.61,900.0818217143978,0.033044583325558735,0.0,0.2,0.2,20.249999999999996,0.8,0.8,900.0,0.003,0.0,10,0.5,0.01095299,0.0091286890619474
5.613,900.0818217177067,0.03309573503085176,0.0,0.2,0.2,20.249999999999996,0.8,0.8,900.0,0.003,0.0,10,0.5,0.011272331,0.009128689430373418
5.6160000000000005,900.081821720817,0.03314729573145446,0.0,0.2,0.2,20.249999999999996,0.8,0.8,900.0,0.003,0.0,10,0.5,0.012479307,0.00912868977704701
5.619,900.0818217237282,0.033199266083697415,0.0,0.2,0.2,20.249999999999996,0.8,0.8,900.0,0.003,0.0,10,0.5,0.011226571,0.009128690102597536
5.622,900.0818217264489,0.03325164674282114,0.0,0.2,0.2,20.249999999999996,0.8,0.8,900.0,0.003,0.0,10,0.5,0.01094244,0.009128690407574207
5.625,900.0818217289851,0.033304438363867296,0.0,0.2,0.2,20.249999999999996,0.8,0.8,900.0,0.003,0.0,10,0.5,0.012371936,0.009128690692528623
5.628,900.0818217313415,0.033357641602495075,0.0,0.2,0.2,20.249999999999996,0.8,0.8,900.0,0.003,0.0,10,0.5,0.011076021,0.009128690958631776
5.631,900.0818217335348,0.033411256975911824,0.0,0.2,0.2,20.249999999999996,0.8,0.8,900.0,0.003,0.0,10,0.5,0.01103618,0.009128691207549002
5.634,900.0818217355695,0.03346528485070176,0.0,0.2,0.2,20.249999999999996,0.8,0.8,900.0,0.003,0.0,10,0.5,0.012901259,0.009128691440346434
5.6370000000000005,900.0818217374627,0.033519725592944694,0.0,0.2,0.2,20.249999999999996,0.8,0.8,900.0,0.003,0.0,10,0.5,0.011198712,0.00912869165811534
5.64,900.0818217392182,0.03357457956797862,0.0,0.2,0.2,20.249999999999996,0.8,0.8,900.0,0.003,0.0,10,0.5,0.011216511,0.009128691861922288
5.643,900.0818217408491,0.03362984713957938,0.0,0.2,0.2,20.249999999999996,0.8,0.8,900.0,0.003,0.0,10,0.5,0.012911859,0.009128692052805091
5.646,900.081821742363,0.033685528669444915,0.0,0.2,0.2,20.249999999999996,0.8,0.8,900.0,0.003,0.0,10,0.5,0.011215801,0.009128692231761038
5.649,900.0818217437665,0.03374162451871868,0.0,0.2,0.2,20.249999999999996,0.8,0.8,900.0,0.003,0.0,10,0.5,0.011350262,0.00912869239976495
5.652,900.0818217450724,0.03379813504747592,0.0,0.2,0.2,20.249999999999996,0.8,0.8,900.0,0.003,0.0,10,0.5,0.01312865,0.009128692557782583
5.655,900.0818217462895,0.0338550606115547,0.0,0.2,0.2,20.249999999999996,0.8,0.8,900.0,0.003,0.0,10,0.5,0.011178411,0.009128692706719593
5.658,900.0818217474259,0.03391240156319327,0.0,0.2,0.2,20.249999999999996,0.8,0.8,900.0,0.003,0.0,10,0.5,0.011191351,0.009128692847764922
5.6610000000000005,900.0818217484932,0.033970158165096756,0.0,0.2,0.2,20.249999999999996,0.8,0.8,900.0,0.003,0.0,10,0.5,0.012833648,0.00912869298220011
5.664,900.0818217494979,0.034028330611806545,0.0,0.2,0.2,20.249999999999996,0.8,0.8,900.0,0.003,0.0,10,0.5,0.011683884,0.009128693110916327
5.667,900.081821750451,0.034086919096516254,0.0,0.2,0.2,20.249999999999996,0.8,0.8,900.0,0.003,0.0,10,0.5,0.01101665,0.009128693234640571
5.67,900.081821751358,0.034145923811331316,0.0,0.2,0.2,20.249999999999996,0.8,0.8,900.0,0.003,0.0,10,0.5,0.012848259,0.009128693354075968
5.673,900.0818217522276,0.03420534493746764,0.0,0.2,0.2,20.249999999999996,0.8,0.8,900.0,0.003,0.0,10,0.5,0.01104758,0.009128693469945883
5.676,900.0818217530657,0.03426518264558858,0.0,0.2,0.2,20.249999999999996,0.8,0.8,900.0,0.003,0.0,10,0.5,0.011366432,0.009128693582968885
5.679,900.081821753877,0.034325437105060065,0.0,0.2,0.2,20.249999999999996,0.8,0.8,900.0,0.003,0.0,10,0.5,0.012681388,0.009128693693835966
5.682,900.0818217546699,0.03438610848050478,0.0,0.2,0.2,20.249999999999996,0.8,0.8,900.0,0.003,0.0,10,0.5,0.011253581,0.009128693803157928
5.6850000000000005,900.081821755448,0.03444719693663385,0.0,0.2,0.2,20.249999999999996,0.8,0.8,900.0,0.003,0.0,10,0.5,0.011167721,0.00912869391144859
5.688,900.0818217562131,0.034508702638927136,0.0,0.2,0.2,20.249999999999996,0.8,0.8,900.0,0.003,0.0,10,0.5,0.01305151,0.009128694019108404
5.691,900.0818217569758,0.03457062575383474,0.0,0.2,0.2,20.249999999999996,0.8,0.8,900.0,0.003,0.0,10,0.5,0.010813499,0.009128694126421982
5.694,900.0818217577354,0.03463296644865937,0.0,0.2,0.2,20.249999999999996,0.8,0.8,900.0,0.003,0.0,10,0.5,0.011307821,0.009128694233551492
5.697,900.0818217584907,0.03469572489228986,0.0,0.2,0.2,20.249999999999996,0.8,0.8,900.0,0.003,0.0,10,0.5,0.013204,0.009128694340516852
5.7,900.081821759245,0.034758901255659974,0.0,0.2,0.2,20.249999999999996,0.8,0.8,900.0,0.003,0.0,10,0.5,0.01095922,0.009128694447180364
5.703,900.0818217599964,0.03482249571202555,0.0,0.2,0.2,20.249999999999996,0.8,0.8,900.0,0.003,0.0,10,0.5,0.01113503,0.009128694553246983
5.706,900.0818217607411,0.03488650843728611,0.0,0.2,0.2,20.249999999999996,0.8,0.8,900.0,0.003,0.0,10,0.5,0.01300167,0.009128694658271312
5.7090000000000005,900.0818217614766,0.034950939610275636,0.0,0.2,0.2,20.249999999999996,0.8,0.8,900.0,0.003,0.0,10,0.5,0.01108747,0.009128694761663995
5.712,900.0818217621969,0.03501578941310688,0.0,0.2,0.2,20.249999999999996,0.8,0.8,900.0,0.003,0.0,10,0.5,0.011246262,0.009128694862719073
5.715,900.0818217628952,0.03508105803149027,0.0,0.2,0.2,20.249999999999996,0.8,0.8,900.0,0.003,0.0,10,0.5,0.01317586,0.009128694960651548
5.718,900.0818217635662,0.0351467456482156,0.0,0.2,0.2,20.249999999999996,0.8,0.8,900.0,0.003,0.0,10,0.5,0.011269251,0.009128695054682737
5.721,900.081821764203,0.035212852431782356,0.0,0.2,0.2,20.249999999999996,0.8,0.8,900.0,0.003,0.0,10,0.5,0.011083611,0.009128695143996512
5.724,900.0818217647939,0.03527937855171611,0.0,0.2,0.2,20.249999999999996,0.8,0.8,900.0,0.003,0.0,10,0.5,0.012884609,0.009128695227707194
5.727,900.0818217653382,0.035346324181690696,0.0,0.2,0.2,20.249999999999996,0.8,0.8,900.0,0.003,0.0,10,0.5,0.01114285,0.009128695304914176
5.73,900.0818217658224,0.03541368949960578,0.0,0.2,0.2,20.249999999999996,0.8,0.8,900.0,0.003,0.0,10,0.5,0.011279592,0.009128695374733408
5.7330000000000005,900.0818217662388,0.035481474683849545,0.0,0.2,0.2,20.249999999999996,0.8,0.8,900.0,0.003,0.0,10,0.5,0.012764638,0.009128695436269993
5.736,900.081821766579,0.035549679917079156,0.0,0.2,0.2,20.249999999999996,0.8,0.8,900.0,0.003,0.0,10,0.5,0.011208781,0.009128695488609388
5.739,900.0818217668403,0.035618305387350564,0.0,0.2,0.2,20.249999999999996,0.8,0.8,900.0,0.003,0.0,10,0.5,0.011605823,0.009128695530835625
5.742,900.0818217670073,0.035687351288630986,0.0,0.2,0.2,20.249999999999996,0.8,0.8,900.0,0.003,0.0,10,0.5,0.012845438,0.009128695562095319
5.745,900.0818217670774,0.03575681781542535,0.0,0.2,0.2,20.249999999999996,0.8,0.8,900.0,0.003,0.0,10,0.5,0.011131691,0.009128695581659902
5.748,900.0818217670412,0.035826705157118596,0.0,0.2,0.2,20.249999999999996,0.8,0.8,900.0,0.003,0.0,10,0.5,0.011280491,0.009128695588743269
5.751,900.0818217668939,0.035897013509207314,0.0,0.2,0.2,20.249999999999996,0.8,0.8,900.0,0.003,0.0,10,0.5,0.012925679,0.009128695582576713
5.7540000000000004,900.0818217666251,0.035967743074649575,0.0,0.2,0.2,20.249999999999996,0.8,0.8,900.0,0.003,0.0,10,0.5,0.011090641,0.009128695562419235
5.757000000000001,900.0818217662296,0.036038894064093774,0.0,0.2,0.2,20.249999999999996,0.8,0.8,900.0,0.003,0.0,10,0.5,0.011216882,0.00912869552757235
5.76,900.081821765706,0.036110466694964274,0.0,0.2,0.2,20.249999999999996,0.8,0.8,900.0,0.003,0.0,10,0.5,0.013081179,0.009128695477365504
5.763,900.0818217650399,0.036182461193098474,0.0,0.2,0.2,20.249999999999996,0.8,0.8,900.0,0.003,0.0,10,0.5,0.011333902,0.009128695411122937
5.766,900.0818217642293,0.03625487779430122,0.0,0.2,0.2,20.249999999999996,0.8,0.8,900.0,0.003,0.0,10,0.5,0.011103941,0.009128695328249945
5.769,900.0818217632701,0.03632771674168327,0.0,0.2,0.2,20.249999999999996,0.8,0.8,900.0,0.003,0.0,10,0.5,0.012920009,0.009128695228200574
5.772,900.0818217621587,0.03640097828773379,0.0,0.2,0.2,20.249999999999996,0.8,0.8,900.0,0.003,0.0,10,0.5,0.011342662,0.009128695110500618
5.775,900.0818217608853,0.03647466269484529,0.0,0.2,0.2,20.249999999999996,0.8,0.8,900.0,0.003,0.0,10,0.5,0.01108131,0.009128694974756666
5.7780000000000005,900.0818217594494,0.036548770235772216,0.0,0.2,0.2,20.249999999999996,0.8,0.8,900.0,0.003,0.0,10,0.5,0.012878779,0.00912869482064368
5.781,900.0818217578486,0.03662330119618474,0.0,0.2,0.2,20.249999999999996,0.8,0.8,900.0,0.003,0.0,10,0.5,0.011350842,0.009128694647914472
5.784,900.0818217560812,0.036698255875918864,0.0,0.2,0.2,20.249999999999996,0.8,0.8,900.0,0.003,0.0,10,0.5,0.01099891,0.009128694456422481
5.787,900.0818217541421,0.036773634576859546,0.0,0.2,0.2,20.249999999999996,0.8,0.8,900.0,0.003,0.0,10,0.5,0.012958639,0.00912869424613045
5.79,900.0818217520352,0.0368494376047914,0.0,0.2,0.2,20.249999999999996,0.8,0.8,900.0,0.003,0.0,10,0.5,0.011353332,0.009128694017115892
5.793,900.0818217497587,0.03692566527707502,0.0,0.2,0.2,20.249999999999996,0.8,0.8,900.0,0.003,0.0,10,0.5,0.011171521,0.00912869376958201
5.796,900.0818217473159,0.03700231792500612,0.0,0.2,0.2,20.249999999999996,0.8,0.8,900.0,0.003,0.0,10,0.5,0.012756118,0.009128693503896773
5.799,900.0818217447128,0.037079395884218644,0.0,0.2,0.2,20.249999999999996,0.8,0.8,900.0,0.003,0.0,10,0.5,0.011212842,0.009128693221222246
5.8020000000000005,900.0818217419578,0.0371568994257136,0.0,0.2,0.2,20.249999999999996,0.8,0.8,900.0,0.003,0.0,10,0.5,0.011232481,0.009128692922524845
5.805,900.0818217390607,0.03723482877227908,0.0,0.2,0.2,20.249999999999996,0.8,0.8,900.0,0.003,0.0,10,0.5,0.012853938,0.009128692608603101
5.808,900.0818217360215,0.03731318411947911,0.0,0.2,0.2,20.249999999999996,0.8,0.8,900.0,0.003,0.0,10,0.5,0.011131081,0.00912869228016845
5.811,900.0818217328568,0.03739196567734092,0.0,0.2,0.2,20.249999999999996,0.8,0.8,900.0,0.003,0.0,10,0.5,0.011314191,0.009128691938115184
5.814,900.0818217295672,0.03747117367100217,0.0,0.2,0.2,20.249999999999996,0.8,0.8,900.0,0.003,0.0,10,0.5,0.012723678,0.009128691583475046
5.817,900.0818217261623,0.03755080834159802,0.0,0.2,0.2,20.249999999999996,0.8,0.8,900.0,0.003,0.0,10,0.5,0.011144771,0.009128691217310808
5.82,900.0818217226554,0.03763086994794077,0.0,0.2,0.2,20.249999999999996,0.8,0.8,900.0,0.003,0.0,10,0.5,0.01111222,0.009128690840646773
5.823,900.081821719054,0.03771135876404989,0.0,0.2,0.2,20.249999999999996,0.8,0.8,900.0,0.003,0.0,10,0.5,0.012953409,0.009128690454390092
5.8260000000000005,900.0818217153643,0.037792275079724685,0.0,0.2,0.2,20.249999999999996,0.8,0.8,900.0,0.003,0.0,10,0.5,0.010983501,0.009128690059319412
5.829,900.0818217115936,0.037873619201942786,0.0,0.2,0.2,20.249999999999996,0.8,0.8,900.0,0.003,0.0,10,0.5,0.01113436,0.009128689656110385
5.832,900.0818217077516,0.037955391455750456,0.0,0.2,0.2,20.249999999999996,0.8,0.8,900.0,0.003,0.0,10,0.5,0.012952789,0.009128689245361683
5.835,900.0818217038426,0.03803759218389483,0.0,0.2,0.2,20.249999999999996,0.8,0.8,900.0,0.003,0.0,10,0.5,0.011137311,0.009128688827599422
5.838,900.0818216998663,0.03812022174787202,0.0,0.2,0.2,20.249999999999996,0.8,0.8,900.0,0.003,0.0,10,0.5,0.01096485,0.009128688403281685
5.841,900.0818216958322,0.03820328052903552,0.0,0.2,0.2,20.249999999999996,0.8,0.8,900.0,0.003,0.0,10,0.5,0.012747998,0.009128687972821438
5.844,900.0818216917447,0.03828676892670881,0.0,0.2,0.2,20.249999999999996,0.8,0.8,900.0,0.003,0.0,10,0.5,0.011161731,0.009128687536641231
5.847,900.081821687604,0.03837068734940244,0.0,0.2,0.2,20.249999999999996,0.8,0.8,900.0,0.003,0.0,10,0.5,0.011359962,0.0091286870958074
5.8500000000000005,900.081821683428,0.038455036041109045,0.0,0.2,0.2,20.249999999999996,0.8,0.8,900.0,0.003,0.0,10,0.5,0.012841889,0.009128686651960783
5.853,900.0818216792228,0.03853981506789753,0.0,0.2,0.2,20.249999999999996,0.8,0.8,900.0,0.003,0.0,10,0.5,0.011325812,0.009128686206009439
5.856,900.0818216750071,0.03862502447496734,0.0,0.2,0.2,20.249999999999996,0.8,0.8,900.0,0.003,0.0,10,0.5,0.011412642,0.009128685761578745
5.859,900.0818216708091,0.03871066359708013,0.0,0.2,0.2,20.249999999999996,0.8,0.8,900.0,0.003,0.0,10,0.5,0.01318752,0.009128685321417376
5.862,900.0818216666526,0.03879673147694423,0.0,0.2,0.2,20.249999999999996,0.8,0.8,900.0,0.003,0.0,10,0.5,0.011198321,0.009128684886054216
5.865,900.0818216625333,0.038883227160494346,0.0,0.2,0.2,20.249999999999996,0.8,0.8,900.0,0.003,0.0,10,0.5,0.011205941,0.009128684455208189
5.868,900.0818216584574,0.03897014969627267,0.0,0.2,0.2,20.249999999999996,0.8,0.8,900.0,0.003,0.0,10,0.5,0.012665728,0.009128684028094476
5.871,900.0818216544133,0.03905749813713222,0.0,0.2,0.2,20.249999999999996,0.8,0.8,900.0,0.003,0.0,10,0.5,0.011149001,0.00912868360347026
5.8740000000000006,900.081821650389,0.03914527154047462,0.0,0.2,0.2,20.249999999999996,0.8,0.8,900.0,0.003,0.0,10,0.5,0.011455283,0.009128683179616522
5.877,900.081821646376,0.03923346896440467,0.0,0.2,0.2,20.249999999999996,0.8,0.8,900.0,0.003,0.0,10,0.5,0.013670352,0.009128682754155683
5.88,900.0818216423437,0.03932208947346696,0.0,0.2,0.2,20.249999999999996,0.8,0.8,900.0,0.003,0.0,10,0.5,0.011328192,0.009128682324176112
5.883,900.0818216382698,0.03941113213964691,0.0,0.2,0.2,20.249999999999996,0.8,0.8,900.0,0.003,0.0,10,0.5,0.01105034,0.009128681886469541
5.886,900.0818216341293,0.03950059604232419,0.0,0.2,0.2,20.249999999999996,0.8,0.8,900.0,0.003,0.0,10,0.5,0.012891609,0.009128681437882365
5.889,900.0818216298941,0.03959048023598,0.0,0.2,0.2,20.249999999999996,0.8,0.8,900.0,0.003,0.0,10,0.5,0.011189731,0.009128680975819302
5.892,900.0818216255358,0.039680783659746886,0.0,0.2,0.2,20.249999999999996,0.8,0.8,900.0,0.003,0.0,10,0.5,0.011578983,0.009128680498117664
5.8950000000000005,900.081821621038,0.039771505219039875,0.0,0.2,0.2,20.249999999999996,0.8,0.8,900.0,0.003,0.0,10,0.5,0.012814329,0.009128680003421348
5.898,900.0818216163891,0.03986264377170291,0.0,0.2,0.2,20.249999999999996,0.8,0.8,900.0,0.003,0.0,10,0.5,0.011225201,0.00912867949083449
5.901,900.0818216115781,0.03995419814859829,0.0,0.2,0.2,20.249999999999996,0.8,0.8,900.0,0.003,0.0,10,0.5,0.01102458,0.00912867895979485
5.904,900.0818216066049,0.040046167181511674,0.0,0.2,0.2,20.249999999999996,0.8,0.8,900.0,0.003,0.0,10,0.5,0.01295587,0.009128678410239751
5.907,900.0818216014604,0.04013854970591463,0.0,0.2,0.2,20.249999999999996,0.8,0.8,900.0,0.003,0.0,10,0.5,0.01112819,0.009128677842545705
5.91,900.0818215961568,0.04023134455933987,0.0,0.2,0.2,20.249999999999996,0.8,0.8,900.0,0.003,0.0,10,0.5,0.011606043,0.00912867725749798
5.913,900.081821590696,0.04032455058285966,0.0,0.2,0.2,20.249999999999996,0.8,0.8,900.0,0.003,0.0,10,0.5,0.012750928,0.009128676656238746
5.916,900.0818215850887,0.04041816662472382,0.0,0.2,0.2,20.249999999999996,0.8,0.8,900.0,0.003,0.0,10,0.5,0.011520372,0.009128676040225634
5.9190000000000005,900.0818215793507,0.04051219153944239,0.0,0.2,0.2,20.249999999999996,0.8,0.8,900.0,0.003,0.0,10,0.5,0.011079541,0.00912867541112487
5.922,900.0818215734943,0.04060662418863481,0.0,0.2,0.2,20.249999999999996,0.8,0.8,900.0,0.003,0.0,10,0.5,0.012882399,0.009128674770683071
5.925,900.0818215675347,0.04070146344259355,0.0,0.2,0.2,20.249999999999996,0.8,0.8,900.0,0.003,0.0,10,0.5,0.01104035,0.009128674120665979
5.928,900.0818215614919,0.04079670817562718,0.0,0.2,0.2,20.249999999999996,0.8,0.8,900.0,0.003,0.0,10,0.5,0.011045321,0.009128673463337816
5.931,900.0818215553835,0.04089235720662534,0.0,0.2,0.2,20.249999999999996,0.8,0.8,900.0,0.003,0.0,10,0.5,0.012750268,0.009128672800526346
5.934,900.0818215492279,0.0409884093438638,0.0,0.2,0.2,20.249999999999996,0.8,0.8,900.0,0.003,0.0,10,0.5,0.01102812,0.009128672133954319
5.937,900.0818215430448,0.04108486324268584,0.0,0.2,0.2,20.249999999999996,0.8,0.8,900.0,0.003,0.0,10,0.5,0.011144951,0.009128671465401464
5.94,900.0818215368436,0.041181717308075044,0.0,0.2,0.2,20.249999999999996,0.8,0.8,900.0,0.003,0.0,10,0.5,0.013025319,0.009128670795333232
5.9430000000000005,900.0818215306255,0.04127896993927755,0.0,0.2,0.2,20.249999999999996,0.8,0.8,900.0,0.003,0.0,10,0.5,0.011234881,0.00912867012370863
5.946,900.0818215243938,0.04137661953976829,0.0,0.2,0.2,20.249999999999996,0.8,0.8,900.0,0.003,0.0,10,0.5,0.011242932,0.009128669450031083
5.949,900.0818215181431,0.04147466451421192,0.0,0.2,0.2,20.249999999999996,0.8,0.8,900.0,0.003,0.0,10,0.5,0.012645988,0.00912866877339921
5.952,900.0818215118669,0.04157310326067235,0.0,0.2,0.2,20.249999999999996,0.8,0.8,900.0,0.003,0.0,10,0.5,0.011572513,0.009128668092503137
5.955,900.0818215055519,0.04167193418090851,0.0,0.2,0.2,20.249999999999996,0.8,0.8,900.0,0.003,0.0,10,0.5,0.011317641,0.00912866740573096
5.958,900.0818214991864,0.04177115568219164,0.0,0.2,0.2,20.249999999999996,0.8,0.8,900.0,0.003,0.0,10,0.5,0.012617427,0.009128666711242647
5.961,900.0818214927453,0.04187076617746365,0.0,0.2,0.2,20.249999999999996,0.8,0.8,900.0,0.003,0.0,10,0.5,0.011316901,0.009128666007253426
5.964,900.0818214862261,0.041970764019550535,0.0,0.2,0.2,20.249999999999996,0.8,0.8,900.0,0.003,0.0,10,0.5,0.011243311,0.009128665292964843
5.9670000000000005,900.0818214796163,0.04207114726939892,0.0,0.2,0.2,20.249999999999996,0.8,0.8,900.0,0.003,0.0,10,0.5,0.01306718,0.009128664567720263
5.97,900.0818214729088,0.042171913843602395,0.0,0.2,0.2,20.249999999999996,0.8,0.8,900.0,0.003,0.0,10,0.5,0.0109711,0.009128663830802635
5.973,900.0818214661011,0.04227306163112792,0.0,0.2,0.2,20.249999999999996,0.8,0.8,900.0,0.003,0.0,10,0.5,0.011118491,0.00912866308350459
5.976,900.0818214592025,0.04237458818379548,0.0,0.2,0.2,20.249999999999996,0.8,0.8,900.0,0.003,0.0,10,0.5,0.012821148,0.009128662326988168
5.979,900.0818214522222,0.04247649095413028,0.0,0.2,0.2,20.249999999999996,0.8,0.8,900.0,0.003,0.0,10,0.5,0.01085946,0.009128661561676571
5.982,900.081821445161,0.04257876739489981,0.0,0.2,0.2,20.249999999999996,0.8,0.8,900.0,0.003,0.0,10,0.5,0.011332442,0.009128660787697977
5.985,900.0818214380203,0.04268141496007393,0.0,0.2,0.2,20.249999999999996,0.8,0.8,900.0,0.003,0.0,10,0.5,0.012585067,0.00912866000515798
5.988,900.0818214308044,0.04278443110362761,0.0,0.2,0.2,20.249999999999996,0.8,0.8,900.0,0.003,0.0,10,0.5,0.011212781,0.009128659214404006
5.9910000000000005,900.0818214235171,0.042887813259030655,0.0,0.2,0.2,20.249999999999996,0.8,0.8,900.0,0.003,0.0,10,0.5,0.011040441,0.009128658415858594
5.994,900.0818214161582,0.04299155885858041,0.0,0.2,0.2,20.249999999999996,0.8,0.8,900.0,0.003,0.0,10,0.5,0.01315156,0.009128657610014395
5.997,900.0818214087321,0.043095665330611245,0.0,0.2,0.2,20.249999999999996,0.8,0.8,900.0,0.003,0.0,10,0.5,0.011334231,0.009128656797513174
6.0,900.0818214012485,0.043200130076616,0.0,0.2,0.2,20.249999999999996,0.8,0.8,900.0,0.003,0.0,10,0.5,0.0110551,0.009128655978921317
6.003,900.081821393709,0.04330495049685559,0.0,0.2,0.2,20.249999999999996,0.8,0.8,900.0,0.003,0.0,10,0.5,0.012883069,0.009128655154754008
6.006,900.0818213861185,0.04341012399275567,0.0,0.2,0.2,20.249999999999996,0.8,0.8,900.0,0.003,0.0,10,0.5,0.011125211,0.009128654325487248
6.009,900.0818213784853,0.04351564797160831,0.0,0.2,0.2,20.249999999999996,0.8,0.8,900.0,0.003,0.0,10,0.5,0.011242601,0.009128653491640212
6.0120000000000005,900.0818213708058,0.043621519847243946,0.0,0.2,0.2,20.249999999999996,0.8,0.8,900.0,0.003,0.0,10,0.5,0.012860649,0.009128652653791517
6.015000000000001,900.0818213630964,0.04372773703994687,0.0,0.2,0.2,20.249999999999996,0.8,0.8,900.0,0.003,0.0,10,0.5,0.011220931,0.00912865181259774
6.018,900.0818213553514,0.043834296974411616,0.0,0.2,0.2,20.249999999999996,0.8,0.8,900.0,0.003,0.0,10,0.5,0.011264912,0.009128650968759932
6.021,900.0818213475859,0.04394119707195844,0.0,0.2,0.2,20.249999999999996,0.8,0.8,900.0,0.003,0.0,10,0.5,0.013048299,0.00912865012295634
6.024,900.0818213398026,0.04404843475842536,0.0,0.2,0.2,20.249999999999996,0.8,0.8,900.0,0.003,0.0,10,0.5,0.011130041,0.009128649275825284
6.027,900.0818213320073,0.04415600746910316,0.0,0.2,0.2,20.249999999999996,0.8,0.8,900.0,0.003,0.0,10,0.5,0.011369572,0.009128648427955969
6.03,900.0818213242042,0.04426391265040879,0.0,0.2,0.2,20.249999999999996,0.8,0.8,900.0,0.003,0.0,10,0.5,0.012972019,0.009128647579902772
6.033,900.0818213164006,0.04437214775772397,0.0,0.2,0.2,20.249999999999996,0.8,0.8,900.0,0.003,0.0,10,0.5,0.011222071,0.009128646732192883
6.0360000000000005,900.0818213086,0.04448071025449743,0.0,0.2,0.2,20.249999999999996,0.8,0.8,900.0,0.003,0.0,10,0.5,0.011245131,0.009128645885216747
6.039,900.0818213008076,0.04458959763784754,0.0,0.2,0.2,20.249999999999996,0.8,0.8,900.0,0.003,0.0,10,0.5,0.01300846,0.009128645039940226
6.042,900.0818212930278,0.044698807336799866,0.0,0.2,0.2,20.249999999999996,0.8,0.8,900.0,0.003,0.0,10,0.5,0.011224351,0.009128644197169689
6.045,900.0818212852738,0.044808336780864134,0.0,0.2,0.2,20.249999999999996,0.8,0.8,900.0,0.003,0.0,10,0.5,0.01105914,0.00912864335774982
6.048,900.081821277551,0.044918183399661485,0.0,0.2,0.2,20.249999999999996,0.8,0.8,900.0,0.003,0.0,10,0.5,0.01313238,0.009128642522805883
6.051,900.0818212698699,0.04502834455112335,0.0,0.2,0.2,20.249999999999996,0.8,0.8,900.0,0.003,0.0,10,0.5,0.011730524,0.009128641693315167
6.054,900.0818212622366,0.04513881757021829,0.0,0.2,0.2,20.249999999999996,0.8,0.8,900.0,0.003,0.0,10,0.5,0.01106176,0.009128640870076473
6.057,900.0818212546617,0.04524959980860165,0.0,0.2,0.2,20.249999999999996,0.8,0.8,900.0,0.003,0.0,10,0.5,0.01299119,0.00912864005408216
6.0600000000000005,900.0818212471518,0.045360688587838406,0.0,0.2,0.2,20.249999999999996,0.8,0.8,900.0,0.003,0.0,10,0.5,0.01100427,0.00912863924621974
6.063,900.0818212397149,0.04547208121495432,0.0,0.2,0.2,20.249999999999996,0.8,0.8,900.0,0.003,0.0,10,0.5,0.011413612,0.009128638446889933
6.066,900.0818212323555,0.0455837750163616,0.0,0.2,0.2,20.249999999999996,0.8,0.8,900.0,0.003,0.0,10,0.5,0.012444527,0.009128637656140139
6.069,900.0818212250714,0.045695767338171274,0.0,0.2,0.2,20.249999999999996,0.8,0.8,900.0,0.003,0.0,10,0.5,0.011408702,0.009128636873705256
6.072,900.0818212178614,0.0458080555457738,0.0,0.2,0.2,20.249999999999996,0.8,0.8,900.0,0.003,0.0,10,0.5,0.011154271,0.009128636099060915
6.075,900.0818212107215,0.0459206370236399,0.0,0.2,0.2,20.249999999999996,0.8,0.8,900.0,0.003,0.0,10,0.5,0.012851799,0.009128635331409469
6.078,900.0818212036456,0.046033509180664414,0.0,0.2,0.2,20.249999999999996,0.8,0.8,900.0,0.003,0.0,10,0.5,0.01091028,0.00912863456958654
6.081,900.0818211966177,0.04614666949254388,0.0,0.2,0.2,20.249999999999996,0.8,0.8,900.0,0.003,0.0,10,0.5,0.011088441,0.009128633811688597
6.0840000000000005,900.0818211896225,0.04626011562035803,0.0,0.2,0.2,20.249999999999996,0.8,0.8,900.0,0.003,0.0,10,0.5,0.012910019,0.009128633056506855
6.087,900.0818211826542,0.046373845269500454,0.0,0.2,0.2,20.249999999999996,0.8,0.8,900.0,0.003,0.0,10,0.5,0.0108655,0.00912863230287305
6.09,900.0818211757,0.04648785617639949,0.0,0.2,0.2,20.249999999999996,0.8,0.8,900.0,0.003,0.0,10,0.5,0.011293182,0.00912863154958426
6.093,900.081821168748,0.0466021461093183,0.0,0.2,0.2,20.249999999999996,0.8,0.8,900.0,0.003,0.0,10,0.5,0.012609417,0.009128630795536155
6.096,900.0818211617886,0.04671671286375968,0.0,0.2,0.2,20.249999999999996,0.8,0.8,900.0,0.003,0.0,10,0.5,0.01086897,0.009128630039854176
6.099,900.0818211548145,0.04683155425364616,0.0,0.2,0.2,20.249999999999996,0.8,0.8,900.0,0.003,0.0,10,0.5,0.011120551,0.009128629281810012
6.102,900.0818211478205,0.0469466681260701,0.0,0.2,0.2,20.249999999999996,0.8,0.8,900.0,0.003,0.0,10,0.5,0.012756768,0.0091286285209133
6.105,900.0818211408015,0.04706205236198602,0.0,0.2,0.2,20.249999999999996,0.8,0.8,900.0,0.003,0.0,10,0.5,0.011120191,0.009128627756915527
6.1080000000000005,900.081821133752,0.04717770487770471,0.0,0.2,0.2,20.249999999999996,0.8,0.8,900.0,0.003,0.0,10,0.5,0.011139391,0.009128626989033061
6.111,900.0818211266652,0.047293623828633474,0.0,0.2,0.2,20.249999999999996,0.8,0.8,900.0,0.003,0.0,10,0.5,0.014164385,0.009128626216984372
6.114,900.0818211195431,0.04740980744603509,0.0,0.2,0.2,20.249999999999996,0.8,0.8,900.0,0.003,0.0,10,0.5,0.011549832,0.009128625441001209
6.117,900.0818211123836,0.04752625398257735,0.0,0.2,0.2,20.249999999999996,0.8,0.8,900.0,0.003,0.0,10,0.5,0.011154431,0.009128624661598889
6.12,900.0818211052041,0.04764296165666234,0.0,0.2,0.2,20.249999999999996,0.8,0.8,900.0,0.003,0.0,10,0.5,0.012973619,0.009128623881227111
6.123,900.0818210980175,0.047759928248561796,0.0,0.2,0.2,20.249999999999996,0.8,0.8,900.0,0.003,0.0,10,0.5,0.011539812,0.009128623101665952
6.126,900.0818210908378,0.04787715141324217,0.0,0.2,0.2,20.249999999999996,0.8,0.8,900.0,0.003,0.0,10,0.5,0.011235262,0.00912862232432591
6.1290000000000004,900.0818210836779,0.04799462880170964,0.0,0.2,0.2,20.249999999999996,0.8,0.8,900.0,0.003,0.0,10,0.5,0.012796648,0.009128621550587152
6.132000000000001,900.0818210765487,0.04811235810129865,0.0,0.2,0.2,20.249999999999996,0.8,0.8,900.0,0.003,0.0,10,0.5,0.01088346,0.009128620781899589
6.135,900.0818210694687,0.048230337033592356,0.0,0.2,0.2,20.249999999999996,0.8,0.8,900.0,0.003,0.0,10,0.5,0.011392562,0.009128620019689275
6.138,900.0818210624417,0.048348563347418966,0.0,0.2,0.2,20.249999999999996,0.8,0.8,900.0,0.003,0.0,10,0.5,0.012833188,0.00912861926499383
6.141,900.0818210554853,0.048467034823234424,0.0,0.2,0.2,20.249999999999996,0.8,0.8,900.0,0.003,0.0,10,0.5,0.010935939,0.009128618518296125
6.144,900.0818210486019,0.048585749269725836,0.0,0.2,0.2,20.249999999999996,0.8,0.8,900.0,0.003,0.0,10,0.5,0.011155211,0.009128617779485721
6.147,900.0818210417881,0.04870470451980686,0.0,0.2,0.2,20.249999999999996,0.8,0.8,900.0,0.003,0.0,10,0.5,0.012805538,0.009128617048056061
6.15,900.0818210350409,0.04882389837757074,0.0,0.2,0.2,20.249999999999996,0.8,0.8,900.0,0.003,0.0,10,0.5,0.011108271,0.009128616324231988
6.1530000000000005,900.0818210283646,0.048943328390224534,0.0,0.2,0.2,20.249999999999996,0.8,0.8,900.0,0.003,0.0,10,0.5,0.01094261,0.009128615607414906
6.156,900.0818210217514,0.04906299210008496,0.0,0.2,0.2,20.249999999999996,0.8,0.8,900.0,0.003,0.0,10,0.5,0.012724158,0.009128614896290993
6.159,900.081821015189,0.04918288708357573,0.0,0.2,0.2,20.249999999999996,0.8,0.8,900.0,0.003,0.0,10,0.5,0.01099406,0.009128614189227308
6.162,900.0818210086626,0.049303010951050406,0.0,0.2,0.2,20.249999999999996,0.8,0.8,900.0,0.003,0.0,10,0.5,0.011191291,0.009128613484588486
6.165,900.0818210021552,0.04942336134200927,0.0,0.2,0.2,20.249999999999996,0.8,0.8,900.0,0.003,0.0,10,0.5,0.012798138,0.00912861278073031
6.168,900.081820995657,0.049543935932457275,0.0,0.2,0.2,20.249999999999996,0.8,0.8,900.0,0.003,0.0,10,0.5,0.011185981,0.009128612076079816
6.171,900.0818209891509,0.049664732437203214,0.0,0.2,0.2,20.249999999999996,0.8,0.8,900.0,0.003,0.0,10,0.5,0.011188681,0.009128611369165865
6.174,900.081820982623,0.0497857486108551,0.0,0.2,0.2,20.249999999999996,0.8,0.8,900.0,0.003,0.0,10,0.5,0.012903198,0.009128610658655289
6.1770000000000005,900.0818209760619,0.049906982248209206,0.0,0.2,0.2,20.249999999999996,0.8,0.8,900.0,0.003,0.0,10,0.5,0.011182081,0.009128609943397372
6.18,900.0818209694613,0.05002843118560484,0.0,0.2,0.2,20.249999999999996,0.8,0.8,900.0,0.003,0.0,10,0.5,0.011137571,0.009128609222621207
6.183,900.0818209628089,0.050150093285566404,0.0,0.2,0.2,20.249999999999996,0.8,0.8,900.0,0.003,0.0,10,0.5,0.012896029,0.009128608496095966
6.186,900.0818209561085,0.05027196642123936,0.0,0.2,0.2,20.249999999999996,0.8,0.8,900.0,0.003,0.0,10,0.5,0.011514093,0.009128607763712231
6.189,900.0818209493528,0.05039404850910708,0.0,0.2,0.2,20.249999999999996,0.8,0.8,900.0,0.003,0.0,10,0.5,0.011885404,0.009128607025612395
6.192,900.0818209425448,0.0505163375121259,0.0,0.2,0.2,20.249999999999996,0.8,0.8,900.0,0.003,0.0,10,0.5,0.012788139,0.009128606282272363
6.195,900.0818209356923,0.05063883144123743,0.0,0.2,0.2,20.249999999999996,0.8,0.8,900.0,0.003,0.0,10,0.5,0.01104711,0.009128605534501724
6.198,900.0818209287979,0.05076152836193357,0.0,0.2,0.2,20.249999999999996,0.8,0.8,900.0,0.003,0.0,10,0.5,0.011107941,0.009128604783400452
6.2010000000000005,900.0818209218703,0.05088442639393108,0.0,0.2,0.2,20.249999999999996,0.8,0.8,900.0,0.003,0.0,10,0.5,0.012450847,0.009128604030454355
6.204,900.0818209149309,0.05100752368829902,0.0,0.2,0.2,20.249999999999996,0.8,0.8,900.0,0.003,0.0,10,0.5,0.01108374,0.009128603277226813
6.207,900.0818209079889,0.051130818430373,0.0,0.2,0.2,20.249999999999996,0.8,0.8,900.0,0.003,0.0,10,0.5,0.0110796,0.00912860252538372
6.21,900.0818209010578,0.05125430880859262,0.0,0.2,0.2,20.249999999999996,0.8,0.8,900.0,0.003,0.0,10,0.5,0.012736298,0.009128601776416735
6.213,900.0818208941553,0.051377993024732414,0.0,0.2,0.2,20.249999999999996,0.8,0.8,900.0,0.003,0.0,10,0.5,0.011047811,0.009128601031513346
6.216,900.0818208872864,0.05150186931250572,0.0,0.2,0.2,20.249999999999996,0.8,0.8,900.0,0.003,0.0,10,0.5,0.01090572,0.009128600291511656
6.219,900.0818208804654,0.051625935945007674,0.0,0.2,0.2,20.249999999999996,0.8,0.8,900.0,0.003,0.0,10,0.5,0.012459627,0.009128599557410091
6.222,900.0818208736954,0.0517501911570197,0.0,0.2,0.2,20.249999999999996,0.8,0.8,900.0,0.003,0.0,10,0.5,0.011705213,0.009128598829776074
6.2250000000000005,900.0818208669855,0.05187463319081728,0.0,0.2,0.2,20.249999999999996,0.8,0.8,900.0,0.003,0.0,10,0.5,0.011141131,0.009128598108510598
6.228,900.0818208603298,0.051999260344310495,0.0,0.2,0.2,20.249999999999996,0.8,0.8,900.0,0.003,0.0,10,0.5,0.012890969,0.009128597393130988
6.231,900.0818208537288,0.05212407096542142,0.0,0.2,0.2,20.249999999999996,0.8,0.8,900.0,0.003,0.0,10,0.5,0.011255801,0.00912859668293861
6.234,900.0818208471752,0.05224906343520465,0.0,0.2,0.2,20.249999999999996,0.8,0.8,900.0,0.003,0.0,10,0.5,0.011212752,0.009128595977404067
6.237,900.0818208406797,0.052374236063802156,0.0,0.2,0.2,20.249999999999996,0.8,0.8,900.0,0.003,0.0,10,0.5,0.012601787,0.00912859528297568
6.24,900.0818208342928,0.05249958581250387,0.0,0.2,0.2,20.249999999999996,0.8,0.8,900.0,0.003,0.0,10,0.5,0.011086421,0.009128594602854336
6.243,900.0818208280348,0.05262510931729039,0.0,0.2,0.2,20.249999999999996,0.8,0.8,900.0,0.003,0.0,10,0.5,0.01106045,0.009128593936379034
6.246,900.0818208218967,0.052750803274244154,0.0,0.2,0.2,20.249999999999996,0.8,0.8,900.0,0.003,0.0,10,0.5,0.012842889,0.009128593281895617
6.2490000000000006,900.0818208158635,0.05287666444047369,0.0,0.2,0.2,20.249999999999996,0.8,0.8,900.0,0.003,0.0,10,0.5,0.011238741,0.009128592637501192
6.252,900.0818208099205,0.0530026896307961,0.0,0.2,0.2,20.249999999999996,0.8,0.8,900.0,0.003,0.0,10,0.5,0.011136381,0.009128592001176834
6.255,900.081820804049,0.05312887569691582,0.0,0.2,0.2,20.249999999999996,0.8,0.8,900.0,0.003,0.0,10,0.5,0.012921659,0.009128591370714279
6.258,900.0818207982352,0.053255219488133936,0.0,0.2,0.2,20.249999999999996,0.8,0.8,900.0,0.003,0.0,10,0.5,0.01099884,0.009128590742996934
6.261,900.0818207924392,0.053381717920456415,0.0,0.2,0.2,20.249999999999996,0.8,0.8,900.0,0.003,0.0,10,0.5,0.011289251,0.009128590114222832
6.264,900.0818207866337,0.053508367981264786,0.0,0.2,0.2,20.249999999999996,0.8,0.8,900.0,0.003,0.0,10,0.5,0.012757988,0.00912858948006998
6.267,900.0818207807798,0.05363516673078807,0.0,0.2,0.2,20.249999999999996,0.8,0.8,900.0,0.003,0.0,10,0.5,0.011173381,0.009128588835907192
6.2700000000000005,900.081820774832,0.053762111316379146,0.0,0.2,0.2,20.249999999999996,0.8,0.8,900.0,0.003,0.0,10,0.5,0.011332702,0.009128588176082607
6.273,900.08182076874,0.053889199142267925,0.0,0.2,0.2,20.249999999999996,0.8,0.8,900.0,0.003,0.0,10,0.5,0.01312736,0.009128587495295467
6.276,900.081820762464,0.05401642768103289,0.0,0.2,0.2,20.249999999999996,0.8,0.8,900.0,0.003,0.0,10,0.5,0.011300242,0.00912858678979012
6.279,900.0818207559669,0.054143794230429775,0.0,0.2,0.2,20.249999999999996,0.8,0.8,900.0,0.003,0.0,10,0.5,0.011108611,0.009128586056333206
6.282,900.0818207492222,0.05427129600493575,0.0,0.2,0.2,20.249999999999996,0.8,0.8,900.0,0.003,0.0,10,0.5,0.012734248,0.009128585292171887
6.285,900.0818207421984,0.054398930273408315,0.0,0.2,0.2,20.249999999999996,0.8,0.8,900.0,0.003,0.0,10,0.5,0.011881734,0.009128584495866348
6.288,900.0818207349254,0.054526694237685816,0.0,0.2,0.2,20.249999999999996,0.8,0.8,900.0,0.003,0.0,10,0.5,0.01096462,0.009128583679222988
6.291,900.0818207274953,0.05465458189096443,0.0,0.2,0.2,20.249999999999996,0.8,0.8,900.0,0.003,0.0,10,0.5,0.012871519,0.009128582852272986
6.2940000000000005,900.0818207199677,0.054782585870209455,0.0,0.2,0.2,20.249999999999996,0.8,0.8,900.0,0.003,0.0,10,0.5,0.0109678,0.00912858201620585
6.297,900.0818207123555,0.05491069883604359,0.0,0.2,0.2,20.249999999999996,0.8,0.8,900.0,0.003,0.0,10,0.5,0.011110221,0.009128581169193737
6.3,900.0818207046428,0.055038913476681134,0.0,0.2,0.2,20.249999999999996,0.8,0.8,900.0,0.003,0.0,10,0.5,0.012805588,0.009128580308977443
6.303,900.0818206968088,0.05516722251158285,0.0,0.2,0.2,20.249999999999996,0.8,0.8,900.0,0.003,0.0,10,0.5,0.011179641,0.009128579433887864
6.306,900.0818206888408,0.05529561869370112,0.0,0.2,0.2,20.249999999999996,0.8,0.8,900.0,0.003,0.0,10,0.5,0.011353672,0.009128578543169953
6.309,900.0818206807337,0.05542409470065045,0.0,0.2,0.2,20.249999999999996,0.8,0.8,900.0,0.003,0.0,10,0.5,0.01313063,0.00912857763590021
6.312,900.0818206724852,0.05555264313436138,0.0,0.2,0.2,20.249999999999996,0.8,0.8,900.0,0.003,0.0,10,0.5,0.01092733,0.009128576712051348
6.315,900.0818206640951,0.05568125608996562,0.0,0.2,0.2,20.249999999999996,0.8,0.8,900.0,0.003,0.0,10,0.5,0.011089201,0.009128575769113474
6.3180000000000005,900.0818206555323,0.05580992544532564,0.0,0.2,0.2,20.249999999999996,0.8,0.8,900.0,0.003,0.0,10,0.5,0.012824438,0.009128574803056731
6.321,900.0818206467586,0.05593864297734519,0.0,0.2,0.2,20.249999999999996,0.8,0.8,900.0,0.003,0.0,10,0.5,0.011180071,0.009128573808691531
6.324,900.0818206377282,0.05606740050013638,0.0,0.2,0.2,20.249999999999996,0.8,0.8,900.0,0.003,0.0,10,0.5,0.011449892,0.00912857278105684
6.327,900.0818206284006,0.05619618983980195,0.0,0.2,0.2,20.249999999999996,0.8,0.8,900.0,0.003,0.0,10,0.5,0.0129689,0.009128571716320494
6.33,900.081820618738,0.05632500277543704,0.0,0.2,0.2,20.249999999999996,0.8,0.8,900.0,0.003,0.0,10,0.5,0.011217422,0.009128570611810296
6.333,900.0818206087188,0.05645383111587944,0.0,0.2,0.2,20.249999999999996,0.8,0.8,900.0,0.003,0.0,10,0.5,0.010786729,0.00912856946638741
6.336,900.0818205983293,0.056582666711904504,0.0,0.2,0.2,20.249999999999996,0.8,0.8,900.0,0.003,0.0,10,0.5,0.012762899,0.009128568280457276
6.339,900.0818205875746,0.056711501466689664,0.0,0.2,0.2,20.249999999999996,0.8,0.8,900.0,0.003,0.0,10,0.5,0.010878789,0.009128567055901203
6.3420000000000005,900.0818205764745,0.05684032733908374,0.0,0.2,0.2,20.249999999999996,0.8,0.8,900.0,0.003,0.0,10,0.5,0.011029551,0.009128565795907507
6.345,900.0818205650532,0.05696913634627127,0.0,0.2,0.2,20.249999999999996,0.8,0.8,900.0,0.003,0.0,10,0.5,0.012742658,0.009128564504786128
6.348,900.0818205533516,0.057097920567248196,0.0,0.2,0.2,20.249999999999996,0.8,0.8,900.0,0.003,0.0,10,0.5,0.01107467,0.00912856318783718
6.351,900.08182054142,0.05722667214568492,0.0,0.2,0.2,20.249999999999996,0.8,0.8,900.0,0.003,0.0,10,0.5,0.01104466,0.009128561851178354
6.354,900.081820529308,0.05735538329113693,0.0,0.2,0.2,20.249999999999996,0.8,0.8,900.0,0.003,0.0,10,0.5,0.012594178,0.009128560502168502
6.357,900.0818205170948,0.05748404611684578,0.0,0.2,0.2,20.249999999999996,0.8,0.8,900.0,0.003,0.0,10,0.5,0.010817699,0.00912855914979378
6.36,900.0818205048511,0.05761265244997704,0.0,0.2,0.2,20.249999999999996,0.8,0.8,900.0,0.003,0.0,10,0.5,0.011434432,0.009128557801919904
6.363,900.0818204926429,0.05774119416705497,0.0,0.2,0.2,20.249999999999996,0.8,0.8,900.0,0.003,0.0,10,0.5,0.012586218,0.00912855646622408
6.3660000000000005,900.0818204805463,0.057869663226211815,0.0,0.2,0.2,20.249999999999996,0.8,0.8,900.0,0.003,0.0,10,0.5,0.011558523,0.009128555150011772
6.369,900.0818204686196,0.05799805167119175,0.0,0.2,0.2,20.249999999999996,0.8,0.8,900.0,0.003,0.0,10,0.5,0.01105713,0.00912855385996181
6.372,900.0818204569256,0.05812635163146332,0.0,0.2,0.2,20.249999999999996,0.8,0.8,900.0,0.003,0.0,10,0.5,0.012787558,0.009128552601910995
6.375,900.0818204455194,0.0582545553233108,0.0,0.2,0.2,20.249999999999996,0.8,0.8,900.0,0.003,0.0,10,0.5,0.011032541,0.009128551380605605
6.378,900.0818204344421,0.058382655056865816,0.0,0.2,0.2,20.249999999999996,0.8,0.8,900.0,0.003,0.0,10,0.5,0.011103981,0.00912855019956955
6.381,900.0818204237237,0.05851064324009212,0.0,0.2,0.2,20.249999999999996,0.8,0.8,900.0,0.003,0.0,10,0.5,0.012779288,0.009128549061066662
6.384,900.081820413382,0.058638512384338586,0.0,0.2,0.2,20.249999999999996,0.8,0.8,900.0,0.003,0.0,10,0.5,0.010757569,0.009128547966136871
6.3870000000000005,900.081820403431,0.0587662551051363,0.0,0.2,0.2,20.249999999999996,0.8,0.8,900.0,0.003,0.0,10,0.5,0.011245412,0.009128546914686626
6.390000000000001,900.0818203938702,0.058893864130010964,0.0,0.2,0.2,20.249999999999996,0.8,0.8,900.0,0.003,0.0,10,0.5,0.012593057,0.009128545905653892
6.393,900.081820384685,0.05902133230532267,0.0,0.2,0.2,20.249999999999996,0.8,0.8,900.0,0.003,0.0,10,0.5,0.01098071,0.00912854493717945
6.396,900.0818203758627,0.05914865259862338,0.0,0.2,0.2,20.249999999999996,0.8,0.8,900.0,0.003,0.0,10,0.5,0.010778459,0.009128544006795147
6.399,900.0818203673801,0.05927581809712117,0.0,0.2,0.2,20.249999999999996,0.8,0.8,900.0,0.003,0.0,10,0.5,0.012717849,0.009128543111559303
6.402,900.081820359212,0.059402822014039104,0.0,0.2,0.2,20.249999999999996,0.8,0.8,900.0,0.003,0.0,10,0.5,0.011342101,0.00912854224825785
6.405,900.0818203513289,0.05952965769256102,0.0,0.2,0.2,20.249999999999996,0.8,0.8,900.0,0.003,0.0,10,0.5,0.011190881,0.009128541413687049
6.408,900.0818203437062,0.059656318591180056,0.0,0.2,0.2,20.249999999999996,0.8,0.8,900.0,0.003,0.0,10,0.5,0.012778308,0.009128540605608478
6.4110000000000005,900.0818203363223,0.05978279809925733,0.0,0.2,0.2,20.249999999999996,0.8,0.8,900.0,0.003,0.0,10,0.5,0.011249552,0.009128539822801481
6.414,900.0818203291652,0.05990908948800481,0.0,0.2,0.2,20.249999999999996,0.8,0.8,900.0,0.003,0.0,10,0.5,0.011049,0.009128539063378262
6.417,900.0818203222191,0.060035186124982,0.0,0.2,0.2,20.249999999999996,0.8,0.8,900.0,0.003,0.0,10,0.5,0.012992269,0.009128538325719726
6.42,900.0818203154631,0.06016108146094423,0.0,0.2,0.2,20.249999999999996,0.8,0.8,900.0,0.003,0.0,10,0.5,0.011346312,0.009128537608279972
6.423,900.0818203088876,0.060286769091495475,0.0,0.2,0.2,20.249999999999996,0.8,0.8,900.0,0.003,0.0,10,0.5,0.011497052,0.009128536909842005
6.426,900.0818203024812,0.06041224276614855,0.0,0.2,0.2,20.249999999999996,0.8,0.8,900.0,0.003,0.0,10,0.5,0.012728188,0.009128536229486218
6.429,900.0818202962361,0.06053749639179967,0.0,0.2,0.2,20.249999999999996,0.8,0.8,900.0,0.003,0.0,10,0.5,0.011533662,0.009128535566568083
6.432,900.081820290147,0.06066252400262785,0.0,0.2,0.2,20.249999999999996,0.8,0.8,900.0,0.003,0.0,10,0.5,0.011042911,0.009128534920955582
6.4350000000000005,900.0818202842116,0.060787319657023366,0.0,0.2,0.2,20.249999999999996,0.8,0.8,900.0,0.003,0.0,10,0.5,0.012945639,0.009128534291905528
6.438,900.0818202784185,0.060911877569948106,0.0,0.2,0.2,20.249999999999996,0.8,0.8,900.0,0.003,0.0,10,0.5,0.011087421,0.009128533678209167
6.441,900.0818202727626,0.06103619213144985,0.0,0.2,0.2,20.249999999999996,0.8,0.8,900.0,0.003,0.0,10,0.5,0.011247421,0.009128533078337964
6.444,900.08182026723,0.061160257905401465,0.0,0.2,0.2,20.249999999999996,0.8,0.8,900.0,0.003,0.0,10,0.5,0.012924539,0.00912853249048889
6.447,900.0818202617996,0.061284069636339304,0.0,0.2,0.2,20.249999999999996,0.8,0.8,900.0,0.003,0.0,10,0.5,0.011103251,0.009128531912590557
6.45,900.0818202564571,0.06140762226186214,0.0,0.2,0.2,20.249999999999996,0.8,0.8,900.0,0.003,0.0,10,0.5,0.011238951,0.009128531342352147
6.453,900.0818202511816,0.061530910906177266,0.0,0.2,0.2,20.249999999999996,0.8,0.8,900.0,0.003,0.0,10,0.5,0.012840329,0.009128530777212818
6.456,900.0818202459429,0.06165393088031742,0.0,0.2,0.2,20.249999999999996,0.8,0.8,900.0,0.003,0.0,10,0.5,0.011190121,0.009128530214356879
6.4590000000000005,900.0818202407238,0.06177667768808479,0.0,0.2,0.2,20.249999999999996,0.8,0.8,900.0,0.003,0.0,10,0.5,0.01096334,0.009128529650732645
6.462,900.081820235495,0.0618991470332184,0.0,0.2,0.2,20.249999999999996,0.8,0.8,900.0,0.003,0.0,10,0.5,0.012897679,0.009128529083092146
6.465,900.0818202302277,0.06202133482265402,0.0,0.2,0.2,20.249999999999996,0.8,0.8,900.0,0.003,0.0,10,0.5,0.011053281,0.009128528508417444
6.468,900.0818202248948,0.062143237086969325,0.0,0.2,0.2,20.249999999999996,0.8,0.8,900.0,0.003,0.0,10,0.5,0.011334951,0.009128527924120512
6.471,900.0818202194724,0.06226484994556882,0.0,0.2,0.2,20.249999999999996,0.8,0.8,900.0,0.003,0.0,10,0.5,0.012860529,0.00912852732717961
6.474,900.0818202139334,0.062386169727674315,0.0,0.2,0.2,20.249999999999996,0.8,0.8,900.0,0.003,0.0,10,0.5,0.011071281,0.009128526714577884
6.477,900.0818202082481,0.06250719295431396,0.0,0.2,0.2,20.249999999999996,0.8,0.8,900.0,0.003,0.0,10,0.5,0.011173371,0.009128526083523943
6.48,900.0818202023945,0.06262791632086893,0.0,0.2,0.2,20.249999999999996,0.8,0.8,900.0,0.003,0.0,10,0.5,0.012609228,0.009128525431147144
6.4830000000000005,900.0818201963426,0.06274833674088207,0.0,0.2,0.2,20.249999999999996,0.8,0.8,900.0,0.003,0.0,10,0.5,0.01108673,0.009128524754757365
6.486,900.0818201900747,0.06286845135184657,0.0,0.2,0.2,20.249999999999996,0.8,0.8,900.0,0.003,0.0,10,0.5,0.011182961,0.009128524051923314
6.489,900.0818201835635,0.06298825751484573,0.0,0.2,0.2,20.249999999999996,0.8,0.8,900.0,0.003,0.0,10,0.5,0.012764619,0.009128523320510097
6.492,900.0818201767902,0.06310775280987832,0.0,0.2,0.2,20.249999999999996,0.8,0.8,900.0,0.003,0.0,10,0.5,0.011035,0.00912852255857384
6.495,900.08182016974,0.06322693505091911,0.0,0.2,0.2,20.249999999999996,0.8,0.8,900.0,0.003,0.0,10,0.5,0.01107192,0.009128521764538258
6.498,900.0818201623953,0.06334580227366526,0.0,0.2,0.2,20.249999999999996,0.8,0.8,900.0,0.003,0.0,10,0.5,0.012769499,0.009128520937118132
6.501,900.0818201547469,0.06346435273983708,0.0,0.2,0.2,20.249999999999996,0.8,0.8,900.0,0.003,0.0,10,0.5,0.01100881,0.009128520075132143
6.5040000000000004,900.0818201467869,0.06358258495666641,0.0,0.2,0.2,20.249999999999996,0.8,0.8,900.0,0.003,0.0,10,0.5,0.01105664,0.00912851917761753
6.507000000000001,900.0818201385008,0.0637004976644227,0.0,0.2,0.2,20.249999999999996,0.8,0.8,900.0,0.003,0.0,10,0.5,0.012818529,0.009128518243810887
6.51,900.0818201298846,0.06381808983323901,0.0,0.2,0.2,20.249999999999996,0.8,0.8,900.0,0.003,0.0,10,0.5,0.01113609,0.009128517273068064
6.513,900.0818201209315,0.06393536068620802,0.0,0.2,0.2,20.249999999999996,0.8,0.8,900.0,0.003,0.0,10,0.5,0.011209761,0.009128516264973843
6.516,900.0818201116373,0.06405230970114507,0.0,0.2,0.2,20.249999999999996,0.8,0.8,900.0,0.003,0.0,10,0.5,0.012849459,0.00912851521928807
6.519,900.0818201020004,0.06416893661263406,0.0,0.2,0.2,20.249999999999996,0.8,0.8,900.0,0.003,0.0,10,0.5,0.011356592,0.009128514136212542
6.522,900.0818200920363,0.06428524134077888,0.0,0.2,0.2,20.249999999999996,0.8,0.8,900.0,0.003,0.0,10,0.5,0.011186681,0.009128513020547619
6.525,900.0818200817913,0.06440122300303923,0.0,0.2,0.2,20.249999999999996,0.8,0.8,900.0,0.003,0.0,10,0.5,0.012923809,0.009128511878766676
6.5280000000000005,900.0818200713189,0.06451688002165586,0.0,0.2,0.2,20.249999999999996,0.8,0.8,900.0,0.003,0.0,10,0.5,0.011406832,0.009128510715538718
6.531,900.0818200606737,0.0646322101511366,0.0,0.2,0.2,20.249999999999996,0.8,0.8,900.0,0.003,0.0,10,0.5,0.011048521,0.009128509537098314
6.534,900.0818200498833,0.0647472101376721,0.0,0.2,0.2,20.249999999999996,0.8,0.8,900.0,0.003,0.0,10,0.5,0.012951169,0.00912850834551916
6.537,900.0818200389705,0.06486187697992199,0.0,0.2,0.2,20.249999999999996,0.8,0.8,900.0,0.003,0.0,10,0.5,0.011266402,0.009128507142196528
6.54,900.0818200279513,0.0649762078753769,0.0,0.2,0.2,20.249999999999996,0.8,0.8,900.0,0.003,0.0,10,0.5,0.011603413,0.009128505928419744
6.543,900.0818200168361,0.06509020001123969,0.0,0.2,0.2,20.249999999999996,0.8,0.8,900.0,0.003,0.0,10,0.5,0.012760048,0.009128504703940585
6.546,900.0818200056159,0.06520385077153464,0.0,0.2,0.2,20.249999999999996,0.8,0.8,900.0,0.003,0.0,10,0.5,0.011549883,0.00912850346668968
6.549,900.0818199942773,0.06531715770975721,0.0,0.2,0.2,20.249999999999996,0.8,0.8,900.0,0.003,0.0,10,0.5,0.011243511,0.009128502213177033
6.5520000000000005,900.0818199827847,0.06543011857518995,0.0,0.2,0.2,20.249999999999996,0.8,0.8,900.0,0.003,0.0,10,0.5,0.01300653,0.009128500938390668
6.555,900.0818199711,0.06554273139061678,0.0,0.2,0.2,20.249999999999996,0.8,0.8,900.0,0.003,0.0,10,0.5,0.010799709,0.009128499637539145
6.558,900.0818199591924,0.0656549943068153,0.0,0.2,0.2,20.249999999999996,0.8,0.8,900.0,0.003,0.0,10,0.5,0.011232231,0.00912849830757969
6.561,900.0818199470175,0.06576690543640108,0.0,0.2,0.2,20.249999999999996,0.8,0.8,900.0,0.003,0.0,10,0.5,0.012762679,0.009128496942830619
6.564,900.0818199345263,0.0658784631704458,0.0,0.2,0.2,20.249999999999996,0.8,0.8,900.0,0.003,0.0,10,0.5,0.01100735,0.009128495537954128
6.567,900.0818199216649,0.0659896661767441,0.0,0.2,0.2,20.249999999999996,0.8,0.8,900.0,0.003,0.0,10,0.5,0.011311721,0.00912849408880438
6.57,900.0818199084016,0.06610051340807015,0.0,0.2,0.2,20.249999999999996,0.8,0.8,900.0,0.003,0.0,10,0.5,0.01308849,0.0091284925928874
6.573,900.0818198947198,0.0662110040485766,0.0,0.2,0.2,20.249999999999996,0.8,0.8,900.0,0.003,0.0,10,0.5,0.011326121,0.009128491050124596
6.5760000000000005,900.0818198806107,0.06632113731642063,0.0,0.2,0.2,20.249999999999996,0.8,0.8,900.0,0.003,0.0,10,0.5,0.011099771,0.009128489460924472
6.579,900.0818198660777,0.0664309126873719,0.0,0.2,0.2,20.249999999999996,0.8,0.8,900.0,0.003,0.0,10,0.5,0.012922449,0.009128487826800952
6.582,900.0818198511374,0.06654032992773594,0.0,0.2,0.2,20.249999999999996,0.8,0.8,900.0,0.003,0.0,10,0.5,0.01101807,0.009128486151106667
6.585,900.0818198358278,0.06664938885722621,0.0,0.2,0.2,20.249999999999996,0.8,0.8,900.0,0.003,0.0,10,0.5,0.010992309,0.009128484438876372
6.588,900.0818198201852,0.06675808921288694,0.0,0.2,0.2,20.249999999999996,0.8,0.8,900.0,0.003,0.0,10,0.5,0.013083929,0.009128482694404234
6.591,900.081819804243,0.06686643101901185,0.0,0.2,0.2,20.249999999999996,0.8,0.8,900.0,0.003,0.0,10,0.5,0.011443493,0.00912848092262841
6.594,900.0818197880508,0.06697441459202061,0.0,0.2,0.2,20.249999999999996,0.8,0.8,900.0,0.003,0.0,10,0.5,0.01106203,0.009128479129022968
6.597,900.081819771657,0.06708204054135755,0.0,0.2,0.2,20.249999999999996,0.8,0.8,900.0,0.003,0.0,10,0.5,0.012426127,0.009128477319352561
6.6000000000000005,900.0818197551148,0.06718930976120471,0.0,0.2,0.2,20.249999999999996,0.8,0.8,900.0,0.003,0.0,10,0.5,0.011026901,0.009128475499330602
6.603,900.0818197384688,0.06729622343308356,0.0,0.2,0.2,20.249999999999996,0.8,0.8,900.0,0.003,0.0,10,0.5,0.011195171,0.009128473674389756
6.606,900.0818197217808,0.06740278301341399,0.0,0.2,0.2,20.249999999999996,0.8,0.8,900.0,0.003,0.0,10,0.5,0.01299853,0.009128471850895692
6.609,900.0818197051119,0.06750898981212529,0.0,0.2,0.2,20.249999999999996,0.8,0.8,900.0,0.003,0.0,10,0.5,0.011216351,0.009128470035793463
6.612,900.0818196885177,0.06761484494023484,0.0,0.2,0.2,20.249999999999996,0.8,0.8,900.0,0.003,0.0,10,0.5,0.011323001,0.009128468233020453
6.615,900.0818196720256,0.06772034974502285,0.0,0.2,0.2,20.249999999999996,0.8,0.8,900.0,0.003,0.0,10,0.5,0.012739478,0.009128466444902825
6.618,900.08181965566,0.06782550584539193,0.0,0.2,0.2,20.249999999999996,0.8,0.8,900.0,0.003,0.0,10,0.5,0.01102005,0.00912846467317061
6.621,900.0818196394362,0.06793031514272302,0.0,0.2,0.2,20.249999999999996,0.8,0.8,900.0,0.003,0.0,10,0.5,0.011158162,0.009128462919109646
6.6240000000000006,900.0818196233628,0.0680347798285092,0.0,0.2,0.2,20.249999999999996,0.8,0.8,900.0,0.003,0.0,10,0.5,0.013048349,0.009128461183520408
6.627,900.0818196074501,0.06813890238615096,0.0,0.2,0.2,20.249999999999996,0.8,0.8,900.0,0.003,0.0,10,0.5,0.011184501,0.009128459466657173
6.63,900.0818195916972,0.06824268559106535,0.0,0.2,0.2,20.249999999999996,0.8,0.8,900.0,0.003,0.0,10,0.5,0.01108218,0.0091284577681634
6.633,900.0818195761049,0.06834613250943818,0.0,0.2,0.2,20.249999999999996,0.8,0.8,900.0,0.003,0.0,10,0.5,0.0131996,0.0091284560871156
6.636,900.0818195606631,0.06844924649201874,0.0,0.2,0.2,20.249999999999996,0.8,0.8,900.0,0.003,0.0,10,0.5,0.0109624,0.009128454422176479
6.639,900.081819545361,0.06855203116980894,0.0,0.2,0.2,20.249999999999996,0.8,0.8,900.0,0.003,0.0,10,0.5,0.01108108,0.009128452771751797
6.642,900.0818195301845,0.06865449045959288,0.0,0.2,0.2,20.249999999999996,0.8,0.8,900.0,0.003,0.0,10,0.5,0.013114631,0.009128451134172925
6.6450000000000005,900.0818195151176,0.06875662854287974,0.0,0.2,0.2,20.249999999999996,0.8,0.8,900.0,0.003,0.0,10,0.5,0.011552692,0.009128449507775985
6.648000000000001,900.0818195001468,0.06885844988736729,0.0,0.2,0.2,20.249999999999996,0.8,0.8,900.0,0.003,0.0,10,0.5,0.011171171,0.009128447891226943
6.651,900.0818194852615,0.06895995923449867,0.0,0.2,0.2,20.249999999999996,0.8,0.8,900.0,0.003,0.0,10,0.5,0.012750298,0.009128446286154937
6.654,900.0818194704848,0.06906116112692605,0.0,0.2,0.2,20.249999999999996,0.8,0.8,900.0,0.003,0.0,10,0.5,0.011119421,0.009128444696077315
6.657,900.0818194558506,0.06916205983081569,0.0,0.2,0.2,20.249999999999996,0.8,0.8,900.0,0.003,0.0,10,0.5,0.011356422,0.009128443126112383
6.66,900.0818194414011,0.06926265914934512,0.0,0.2,0.2,20.249999999999996,0.8,0.8,900.0,0.003,0.0,10,0.5,0.012788218,0.009128441581650826
6.663,900.0818194271775,0.06936296256330671,0.0,0.2,0.2,20.249999999999996,0.8,0.8,900.0,0.003,0.0,10,0.5,0.010752029,0.009128440064858164
6.666,900.0818194131932,0.06946297377422661,0.0,0.2,0.2,20.249999999999996,0.8,0.8,900.0,0.003,0.0,10,0.5,0.011350652,0.00912843857679724
6.6690000000000005,900.0818193994648,0.06956269674611282,0.0,0.2,0.2,20.249999999999996,0.8,0.8,900.0,0.003,0.0,10,0.5,0.01324449,0.009128437118376508
6.672,900.081819385992,0.06966213569703329,0.0,0.2,0.2,20.249999999999996,0.8,0.8,900.0,0.003,0.0,10,0.5,0.011109311,0.009128435690578139
6.675,900.0818193727928,0.06976129507364726,0.0,0.2,0.2,20.249999999999996,0.8,0.8,900.0,0.003,0.0,10,0.5,0.011047551,0.009128434294056121
6.678,900.0818193598682,0.06986017957466036,0.0,0.2,0.2,20.249999999999996,0.8,0.8,900.0,0.003,0.0,10,0.5,0.01313895,0.009128432928314813
6.681,900.0818193472115,0.06995879420169128,0.0,0.2,0.2,20.249999999999996,0.8,0.8,900.0,0.003,0.0,10,0.5,0.011219531,0.009128431591522114
6.684,900.0818193348091,0.0700571442080486,0.0,0.2,0.2,20.249999999999996,0.8,0.8,900.0,0.003,0.0,10,0.5,0.011020241,0.00912843028059189
6.687,900.0818193226343,0.07015523510562283,0.0,0.2,0.2,20.249999999999996,0.8,0.8,900.0,0.003,0.0,10,0.5,0.012872718,0.009128428991558704
6.69,900.0818193106498,0.0702530726499007,0.0,0.2,0.2,20.249999999999996,0.8,0.8,900.0,0.003,0.0,10,0.5,0.01091628,0.00912842771990123
6.6930000000000005,900.0818192988144,0.07035066282312155,0.0,0.2,0.2,20.249999999999996,0.8,0.8,900.0,0.003,0.0,10,0.5,0.011046731,0.009128426460870295
6.696,900.08181928709,0.0704480118329803,0.0,0.2,0.2,20.249999999999996,0.8,0.8,900.0,0.003,0.0,10,0.5,0.0130428,0.009128425209773592
6.699,900.0818192754324,0.07054512610472695,0.0,0.2,0.2,20.249999999999996,0.8,0.8,900.0,0.003,0.0,10,0.5,0.01107504,0.009128423962135057
6.702,900.0818192638181,0.07064201227941384,0.0,0.2,0.2,20.249999999999996,0.8,0.8,900.0,0.003,0.0,10,0.5,0.01093747,0.009128422719393892
6.705,900.0818192522689,0.07073867606111639,0.0,0.2,0.2,20.249999999999996,0.8,0.8,900.0,0.003,0.0,10,0.5,0.012755118,0.009128421484334613
6.708,900.0818192407816,0.07083512254274502,0.0,0.2,0.2,20.249999999999996,0.8,0.8,900.0,0.003,0.0,10,0.5,0.011258221,0.00912842025564716
6.711,900.0818192293431,0.07093135704995067,0.0,0.2,0.2,20.249999999999996,0.8,0.8,900.0,0.003,0.0,10,0.5,0.011415442,0.009128419032933344
6.714,900.0818192179557,0.07102738513314638,0.0,0.2,0.2,20.249999999999996,0.8,0.8,900.0,0.003,0.0,10,0.5,0.012853229,0.009128417816669527
6.7170000000000005,900.0818192066221,0.07112321253903565,0.0,0.2,0.2,20.249999999999996,0.8,0.8,900.0,0.003,0.0,10,0.5,0.011242352,0.009128416607792292
6.72,900.0818191953495,0.0712188452457706,0.0,0.2,0.2,20.249999999999996,0.8,0.8,900.0,0.003,0.0,10,0.5,0.011153471,0.009128415407576142
6.723,900.0818191841513,0.07131428946359705,0.0,0.2,0.2,20.249999999999996,0.8,0.8,900.0,0.003,0.0,10,0.5,0.012993019,0.009128414217204539
6.726,900.0818191730336,0.07140955163556732,0.0,0.2,0.2,20.249999999999996,0.8,0.8,900.0,0.003,0.0,10,0.5,0.010863199,0.009128413037458505
6.729,900.0818191620072,0.07150463842828948,0.0,0.2,0.2,20.249999999999996,0.8,0.8,900.0,0.003,0.0,10,0.5,0.011154542,0.00912841186846173
6.732,900.0818191510723,0.07159955672826711,0.0,0.2,0.2,20.249999999999996,0.8,0.8,900.0,0.003,0.0,10,0.5,0.01320238,0.009128410709612567
6.735,900.0818191402236,0.07169431363856466,0.0,0.2,0.2,20.249999999999996,0.8,0.8,900.0,0.003,0.0,10,0.5,0.011047011,0.009128409559838013
6.738,900.0818191294536,0.0717889164262457,0.0,0.2,0.2,20.249999999999996,0.8,0.8,900.0,0.003,0.0,10,0.5,0.011189301,0.00912840841853766
6.7410000000000005,900.0818191187576,0.07188337232343892,0.0,0.2,0.2,20.249999999999996,0.8,0.8,900.0,0.003,0.0,10,0.5,0.012670948,0.009128407284017214
6.744,900.0818191081139,0.07197768875434797,0.0,0.2,0.2,20.249999999999996,0.8,0.8,900.0,0.003,0.0,10,0.5,0.010882659,0.009128406154082058
6.747,900.0818190975084,0.07207187336315027,0.0,0.2,0.2,20.249999999999996,0.8,0.8,900.0,0.003,0.0,10,0.5,0.011189912,0.009128405026341803
6.75,900.0818190869194,0.0721659340246104,0.0,0.2,0.2,20.249999999999996,0.8,0.8,900.0,0.003,0.0,10,0.5,0.01325309,0.00912840390059011
6.753,900.0818190763891,0.07225987831321695,0.0,0.2,0.2,20.249999999999996,0.8,0.8,900.0,0.003,0.0,10,0.5,0.01080291,0.00912840278518878
6.756,900.0818190659472,0.07235371216608286,0.0,0.2,0.2,20.249999999999996,0.8,0.8,900.0,0.003,0.0,10,0.5,0.010812499,0.00912840168313885
6.759,900.0818190556192,0.07244744152149568,0.0,0.2,0.2,20.249999999999996,0.8,0.8,900.0,0.003,0.0,10,0.5,0.012823899,0.009128400594009994
6.7620000000000005,900.0818190453978,0.07254107260555946,0.0,0.2,0.2,20.249999999999996,0.8,0.8,900.0,0.003,0.0,10,0.5,0.011195551,0.009128399515086106
6.765000000000001,900.0818190352628,0.07263461192170999,0.0,0.2,0.2,20.249999999999996,0.8,0.8,900.0,0.003,0.0,10,0.5,0.011230641,0.009128398443340707
6.768,900.0818190251875,0.07272806610708961,0.0,0.2,0.2,20.249999999999996,0.8,0.8,900.0,0.003,0.0,10,0.5,0.012479027,0.009128397375562885
6.771,900.0818190151462,0.07282144194383115,0.0,0.2,0.2,20.249999999999996,0.8,0.8,900.0,0.003,0.0,10,0.5,0.011308951,0.00912839630847241
6.774,900.0818190051048,0.07291474635861488,0.0,0.2,0.2,20.249999999999996,0.8,0.8,900.0,0.003,0.0,10,0.5,0.011323792,0.009128395238590744
6.777,900.0818189950321,0.07300798641679102,0.0,0.2,0.2,20.249999999999996,0.8,0.8,900.0,0.003,0.0,10,0.5,0.013011349,0.009128394162213421
6.78,900.0818189849005,0.07310116929807375,0.0,0.2,0.2,20.249999999999996,0.8,0.8,900.0,0.003,0.0,10,0.5,0.010852049,0.009128393075577572
6.783,900.0818189746719,0.07319430225196906,0.0,0.2,0.2,20.249999999999996,0.8,0.8,900.0,0.003,0.0,10,0.5,0.011494993,0.009128391975160636
6.7860000000000005,900.0818189643179,0.07328739259717369,0.0,0.2,0.2,20.249999999999996,0.8,0.8,900.0,0.003,0.0,10,0.5,0.012919839,0.009128390857511699
6.789,900.0818189538027,0.07338044775830517,0.0,0.2,0.2,20.249999999999996,0.8,0.8,900.0,0.003,0.0,10,0.5,0.011174741,0.00912838971998818
6.792,900.0818189431072,0.07347347523055942,0.0,0.2,0.2,20.249999999999996,0.8,0.8,900.0,0.003,0.0,10,0.5,0.011252791,0.009128388560628278
6.795,900.0818189322143,0.07356648261553331,0.0,0.2,0.2,20.249999999999996,0.8,0.8,900.0,0.003,0.0,10,0.5,0.012844228,0.009128387378451116
6.798,900.0818189211154,0.0736594775785474,0.0,0.2,0.2,20.249999999999996,0.8,0.8,900.0,0.003,0.0,10,0.5,0.01082799,0.009128386174668187
6.801,900.0818189098337,0.07375246756421842,0.0,0.2,0.2,20.249999999999996,0.8,0.8,900.0,0.003,0.0,10,0.5,0.011006951,0.009128384953876292
6.804,900.0818188983976,0.07384545946978656,0.0,0.2,0.2,20.249999999999996,0.8,0.8,900.0,0.003,0.0,10,0.5,0.013002479,0.009128383718077799
6.807,900.0818188868216,0.07393846027166329,0.0,0.2,0.2,20.249999999999996,0.8,0.8,900.0,0.003,0.0,10,0.5,0.01104146,0.009128382469571376
6.8100000000000005,900.0818188751277,0.07403147704454859,0.0,0.2,0.2,20.249999999999996,0.8,0.8,900.0,0.003,0.0,10,0.5,0.01078296,0.009128381211508569
6.813,900.081818863343,0.07412451695903755,0.0,0.2,0.2,20.249999999999996,0.8,0.8,900.0,0.003,0.0,10,0.5,0.012919179,0.009128379947730768
6.816,900.0818188515079,0.07421758727673677,0.0,0.2,0.2,20.249999999999996,0.8,0.8,900.0,0.003,0.0,10,0.5,0.01098439,0.009128378682303522
6.819,900.0818188396523,0.07431069534172599,0.0,0.2,0.2,20.249999999999996,0.8,0.8,900.0,0.003,0.0,10,0.5,0.01091525,0.009128377419064174
6.822,900.0818188278116,0.07440384857404976,0.0,0.2,0.2,20.249999999999996,0.8,0.8,900.0,0.003,0.0,10,0.5,0.012901479,0.009128376161268232
6.825,900.0818188160158,0.07449705447269565,0.0,0.2,0.2,20.249999999999996,0.8,0.8,900.0,0.003,0.0,10,0.5,0.011461372,0.009128374911434851
6.828,900.0818188042887,0.07459032061268173,0.0,0.2,0.2,20.249999999999996,0.8,0.8,900.0,0.003,0.0,10,0.5,0.01106322,0.009128373671436655
6.831,900.0818187926478,0.07468365463438406,0.0,0.2,0.2,20.249999999999996,0.8,0.8,900.0,0.003,0.0,10,0.5,0.012651928,0.009128372442528761
6.8340000000000005,900.0818187811001,0.07477706421607462,0.0,0.2,0.2,20.249999999999996,0.8,0.8,900.0,0.003,0.0,10,0.5,0.011408802,0.009128371225249203
6.837,900.0818187696553,0.07487055708062704,0.0,0.2,0.2,20.249999999999996,0.8,0.8,900.0,0.003,0.0,10,0.5,0.011116951,0.009128370019400308
6.84,900.0818187583108,0.07496414100973277,0.0,0.2,0.2,20.249999999999996,0.8,0.8,900.0,0.003,0.0,10,0.5,0.012822618,0.009128368824114849
6.843,900.0818187470564,0.0750578238398782,0.0,0.2,0.2,20.249999999999996,0.8,0.8,900.0,0.003,0.0,10,0.5,0.01073095,0.009128367638127582
6.846,900.0818187358855,0.07515161339741243,0.0,0.2,0.2,20.249999999999996,0.8,0.8,900.0,0.003,0.0,10,0.5,0.01104973,0.00912836646000607
6.849,900.0818187247835,0.07524551744742489,0.0,0.2,0.2,20.249999999999996,0.8,0.8,900.0,0.003,0.0,10,0.5,0.012598268,0.009128365287752809
6.852,900.0818187137282,0.07533954378068998,0.0,0.2,0.2,20.249999999999996,0.8,0.8,900.0,0.003,0.0,10,0.5,0.010803239,0.009128364119230827
6.855,900.0818187027085,0.07543370022501336,0.0,0.2,0.2,20.249999999999996,0.8,0.8,900.0,0.003,0.0,10,0.5,0.011216521,0.009128362952320062
6.8580000000000005,900.0818186917016,0.07552799464085,0.0,0.2,0.2,20.249999999999996,0.8,0.8,900.0,0.003,0.0,10,0.5,0.012823589,0.00912836178613262
6.861,900.0818186807157,0.07562243459259452,0.0,0.2,0.2,20.249999999999996,0.8,0.8,900.0,0.003,0.0,10,0.5,0.010722219,0.009128360621372459
6.864,900.0818186697409,0.07571702710419334,0.0,0.2,0.2,20.249999999999996,0.8,0.8,900.0,0.003,0.0,10,0.5,0.011599293,0.00912835945634947
6.867,900.0818186587611,0.07581177918948873,0.0,0.2,0.2,20.249999999999996,0.8,0.8,900.0,0.003,0.0,10,0.5,0.012768778,0.009128358290444623
6.87,900.0818186477751,0.07590669782118634,0.0,0.2,0.2,20.249999999999996,0.8,0.8,900.0,0.003,0.0,10,0.5,0.011096381,0.00912835712413894
6.873,900.0818186367865,0.07600178991719897,0.0,0.2,0.2,20.249999999999996,0.8,0.8,900.0,0.003,0.0,10,0.5,0.011153321,0.009128355958561837
6.876,900.0818186258016,0.07609706236202383,0.0,0.2,0.2,20.249999999999996,0.8,0.8,900.0,0.003,0.0,10,0.5,0.012876789,0.009128354795242506
6.8790000000000004,900.0818186148339,0.07619252203267422,0.0,0.2,0.2,20.249999999999996,0.8,0.8,900.0,0.003,0.0,10,0.5,0.011174051,0.009128353635890193
6.882000000000001,900.0818186039025,0.07628817579295843,0.0,0.2,0.2,20.249999999999996,0.8,0.8,900.0,0.003,0.0,10,0.5,0.011116841,0.009128352482253643
6.885,900.0818185930203,0.07638403048067674,0.0,0.2,0.2,20.249999999999996,0.8,0.8,900.0,0.003,0.0,10,0.5,0.012791559,0.0091283513359344
6.888,900.0818185822037,0.07648009291393737,0.0,0.2,0.2,20.249999999999996,0.8,0.8,900.0,0.003,0.0,10,0.5,0.011148471,0.009128350198532477
6.891,900.0818185714684,0.07657636985269203,0.0,0.2,0.2,20.249999999999996,0.8,0.8,900.0,0.003,0.0,10,0.5,0.011361942,0.009128349071458115
6.894,900.0818185608223,0.07667286800370582,0.0,0.2,0.2,20.249999999999996,0.8,0.8,900.0,0.003,0.0,10,0.5,0.012685268,0.009128347956472459
6.897,900.0818185502866,0.07676959389485241,0.0,0.2,0.2,20.249999999999996,0.8,0.8,900.0,0.003,0.0,10,0.5,0.011320902,0.009128346855052618
6.9,900.081818539881,0.0768665539112408,0.0,0.2,0.2,20.249999999999996,0.8,0.8,900.0,0.003,0.0,10,0.5,0.011214011,0.009128345769629197
6.9030000000000005,900.0818185296179,0.07696375395477709,0.0,0.2,0.2,20.249999999999996,0.8,0.8,900.0,0.003,0.0,10,0.5,0.01316247,0.009128344700754782
6.906000000000001,900.0818185195019,0.07706119982009943,0.0,0.2,0.2,20.249999999999996,0.8,0.8,900.0,0.003,0.0,10,0.5,0.011134181,0.009128343648364902
6.909,900.0818185095336,0.07715889726031569,0.0,0.2,0.2,20.249999999999996,0.8,0.8,900.0,0.003,0.0,10,0.5,0.011271822,0.009128342612320388
6.912,900.081818499712,0.07725685198422362,0.0,0.2,0.2,20.249999999999996,0.8,0.8,900.0,0.003,0.0,10,0.5,0.012793828,0.009128341592390274
6.915,900.0818184900353,0.07735506965130592,0.0,0.2,0.2,20.249999999999996,0.8,0.8,900.0,0.003,0.0,10,0.5,0.01100413,0.009128340588134736
6.918,900.0818184804972,0.0774535558701104,0.0,0.2,0.2,20.249999999999996,0.8,0.8,900.0,0.003,0.0,10,0.5,0.011123791,0.009128339598865878
6.921,900.0818184710982,0.07755231617595677,0.0,0.2,0.2,20.249999999999996,0.8,0.8,900.0,0.003,0.0,10,0.5,0.013065579,0.00912833862406115
6.924,900.0818184618264,0.0776513559194428,0.0,0.2,0.2,20.249999999999996,0.8,0.8,900.0,0.003,0.0,10,0.5,0.010981911,0.009128337662546046
6.9270000000000005,900.0818184526761,0.0777506803645992,0.0,0.2,0.2,20.249999999999996,0.8,0.8,900.0,0.003,0.0,10,0.5,0.01111027,0.009128336712753652
6.93,900.0818184436308,0.07785029471554139,0.0,0.2,0.2,20.249999999999996,0.8,0.8,900.0,0.003,0.0,10,0.5,0.012913108,0.009128335772876242
6.933,900.0818184346736,0.07795020411933187,0.0,0.2,0.2,20.249999999999996,0.8,0.8,900.0,0.003,0.0,10,0.5,0.011473013,0.009128334841068763
6.936,900.0818184257881,0.07805041366396517,0.0,0.2,0.2,20.249999999999996,0.8,0.8,900.0,0.003,0.0,10,0.5,0.011227171,0.00912833391563991
6.939,900.0818184169779,0.07815092835260966,0.0,0.2,0.2,20.249999999999996,0.8,0.8,900.0,0.003,0.0,10,0.5,0.012863019,0.009128332999081936
6.942,900.0818184082591,0.07825175202193872,0.0,0.2,0.2,20.249999999999996,0.8,0.8,900.0,0.003,0.0,10,0.5,0.011360232,0.009128332092378092
6.945,900.08181839964,0.07835288779119838,0.0,0.2,0.2,20.249999999999996,0.8,0.8,900.0,0.003,0.0,10,0.5,0.011653053,0.009128331196004287
6.948,900.081818391122,0.07845433803497398,0.0,0.2,0.2,20.249999999999996,0.8,0.8,900.0,0.003,0.0,10,0.5,0.012586637,0.009128330310430463
6.9510000000000005,900.081818382698,0.07855610472933232,0.0,0.2,0.2,20.249999999999996,0.8,0.8,900.0,0.003,0.0,10,0.5,0.011250342,0.009128329434216636
6.954,900.0818183743582,0.07865818985989655,0.0,0.2,0.2,20.249999999999996,0.8,0.8,900.0,0.003,0.0,10,0.5,0.011370161,0.009128328565468939
6.957,900.0818183660867,0.0787605954003998,0.0,0.2,0.2,20.249999999999996,0.8,0.8,900.0,0.003,0.0,10,0.5,0.012901919,0.009128327702564007
6.96,900.0818183578707,0.0788633232052247,0.0,0.2,0.2,20.249999999999996,0.8,0.8,900.0,0.003,0.0,10,0.5,0.010996761,0.009128326844287302
6.963,900.0818183497031,0.07896637487589589,0.0,0.2,0.2,20.249999999999996,0.8,0.8,900.0,0.003,0.0,10,0.5,0.01106074,0.009128325989321858
6.966,900.0818183415693,0.07906975186808955,0.0,0.2,0.2,20.249999999999996,0.8,0.8,900.0,0.003,0.0,10,0.5,0.01302198,0.009128325136748786
6.969,900.0818183334558,0.07917345544154497,0.0,0.2,0.2,20.249999999999996,0.8,0.8,900.0,0.003,0.0,10,0.5,0.011217791,0.009128324284942844
6.972,900.0818183253513,0.07927748675290205,0.0,0.2,0.2,20.249999999999996,0.8,0.8,900.0,0.003,0.0,10,0.5,0.011272052,0.009128323431715234
6.9750000000000005,900.0818183172348,0.07938184686869887,0.0,0.2,0.2,20.249999999999996,0.8,0.8,900.0,0.003,0.0,10,0.5,0.013030719,0.009128322574646288
6.978,900.0818183090879,0.0794865367642666,0.0,0.2,0.2,20.249999999999996,0.8,0.8,900.0,0.003,0.0,10,0.5,0.011193221,0.009128321711964111
6.981,900.0818183008923,0.07959155717001648,0.0,0.2,0.2,20.249999999999996,0.8,0.8,900.0,0.003,0.0,10,0.5,0.011067251,0.009128320842439775
6.984,900.0818182926395,0.07969690859459254,0.0,0.2,0.2,20.249999999999996,0.8,0.8,900.0,0.003,0.0,10,0.5,0.012853969,0.00912831996501129
6.987,900.0818182843219,0.0798025914350405,0.0,0.2,0.2,20.249999999999996,0.8,0.8,900.0,0.003,0.0,10,0.5,0.01104812,0.009128319079510776
6.99,900.0818182759333,0.07990860595326099,0.0,0.2,0.2,20.249999999999996,0.8,0.8,900.0,0.003,0.0,10,0.5,0.01112328,0.009128318185732417
6.993,900.0818182674742,0.08001495229938829,0.0,0.2,0.2,20.249999999999996,0.8,0.8,900.0,0.003,0.0,10,0.5,0.012929669,0.009128317284017506
6.996,900.0818182589502,0.08012163050089506,0.0,0.2,0.2,20.249999999999996,0.8,0.8,900.0,0.003,0.0,10,0.5,0.011159511,0.009128316376594479
6.9990000000000006,900.0818182503789,0.08022864024906333,0.0,0.2,0.2,20.249999999999996,0.8,0.8,900.0,0.003,0.0,10,0.5,0.011145871,0.009128315466188103
7.002,900.0818182417845,0.08033598108369262,0.0,0.2,0.2,20.249999999999996,0.8,0.8,900.0,0.003,0.0,10,0.5,0.012789999,0.009128314555269286
7.005,900.0818182331891,0.08044365244921363,0.0,0.2,0.2,20.249999999999996,0.8,0.8,900.0,0.003,0.0,10,0.5,0.011213001,0.009128313645851774
7.008,900.0818182246082,0.08055165369455412,0.0,0.2,0.2,20.249999999999996,0.8,0.8,900.0,0.003,0.0,10,0.5,0.011401702,0.00912831273957269
7.011,900.0818182160558,0.08065998407370759,0.0,0.2,0.2,20.249999999999996,0.8,0.8,900.0,0.003,0.0,10,0.5,0.012705338,0.009128311837905556
7.014,900.0818182075512,0.08076864274337704,0.0,0.2,0.2,20.249999999999996,0.8,0.8,900.0,0.003,0.0,10,0.5,0.011141461,0.009128310942226131
7.017,900.0818181991004,0.0808776287636645,0.0,0.2,0.2,20.249999999999996,0.8,0.8,900.0,0.003,0.0,10,0.5,0.011433762,0.009128310053860384
7.0200000000000005,900.0818181907191,0.08098694106359135,0.0,0.2,0.2,20.249999999999996,0.8,0.8,900.0,0.003,0.0,10,0.5,0.012856929,0.009128309173945841
7.023000000000001,900.0818181824221,0.08109657847106713,0.0,0.2,0.2,20.249999999999996,0.8,0.8,900.0,0.003,0.0,10,0.5,0.011280421,0.009128308305103121
7.026,900.0818181742491,0.08120653920925955,0.0,0.2,0.2,20.249999999999996,0.8,0.8,900.0,0.003,0.0,10,0.5,0.011247531,0.009128307452563425
7.029,900.0818181662303,0.08131682027943175,0.0,0.2,0.2,20.249999999999996,0.8,0.8,900.0,0.003,0.0,10,0.5,0.012841938,0.009128306616856582
7.032,900.0818181583621,0.0814274183777952,0.0,0.2,0.2,20.249999999999996,0.8,0.8,900.0,0.003,0.0,10,0.5,0.011298932,0.0091283057970875
7.035,900.0818181506394,0.08153833010697493,0.0,0.2,0.2,20.249999999999996,0.8,0.8,900.0,0.003,0.0,10,0.5,0.0109671,0.009128304991927502
7.038,900.0818181430411,0.08164955202179276,0.0,0.2,0.2,20.249999999999996,0.8,0.8,900.0,0.003,0.0,10,0.5,0.01308096,0.009128304199493118
7.041,900.0818181355619,0.08176108065504706,0.0,0.2,0.2,20.249999999999996,0.8,0.8,900.0,0.003,0.0,10,0.5,0.011111361,0.009128303417560438
7.0440000000000005,900.0818181281816,0.08187291240313879,0.0,0.2,0.2,20.249999999999996,0.8,0.8,900.0,0.003,0.0,10,0.5,0.011138261,0.009128302642824706
7.047,900.0818181208672,0.08198504358507461,0.0,0.2,0.2,20.249999999999996,0.8,0.8,900.0,0.003,0.0,10,0.5,0.012983309,0.009128301871280387
7.05,900.0818181135858,0.08209747044117974,0.0,0.2,0.2,20.249999999999996,0.8,0.8,900.0,0.003,0.0,10,0.5,0.011446463,0.00912830109848823
7.053,900.0818181062936,0.08221018913868809,0.0,0.2,0.2,20.249999999999996,0.8,0.8,900.0,0.003,0.0,10,0.5,0.011182231,0.009128300320548071
7.056,900.0818180989636,0.08232319565978088,0.0,0.2,0.2,20.249999999999996,0.8,0.8,900.0,0.003,0.0,10,0.5,0.012745129,0.009128299533747691
7.059,900.0818180915544,0.08243648585212673,0.0,0.2,0.2,20.249999999999996,0.8,0.8,900.0,0.003,0.0,10,0.5,0.011453112,0.009128298734486964
7.062,900.0818180840395,0.08255005549270676,0.0,0.2,0.2,20.249999999999996,0.8,0.8,900.0,0.003,0.0,10,0.5,0.01101396,0.009128297919992562
7.065,900.081818076394,0.08266390028643249,0.0,0.2,0.2,20.249999999999996,0.8,0.8,900.0,0.003,0.0,10,0.5,0.012660538,0.009128297088667919
7.0680000000000005,900.0818180686116,0.08277801584148875,0.0,0.2,0.2,20.249999999999996,0.8,0.8,900.0,0.003,0.0,10,0.5,0.011136941,0.009128296242948213
7.071,900.0818180607117,0.08289239688261402,0.0,0.2,0.2,20.249999999999996,0.8,0.8,900.0,0.003,0.0,10,0.5,0.011365132,0.009128295385242024
7.074,900.0818180527117,0.08300703766968284,0.0,0.2,0.2,20.249999999999996,0.8,0.8,900.0,0.003,0.0,10,0.5,0.012896649,0.009128294516514975
7.077,900.0818180446149,0.0831219323878931,0.0,0.2,0.2,20.249999999999996,0.8,0.8,900.0,0.003,0.0,10,0.5,0.01099347,0.009128293638160373
7.08,900.0818180364382,0.08323707515808922,0.0,0.2,0.2,20.249999999999996,0.8,0.8,900.0,0.003,0.0,10,0.5,0.011412032,0.009128292752060964
7.083,900.0818180281922,0.08335246004069176,0.0,0.2,0.2,20.249999999999996,0.8,0.8,900.0,0.003,0.0,10,0.5,0.01291812,0.009128291860470643
7.086,900.081818019905,0.08346808103608248,0.0,0.2,0.2,20.249999999999996,0.8,0.8,900.0,0.003,0.0,10,0.5,0.01102173,0.009128290965807515
7.089,900.081818011595,0.08358393208623625,0.0,0.2,0.2,20.249999999999996,0.8,0.8,900.0,0.003,0.0,10,0.5,0.011101521,0.009128290070530806
7.0920000000000005,900.0818180032817,0.08370000707019028,0.0,0.2,0.2,20.249999999999996,0.8,0.8,900.0,0.003,0.0,10,0.5,0.01309533,0.00912828917694814
7.095,900.0818179949898,0.08381629981446585,0.0,0.2,0.2,20.249999999999996,0.8,0.8,900.0,0.003,0.0,10,0.5,0.011195271,0.009128288287208821
7.098,900.0818179867415,0.08393280407854775,0.0,0.2,0.2,20.249999999999996,0.8,0.8,900.0,0.003,0.0,10,0.5,0.011216562,0.009128287404435718
7.101,900.0818179786289,0.08404951313229932,0.0,0.2,0.2,20.249999999999996,0.8,0.8,900.0,0.003,0.0,10,0.5,0.012995029,0.009128286542623388
7.104,900.0818179707347,0.08416641651134546,0.0,0.2,0.2,20.249999999999996,0.8,0.8,900.0,0.003,0.0,10,0.5,0.011567513,0.009128285709662724
7.107,900.0818179631062,0.08428350272338658,0.0,0.2,0.2,20.249999999999996,0.8,0.8,900.0,0.003,0.0,10,0.5,0.011125171,0.009128284911251774
7.11,900.081817955808,0.08440075994731372,0.0,0.2,0.2,20.249999999999996,0.8,0.8,900.0,0.003,0.0,10,0.5,0.012736058,0.00912828415492602
7.113,900.0818179488961,0.08451817535662029,0.0,0.2,0.2,20.249999999999996,0.8,0.8,900.0,0.003,0.0,10,0.5,0.01102117,0.009128283442850191
7.1160000000000005,900.0818179423889,0.08463573583902392,0.0,0.2,0.2,20.249999999999996,0.8,0.8,900.0,0.003,0.0,10,0.5,0.010890089,0.009128282772900885
7.119,900.0818179362602,0.08475342821467585,0.0,0.2,0.2,20.249999999999996,0.8,0.8,900.0,0.003,0.0,10,0.5,0.012699758,0.009128282140628824
7.122,900.0818179304742,0.08487123923072647,0.0,0.2,0.2,20.249999999999996,0.8,0.8,900.0,0.003,0.0,10,0.5,0.011208691,0.009128281540341081
7.125,900.0818179249841,0.08498915556073458,0.0,0.2,0.2,20.249999999999996,0.8,0.8,900.0,0.003,0.0,10,0.5,0.011322272,0.009128280964872124
7.128,900.0818179197137,0.08510716393492855,0.0,0.2,0.2,20.249999999999996,0.8,0.8,900.0,0.003,0.0,10,0.5,0.012962779,0.009128280404814748
7.131,900.0818179145828,0.0852252514549432,0.0,0.2,0.2,20.249999999999996,0.8,0.8,900.0,0.003,0.0,10,0.5,0.0110642,0.009128279851091176
7.134,900.0818179095155,0.08534340536151352,0.0,0.2,0.2,20.249999999999996,0.8,0.8,900.0,0.003,0.0,10,0.5,0.011175311,0.009128279295678986
7.1370000000000005,900.0818179044397,0.08546161285719689,0.0,0.2,0.2,20.249999999999996,0.8,0.8,900.0,0.003,0.0,10,0.5,0.012877519,0.009128278731475667
7.140000000000001,900.0818178993057,0.08557986104782937,0.0,0.2,0.2,20.249999999999996,0.8,0.8,900.0,0.003,0.0,10,0.5,0.01094251,0.009128278155223176
7.143,900.0818178940764,0.08569813624579097,0.0,0.2,0.2,20.249999999999996,0.8,0.8,900.0,0.003,0.0,10,0.5,0.011227421,0.009128277563546262
7.146,900.0818178887159,0.08581642432149818,0.0,0.2,0.2,20.249999999999996,0.8,0.8,900.0,0.003,0.0,10,0.5,0.012673158,0.009128276952411238
7.149,900.0818178831885,0.08593471105501777,0.0,0.2,0.2,20.249999999999996,0.8,0.8,900.0,0.003,0.0,10,0.5,0.010971961,0.009128276319088207
7.152,900.0818178774688,0.0860529822114198,0.0,0.2,0.2,20.249999999999996,0.8,0.8,900.0,0.003,0.0,10,0.5,0.01099263,0.009128275662556503
7.155,900.0818178715472,0.08617122354823976,0.0,0.2,0.2,20.249999999999996,0.8,0.8,900.0,0.003,0.0,10,0.5,0.01307162,0.009128274984076066
7.158,900.0818178654631,0.08628942062710244,0.0,0.2,0.2,20.249999999999996,0.8,0.8,900.0,0.003,0.0,10,0.5,0.011205741,0.009128274288140354
7.1610000000000005,900.0818178592351,0.08640755796015927,0.0,0.2,0.2,20.249999999999996,0.8,0.8,900.0,0.003,0.0,10,0.5,0.011096991,0.00912827357859015
7.164000000000001,900.0818178528987,0.08652561977258688,0.0,0.2,0.2,20.249999999999996,0.8,0.8,900.0,0.003,0.0,10,0.5,0.012845509,0.009128272860796139
7.167,900.081817846488,0.08664359028914048,0.0,0.2,0.2,20.249999999999996,0.8,0.8,900.0,0.003,0.0,10,0.5,0.011291001,0.00912827214030411
7.17,900.0818178400611,0.08676145389455321,0.0,0.2,0.2,20.249999999999996,0.8,0.8,900.0,0.003,0.0,10,0.5,0.011252062,0.009128271422344968
7.173,900.0818178336617,0.0868791950456339,0.0,0.2,0.2,20.249999999999996,0.8,0.8,900.0,0.003,0.0,10,0.5,0.012621758,0.0091282707118279
7.176,900.0818178273377,0.08699679821011011,0.0,0.2,0.2,20.249999999999996,0.8,0.8,900.0,0.003,0.0,10,0.5,0.011523352,0.009128270012801584
7.179,900.0818178211239,0.08711424786710928,0.0,0.2,0.2,20.249999999999996,0.8,0.8,900.0,0.003,0.0,10,0.5,0.011288862,0.00912826932837378
7.182,900.0818178150437,0.08723152850270732,0.0,0.2,0.2,20.249999999999996,0.8,0.8,900.0,0.003,0.0,10,0.5,0.012918109,0.00912826866073601
7.1850000000000005,900.0818178091279,0.08734862456078345,0.0,0.2,0.2,20.249999999999996,0.8,0.8,900.0,0.003,0.0,10,0.5,0.01096887,0.009128268010773226
7.188,900.0818178033702,0.08746552048988239,0.0,0.2,0.2,20.249999999999996,0.8,0.8,900.0,0.003,0.0,10,0.5,0.011073161,0.009128267378066995
7.191,900.081817797777,0.08758220077055279,0.0,0.2,0.2,20.249999999999996,0.8,0.8,900.0,0.003,0.0,10,0.5,0.013021659,0.009128266761069797
7.194,900.0818177923336,0.08769864992053751,0.0,0.2,0.2,20.249999999999996,0.8,0.8,900.0,0.003,0.0,10,0.5,0.0110117,0.009128266157187974
7.197,900.0818177870128,0.08781485249963195,0.0,0.2,0.2,20.249999999999996,0.8,0.8,900.0,0.003,0.0,10,0.5,0.011191111,0.009128265562898912
7.2,900.0818177817841,0.08793079311415691,0.0,0.2,0.2,20.249999999999996,0.8,0.8,900.0,0.003,0.0,10,0.5,0.012830349,0.009128264973933094
7.203,900.0818177766054,0.08804645642095756,0.0,0.2,0.2,20.249999999999996,0.8,0.8,900.0,0.003,0.0,10,0.5,0.011214161,0.00912826438549606
7.206,900.0818177714432,0.08816182713033865,0.0,0.2,0.2,20.249999999999996,0.8,0.8,900.0,0.003,0.0,10,0.5,0.011131541,0.009128263792612269
7.2090000000000005,900.0818177662477,0.08827688998440855,0.0,0.2,0.2,20.249999999999996,0.8,0.8,900.0,0.003,0.0,10,0.5,0.01300893,0.009128263190487746
7.212,900.0818177609804,0.08839162971666559,0.0,0.2,0.2,20.249999999999996,0.8,0.8,900.0,0.003,0.0,10,0.5,0.011135491,0.009128262574716904
7.215,900.0818177556025,0.0885060310394142,0.0,0.2,0.2,20.249999999999996,0.8,0.8,900.0,0.003,0.0,10,0.5,0.011064171,0.009128261940955491
7.218,900.0818177500637,0.08862007873733074,0.0,0.2,0.2,20.249999999999996,0.8,0.8,900.0,0.003,0.0,10,0.5,0.013304091,0.009128261285179866
7.221,900.0818177443449,0.08873375775443129,0.0,0.2,0.2,20.249999999999996,0.8,0.8,900.0,0.003,0.0,10,0.5,0.01116784,0.009128260605009259
7.224,900.0818177384108,0.08884705303053846,0.0,0.2,0.2,20.249999999999996,0.8,0.8,900.0,0.003,0.0,10,0.5,0.011060531,0.009128259898220038
7.227,900.0818177322471,0.08895994956069529,0.0,0.2,0.2,20.249999999999996,0.8,0.8,900.0,0.003,0.0,10,0.5,0.012665228,0.009128259163133538
7.23,900.0818177258435,0.08907243239898012,0.0,0.2,0.2,20.249999999999996,0.8,0.8,900.0,0.003,0.0,10,0.5,0.01090945,0.009128258399705895
7.2330000000000005,900.0818177192178,0.08918448657752158,0.0,0.2,0.2,20.249999999999996,0.8,0.8,900.0,0.003,0.0,10,0.5,0.011577053,0.009128257611396365
7.236,900.0818177123816,0.08929609684972409,0.0,0.2,0.2,20.249999999999996,0.8,0.8,900.0,0.003,0.0,10,0.5,0.012684348,0.009128256800965146
7.239,900.0818177053565,0.08940724803190274,0.0,0.2,0.2,20.249999999999996,0.8,0.8,900.0,0.003,0.0,10,0.5,0.011379422,0.00912825597071892
7.242,900.0818176981716,0.08951792494154392,0.0,0.2,0.2,20.249999999999996,0.8,0.8,900.0,0.003,0.0,10,0.5,0.011049031,0.009128255126762
7.245,900.0818176908778,0.0896281114899528,0.0,0.2,0.2,20.249999999999996,0.8,0.8,900.0,0.003,0.0,10,0.5,0.012937209,0.009128254273192036
7.248,900.0818176835035,0.08973779142601666,0.0,0.2,0.2,20.249999999999996,0.8,0.8,900.0,0.003,0.0,10,0.5,0.011212831,0.009128253412037941
7.251,900.0818176760655,0.0898469486240431,0.0,0.2,0.2,20.249999999999996,0.8,0.8,900.0,0.003,0.0,10,0.5,0.011211922,0.00912825254491552
7.2540000000000004,900.0818176685799,0.08995556709427953,0.0,0.2,0.2,20.249999999999996,0.8,0.8,900.0,0.003,0.0,10,0.5,0.012582737,0.00912825167339787
7.257000000000001,900.0818176610622,0.09006363098512436,0.0,0.2,0.2,20.249999999999996,0.8,0.8,900.0,0.003,0.0,10,0.5,0.01092667,0.00912825079882025
7.26,900.0818176535236,0.09017112458246741,0.0,0.2,0.2,20.249999999999996,0.8,0.8,900.0,0.003,0.0,10,0.5,0.011260002,0.009128249921934742
7.263,900.0818176459732,0.09027803228410915,0.0,0.2,0.2,20.249999999999996,0.8,0.8,900.0,0.003,0.0,10,0.5,0.013075249,0.009128249042798589
7.266,900.0818176384082,0.09038433853227662,0.0,0.2,0.2,20.249999999999996,0.8,0.8,900.0,0.003,0.0,10,0.5,0.01090076,0.009128248160011137
7.269,900.0818176308171,0.09049002791774015,0.0,0.2,0.2,20.249999999999996,0.8,0.8,900.0,0.003,0.0,10,0.5,0.01090351,0.009128247270961827
7.272,900.0818176231741,0.09059508524933302,0.0,0.2,0.2,20.249999999999996,0.8,0.8,900.0,0.003,0.0,10,0.5,0.01312743,0.009128246372586985
7.275,900.0818176154539,0.09069949550600123,0.0,0.2,0.2,20.249999999999996,0.8,0.8,900.0,0.003,0.0,10,0.5,0.011315532,0.009128245461490821
7.2780000000000005,900.0818176076251,0.0908032438258029,0.0,0.2,0.2,20.249999999999996,0.8,0.8,900.0,0.003,0.0,10,0.5,0.011009691,0.009128244534003044
7.281000000000001,900.0818175996528,0.09090631550790518,0.0,0.2,0.2,20.249999999999996,0.8,0.8,900.0,0.003,0.0,10,0.5,0.012901949,0.009128243586355987
7.284,900.081817591512,0.09100869601637453,0.0,0.2,0.2,20.249999999999996,0.8,0.8,900.0,0.003,0.0,10,0.5,0.011258602,0.009128242615949186
7.287,900.0818175831834,0.09111037073831875,0.0,0.2,0.2,20.249999999999996,0.8,0.8,900.0,0.003,0.0,10,0.5,0.011446822,0.009128241622962921
7.29,900.0818175746597,0.091211324706351,0.0,0.2,0.2,20.249999999999996,0.8,0.8,900.0,0.003,0.0,10,0.5,0.012600228,0.009128240608007283
7.293,900.0818175659448,0.09131154294672246,0.0,0.2,0.2,20.249999999999996,0.8,0.8,900.0,0.003,0.0,10,0.5,0.011154481,0.009128239572061388
7.296,900.0818175570544,0.09141101058802456,0.0,0.2,0.2,20.249999999999996,0.8,0.8,900.0,0.003,0.0,10,0.5,0.011091301,0.009128238517038199
7.299,900.0818175480003,0.09150971279359005,0.0,0.2,0.2,20.249999999999996,0.8,0.8,900.0,0.003,0.0,10,0.5,0.012724938,0.009128237445036108
7.3020000000000005,900.0818175388007,0.09160763483160933,0.0,0.2,0.2,20.249999999999996,0.8,0.8,900.0,0.003,0.0,10,0.5,0.011210621,0.009128236358213623
7.305,900.0818175294751,0.09170476214385065,0.0,0.2,0.2,20.249999999999996,0.8,0.8,900.0,0.003,0.0,10,0.5,0.01103235,0.009128235258961176
7.308,900.0818175200461,0.0918010803539911,0.0,0.2,0.2,20.249999999999996,0.8,0.8,900.0,0.003,0.0,10,0.5,0.012691308,0.009128234150125165
7.311,900.0818175105719,0.09189657522706475,0.0,0.2,0.2,20.249999999999996,0.8,0.8,900.0,0.003,0.0,10,0.5,0.010725639,0.009128233040170334
7.314,900.0818175011154,0.09199123203203993,0.0,0.2,0.2,20.249999999999996,0.8,0.8,900.0,0.003,0.0,10,0.5,0.011089211,0.009128231934248414
7.317,900.0818174917007,0.09208503599027631,0.0,0.2,0.2,20.249999999999996,0.8,0.8,900.0,0.003,0.0,10,0.5,0.012874539,0.009128230833741835
7.32,900.0818174823378,0.09217797249731607,0.0,0.2,0.2,20.249999999999996,0.8,0.8,900.0,0.003,0.0,10,0.5,0.01100174,0.00912822973913792
7.323,900.0818174730351,0.09227002712155934,0.0,0.2,0.2,20.249999999999996,0.8,0.8,900.0,0.003,0.0,10,0.5,0.011201022,0.009128228650374947
7.3260000000000005,900.0818174637928,0.09236118559211166,0.0,0.2,0.2,20.249999999999996,0.8,0.8,900.0,0.003,0.0,10,0.5,0.012537617,0.009128227566835128
7.329,900.0818174546083,0.09245143380883115,0.0,0.2,0.2,20.249999999999996,0.8,0.8,900.0,0.003,0.0,10,0.5,0.011269352,0.009128226487422599
7.332,900.0818174454693,0.09254075765319716,0.0,0.2,0.2,20.249999999999996,0.8,0.8,900.0,0.003,0.0,10,0.5,0.011198041,0.009128225409536738
7.335,900.0818174363515,0.0926291431586366,0.0,0.2,0.2,20.249999999999996,0.8,0.8,900.0,0.003,0.0,10,0.5,0.01301645,0.0091282243299591
7.338,900.0818174272231,0.09271657658239178,0.0,0.2,0.2,20.249999999999996,0.8,0.8,900.0,0.003,0.0,10,0.5,0.011166131,0.009128223244826598
7.341,900.0818174180536,0.09280304441101642,0.0,0.2,0.2,20.249999999999996,0.8,0.8,900.0,0.003,0.0,10,0.5,0.011162691,0.009128222149716647
7.344,900.0818174088023,0.09288853334091493,0.0,0.2,0.2,20.249999999999996,0.8,0.8,900.0,0.003,0.0,10,0.5,0.01294431,0.009128221040148205
7.347,900.0818173994345,0.09297303021252716,0.0,0.2,0.2,20.249999999999996,0.8,0.8,900.0,0.003,0.0,10,0.5,0.011218821,0.009128219913374135
7.3500000000000005,900.081817389932,0.09305652152152467,0.0,0.2,0.2,20.249999999999996,0.8,0.8,900.0,0.003,0.0,10,0.5,0.011391002,0.009128218767104282
7.353,900.0818173802585,0.09313899354592525,0.0,0.2,0.2,20.249999999999996,0.8,0.8,900.0,0.003,0.0,10,0.5,0.012709457,0.009128217597085958
7.356,900.0818173703769,0.09322043276983569,0.0,0.2,0.2,20.249999999999996,0.8,0.8,900.0,0.003,0.0,10,0.5,0.011395302,0.009128216399252861
7.359,900.0818173602537,0.09330082588649476,0.0,0.2,0.2,20.249999999999996,0.8,0.8,900.0,0.003,0.0,10,0.5,0.01112747,0.00912821517027691
7.362,900.0818173498558,0.09338015980153035,0.0,0.2,0.2,20.249999999999996,0.8,0.8,900.0,0.003,0.0,10,0.5,0.012624878,0.009128213907728881
7.365,900.0818173391623,0.09345842163586741,0.0,0.2,0.2,20.249999999999996,0.8,0.8,900.0,0.003,0.0,10,0.5,0.011118951,0.009128212610019658
7.368,900.0818173281582,0.09353559872746918,0.0,0.2,0.2,20.249999999999996,0.8,0.8,900.0,0.003,0.0,10,0.5,0.011319622,0.009128211276231202
7.371,900.0818173168383,0.09361167863312574,0.0,0.2,0.2,20.249999999999996,0.8,0.8,900.0,0.003,0.0,10,0.5,0.012922419,0.009128209905947626
7.3740000000000006,900.0818173051971,0.09368664913029567,0.0,0.2,0.2,20.249999999999996,0.8,0.8,900.0,0.003,0.0,10,0.5,0.01092195,0.009128208499164207
7.377,900.0818172932321,0.09376049821851572,0.0,0.2,0.2,20.249999999999996,0.8,0.8,900.0,0.003,0.0,10,0.5,0.011352492,0.009128207056239818
7.38,900.081817280948,0.09383321412126958,0.0,0.2,0.2,20.249999999999996,0.8,0.8,900.0,0.003,0.0,10,0.5,0.012917719,0.009128205577899456
7.383,900.08181726835,0.09390478528746474,0.0,0.2,0.2,20.249999999999996,0.8,0.8,900.0,0.003,0.0,10,0.5,0.011346692,0.009128204065311252
7.386,900.0818172554633,0.0939752003621239,0.0,0.2,0.2,20.249999999999996,0.8,0.8,900.0,0.003,0.0,10,0.5,0.01095147,0.009128202521483908
7.389,900.0818172423097,0.09404444781160048,0.0,0.2,0.2,20.249999999999996,0.8,0.8,900.0,0.003,0.0,10,0.5,0.013411451,0.009128200949025422
7.392,900.0818172289007,0.09411251618923085,0.0,0.2,0.2,20.249999999999996,0.8,0.8,900.0,0.003,0.0,10,0.5,0.011640073,0.009128199349785019
7.3950000000000005,900.0818172152555,0.09417939425293356,0.0,0.2,0.2,20.249999999999996,0.8,0.8,900.0,0.003,0.0,10,0.5,0.011169771,0.009128197725881615
7.398000000000001,900.0818172014056,0.09424507087467837,0.0,0.2,0.2,20.249999999999996,0.8,0.8,900.0,0.003,0.0,10,0.5,0.012915589,0.009128196079337946
7.401,900.0818171873549,0.09430953505278902,0.0,0.2,0.2,20.249999999999996,0.8,0.8,900.0,0.003,0.0,10,0.5,0.011367442,0.009128194411165741
7.404,900.0818171731138,0.09437277601883218,0.0,0.2,0.2,20.249999999999996,0.8,0.8,900.0,0.003,0.0,10,0.5,0.011400922,0.00912819272220406
7.407,900.081817158709,0.09443478323796807,0.0,0.2,0.2,20.249999999999996,0.8,0.8,900.0,0.003,0.0,10,0.5,0.012709778,0.009128191014285717
7.41,900.0818171441917,0.09449554603658578,0.0,0.2,0.2,20.249999999999996,0.8,0.8,900.0,0.003,0.0,10,0.5,0.011339262,0.009128189290850163
7.413,900.081817129543,0.09455505333428825,0.0,0.2,0.2,20.249999999999996,0.8,0.8,900.0,0.003,0.0,10,0.5,0.011106291,0.009128187552722272
7.416,900.0818171147655,0.0946132943160169,0.0,0.2,0.2,20.249999999999996,0.8,0.8,900.0,0.003,0.0,10,0.5,0.012761109,0.009128185800016744
7.4190000000000005,900.0818170998616,0.0946702584409296,0.0,0.2,0.2,20.249999999999996,0.8,0.8,900.0,0.003,0.0,10,0.5,0.012326116,0.009128184032022237
7.422000000000001,900.081817084826,0.09472593543489943,0.0,0.2,0.2,20.249999999999996,0.8,0.8,900.0,0.003,0.0,10,0.5,0.011737274,0.009128182247425853
7.425,900.0818170696443,0.09478031527981003,0.0,0.2,0.2,20.249999999999996,0.8,0.8,900.0,0.003,0.0,10,0.5,0.012863619,0.009128180444417164
7.428,900.081817054298,0.09483338820121556,0.0,0.2,0.2,20.249999999999996,0.8,0.8,900.0,0.003,0.0,10,0.5,0.01097747,0.009128178620504484
7.431,900.0818170387687,0.09488514463135891,0.0,0.2,0.2,20.249999999999996,0.8,0.8,900.0,0.003,0.0,10,0.5,0.011299202,0.009128176773295521
7.434,900.0818170230347,0.09493557529911675,0.0,0.2,0.2,20.249999999999996,0.8,0.8,900.0,0.003,0.0,10,0.5,0.01315841,0.009128174900540076
7.437,900.0818170070746,0.09498467117712196,0.0,0.2,0.2,20.249999999999996,0.8,0.8,900.0,0.003,0.0,10,0.5,0.011120791,0.009128172999918843
7.44,900.0818169908711,0.09503242346974979,0.0,0.2,0.2,20.249999999999996,0.8,0.8,900.0,0.003,0.0,10,0.5,0.011073661,0.009128171069316963
7.4430000000000005,900.0818169743998,0.09507882362021884,0.0,0.2,0.2,20.249999999999996,0.8,0.8,900.0,0.003,0.0,10,0.5,0.01325393,0.009128169106866243
7.446,900.0818169576459,0.09512386331436233,0.0,0.2,0.2,20.249999999999996,0.8,0.8,900.0,0.003,0.0,10,0.5,0.011267502,0.009128167111051133
7.449,900.0818169406016,0.09516753448302555,0.0,0.2,0.2,20.249999999999996,0.8,0.8,900.0,0.003,0.0,10,0.5,0.011080331,0.009128165080877482
7.452,900.0818169232499,0.09520982928293295,0.0,0.2,0.2,20.249999999999996,0.8,0.8,900.0,0.003,0.0,10,0.5,0.012886829,0.009128163015816884
7.455,900.0818169055894,0.09525074009825485,0.0,0.2,0.2,20.249999999999996,0.8,0.8,900.0,0.003,0.0,10,0.5,0.011477792,0.009128160915856165
7.458,900.0818168876252,0.09529025953279341,0.0,0.2,0.2,20.249999999999996,0.8,0.8,900.0,0.003,0.0,10,0.5,0.011062941,0.009128158782428928
7.461,900.0818168693686,0.09532838031671145,0.0,0.2,0.2,20.249999999999996,0.8,0.8,900.0,0.003,0.0,10,0.5,0.012824488,0.009128156616233386
7.464,900.0818168508187,0.09536509539860297,0.0,0.2,0.2,20.249999999999996,0.8,0.8,900.0,0.003,0.0,10,0.5,0.011320031,0.009128154417903548
7.4670000000000005,900.0818168319837,0.09540039794888101,0.0,0.2,0.2,20.249999999999996,0.8,0.8,900.0,0.003,0.0,10,0.5,0.011229312,0.009128152188410309
7.47,900.0818168128743,0.09543428136354143,0.0,0.2,0.2,20.249999999999996,0.8,0.8,900.0,0.003,0.0,10,0.5,0.012804729,0.00912814992915172
7.473,900.0818167935004,0.09546673926616596,0.0,0.2,0.2,20.249999999999996,0.8,0.8,900.0,0.003,0.0,10,0.5,0.011201621,0.009128147641980236
7.476,900.0818167738813,0.09549776549272436,0.0,0.2,0.2,20.249999999999996,0.8,0.8,900.0,0.003,0.0,10,0.5,0.011330912,0.00912814532878535
7.479,900.0818167540308,0.09552735411665346,0.0,0.2,0.2,20.249999999999996,0.8,0.8,900.0,0.003,0.0,10,0.5,0.012896849,0.00912814299132626
7.482,900.0818167339639,0.09555549945024974,0.0,0.2,0.2,20.249999999999996,0.8,0.8,900.0,0.003,0.0,10,0.5,0.0109,0.009128140631157917
7.485,900.0818167137,0.09558219605879685,0.0,0.2,0.2,20.249999999999996,0.8,0.8,900.0,0.003,0.0,10,0.5,0.011047121,0.009128138249907686
7.488,900.081816693253,0.09560743865815335,0.0,0.2,0.2,20.249999999999996,0.8,0.8,900.0,0.003,0.0,10,0.5,0.01328201,0.009128135848485399
7.4910000000000005,900.0818166726255,0.09563122213427948,0.0,0.2,0.2,20.249999999999996,0.8,0.8,900.0,0.003,0.0,10,0.5,0.01111261,0.009128133426757418
7.494,900.0818166518172,0.0956535416186048,0.0,0.2,0.2,20.249999999999996,0.8,0.8,900.0,0.003,0.0,10,0.5,0.011325962,0.009128130984307096
7.497,900.081816630828,0.09567439246564194,0.0,0.2,0.2,20.249999999999996,0.8,0.8,900.0,0.003,0.0,10,0.5,0.012832569,0.009128128520470862
7.5,900.0818166096487,0.09569377025035795,0.0,0.2,0.2,20.249999999999996,0.8,0.8,900.0,0.003,0.0,10,0.5,0.011263572,0.00912812603432114
7.503,900.0818165882721,0.09571167076751047,0.0,0.2,0.2,20.249999999999996,0.8,0.8,900.0,0.003,0.0,10,0.5,0.01098769,0.009128123524674202
7.506,900.0818165666861,0.09572809003071968,0.0,0.2,0.2,20.249999999999996,0.8,0.8,900.0,0.003,0.0,10,0.5,0.012678038,0.00912812099013545
7.509,900.0818165448771,0.09574302427045014,0.0,0.2,0.2,20.249999999999996,0.8,0.8,900.0,0.003,0.0,10,0.5,0.011043971,0.009128118429232404
7.5120000000000005,900.0818165228363,0.09575646992359158,0.0,0.2,0.2,20.249999999999996,0.8,0.8,900.0,0.003,0.0,10,0.5,0.011109651,0.00912811584056844
7.515000000000001,900.0818165005477,0.09576842363029199,0.0,0.2,0.2,20.249999999999996,0.8,0.8,900.0,0.003,0.0,10,0.5,0.012735378,0.009128113222698542
7.518,900.0818164779972,0.09577888224443963,0.0,0.2,0.2,20.249999999999996,0.8,0.8,900.0,0.003,0.0,10,0.5,0.011345152,0.009128110574317077
7.521,900.0818164551754,0.09578784283244139,0.0,0.2,0.2,20.249999999999996,0.8,0.8,900.0,0.003,0.0,10,0.5,0.01107792,0.009128107894338867
7.524,900.0818164320738,0.09579530267210949,0.0,0.2,0.2,20.249999999999996,0.8,0.8,900.0,0.003,0.0,10,0.5,0.01305941,0.009128105181969633
7.527,900.0818164086804,0.0958012592507247,0.0,0.2,0.2,20.249999999999996,0.8,0.8,900.0,0.003,0.0,10,0.5,0.01096465,0.00912810243672834
7.53,900.0818163850031,0.09580571026408803,0.0,0.2,0.2,20.249999999999996,0.8,0.8,900.0,0.003,0.0,10,0.5,0.011261682,0.009128099662428425
7.533,900.0818163611655,0.09580865242340107,0.0,0.2,0.2,20.249999999999996,0.8,0.8,900.0,0.003,0.0,10,0.5,0.01317601,0.009128096885410976
7.5360000000000005,900.081816337317,0.0958100768955841,0.0,0.2,0.2,20.249999999999996,0.8,0.8,900.0,0.003,0.0,10,0.5,0.011162061,0.00912809411314438
7.539000000000001,900.081816313508,0.09580997440625341,0.0,0.2,0.2,20.249999999999996,0.8,0.8,900.0,0.003,0.0,10,0.5,0.011435453,0.009128091345915374
7.542,900.081816289742,0.09580833578401851,0.0,0.2,0.2,20.249999999999996,0.8,0.8,900.0,0.003,0.0,10,0.5,0.012784988,0.009128088583707214
7.545,900.0818162660237,0.095805152087463,0.0,0.2,0.2,20.249999999999996,0.8,0.8,900.0,0.003,0.0,10,0.5,0.011052201,0.009128085827710514
7.548,900.0818162423607,0.09580041463118813,0.0,0.2,0.2,20.249999999999996,0.8,0.8,900.0,0.003,0.0,10,0.5,0.01105655,0.00912808307973906
7.551,900.0818162187705,0.09579411496137179,0.0,0.2,0.2,20.249999999999996,0.8,0.8,900.0,0.003,0.0,10,0.5,0.012997419,0.009128080340499084
7.554,900.0818161952593,0.09578624488880191,0.0,0.2,0.2,20.249999999999996,0.8,0.8,900.0,0.003,0.0,10,0.5,0.011056411,0.009128077608640756
7.557,900.0818161718116,0.09577679649200581,0.0,0.2,0.2,20.249999999999996,0.8,0.8,900.0,0.003,0.0,10,0.5,0.011089291,0.009128074880437426
7.5600000000000005,900.0818161483968,0.09576576211721569,0.0,0.2,0.2,20.249999999999996,0.8,0.8,900.0,0.003,0.0,10,0.5,0.012995549,0.00912807215002732
7.563,900.0818161249608,0.09575313437816395,0.0,0.2,0.2,20.249999999999996,0.8,0.8,900.0,0.003,0.0,10,0.5,0.011345002,0.009128069410028833
7.566,900.0818161014361,0.09573890615611971,0.0,0.2,0.2,20.249999999999996,0.8,0.8,900.0,0.003,0.0,10,0.5,0.011281161,0.00912806665234829
7.569,900.0818160777585,0.09572307059245182,0.0,0.2,0.2,20.249999999999996,0.8,0.8,900.0,0.003,0.0,10,0.5,0.012719689,0.009128063870522531
7.572,900.081816053866,0.09570562089210284,0.0,0.2,0.2,20.249999999999996,0.8,0.8,900.0,0.003,0.0,10,0.5,0.011308511,0.009128061058642181
7.575,900.0818160297092,0.09568655042282771,0.0,0.2,0.2,20.249999999999996,0.8,0.8,900.0,0.003,0.0,10,0.5,0.011165091,0.00912805821163158
7.578,900.0818160052378,0.09566585251521906,0.0,0.2,0.2,20.249999999999996,0.8,0.8,900.0,0.003,0.0,10,0.5,0.012841759,0.009128055324972264
7.581,900.0818159804085,0.09564352062820435,0.0,0.2,0.2,20.249999999999996,0.8,0.8,900.0,0.003,0.0,10,0.5,0.011024791,0.00912805239516544
7.5840000000000005,900.0818159551941,0.09561954848331072,0.0,0.2,0.2,20.249999999999996,0.8,0.8,900.0,0.003,0.0,10,0.5,0.011285701,0.009128049420631154
7.587,900.0818159295719,0.09559393006761671,0.0,0.2,0.2,20.249999999999996,0.8,0.8,900.0,0.003,0.0,10,0.5,0.012949259,0.009128046401830533
7.59,900.0818159035537,0.09556665963526399,0.0,0.2,0.2,20.249999999999996,0.8,0.8,900.0,0.003,0.0,10,0.5,0.011195502,0.009128043341052322
7.593,900.0818158771567,0.09553773170773397,0.0,0.2,0.2,20.249999999999996,0.8,0.8,900.0,0.003,0.0,10,0.5,0.011596153,0.009128040242009354
7.596,900.0818158504155,0.09550714107440647,0.0,0.2,0.2,20.249999999999996,0.8,0.8,900.0,0.003,0.0,10,0.5,0.01303873,0.00912803710939643
7.599,900.0818158233711,0.09547488279094407,0.0,0.2,0.2,20.249999999999996,0.8,0.8,900.0,0.003,0.0,10,0.5,0.011232832,0.009128033948505128
7.602,900.0818157960655,0.09544095218152489,0.0,0.2,0.2,20.249999999999996,0.8,0.8,900.0,0.003,0.0,10,0.5,0.01108934,0.00912803076492701
7.605,900.0818157685555,0.09540534484108762,0.0,0.2,0.2,20.249999999999996,0.8,0.8,900.0,0.003,0.0,10,0.5,0.012780729,0.009128027564378029
7.6080000000000005,900.0818157408951,0.09536805662537337,0.0,0.2,0.2,20.249999999999996,0.8,0.8,900.0,0.003,0.0,10,0.5,0.011206171,0.009128024352618343
7.611,900.0818157131281,0.09532908364576724,0.0,0.2,0.2,20.249999999999996,0.8,0.8,900.0,0.003,0.0,10,0.5,0.011129261,0.009128021135115256
7.614,900.0818156853076,0.09528842228123288,0.0,0.2,0.2,20.249999999999996,0.8,0.8,900.0,0.003,0.0,10,0.5,0.01310503,0.009128017916773564
7.617,900.081815657477,0.09524606918662214,0.0,0.2,0.2,20.249999999999996,0.8,0.8,900.0,0.003,0.0,10,0.5,0.011452833,0.009128014701952614
7.62,900.0818156296785,0.09520202126002969,0.0,0.2,0.2,20.249999999999996,0.8,0.8,900.0,0.003,0.0,10,0.5,0.011489023,0.009128011496130649
7.623,900.0818156019606,0.09515627521977144,0.0,0.2,0.2,20.249999999999996,0.8,0.8,900.0,0.003,0.0,10,0.5,0.012732018,0.009128008303601123
7.626,900.0818155743599,0.09510882783485199,0.0,0.2,0.2,20.249999999999996,0.8,0.8,900.0,0.003,0.0,10,0.5,0.011478202,0.009128005126946993
7.6290000000000004,900.0818155468949,0.09505967606049878,0.0,0.2,0.2,20.249999999999996,0.8,0.8,900.0,0.003,0.0,10,0.5,0.011895115,0.009128001967439833
7.632000000000001,900.0818155195822,0.09500881712016207,0.0,0.2,0.2,20.249999999999996,0.8,0.8,900.0,0.003,0.0,10,0.5,0.012809208,0.009127998825695536
7.635,900.0818154924226,0.09495624849219983,0.0,0.2,0.2,20.249999999999996,0.8,0.8,900.0,0.003,0.0,10,0.5,0.01112155,0.009127995701649285
7.638,900.0818154654172,0.09490196792036953,0.0,0.2,0.2,20.249999999999996,0.8,0.8,900.0,0.003,0.0,10,0.5,0.011662863,0.009127992594547813
7.641,900.0818154385619,0.09484597340924979,0.0,0.2,0.2,20.249999999999996,0.8,0.8,900.0,0.003,0.0,10,0.5,0.012929099,0.009127989502984381
7.644,900.0818154118344,0.09478826322919406,0.0,0.2,0.2,20.249999999999996,0.8,0.8,900.0,0.003,0.0,10,0.5,0.011133441,0.00912798642523237
7.647,900.0818153852325,0.0947288359063462,0.0,0.2,0.2,20.249999999999996,0.8,0.8,900.0,0.003,0.0,10,0.5,0.011068421,0.009127983360146238
7.65,900.0818153587645,0.09466768993476023,0.0,0.2,0.2,20.249999999999996,0.8,0.8,900.0,0.003,0.0,10,0.5,0.012881339,0.009127980310556873
7.6530000000000005,900.0818153324346,0.09460482317645323,0.0,0.2,0.2,20.249999999999996,0.8,0.8,900.0,0.003,0.0,10,0.5,0.011246601,0.009127977278461815
7.656000000000001,900.0818153062575,0.09454023353514415,0.0,0.2,0.2,20.249999999999996,0.8,0.8,900.0,0.003,0.0,10,0.5,0.01098609,0.009127974264916891
7.659,900.0818152802394,0.09447391918794351,0.0,0.2,0.2,20.249999999999996,0.8,0.8,900.0,0.003,0.0,10,0.5,0.012863558,0.009127971270793416
7.662,900.0818152543891,0.09440587858127505,0.0,0.2,0.2,20.249999999999996,0.8,0.8,900.0,0.003,0.0,10,0.5,0.011085631,0.00912796829704781
7.665,900.0818152287206,0.09433611042164006,0.0,0.2,0.2,20.249999999999996,0.8,0.8,900.0,0.003,0.0,10,0.5,0.011202951,0.009127965344967752
7.668,900.0818152032389,0.09426461365365864,0.0,0.2,0.2,20.249999999999996,0.8,0.8,900.0,0.003,0.0,10,0.5,0.012504807,0.00912796241600897
7.671,900.0818151779642,0.09419138749788841,0.0,0.2,0.2,20.249999999999996,0.8,0.8,900.0,0.003,0.0,10,0.5,0.011142811,0.009127959514460927
7.674,900.0818151529949,0.09411643097083797,0.0,0.2,0.2,20.249999999999996,0.8,0.8,900.0,0.003,0.0,10,0.5,0.011396403,0.009127956661251206
7.6770000000000005,900.0818151284707,0.09403974071323537,0.0,0.2,0.2,20.249999999999996,0.8,0.8,900.0,0.003,0.0,10,0.5,0.012745078,0.009127953870393024
7.68,900.0818151045071,0.0939613130177592,0.0,0.2,0.2,20.249999999999996,0.8,0.8,900.0,0.003,0.0,10,0.5,0.011261711,0.00912795114994654
7.683,900.0818150811622,0.09388114428121264,0.0,0.2,0.2,20.249999999999996,0.8,0.8,900.0,0.003,0.0,10,0.5,0.01087959,0.009127948504964414
7.686,900.0818150584885,0.09379923117372575,0.0,0.2,0.2,20.249999999999996,0.8,0.8,900.0,0.003,0.0,10,0.5,0.012651088,0.009127945939304964
7.689,900.0818150365263,0.09371557064068567,0.0,0.2,0.2,20.249999999999996,0.8,0.8,900.0,0.003,0.0,10,0.5,0.010795169,0.00912794345842299
7.692,900.0818150153291,0.09363015943730414,0.0,0.2,0.2,20.249999999999996,0.8,0.8,900.0,0.003,0.0,10,0.5,0.011135321,0.009127941068233728
7.695,900.0818149949499,0.09354299416401855,0.0,0.2,0.2,20.249999999999996,0.8,0.8,900.0,0.003,0.0,10,0.5,0.012808668,0.009127938772647726
7.698,900.0818149754331,0.09345407113495673,0.0,0.2,0.2,20.249999999999996,0.8,0.8,900.0,0.003,0.0,10,0.5,0.011048191,0.009127936574998656
7.7010000000000005,900.0818149567845,0.0933633859233987,0.0,0.2,0.2,20.249999999999996,0.8,0.8,900.0,0.003,0.0,10,0.5,0.011086451,0.009127934470534433
7.704,900.0818149389635,0.0932709343934012,0.0,0.2,0.2,20.249999999999996,0.8,0.8,900.0,0.003,0.0,10,0.5,0.012824058,0.009127932453882222
7.707,900.0818149219209,0.09317671273836353,0.0,0.2,0.2,20.249999999999996,0.8,0.8,900.0,0.003,0.0,10,0.5,0.011475352,0.009127930519595904
7.71,900.081814905614,0.09308071747938965,0.0,0.2,0.2,20.249999999999996,0.8,0.8,900.0,0.003,0.0,10,0.5,0.01096313,0.009127928661742949
7.713,900.0818148899874,0.09298294544363497,0.0,0.2,0.2,20.249999999999996,0.8,0.8,900.0,0.003,0.0,10,0.5,0.012768939,0.0091279268744056
7.716,900.0818148749961,0.09288339361436503,0.0,0.2,0.2,20.249999999999996,0.8,0.8,900.0,0.003,0.0,10,0.5,0.01101227,0.009127925153848235
7.719,900.0818148606139,0.09278205864928686,0.0,0.2,0.2,20.249999999999996,0.8,0.8,900.0,0.003,0.0,10,0.5,0.01107286,0.009127923496730708
7.722,900.0818148467949,0.09267893697053202,0.0,0.2,0.2,20.249999999999996,0.8,0.8,900.0,0.003,0.0,10,0.5,0.01293513,0.009127921897420435
7.7250000000000005,900.0818148334884,0.09257402531422482,0.0,0.2,0.2,20.249999999999996,0.8,0.8,900.0,0.003,0.0,10,0.5,0.011232181,0.009127920350408037
7.728,900.0818148206358,0.09246732084991521,0.0,0.2,0.2,20.249999999999996,0.8,0.8,900.0,0.003,0.0,10,0.5,0.011169901,0.009127918851635513
7.731,900.0818148082119,0.09235882111611438,0.0,0.2,0.2,20.249999999999996,0.8,0.8,900.0,0.003,0.0,10,0.5,0.013456242,0.00912791739869571
7.734,900.0818147961882,0.09224852401529884,0.0,0.2,0.2,20.249999999999996,0.8,0.8,900.0,0.003,0.0,10,0.5,0.011291032,0.009127915990761022
7.737,900.0818147845638,0.09213642781651893,0.0,0.2,0.2,20.249999999999996,0.8,0.8,900.0,0.003,0.0,10,0.5,0.011321562,0.009127914628392506
7.74,900.0818147733468,0.09202253114332028,0.0,0.2,0.2,20.249999999999996,0.8,0.8,900.0,0.003,0.0,10,0.5,0.012736618,0.009127913316716356
7.743,900.0818147625874,0.09190683226731775,0.0,0.2,0.2,20.249999999999996,0.8,0.8,900.0,0.003,0.0,10,0.5,0.011200481,0.009127912062645623
7.746,900.0818147523423,0.09178932937993234,0.0,0.2,0.2,20.249999999999996,0.8,0.8,900.0,0.003,0.0,10,0.5,0.011342801,0.009127910873227889
7.7490000000000006,900.0818147426731,0.09167002063106768,0.0,0.2,0.2,20.249999999999996,0.8,0.8,900.0,0.003,0.0,10,0.5,0.01295907,0.009127909753845961
7.752,900.0818147336206,0.09154890447715752,0.0,0.2,0.2,20.249999999999996,0.8,0.8,900.0,0.003,0.0,10,0.5,0.01094584,0.009127908709255316
7.755,900.0818147252279,0.0914259797752285,0.0,0.2,0.2,20.249999999999996,0.8,0.8,900.0,0.003,0.0,10,0.5,0.011300621,0.009127907744039413
7.758,900.0818147175313,0.09130124582969713,0.0,0.2,0.2,20.249999999999996,0.8,0.8,900.0,0.003,0.0,10,0.5,0.01301039,0.009127906862772683
7.761,900.0818147105799,0.0911747023732834,0.0,0.2,0.2,20.249999999999996,0.8,0.8,900.0,0.003,0.0,10,0.5,0.01089229,0.009127906069974101
7.764,900.0818147044118,0.09104634952826672,0.0,0.2,0.2,20.249999999999996,0.8,0.8,900.0,0.003,0.0,10,0.5,0.011222331,0.009127905369144007
7.767,900.081814699062,0.09091618780669777,0.0,0.2,0.2,20.249999999999996,0.8,0.8,900.0,0.003,0.0,10,0.5,0.01309898,0.009127904763539477
7.7700000000000005,900.0818146945652,0.0907842179612627,0.0,0.2,0.2,20.249999999999996,0.8,0.8,900.0,0.003,0.0,10,0.5,0.011374261,0.009127904254496343
7.773000000000001,900.081814690922,0.09065044104270334,0.0,0.2,0.2,20.249999999999996,0.8,0.8,900.0,0.003,0.0,10,0.5,0.01105452,0.009127903840933739
7.776,900.0818146881234,0.09051485846905367,0.0,0.2,0.2,20.249999999999996,0.8,0.8,900.0,0.003,0.0,10,0.5,0.01302214,0.009127903520064684
7.779,900.0818146861432,0.09037747204903382,0.0,0.2,0.2,20.249999999999996,0.8,0.8,900.0,0.003,0.0,10,0.5,0.011107711,0.009127903287892461
7.782,900.0818146849481,0.09023828399476626,0.0,0.2,0.2,20.249999999999996,0.8,0.8,900.0,0.003,0.0,10,0.5,0.011326602,0.009127903139653332
7.785,900.0818146844973,0.09009729692245326,0.0,0.2,0.2,20.249999999999996,0.8,0.8,900.0,0.003,0.0,10,0.5,0.012696248,0.009127903070172175
7.788,900.0818146847372,0.08995451384678484,0.0,0.2,0.2,20.249999999999996,0.8,0.8,900.0,0.003,0.0,10,0.5,0.011245581,0.009127903073882393
7.791,900.0818146856232,0.08980993819799901,0.0,0.2,0.2,20.249999999999996,0.8,0.8,900.0,0.003,0.0,10,0.5,0.011250521,0.009127903145116613
7.7940000000000005,900.0818146871017,0.08966357383038064,0.0,0.2,0.2,20.249999999999996,0.8,0.8,900.0,0.003,0.0,10,0.5,0.012613918,0.009127903278311086
7.797000000000001,900.0818146891235,0.0895154250288691,0.0,0.2,0.2,20.249999999999996,0.8,0.8,900.0,0.003,0.0,10,0.5,0.011238731,0.00912790346822681
7.8,900.0818146916442,0.0893654965128843,0.0,0.2,0.2,20.249999999999996,0.8,0.8,900.0,0.003,0.0,10,0.5,0.011011091,0.009127903710144922
7.803,900.0818146946151,0.08921379343776642,0.0,0.2,0.2,20.249999999999996,0.8,0.8,900.0,0.003,0.0,10,0.5,0.012867948,0.009127904000069879
7.806,900.0818146980023,0.08906032139185878,0.0,0.2,0.2,20.249999999999996,0.8,0.8,900.0,0.003,0.0,10,0.5,0.01109973,0.009127904335169924
7.809,900.0818147017882,0.08890508630970761,0.0,0.2,0.2,20.249999999999996,0.8,0.8,900.0,0.003,0.0,10,0.5,0.011055031,0.009127904713654943
7.812,900.08181470595,0.08874809450828013,0.0,0.2,0.2,20.249999999999996,0.8,0.8,900.0,0.003,0.0,10,0.5,0.01307029,0.009127905134434363
7.815,900.0818147104771,0.08858935275204416,0.0,0.2,0.2,20.249999999999996,0.8,0.8,900.0,0.003,0.0,10,0.5,0.01104426,0.009127905597271495
7.8180000000000005,900.0818147153652,0.08842886825860818,0.0,0.2,0.2,20.249999999999996,0.8,0.8,900.0,0.003,0.0,10,0.5,0.011306482,0.009127906102693917
7.821,900.0818147206287,0.08826664869767624,0.0,0.2,0.2,20.249999999999996,0.8,0.8,900.0,0.003,0.0,10,0.5,0.013365991,0.009127906651929588
7.824,900.0818147262657,0.08810270217829229,0.0,0.2,0.2,20.249999999999996,0.8,0.8,900.0,0.003,0.0,10,0.5,0.011234971,0.009127907246669256
7.827,900.0818147322987,0.08793703726879717,0.0,0.2,0.2,20.249999999999996,0.8,0.8,900.0,0.003,0.0,10,0.5,0.011119221,0.00912790788893101
7.83,900.0818147387421,0.08776966300284726,0.0,0.2,0.2,20.249999999999996,0.8,0.8,900.0,0.003,0.0,10,0.5,0.012869319,0.009127908580889788
7.833,900.081814745618,0.08760058888129421,0.0,0.2,0.2,20.249999999999996,0.8,0.8,900.0,0.003,0.0,10,0.5,0.011474383,0.009127909324865176
7.836,900.0818147529442,0.08742982484837585,0.0,0.2,0.2,20.249999999999996,0.8,0.8,900.0,0.003,0.0,10,0.5,0.0110627,0.009127910123311845
7.839,900.0818147607479,0.08725738130249426,0.0,0.2,0.2,20.249999999999996,0.8,0.8,900.0,0.003,0.0,10,0.5,0.013174041,0.009127910978474665
7.8420000000000005,900.0818147690414,0.0870832691121451,0.0,0.2,0.2,20.249999999999996,0.8,0.8,900.0,0.003,0.0,10,0.5,0.011258381,0.009127911892139655
7.845,900.0818147778481,0.0869074996165283,0.0,0.2,0.2,20.249999999999996,0.8,0.8,900.0,0.003,0.0,10,0.5,0.011103611,0.009127912865539364
7.848,900.0818147871787,0.08673008462772404,0.0,0.2,0.2,20.249999999999996,0.8,0.8,900.0,0.003,0.0,10,0.5,0.012690028,0.009127913901636038
7.851,900.0818147970649,0.0865510359990056,0.0,0.2,0.2,20.249999999999996,0.8,0.8,900.0,0.003,0.0,10,0.5,0.011452432,0.00912791500319149
7.854,900.0818148075233,0.08637036575042564,0.0,0.2,0.2,20.249999999999996,0.8,0.8,900.0,0.003,0.0,10,0.5,0.011197281,0.009127916169725567
7.857,900.081814818545,0.08618808639772499,0.0,0.2,0.2,20.249999999999996,0.8,0.8,900.0,0.003,0.0,10,0.5,0.012724198,0.009127917399420364
7.86,900.0818148301207,0.08600421093463291,0.0,0.2,0.2,20.249999999999996,0.8,0.8,900.0,0.003,0.0,10,0.5,0.010738339,0.00912791868989587
7.863,900.0818148422236,0.08581875283176489,0.0,0.2,0.2,20.249999999999996,0.8,0.8,900.0,0.003,0.0,10,0.5,0.010998641,0.009127920038211121
7.8660000000000005,900.0818148548283,0.0856317261255412,0.0,0.2,0.2,20.249999999999996,0.8,0.8,900.0,0.003,0.0,10,0.5,0.01320739,0.009127921441252834
7.869,900.0818148679066,0.08544314539704277,0.0,0.2,0.2,20.249999999999996,0.8,0.8,900.0,0.003,0.0,10,0.5,0.011023971,0.009127922895672573
7.872,900.0818148814283,0.08525302573270495,0.0,0.2,0.2,20.249999999999996,0.8,0.8,900.0,0.003,0.0,10,0.5,0.010831099,0.009127924397291922
7.875,900.0818148953527,0.08506138279097014,0.0,0.2,0.2,20.249999999999996,0.8,0.8,900.0,0.003,0.0,10,0.5,0.012816149,0.0091279259417465
7.878,900.0818149096513,0.08486823276301943,0.0,0.2,0.2,20.249999999999996,0.8,0.8,900.0,0.003,0.0,10,0.5,0.011039291,0.00912792752504539
7.881,900.0818149242785,0.08467359230006623,0.0,0.2,0.2,20.249999999999996,0.8,0.8,900.0,0.003,0.0,10,0.5,0.011568713,0.009127929143456778
7.884,900.0818149392094,0.08447747848053973,0.0,0.2,0.2,20.249999999999996,0.8,0.8,900.0,0.003,0.0,10,0.5,0.012813379,0.009127930793440727
7.8870000000000005,900.0818149544035,0.08427990880039378,0.0,0.2,0.2,20.249999999999996,0.8,0.8,900.0,0.003,0.0,10,0.5,0.011273951,0.009127932471593278
7.890000000000001,900.081814969836,0.084080901238931,0.0,0.2,0.2,20.249999999999996,0.8,0.8,900.0,0.003,0.0,10,0.5,0.01102268,0.009127934175351658
7.893,900.0818149854808,0.08388047425326361,0.0,0.2,0.2,20.249999999999996,0.8,0.8,900.0,0.003,0.0,10,0.5,0.012980119,0.009127935903296754
7.896,900.0818150013309,0.08367864676746015,0.0,0.2,0.2,20.249999999999996,0.8,0.8,900.0,0.003,0.0,10,0.5,0.011121571,0.009127937654642865
7.899,900.0818150173719,0.08347543816717538,0.0,0.2,0.2,20.249999999999996,0.8,0.8,900.0,0.003,0.0,10,0.5,0.011177421,0.009127939429129785
7.902,900.0818150336067,0.08327086830817446,0.0,0.2,0.2,20.249999999999996,0.8,0.8,900.0,0.003,0.0,10,0.5,0.012866868,0.00912794122709938
7.905,900.0818150500315,0.08306495753432129,0.0,0.2,0.2,20.249999999999996,0.8,0.8,900.0,0.003,0.0,10,0.5,0.011264502,0.009127943048964316
7.908,900.0818150666532,0.08285772673308618,0.0,0.2,0.2,20.249999999999996,0.8,0.8,900.0,0.003,0.0,10,0.5,0.011194131,0.009127944895687707
7.9110000000000005,900.0818150834804,0.08264919726981919,0.0,0.2,0.2,20.249999999999996,0.8,0.8,900.0,0.003,0.0,10,0.5,0.012590678,0.009127946768419626
7.914000000000001,900.0818151005203,0.08243939102546163,0.0,0.2,0.2,20.249999999999996,0.8,0.8,900.0,0.003,0.0,10,0.5,0.011223981,0.009127948668425616
7.917,900.0818151177889,0.08222833039432374,0.0,0.2,0.2,20.249999999999996,0.8,0.8,900.0,0.003,0.0,10,0.5,0.011354762,0.00912795059732956
7.92,900.0818151353011,0.08201603822264353,0.0,0.2,0.2,20.249999999999996,0.8,0.8,900.0,0.003,0.0,10,0.5,0.012917379,0.009127952556544366
7.923,900.0818151530681,0.0818025377945159,0.0,0.2,0.2,20.249999999999996,0.8,0.8,900.0,0.003,0.0,10,0.5,0.011131451,0.009127954547225313
7.926,900.081815171101,0.08158785282291303,0.0,0.2,0.2,20.249999999999996,0.8,0.8,900.0,0.003,0.0,10,0.5,0.011187321,0.009127956570113583
7.929,900.0818151894038,0.08137200745285152,0.0,0.2,0.2,20.249999999999996,0.8,0.8,900.0,0.003,0.0,10,0.5,0.013894704,0.009127958625569275
7.932,900.0818152079837,0.0811550262574914,0.0,0.2,0.2,20.249999999999996,0.8,0.8,900.0,0.003,0.0,10,0.5,0.01104238,0.009127960713604602
7.9350000000000005,900.0818152268398,0.08093693423201355,0.0,0.2,0.2,20.249999999999996,0.8,0.8,900.0,0.003,0.0,10,0.5,0.011033281,0.009127962833884697
7.938,900.0818152459653,0.08071775678673787,0.0,0.2,0.2,20.249999999999996,0.8,0.8,900.0,0.003,0.0,10,0.5,0.01320233,0.009127964985686719
7.941,900.0818152653607,0.08049751974083812,0.0,0.2,0.2,20.249999999999996,0.8,0.8,900.0,0.003,0.0,10,0.5,0.011143791,0.009127967167933276
7.944,900.0818152850071,0.08027624931366174,0.0,0.2,0.2,20.249999999999996,0.8,0.8,900.0,0.003,0.0,10,0.5,0.011201182,0.009127969379151682
7.947,900.081815304902,0.0800539721121543,0.0,0.2,0.2,20.249999999999996,0.8,0.8,900.0,0.003,0.0,10,0.5,0.012880529,0.00912797161737476
7.95,900.0818153250164,0.07983071516880964,0.0,0.2,0.2,20.249999999999996,0.8,0.8,900.0,0.003,0.0,10,0.5,0.011291071,0.009127973880170028
7.953,900.081815345337,0.07960650597470216,0.0,0.2,0.2,20.249999999999996,0.8,0.8,900.0,0.003,0.0,10,0.5,0.011362232,0.00912797616541564
7.956,900.0818153658405,0.07938137239317014,0.0,0.2,0.2,20.249999999999996,0.8,0.8,900.0,0.003,0.0,10,0.5,0.012634008,0.009127978470975552
7.9590000000000005,900.0818153865108,0.07915534265863376,0.0,0.2,0.2,20.249999999999996,0.8,0.8,900.0,0.003,0.0,10,0.5,0.011145642,0.009127980794808697
7.962,900.0818154073305,0.07892844535740352,0.0,0.2,0.2,20.249999999999996,0.8,0.8,900.0,0.003,0.0,10,0.5,0.011450182,0.009127983134976269
7.965,900.0818154282788,0.07870070941454292,0.0,0.2,0.2,20.249999999999996,0.8,0.8,900.0,0.003,0.0,10,0.5,0.012713748,0.009127985489844824
7.968,900.081815449342,0.0784721640653856,0.0,0.2,0.2,20.249999999999996,0.8,0.8,900.0,0.003,0.0,10,0.5,0.011394812,0.009127987858001814
7.971,900.0818154705164,0.0782428388569776,0.0,0.2,0.2,20.249999999999996,0.8,0.8,900.0,0.003,0.0,10,0.5,0.011192731,0.009127990240461575
7.974,900.0818154918148,0.07801276308082244,0.0,0.2,0.2,20.249999999999996,0.8,0.8,900.0,0.003,0.0,10,0.5,0.01300111,0.009127992639425162
7.977,900.0818155132476,0.0777819659000438,0.0,0.2,0.2,20.249999999999996,0.8,0.8,900.0,0.003,0.0,10,0.5,0.011143191,0.009127995054846733
7.98,900.0818155348171,0.07755047666957209,0.0,0.2,0.2,20.249999999999996,0.8,0.8,900.0,0.003,0.0,10,0.5,0.011482292,0.00912799748635753
7.9830000000000005,900.0818155565348,0.07731832479147556,0.0,0.2,0.2,20.249999999999996,0.8,0.8,900.0,0.003,0.0,10,0.5,0.012676889,0.00912799993804177
7.986,900.0818155784232,0.07708553917696595,0.0,0.2,0.2,20.249999999999996,0.8,0.8,900.0,0.003,0.0,10,0.5,0.011288281,0.009128002412317896
7.989,900.0818156004958,0.07685214887486799,0.0,0.2,0.2,20.249999999999996,0.8,0.8,900.0,0.003,0.0,10,0.5,0.0109662,0.009128004910362586
7.992,900.0818156227674,0.07661818320953691,0.0,0.2,0.2,20.249999999999996,0.8,0.8,900.0,0.003,0.0,10,0.5,0.013210811,0.009128007433120101
7.995,900.0818156452451,0.07638367176583287,0.0,0.2,0.2,20.249999999999996,0.8,0.8,900.0,0.003,0.0,10,0.5,0.011254771,0.0091280099813961
7.998,900.0818156679356,0.07614864437488604,0.0,0.2,0.2,20.249999999999996,0.8,0.8,900.0,0.003,0.0,10,0.5,0.011056461,0.009128012555698069
8.001,900.0818156908507,0.07591313109671399,0.0,0.2,0.2,20.249999999999996,0.8,0.8,900.0,0.003,0.0,10,0.5,0.012744528,0.009128015156165
8.004,900.081815713989,0.07567716209907202,0.0,0.2,0.2,20.249999999999996,0.8,0.8,900.0,0.003,0.0,10,0.5,0.011253572,0.009128017782653436
8.007,900.081815737345,0.07544076749687167,0.0,0.2,0.2,20.249999999999996,0.8,0.8,900.0,0.003,0.0,10,0.5,0.011514023,0.009128020434076779
8.01,900.081815760917,0.07520397742660438,0.0,0.2,0.2,20.249999999999996,0.8,0.8,900.0,0.003,0.0,10,0.5,0.012776108,0.009128023108683792
8.013,900.0818157846925,0.07496682194748698,0.0,0.2,0.2,20.249999999999996,0.8,0.8,900.0,0.003,0.0,10,0.5,0.011103881,0.009128025804929149
8.016,900.0818158086562,0.07472933089661705,0.0,0.2,0.2,20.249999999999996,0.8,0.8,900.0,0.003,0.0,10,0.5,0.011386193,0.009128028520898562
8.019,900.0818158327819,0.07449153399228103,0.0,0.2,0.2,20.249999999999996,0.8,0.8,900.0,0.003,0.0,10,0.5,0.012634287,0.009128031252685732
8.022,900.0818158570388,0.07425346109434094,0.0,0.2,0.2,20.249999999999996,0.8,0.8,900.0,0.003,0.0,10,0.5,0.011219452,0.009128033996023433
8.025,900.0818158813847,0.07401514220359966,0.0,0.2,0.2,20.249999999999996,0.8,0.8,900.0,0.003,0.0,10,0.5,0.011272871,0.009128036746676447
8.028,900.0818159057812,0.0737766074512246,0.0,0.2,0.2,20.249999999999996,0.8,0.8,900.0,0.003,0.0,10,0.5,0.013103389,0.009128039500622319
8.031,900.081815930193,0.0735378870855811,0.0,0.2,0.2,20.249999999999996,0.8,0.8,900.0,0.003,0.0,10,0.5,0.011186262,0.009128042254069114
8.034,900.0818159545939,0.07329901146567573,0.0,0.2,0.2,20.249999999999996,0.8,0.8,900.0,0.003,0.0,10,0.5,0.011342172,0.009128045003366074
8.037,900.0818159789412,0.0730600110404444,0.0,0.2,0.2,20.249999999999996,0.8,0.8,900.0,0.003,0.0,10,0.5,0.0131206,0.00912804774501913
8.040000000000001,900.0818160032095,0.07282091633385633,0.0,0.2,0.2,20.249999999999996,0.8,0.8,900.0,0.003,0.0,10,0.5,0.011191471,0.00912805047593998
8.043000000000001,900.0818160273672,0.07258175790634964,0.0,0.2,0.2,20.249999999999996,0.8,0.8,900.0,0.003,0.0,10,0.5,0.011069231,0.009128053193500331
8.046,900.0818160513958,0.07234256634686102,0.0,0.2,0.2,20.249999999999996,0.8,0.8,900.0,0.003,0.0,10,0.5,0.013092929,0.00912805589551746
8.049,900.0818160752724,0.07210337227991667,0.0,0.2,0.2,20.249999999999996,0.8,0.8,900.0,0.003,0.0,10,0.5,0.011312681,0.009128058580555995
8.052,900.0818160989895,0.07186420634126264,0.0,0.2,0.2,20.249999999999996,0.8,0.8,900.0,0.003,0.0,10,0.5,0.011009561,0.00912806124773684
8.055,900.0818161225332,0.07162509917693799,0.0,0.2,0.2,20.249999999999996,0.8,0.8,900.0,0.003,0.0,10,0.5,0.013013229,0.009128063896705285
8.058,900.0818161459026,0.07138608143471743,0.0,0.2,0.2,20.249999999999996,0.8,0.8,900.0,0.003,0.0,10,0.5,0.011384103,0.0091280665275787
8.061,900.0818161690997,0.07114718374726765,0.0,0.2,0.2,20.249999999999996,0.8,0.8,900.0,0.003,0.0,10,0.5,0.011179561,0.009128069140846627
8.064,900.0818161921309,0.07090843671779722,0.0,0.2,0.2,20.249999999999996,0.8,0.8,900.0,0.003,0.0,10,0.5,0.012956059,0.009128071737329232
8.067,900.0818162149977,0.07066987089816006,0.0,0.2,0.2,20.249999999999996,0.8,0.8,900.0,0.003,0.0,10,0.5,0.011097741,0.009128074317942624
8.07,900.0818162377134,0.0704315167844354,0.0,0.2,0.2,20.249999999999996,0.8,0.8,900.0,0.003,0.0,10,0.5,0.011201101,0.009128076883617059
8.073,900.081816260288,0.07019340480434273,0.0,0.2,0.2,20.249999999999996,0.8,0.8,900.0,0.003,0.0,10,0.5,0.012772759,0.009128079435221849
8.076,900.081816282724,0.06995556529331014,0.0,0.2,0.2,20.249999999999996,0.8,0.8,900.0,0.003,0.0,10,0.5,0.01098605,0.009128081973479935
8.079,900.0818163050359,0.0697180284678167,0.0,0.2,0.2,20.249999999999996,0.8,0.8,900.0,0.003,0.0,10,0.5,0.011554613,0.009128084498852388
8.082,900.0818163272268,0.06948082439796212,0.0,0.2,0.2,20.249999999999996,0.8,0.8,900.0,0.003,0.0,10,0.5,0.012719568,0.009128087011421145
8.085,900.08181634929,0.0692439830056194,0.0,0.2,0.2,20.249999999999996,0.8,0.8,900.0,0.003,0.0,10,0.5,0.011101641,0.009128089510904533
8.088000000000001,900.0818163712283,0.06900753406136736,0.0,0.2,0.2,20.249999999999996,0.8,0.8,900.0,0.003,0.0,10,0.5,0.011411332,0.009128091996592091
8.091,900.0818163930352,0.06877150717221443,0.0,0.2,0.2,20.249999999999996,0.8,0.8,900.0,0.003,0.0,10,0.5,0.012820139,0.009128094467377862
8.094,900.0818164146987,0.06853593178592737,0.0,0.2,0.2,20.249999999999996,0.8,0.8,900.0,0.003,0.0,10,0.5,0.01103297,0.00912809692172639
8.097,900.0818164362042,0.06830083718627594,0.0,0.2,0.2,20.249999999999996,0.8,0.8,900.0,0.003,0.0,10,0.5,0.01098639,0.009128099357773638
8.1,900.0818164575372,0.06806625248071242,0.0,0.2,0.2,20.249999999999996,0.8,0.8,900.0,0.003,0.0,10,0.5,0.012792768,0.009128101773491324
8.103,900.0818164786795,0.06783220658038044,0.0,0.2,0.2,20.249999999999996,0.8,0.8,900.0,0.003,0.0,10,0.5,0.0110213,0.009128104166635948
8.106,900.081816499613,0.06759872818506568,0.0,0.2,0.2,20.249999999999996,0.8,0.8,900.0,0.003,0.0,10,0.5,0.01075356,0.009128106535009579
8.109,900.0818165203199,0.06736584573028907,0.0,0.2,0.2,20.249999999999996,0.8,0.8,900.0,0.003,0.0,10,0.5,0.012604438,0.00912810887628482
8.112,900.0818165407737,0.067133587397933,0.0,0.2,0.2,20.249999999999996,0.8,0.8,900.0,0.003,0.0,10,0.5,0.011138301,0.009128111187963943
8.115,900.0818165609592,0.06690198113213414,0.0,0.2,0.2,20.249999999999996,0.8,0.8,900.0,0.003,0.0,10,0.5,0.01107357,0.009128113467779201
8.118,900.0818165808491,0.06667105457237621,0.0,0.2,0.2,20.249999999999996,0.8,0.8,900.0,0.003,0.0,10,0.5,0.012804059,0.00912811571357673
8.121,900.0818166004308,0.06644083506208223,0.0,0.2,0.2,20.249999999999996,0.8,0.8,900.0,0.003,0.0,10,0.5,0.011145441,0.009128117923335946
8.124,900.0818166196847,0.06621134964254106,0.0,0.2,0.2,20.249999999999996,0.8,0.8,900.0,0.003,0.0,10,0.5,0.01086294,0.009128120095448998
8.127,900.081816638597,0.06598262501068536,0.0,0.2,0.2,20.249999999999996,0.8,0.8,900.0,0.003,0.0,10,0.5,0.012862539,0.00912812222854166
8.13,900.0818166571594,0.0657546875091545,0.0,0.2,0.2,20.249999999999996,0.8,0.8,900.0,0.003,0.0,10,0.5,0.01097291,0.009128124322246307
8.133000000000001,900.0818166753678,0.06552756297510662,0.0,0.2,0.2,20.249999999999996,0.8,0.8,900.0,0.003,0.0,10,0.5,0.011094411,0.009128126376024958
8.136000000000001,900.0818166932104,0.0653012768888618,0.0,0.2,0.2,20.249999999999996,0.8,0.8,900.0,0.003,0.0,10,0.5,0.012449157,0.009128128389428895
8.139,900.0818167106881,0.06507585439437069,0.0,0.2,0.2,20.249999999999996,0.8,0.8,900.0,0.003,0.0,10,0.5,0.01106721,0.009128130362275786
8.142,900.0818167278,0.06485132029457406,0.0,0.2,0.2,20.249999999999996,0.8,0.8,900.0,0.003,0.0,10,0.5,0.011450073,0.009128132294945945
8.145,900.0818167445433,0.06462769898075242,0.0,0.2,0.2,20.249999999999996,0.8,0.8,900.0,0.003,0.0,10,0.5,0.012679978,0.009128134187810413
8.148,900.0818167609257,0.06440501448528047,0.0,0.2,0.2,20.249999999999996,0.8,0.8,900.0,0.003,0.0,10,0.5,0.01104045,0.009128136041100299
8.151,900.0818167769481,0.0641832904975834,0.0,0.2,0.2,20.249999999999996,0.8,0.8,900.0,0.003,0.0,10,0.5,0.011144011,0.009128137854867876
8.154,900.0818167926107,0.06396255036967252,0.0,0.2,0.2,20.249999999999996,0.8,0.8,900.0,0.003,0.0,10,0.5,0.012480047,0.009128139628920378
8.157,900.0818168079129,0.06374281711814976,0.0,0.2,0.2,20.249999999999996,0.8,0.8,900.0,0.003,0.0,10,0.5,0.01091295,0.009128141363304412
8.16,900.0818168228604,0.06352411336352601,0.0,0.2,0.2,20.249999999999996,0.8,0.8,900.0,0.003,0.0,10,0.5,0.01094262,0.009128143058064815
8.163,900.0818168374481,0.0633064613165038,0.0,0.2,0.2,20.249999999999996,0.8,0.8,900.0,0.003,0.0,10,0.5,0.012681068,0.009128144712935406
8.166,900.0818168516706,0.06308988280536233,0.0,0.2,0.2,20.249999999999996,0.8,0.8,900.0,0.003,0.0,10,0.5,0.010812929,0.009128146327545867
8.169,900.0818168655343,0.06287439927169124,0.0,0.2,0.2,20.249999999999996,0.8,0.8,900.0,0.003,0.0,10,0.5,0.011918135,0.009128147901474558
8.172,900.0818168790253,0.0626600317635308,0.0,0.2,0.2,20.249999999999996,0.8,0.8,900.0,0.003,0.0,10,0.5,0.012699808,0.009128149434310538
8.175,900.0818168921477,0.06244680092820189,0.0,0.2,0.2,20.249999999999996,0.8,0.8,900.0,0.003,0.0,10,0.5,0.01098687,0.009128150925839363
8.178,900.0818169048945,0.062234726986952496,0.0,0.2,0.2,20.249999999999996,0.8,0.8,900.0,0.003,0.0,10,0.5,0.010800959,0.009128152375943898
8.181000000000001,900.0818169172659,0.06202382973914226,0.0,0.2,0.2,20.249999999999996,0.8,0.8,900.0,0.003,0.0,10,0.5,0.012944959,0.009128153784553051
8.184000000000001,900.0818169292618,0.06181412856588307,0.0,0.2,0.2,20.249999999999996,0.8,0.8,900.0,0.003,0.0,10,0.5,0.011170411,0.009128155151709897
8.187,900.0818169408872,0.06160564242441139,0.0,0.2,0.2,20.249999999999996,0.8,0.8,900.0,0.003,0.0,10,0.5,0.01094093,0.009128156477627325
8.19,900.0818169521402,0.061398389840269366,0.0,0.2,0.2,20.249999999999996,0.8,0.8,900.0,0.003,0.0,10,0.5,0.012571597,0.00912815776277666
8.193,900.0818169630201,0.06119238889364471,0.0,0.2,0.2,20.249999999999996,0.8,0.8,900.0,0.003,0.0,10,0.5,0.01080814,0.009128159007831971
8.196,900.0818169735459,0.060987657221968916,0.0,0.2,0.2,20.249999999999996,0.8,0.8,900.0,0.003,0.0,10,0.5,0.01103848,0.009128160213694536
8.199,900.081816983713,0.06078421197266527,0.0,0.2,0.2,20.249999999999996,0.8,0.8,900.0,0.003,0.0,10,0.5,0.012599228,0.009128161381351372
8.202,900.0818169935375,0.060582069831524574,0.0,0.2,0.2,20.249999999999996,0.8,0.8,900.0,0.003,0.0,10,0.5,0.01099435,0.009128162511856096
8.205,900.0818170030259,0.06038124703279503,0.0,0.2,0.2,20.249999999999996,0.8,0.8,900.0,0.003,0.0,10,0.5,0.011039541,0.009128163606355074
8.208,900.0818170121945,0.06018175934832396,0.0,0.2,0.2,20.249999999999996,0.8,0.8,900.0,0.003,0.0,10,0.5,0.012823518,0.00912816466607696
8.211,900.0818170210488,0.05998362208136155,0.0,0.2,0.2,20.249999999999996,0.8,0.8,900.0,0.003,0.0,10,0.5,0.01102121,0.009128165692272323
8.214,900.0818170295996,0.059786850074270814,0.0,0.2,0.2,20.249999999999996,0.8,0.8,900.0,0.003,0.0,10,0.5,0.011057661,0.009128166686206382
8.217,900.0818170378586,0.05959145770619881,0.0,0.2,0.2,20.249999999999996,0.8,0.8,900.0,0.003,0.0,10,0.5,0.012842178,0.009128167649150112
8.22,900.0818170458426,0.05939745889103222,0.0,0.2,0.2,20.249999999999996,0.8,0.8,900.0,0.003,0.0,10,0.5,0.011063071,0.009128168582381253
8.223,900.0818170535566,0.059204867064275385,0.0,0.2,0.2,20.249999999999996,0.8,0.8,900.0,0.003,0.0,10,0.5,0.011369482,0.009128169487186446
8.226,900.081817061016,0.0590136951689669,0.0,0.2,0.2,20.249999999999996,0.8,0.8,900.0,0.003,0.0,10,0.5,0.012708728,0.009128170364704917
8.229000000000001,900.08181706823,0.05882395567586483,0.0,0.2,0.2,20.249999999999996,0.8,0.8,900.0,0.003,0.0,10,0.5,0.010692589,0.009128171215576368
8.232,900.0818170752013,0.05863566064290864,0.0,0.2,0.2,20.249999999999996,0.8,0.8,900.0,0.003,0.0,10,0.5,0.01096168,0.009128172040189016
8.235,900.0818170819412,0.05844882170464347,0.0,0.2,0.2,20.249999999999996,0.8,0.8,900.0,0.003,0.0,10,0.5,0.012714948,0.009128172839470152
8.238,900.0818170884529,0.058263449995103696,0.0,0.2,0.2,20.249999999999996,0.8,0.8,900.0,0.003,0.0,10,0.5,0.01095122,0.009128173614141257
8.241,900.0818170947435,0.0580795561801545,0.0,0.2,0.2,20.249999999999996,0.8,0.8,900.0,0.003,0.0,10,0.5,0.01093645,0.009128174364853879
8.244,900.0818171008195,0.05789715044230955,0.0,0.2,0.2,20.249999999999996,0.8,0.8,900.0,0.003,0.0,10,0.5,0.012631168,0.00912817509235244
8.247,900.0818171066873,0.05771624243367296,0.0,0.2,0.2,20.249999999999996,0.8,0.8,900.0,0.003,0.0,10,0.5,0.01092347,0.009128175797101514
8.25,900.0818171123539,0.05753684133352054,0.0,0.2,0.2,20.249999999999996,0.8,0.8,900.0,0.003,0.0,10,0.5,0.01086303,0.009128176479655014
8.253,900.0818171178247,0.057358955761743824,0.0,0.2,0.2,20.249999999999996,0.8,0.8,900.0,0.003,0.0,10,0.5,0.012947349,0.00912817714147185
8.256,900.0818171231253,0.05718259355110219,0.0,0.2,0.2,20.249999999999996,0.8,0.8,900.0,0.003,0.0,10,0.5,0.01085939,0.009128177784386772
8.259,900.0818171282534,0.05700776191543909,0.0,0.2,0.2,20.249999999999996,0.8,0.8,900.0,0.003,0.0,10,0.5,0.0109654,0.00912817840987128
8.262,900.0818171332269,0.05683446760855631,0.0,0.2,0.2,20.249999999999996,0.8,0.8,900.0,0.003,0.0,10,0.5,0.012715218,0.009128179019633025
8.265,900.0818171380637,0.05666271691147584,0.0,0.2,0.2,20.249999999999996,0.8,0.8,900.0,0.003,0.0,10,0.5,0.011028001,0.009128179615376332
8.268,900.0818171427728,0.05649251563845199,0.0,0.2,0.2,20.249999999999996,0.8,0.8,900.0,0.003,0.0,10,0.5,0.011187131,0.009128180198637538
8.271,900.0818171473747,0.05632386914852677,0.0,0.2,0.2,20.249999999999996,0.8,0.8,900.0,0.003,0.0,10,0.5,0.012658048,0.00912818077082229
8.274000000000001,900.0818171518789,0.056156782346894425,0.0,0.2,0.2,20.249999999999996,0.8,0.8,900.0,0.003,0.0,10,0.5,0.011264911,0.009128181333202716
8.277000000000001,900.0818171562943,0.055991259690680535,0.0,0.2,0.2,20.249999999999996,0.8,0.8,900.0,0.003,0.0,10,0.5,0.01081086,0.009128181886568528
8.28,900.0818171606319,0.05582730523225511,0.0,0.2,0.2,20.249999999999996,0.8,0.8,900.0,0.003,0.0,10,0.5,0.012330407,0.009128182431692748
8.283,900.0818171649042,0.055664922539870404,0.0,0.2,0.2,20.249999999999996,0.8,0.8,900.0,0.003,0.0,10,0.5,0.01099267,0.009128182969502822
8.286,900.0818171691111,0.055504114673268254,0.0,0.2,0.2,20.249999999999996,0.8,0.8,900.0,0.003,0.0,10,0.5,0.01103849,0.00912818350067183
8.289,900.0818171732582,0.055344884263377137,0.0,0.2,0.2,20.249999999999996,0.8,0.8,900.0,0.003,0.0,10,0.5,0.012786758,0.009128184025695076
8.292,900.0818171773556,0.055187233514221216,0.0,0.2,0.2,20.249999999999996,0.8,0.8,900.0,0.003,0.0,10,0.5,0.01093637,0.009128184544918996
8.295,900.0818171814062,0.05503116420151135,0.0,0.2,0.2,20.249999999999996,0.8,0.8,900.0,0.003,0.0,10,0.5,0.011063041,0.009128185058647086
8.298,900.0818171854058,0.05487667766508215,0.0,0.2,0.2,20.249999999999996,0.8,0.8,900.0,0.003,0.0,10,0.5,0.012860899,0.00912818556712481
8.301,900.0818171893648,0.05472377481887182,0.0,0.2,0.2,20.249999999999996,0.8,0.8,900.0,0.003,0.0,10,0.5,0.010830249,0.009128186070560377
8.304,900.08181719328,0.05457245615402981,0.0,0.2,0.2,20.249999999999996,0.8,0.8,900.0,0.003,0.0,10,0.5,0.011370252,0.009128186569193286
8.307,900.0818171971589,0.05442272173975522,0.0,0.2,0.2,20.249999999999996,0.8,0.8,900.0,0.003,0.0,10,0.5,0.012650999,0.009128187063385905
8.31,900.0818172009974,0.05427457123282991,0.0,0.2,0.2,20.249999999999996,0.8,0.8,900.0,0.003,0.0,10,0.5,0.01106482,0.00912818755351114
8.313,900.0818172048055,0.05412800390099946,0.0,0.2,0.2,20.249999999999996,0.8,0.8,900.0,0.003,0.0,10,0.5,0.0108347,0.009128188039966423
8.316,900.0818172085824,0.05398301862429102,0.0,0.2,0.2,20.249999999999996,0.8,0.8,900.0,0.003,0.0,10,0.5,0.012961599,0.009128188523113917
8.319,900.0818172123305,0.05383961391459607,0.0,0.2,0.2,20.249999999999996,0.8,0.8,900.0,0.003,0.0,10,0.5,0.011242672,0.009128189003383167
8.322000000000001,900.0818172160574,0.05369778791343499,0.0,0.2,0.2,20.249999999999996,0.8,0.8,900.0,0.003,0.0,10,0.5,0.01105692,0.009128189481307784
8.325,900.0818172197669,0.05355753838826877,0.0,0.2,0.2,20.249999999999996,0.8,0.8,900.0,0.003,0.0,10,0.5,0.012521568,0.009128189957462217
8.328,900.0818172234655,0.05341886273859913,0.0,0.2,0.2,20.249999999999996,0.8,0.8,900.0,0.003,0.0,10,0.5,0.011302911,0.009128190432455845
8.331,900.0818172271541,0.05328175800229514,0.0,0.2,0.2,20.249999999999996,0.8,0.8,900.0,0.003,0.0,10,0.5,0.011113761,0.009128190906946176
8.334,900.081817230843,0.053146220862207584,0.0,0.2,0.2,20.249999999999996,0.8,0.8,900.0,0.003,0.0,10,0.5,0.012645418,0.00912819138164959
8.337,900.0818172345334,0.05301224765255859,0.0,0.2,0.2,20.249999999999996,0.8,0.8,900.0,0.003,0.0,10,0.5,0.01091314,0.009128191857342557
8.34,900.0818172382415,0.05287983436430589,0.0,0.2,0.2,20.249999999999996,0.8,0.8,900.0,0.003,0.0,10,0.5,0.01094767,0.009128192334917096
8.343,900.0818172419705,0.052748976637541946,0.0,0.2,0.2,20.249999999999996,0.8,0.8,900.0,0.003,0.0,10,0.5,0.012695408,0.009128192815338863
8.346,900.0818172457283,0.05261966977439779,0.0,0.2,0.2,20.249999999999996,0.8,0.8,900.0,0.003,0.0,10,0.5,0.011579233,0.009128193299303847
8.349,900.0818172495219,0.05249190876534216,0.0,0.2,0.2,20.249999999999996,0.8,0.8,900.0,0.003,0.0,10,0.5,0.011232902,0.009128193787599078
8.352,900.0818172533591,0.052365688260685495,0.0,0.2,0.2,20.249999999999996,0.8,0.8,900.0,0.003,0.0,10,0.5,0.012804878,0.009128194281214235
8.355,900.0818172572469,0.052241002568258255,0.0,0.2,0.2,20.249999999999996,0.8,0.8,900.0,0.003,0.0,10,0.5,0.01081578,0.009128194781110507
8.358,900.0818172611953,0.052117845695094894,0.0,0.2,0.2,20.249999999999996,0.8,0.8,900.0,0.003,0.0,10,0.5,0.011087151,0.009128195288159913
8.361,900.0818172652108,0.0519962113562242,0.0,0.2,0.2,20.249999999999996,0.8,0.8,900.0,0.003,0.0,10,0.5,0.012908229,0.009128195803121561
8.364,900.0818172693025,0.051876092982570746,0.0,0.2,0.2,20.249999999999996,0.8,0.8,900.0,0.003,0.0,10,0.5,0.010764809,0.009128196326669115
8.367,900.0818172734731,0.05175748372312509,0.0,0.2,0.2,20.249999999999996,0.8,0.8,900.0,0.003,0.0,10,0.5,0.011043221,0.009128196859352906
8.370000000000001,900.0818172777322,0.05164037645222156,0.0,0.2,0.2,20.249999999999996,0.8,0.8,900.0,0.003,0.0,10,0.5,0.012662838,0.009128197401503746
8.373,900.081817282079,0.051524763781025176,0.0,0.2,0.2,20.249999999999996,0.8,0.8,900.0,0.003,0.0,10,0.5,0.01101383,0.0091281979534128
8.376,900.081817286519,0.05141063804021455,0.0,0.2,0.2,20.249999999999996,0.8,0.8,900.0,0.003,0.0,10,0.5,0.0109256,0.009128198515591846
8.379,900.0818172910577,0.051297991250618964,0.0,0.2,0.2,20.249999999999996,0.8,0.8,900.0,0.003,0.0,10,0.5,0.012716968,0.009128199088539173
8.382,900.0818172956951,0.05118681515576649,0.0,0.2,0.2,20.249999999999996,0.8,0.8,900.0,0.003,0.0,10,0.5,0.01112571,0.00912819967244044
8.385,900.0818173004401,0.05107710126495513,0.0,0.2,0.2,20.249999999999996,0.8,0.8,900.0,0.003,0.0,10,0.5,0.01095926,0.009128200267648852
8.388,900.0818173052915,0.05096884084504568,0.0,0.2,0.2,20.249999999999996,0.8,0.8,900.0,0.003,0.0,10,0.5,0.012868209,0.009128200874275993
8.391,900.0818173102484,0.050862024922801986,0.0,0.2,0.2,20.249999999999996,0.8,0.8,900.0,0.003,0.0,10,0.5,0.011349932,0.009128201492536538
8.394,900.0818173153168,0.05075664421156323,0.0,0.2,0.2,20.249999999999996,0.8,0.8,900.0,0.003,0.0,10,0.5,0.010718249,0.009128202122294333
8.397,900.0818173204943,0.050652689190506237,0.0,0.2,0.2,20.249999999999996,0.8,0.8,900.0,0.003,0.0,10,0.5,0.012706998,0.009128202763317387
8.4,900.0818173257737,0.05055015008069542,0.0,0.2,0.2,20.249999999999996,0.8,0.8,900.0,0.003,0.0,10,0.5,0.01086479,0.009128203415193442
8.403,900.0818173311571,0.0504490169033256,0.0,0.2,0.2,20.249999999999996,0.8,0.8,900.0,0.003,0.0,10,0.5,0.0108982,0.009128204077402191
8.406,900.0818173366353,0.05034927950663511,0.0,0.2,0.2,20.249999999999996,0.8,0.8,900.0,0.003,0.0,10,0.5,0.012593997,0.009128204749375177
8.409,900.0818173422057,0.05025092757534065,0.0,0.2,0.2,20.249999999999996,0.8,0.8,900.0,0.003,0.0,10,0.5,0.011147552,0.009128205430568496
8.412,900.0818173478623,0.050153950638638145,0.0,0.2,0.2,20.249999999999996,0.8,0.8,900.0,0.003,0.0,10,0.5,0.011250051,0.009128206120528452
8.415000000000001,900.0818173535984,0.05005833806869035,0.0,0.2,0.2,20.249999999999996,0.8,0.8,900.0,0.003,0.0,10,0.5,0.012566748,0.009128206818916114
8.418000000000001,900.0818173594175,0.049964079084567674,0.0,0.2,0.2,20.249999999999996,0.8,0.8,900.0,0.003,0.0,10,0.5,0.01111509,0.009128207525454676
8.421,900.0818173653155,0.049871162771655445,0.0,0.2,0.2,20.249999999999996,0.8,0.8,900.0,0.003,0.0,10,0.5,0.011424452,0.009128208240026598
8.424,900.0818173712836,0.04977957808834298,0.0,0.2,0.2,20.249999999999996,0.8,0.8,900.0,0.003,0.0,10,0.5,0.012699618,0.009128208962662808
8.427,900.0818173773321,0.04968931387500915,0.0,0.2,0.2,20.249999999999996,0.8,0.8,900.0,0.003,0.0,10,0.5,0.01083478,0.009128209693590794
8.43,900.0818173834576,0.04960035884892601,0.0,0.2,0.2,20.249999999999996,0.8,0.8,900.0,0.003,0.0,10,0.5,0.011185281,0.009128210433186117
8.433,900.0818173896664,0.04951270161339789,0.0,0.2,0.2,20.249999999999996,0.8,0.8,900.0,0.003,0.0,10,0.5,0.012787689,0.009128211181989473
8.436,900.0818173959601,0.049426330673643194,0.0,0.2,0.2,20.249999999999996,0.8,0.8,900.0,0.003,0.0,10,0.5,0.01096154,0.009128211940738864
8.439,900.0818174023467,0.04934123444443989,0.0,0.2,0.2,20.249999999999996,0.8,0.8,900.0,0.003,0.0,10,0.5,0.01087401,0.009128212710256866
8.442,900.0818174088333,0.04925740125900956,0.0,0.2,0.2,20.249999999999996,0.8,0.8,900.0,0.003,0.0,10,0.5,0.012730328,0.009128213491392015
8.445,900.0818174154272,0.04917481937993075,0.0,0.2,0.2,20.249999999999996,0.8,0.8,900.0,0.003,0.0,10,0.5,0.011048561,0.009128214285019507
8.448,900.081817422137,0.04909347700787408,0.0,0.2,0.2,20.249999999999996,0.8,0.8,900.0,0.003,0.0,10,0.5,0.011486112,0.00912821509200321
8.451,900.0818174289685,0.049013362286360364,0.0,0.2,0.2,20.249999999999996,0.8,0.8,900.0,0.003,0.0,10,0.5,0.012697288,0.009128215913172184
8.454,900.0818174359338,0.048934463308378494,0.0,0.2,0.2,20.249999999999996,0.8,0.8,900.0,0.003,0.0,10,0.5,0.011079961,0.009128216749292789
8.457,900.0818174430344,0.04885676812296988,0.0,0.2,0.2,20.249999999999996,0.8,0.8,900.0,0.003,0.0,10,0.5,0.01096749,0.009128217601104173
8.46,900.0818174502814,0.04878026472633271,0.0,0.2,0.2,20.249999999999996,0.8,0.8,900.0,0.003,0.0,10,0.5,0.01304592,0.00912821846938482
8.463000000000001,900.0818174576788,0.04870494104920902,0.0,0.2,0.2,20.249999999999996,0.8,0.8,900.0,0.003,0.0,10,0.5,0.011018781,0.009128219354631898
8.466,900.0818174652312,0.04863078499445996,0.0,0.2,0.2,20.249999999999996,0.8,0.8,900.0,0.003,0.0,10,0.5,0.011250391,0.009128220257146274
8.469,900.0818174729441,0.048557784449834065,0.0,0.2,0.2,20.249999999999996,0.8,0.8,900.0,0.003,0.0,10,0.5,0.012756139,0.009128221177239566
8.472,900.0818174808145,0.048485927276499814,0.0,0.2,0.2,20.249999999999996,0.8,0.8,900.0,0.003,0.0,10,0.5,0.01102405,0.009128222115336454
8.475,900.0818174888543,0.048415201297340706,0.0,0.2,0.2,20.249999999999996,0.8,0.8,900.0,0.003,0.0,10,0.5,0.011092811,0.009128223071551856
8.478,900.0818174970606,0.04834559429664554,0.0,0.2,0.2,20.249999999999996,0.8,0.8,900.0,0.003,0.0,10,0.5,0.012704148,0.009128224045757792
8.481,900.081817505433,0.04827709403547985,0.0,0.2,0.2,20.249999999999996,0.8,0.8,900.0,0.003,0.0,10,0.5,0.011012681,0.009128225037649469
8.484,900.0818175139658,0.0482096882862964,0.0,0.2,0.2,20.249999999999996,0.8,0.8,900.0,0.003,0.0,10,0.5,0.011376942,0.009128226046933342
8.487,900.0818175226566,0.048143364840580086,0.0,0.2,0.2,20.249999999999996,0.8,0.8,900.0,0.003,0.0,10,0.5,0.012887519,0.009128227073674595
8.49,900.081817531512,0.04807811148779566,0.0,0.2,0.2,20.249999999999996,0.8,0.8,900.0,0.003,0.0,10,0.5,0.0109502,0.009128228117895185
8.493,900.0818175405254,0.04801391603400467,0.0,0.2,0.2,20.249999999999996,0.8,0.8,900.0,0.003,0.0,10,0.5,0.011233511,0.0091282291793019
8.496,900.0818175496973,0.047950766344429505,0.0,0.2,0.2,20.249999999999996,0.8,0.8,900.0,0.003,0.0,10,0.5,0.012538358,0.009128230257698515
8.499,900.081817559021,0.04788865032897554,0.0,0.2,0.2,20.249999999999996,0.8,0.8,900.0,0.003,0.0,10,0.5,0.01100042,0.009128231352976463
8.502,900.0818175685005,0.04782755594368831,0.0,0.2,0.2,20.249999999999996,0.8,0.8,900.0,0.003,0.0,10,0.5,0.01087677,0.009128232465102781
8.505,900.0818175781325,0.04776747119838386,0.0,0.2,0.2,20.249999999999996,0.8,0.8,900.0,0.003,0.0,10,0.5,0.012615238,0.009128233594116025
8.508000000000001,900.0818175879219,0.04770838416206301,0.0,0.2,0.2,20.249999999999996,0.8,0.8,900.0,0.003,0.0,10,0.5,0.010776569,0.00912823474012619
8.511000000000001,900.0818175978663,0.047650282961516736,0.0,0.2,0.2,20.249999999999996,0.8,0.8,900.0,0.003,0.0,10,0.5,0.011258762,0.009128235903381637
8.514,900.0818176079732,0.047593155771894775,0.0,0.2,0.2,20.249999999999996,0.8,0.8,900.0,0.003,0.0,10,0.5,0.012935769,0.00912823708406143
8.517,900.0818176182346,0.04753699083987425,0.0,0.2,0.2,20.249999999999996,0.8,0.8,900.0,0.003,0.0,10,0.5,0.011227771,0.00912823828251043
8.52,900.0818176286602,0.047481776442337996,0.0,0.2,0.2,20.249999999999996,0.8,0.8,900.0,0.003,0.0,10,0.5,0.01095921,0.009128239499255012
8.523,900.0818176392542,0.04742750085820994,0.0,0.2,0.2,20.249999999999996,0.8,0.8,900.0,0.003,0.0,10,0.5,0.012693058,0.009128240734927321
8.526,900.0818176500237,0.04737415235581656,0.0,0.2,0.2,20.249999999999996,0.8,0.8,900.0,0.003,0.0,10,0.5,0.011100231,0.009128241990765014
8.529,900.0818176609754,0.04732171914819818,0.0,0.2,0.2,20.249999999999996,0.8,0.8,900.0,0.003,0.0,10,0.5,0.0110593,0.00912824326812179
8.532,900.0818176721239,0.04727018950732858,0.0,0.2,0.2,20.249999999999996,0.8,0.8,900.0,0.003,0.0,10,0.5,0.012526228,0.009128244568104153
8.535,900.0818176834788,0.04721955180569523,0.0,0.2,0.2,20.249999999999996,0.8,0.8,900.0,0.003,0.0,10,0.5,0.011324382,0.009128245891456895
8.538,900.0818176950437,0.047169794519982725,0.0,0.2,0.2,20.249999999999996,0.8,0.8,900.0,0.003,0.0,10,0.5,0.011120661,0.00912824723853484
8.541,900.0818177068269,0.04712090623450578,0.0,0.2,0.2,20.249999999999996,0.8,0.8,900.0,0.003,0.0,10,0.5,0.012653508,0.009128248609355679
8.544,900.0818177188216,0.047072875644441965,0.0,0.2,0.2,20.249999999999996,0.8,0.8,900.0,0.003,0.0,10,0.5,0.011123611,0.009128250003673693
8.547,900.0818177310306,0.04702569155870393,0.0,0.2,0.2,20.249999999999996,0.8,0.8,900.0,0.003,0.0,10,0.5,0.01092253,0.009128251421085282
8.55,900.0818177434504,0.046979342900419184,0.0,0.2,0.2,20.249999999999996,0.8,0.8,900.0,0.003,0.0,10,0.5,0.012512437,0.009128252861080509
8.553,900.0818177560766,0.04693381871029287,0.0,0.2,0.2,20.249999999999996,0.8,0.8,900.0,0.003,0.0,10,0.5,0.011095161,0.009128254323076826
8.556000000000001,900.0818177688992,0.04688910815160608,0.0,0.2,0.2,20.249999999999996,0.8,0.8,900.0,0.003,0.0,10,0.5,0.011026551,0.009128255806496535
8.559000000000001,900.0818177819182,0.04684520051339728,0.0,0.2,0.2,20.249999999999996,0.8,0.8,900.0,0.003,0.0,10,0.5,0.01316252,0.009128257310801972
8.562,900.0818177951255,0.04680208521711233,0.0,0.2,0.2,20.249999999999996,0.8,0.8,900.0,0.003,0.0,10,0.5,0.011053831,0.00912825883564302
8.565,900.0818178085239,0.04675975179589477,0.0,0.2,0.2,20.249999999999996,0.8,0.8,900.0,0.003,0.0,10,0.5,0.01106527,0.009128260381013394
8.568,900.0818178221073,0.04671818985869497,0.0,0.2,0.2,20.249999999999996,0.8,0.8,900.0,0.003,0.0,10,0.5,0.012607548,0.009128261947042539
8.571,900.0818178358794,0.04667738913325739,0.0,0.2,0.2,20.249999999999996,0.8,0.8,900.0,0.003,0.0,10,0.5,0.01090151,0.00912826353401324
8.574,900.0818178498427,0.04663733948305968,0.0,0.2,0.2,20.249999999999996,0.8,0.8,900.0,0.003,0.0,10,0.5,0.011300892,0.009128265142342593
8.577,900.0818178639973,0.04659803090940163,0.0,0.2,0.2,20.249999999999996,0.8,0.8,900.0,0.003,0.0,10,0.5,0.012888359,0.009128266772597187
8.58,900.0818178783533,0.046559453552143276,0.0,0.2,0.2,20.249999999999996,0.8,0.8,900.0,0.003,0.0,10,0.5,0.011048421,0.009128268425498614
8.583,900.0818178929137,0.04652159768940428,0.0,0.2,0.2,20.249999999999996,0.8,0.8,900.0,0.003,0.0,10,0.5,0.010831519,0.009128270101923594
8.586,900.0818179076873,0.046484453741341844,0.0,0.2,0.2,20.249999999999996,0.8,0.8,900.0,0.003,0.0,10,0.5,0.012653308,0.009128271802858476
8.589,900.0818179226866,0.046448012271609294,0.0,0.2,0.2,20.249999999999996,0.8,0.8,900.0,0.003,0.0,10,0.5,0.01094718,0.009128273529334843
8.592,900.0818179379119,0.046412263988084485,0.0,0.2,0.2,20.249999999999996,0.8,0.8,900.0,0.003,0.0,10,0.5,0.01091932,0.009128275282364758
8.595,900.0818179533811,0.04637719974252425,0.0,0.2,0.2,20.249999999999996,0.8,0.8,900.0,0.003,0.0,10,0.5,0.012794449,0.00912827706291219
8.598,900.0818179691004,0.04634281053786681,0.0,0.2,0.2,20.249999999999996,0.8,0.8,900.0,0.003,0.0,10,0.5,0.011163631,0.00912827887186852
8.601,900.0818179850742,0.046309087533734014,0.0,0.2,0.2,20.249999999999996,0.8,0.8,900.0,0.003,0.0,10,0.5,0.011177671,0.009128280710083146
8.604000000000001,900.0818180013154,0.04627602203447796,0.0,0.2,0.2,20.249999999999996,0.8,0.8,900.0,0.003,0.0,10,0.5,0.012440407,0.009128282578346279
8.607,900.0818180178259,0.04624360548906001,0.0,0.2,0.2,20.249999999999996,0.8,0.8,900.0,0.003,0.0,10,0.5,0.01107954,0.009128284477361682
8.61,900.0818180346156,0.04621182949313482,0.0,0.2,0.2,20.249999999999996,0.8,0.8,900.0,0.003,0.0,10,0.5,0.011047811,0.009128286407689947
8.613,900.0818180516908,0.046180685791578135,0.0,0.2,0.2,20.249999999999996,0.8,0.8,900.0,0.003,0.0,10,0.5,0.012637818,0.009128288369716107
8.616,900.0818180690503,0.04615016627910539,0.0,0.2,0.2,20.249999999999996,0.8,0.8,900.0,0.003,0.0,10,0.5,0.011106441,0.009128290363641989
8.619,900.0818180866971,0.0461202630002027,0.0,0.2,0.2,20.249999999999996,0.8,0.8,900.0,0.003,0.0,10,0.5,0.011053881,0.00912829238947694
8.622,900.0818181046322,0.04609096814919531,0.0,0.2,0.2,20.249999999999996,0.8,0.8,900.0,0.003,0.0,10,0.5,0.012917159,0.00912829444705755
8.625,900.0818181228581,0.046062274070219025,0.0,0.2,0.2,20.249999999999996,0.8,0.8,900.0,0.003,0.0,10,0.5,0.01084216,0.009128296536087042
8.628,900.0818181413665,0.04603417325368981,0.0,0.2,0.2,20.249999999999996,0.8,0.8,900.0,0.003,0.0,10,0.5,0.011423222,0.009128298656450286
8.631,900.0818181601621,0.04600665826446572,0.0,0.2,0.2,20.249999999999996,0.8,0.8,900.0,0.003,0.0,10,0.5,0.013408691,0.009128300807938926
8.634,900.0818181792359,0.045979721782813204,0.0,0.2,0.2,20.249999999999996,0.8,0.8,900.0,0.003,0.0,10,0.5,0.01092834,0.009128302990189519
8.637,900.0818181985907,0.04595335663082622,0.0,0.2,0.2,20.249999999999996,0.8,0.8,900.0,0.003,0.0,10,0.5,0.011454033,0.009128305202808188
8.64,900.0818182182187,0.04592755576854285,0.0,0.2,0.2,20.249999999999996,0.8,0.8,900.0,0.003,0.0,10,0.5,0.012886309,0.009128307445330748
8.643,900.0818182381208,0.04590231229611204,0.0,0.2,0.2,20.249999999999996,0.8,0.8,900.0,0.003,0.0,10,0.5,0.011231501,0.009128309717218282
8.646,900.0818182582854,0.045877619452108824,0.0,0.2,0.2,20.249999999999996,0.8,0.8,900.0,0.003,0.0,10,0.5,0.011142871,0.009128312017967589
8.649000000000001,900.0818182787125,0.04585347059964391,0.0,0.2,0.2,20.249999999999996,0.8,0.8,900.0,0.003,0.0,10,0.5,0.012834119,0.009128314347148227
8.652000000000001,900.0818182993983,0.04582985921867133,0.0,0.2,0.2,20.249999999999996,0.8,0.8,900.0,0.003,0.0,10,0.5,0.01091661,0.009128316703972631
8.655,900.0818183203344,0.04580677893690714,0.0,0.2,0.2,20.249999999999996,0.8,0.8,900.0,0.003,0.0,10,0.5,0.01109451,0.009128319087494343
8.658,900.0818183415104,0.04578422353903471,0.0,0.2,0.2,20.249999999999996,0.8,0.8,900.0,0.003,0.0,10,0.5,0.012913879,0.009128321496787242
8.661,900.0818183629224,0.04576218694108114,0.0,0.2,0.2,20.249999999999996,0.8,0.8,900.0,0.003,0.0,10,0.5,0.010946191,0.009128323930926127
8.664,900.0818183845576,0.045740663191405066,0.0,0.2,0.2,20.249999999999996,0.8,0.8,900.0,0.003,0.0,10,0.5,0.011117701,0.009128326388892393
8.667,900.0818184064087,0.04571964647589782,0.0,0.2,0.2,20.249999999999996,0.8,0.8,900.0,0.003,0.0,10,0.5,0.012831978,0.009128328869588151
8.67,900.0818184284665,0.045699131115093196,0.0,0.2,0.2,20.249999999999996,0.8,0.8,900.0,0.003,0.0,10,0.5,0.011212492,0.00912833137188591
8.673,900.0818184507208,0.04567911155172348,0.0,0.2,0.2,20.249999999999996,0.8,0.8,900.0,0.003,0.0,10,0.5,0.01107307,0.009128333894554131
8.676,900.0818184731609,0.04565958235814855,0.0,0.2,0.2,20.249999999999996,0.8,0.8,900.0,0.003,0.0,10,0.5,0.012709669,0.00912833643630929
8.679,900.0818184957718,0.04564053823622457,0.0,0.2,0.2,20.249999999999996,0.8,0.8,900.0,0.003,0.0,10,0.5,0.011299312,0.00912833899581662
8.682,900.0818185185458,0.04562197401676451,0.0,0.2,0.2,20.249999999999996,0.8,0.8,900.0,0.003,0.0,10,0.5,0.010835789,0.009128341571688884
8.685,900.0818185414687,0.04560388465842601,0.0,0.2,0.2,20.249999999999996,0.8,0.8,900.0,0.003,0.0,10,0.5,0.012957019,0.00912834416248528
8.688,900.081818564525,0.045586265247969694,0.0,0.2,0.2,20.249999999999996,0.8,0.8,900.0,0.003,0.0,10,0.5,0.010738429,0.009128346766748157
8.691,900.0818185877033,0.04556911100016566,0.0,0.2,0.2,20.249999999999996,0.8,0.8,900.0,0.003,0.0,10,0.5,0.011223321,0.009128349383116591
8.694,900.0818186109937,0.04555241725355418,0.0,0.2,0.2,20.249999999999996,0.8,0.8,900.0,0.003,0.0,10,0.5,0.012770559,0.009128352010353693
8.697000000000001,900.081818634381,0.04553617946372656,0.0,0.2,0.2,20.249999999999996,0.8,0.8,900.0,0.003,0.0,10,0.5,0.01097008,0.009128354647283017
8.700000000000001,900.0818186578568,0.045520393198562506,0.0,0.2,0.2,20.249999999999996,0.8,0.8,900.0,0.003,0.0,10,0.5,0.011213341,0.009128357292790008
8.703,900.0818186814154,0.04550505412782418,0.0,0.2,0.2,20.249999999999996,0.8,0.8,900.0,0.003,0.0,10,0.5,0.012567908,0.009128359945794418
8.706,900.08181870504,0.04549015802848198,0.0,0.2,0.2,20.249999999999996,0.8,0.8,900.0,0.003,0.0,10,0.5,0.010736879,0.00912836260520415
8.709,900.0818187287234,0.04547570079015408,0.0,0.2,0.2,20.249999999999996,0.8,0.8,900.0,0.003,0.0,10,0.5,0.01094821,0.009128365269983781
8.712,900.0818187524587,0.04546167840815201,0.0,0.2,0.2,20.249999999999996,0.8,0.8,900.0,0.003,0.0,10,0.5,0.012715699,0.009128367939132055
8.715,900.081818776235,0.04544808698072001,0.0,0.2,0.2,20.249999999999996,0.8,0.8,900.0,0.003,0.0,10,0.5,0.010871209,0.009128370611647762
8.718,900.0818188000407,0.04543492270869523,0.0,0.2,0.2,20.249999999999996,0.8,0.8,900.0,0.003,0.0,10,0.5,0.011002411,0.009128373286557433
8.721,900.0818188238728,0.04542218189509473,0.0,0.2,0.2,20.249999999999996,0.8,0.8,900.0,0.003,0.0,10,0.5,0.012652868,0.00912837596289834
8.724,900.0818188477178,0.04540986094464556,0.0,0.2,0.2,20.249999999999996,0.8,0.8,900.0,0.003,0.0,10,0.5,0.01100212,0.009128378639722896
8.727,900.0818188715681,0.04539795635890289,0.0,0.2,0.2,20.249999999999996,0.8,0.8,900.0,0.003,0.0,10,0.5,0.011051381,0.009128381316104531
8.73,900.0818188954182,0.045386464731538956,0.0,0.2,0.2,20.249999999999996,0.8,0.8,900.0,0.003,0.0,10,0.5,0.012744209,0.00912838399120336
8.733,900.0818189192568,0.04537538272750166,0.0,0.2,0.2,20.249999999999996,0.8,0.8,900.0,0.003,0.0,10,0.5,0.01092745,0.009128386664209412
8.736,900.0818189430772,0.045364707105707364,0.0,0.2,0.2,20.249999999999996,0.8,0.8,900.0,0.003,0.0,10,0.5,0.01110163,0.00912838933438408
8.739,900.081818966874,0.04535443470403747,0.0,0.2,0.2,20.249999999999996,0.8,0.8,900.0,0.003,0.0,10,0.5,0.012755379,0.00912839200120492
8.742,900.0818189906457,0.045344562388067444,0.0,0.2,0.2,20.249999999999996,0.8,0.8,900.0,0.003,0.0,10,0.5,0.01093797,0.009128394664176802
8.745000000000001,900.081819014381,0.045335087083348526,0.0,0.2,0.2,20.249999999999996,0.8,0.8,900.0,0.003,0.0,10,0.5,0.011159371,0.009128397322858056
8.748,900.0818190380811,0.045326005747565935,0.0,0.2,0.2,20.249999999999996,0.8,0.8,900.0,0.003,0.0,10,0.5,0.012389757,0.009128399976727307
8.751,900.0818190617429,0.04531731537600062,0.0,0.2,0.2,20.249999999999996,0.8,0.8,900.0,0.003,0.0,10,0.5,0.01104994,0.009128402624969396
8.754,900.0818190853493,0.04530901303557964,0.0,0.2,0.2,20.249999999999996,0.8,0.8,900.0,0.003,0.0,10,0.5,0.011504892,0.009128405266683735
8.757,900.0818191089035,0.04530109586136543,0.0,0.2,0.2,20.249999999999996,0.8,0.8,900.0,0.003,0.0,10,0.5,0.01296499,0.009128407900978533
8.76,900.0818191323884,0.04529356105431402,0.0,0.2,0.2,20.249999999999996,0.8,0.8,900.0,0.003,0.0,10,0.5,0.01091867,0.009128410527008442
8.763,900.0818191558023,0.045286405879339436,0.0,0.2,0.2,20.249999999999996,0.8,0.8,900.0,0.003,0.0,10,0.5,0.011113061,0.00912841314401163
8.766,900.0818191791403,0.04527962766264789,0.0,0.2,0.2,20.249999999999996,0.8,0.8,900.0,0.003,0.0,10,0.5,0.012887299,0.009128415751294404
8.769,900.0818192023888,0.04527322378877267,0.0,0.2,0.2,20.249999999999996,0.8,0.8,900.0,0.003,0.0,10,0.5,0.010796389,0.009128418348213737
8.772,900.0818192255468,0.045267191702797464,0.0,0.2,0.2,20.249999999999996,0.8,0.8,900.0,0.003,0.0,10,0.5,0.011077301,0.00912842093415303
8.775,900.0818192486059,0.045261528913477414,0.0,0.2,0.2,20.249999999999996,0.8,0.8,900.0,0.003,0.0,10,0.5,0.012544398,0.009128423508660275
8.778,900.081819271564,0.045256232978775596,0.0,0.2,0.2,20.249999999999996,0.8,0.8,900.0,0.003,0.0,10,0.5,0.011456822,0.009128426071475614
8.781,900.0818192944196,0.045251301507363055,0.0,0.2,0.2,20.249999999999996,0.8,0.8,900.0,0.003,0.0,10,0.5,0.010692529,0.009128428622654193
8.784,900.081819317172,0.045246732155076845,0.0,0.2,0.2,20.249999999999996,0.8,0.8,900.0,0.003,0.0,10,0.5,0.012579988,0.009128431162546864
8.787,900.0818193398251,0.04524252262146317,0.0,0.2,0.2,20.249999999999996,0.8,0.8,900.0,0.003,0.0,10,0.5,0.011152701,0.009128433691770304
8.790000000000001,900.081819362384,0.045238670646390235,0.0,0.2,0.2,20.249999999999996,0.8,0.8,900.0,0.003,0.0,10,0.5,0.01090039,0.009128436211136905
8.793000000000001,900.0818193848555,0.04523517400589327,0.0,0.2,0.2,20.249999999999996,0.8,0.8,900.0,0.003,0.0,10,0.5,0.012817209,0.009128438721609365
8.796,900.0818194072502,0.04523203051183508,0.0,0.2,0.2,20.249999999999996,0.8,0.8,900.0,0.003,0.0,10,0.5,0.011264951,0.00912844122423604
8.799,900.0818194295748,0.0452292380080641,0.0,0.2,0.2,20.249999999999996,0.8,0.8,900.0,0.003,0.0,10,0.5,0.01079852,0.00912844372014779
8.802,900.0818194518428,0.045226794354671515,0.0,0.2,0.2,20.249999999999996,0.8,0.8,900.0,0.003,0.0,10,0.5,0.012843829,0.009128446210533209
8.805,900.0818194740607,0.04522469743818187,0.0,0.2,0.2,20.249999999999996,0.8,0.8,900.0,0.003,0.0,10,0.5,0.01093283,0.009128448696623282
8.808,900.0818194962411,0.04522294517222826,0.0,0.2,0.2,20.249999999999996,0.8,0.8,900.0,0.003,0.0,10,0.5,0.011204471,0.009128451179642363
8.811,900.0818195183999,0.04522153549545095,0.0,0.2,0.2,20.249999999999996,0.8,0.8,900.0,0.003,0.0,10,0.5,0.012441657,0.009128453660754807
8.814,900.0818195405366,0.045220466369723815,0.0,0.2,0.2,20.249999999999996,0.8,0.8,900.0,0.003,0.0,10,0.5,0.011052071,0.009128456141016577
8.817,900.0818195626721,0.045219735777625523,0.0,0.2,0.2,20.249999999999996,0.8,0.8,900.0,0.003,0.0,10,0.5,0.011144831,0.009128458621342879
8.82,900.0818195848079,0.045219341720099365,0.0,0.2,0.2,20.249999999999996,0.8,0.8,900.0,0.003,0.0,10,0.5,0.012620308,0.009128461102478502
8.823,900.0818196069521,0.04521928221422633,0.0,0.2,0.2,20.249999999999996,0.8,0.8,900.0,0.003,0.0,10,0.5,0.01105291,0.009128463585014561
8.826,900.0818196291123,0.04521955528315083,0.0,0.2,0.2,20.249999999999996,0.8,0.8,900.0,0.003,0.0,10,0.5,0.010861819,0.009128466069408883
8.829,900.0818196512896,0.04522015894368878,0.0,0.2,0.2,20.249999999999996,0.8,0.8,900.0,0.003,0.0,10,0.5,0.01299567,0.00912846855588305
8.832,900.0818196734882,0.045221091203501644,0.0,0.2,0.2,20.249999999999996,0.8,0.8,900.0,0.003,0.0,10,0.5,0.011047681,0.009128471044663284
8.835,900.0818196957122,0.04522234995996622,0.0,0.2,0.2,20.249999999999996,0.8,0.8,900.0,0.003,0.0,10,0.5,0.011110381,0.009128473535671124
8.838000000000001,900.0818197179557,0.04522393309158945,0.0,0.2,0.2,20.249999999999996,0.8,0.8,900.0,0.003,0.0,10,0.5,0.012628817,0.009128476028665778
8.841,900.0818197402235,0.04522583847747023,0.0,0.2,0.2,20.249999999999996,0.8,0.8,900.0,0.003,0.0,10,0.5,0.010709959,0.009128478523545376
8.844,900.0818197625085,0.045228063959220806,0.0,0.2,0.2,20.249999999999996,0.8,0.8,900.0,0.003,0.0,10,0.5,0.0111137,0.009128481020126828
8.847,900.0818197848153,0.0452306073543766,0.0,0.2,0.2,20.249999999999996,0.8,0.8,900.0,0.003,0.0,10,0.5,0.013261651,0.00912848351800073
8.85,900.0818198071341,0.04523346647847102,0.0,0.2,0.2,20.249999999999996,0.8,0.8,900.0,0.003,0.0,10,0.5,0.011246272,0.009128486016693612
8.853,900.0818198294614,0.04523663914351031,0.0,0.2,0.2,20.249999999999996,0.8,0.8,900.0,0.003,0.0,10,0.5,0.01085828,0.009128488515701742
8.856,900.0818198517975,0.045240123156711984,0.0,0.2,0.2,20.249999999999996,0.8,0.8,900.0,0.003,0.0,10,0.5,0.012804788,0.009128491015144876
8.859,900.0818198741424,0.04524391622313213,0.0,0.2,0.2,20.249999999999996,0.8,0.8,900.0,0.003,0.0,10,0.5,0.01091637,0.009128493515386553
8.862,900.0818198964962,0.0452480159561753,0.0,0.2,0.2,20.249999999999996,0.8,0.8,900.0,0.003,0.0,10,0.5,0.011042311,0.00912849601611005
8.865,900.0818199188568,0.0452524199531302,0.0,0.2,0.2,20.249999999999996,0.8,0.8,900.0,0.003,0.0,10,0.5,0.012859289,0.009128498516937191
8.868,900.0818199412201,0.04525712580000491,0.0,0.2,0.2,20.249999999999996,0.8,0.8,900.0,0.003,0.0,10,0.5,0.011084301,0.009128501017654325
8.871,900.0818199635868,0.045262131071919745,0.0,0.2,0.2,20.249999999999996,0.8,0.8,900.0,0.003,0.0,10,0.5,0.01088955,0.009128503518299063
8.874,900.0818199859553,0.04526743331818162,0.0,0.2,0.2,20.249999999999996,0.8,0.8,900.0,0.003,0.0,10,0.5,0.012474347,0.009128506019085764
8.877,900.0818200083266,0.04527303005989291,0.0,0.2,0.2,20.249999999999996,0.8,0.8,900.0,0.003,0.0,10,0.5,0.01088374,0.009128508520264395
8.88,900.0818200307036,0.04527891879967638,0.0,0.2,0.2,20.249999999999996,0.8,0.8,900.0,0.003,0.0,10,0.5,0.010805229,0.009128511021923044
8.883000000000001,900.0818200530854,0.04528509700738477,0.0,0.2,0.2,20.249999999999996,0.8,0.8,900.0,0.003,0.0,10,0.5,0.012496608,0.009128513524094259
8.886000000000001,900.0818200754765,0.04529156213552967,0.0,0.2,0.2,20.249999999999996,0.8,0.8,900.0,0.003,0.0,10,0.5,0.01109252,0.00912851602684015
8.889,900.0818200978755,0.04529831160048517,0.0,0.2,0.2,20.249999999999996,0.8,0.8,900.0,0.003,0.0,10,0.5,0.011140611,0.009128518530378453
8.892,900.0818201202828,0.04530534273599249,0.0,0.2,0.2,20.249999999999996,0.8,0.8,900.0,0.003,0.0,10,0.5,0.012824179,0.009128521034970279
8.895,900.0818201427012,0.0453126528500523,0.0,0.2,0.2,20.249999999999996,0.8,0.8,900.0,0.003,0.0,10,0.5,0.010938591,0.009128523540916613
8.898,900.0818201651332,0.04532023922744055,0.0,0.2,0.2,20.249999999999996,0.8,0.8,900.0,0.003,0.0,10,0.5,0.011354491,0.009128526048677865
8.901,900.081820187588,0.045328099050937126,0.0,0.2,0.2,20.249999999999996,0.8,0.8,900.0,0.003,0.0,10,0.5,0.01296453,0.009128528558889125
8.904,900.0818202100675,0.04533622935479724,0.0,0.2,0.2,20.249999999999996,0.8,0.8,900.0,0.003,0.0,10,0.5,0.01096371,0.009128531072049442
8.907,900.0818202325707,0.045344627146426,0.0,0.2,0.2,20.249999999999996,0.8,0.8,900.0,0.003,0.0,10,0.5,0.011043001,0.00912853358865112
8.91,900.0818202551101,0.04535328940826242,0.0,0.2,0.2,20.249999999999996,0.8,0.8,900.0,0.003,0.0,10,0.5,0.012685468,0.009128536109110609
8.913,900.0818202776863,0.04536221309760638,0.0,0.2,0.2,20.249999999999996,0.8,0.8,900.0,0.003,0.0,10,0.5,0.01096524,0.009128538633726972
8.916,900.0818203003012,0.04537139514637326,0.0,0.2,0.2,20.249999999999996,0.8,0.8,900.0,0.003,0.0,10,0.5,0.01097312,0.009128541162695196
8.919,900.0818203229582,0.045380832455030516,0.0,0.2,0.2,20.249999999999996,0.8,0.8,900.0,0.003,0.0,10,0.5,0.012616688,0.009128543696240832
8.922,900.0818203456613,0.045390521849928936,0.0,0.2,0.2,20.249999999999996,0.8,0.8,900.0,0.003,0.0,10,0.5,0.010972711,0.009128546234397138
8.925,900.0818203684056,0.04540046011296133,0.0,0.2,0.2,20.249999999999996,0.8,0.8,900.0,0.003,0.0,10,0.5,0.0110547,0.00912854877701767
8.928,900.0818203911995,0.045410643964039835,0.0,0.2,0.2,20.249999999999996,0.8,0.8,900.0,0.003,0.0,10,0.5,0.013709303,0.009128551323819253
8.931000000000001,900.0818204140375,0.04542107001167054,0.0,0.2,0.2,20.249999999999996,0.8,0.8,900.0,0.003,0.0,10,0.5,0.011152161,0.009128553874522636
8.934000000000001,900.0818204369114,0.045431734831309425,0.0,0.2,0.2,20.249999999999996,0.8,0.8,900.0,0.003,0.0,10,0.5,0.01074169,0.009128556428858944
8.937,900.0818204598185,0.04544263497079798,0.0,0.2,0.2,20.249999999999996,0.8,0.8,900.0,0.003,0.0,10,0.5,0.012624018,0.00912855898643819
8.94,900.0818204827552,0.045453766951040524,0.0,0.2,0.2,20.249999999999996,0.8,0.8,900.0,0.003,0.0,10,0.5,0.011333121,0.009128561546683607
8.943,900.0818205057224,0.04546512726740162,0.0,0.2,0.2,20.249999999999996,0.8,0.8,900.0,0.003,0.0,10,0.5,0.011273401,0.009128564108841579
8.946,900.0818205287076,0.04547671239086974,0.0,0.2,0.2,20.249999999999996,0.8,0.8,900.0,0.003,0.0,10,0.5,0.012534867,0.009128566671990464
8.949,900.0818205517006,0.04548851877618632,0.0,0.2,0.2,20.249999999999996,0.8,0.8,900.0,0.003,0.0,10,0.5,0.011330373,0.009128569235146523
8.952,900.0818205747008,0.04550054285698361,0.0,0.2,0.2,20.249999999999996,0.8,0.8,900.0,0.003,0.0,10,0.5,0.011051991,0.009128571797376528
8.955,900.0818205976915,0.04551278104156741,0.0,0.2,0.2,20.249999999999996,0.8,0.8,900.0,0.003,0.0,10,0.5,0.01305115,0.009128574357909116
8.958,900.0818206206692,0.04552522970038621,0.0,0.2,0.2,20.249999999999996,0.8,0.8,900.0,0.003,0.0,10,0.5,0.010765349,0.009128576916450797
8.961,900.0818206436347,0.04553788500852688,0.0,0.2,0.2,20.249999999999996,0.8,0.8,900.0,0.003,0.0,10,0.5,0.01108387,0.00912857947322174
8.964,900.0818206665897,0.04555074295572955,0.0,0.2,0.2,20.249999999999996,0.8,0.8,900.0,0.003,0.0,10,0.5,0.012672048,0.009128582028518453
8.967,900.0818206895302,0.045563799458939847,0.0,0.2,0.2,20.249999999999996,0.8,0.8,900.0,0.003,0.0,10,0.5,0.010974461,0.009128584582821935
8.97,900.0818207124687,0.04557705030264089,0.0,0.2,0.2,20.249999999999996,0.8,0.8,900.0,0.003,0.0,10,0.5,0.011223591,0.009128587136394748
8.973,900.0818207354075,0.045590491164615374,0.0,0.2,0.2,20.249999999999996,0.8,0.8,900.0,0.003,0.0,10,0.5,0.012705099,0.009128589689620206
8.976,900.0818207583434,0.045604117701364674,0.0,0.2,0.2,20.249999999999996,0.8,0.8,900.0,0.003,0.0,10,0.5,0.01103245,0.009128592243068636
8.979000000000001,900.0818207812827,0.045617925544509344,0.0,0.2,0.2,20.249999999999996,0.8,0.8,900.0,0.003,0.0,10,0.5,0.011243942,0.00912859479727288
8.982,900.0818208042292,0.045631910302537826,0.0,0.2,0.2,20.249999999999996,0.8,0.8,900.0,0.003,0.0,10,0.5,0.012804368,0.009128597352697249
8.985,900.0818208271907,0.04564606756509237,0.0,0.2,0.2,20.249999999999996,0.8,0.8,900.0,0.003,0.0,10,0.5,0.011199231,0.00912859990977138
8.988,900.0818208501687,0.04566039290343274,0.0,0.2,0.2,20.249999999999996,0.8,0.8,900.0,0.003,0.0,10,0.5,0.010771519,0.009128602468913
8.991,900.0818208731672,0.045674881868662955,0.0,0.2,0.2,20.249999999999996,0.8,0.8,900.0,0.003,0.0,10,0.5,0.012735268,0.009128605030504154
8.994,900.0818208961907,0.0456895299903156,0.0,0.2,0.2,20.249999999999996,0.8,0.8,900.0,0.003,0.0,10,0.5,0.011179012,0.009128607594873092
8.997,900.0818209192422,0.04570433277979656,0.0,0.2,0.2,20.249999999999996,0.8,0.8,900.0,0.003,0.0,10,0.5,0.01093106,0.009128610162280408
9.0,900.0818209423203,0.04571928573066999,0.0,0.2,0.2,20.249999999999996,0.8,0.8,900.0,0.003,0.0,10,0.5,0.012853299,0.009128612732908289
9.003,900.0818209654313,0.04573438431664949,0.0,0.2,0.2,20.249999999999996,0.8,0.8,900.0,0.003,0.0,10,0.5,0.01111511,0.009128615306896962
9.006,900.081820988574,0.0457496239995785,0.0,0.2,0.2,20.249999999999996,0.8,0.8,900.0,0.003,0.0,10,0.5,0.011250061,0.009128617884368681
9.009,900.0818210117499,0.04576500023270566,0.0,0.2,0.2,20.249999999999996,0.8,0.8,900.0,0.003,0.0,10,0.5,0.013266551,0.009128620465457494
9.012,900.0818210349619,0.045780508462070796,0.0,0.2,0.2,20.249999999999996,0.8,0.8,900.0,0.003,0.0,10,0.5,0.011282072,0.009128623050338892
9.015,900.0818210582096,0.04579614412790823,0.0,0.2,0.2,20.249999999999996,0.8,0.8,900.0,0.003,0.0,10,0.5,0.011291022,0.00912862563926642
9.018,900.0818210814941,0.04581190266607823,0.0,0.2,0.2,20.249999999999996,0.8,0.8,900.0,0.003,0.0,10,0.5,0.012606227,0.009128628232597151
9.021,900.0818211048214,0.04582777950605468,0.0,0.2,0.2,20.249999999999996,0.8,0.8,900.0,0.003,0.0,10,0.5,0.01089408,0.009128630830789668
9.024000000000001,900.0818211281936,0.04584377007351559,0.0,0.2,0.2,20.249999999999996,0.8,0.8,900.0,0.003,0.0,10,0.5,0.010980791,0.009128633434373236
9.027000000000001,900.0818211516192,0.045859869794211555,0.0,0.2,0.2,20.249999999999996,0.8,0.8,900.0,0.003,0.0,10,0.5,0.012647938,0.009128636044067944
9.03,900.0818211750999,0.04587607405594058,0.0,0.2,0.2,20.249999999999996,0.8,0.8,900.0,0.003,0.0,10,0.5,0.01092996,0.009128638660996762
9.033,900.081821198648,0.04589237816877379,0.0,0.2,0.2,20.249999999999996,0.8,0.8,900.0,0.003,0.0,10,0.5,0.01085438,0.009128641286492014
9.036,900.081821222276,0.04590877744240381,0.0,0.2,0.2,20.249999999999996,0.8,0.8,900.0,0.003,0.0,10,0.5,0.012558937,0.009128643921986047
9.039,900.0818212459959,0.045925267190508746,0.0,0.2,0.2,20.249999999999996,0.8,0.8,900.0,0.003,0.0,10,0.5,0.01080368,0.009128646568925265
9.042,900.0818212698204,0.04594184272764581,0.0,0.2,0.2,20.249999999999996,0.8,0.8,900.0,0.003,0.0,10,0.5,0.01105029,0.009128649228715436
9.045,900.0818212937671,0.045958499368663384,0.0,0.2,0.2,20.249999999999996,0.8,0.8,900.0,0.003,0.0,10,0.5,0.012696118,0.009128651902711794
9.048,900.0818213178374,0.04597523239816394,0.0,0.2,0.2,20.249999999999996,0.8,0.8,900.0,0.003,0.0,10,0.5,0.01081784,0.00912865459230588
9.051,900.0818213420544,0.04599203686697169,0.0,0.2,0.2,20.249999999999996,0.8,0.8,900.0,0.003,0.0,10,0.5,0.01095952,0.00912865729842935
9.054,900.0818213664223,0.04600890776744909,0.0,0.2,0.2,20.249999999999996,0.8,0.8,900.0,0.003,0.0,10,0.5,0.012590828,0.009128660021653445
9.057,900.0818213909442,0.046025840109919405,0.0,0.2,0.2,20.249999999999996,0.8,0.8,900.0,0.003,0.0,10,0.5,0.011057931,0.009128662762325948
9.06,900.0818214156244,0.04604282892498104,0.0,0.2,0.2,20.249999999999996,0.8,0.8,900.0,0.003,0.0,10,0.5,0.01100021,0.009128665520529263
9.063,900.0818214404677,0.04605986926532196,0.0,0.2,0.2,20.249999999999996,0.8,0.8,900.0,0.003,0.0,10,0.5,0.012716699,0.009128668296093635
9.066,900.081821465465,0.046076956207645216,0.0,0.2,0.2,20.249999999999996,0.8,0.8,900.0,0.003,0.0,10,0.5,0.011336401,0.009128671088608634
9.069,900.0818214906176,0.046094084855551054,0.0,0.2,0.2,20.249999999999996,0.8,0.8,900.0,0.003,0.0,10,0.5,0.01080203,0.009128673897630541
9.072000000000001,900.0818215159227,0.04611125032312768,0.0,0.2,0.2,20.249999999999996,0.8,0.8,900.0,0.003,0.0,10,0.5,0.012609538,0.009128676723583138
9.075000000000001,900.0818215413857,0.046128447510237376,0.0,0.2,0.2,20.249999999999996,0.8,0.8,900.0,0.003,0.0,10,0.5,0.011112821,0.009128679567170481
9.078,900.081821567006,0.046145671204653065,0.0,0.2,0.2,20.249999999999996,0.8,0.8,900.0,0.003,0.0,10,0.5,0.011092281,0.009128682428693885
9.081,900.081821592792,0.046162916225743214,0.0,0.2,0.2,20.249999999999996,0.8,0.8,900.0,0.003,0.0,10,0.5,0.012564097,0.009128685308539273
9.084,900.0818216187472,0.04618017742892935,0.0,0.2,0.2,20.249999999999996,0.8,0.8,900.0,0.003,0.0,10,0.5,0.011034021,0.009128688207206246
9.087,900.0818216448708,0.046197449706465596,0.0,0.2,0.2,20.249999999999996,0.8,0.8,900.0,0.003,0.0,10,0.5,0.01098108,0.009128691125293653
9.09,900.0818216711724,0.046214727988899,0.0,0.2,0.2,20.249999999999996,0.8,0.8,900.0,0.003,0.0,10,0.5,0.012486418,0.009128694063472609
9.093,900.0818216976538,0.046232007245591095,0.0,0.2,0.2,20.249999999999996,0.8,0.8,900.0,0.003,0.0,10,0.5,0.01106514,0.009128697022475565
9.096,900.0818217243309,0.0462492824878091,0.0,0.2,0.2,20.249999999999996,0.8,0.8,900.0,0.003,0.0,10,0.5,0.010863259,0.009128700003107846
9.099,900.0818217511962,0.04626654876904075,0.0,0.2,0.2,20.249999999999996,0.8,0.8,900.0,0.003,0.0,10,0.5,0.012518817,0.009128703006225012
9.102,900.0818217782705,0.04628380118549176,0.0,0.2,0.2,20.249999999999996,0.8,0.8,900.0,0.003,0.0,10,0.5,0.01081784,0.00912870603268463
9.105,900.0818218055576,0.04630103487775187,0.0,0.2,0.2,20.249999999999996,0.8,0.8,900.0,0.003,0.0,10,0.5,0.011090171,0.009128709083280251
9.108,900.0818218330614,0.04631824503399586,0.0,0.2,0.2,20.249999999999996,0.8,0.8,900.0,0.003,0.0,10,0.5,0.012781699,0.009128712158724416
9.111,900.0818218607922,0.04633542689191367,0.0,0.2,0.2,20.249999999999996,0.8,0.8,900.0,0.003,0.0,10,0.5,0.010791089,0.009128715259597908
9.114,900.0818218887495,0.046352575740567746,0.0,0.2,0.2,20.249999999999996,0.8,0.8,900.0,0.003,0.0,10,0.5,0.011342012,0.009128718386333964
9.117,900.0818219169453,0.04636968692181669,0.0,0.2,0.2,20.249999999999996,0.8,0.8,900.0,0.003,0.0,10,0.5,0.0130083,0.009128721539200772
9.120000000000001,900.0818219453802,0.046386755830377685,0.0,0.2,0.2,20.249999999999996,0.8,0.8,900.0,0.003,0.0,10,0.5,0.010833729,0.009128724718303118
9.123,900.0818219740494,0.046403777914474385,0.0,0.2,0.2,20.249999999999996,0.8,0.8,900.0,0.003,0.0,10,0.5,0.0109344,0.009128727923575308
9.126,900.0818220029532,0.046420748675913115,0.0,0.2,0.2,20.249999999999996,0.8,0.8,900.0,0.003,0.0,10,0.5,0.0132652,0.009128731154775341
9.129,900.0818220320965,0.046437663673923116,0.0,0.2,0.2,20.249999999999996,0.8,0.8,900.0,0.003,0.0,10,0.5,0.010994981,0.009128734411521284
9.132,900.0818220614707,0.046454518525684566,0.0,0.2,0.2,20.249999999999996,0.8,0.8,900.0,0.003,0.0,10,0.5,0.010683989,0.009128737693594569
9.135,900.0818220910745,0.046471308878239415,0.0,0.2,0.2,20.249999999999996,0.8,0.8,900.0,0.003,0.0,10,0.5,0.012722918,0.009128741000697766
9.138,900.0818221209072,0.04648803042274223,0.0,0.2,0.2,20.249999999999996,0.8,0.8,900.0,0.003,0.0,10,0.5,0.01094437,0.009128744332257455
9.141,900.0818221509584,0.046504678913083505,0.0,0.2,0.2,20.249999999999996,0.8,0.8,900.0,0.003,0.0,10,0.5,0.010718779,0.009128747687646533
9.144,900.0818221812287,0.04652125016583893,0.0,0.2,0.2,20.249999999999996,0.8,0.8,900.0,0.003,0.0,10,0.5,0.012838179,0.009128751066287766
9.147,900.0818222117098,0.046537740055325766,0.0,0.2,0.2,20.249999999999996,0.8,0.8,900.0,0.003,0.0,10,0.5,0.011071991,0.009128754467710328
9.15,900.0818222423981,0.04655414451734127,0.0,0.2,0.2,20.249999999999996,0.8,0.8,900.0,0.003,0.0,10,0.5,0.011159151,0.009128757891406315
9.153,900.0818222732865,0.04657045955622752,0.0,0.2,0.2,20.249999999999996,0.8,0.8,900.0,0.003,0.0,10,0.5,0.012458906,0.009128761336914626
9.156,900.0818223043743,0.046586681245440256,0.0,0.2,0.2,20.249999999999996,0.8,0.8,900.0,0.003,0.0,10,0.5,0.011109441,0.009128764803866738
9.159,900.0818223356581,0.046602805699723034,0.0,0.2,0.2,20.249999999999996,0.8,0.8,900.0,0.003,0.0,10,0.5,0.011078241,0.009128768291895337
9.162,900.0818223671314,0.0466188290864367,0.0,0.2,0.2,20.249999999999996,0.8,0.8,900.0,0.003,0.0,10,0.5,0.012615378,0.009128771800651901
9.165000000000001,900.0818223987925,0.0466347476468472,0.0,0.2,0.2,20.249999999999996,0.8,0.8,900.0,0.003,0.0,10,0.5,0.011105151,0.009128775329890693
9.168000000000001,900.0818224306416,0.04665055769667219,0.0,0.2,0.2,20.249999999999996,0.8,0.8,900.0,0.003,0.0,10,0.5,0.011288782,0.009128778879459107
9.171,900.0818224626761,0.046666255626612405,0.0,0.2,0.2,20.249999999999996,0.8,0.8,900.0,0.003,0.0,10,0.5,0.013332251,0.009128782449267424
9.174,900.081822494893,0.046681837904083805,0.0,0.2,0.2,20.249999999999996,0.8,0.8,900.0,0.003,0.0,10,0.5,0.01089581,0.009128786039289336
9.177,900.0818225272917,0.04669730109211494,0.0,0.2,0.2,20.249999999999996,0.8,0.8,900.0,0.003,0.0,10,0.5,0.011221481,0.009128789649665122
9.18,900.0818225598765,0.046712641816503524,0.0,0.2,0.2,20.249999999999996,0.8,0.8,900.0,0.003,0.0,10,0.5,0.012547008,0.009128793280717707
9.183,900.0818225926499,0.0467278567289656,0.0,0.2,0.2,20.249999999999996,0.8,0.8,900.0,0.003,0.0,10,0.5,0.010857629,0.00912879693282539
9.186,900.0818226256172,0.04674294246941363,0.0,0.2,0.2,20.249999999999996,0.8,0.8,900.0,0.003,0.0,10,0.5,0.01096007,0.009128800606399166
9.189,900.0818226587764,0.04675789550648293,0.0,0.2,0.2,20.249999999999996,0.8,0.8,900.0,0.003,0.0,10,0.5,0.012457707,0.009128804301123592
9.192,900.0818226921285,0.04677271237676155,0.0,0.2,0.2,20.249999999999996,0.8,0.8,900.0,0.003,0.0,10,0.5,0.01099999,0.009128808016186414
9.195,900.0818227256661,0.04678738970243939,0.0,0.2,0.2,20.249999999999996,0.8,0.8,900.0,0.003,0.0,10,0.5,0.010714339,0.009128811750344593
9.198,900.0818227593759,0.04680192417706555,0.0,0.2,0.2,20.249999999999996,0.8,0.8,900.0,0.003,0.0,10,0.5,0.013097619,0.009128815501949135
9.201,900.0818227932435,0.046816312572531694,0.0,0.2,0.2,20.249999999999996,0.8,0.8,900.0,0.003,0.0,10,0.5,0.010877521,0.009128819269113618
9.204,900.0818228272504,0.046830551742869354,0.0,0.2,0.2,20.249999999999996,0.8,0.8,900.0,0.003,0.0,10,0.5,0.011130281,0.00912882304990706
9.207,900.0818228613841,0.0468446386234552,0.0,0.2,0.2,20.249999999999996,0.8,0.8,900.0,0.003,0.0,10,0.5,0.012900329,0.009128826842349422
9.21,900.0818228956233,0.04685857023833867,0.0,0.2,0.2,20.249999999999996,0.8,0.8,900.0,0.003,0.0,10,0.5,0.011133971,0.009128830644574662
9.213000000000001,900.0818229299508,0.046872343699301815,0.0,0.2,0.2,20.249999999999996,0.8,0.8,900.0,0.003,0.0,10,0.5,0.01090007,0.009128834454915288
9.216000000000001,900.0818229643556,0.04688595618235222,0.0,0.2,0.2,20.249999999999996,0.8,0.8,900.0,0.003,0.0,10,0.5,0.012643118,0.009128838272164616
9.219,900.081822998825,0.04689940486246044,0.0,0.2,0.2,20.249999999999996,0.8,0.8,900.0,0.003,0.0,10,0.5,0.010770279,0.009128842095386553
9.222,900.0818230333467,0.04691268699384235,0.0,0.2,0.2,20.249999999999996,0.8,0.8,900.0,0.003,0.0,10,0.5,0.011171091,0.009128845924016516
9.225,900.0818230679222,0.04692579991700838,0.0,0.2,0.2,20.249999999999996,0.8,0.8,900.0,0.003,0.0,10,0.5,0.012556988,0.009128849758008897
9.228,900.0818231025437,0.04693874103344817,0.0,0.2,0.2,20.249999999999996,0.8,0.8,900.0,0.003,0.0,10,0.5,0.01098634,0.009128853597702047
9.231,900.0818231372203,0.046951507829701186,0.0,0.2,0.2,20.249999999999996,0.8,0.8,900.0,0.003,0.0,10,0.5,0.011272522,0.009128857443773855
9.234,900.0818231719566,0.04696409788169015,0.0,0.2,0.2,20.249999999999996,0.8,0.8,900.0,0.003,0.0,10,0.5,0.012587628,0.009128861297222577
9.237,900.0818232067595,0.04697650885272381,0.0,0.2,0.2,20.249999999999996,0.8,0.8,900.0,0.003,0.0,10,0.5,0.010773719,0.0091288651593494
9.24,900.0818232416456,0.04698873847720017,0.0,0.2,0.2,20.249999999999996,0.8,0.8,900.0,0.003,0.0,10,0.5,0.011103501,0.009128869031903547
9.243,900.0818232766235,0.04700078448689891,0.0,0.2,0.2,20.249999999999996,0.8,0.8,900.0,0.003,0.0,10,0.5,0.012893369,0.009128872916448426
9.246,900.0818233117142,0.04701264468850417,0.0,0.2,0.2,20.249999999999996,0.8,0.8,900.0,0.003,0.0,10,0.5,0.011172381,0.009128876814441206
9.249,900.0818233469257,0.047024316977956254,0.0,0.2,0.2,20.249999999999996,0.8,0.8,900.0,0.003,0.0,10,0.5,0.011244821,0.009128880727237991
9.252,900.0818233822732,0.047035799340952644,0.0,0.2,0.2,20.249999999999996,0.8,0.8,900.0,0.003,0.0,10,0.5,0.012590338,0.009128884656038781
9.255,900.0818234177619,0.047047089853062295,0.0,0.2,0.2,20.249999999999996,0.8,0.8,900.0,0.003,0.0,10,0.5,0.010881679,0.009128888601822075
9.258000000000001,900.0818234534074,0.04705818667996731,0.0,0.2,0.2,20.249999999999996,0.8,0.8,900.0,0.003,0.0,10,0.5,0.011035901,0.009128892565280964
9.261000000000001,900.0818234892135,0.0470690880771,0.0,0.2,0.2,20.249999999999996,0.8,0.8,900.0,0.003,0.0,10,0.5,0.012623628,0.009128896546788322
9.264,900.0818235251824,0.047079792387086185,0.0,0.2,0.2,20.249999999999996,0.8,0.8,900.0,0.003,0.0,10,0.5,0.011086481,0.009128900546377727
9.267,900.0818235613142,0.047090298041675395,0.0,0.2,0.2,20.249999999999996,0.8,0.8,900.0,0.003,0.0,10,0.5,0.01097091,0.009128904564088445
9.27,900.0818235976135,0.0471006035223582,0.0,0.2,0.2,20.249999999999996,0.8,0.8,900.0,0.003,0.0,10,0.5,0.01293556,0.009128908599784762
9.273,900.0818236340764,0.04711070736198072,0.0,0.2,0.2,20.249999999999996,0.8,0.8,900.0,0.003,0.0,10,0.5,0.01099736,0.009128912652520057
9.276,900.0818236706915,0.04712060817027201,0.0,0.2,0.2,20.249999999999996,0.8,0.8,900.0,0.003,0.0,10,0.5,0.011090921,0.009128916721172893
9.279,900.0818237074532,0.047130304580870454,0.0,0.2,0.2,20.249999999999996,0.8,0.8,900.0,0.003,0.0,10,0.5,0.012910469,0.00912892080446212
9.282,900.0818237443485,0.04713979529991288,0.0,0.2,0.2,20.249999999999996,0.8,0.8,900.0,0.003,0.0,10,0.5,0.011107481,0.00912892490108183
9.285,900.0818237813646,0.04714907911021815,0.0,0.2,0.2,20.249999999999996,0.8,0.8,900.0,0.003,0.0,10,0.5,0.01095266,0.00912892900976661
9.288,900.0818238184884,0.04715815485258788,0.0,0.2,0.2,20.249999999999996,0.8,0.8,900.0,0.003,0.0,10,0.5,0.012805319,0.009128933129236912
9.291,900.0818238557124,0.0471670214397749,0.0,0.2,0.2,20.249999999999996,0.8,0.8,900.0,0.003,0.0,10,0.5,0.01096057,0.009128937258128564
9.294,900.0818238930216,0.0471756778652784,0.0,0.2,0.2,20.249999999999996,0.8,0.8,900.0,0.003,0.0,10,0.5,0.010914,0.009128941395022423
9.297,900.0818239304053,0.04718412319904157,0.0,0.2,0.2,20.249999999999996,0.8,0.8,900.0,0.003,0.0,10,0.5,0.012613948,0.009128945538402813
9.3,900.0818239678443,0.047192356599479936,0.0,0.2,0.2,20.249999999999996,0.8,0.8,900.0,0.003,0.0,10,0.5,0.011058401,0.009128949686838672
9.303,900.081824005333,0.04720037730492373,0.0,0.2,0.2,20.249999999999996,0.8,0.8,900.0,0.003,0.0,10,0.5,0.01102931,0.009128953839032925
9.306000000000001,900.0818240428557,0.04720818463274194,0.0,0.2,0.2,20.249999999999996,0.8,0.8,900.0,0.003,0.0,10,0.5,0.012989189,0.009128957993822885
9.309000000000001,900.0818240804039,0.04721577798783476,0.0,0.2,0.2,20.249999999999996,0.8,0.8,900.0,0.003,0.0,10,0.5,0.011081682,0.009128962150213997
9.312,900.0818241179663,0.04722315686223517,0.0,0.2,0.2,20.249999999999996,0.8,0.8,900.0,0.003,0.0,10,0.5,0.011300121,0.009128966307381367
9.315,900.0818241555379,0.04723032083471649,0.0,0.2,0.2,20.249999999999996,0.8,0.8,900.0,0.003,0.0,10,0.5,0.012417196,0.00912897046466538
9.318,900.0818241931124,0.04723726956553407,0.0,0.2,0.2,20.249999999999996,0.8,0.8,900.0,0.003,0.0,10,0.5,0.01083439,0.009128974621568083
9.321,900.081824230684,0.04724400279187351,0.0,0.2,0.2,20.249999999999996,0.8,0.8,900.0,0.003,0.0,10,0.5,0.01095725,0.009128978777749477
9.324,900.0818242682512,0.04725052032816632,0.0,0.2,0.2,20.249999999999996,0.8,0.8,900.0,0.003,0.0,10,0.5,0.012544298,0.009128982932977855
9.327,900.0818243058088,0.047256822070506056,0.0,0.2,0.2,20.249999999999996,0.8,0.8,900.0,0.003,0.0,10,0.5,0.01089649,0.009128987087102317
9.33,900.0818243433578,0.04726290799980924,0.0,0.2,0.2,20.249999999999996,0.8,0.8,900.0,0.003,0.0,10,0.5,0.01091994,0.009128991240022302
9.333,900.0818243808992,0.04726877817967152,0.0,0.2,0.2,20.249999999999996,0.8,0.8,900.0,0.003,0.0,10,0.5,0.012950909,0.00912899539165835
9.336,900.081824418427,0.04727443275662821,0.0,0.2,0.2,20.249999999999996,0.8,0.8,900.0,0.003,0.0,10,0.5,0.01097045,0.009128999541904586
9.339,900.0818244559445,0.047279871960092236,0.0,0.2,0.2,20.249999999999996,0.8,0.8,900.0,0.003,0.0,10,0.5,0.010888959,0.009129003690663422
9.342,900.0818244934511,0.04728509607962801,0.0,0.2,0.2,20.249999999999996,0.8,0.8,900.0,0.003,0.0,10,0.5,0.012567628,0.009129007837683854
9.345,900.0818245309397,0.04729010547086365,0.0,0.2,0.2,20.249999999999996,0.8,0.8,900.0,0.003,0.0,10,0.5,0.011093521,0.009129011982505004
9.348,900.0818245684137,0.04729490056831442,0.0,0.2,0.2,20.249999999999996,0.8,0.8,900.0,0.003,0.0,10,0.5,0.01083735,0.00912901612457184
9.351,900.0818246058601,0.04729948188517586,0.0,0.2,0.2,20.249999999999996,0.8,0.8,900.0,0.003,0.0,10,0.5,0.012785618,0.009129020263247061
9.354000000000001,900.0818246432796,0.04730385000500584,0.0,0.2,0.2,20.249999999999996,0.8,0.8,900.0,0.003,0.0,10,0.5,0.011221102,0.009129024397835589
9.357,900.0818246806637,0.04730800557528277,0.0,0.2,0.2,20.249999999999996,0.8,0.8,900.0,0.003,0.0,10,0.5,0.011337902,0.009129028527482604
9.36,900.081824718003,0.047311949311742284,0.0,0.2,0.2,20.249999999999996,0.8,0.8,900.0,0.003,0.0,10,0.5,0.012599548,0.009129032651188659
9.363,900.0818247552914,0.04731568198805896,0.0,0.2,0.2,20.249999999999996,0.8,0.8,900.0,0.003,0.0,10,0.5,0.01101003,0.009129036768237444
9.366,900.0818247925234,0.04731920429406711,0.0,0.2,0.2,20.249999999999996,0.8,0.8,900.0,0.003,0.0,10,0.5,0.011836164,0.009129040877579025
9.369,900.0818248296869,0.04732251695189732,0.0,0.2,0.2,20.249999999999996,0.8,0.8,900.0,0.003,0.0,10,0.5,0.012344107,0.009129044978121089
9.372,900.0818248667707,0.0473256207504137,0.0,0.2,0.2,20.249999999999996,0.8,0.8,900.0,0.003,0.0,10,0.5,0.011078841,0.009129049068982398
9.375,900.0818249037675,0.047328516546879654,0.0,0.2,0.2,20.249999999999996,0.8,0.8,900.0,0.003,0.0,10,0.5,0.011207171,0.009129053149568338
9.378,900.081824940675,0.04733120525881284,0.0,0.2,0.2,20.249999999999996,0.8,0.8,900.0,0.003,0.0,10,0.5,0.012760529,0.00912905721951632
9.381,900.0818249774852,0.04733368787419324,0.0,0.2,0.2,20.249999999999996,0.8,0.8,900.0,0.003,0.0,10,0.5,0.01094073,0.0091290612786516
9.384,900.0818250142012,0.04733596544573128,0.0,0.2,0.2,20.249999999999996,0.8,0.8,900.0,0.003,0.0,10,0.5,0.011198542,0.009129065326870883
9.387,900.081825050818,0.04733803909862185,0.0,0.2,0.2,20.249999999999996,0.8,0.8,900.0,0.003,0.0,10,0.5,0.012607507,0.009129069364165963
9.39,900.0818250873407,0.04733991002941897,0.0,0.2,0.2,20.249999999999996,0.8,0.8,900.0,0.003,0.0,10,0.5,0.01082025,0.009129073390647774
9.393,900.0818251237627,0.047341579504756474,0.0,0.2,0.2,20.249999999999996,0.8,0.8,900.0,0.003,0.0,10,0.5,0.011095971,0.009129077406525903
9.396,900.0818251600942,0.04734304886102584,0.0,0.2,0.2,20.249999999999996,0.8,0.8,900.0,0.003,0.0,10,0.5,0.013063,0.009129081412106499
9.399000000000001,900.0818251963307,0.0473443195045246,0.0,0.2,0.2,20.249999999999996,0.8,0.8,900.0,0.003,0.0,10,0.5,0.011119611,0.009129085407825793
9.402000000000001,900.0818252324859,0.04734539289849193,0.0,0.2,0.2,20.249999999999996,0.8,0.8,900.0,0.003,0.0,10,0.5,0.01098431,0.009129089395507172
9.405,900.081825268573,0.047346269945433395,0.0,0.2,0.2,20.249999999999996,0.8,0.8,900.0,0.003,0.0,10,0.5,0.01297354,0.009129093377978483
9.408,900.0818253046142,0.047346951245341565,0.0,0.2,0.2,20.249999999999996,0.8,0.8,900.0,0.003,0.0,10,0.5,0.01095849,0.009129097357881678
9.411,900.0818253406347,0.04734743744027295,0.0,0.2,0.2,20.249999999999996,0.8,0.8,900.0,0.003,0.0,10,0.5,0.01085584,0.009129101337339756
9.414,900.0818253766536,0.04734772921679844,0.0,0.2,0.2,20.249999999999996,0.8,0.8,900.0,0.003,0.0,10,0.5,0.012828099,0.009129105317751343
9.417,900.0818254126801,0.047347827298421276,0.0,0.2,0.2,20.249999999999996,0.8,0.8,900.0,0.003,0.0,10,0.5,0.01090027,0.009129109299579947
9.42,900.0818254487192,0.04734773246459761,0.0,0.2,0.2,20.249999999999996,0.8,0.8,900.0,0.003,0.0,10,0.5,0.010839209,0.009129113282669837
9.423,900.081825484772,0.047347445546950716,0.0,0.2,0.2,20.249999999999996,0.8,0.8,900.0,0.003,0.0,10,0.5,0.012623488,0.009129117266446761
9.426,900.0818255208299,0.04734696742630677,0.0,0.2,0.2,20.249999999999996,0.8,0.8,900.0,0.003,0.0,10,0.5,0.01095466,0.009129121250050245
9.429,900.0818255568869,0.04734629903557163,0.0,0.2,0.2,20.249999999999996,0.8,0.8,900.0,0.003,0.0,10,0.5,0.011193242,0.009129125232464085
9.432,900.081825592932,0.04734544135940341,0.0,0.2,0.2,20.249999999999996,0.8,0.8,900.0,0.003,0.0,10,0.5,0.012312246,0.00912912921259785
9.435,900.0818256289599,0.0473443954267289,0.0,0.2,0.2,20.249999999999996,0.8,0.8,900.0,0.003,0.0,10,0.5,0.011013841,0.009129133189621922
9.438,900.0818256649653,0.047343162204297386,0.0,0.2,0.2,20.249999999999996,0.8,0.8,900.0,0.003,0.0,10,0.5,0.01090613,0.009129137163198991
9.441,900.08182570094,0.04734174237610194,0.0,0.2,0.2,20.249999999999996,0.8,0.8,900.0,0.003,0.0,10,0.5,0.012488147,0.009129141132533382
9.444,900.0818257368823,0.047340136647914935,0.0,0.2,0.2,20.249999999999996,0.8,0.8,900.0,0.003,0.0,10,0.5,0.01086076,0.009129145096555437
9.447000000000001,900.081825772784,0.04733834567948558,0.0,0.2,0.2,20.249999999999996,0.8,0.8,900.0,0.003,0.0,10,0.5,0.011281011,0.00912914905385564
9.450000000000001,900.0818258086256,0.04733637012459504,0.0,0.2,0.2,20.249999999999996,0.8,0.8,900.0,0.003,0.0,10,0.5,0.012938649,0.009129153002662647
9.453,900.0818258443895,0.0473342107262728,0.0,0.2,0.2,20.249999999999996,0.8,0.8,900.0,0.003,0.0,10,0.5,0.01093538,0.009129156940860342
9.456,900.0818258800618,0.0473318682773216,0.0,0.2,0.2,20.249999999999996,0.8,0.8,900.0,0.003,0.0,10,0.5,0.011032101,0.009129160866120478
9.459,900.0818259156158,0.04732934360717752,0.0,0.2,0.2,20.249999999999996,0.8,0.8,900.0,0.003,0.0,10,0.5,0.01305541,0.00912916477615866
9.462,900.0818259510369,0.04732663758243616,0.0,0.2,0.2,20.249999999999996,0.8,0.8,900.0,0.003,0.0,10,0.5,0.01099919,0.009129168668943963
9.465,900.0818259863008,0.04732375111200631,0.0,0.2,0.2,20.249999999999996,0.8,0.8,900.0,0.003,0.0,10,0.5,0.0109612,0.009129172542826084
9.468,900.0818260213968,0.047320685147335714,0.0,0.2,0.2,20.249999999999996,0.8,0.8,900.0,0.003,0.0,10,0.5,0.012605328,0.009129176396573098
9.471,900.0818260563126,0.04731744068214143,0.0,0.2,0.2,20.249999999999996,0.8,0.8,900.0,0.003,0.0,10,0.5,0.01092486,0.009129180229376995
9.474,900.0818260910402,0.04731401875195686,0.0,0.2,0.2,20.249999999999996,0.8,0.8,900.0,0.003,0.0,10,0.5,0.0108396,0.009129184040833776
9.477,900.0818261255783,0.0473104204334388,0.0,0.2,0.2,20.249999999999996,0.8,0.8,900.0,0.003,0.0,10,0.5,0.012799568,0.009129187830916478
9.48,900.0818261599265,0.04730664684364211,0.0,0.2,0.2,20.249999999999996,0.8,0.8,900.0,0.003,0.0,10,0.5,0.01103075,0.009129191599952853
9.483,900.0818261940867,0.047302699136844525,0.0,0.2,0.2,20.249999999999996,0.8,0.8,900.0,0.003,0.0,10,0.5,0.01085293,0.00912919534895405
9.486,900.0818262280675,0.04729857847298313,0.0,0.2,0.2,20.249999999999996,0.8,0.8,900.0,0.003,0.0,10,0.5,0.012767049,0.009129199079064091
9.489,900.0818262618778,0.04729428603886445,0.0,0.2,0.2,20.249999999999996,0.8,0.8,900.0,0.003,0.0,10,0.5,0.01103055,0.0091292027913535
9.492,900.0818262955288,0.04728982305640881,0.0,0.2,0.2,20.249999999999996,0.8,0.8,900.0,0.003,0.0,10,0.5,0.011102561,0.009129206486858398
9.495000000000001,900.0818263290295,0.04728519078183098,0.0,0.2,0.2,20.249999999999996,0.8,0.8,900.0,0.003,0.0,10,0.5,0.012707178,0.009129210166533423
9.498,900.0818263623917,0.047280390506233005,0.0,0.2,0.2,20.249999999999996,0.8,0.8,900.0,0.003,0.0,10,0.5,0.01110353,0.009129213831281622
9.501,900.0818263956184,0.0472754235306428,0.0,0.2,0.2,20.249999999999996,0.8,0.8,900.0,0.003,0.0,10,0.5,0.011079001,0.009129217481853589
9.504,900.081826428719,0.0472702911725347,0.0,0.2,0.2,20.249999999999996,0.8,0.8,900.0,0.003,0.0,10,0.5,0.012534288,0.00912922111872028
9.507,900.0818264616975,0.04726499476438555,0.0,0.2,0.2,20.249999999999996,0.8,0.8,900.0,0.003,0.0,10,0.5,0.01097555,0.009129224741925426
9.51,900.0818264945514,0.047259535633261705,0.0,0.2,0.2,20.249999999999996,0.8,0.8,900.0,0.003,0.0,10,0.5,0.011028401,0.0091292283508757
9.513,900.0818265272801,0.047253915131978255,0.0,0.2,0.2,20.249999999999996,0.8,0.8,900.0,0.003,0.0,10,0.5,0.012627347,0.009129231944426296
9.516,900.0818265598695,0.0472481346440783,0.0,0.2,0.2,20.249999999999996,0.8,0.8,900.0,0.003,0.0,10,0.5,0.010894411,0.009129235520959792
9.519,900.0818265923075,0.04724219558377046,0.0,0.2,0.2,20.249999999999996,0.8,0.8,900.0,0.003,0.0,10,0.5,0.011165391,0.009129239078514671
9.522,900.0818266245722,0.047236099394889215,0.0,0.2,0.2,20.249999999999996,0.8,0.8,900.0,0.003,0.0,10,0.5,0.012683318,0.009129242614910377
9.525,900.0818266566502,0.047229847547045026,0.0,0.2,0.2,20.249999999999996,0.8,0.8,900.0,0.003,0.0,10,0.5,0.010827029,0.00912924612787265
9.528,900.0818266885178,0.04722344153381729,0.0,0.2,0.2,20.249999999999996,0.8,0.8,900.0,0.003,0.0,10,0.5,0.011242211,0.009129249615171371
9.531,900.0818267201557,0.04721688286022772,0.0,0.2,0.2,20.249999999999996,0.8,0.8,900.0,0.003,0.0,10,0.5,0.012624778,0.009129253074678944
9.534,900.0818267515398,0.04721017305064818,0.0,0.2,0.2,20.249999999999996,0.8,0.8,900.0,0.003,0.0,10,0.5,0.010677239,0.009129256504485291
9.537,900.0818267826608,0.047203313655108645,0.0,0.2,0.2,20.249999999999996,0.8,0.8,900.0,0.003,0.0,10,0.5,0.011258222,0.009129259902970404
9.540000000000001,900.0818268135024,0.04719630624911385,0.0,0.2,0.2,20.249999999999996,0.8,0.8,900.0,0.003,0.0,10,0.5,0.012470437,0.009129263268880191
9.543000000000001,900.0818268440518,0.047189152415816886,0.0,0.2,0.2,20.249999999999996,0.8,0.8,900.0,0.003,0.0,10,0.5,0.01100572,0.00912926660177347
9.546,900.0818268743033,0.04718185358634741,0.0,0.2,0.2,20.249999999999996,0.8,0.8,900.0,0.003,0.0,10,0.5,0.01101575,0.009129269901890093
9.549,900.0818269042633,0.047174411167090376,0.0,0.2,0.2,20.249999999999996,0.8,0.8,900.0,0.003,0.0,10,0.5,0.01312697,0.009129273170201816
9.552,900.0818269339387,0.04716682658362257,0.0,0.2,0.2,20.249999999999996,0.8,0.8,900.0,0.003,0.0,10,0.5,0.011028251,0.009129276408391455
9.555,900.0818269633452,0.04715910128031798,0.0,0.2,0.2,20.249999999999996,0.8,0.8,900.0,0.003,0.0,10,0.5,0.01091203,0.009129279618627794
9.558,900.0818269924988,0.04715123672095728,0.0,0.2,0.2,20.249999999999996,0.8,0.8,900.0,0.003,0.0,10,0.5,0.01312007,0.009129282803328354
9.561,900.0818270214214,0.04714323438740493,0.0,0.2,0.2,20.249999999999996,0.8,0.8,900.0,0.003,0.0,10,0.5,0.01087564,0.009129285964926905
9.564,900.0818270501437,0.04713509577740858,0.0,0.2,0.2,20.249999999999996,0.8,0.8,900.0,0.003,0.0,10,0.5,0.01086699,0.009129289105641555
9.567,900.0818270786747,0.047126822405608844,0.0,0.2,0.2,20.249999999999996,0.8,0.8,900.0,0.003,0.0,10,0.5,0.013008989,0.009129292227341433
9.57,900.0818271070341,0.047118415802645114,0.0,0.2,0.2,20.249999999999996,0.8,0.8,900.0,0.003,0.0,10,0.5,0.01092017,0.009129295331500982
9.573,900.081827135237,0.047109877511736904,0.0,0.2,0.2,20.249999999999996,0.8,0.8,900.0,0.003,0.0,10,0.5,0.011074791,0.009129298419144359
9.576,900.0818271632944,0.047101209091155644,0.0,0.2,0.2,20.249999999999996,0.8,0.8,900.0,0.003,0.0,10,0.5,0.012514598,0.009129301490844186
9.579,900.0818271912049,0.047092412112661707,0.0,0.2,0.2,20.249999999999996,0.8,0.8,900.0,0.003,0.0,10,0.5,0.0109085,0.009129304546654287
9.582,900.0818272189751,0.04708348815659547,0.0,0.2,0.2,20.249999999999996,0.8,0.8,900.0,0.003,0.0,10,0.5,0.01097232,0.009129307586096782
9.585,900.0818272465968,0.04707443881528179,0.0,0.2,0.2,20.249999999999996,0.8,0.8,900.0,0.003,0.0,10,0.5,0.012400837,0.00912931060820562
9.588000000000001,900.0818272740634,0.04706526569457067,0.0,0.2,0.2,20.249999999999996,0.8,0.8,900.0,0.003,0.0,10,0.5,0.011107821,0.009129313611585869
9.591000000000001,900.0818273013612,0.04705597041029983,0.0,0.2,0.2,20.249999999999996,0.8,0.8,900.0,0.003,0.0,10,0.5,0.010728239,0.009129316594464913
9.594,900.0818273284764,0.04704655459053611,0.0,0.2,0.2,20.249999999999996,0.8,0.8,900.0,0.003,0.0,10,0.5,0.012389897,0.009129319554782666
9.597,900.0818273553874,0.04703701987673042,0.0,0.2,0.2,20.249999999999996,0.8,0.8,900.0,0.003,0.0,10,0.5,0.01090784,0.00912932249035288
9.6,900.0818273820796,0.04702736791923222,0.0,0.2,0.2,20.249999999999996,0.8,0.8,900.0,0.003,0.0,10,0.5,0.011187341,0.00912932539920147
9.603,900.081827408533,0.047017600360561844,0.0,0.2,0.2,20.249999999999996,0.8,0.8,900.0,0.003,0.0,10,0.5,0.012774659,0.009129328279203326
9.606,900.0818274347267,0.04700771881377739,0.0,0.2,0.2,20.249999999999996,0.8,0.8,900.0,0.003,0.0,10,0.5,0.01084129,0.009129331128175404
9.609,900.0818274606454,0.04699772488752997,0.0,0.2,0.2,20.249999999999996,0.8,0.8,900.0,0.003,0.0,10,0.5,0.011368612,0.009129333944083813
9.612,900.0818274862655,0.046987620200782405,0.0,0.2,0.2,20.249999999999996,0.8,0.8,900.0,0.003,0.0,10,0.5,0.01310311,0.009129336725240899
9.615,900.0818275115754,0.04697740638311515,0.0,0.2,0.2,20.249999999999996,0.8,0.8,900.0,0.003,0.0,10,0.5,0.01097999,0.009129339470364017
9.618,900.0818275365623,0.046967085074455274,0.0,0.2,0.2,20.249999999999996,0.8,0.8,900.0,0.003,0.0,10,0.5,0.011051451,0.009129342178582373
9.621,900.0818275612147,0.046956657925691314,0.0,0.2,0.2,20.249999999999996,0.8,0.8,900.0,0.003,0.0,10,0.5,0.012846859,0.009129344849412207
9.624,900.0818275855363,0.046946126593555404,0.0,0.2,0.2,20.249999999999996,0.8,0.8,900.0,0.003,0.0,10,0.5,0.011283822,0.009129347482731136
9.627,900.0818276095223,0.046935492701331266,0.0,0.2,0.2,20.249999999999996,0.8,0.8,900.0,0.003,0.0,10,0.5,0.01085983,0.009129350078850275
9.63,900.0818276331751,0.046924757881443596,0.0,0.2,0.2,20.249999999999996,0.8,0.8,900.0,0.003,0.0,10,0.5,0.012693408,0.009129352638695869
9.633000000000001,900.0818276565011,0.046913923725731436,0.0,0.2,0.2,20.249999999999996,0.8,0.8,900.0,0.003,0.0,10,0.5,0.011033801,0.009129355163727756
9.636000000000001,900.0818276795181,0.046902991768749555,0.0,0.2,0.2,20.249999999999996,0.8,0.8,900.0,0.003,0.0,10,0.5,0.010949,0.009129357655436512
9.639,900.081827702236,0.04689196354952843,0.0,0.2,0.2,20.249999999999996,0.8,0.8,900.0,0.003,0.0,10,0.5,0.012665618,0.009129360115516839
9.642,900.0818277246685,0.046880840613583726,0.0,0.2,0.2,20.249999999999996,0.8,0.8,900.0,0.003,0.0,10,0.5,0.011320272,0.00912936254582086
9.645,900.0818277468366,0.04686962450480245,0.0,0.2,0.2,20.249999999999996,0.8,0.8,900.0,0.003,0.0,10,0.5,0.01081707,0.009129364948234861
9.648,900.0818277687514,0.04685831676860554,0.0,0.2,0.2,20.249999999999996,0.8,0.8,900.0,0.003,0.0,10,0.5,0.012734048,0.009129367324589261
9.651,900.0818277904347,0.046846918953649085,0.0,0.2,0.2,20.249999999999996,0.8,0.8,900.0,0.003,0.0,10,0.5,0.0108924,0.009129369676476934
9.654,900.081827811898,0.04683543261548441,0.0,0.2,0.2,20.249999999999996,0.8,0.8,900.0,0.003,0.0,10,0.5,0.01095991,0.009129372005236551
9.657,900.0818278331533,0.04682385931703534,0.0,0.2,0.2,20.249999999999996,0.8,0.8,900.0,0.003,0.0,10,0.5,0.012628568,0.009129374311930801
9.66,900.0818278542107,0.0468122006285687,0.0,0.2,0.2,20.249999999999996,0.8,0.8,900.0,0.003,0.0,10,0.5,0.010957591,0.009129376597366434
9.663,900.0818278750769,0.04680045812537797,0.0,0.2,0.2,20.249999999999996,0.8,0.8,900.0,0.003,0.0,10,0.5,0.011188621,0.009129378862002966
9.666,900.0818278957545,0.046788633394482346,0.0,0.2,0.2,20.249999999999996,0.8,0.8,900.0,0.003,0.0,10,0.5,0.012830779,0.009129381106032385
9.669,900.0818279162519,0.0467767280085609,0.0,0.2,0.2,20.249999999999996,0.8,0.8,900.0,0.003,0.0,10,0.5,0.0108949,0.009129383329798523
9.672,900.0818279365693,0.04676474323845734,0.0,0.2,0.2,20.249999999999996,0.8,0.8,900.0,0.003,0.0,10,0.5,0.010885119,0.009129385533304172
9.675,900.0818279567037,0.04675268026344295,0.0,0.2,0.2,20.249999999999996,0.8,0.8,900.0,0.003,0.0,10,0.5,0.012528578,0.009129387716250253
9.678,900.0818279766504,0.046740540265296025,0.0,0.2,0.2,20.249999999999996,0.8,0.8,900.0,0.003,0.0,10,0.5,0.01077193,0.009129389878260872
9.681000000000001,900.0818279964109,0.046728324429328456,0.0,0.2,0.2,20.249999999999996,0.8,0.8,900.0,0.003,0.0,10,0.5,0.010977481,0.009129392019010122
9.684000000000001,900.0818280159907,0.04671603386662934,0.0,0.2,0.2,20.249999999999996,0.8,0.8,900.0,0.003,0.0,10,0.5,0.012773418,0.009129394139762863
9.687,900.0818280353899,0.04670366872126227,0.0,0.2,0.2,20.249999999999996,0.8,0.8,900.0,0.003,0.0,10,0.5,0.01077895,0.009129396241608852
9.69,900.0818280546199,0.046691228846936744,0.0,0.2,0.2,20.249999999999996,0.8,0.8,900.0,0.003,0.0,10,0.5,0.011977375,0.009129398325092238
9.693,900.0818280736859,0.04667871410011811,0.0,0.2,0.2,20.249999999999996,0.8,0.8,900.0,0.003,0.0,10,0.5,0.012922189,0.009129400390494194
9.696,900.0818280925897,0.04666612433830897,0.0,0.2,0.2,20.249999999999996,0.8,0.8,900.0,0.003,0.0,10,0.5,0.01097646,0.009129402437718311
9.699,900.0818281113286,0.04665345942013327,0.0,0.2,0.2,20.249999999999996,0.8,0.8,900.0,0.003,0.0,10,0.5,0.01091455,0.009129404466306123
9.702,900.0818281299019,0.04664071919510124,0.0,0.2,0.2,20.249999999999996,0.8,0.8,900.0,0.003,0.0,10,0.5,0.012986999,0.009129406475522373
9.705,900.0818281483,0.04662790351048104,0.0,0.2,0.2,20.249999999999996,0.8,0.8,900.0,0.003,0.0,10,0.5,0.01076421,0.009129408464550006
9.708,900.0818281665178,0.046615012199420616,0.0,0.2,0.2,20.249999999999996,0.8,0.8,900.0,0.003,0.0,10,0.5,0.010666248,0.009129410432886759
9.711,900.0818281845543,0.04660204498765474,0.0,0.2,0.2,20.249999999999996,0.8,0.8,900.0,0.003,0.0,10,0.5,0.012559907,0.009129412380097048
9.714,900.0818282023976,0.04658900157962069,0.0,0.2,0.2,20.249999999999996,0.8,0.8,900.0,0.003,0.0,10,0.5,0.011258742,0.009129414305813764
9.717,900.0818282200512,0.046575881683869315,0.0,0.2,0.2,20.249999999999996,0.8,0.8,900.0,0.003,0.0,10,0.5,0.01101363,0.009129416209829967
9.72,900.0818282375062,0.04656268500920135,0.0,0.2,0.2,20.249999999999996,0.8,0.8,900.0,0.003,0.0,10,0.5,0.012443568,0.009129418092015413
9.723,900.0818282547672,0.04654941127306484,0.0,0.2,0.2,20.249999999999996,0.8,0.8,900.0,0.003,0.0,10,0.5,0.01091703,0.009129419952365471
9.726,900.0818282718323,0.0465360602094115,0.0,0.2,0.2,20.249999999999996,0.8,0.8,900.0,0.003,0.0,10,0.5,0.011301591,0.009129421791034828
9.729000000000001,900.0818282887029,0.04652263153967731,0.0,0.2,0.2,20.249999999999996,0.8,0.8,900.0,0.003,0.0,10,0.5,0.012650638,0.009129423608253398
9.732,900.0818283053837,0.04650912498035807,0.0,0.2,0.2,20.249999999999996,0.8,0.8,900.0,0.003,0.0,10,0.5,0.011165072,0.009129425404265059
9.735,900.0818283218688,0.046495540253208185,0.0,0.2,0.2,20.249999999999996,0.8,0.8,900.0,0.003,0.0,10,0.5,0.01099305,0.009129427179304163
9.738,900.0818283381707,0.046481877085050374,0.0,0.2,0.2,20.249999999999996,0.8,0.8,900.0,0.003,0.0,10,0.5,0.012727378,0.00912942893360571
9.741,900.0818283542836,0.0464681352091646,0.0,0.2,0.2,20.249999999999996,0.8,0.8,900.0,0.003,0.0,10,0.5,0.01076747,0.009129430667445072
9.744,900.081828370214,0.04645431436051989,0.0,0.2,0.2,20.249999999999996,0.8,0.8,900.0,0.003,0.0,10,0.5,0.011055071,0.009129432381644743
9.747,900.0818283859741,0.04644041404721666,0.0,0.2,0.2,20.249999999999996,0.8,0.8,900.0,0.003,0.0,10,0.5,0.012559077,0.00912943407872954
9.75,900.081828401579,0.046426433257623974,0.0,0.2,0.2,20.249999999999996,0.8,0.8,900.0,0.003,0.0,10,0.5,0.011031291,0.009129435761580778
9.753,900.0818284170601,0.04641237096795627,0.0,0.2,0.2,20.249999999999996,0.8,0.8,900.0,0.003,0.0,10,0.5,0.01099671,0.009129437433008186
9.756,900.0818284324372,0.04639822616897079,0.0,0.2,0.2,20.249999999999996,0.8,0.8,900.0,0.003,0.0,10,0.5,0.012502207,0.009129439095081869
9.759,900.0818284477277,0.04638399786629657,0.0,0.2,0.2,20.249999999999996,0.8,0.8,900.0,0.003,0.0,10,0.5,0.01089666,0.009129440748692836
9.762,900.0818284629407,0.04636968507894341,0.0,0.2,0.2,20.249999999999996,0.8,0.8,900.0,0.003,0.0,10,0.5,0.011139281,0.009129442393588611
9.765,900.0818284780744,0.04635528684529286,0.0,0.2,0.2,20.249999999999996,0.8,0.8,900.0,0.003,0.0,10,0.5,0.012834169,0.009129444028489026
9.768,900.0818284931203,0.04634080222308948,0.0,0.2,0.2,20.249999999999996,0.8,0.8,900.0,0.003,0.0,10,0.5,0.011177711,0.009129445651243106
9.771,900.0818285080612,0.04632623027179851,0.0,0.2,0.2,20.249999999999996,0.8,0.8,900.0,0.003,0.0,10,0.5,0.010845719,0.009129447259276615
9.774000000000001,900.0818285228706,0.046311570008879845,0.0,0.2,0.2,20.249999999999996,0.8,0.8,900.0,0.003,0.0,10,0.5,0.012507377,0.009129448849584599
9.777000000000001,900.0818285375203,0.0462968204582755,0.0,0.2,0.2,20.249999999999996,0.8,0.8,900.0,0.003,0.0,10,0.5,0.011045511,0.009129450418860553
9.78,900.0818285519834,0.04628198065725774,0.0,0.2,0.2,20.249999999999996,0.8,0.8,900.0,0.003,0.0,10,0.5,0.010826489,0.009129451963780226
9.783,900.0818285662243,0.046267049650179776,0.0,0.2,0.2,20.249999999999996,0.8,0.8,900.0,0.003,0.0,10,0.5,0.013265011,0.009129453481083809
9.786,900.081828580219,0.04625202649918027,0.0,0.2,0.2,20.249999999999996,0.8,0.8,900.0,0.003,0.0,10,0.5,0.011051561,0.009129454967749575
9.789,900.0818285939376,0.04623691028093207,0.0,0.2,0.2,20.249999999999996,0.8,0.8,900.0,0.003,0.0,10,0.5,0.0110186,0.009129456421057612
9.792,900.0818286073576,0.04622170008714585,0.0,0.2,0.2,20.249999999999996,0.8,0.8,900.0,0.003,0.0,10,0.5,0.012657319,0.009129457838614631
9.795,900.081828620458,0.04620639502948786,0.0,0.2,0.2,20.249999999999996,0.8,0.8,900.0,0.003,0.0,10,0.5,0.01095227,0.009129459218409929
9.798,900.0818286332145,0.046190994240698474,0.0,0.2,0.2,20.249999999999996,0.8,0.8,900.0,0.003,0.0,10,0.5,0.011153631,0.009129460558841795
9.801,900.0818286456201,0.04617549687532032,0.0,0.2,0.2,20.249999999999996,0.8,0.8,900.0,0.003,0.0,10,0.5,0.012436207,0.009129461858746208
9.804,900.0818286576614,0.046159902110057945,0.0,0.2,0.2,20.249999999999996,0.8,0.8,900.0,0.003,0.0,10,0.5,0.011029691,0.009129463117396522
9.807,900.08182866933,0.04614420914278377,0.0,0.2,0.2,20.249999999999996,0.8,0.8,900.0,0.003,0.0,10,0.5,0.011298732,0.009129464334533433
9.81,900.0818286806289,0.046128417173613205,0.0,0.2,0.2,20.249999999999996,0.8,0.8,900.0,0.003,0.0,10,0.5,0.012865839,0.009129465510295864
9.813,900.0818286915528,0.04611252541062305,0.0,0.2,0.2,20.249999999999996,0.8,0.8,900.0,0.003,0.0,10,0.5,0.011138021,0.009129466645184405
9.816,900.0818287021104,0.04609653309329054,0.0,0.2,0.2,20.249999999999996,0.8,0.8,900.0,0.003,0.0,10,0.5,0.01102187,0.009129467740093994
9.819,900.0818287123091,0.046080439487054495,0.0,0.2,0.2,20.249999999999996,0.8,0.8,900.0,0.003,0.0,10,0.5,0.0128893,0.009129468796279261
9.822000000000001,900.081828722162,0.04606424387043299,0.0,0.2,0.2,20.249999999999996,0.8,0.8,900.0,0.003,0.0,10,0.5,0.01095928,0.009129469815249288
9.825000000000001,900.0818287316762,0.046047945532957116,0.0,0.2,0.2,20.249999999999996,0.8,0.8,900.0,0.003,0.0,10,0.5,0.011177301,0.009129470798516169
9.828,900.0818287408713,0.046031543790970804,0.0,0.2,0.2,20.249999999999996,0.8,0.8,900.0,0.003,0.0,10,0.5,0.012477077,0.009129471747500386
9.831,900.0818287497576,0.046015037987877934,0.0,0.2,0.2,20.249999999999996,0.8,0.8,900.0,0.003,0.0,10,0.5,0.01112351,0.009129472663321815
9.834,900.0818287583593,0.04599842737642335,0.0,0.2,0.2,20.249999999999996,0.8,0.8,900.0,0.003,0.0,10,0.5,0.01100544,0.009129473546949136
9.837,900.0818287666682,0.04598171094054832,0.0,0.2,0.2,20.249999999999996,0.8,0.8,900.0,0.003,0.0,10,0.5,0.012833129,0.00912947439944714
9.84,900.0818287747022,0.045964887783567984,0.0,0.2,0.2,20.249999999999996,0.8,0.8,900.0,0.003,0.0,10,0.5,0.011268382,0.009129475221368975
9.843,900.0818287824593,0.04594795706462505,0.0,0.2,0.2,20.249999999999996,0.8,0.8,900.0,0.003,0.0,10,0.5,0.01091252,0.00912947601280587
9.846,900.0818287899386,0.04593091797612625,0.0,0.2,0.2,20.249999999999996,0.8,0.8,900.0,0.003,0.0,10,0.5,0.012642898,0.00912947677352442
9.849,900.081828797144,0.04591376973744451,0.0,0.2,0.2,20.249999999999996,0.8,0.8,900.0,0.003,0.0,10,0.5,0.011340852,0.009129477503122064
9.852,900.0818288040665,0.045896511596033335,0.0,0.2,0.2,20.249999999999996,0.8,0.8,900.0,0.003,0.0,10,0.5,0.011200601,0.009129478201112014
9.855,900.0818288107073,0.045879142830098404,0.0,0.2,0.2,20.249999999999996,0.8,0.8,900.0,0.003,0.0,10,0.5,0.012473538,0.009129478866998173
9.858,900.0818288170559,0.04586166274825873,0.0,0.2,0.2,20.249999999999996,0.8,0.8,900.0,0.003,0.0,10,0.5,0.0110508,0.00912947950047181
9.861,900.0818288231144,0.04584407067605859,0.0,0.2,0.2,20.249999999999996,0.8,0.8,900.0,0.003,0.0,10,0.5,0.01093742,0.00912948010123765
9.864,900.0818288288774,0.045826365964611204,0.0,0.2,0.2,20.249999999999996,0.8,0.8,900.0,0.003,0.0,10,0.5,0.012470828,0.009129480669157402
9.867,900.0818288343462,0.04580854799618731,0.0,0.2,0.2,20.249999999999996,0.8,0.8,900.0,0.003,0.0,10,0.5,0.01094768,0.009129481204397329
9.870000000000001,900.0818288395233,0.0457906161855001,0.0,0.2,0.2,20.249999999999996,0.8,0.8,900.0,0.003,0.0,10,0.5,0.01103511,0.009129481707618688
9.873,900.0818288444162,0.04577256996542547,0.0,0.2,0.2,20.249999999999996,0.8,0.8,900.0,0.003,0.0,10,0.5,0.012660748,0.009129482179808227
9.876,900.0818288490386,0.0457544085315066,0.0,0.2,0.2,20.249999999999996,0.8,0.8,900.0,0.003,0.0,10,0.5,0.010818299,0.00912948262221934
9.879,900.0818288533891,0.04573613108257637,0.0,0.2,0.2,20.249999999999996,0.8,0.8,900.0,0.003,0.0,10,0.5,0.01090059,0.00912948303678949
9.882,900.0818288574922,0.04571773695517137,0.0,0.2,0.2,20.249999999999996,0.8,0.8,900.0,0.003,0.0,10,0.5,0.012776809,0.009129483425616893
9.885,900.0818288613623,0.04569922553114167,0.0,0.2,0.2,20.249999999999996,0.8,0.8,900.0,0.003,0.0,10,0.5,0.01087105,0.00912948379086937
9.888,900.08182886502,0.04568059622380724,0.0,0.2,0.2,20.249999999999996,0.8,0.8,900.0,0.003,0.0,10,0.5,0.011238941,0.009129484134831013
9.891,900.0818288684852,0.04566184847511462,0.0,0.2,0.2,20.249999999999996,0.8,0.8,900.0,0.003,0.0,10,0.5,0.012823138,0.009129484459909841
9.894,900.0818288717816,0.04564298175625865,0.0,0.2,0.2,20.249999999999996,0.8,0.8,900.0,0.003,0.0,10,0.5,0.01074845,0.009129484768481643
9.897,900.0818288749285,0.045623995585788495,0.0,0.2,0.2,20.249999999999996,0.8,0.8,900.0,0.003,0.0,10,0.5,0.01096526,0.009129485062717244
9.9,900.0818288779482,0.04560488953946289,0.0,0.2,0.2,20.249999999999996,0.8,0.8,900.0,0.003,0.0,10,0.5,0.012598078,0.009129485344619725
9.903,900.0818288808514,0.04558566322326822,0.0,0.2,0.2,20.249999999999996,0.8,0.8,900.0,0.003,0.0,10,0.5,0.01084287,0.00912948561597118
9.906,900.0818288836616,0.045566316278517635,0.0,0.2,0.2,20.249999999999996,0.8,0.8,900.0,0.003,0.0,10,0.5,0.01090125,0.009129485878360434
9.909,900.0818288863913,0.04554684838345918,0.0,0.2,0.2,20.249999999999996,0.8,0.8,900.0,0.003,0.0,10,0.5,0.01316384,0.00912948613322032
9.912,900.0818288890534,0.04552725925375967,0.0,0.2,0.2,20.249999999999996,0.8,0.8,900.0,0.003,0.0,10,0.5,0.011184561,0.00912948638186333
9.915000000000001,900.0818288916577,0.045507548634390695,0.0,0.2,0.2,20.249999999999996,0.8,0.8,900.0,0.003,0.0,10,0.5,0.010799309,0.009129486625443108
9.918000000000001,900.0818288942146,0.04548771630591077,0.0,0.2,0.2,20.249999999999996,0.8,0.8,900.0,0.003,0.0,10,0.5,0.012683138,0.009129486864926496
9.921,900.0818288967365,0.0454677620861502,0.0,0.2,0.2,20.249999999999996,0.8,0.8,900.0,0.003,0.0,10,0.5,0.011225822,0.009129487101078335
9.924,900.081828899229,0.04544768582117537,0.0,0.2,0.2,20.249999999999996,0.8,0.8,900.0,0.003,0.0,10,0.5,0.01092684,0.009129487334687846
9.927,900.0818289016952,0.04542748727687577,0.0,0.2,0.2,20.249999999999996,0.8,0.8,900.0,0.003,0.0,10,0.5,0.012577268,0.009129487566705051
9.93,900.0818289041501,0.045407166162094434,0.0,0.2,0.2,20.249999999999996,0.8,0.8,900.0,0.003,0.0,10,0.5,0.01097509,0.009129487798151353
9.933,900.0818289065987,0.04538672220615597,0.0,0.2,0.2,20.249999999999996,0.8,0.8,900.0,0.003,0.0,10,0.5,0.011076301,0.009129488029870361
9.936,900.08182890905,0.04536615517505139,0.0,0.2,0.2,20.249999999999996,0.8,0.8,900.0,0.003,0.0,10,0.5,0.012778699,0.009129488262523196
9.939,900.0818289115085,0.04534546484689382,0.0,0.2,0.2,20.249999999999996,0.8,0.8,900.0,0.003,0.0,10,0.5,0.01094199,0.009129488496586886
9.942,900.081828913979,0.04532465102806874,0.0,0.2,0.2,20.249999999999996,0.8,0.8,900.0,0.003,0.0,10,0.5,0.01088898,0.009129488732283333
9.945,900.0818289164636,0.04530371356460276,0.0,0.2,0.2,20.249999999999996,0.8,0.8,900.0,0.003,0.0,10,0.5,0.012444467,0.009129488969627026
9.948,900.081828918963,0.045282652342116606,0.0,0.2,0.2,20.249999999999996,0.8,0.8,900.0,0.003,0.0,10,0.5,0.0109846,0.009129489208411815
9.951,900.0818289214751,0.045261467285672645,0.0,0.2,0.2,20.249999999999996,0.8,0.8,900.0,0.003,0.0,10,0.5,0.011055101,0.00912948944820809
9.954,900.0818289239933,0.0452401583596036,0.0,0.2,0.2,20.249999999999996,0.8,0.8,900.0,0.003,0.0,10,0.5,0.013337381,0.009129489688333
9.957,900.0818289265202,0.04521872556646512,0.0,0.2,0.2,20.249999999999996,0.8,0.8,900.0,0.003,0.0,10,0.5,0.01080414,0.009129489928444432
9.96,900.081828929044,0.04519716874614505,0.0,0.2,0.2,20.249999999999996,0.8,0.8,900.0,0.003,0.0,10,0.5,0.011069471,0.00912949016872796
9.963000000000001,900.08182893157,0.04517548761477764,0.0,0.2,0.2,20.249999999999996,0.8,0.8,900.0,0.003,0.0,10,0.5,0.012591578,0.009129490409466593
9.966000000000001,900.081828934106,0.04515368187866481,0.0,0.2,0.2,20.249999999999996,0.8,0.8,900.0,0.003,0.0,10,0.5,0.010636748,0.009129490650321478
9.969,900.0818289366423,0.0451317512709303,0.0,0.2,0.2,20.249999999999996,0.8,0.8,900.0,0.003,0.0,10,0.5,0.011199242,0.009129490890242972
9.972,900.0818289391656,0.045109695559860524,0.0,0.2,0.2,20.249999999999996,0.8,0.8,900.0,0.003,0.0,10,0.5,0.01306852,0.009129491127579584
9.975,900.0818289416687,0.045087514547856256,0.0,0.2,0.2,20.249999999999996,0.8,0.8,900.0,0.003,0.0,10,0.5,0.011080541,0.009129491360231223
9.978,900.0818289441276,0.04506520806691304,0.0,0.2,0.2,20.249999999999996,0.8,0.8,900.0,0.003,0.0,10,0.5,0.010770569,0.00912949158584719
9.981,900.081828946522,0.04504277597587278,0.0,0.2,0.2,20.249999999999996,0.8,0.8,900.0,0.003,0.0,10,0.5,0.012553488,0.009129491801904093
9.984,900.0818289488307,0.045020218167982795,0.0,0.2,0.2,20.249999999999996,0.8,0.8,900.0,0.003,0.0,10,0.5,0.01103002,0.009129492005855736
9.987,900.0818289510289,0.04499753457474773,0.0,0.2,0.2,20.249999999999996,0.8,0.8,900.0,0.003,0.0,10,0.5,0.0108848,0.00912949219513246
9.99,900.0818289530963,0.044974725164705576,0.0,0.2,0.2,20.249999999999996,0.8,0.8,900.0,0.003,0.0,10,0.5,0.012745819,0.009129492367163096
9.993,900.0818289550039,0.044951789940854095,0.0,0.2,0.2,20.249999999999996,0.8,0.8,900.0,0.003,0.0,10,0.5,0.01090871,0.009129492519425884
9.996,900.0818289567379,0.0449287289400907,0.0,0.2,0.2,20.249999999999996,0.8,0.8,900.0,0.003,0.0,10,0.5,0.011126791,0.00912949264951378
9.999,900.0818289582713,0.044905542231332744,0.0,0.2,0.2,20.249999999999996,0.8,0.8,900.0,0.003,0.0,10,0.5,0.012890799,0.009129492755211507
10.002,900.0818289595837,0.044882229914533,0.0,0.2,0.2,20.249999999999996,0.8,0.8,900.0,0.003,0.0,10,0.5,0.011167231,0.009129492834489165
10.005,900.0818289606591,0.044858792134680366,0.0,0.2,0.2,20.249999999999996,0.8,0.8,900.0,0.003,0.0,10,0.5,0.01085317,0.009129492885585865
10.008000000000001,900.0818289614798,0.04483522907009162,0.0,0.2,0.2,20.249999999999996,0.8,0.8,900.0,0.003,0.0,10,0.5,0.012416717,0.0091294929070526
10.011000000000001,900.0818289620335,0.044811540926806795,0.0,0.2,0.2,20.249999999999996,0.8,0.8,900.0,0.003,0.0,10,0.5,0.01085166,0.009129492897699387
10.014,900.0818289623123,0.044787727958785876,0.0,0.2,0.2,20.249999999999996,0.8,0.8,900.0,0.003,0.0,10,0.5,0.01098388,0.009129492856629885
10.017,900.0818289623038,0.04476379043768924,0.0,0.2,0.2,20.249999999999996,0.8,0.8,900.0,0.003,0.0,10,0.5,0.012768069,0.009129492783511006
10.02,900.0818289620065,0.04473972844191876,0.0,0.2,0.2,20.249999999999996,0.8,0.8,900.0,0.003,0.0,10,0.5,0.01106517,0.00912949267783363
10.023,900.0818289614168,0.04471554202559569,0.0,0.2,0.2,20.249999999999996,0.8,0.8,900.0,0.003,0.0,10,0.5,0.011248011,0.009129492538841362
10.026,900.0818289605282,0.04469123127044711,0.0,0.2,0.2,20.249999999999996,0.8,0.8,900.0,0.003,0.0,10,0.5,0.012477797,0.009129492365592318
10.029,900.0818289593271,0.04466679628542247,0.0,0.2,0.2,20.249999999999996,0.8,0.8,900.0,0.003,0.0,10,0.5,0.01106462,0.009129492157056846
10.032,900.0818289578096,0.044642237206247735,0.0,0.2,0.2,20.249999999999996,0.8,0.8,900.0,0.003,0.0,10,0.5,0.011039881,0.009129491912285313
10.035,900.0818289559658,0.044617554195032105,0.0,0.2,0.2,20.249999999999996,0.8,0.8,900.0,0.003,0.0,10,0.5,0.012563438,0.009129491630576952
10.038,900.0818289537937,0.04459274743854702,0.0,0.2,0.2,20.249999999999996,0.8,0.8,900.0,0.003,0.0,10,0.5,0.010771409,0.00912949131294576
10.041,900.0818289512977,0.04456781655704794,0.0,0.2,0.2,20.249999999999996,0.8,0.8,900.0,0.003,0.0,10,0.5,0.01099134,0.00912949096210977
10.044,900.0818289485073,0.04454276070898979,0.0,0.2,0.2,20.249999999999996,0.8,0.8,900.0,0.003,0.0,10,0.5,0.012684629,0.009129490580919046
10.047,900.081828945443,0.04451757907714132,0.0,0.2,0.2,20.249999999999996,0.8,0.8,900.0,0.003,0.0,10,0.5,0.010702339,0.009129490172299639
10.05,900.0818289421284,0.044492270869105226,0.0,0.2,0.2,20.249999999999996,0.8,0.8,900.0,0.003,0.0,10,0.5,0.011172771,0.009129489738805112
10.053,900.0818289385902,0.04446683531603282,0.0,0.2,0.2,20.249999999999996,0.8,0.8,900.0,0.003,0.0,10,0.5,0.012780869,0.009129489282400835
10.056000000000001,900.0818289348443,0.04444127167309132,0.0,0.2,0.2,20.249999999999996,0.8,0.8,900.0,0.003,0.0,10,0.5,0.01099968,0.009129488804578216
10.059000000000001,900.0818289309065,0.04441557920951254,0.0,0.2,0.2,20.249999999999996,0.8,0.8,900.0,0.003,0.0,10,0.5,0.01076414,0.009129488306657028
10.062,900.0818289267863,0.044389757189382255,0.0,0.2,0.2,20.249999999999996,0.8,0.8,900.0,0.003,0.0,10,0.5,0.012877639,0.009129487790013956
10.065,900.0818289224947,0.04436380489713275,0.0,0.2,0.2,20.249999999999996,0.8,0.8,900.0,0.003,0.0,10,0.5,0.011083271,0.009129487256300141
10.068,900.0818289180542,0.04433772163820294,0.0,0.2,0.2,20.249999999999996,0.8,0.8,900.0,0.003,0.0,10,0.5,0.010733409,0.009129486707442206
10.071,900.0818289134733,0.04431150674060239,0.0,0.2,0.2,20.249999999999996,0.8,0.8,900.0,0.003,0.0,10,0.5,0.012675028,0.009129486145565366
10.074,900.0818289087747,0.04428515955494879,0.0,0.2,0.2,20.249999999999996,0.8,0.8,900.0,0.003,0.0,10,0.5,0.011032181,0.009129485572854647
10.077,900.0818289039797,0.04425867945440255,0.0,0.2,0.2,20.249999999999996,0.8,0.8,900.0,0.003,0.0,10,0.5,0.011076131,0.009129484991436322
10.08,900.0818288991023,0.044232065833268844,0.0,0.2,0.2,20.249999999999996,0.8,0.8,900.0,0.003,0.0,10,0.5,0.012600068,0.009129484403333846
10.083,900.0818288941671,0.04420531809595433,0.0,0.2,0.2,20.249999999999996,0.8,0.8,900.0,0.003,0.0,10,0.5,0.011128841,0.00912948381044756
10.086,900.0818288891858,0.04417843566516286,0.0,0.2,0.2,20.249999999999996,0.8,0.8,900.0,0.003,0.0,10,0.5,0.011220721,0.009129483214558006
10.089,900.0818288841789,0.04415141798454289,0.0,0.2,0.2,20.249999999999996,0.8,0.8,900.0,0.003,0.0,10,0.5,0.012710289,0.00912948261734849
10.092,900.0818288791567,0.04412426451827639,0.0,0.2,0.2,20.249999999999996,0.8,0.8,900.0,0.003,0.0,10,0.5,0.01091542,0.009129482020376266
10.095,900.0818288741383,0.04409697475046347,0.0,0.2,0.2,20.249999999999996,0.8,0.8,900.0,0.003,0.0,10,0.5,0.01102721,0.009129481425041577
10.098,900.081828869134,0.04406954818406135,0.0,0.2,0.2,20.249999999999996,0.8,0.8,900.0,0.003,0.0,10,0.5,0.012886539,0.009129480832569623
10.101,900.081828864152,0.044041984341658694,0.0,0.2,0.2,20.249999999999996,0.8,0.8,900.0,0.003,0.0,10,0.5,0.01093127,0.009129480243999144
10.104000000000001,900.0818288592061,0.04401428276717632,0.0,0.2,0.2,20.249999999999996,0.8,0.8,900.0,0.003,0.0,10,0.5,0.01106348,0.009129479660169172
10.107000000000001,900.0818288542999,0.04398644302551835,0.0,0.2,0.2,20.249999999999996,0.8,0.8,900.0,0.003,0.0,10,0.5,0.012871269,0.00912947908170621
10.11,900.0818288494427,0.04395846470204692,0.0,0.2,0.2,20.249999999999996,0.8,0.8,900.0,0.003,0.0,10,0.5,0.0110271,0.009129478508996711
10.113,900.0818288446379,0.04393034740042195,0.0,0.2,0.2,20.249999999999996,0.8,0.8,900.0,0.003,0.0,10,0.5,0.011034991,0.009129477942189424
10.116,900.0818288398852,0.04390209074456158,0.0,0.2,0.2,20.249999999999996,0.8,0.8,900.0,0.003,0.0,10,0.5,0.012583737,0.009129477381206515
10.119,900.0818288351846,0.043873694375647136,0.0,0.2,0.2,20.249999999999996,0.8,0.8,900.0,0.003,0.0,10,0.5,0.01085988,0.00912947682577891
10.122,900.0818288305314,0.04384515793576005,0.0,0.2,0.2,20.249999999999996,0.8,0.8,900.0,0.003,0.0,10,0.5,0.01091093,0.00912947627531402
10.125,900.0818288259261,0.04381648108054239,0.0,0.2,0.2,20.249999999999996,0.8,0.8,900.0,0.003,0.0,10,0.5,0.01292611,0.009129475728967756
10.128,900.0818288213553,0.043787663486461056,0.0,0.2,0.2,20.249999999999996,0.8,0.8,900.0,0.003,0.0,10,0.5,0.011230801,0.009129475185726368
10.131,900.0818288168125,0.04375870484542995,0.0,0.2,0.2,20.249999999999996,0.8,0.8,900.0,0.003,0.0,10,0.5,0.011356883,0.009129474644496566
10.134,900.0818288122867,0.04372960482342835,0.0,0.2,0.2,20.249999999999996,0.8,0.8,900.0,0.003,0.0,10,0.5,0.012742408,0.009129474104374471
10.137,900.081828807771,0.04370036298876112,0.0,0.2,0.2,20.249999999999996,0.8,0.8,900.0,0.003,0.0,10,0.5,0.01091944,0.009129473564385631
10.14,900.0818288032557,0.04367097892327513,0.0,0.2,0.2,20.249999999999996,0.8,0.8,900.0,0.003,0.0,10,0.5,0.011029871,0.009129473023612786
10.143,900.0818287987336,0.043641452209968956,0.0,0.2,0.2,20.249999999999996,0.8,0.8,900.0,0.003,0.0,10,0.5,0.012859899,0.009129472481181395
10.146,900.0818287941921,0.04361178240284413,0.0,0.2,0.2,20.249999999999996,0.8,0.8,900.0,0.003,0.0,10,0.5,0.011146701,0.009129471936114335
10.149000000000001,900.081828789632,0.043581969042860005,0.0,0.2,0.2,20.249999999999996,0.8,0.8,900.0,0.003,0.0,10,0.5,0.011132251,0.009129471387397326
10.152000000000001,900.0818287850377,0.043552011617460425,0.0,0.2,0.2,20.249999999999996,0.8,0.8,900.0,0.003,0.0,10,0.5,0.012654108,0.009129470833711425
10.155,900.0818287803968,0.04352190962298473,0.0,0.2,0.2,20.249999999999996,0.8,0.8,900.0,0.003,0.0,10,0.5,0.01097103,0.009129470273199092
10.158,900.0818287756915,0.04349166258820601,0.0,0.2,0.2,20.249999999999996,0.8,0.8,900.0,0.003,0.0,10,0.5,0.01083327,0.009129469703510472
10.161,900.081828770903,0.0434612700846247,0.0,0.2,0.2,20.249999999999996,0.8,0.8,900.0,0.003,0.0,10,0.5,0.012613807,0.009129469122099677
10.164,900.08182876601,0.04343073170290031,0.0,0.2,0.2,20.249999999999996,0.8,0.8,900.0,0.003,0.0,10,0.5,0.010805,0.009129468526365153
10.167,900.0818287609856,0.043400047053270205,0.0,0.2,0.2,20.249999999999996,0.8,0.8,900.0,0.003,0.0,10,0.5,0.011220792,0.0091294679137224
10.17,900.08182875581,0.04336921576529924,0.0,0.2,0.2,20.249999999999996,0.8,0.8,900.0,0.003,0.0,10,0.5,0.012518087,0.009129467281681
10.173,900.0818287504588,0.04333823748455849,0.0,0.2,0.2,20.249999999999996,0.8,0.8,900.0,0.003,0.0,10,0.5,0.01082511,0.009129466627783737
10.176,900.0818287449089,0.043307111876148906,0.0,0.2,0.2,20.249999999999996,0.8,0.8,900.0,0.003,0.0,10,0.5,0.011211201,0.00912946594961047
10.179,900.0818287391445,0.04327583862347482,0.0,0.2,0.2,20.249999999999996,0.8,0.8,900.0,0.003,0.0,10,0.5,0.01293729,0.009129465244786462
10.182,900.0818287331352,0.043244417422530615,0.0,0.2,0.2,20.249999999999996,0.8,0.8,900.0,0.003,0.0,10,0.5,0.010710369,0.009129464510925611
10.185,900.0818287268661,0.043212847987843216,0.0,0.2,0.2,20.249999999999996,0.8,0.8,900.0,0.003,0.0,10,0.5,0.01092445,0.009129463745686815
10.188,900.0818287203141,0.043181130054542584,0.0,0.2,0.2,20.249999999999996,0.8,0.8,900.0,0.003,0.0,10,0.5,0.012925079,0.009129462946832126
10.191,900.0818287134549,0.043149263378492814,0.0,0.2,0.2,20.249999999999996,0.8,0.8,900.0,0.003,0.0,10,0.5,0.01081744,0.009129462112271614
10.194,900.0818287062802,0.043117247736109726,0.0,0.2,0.2,20.249999999999996,0.8,0.8,900.0,0.003,0.0,10,0.5,0.010731869,0.009129461240184959
10.197000000000001,900.0818286987655,0.04308508291403911,0.0,0.2,0.2,20.249999999999996,0.8,0.8,900.0,0.003,0.0,10,0.5,0.012618688,0.009129460329135712
10.200000000000001,900.0818286909104,0.04305276868722772,0.0,0.2,0.2,20.249999999999996,0.8,0.8,900.0,0.003,0.0,10,0.5,0.010759979,0.009129459377935172
10.203,900.0818286826967,0.043020304649233364,0.0,0.2,0.2,20.249999999999996,0.8,0.8,900.0,0.003,0.0,10,0.5,0.011079452,0.009129458385667777
10.206,900.0818286741114,0.04298769044406445,0.0,0.2,0.2,20.249999999999996,0.8,0.8,900.0,0.003,0.0,10,0.5,0.012598257,0.009129457351606663
10.209,900.0818286651507,0.042954925806746175,0.0,0.2,0.2,20.249999999999996,0.8,0.8,900.0,0.003,0.0,10,0.5,0.010975031,0.009129456275208031
10.212,900.0818286558093,0.04292201049354921,0.0,0.2,0.2,20.249999999999996,0.8,0.8,900.0,0.003,0.0,10,0.5,0.01102724,0.009129455156133916
10.215,900.0818286460877,0.042888944259233966,0.0,0.2,0.2,20.249999999999996,0.8,0.8,900.0,0.003,0.0,10,0.5,0.012753218,0.009129453994302915
10.218,900.0818286359756,0.04285572684762561,0.0,0.2,0.2,20.249999999999996,0.8,0.8,900.0,0.003,0.0,10,0.5,0.01082455,0.00912945278982126
10.221,900.0818286254839,0.042822357995429196,0.0,0.2,0.2,20.249999999999996,0.8,0.8,900.0,0.003,0.0,10,0.5,0.01087019,0.00912945154285098
10.224,900.0818286146072,0.042788837429685984,0.0,0.2,0.2,20.249999999999996,0.8,0.8,900.0,0.003,0.0,10,0.5,0.012503237,0.00912945025366112
10.227,900.081828603347,0.042755164886609444,0.0,0.2,0.2,20.249999999999996,0.8,0.8,900.0,0.003,0.0,10,0.5,0.011059641,0.009129448922605967
10.23,900.0818285917131,0.042721340123367105,0.0,0.2,0.2,20.249999999999996,0.8,0.8,900.0,0.003,0.0,10,0.5,0.010814359,0.009129447550172344
10.233,900.0818285797047,0.04268736290877879,0.0,0.2,0.2,20.249999999999996,0.8,0.8,900.0,0.003,0.0,10,0.5,0.012311817,0.009129446137026563
10.236,900.0818285673301,0.04265323301255264,0.0,0.2,0.2,20.249999999999996,0.8,0.8,900.0,0.003,0.0,10,0.5,0.011153081,0.00912944468408704
10.239,900.0818285545967,0.042618950205607194,0.0,0.2,0.2,20.249999999999996,0.8,0.8,900.0,0.003,0.0,10,0.5,0.011046931,0.009129443192428198
10.242,900.0818285415112,0.0425845142716438,0.0,0.2,0.2,20.249999999999996,0.8,0.8,900.0,0.003,0.0,10,0.5,0.012942769,0.009129441663212447
10.245000000000001,900.0818285280898,0.04254992501471406,0.0,0.2,0.2,20.249999999999996,0.8,0.8,900.0,0.003,0.0,10,0.5,0.01081619,0.009129440097710087
10.248,900.0818285143416,0.04251518226188939,0.0,0.2,0.2,20.249999999999996,0.8,0.8,900.0,0.003,0.0,10,0.5,0.011329862,0.009129438497317587
10.251,900.0818285002744,0.042480285862517474,0.0,0.2,0.2,20.249999999999996,0.8,0.8,900.0,0.003,0.0,10,0.5,0.012894249,0.009129436863611826
10.254,900.0818284859096,0.042445235685207125,0.0,0.2,0.2,20.249999999999996,0.8,0.8,900.0,0.003,0.0,10,0.5,0.010688799,0.009129435198347505
10.257,900.0818284712575,0.0424100316216196,0.0,0.2,0.2,20.249999999999996,0.8,0.8,900.0,0.003,0.0,10,0.5,0.01096319,0.009129433503607523
10.26,900.0818284563417,0.042374673528072795,0.0,0.2,0.2,20.249999999999996,0.8,0.8,900.0,0.003,0.0,10,0.5,0.012777309,0.00912943178186347
10.263,900.0818284411814,0.042339161181328744,0.0,0.2,0.2,20.249999999999996,0.8,0.8,900.0,0.003,0.0,10,0.5,0.01090082,0.009129430035670748
10.266,900.0818284257981,0.0423034943751696,0.0,0.2,0.2,20.249999999999996,0.8,0.8,900.0,0.003,0.0,10,0.5,0.010968671,0.009129428267664677
10.269,900.081828410218,0.04226767292860463,0.0,0.2,0.2,20.249999999999996,0.8,0.8,900.0,0.003,0.0,10,0.5,0.012781618,0.009129426480453008
10.272,900.0818283944653,0.04223169668018325,0.0,0.2,0.2,20.249999999999996,0.8,0.8,900.0,0.003,0.0,10,0.5,0.011047581,0.009129424676585651
10.275,900.0818283785599,0.042195565460150075,0.0,0.2,0.2,20.249999999999996,0.8,0.8,900.0,0.003,0.0,10,0.5,0.010721599,0.0091294228584935
10.278,900.0818283625246,0.04215927911995055,0.0,0.2,0.2,20.249999999999996,0.8,0.8,900.0,0.003,0.0,10,0.5,0.01309102,0.009129421028494525
10.281,900.0818283463825,0.04212283753728107,0.0,0.2,0.2,20.249999999999996,0.8,0.8,900.0,0.003,0.0,10,0.5,0.010804,0.00912941918881637
10.284,900.0818283301505,0.04208624061183327,0.0,0.2,0.2,20.249999999999996,0.8,0.8,900.0,0.003,0.0,10,0.5,0.01090444,0.009129417341574048
10.287,900.0818283138493,0.04204948826609559,0.0,0.2,0.2,20.249999999999996,0.8,0.8,900.0,0.003,0.0,10,0.5,0.012805289,0.00912941548872409
10.290000000000001,900.0818282974942,0.04201258044857734,0.0,0.2,0.2,20.249999999999996,0.8,0.8,900.0,0.003,0.0,10,0.5,0.011571413,0.009129413632049027
10.293000000000001,900.0818282811034,0.04197551713413613,0.0,0.2,0.2,20.249999999999996,0.8,0.8,900.0,0.003,0.0,10,0.5,0.01098063,0.009129411773139933
10.296,900.0818282646935,0.041938298324424354,0.0,0.2,0.2,20.249999999999996,0.8,0.8,900.0,0.003,0.0,10,0.5,0.012528357,0.009129409913499479
10.299,900.0818282482768,0.04190092399415936,0.0,0.2,0.2,20.249999999999996,0.8,0.8,900.0,0.003,0.0,10,0.5,0.011110331,0.00912940805448216
10.302,900.0818282318606,0.041863394092541716,0.0,0.2,0.2,20.249999999999996,0.8,0.8,900.0,0.003,0.0,10,0.5,0.01096508,0.009129406197145702
10.305,900.0818282154576,0.041825708594551,0.0,0.2,0.2,20.249999999999996,0.8,0.8,900.0,0.003,0.0,10,0.5,0.012446227,0.009129404342422563
10.308,900.0818281990784,0.041787867500905546,0.0,0.2,0.2,20.249999999999996,0.8,0.8,900.0,0.003,0.0,10,0.5,0.01089668,0.009129402491123354
10.311,900.0818281827286,0.04174987083750377,0.0,0.2,0.2,20.249999999999996,0.8,0.8,900.0,0.003,0.0,10,0.5,0.01092152,0.009129400643935548
10.314,900.0818281664143,0.041711718658079856,0.0,0.2,0.2,20.249999999999996,0.8,0.8,900.0,0.003,0.0,10,0.5,0.01303963,0.009129398801434438
10.317,900.0818281501381,0.041673411044553944,0.0,0.2,0.2,20.249999999999996,0.8,0.8,900.0,0.003,0.0,10,0.5,0.01094579,0.00912939696410914
10.32,900.0818281339077,0.04163494810664154,0.0,0.2,0.2,20.249999999999996,0.8,0.8,900.0,0.003,0.0,10,0.5,0.011075601,0.009129395132361464
10.323,900.0818281177294,0.04159632998254708,0.0,0.2,0.2,20.249999999999996,0.8,0.8,900.0,0.003,0.0,10,0.5,0.012881169,0.009129393306535082
10.326,900.0818281015999,0.0415575568381016,0.0,0.2,0.2,20.249999999999996,0.8,0.8,900.0,0.003,0.0,10,0.5,0.01073136,0.009129391487403632
10.329,900.0818280855327,0.041518628696636695,0.0,0.2,0.2,20.249999999999996,0.8,0.8,900.0,0.003,0.0,10,0.5,0.012411967,0.009129389676304974
10.332,900.081828069538,0.041479545373802315,0.0,0.2,0.2,20.249999999999996,0.8,0.8,900.0,0.003,0.0,10,0.5,0.012666628,0.00912938787390892
10.335,900.0818280536172,0.04144030670930081,0.0,0.2,0.2,20.249999999999996,0.8,0.8,900.0,0.003,0.0,10,0.5,0.01097531,0.009129386080630042
10.338000000000001,900.0818280377783,0.04140091256687633,0.0,0.2,0.2,20.249999999999996,0.8,0.8,900.0,0.003,0.0,10,0.5,0.011137892,0.009129384296729555
10.341000000000001,900.0818280220216,0.041361362836476616,0.0,0.2,0.2,20.249999999999996,0.8,0.8,900.0,0.003,0.0,10,0.5,0.012784598,0.009129382522294923
10.344,900.0818280063481,0.041321657440221427,0.0,0.2,0.2,20.249999999999996,0.8,0.8,900.0,0.003,0.0,10,0.5,0.010921851,0.009129380757250918
10.347,900.0818279907587,0.04128179632749204,0.0,0.2,0.2,20.249999999999996,0.8,0.8,900.0,0.003,0.0,10,0.5,0.010880039,0.009129379001392135
10.35,900.0818279752519,0.04124177947405353,0.0,0.2,0.2,20.249999999999996,0.8,0.8,900.0,0.003,0.0,10,0.5,0.012709308,0.009129377254397743
10.353,900.0818279598187,0.04120160688482424,0.0,0.2,0.2,20.249999999999996,0.8,0.8,900.0,0.003,0.0,10,0.5,0.01099953,0.009129375515877022
10.356,900.0818279444618,0.04116127858990059,0.0,0.2,0.2,20.249999999999996,0.8,0.8,900.0,0.003,0.0,10,0.5,0.0108144,0.009129373785454978
10.359,900.081827929176,0.04112079464536641,0.0,0.2,0.2,20.249999999999996,0.8,0.8,900.0,0.003,0.0,10,0.5,0.012533027,0.009129372062817111
10.362,900.0818279139595,0.04108015513258498,0.0,0.2,0.2,20.249999999999996,0.8,0.8,900.0,0.003,0.0,10,0.5,0.010856189,0.009129370347654578
10.365,900.0818278988077,0.041039360163350073,0.0,0.2,0.2,20.249999999999996,0.8,0.8,900.0,0.003,0.0,10,0.5,0.011024381,0.009129368639680474
10.368,900.0818278837194,0.04099840987432968,0.0,0.2,0.2,20.249999999999996,0.8,0.8,900.0,0.003,0.0,10,0.5,0.012438737,0.009129366938629244
10.371,900.0818278686936,0.04095730442422508,0.0,0.2,0.2,20.249999999999996,0.8,0.8,900.0,0.003,0.0,10,0.5,0.011075601,0.00912936524420751
10.374,900.0818278537259,0.04091604399880452,0.0,0.2,0.2,20.249999999999996,0.8,0.8,900.0,0.003,0.0,10,0.5,0.011436773,0.009129363556133894
10.377,900.0818278388108,0.04087462882047314,0.0,0.2,0.2,20.249999999999996,0.8,0.8,900.0,0.003,0.0,10,0.5,0.012715098,0.009129361874125753
10.38,900.0818278239492,0.04083305915233927,0.0,0.2,0.2,20.249999999999996,0.8,0.8,900.0,0.003,0.0,10,0.5,0.010738479,0.009129360197968894
10.383000000000001,900.0818278091391,0.040791335287158836,0.0,0.2,0.2,20.249999999999996,0.8,0.8,900.0,0.003,0.0,10,0.5,0.011255612,0.009129358527457438
10.386000000000001,900.0818277943791,0.04074945754411027,0.0,0.2,0.2,20.249999999999996,0.8,0.8,900.0,0.003,0.0,10,0.5,0.012922779,0.009129356862415313
10.389,900.0818277796665,0.04070742626977804,0.0,0.2,0.2,20.249999999999996,0.8,0.8,900.0,0.003,0.0,10,0.5,0.011052411,0.00912935520270686
10.392,900.0818277650009,0.04066524183838038,0.0,0.2,0.2,20.249999999999996,0.8,0.8,900.0,0.003,0.0,10,0.5,0.011157961,0.009129353548256251
10.395,900.0818277503786,0.040622904648666094,0.0,0.2,0.2,20.249999999999996,0.8,0.8,900.0,0.003,0.0,10,0.5,0.012704809,0.009129351899018725
10.398,900.0818277358026,0.04058041512651694,0.0,0.2,0.2,20.249999999999996,0.8,0.8,900.0,0.003,0.0,10,0.5,0.010765869,0.009129350254976762
10.401,900.0818277212724,0.04053777372672852,0.0,0.2,0.2,20.249999999999996,0.8,0.8,900.0,0.003,0.0,10,0.5,0.011085011,0.00912934861610111
10.404,900.0818277067852,0.04049498093438317,0.0,0.2,0.2,20.249999999999996,0.8,0.8,900.0,0.003,0.0,10,0.5,0.012838789,0.009129346982308386
10.407,900.0818276923437,0.040452037262809375,0.0,0.2,0.2,20.249999999999996,0.8,0.8,900.0,0.003,0.0,10,0.5,0.01098492,0.009129345353520073
10.41,900.081827677948,0.040408943247524365,0.0,0.2,0.2,20.249999999999996,0.8,0.8,900.0,0.003,0.0,10,0.5,0.010973931,0.009129343729594749
10.413,900.0818276635895,0.0403656994492441,0.0,0.2,0.2,20.249999999999996,0.8,0.8,900.0,0.003,0.0,10,0.5,0.012594777,0.009129342110322378
10.416,900.0818276492769,0.04032230645553095,0.0,0.2,0.2,20.249999999999996,0.8,0.8,900.0,0.003,0.0,10,0.5,0.010928501,0.009129340495490326
10.419,900.0818276349975,0.0402787648791544,0.0,0.2,0.2,20.249999999999996,0.8,0.8,900.0,0.003,0.0,10,0.5,0.010763259,0.009129338884781518
10.422,900.0818276207572,0.04023507536083428,0.0,0.2,0.2,20.249999999999996,0.8,0.8,900.0,0.003,0.0,10,0.5,0.012757549,0.009129337277833265
10.425,900.0818276065482,0.040191238569103005,0.0,0.2,0.2,20.249999999999996,0.8,0.8,900.0,0.003,0.0,10,0.5,0.011090471,0.009129335674309976
10.428,900.0818275923693,0.04014725517154556,0.0,0.2,0.2,20.249999999999996,0.8,0.8,900.0,0.003,0.0,10,0.5,0.011221801,0.009129334073847552
10.431000000000001,900.081827578216,0.040103125850745804,0.0,0.2,0.2,20.249999999999996,0.8,0.8,900.0,0.003,0.0,10,0.5,0.012738139,0.009129332476018947
10.434000000000001,900.0818275640843,0.040058851318157625,0.0,0.2,0.2,20.249999999999996,0.8,0.8,900.0,0.003,0.0,10,0.5,0.0109837,0.009129330880382794
10.437,900.0818275499697,0.04001443230967591,0.0,0.2,0.2,20.249999999999996,0.8,0.8,900.0,0.003,0.0,10,0.5,0.01085904,0.009129329286487716
10.44,900.0818275358716,0.0399698695892155,0.0,0.2,0.2,20.249999999999996,0.8,0.8,900.0,0.003,0.0,10,0.5,0.012285056,0.009129327693910392
10.443,900.0818275217802,0.039925163950211534,0.0,0.2,0.2,20.249999999999996,0.8,0.8,900.0,0.003,0.0,10,0.5,0.011445992,0.009129326102240575
10.446,900.0818275076966,0.03988031621649111,0.0,0.2,0.2,20.249999999999996,0.8,0.8,900.0,0.003,0.0,10,0.5,0.011012901,0.009129324511097922
10.449,900.0818274936154,0.03983532724234254,0.0,0.2,0.2,20.249999999999996,0.8,0.8,900.0,0.003,0.0,10,0.5,0.012680708,0.009129322920158535
10.452,900.0818274795356,0.039790197911614325,0.0,0.2,0.2,20.249999999999996,0.8,0.8,900.0,0.003,0.0,10,0.5,0.011894764,0.009129321329116853
10.455,900.0818274654517,0.03974492913739556,0.0,0.2,0.2,20.249999999999996,0.8,0.8,900.0,0.003,0.0,10,0.5,0.011579023,0.00912931973767201
10.458,900.0818274513614,0.03969952186251466,0.0,0.2,0.2,20.249999999999996,0.8,0.8,900.0,0.003,0.0,10,0.5,0.012871879,0.009129318145496725
10.461,900.0818274372647,0.03965397705865139,0.0,0.2,0.2,20.249999999999996,0.8,0.8,900.0,0.003,0.0,10,0.5,0.01096824,0.00912931655226555
10.464,900.0818274231535,0.03960829571931696,0.0,0.2,0.2,20.249999999999996,0.8,0.8,900.0,0.003,0.0,10,0.5,0.011227692,0.009129314957643174
10.467,900.0818274090311,0.039562478866893666,0.0,0.2,0.2,20.249999999999996,0.8,0.8,900.0,0.003,0.0,10,0.5,0.012690748,0.00912931336133081
10.47,900.0818273948936,0.03951652754684079,0.0,0.2,0.2,20.249999999999996,0.8,0.8,900.0,0.003,0.0,10,0.5,0.01083095,0.00912931176309457
10.473,900.081827380737,0.03947044280916809,0.0,0.2,0.2,20.249999999999996,0.8,0.8,900.0,0.003,0.0,10,0.5,0.01080325,0.009129310162716564
10.476,900.0818273665583,0.03942422572830122,0.0,0.2,0.2,20.249999999999996,0.8,0.8,900.0,0.003,0.0,10,0.5,0.01323517,0.009129308559978016
10.479000000000001,900.0818273523548,0.03937787740843554,0.0,0.2,0.2,20.249999999999996,0.8,0.8,900.0,0.003,0.0,10,0.5,0.011185172,0.009129306954618742
10.482000000000001,900.0818273381274,0.03933139898330716,0.0,0.2,0.2,20.249999999999996,0.8,0.8,900.0,0.003,0.0,10,0.5,0.01090353,0.009129305346315241
10.485,900.0818273238726,0.0392847916164063,0.0,0.2,0.2,20.249999999999996,0.8,0.8,900.0,0.003,0.0,10,0.5,0.012783679,0.009129303734682707
10.488,900.0818273095846,0.03923805650099629,0.0,0.2,0.2,20.249999999999996,0.8,0.8,900.0,0.003,0.0,10,0.5,0.01092712,0.009129302119314274
10.491,900.081827295259,0.03919119485457036,0.0,0.2,0.2,20.249999999999996,0.8,0.8,900.0,0.003,0.0,10,0.5,0.01088379,0.009129300499895913
10.494,900.0818272809003,0.03914420789151653,0.0,0.2,0.2,20.249999999999996,0.8,0.8,900.0,0.003,0.0,10,0.5,0.012838819,0.00912929887609193
10.497,900.081827266496,0.039097096845974,0.0,0.2,0.2,20.249999999999996,0.8,0.8,900.0,0.003,0.0,10,0.5,0.010843079,0.009129297247570245
10.5,900.0818272520511,0.03904986295752543,0.0,0.2,0.2,20.249999999999996,0.8,0.8,900.0,0.003,0.0,10,0.5,0.010973931,0.009129295614296746
10.503,900.08182723756,0.0390025074066538,0.0,0.2,0.2,20.249999999999996,0.8,0.8,900.0,0.003,0.0,10,0.5,0.012559657,0.009129293976389855
10.506,900.081827223028,0.03895503135816054,0.0,0.2,0.2,20.249999999999996,0.8,0.8,900.0,0.003,0.0,10,0.5,0.011245712,0.009129292333827307
10.509,900.0818272084517,0.038907435996128004,0.0,0.2,0.2,20.249999999999996,0.8,0.8,900.0,0.003,0.0,10,0.5,0.011032551,0.009129290686417872
10.512,900.0818271938317,0.03885972253402496,0.0,0.2,0.2,20.249999999999996,0.8,0.8,900.0,0.003,0.0,10,0.5,0.012635088,0.009129289033824841
10.515,900.0818271791578,0.038811892215476394,0.0,0.2,0.2,20.249999999999996,0.8,0.8,900.0,0.003,0.0,10,0.5,0.011148921,0.009129287375595856
10.518,900.0818271644351,0.03876394631414698,0.0,0.2,0.2,20.249999999999996,0.8,0.8,900.0,0.003,0.0,10,0.5,0.011076411,0.00912928571120337
10.521,900.0818271496519,0.03871588613392978,0.0,0.2,0.2,20.249999999999996,0.8,0.8,900.0,0.003,0.0,10,0.5,0.012850579,0.00912928404007587
10.524000000000001,900.0818271348065,0.038667713008959596,0.0,0.2,0.2,20.249999999999996,0.8,0.8,900.0,0.003,0.0,10,0.5,0.01096016,0.009129282361626676
10.527000000000001,900.0818271198953,0.0386194283027487,0.0,0.2,0.2,20.249999999999996,0.8,0.8,900.0,0.003,0.0,10,0.5,0.01086895,0.009129280675268999
10.53,900.0818271049097,0.03857103340711471,0.0,0.2,0.2,20.249999999999996,0.8,0.8,900.0,0.003,0.0,10,0.5,0.013318522,0.009129278980441134
10.533,900.0818270898471,0.03852252973657946,0.0,0.2,0.2,20.249999999999996,0.8,0.8,900.0,0.003,0.0,10,0.5,0.01092337,0.009129277276611336
10.536,900.0818270747016,0.03847391871110576,0.0,0.2,0.2,20.249999999999996,0.8,0.8,900.0,0.003,0.0,10,0.5,0.01091697,0.009129275563260224
10.539,900.0818270594672,0.03842520174091968,0.0,0.2,0.2,20.249999999999996,0.8,0.8,900.0,0.003,0.0,10,0.5,0.012461737,0.009129273839766404
10.542,900.0818270441389,0.03837638026484939,0.0,0.2,0.2,20.249999999999996,0.8,0.8,900.0,0.003,0.0,10,0.5,0.011467073,0.00912927210555399
10.545,900.0818270287148,0.03832745575033217,0.0,0.2,0.2,20.249999999999996,0.8,0.8,900.0,0.003,0.0,10,0.5,0.01096863,0.009129270360029465
10.548,900.0818270131831,0.03827842969196221,0.0,0.2,0.2,20.249999999999996,0.8,0.8,900.0,0.003,0.0,10,0.5,0.012639918,0.009129268602632844
10.551,900.0818269975475,0.0382293036118074,0.0,0.2,0.2,20.249999999999996,0.8,0.8,900.0,0.003,0.0,10,0.5,0.011244902,0.009129266832914436
10.554,900.0818269817951,0.038180079060917166,0.0,0.2,0.2,20.249999999999996,0.8,0.8,900.0,0.003,0.0,10,0.5,0.010721169,0.00912926505056643
10.557,900.0818269659264,0.03813075761963622,0.0,0.2,0.2,20.249999999999996,0.8,0.8,900.0,0.003,0.0,10,0.5,0.012684988,0.00912926325545062
10.56,900.0818269499406,0.038081340897499164,0.0,0.2,0.2,20.249999999999996,0.8,0.8,900.0,0.003,0.0,10,0.5,0.01088237,0.009129261447601482
10.563,900.0818269338447,0.03803183053292967,0.0,0.2,0.2,20.249999999999996,0.8,0.8,900.0,0.003,0.0,10,0.5,0.010709829,0.009129259627235178
10.566,900.0818269176266,0.03798222819111088,0.0,0.2,0.2,20.249999999999996,0.8,0.8,900.0,0.003,0.0,10,0.5,0.01298236,0.009129257794744274
10.569,900.0818269013012,0.037932535562579896,0.0,0.2,0.2,20.249999999999996,0.8,0.8,900.0,0.003,0.0,10,0.5,0.011012041,0.009129255950615976
10.572000000000001,900.081826884867,0.03788275436646875,0.0,0.2,0.2,20.249999999999996,0.8,0.8,900.0,0.003,0.0,10,0.5,0.011164441,0.009129254095436195
10.575000000000001,900.0818268683292,0.037832886355365816,0.0,0.2,0.2,20.249999999999996,0.8,0.8,900.0,0.003,0.0,10,0.5,0.012467977,0.009129252229995059
10.578,900.0818268517011,0.03778293331150777,0.0,0.2,0.2,20.249999999999996,0.8,0.8,900.0,0.003,0.0,10,0.5,0.011007661,0.009129250355240127
10.581,900.0818268349852,0.03773289704423338,0.0,0.2,0.2,20.249999999999996,0.8,0.8,900.0,0.003,0.0,10,0.5,0.011260152,0.009129248472217272
10.584,900.0818268181927,0.03768277938747068,0.0,0.2,0.2,20.249999999999996,0.8,0.8,900.0,0.003,0.0,10,0.5,0.012250016,0.009129246582037048
10.587,900.0818268013353,0.0376325821982529,0.0,0.2,0.2,20.249999999999996,0.8,0.8,900.0,0.003,0.0,10,0.5,0.0109793,0.009129244685791146
10.59,900.0818267844182,0.03758230736182288,0.0,0.2,0.2,20.249999999999996,0.8,0.8,900.0,0.003,0.0,10,0.5,0.011392053,0.009129242784515844
10.593,900.081826767457,0.03753195679074855,0.0,0.2,0.2,20.249999999999996,0.8,0.8,900.0,0.003,0.0,10,0.5,0.012838479,0.009129240879200704
10.596,900.0818267504524,0.03748153242472526,0.0,0.2,0.2,20.249999999999996,0.8,0.8,900.0,0.003,0.0,10,0.5,0.01103268,0.009129238970760404
10.599,900.0818267334189,0.03743103623046833,0.0,0.2,0.2,20.249999999999996,0.8,0.8,900.0,0.003,0.0,10,0.5,0.01087347,0.009129237060013937
10.602,900.0818267163635,0.03738047020151103,0.0,0.2,0.2,20.249999999999996,0.8,0.8,900.0,0.003,0.0,10,0.5,0.012841609,0.009129235147644459
10.605,900.0818266992918,0.03732983635787951,0.0,0.2,0.2,20.249999999999996,0.8,0.8,900.0,0.003,0.0,10,0.5,0.01086999,0.009129233234185127
10.608,900.0818266822049,0.037279136744038564,0.0,0.2,0.2,20.249999999999996,0.8,0.8,900.0,0.003,0.0,10,0.5,0.011265271,0.009129231320007758
10.611,900.0818266651125,0.037228373426503286,0.0,0.2,0.2,20.249999999999996,0.8,0.8,900.0,0.003,0.0,10,0.5,0.012821159,0.009129229405700117
10.614,900.0818266480183,0.03717754836194596,0.0,0.2,0.2,20.249999999999996,0.8,0.8,900.0,0.003,0.0,10,0.5,0.011127081,0.009129227492387607
10.617,900.0818266309321,0.03712666330833445,0.0,0.2,0.2,20.249999999999996,0.8,0.8,900.0,0.003,0.0,10,0.5,0.010761589,0.009129225580509959
10.620000000000001,900.0818266138557,0.037075720037442396,0.0,0.2,0.2,20.249999999999996,0.8,0.8,900.0,0.003,0.0,10,0.5,0.012802848,0.009129223670039282
10.623000000000001,900.0818265967922,0.037024720341648616,0.0,0.2,0.2,20.249999999999996,0.8,0.8,900.0,0.003,0.0,10,0.5,0.01093616,0.009129221760675607
10.626,900.0818265797325,0.036973666025633005,0.0,0.2,0.2,20.249999999999996,0.8,0.8,900.0,0.003,0.0,10,0.5,0.01096079,0.009129219852016491
10.629,900.081826562678,0.03692255889152518,0.0,0.2,0.2,20.249999999999996,0.8,0.8,900.0,0.003,0.0,10,0.5,0.01299878,0.009129217943536827
10.632,900.0818265456236,0.03687140075970061,0.0,0.2,0.2,20.249999999999996,0.8,0.8,900.0,0.003,0.0,10,0.5,0.011283001,0.009129216034627102
10.635,900.0818265285626,0.03682019346252258,0.0,0.2,0.2,20.249999999999996,0.8,0.8,900.0,0.003,0.0,10,0.5,0.011073562,0.009129214124605491
10.638,900.0818265114881,0.03676893884439962,0.0,0.2,0.2,20.249999999999996,0.8,0.8,900.0,0.003,0.0,10,0.5,0.012783938,0.00912921221271196
10.641,900.0818264943946,0.03671763876974929,0.0,0.2,0.2,20.249999999999996,0.8,0.8,900.0,0.003,0.0,10,0.5,0.011133201,0.009129210298173056
10.644,900.0818264772763,0.03666629512158783,0.0,0.2,0.2,20.249999999999996,0.8,0.8,900.0,0.003,0.0,10,0.5,0.011050841,0.009129208380234273
10.647,900.0818264601262,0.03661490980178689,0.0,0.2,0.2,20.249999999999996,0.8,0.8,900.0,0.003,0.0,10,0.5,0.012637338,0.009129206458385646
10.65,900.0818264429366,0.036563484678594944,0.0,0.2,0.2,20.249999999999996,0.8,0.8,900.0,0.003,0.0,10,0.5,0.011067181,0.009129204532485972
10.653,900.0818264257086,0.03651202158253277,0.0,0.2,0.2,20.249999999999996,0.8,0.8,900.0,0.003,0.0,10,0.5,0.011045201,0.00912920260264067
10.656,900.0818264084431,0.03646052236186658,0.0,0.2,0.2,20.249999999999996,0.8,0.8,900.0,0.003,0.0,10,0.5,0.012721758,0.009129200669291118
10.659,900.0818263911465,0.03640898886488493,0.0,0.2,0.2,20.249999999999996,0.8,0.8,900.0,0.003,0.0,10,0.5,0.011018601,0.009129198733065919
10.662,900.0818263738214,0.03635742295084148,0.0,0.2,0.2,20.249999999999996,0.8,0.8,900.0,0.003,0.0,10,0.5,0.011060971,0.009129196794649434
10.665000000000001,900.0818263564707,0.036305826496972705,0.0,0.2,0.2,20.249999999999996,0.8,0.8,900.0,0.003,0.0,10,0.5,0.012501287,0.009129194854734872
10.668000000000001,900.0818263391092,0.03625420139883663,0.0,0.2,0.2,20.249999999999996,0.8,0.8,900.0,0.003,0.0,10,0.5,0.010723449,0.009129192913951076
10.671,900.081826321733,0.03620254957000071,0.0,0.2,0.2,20.249999999999996,0.8,0.8,900.0,0.003,0.0,10,0.5,0.011194042,0.009129190972820622
10.674,900.0818263043558,0.03615087294170559,0.0,0.2,0.2,20.249999999999996,0.8,0.8,900.0,0.003,0.0,10,0.5,0.012565728,0.009129189031733155
10.677,900.0818262869712,0.036099173462576455,0.0,0.2,0.2,20.249999999999996,0.8,0.8,900.0,0.003,0.0,10,0.5,0.01095322,0.00912918709093079
10.68,900.0818262695916,0.036047453096321375,0.0,0.2,0.2,20.249999999999996,0.8,0.8,900.0,0.003,0.0,10,0.5,0.01099682,0.009129185150575115
10.683,900.0818262522129,0.03599571380277707,0.0,0.2,0.2,20.249999999999996,0.8,0.8,900.0,0.003,0.0,10,0.5,0.012703659,0.009129183210722447
10.686,900.0818262348388,0.03594395754273557,0.0,0.2,0.2,20.249999999999996,0.8,0.8,900.0,0.003,0.0,10,0.5,0.01090071,0.00912918127133685
10.689,900.0818262174613,0.0358921862928282,0.0,0.2,0.2,20.249999999999996,0.8,0.8,900.0,0.003,0.0,10,0.5,0.01094748,0.009129179332290472
10.692,900.0818262000857,0.0358404020454484,0.0,0.2,0.2,20.249999999999996,0.8,0.8,900.0,0.003,0.0,10,0.5,0.012758949,0.009129177393363263
10.695,900.0818261827116,0.03578860680681118,0.0,0.2,0.2,20.249999999999996,0.8,0.8,900.0,0.003,0.0,10,0.5,0.011370772,0.009129175454288973
10.698,900.081826165332,0.03573680258182655,0.0,0.2,0.2,20.249999999999996,0.8,0.8,900.0,0.003,0.0,10,0.5,0.01093518,0.009129173514676757
10.701,900.0818261479457,0.0356849913831643,0.0,0.2,0.2,20.249999999999996,0.8,0.8,900.0,0.003,0.0,10,0.5,0.012567128,0.009129171573919783
10.704,900.0818261305466,0.03563317524065554,0.0,0.2,0.2,20.249999999999996,0.8,0.8,900.0,0.003,0.0,10,0.5,0.011120561,0.009129169631221044
10.707,900.0818261131269,0.03558135619999915,0.0,0.2,0.2,20.249999999999996,0.8,0.8,900.0,0.003,0.0,10,0.5,0.011047851,0.00912916768564382
10.71,900.0818260956793,0.035529536321502415,0.0,0.2,0.2,20.249999999999996,0.8,0.8,900.0,0.003,0.0,10,0.5,0.012432927,0.009129165736185182
10.713000000000001,900.0818260781967,0.03547771767480113,0.0,0.2,0.2,20.249999999999996,0.8,0.8,900.0,0.003,0.0,10,0.5,0.011071701,0.00912916378176512
10.716000000000001,900.0818260606637,0.03542590233893231,0.0,0.2,0.2,20.249999999999996,0.8,0.8,900.0,0.003,0.0,10,0.5,0.011112721,0.009129161821238498
10.719,900.0818260430741,0.03537409240299909,0.0,0.2,0.2,20.249999999999996,0.8,0.8,900.0,0.003,0.0,10,0.5,0.012454847,0.009129159853417983
10.722,900.0818260254183,0.035322289969567,0.0,0.2,0.2,20.249999999999996,0.8,0.8,900.0,0.003,0.0,10,0.5,0.010993021,0.009129157877119876
10.725,900.0818260076812,0.03527049715372422,0.0,0.2,0.2,20.249999999999996,0.8,0.8,900.0,0.003,0.0,10,0.5,0.011145431,0.009129155891203455
10.728,900.0818259898534,0.03521871608059018,0.0,0.2,0.2,20.249999999999996,0.8,0.8,900.0,0.003,0.0,10,0.5,0.012881409,0.009129153894642526
10.731,900.081825971935,0.0351669488710199,0.0,0.2,0.2,20.249999999999996,0.8,0.8,900.0,0.003,0.0,10,0.5,0.011107481,0.009129151886531513
10.734,900.0818259539066,0.03511519764625837,0.0,0.2,0.2,20.249999999999996,0.8,0.8,900.0,0.003,0.0,10,0.5,0.01086863,0.009129149866183378
10.737,900.0818259357654,0.035063464514235886,0.0,0.2,0.2,20.249999999999996,0.8,0.8,900.0,0.003,0.0,10,0.5,0.012802749,0.009129147833184241
10.74,900.0818259175091,0.035011751593677504,0.0,0.2,0.2,20.249999999999996,0.8,0.8,900.0,0.003,0.0,10,0.5,0.01073658,0.009129145787396977
10.743,900.081825899135,0.034960061015881796,0.0,0.2,0.2,20.249999999999996,0.8,0.8,900.0,0.003,0.0,10,0.5,0.010889999,0.00912914372891085
10.746,900.0818258806461,0.03490839492412759,0.0,0.2,0.2,20.249999999999996,0.8,0.8,900.0,0.003,0.0,10,0.5,0.012965049,0.00912914165796738
10.749,900.0818258620419,0.03485675545674367,0.0,0.2,0.2,20.249999999999996,0.8,0.8,900.0,0.003,0.0,10,0.5,0.01093671,0.009129139574877165
10.752,900.0818258433247,0.03480514474589018,0.0,0.2,0.2,20.249999999999996,0.8,0.8,900.0,0.003,0.0,10,0.5,0.011009931,0.009129137479917018
10.755,900.0818258245002,0.03475356493599745,0.0,0.2,0.2,20.249999999999996,0.8,0.8,900.0,0.003,0.0,10,0.5,0.012645048,0.009129135373281479
10.758000000000001,900.0818258055684,0.03470201818326482,0.0,0.2,0.2,20.249999999999996,0.8,0.8,900.0,0.003,0.0,10,0.5,0.01082752,0.009129133255044155
10.761000000000001,900.081825786521,0.03465050665233934,0.0,0.2,0.2,20.249999999999996,0.8,0.8,900.0,0.003,0.0,10,0.5,0.01083212,0.009129131124801744
10.764,900.0818257673651,0.03459903251970052,0.0,0.2,0.2,20.249999999999996,0.8,0.8,900.0,0.003,0.0,10,0.5,0.012667598,0.009129128982348815
10.767,900.0818257480988,0.0345475979679979,0.0,0.2,0.2,20.249999999999996,0.8,0.8,900.0,0.003,0.0,10,0.5,0.011186621,0.00912912682765825
10.77,900.0818257287198,0.03449620518089721,0.0,0.2,0.2,20.249999999999996,0.8,0.8,900.0,0.003,0.0,10,0.5,0.01096503,0.009129124660699385
10.773,900.0818257092277,0.034444856327655815,0.0,0.2,0.2,20.249999999999996,0.8,0.8,900.0,0.003,0.0,10,0.5,0.012665818,0.009129122481276395
10.776,900.0818256896194,0.034393553584567554,0.0,0.2,0.2,20.249999999999996,0.8,0.8,900.0,0.003,0.0,10,0.5,0.011098151,0.009129120289082372
10.779,900.0818256698952,0.034342299137562884,0.0,0.2,0.2,20.249999999999996,0.8,0.8,900.0,0.003,0.0,10,0.5,0.011151191,0.009129118083768923
10.782,900.0818256500523,0.034291095176473364,0.0,0.2,0.2,20.249999999999996,0.8,0.8,900.0,0.003,0.0,10,0.5,0.012525967,0.009129115865012673
10.785,900.0818256300822,0.03423994389905564,0.0,0.2,0.2,20.249999999999996,0.8,0.8,900.0,0.003,0.0,10,0.5,0.011290232,0.009129113632549948
10.788,900.0818256099913,0.03418884751178138,0.0,0.2,0.2,20.249999999999996,0.8,0.8,900.0,0.003,0.0,10,0.5,0.010934661,0.009129111386200806
10.791,900.0818255897714,0.03413780822964042,0.0,0.2,0.2,20.249999999999996,0.8,0.8,900.0,0.003,0.0,10,0.5,0.012596648,0.009129109125887677
10.794,900.0818255694219,0.03408682827585179,0.0,0.2,0.2,20.249999999999996,0.8,0.8,900.0,0.003,0.0,10,0.5,0.0110014,0.009129106851653886
10.797,900.081825548945,0.0340359098809069,0.0,0.2,0.2,20.249999999999996,0.8,0.8,900.0,0.003,0.0,10,0.5,0.011428982,0.009129104563676854
10.8,900.0818255283463,0.033985055278114566,0.0,0.2,0.2,20.249999999999996,0.8,0.8,900.0,0.003,0.0,10,0.5,0.012563507,0.009129102262210802
10.803,900.0818255076204,0.03393426670634987,0.0,0.2,0.2,20.249999999999996,0.8,0.8,900.0,0.003,0.0,10,0.5,0.01076086,0.009129099947628927
10.806000000000001,900.0818254867746,0.0338835464117647,0.0,0.2,0.2,20.249999999999996,0.8,0.8,900.0,0.003,0.0,10,0.5,0.011270881,0.009129097620460705
10.809000000000001,900.0818254658162,0.033832896644795676,0.0,0.2,0.2,20.249999999999996,0.8,0.8,900.0,0.003,0.0,10,0.5,0.012715749,0.009129095281485448
10.812,900.0818254447468,0.03378231964120544,0.0,0.2,0.2,20.249999999999996,0.8,0.8,900.0,0.003,0.0,10,0.5,0.01095071,0.009129092931529904
10.815,900.0818254235783,0.03373181764021039,0.0,0.2,0.2,20.249999999999996,0.8,0.8,900.0,0.003,0.0,10,0.5,0.011111501,0.009129090571503509
10.818,900.0818254023183,0.03368139288756772,0.0,0.2,0.2,20.249999999999996,0.8,0.8,900.0,0.003,0.0,10,0.5,0.012812658,0.009129088202430833
10.821,900.0818253809714,0.0336310476297928,0.0,0.2,0.2,20.249999999999996,0.8,0.8,900.0,0.003,0.0,10,0.5,0.01082854,0.009129085825427164
10.824,900.0818253595517,0.03358078410256304,0.0,0.2,0.2,20.249999999999996,0.8,0.8,900.0,0.003,0.0,10,0.5,0.011172081,0.009129083441549205
10.827,900.0818253380696,0.03353060454512755,0.0,0.2,0.2,20.249999999999996,0.8,0.8,900.0,0.003,0.0,10,0.5,0.01289798,0.009129081051850662
10.83,900.0818253165304,0.03348051119871659,0.0,0.2,0.2,20.249999999999996,0.8,0.8,900.0,0.003,0.0,10,0.5,0.01104561,0.009129078657391322
10.833,900.0818252949505,0.03343050628466554,0.0,0.2,0.2,20.249999999999996,0.8,0.8,900.0,0.003,0.0,10,0.5,0.010950441,0.009129076259089555
10.836,900.0818252733309,0.03338059202332335,0.0,0.2,0.2,20.249999999999996,0.8,0.8,900.0,0.003,0.0,10,0.5,0.012731758,0.009129073857755497
10.839,900.081825251683,0.033330770628034974,0.0,0.2,0.2,20.249999999999996,0.8,0.8,900.0,0.003,0.0,10,0.5,0.010994691,0.00912907145415193
10.842,900.0818252300119,0.03328104430993793,0.0,0.2,0.2,20.249999999999996,0.8,0.8,900.0,0.003,0.0,10,0.5,0.01105126,0.009129069049026169
10.845,900.0818252083259,0.03323141528375714,0.0,0.2,0.2,20.249999999999996,0.8,0.8,900.0,0.003,0.0,10,0.5,0.012762818,0.009129066643133203
10.848,900.0818251866287,0.033181885766553273,0.0,0.2,0.2,20.249999999999996,0.8,0.8,900.0,0.003,0.0,10,0.5,0.011114311,0.009129064237220342
10.851,900.0818251649318,0.03313245797769225,0.0,0.2,0.2,20.249999999999996,0.8,0.8,900.0,0.003,0.0,10,0.5,0.011342892,0.00912906183203082
10.854000000000001,900.0818251432404,0.03308313413889077,0.0,0.2,0.2,20.249999999999996,0.8,0.8,900.0,0.003,0.0,10,0.5,0.012508138,0.009129059428262922
10.857000000000001,900.0818251215543,0.03303391646523765,0.0,0.2,0.2,20.249999999999996,0.8,0.8,900.0,0.003,0.0,10,0.5,0.011142971,0.009129057026520587
10.86,900.0818250998885,0.03298480716778551,0.0,0.2,0.2,20.249999999999996,0.8,0.8,900.0,0.003,0.0,10,0.5,0.011142971,0.00912905462727865
10.863,900.0818250782418,0.03293580845829476,0.0,0.2,0.2,20.249999999999996,0.8,0.8,900.0,0.003,0.0,10,0.5,0.012542417,0.009129052230890356
10.866,900.0818250566196,0.032886922547742385,0.0,0.2,0.2,20.249999999999996,0.8,0.8,900.0,0.003,0.0,10,0.5,0.01094797,0.009129049837572964
10.869,900.0818250350209,0.03283815164930124,0.0,0.2,0.2,20.249999999999996,0.8,0.8,900.0,0.003,0.0,10,0.5,0.011149601,0.009129047447460334
10.872,900.0818250134494,0.03278949797803732,0.0,0.2,0.2,20.249999999999996,0.8,0.8,900.0,0.003,0.0,10,0.5,0.012568267,0.009129045060652548
10.875,900.0818249919066,0.03274096374899473,0.0,0.2,0.2,20.249999999999996,0.8,0.8,900.0,0.003,0.0,10,0.5,0.01082092,0.009129042677252662
10.878,900.081824970389,0.03269255117843176,0.0,0.2,0.2,20.249999999999996,0.8,0.8,900.0,0.003,0.0,10,0.5,0.011077711,0.009129040297379886
10.881,900.0818249489053,0.03264426248422721,0.0,0.2,0.2,20.249999999999996,0.8,0.8,900.0,0.003,0.0,10,0.5,0.013177681,0.009129037921183403
10.884,900.0818249274496,0.03259609988563126,0.0,0.2,0.2,20.249999999999996,0.8,0.8,900.0,0.003,0.0,10,0.5,0.010750859,0.009129035548839452
10.887,900.0818249060286,0.0325480656030192,0.0,0.2,0.2,20.249999999999996,0.8,0.8,900.0,0.003,0.0,10,0.5,0.011074781,0.009129033180546135
10.89,900.0818248846398,0.03250016185785365,0.0,0.2,0.2,20.249999999999996,0.8,0.8,900.0,0.003,0.0,10,0.5,0.012790059,0.009129030816526981
10.893,900.0818248632893,0.03245239087257411,0.0,0.2,0.2,20.249999999999996,0.8,0.8,900.0,0.003,0.0,10,0.5,0.01094947,0.009129028457039345
10.896,900.0818248419774,0.032404754868390374,0.0,0.2,0.2,20.249999999999996,0.8,0.8,900.0,0.003,0.0,10,0.5,0.01083487,0.009129026102368286
10.899000000000001,900.0818248207055,0.032357256063454964,0.0,0.2,0.2,20.249999999999996,0.8,0.8,900.0,0.003,0.0,10,0.5,0.012889799,0.009129023752855946
10.902000000000001,900.0818247994777,0.03230989666580297,0.0,0.2,0.2,20.249999999999996,0.8,0.8,900.0,0.003,0.0,10,0.5,0.011065451,0.009129021408823825
10.905,900.081824778299,0.0322626788842259,0.0,0.2,0.2,20.249999999999996,0.8,0.8,900.0,0.003,0.0,10,0.5,0.01087661,0.009129019070600262
10.908,900.0818247571696,0.03221560492395878,0.0,0.2,0.2,20.249999999999996,0.8,0.8,900.0,0.003,0.0,10,0.5,0.012616938,0.00912901673853314
10.911,900.0818247360938,0.03216867698892622,0.0,0.2,0.2,20.249999999999996,0.8,0.8,900.0,0.003,0.0,10,0.5,0.011172351,0.009129014413005716
10.914,900.0818247150753,0.032121897272383425,0.0,0.2,0.2,20.249999999999996,0.8,0.8,900.0,0.003,0.0,10,0.5,0.010929141,0.009129012094495932
10.917,900.0818246941187,0.032075267944357395,0.0,0.2,0.2,20.249999999999996,0.8,0.8,900.0,0.003,0.0,10,0.5,0.012922869,0.009129009783473618
10.92,900.0818246732267,0.03202879116766739,0.0,0.2,0.2,20.249999999999996,0.8,0.8,900.0,0.003,0.0,10,0.5,0.011068301,0.009129007480310236
10.923,900.0818246524042,0.0319824691039705,0.0,0.2,0.2,20.249999999999996,0.8,0.8,900.0,0.003,0.0,10,0.5,0.011070711,0.009129005185249959
10.926,900.0818246316522,0.03193630391353241,0.0,0.2,0.2,20.249999999999996,0.8,0.8,900.0,0.003,0.0,10,0.5,0.012332426,0.009129002898421867
10.929,900.0818246109706,0.03189029775503791,0.0,0.2,0.2,20.249999999999996,0.8,0.8,900.0,0.003,0.0,10,0.5,0.011246812,0.009129000619881504
10.932,900.0818245903625,0.03184445278243939,0.0,0.2,0.2,20.249999999999996,0.8,0.8,900.0,0.003,0.0,10,0.5,0.011170871,0.009128998349640722
10.935,900.0818245698296,0.03179877113979749,0.0,0.2,0.2,20.249999999999996,0.8,0.8,900.0,0.003,0.0,10,0.5,0.012768989,0.009128996087596528
10.938,900.0818245493678,0.03175325496161976,0.0,0.2,0.2,20.249999999999996,0.8,0.8,900.0,0.003,0.0,10,0.5,0.011187741,0.009128993833609107
10.941,900.081824528977,0.03170790637097568,0.0,0.2,0.2,20.249999999999996,0.8,0.8,900.0,0.003,0.0,10,0.5,0.011025611,0.00912899158746436
10.944,900.0818245086535,0.031662727475799526,0.0,0.2,0.2,20.249999999999996,0.8,0.8,900.0,0.003,0.0,10,0.5,0.012682599,0.009128989349038065
10.947000000000001,900.0818244883994,0.03161772035411393,0.0,0.2,0.2,20.249999999999996,0.8,0.8,900.0,0.003,0.0,10,0.5,0.010736529,0.009128987118204424
10.950000000000001,900.0818244682131,0.031572887076906385,0.0,0.2,0.2,20.249999999999996,0.8,0.8,900.0,0.003,0.0,10,0.5,0.01085146,0.009128984894743146
10.953,900.0818244480889,0.031528229711667036,0.0,0.2,0.2,20.249999999999996,0.8,0.8,900.0,0.003,0.0,10,0.5,0.012888399,0.009128982678399532
10.956,900.0818244280281,0.031483750322132485,0.0,0.2,0.2,20.249999999999996,0.8,0.8,900.0,0.003,0.0,10,0.5,0.0109052,0.009128980468916142
10.959,900.0818244080286,0.03143945096779024,0.0,0.2,0.2,20.249999999999996,0.8,0.8,900.0,0.003,0.0,10,0.5,0.011086351,0.009128978266060758
10.962,900.0818243880852,0.031395333703677385,0.0,0.2,0.2,20.249999999999996,0.8,0.8,900.0,0.003,0.0,10,0.5,0.012733329,0.009128976069605717
10.965,900.0818243681964,0.031351400577354305,0.0,0.2,0.2,20.249999999999996,0.8,0.8,900.0,0.003,0.0,10,0.5,0.0110531,0.009128973879323205
10.968,900.0818243483624,0.0313076536291311,0.0,0.2,0.2,20.249999999999996,0.8,0.8,900.0,0.003,0.0,10,0.5,0.01078936,0.009128971695007903
10.971,900.0818243285813,0.031264094894501986,0.0,0.2,0.2,20.249999999999996,0.8,0.8,900.0,0.003,0.0,10,0.5,0.013197,0.009128969516493413
10.974,900.0818243088489,0.03122072640401373,0.0,0.2,0.2,20.249999999999996,0.8,0.8,900.0,0.003,0.0,10,0.5,0.011277621,0.009128967343668118
10.977,900.0818242891664,0.03117755018189277,0.0,0.2,0.2,20.249999999999996,0.8,0.8,900.0,0.003,0.0,10,0.5,0.01081337,0.009128965176568192
10.98,900.0818242695368,0.03113456821601702,0.0,0.2,0.2,20.249999999999996,0.8,0.8,900.0,0.003,0.0,10,0.5,0.012696168,0.00912896301529163
10.983,900.0818242499564,0.031091782472406248,0.0,0.2,0.2,20.249999999999996,0.8,0.8,900.0,0.003,0.0,10,0.5,0.011243282,0.009128960859921991
10.986,900.081824230427,0.0310491949111985,0.0,0.2,0.2,20.249999999999996,0.8,0.8,900.0,0.003,0.0,10,0.5,0.011029691,0.009128958710575506
10.989,900.0818242109505,0.03100680748661221,0.0,0.2,0.2,20.249999999999996,0.8,0.8,900.0,0.003,0.0,10,0.5,0.012812119,0.009128956567422748
10.992,900.0818241915272,0.030964622146890417,0.0,0.2,0.2,20.249999999999996,0.8,0.8,900.0,0.003,0.0,10,0.5,0.011139921,0.009128954430696149
10.995000000000001,900.0818241721609,0.030922640833457762,0.0,0.2,0.2,20.249999999999996,0.8,0.8,900.0,0.003,0.0,10,0.5,0.01092387,0.009128952300702866
10.998000000000001,900.0818241528535,0.030880865477660283,0.0,0.2,0.2,20.249999999999996,0.8,0.8,900.0,0.003,0.0,10,0.5,0.012553288,0.00912895017779675
11.001,900.0818241336073,0.030839298001661724,0.0,0.2,0.2,20.249999999999996,0.8,0.8,900.0,0.003,0.0,10,0.5,0.011097041,0.009128948062385865
11.004,900.0818241144317,0.03079794031730009,0.0,0.2,0.2,20.249999999999996,0.8,0.8,900.0,0.003,0.0,10,0.5,0.011022481,0.009128945955008705
11.007,900.0818240953216,0.03075679430477932,0.0,0.2,0.2,20.249999999999996,0.8,0.8,900.0,0.003,0.0,10,0.5,0.012591277,0.00912894385632296
11.01,900.0818240762911,0.030715861830331006,0.0,0.2,0.2,20.249999999999996,0.8,0.8,900.0,0.003,0.0,10,0.5,0.011370913,0.009128941767070723
11.013,900.0818240573435,0.030675144752586113,0.0,0.2,0.2,20.249999999999996,0.8,0.8,900.0,0.003,0.0,10,0.5,0.01095981,0.009128939688071056
11.016,900.0818240384874,0.030634644922287606,0.0,0.2,0.2,20.249999999999996,0.8,0.8,900.0,0.003,0.0,10,0.5,0.012762699,0.009128937620179097
11.019,900.081824019728,0.03059436418173466,0.0,0.2,0.2,20.249999999999996,0.8,0.8,900.0,0.003,0.0,10,0.5,0.010720199,0.009128935564246448
11.022,900.081824001077,0.030554304362113045,0.0,0.2,0.2,20.249999999999996,0.8,0.8,900.0,0.003,0.0,10,0.5,0.01100378,0.009128933521089665
11.025,900.081823982538,0.030514467286275593,0.0,0.2,0.2,20.249999999999996,0.8,0.8,900.0,0.003,0.0,10,0.5,0.012715538,0.009128931491417944
11.028,900.0818239641201,0.03047485476943423,0.0,0.2,0.2,20.249999999999996,0.8,0.8,900.0,0.003,0.0,10,0.5,0.010714419,0.00912892947583344
11.031,900.0818239458238,0.030435468618160752,0.0,0.2,0.2,20.249999999999996,0.8,0.8,900.0,0.003,0.0,10,0.5,0.011241682,0.009128927474827266
11.034,900.0818239276609,0.0303963106302317,0.0,0.2,0.2,20.249999999999996,0.8,0.8,900.0,0.003,0.0,10,0.5,0.012772659,0.009128925488776625
11.037,900.0818239096294,0.03035738259455069,0.0,0.2,0.2,20.249999999999996,0.8,0.8,900.0,0.003,0.0,10,0.5,0.011172131,0.00912892351794441
11.040000000000001,900.0818238917323,0.03031868629174978,0.0,0.2,0.2,20.249999999999996,0.8,0.8,900.0,0.003,0.0,10,0.5,0.01083839,0.009128921562481133
11.043000000000001,900.0818238739766,0.030280223493489192,0.0,0.2,0.2,20.249999999999996,0.8,0.8,900.0,0.003,0.0,10,0.5,0.012745178,0.009128919622441639
11.046,900.0818238563514,0.03024199596073907,0.0,0.2,0.2,20.249999999999996,0.8,0.8,900.0,0.003,0.0,10,0.5,0.010773559,0.00912891769780368
11.049,900.0818238388703,0.030204005444210202,0.0,0.2,0.2,20.249999999999996,0.8,0.8,900.0,0.003,0.0,10,0.5,0.010799879,0.009128915788491116
11.052,900.0818238215215,0.030166253685127403,0.0,0.2,0.2,20.249999999999996,0.8,0.8,900.0,0.003,0.0,10,0.5,0.01322378,0.009128913894407365
11.055,900.0818238043103,0.03012874241295109,0.0,0.2,0.2,20.249999999999996,0.8,0.8,900.0,0.003,0.0,10,0.5,0.011096361,0.009128912015434365
11.058,900.0818237872335,0.030091473345316835,0.0,0.2,0.2,20.249999999999996,0.8,0.8,900.0,0.003,0.0,10,0.5,0.011142272,0.009128910151444814
11.061,900.0818237702904,0.0300544481894256,0.0,0.2,0.2,20.249999999999996,0.8,0.8,900.0,0.003,0.0,10,0.5,0.012759778,0.009128908302315844
11.064,900.0818237534756,0.030017668642585475,0.0,0.2,0.2,20.249999999999996,0.8,0.8,900.0,0.003,0.0,10,0.5,0.011283362,0.009128906467946065
11.067,900.0818237367956,0.029981136392070805,0.0,0.2,0.2,20.249999999999996,0.8,0.8,900.0,0.003,0.0,10,0.5,0.01084883,0.009128904648282424
11.07,900.0818237202485,0.029944853113087325,0.0,0.2,0.2,20.249999999999996,0.8,0.8,900.0,0.003,0.0,10,0.5,0.012565778,0.00912890284330501
11.073,900.0818237038303,0.02990882046967195,0.0,0.2,0.2,20.249999999999996,0.8,0.8,900.0,0.003,0.0,10,0.5,0.0108873,0.009128901053022949
11.076,900.0818236875458,0.029873040115064562,0.0,0.2,0.2,20.249999999999996,0.8,0.8,900.0,0.003,0.0,10,0.5,0.011079971,0.009128899277487697
11.079,900.0818236713919,0.029837513690615512,0.0,0.2,0.2,20.249999999999996,0.8,0.8,900.0,0.003,0.0,10,0.5,0.012632618,0.009128897516787457
11.082,900.0818236553674,0.029802242824355285,0.0,0.2,0.2,20.249999999999996,0.8,0.8,900.0,0.003,0.0,10,0.5,0.010776689,0.009128895771040138
11.085,900.0818236394801,0.02976722913235106,0.0,0.2,0.2,20.249999999999996,0.8,0.8,900.0,0.003,0.0,10,0.5,0.011272852,0.00912889404038621
11.088000000000001,900.0818236237268,0.029732474217170405,0.0,0.2,0.2,20.249999999999996,0.8,0.8,900.0,0.003,0.0,10,0.5,0.012892419,0.009128892325035337
11.091000000000001,900.0818236081122,0.029697979659508274,0.0,0.2,0.2,20.249999999999996,0.8,0.8,900.0,0.003,0.0,10,0.5,0.011125081,0.009128890625192974
11.094,900.0818235926353,0.029663747017808856,0.0,0.2,0.2,20.249999999999996,0.8,0.8,900.0,0.003,0.0,10,0.5,0.011191052,0.009128888941118475
11.097,900.0818235773012,0.029629777800364986,0.0,0.2,0.2,20.249999999999996,0.8,0.8,900.0,0.003,0.0,10,0.5,0.012589678,0.009128887273112035
11.1,900.0818235621116,0.029596073467192317,0.0,0.2,0.2,20.249999999999996,0.8,0.8,900.0,0.003,0.0,10,0.5,0.010640519,0.009128885621378714
11.103,900.081823547068,0.029562635462391632,0.0,0.2,0.2,20.249999999999996,0.8,0.8,900.0,0.003,0.0,10,0.5,0.011208341,0.009128883986048173
11.106,900.0818235321684,0.02952946522196809,0.0,0.2,0.2,20.249999999999996,0.8,0.8,900.0,0.003,0.0,10,0.5,0.012732479,0.00912888236720959
11.109,900.0818235174173,0.029496564171898453,0.0,0.2,0.2,20.249999999999996,0.8,0.8,900.0,0.003,0.0,10,0.5,0.011228712,0.009128880764903572
11.112,900.0818235028157,0.029463933727623435,0.0,0.2,0.2,20.249999999999996,0.8,0.8,900.0,0.003,0.0,10,0.5,0.010633308,0.009128879179108549
11.115,900.0818234883617,0.029431575293804572,0.0,0.2,0.2,20.249999999999996,0.8,0.8,900.0,0.003,0.0,10,0.5,0.012642829,0.009128877609722521
11.118,900.08182347405,0.029399490265015395,0.0,0.2,0.2,20.249999999999996,0.8,0.8,900.0,0.003,0.0,10,0.5,0.0109261,0.00912887605656154
11.121,900.0818234598881,0.029367680026026306,0.0,0.2,0.2,20.249999999999996,0.8,0.8,900.0,0.003,0.0,10,0.5,0.01090771,0.009128874519357906
11.124,900.0818234458678,0.02933614595176168,0.0,0.2,0.2,20.249999999999996,0.8,0.8,900.0,0.003,0.0,10,0.5,0.012685738,0.009128872997782195
11.127,900.0818234319871,0.02930488940447363,0.0,0.2,0.2,20.249999999999996,0.8,0.8,900.0,0.003,0.0,10,0.5,0.010976271,0.009128871491471792
11.13,900.0818234182435,0.029273911727740038,0.0,0.2,0.2,20.249999999999996,0.8,0.8,900.0,0.003,0.0,10,0.5,0.01088267,0.009128870000025704
11.133000000000001,900.0818234046346,0.029243214244294255,0.0,0.2,0.2,20.249999999999996,0.8,0.8,900.0,0.003,0.0,10,0.5,0.012689218,0.00912886852307226
11.136000000000001,900.0818233911551,0.029212798239648934,0.0,0.2,0.2,20.249999999999996,0.8,0.8,900.0,0.003,0.0,10,0.5,0.01088262,0.009128867060269755
11.139,900.0818233778006,0.029182664976474697,0.0,0.2,0.2,20.249999999999996,0.8,0.8,900.0,0.003,0.0,10,0.5,0.011263052,0.009128865611245342
11.142,900.0818233645671,0.02915281570688515,0.0,0.2,0.2,20.249999999999996,0.8,0.8,900.0,0.003,0.0,10,0.5,0.012607778,0.0091288641756927
11.145,900.0818233514609,0.029123251663375867,0.0,0.2,0.2,20.249999999999996,0.8,0.8,900.0,0.003,0.0,10,0.5,0.0109884,0.009128862753301695
11.148,900.0818233384693,0.02909397406510772,0.0,0.2,0.2,20.249999999999996,0.8,0.8,900.0,0.003,0.0,10,0.5,0.01086269,0.00912886134378638
11.151,900.081823325592,0.029064984121464472,0.0,0.2,0.2,20.249999999999996,0.8,0.8,900.0,0.003,0.0,10,0.5,0.012599328,0.009128859946926712
11.154,900.0818233128288,0.02903628303184713,0.0,0.2,0.2,20.249999999999996,0.8,0.8,900.0,0.003,0.0,10,0.5,0.010957981,0.009128858562555721
11.157,900.0818233001789,0.029007871985323647,0.0,0.2,0.2,20.249999999999996,0.8,0.8,900.0,0.003,0.0,10,0.5,0.011137491,0.009128857190531239
11.16,900.0818232876368,0.02897975216117243,0.0,0.2,0.2,20.249999999999996,0.8,0.8,900.0,0.003,0.0,10,0.5,0.013311441,0.009128855830719594
11.163,900.0818232752064,0.02895192472692695,0.0,0.2,0.2,20.249999999999996,0.8,0.8,900.0,0.003,0.0,10,0.5,0.01097197,0.009128854482952014
11.166,900.0818232628836,0.028924390839819757,0.0,0.2,0.2,20.249999999999996,0.8,0.8,900.0,0.003,0.0,10,0.5,0.011329182,0.009128853147015246
11.169,900.0818232506649,0.02889715164773411,0.0,0.2,0.2,20.249999999999996,0.8,0.8,900.0,0.003,0.0,10,0.5,0.012821549,0.009128851822664916
11.172,900.0818232385548,0.028870208287778292,0.0,0.2,0.2,20.249999999999996,0.8,0.8,900.0,0.003,0.0,10,0.5,0.011100962,0.009128850509628672
11.175,900.0818232265416,0.028843561884397677,0.0,0.2,0.2,20.249999999999996,0.8,0.8,900.0,0.003,0.0,10,0.5,0.011437322,0.009128849207680163
11.178,900.0818232146337,0.02881721353351655,0.0,0.2,0.2,20.249999999999996,0.8,0.8,900.0,0.003,0.0,10,0.5,0.012685568,0.009128847916785003
11.181000000000001,900.0818232028232,0.028791164272628924,0.0,0.2,0.2,20.249999999999996,0.8,0.8,900.0,0.003,0.0,10,0.5,0.011113051,0.0091288466367826
11.184000000000001,900.0818231911096,0.02876541512805759,0.0,0.2,0.2,20.249999999999996,0.8,0.8,900.0,0.003,0.0,10,0.5,0.011207812,0.009128845367443034
11.187,900.0818231794935,0.028739967116668222,0.0,0.2,0.2,20.249999999999996,0.8,0.8,900.0,0.003,0.0,10,0.5,0.013155391,0.00912884410841981
11.19,900.0818231679668,0.028714821246068566,0.0,0.2,0.2,20.249999999999996,0.8,0.8,900.0,0.003,0.0,10,0.5,0.01107096,0.009128842859284664
11.193,900.0818231565323,0.02868997851491283,0.0,0.2,0.2,20.249999999999996,0.8,0.8,900.0,0.003,0.0,10,0.5,0.011031831,0.009128841619566973
11.196,900.0818231451814,0.02866543991296031,0.0,0.2,0.2,20.249999999999996,0.8,0.8,900.0,0.003,0.0,10,0.5,0.012622538,0.009128840388796204
11.199,900.0818231339085,0.028641206419744353,0.0,0.2,0.2,20.249999999999996,0.8,0.8,900.0,0.003,0.0,10,0.5,0.011264232,0.009128839166493838
11.202,900.0818231227148,0.028617279003485638,0.0,0.2,0.2,20.249999999999996,0.8,0.8,900.0,0.003,0.0,10,0.5,0.011760124,0.009128837952163295
11.205,900.0818231115896,0.028593658623819393,0.0,0.2,0.2,20.249999999999996,0.8,0.8,900.0,0.003,0.0,10,0.5,0.012923459,0.009128836745286384
11.208,900.0818231005305,0.02857034623236182,0.0,0.2,0.2,20.249999999999996,0.8,0.8,900.0,0.003,0.0,10,0.5,0.01098396,0.009128835545339683
11.211,900.0818230895353,0.028547342772790685,0.0,0.2,0.2,20.249999999999996,0.8,0.8,900.0,0.003,0.0,10,0.5,0.011702114,0.009128834351788774
11.214,900.0818230785975,0.02852464918441618,0.0,0.2,0.2,20.249999999999996,0.8,0.8,900.0,0.003,0.0,10,0.5,0.01299901,0.009128833164144985
11.217,900.0818230677121,0.028502266401074793,0.0,0.2,0.2,20.249999999999996,0.8,0.8,900.0,0.003,0.0,10,0.5,0.01082362,0.009128831982110647
11.22,900.0818230568784,0.028480195292065365,0.0,0.2,0.2,20.249999999999996,0.8,0.8,900.0,0.003,0.0,10,0.5,0.011161312,0.00912883080553101
11.223,900.0818230460947,0.02845843665259303,0.0,0.2,0.2,20.249999999999996,0.8,0.8,900.0,0.003,0.0,10,0.5,0.012764088,0.00912882963411347
11.226,900.0818230353528,0.028436991268984614,0.0,0.2,0.2,20.249999999999996,0.8,0.8,900.0,0.003,0.0,10,0.5,0.011556813,0.009128828467545234
11.229000000000001,900.081823024658,0.02841585991850189,0.0,0.2,0.2,20.249999999999996,0.8,0.8,900.0,0.003,0.0,10,0.5,0.01088563,0.009128827305535376
11.232000000000001,900.0818230140034,0.028395043366918216,0.0,0.2,0.2,20.249999999999996,0.8,0.8,900.0,0.003,0.0,10,0.5,0.012676038,0.009128826147848679
11.235,900.081823003388,0.028374542361606924,0.0,0.2,0.2,20.249999999999996,0.8,0.8,900.0,0.003,0.0,10,0.5,0.011184661,0.009128824994319613
11.238,900.0818229928094,0.02835435763039965,0.0,0.2,0.2,20.249999999999996,0.8,0.8,900.0,0.003,0.0,10,0.5,0.011099791,0.009128823845149701
11.241,900.0818229822725,0.028334489827915834,0.0,0.2,0.2,20.249999999999996,0.8,0.8,900.0,0.003,0.0,10,0.5,0.012816099,0.009128822700576845
11.244,900.0818229717753,0.028314939589305817,0.0,0.2,0.2,20.249999999999996,0.8,0.8,900.0,0.003,0.0,10,0.5,0.011127971,0.009128821560863986
11.247,900.0818229613233,0.028295707541543733,0.0,0.2,0.2,20.249999999999996,0.8,0.8,900.0,0.003,0.0,10,0.5,0.011193931,0.009128820426299668
11.25,900.0818229509149,0.028276794302588303,0.0,0.2,0.2,20.249999999999996,0.8,0.8,900.0,0.003,0.0,10,0.5,0.012784129,0.009128819297180032
11.253,900.0818229405581,0.02825820048290019,0.0,0.2,0.2,20.249999999999996,0.8,0.8,900.0,0.003,0.0,10,0.5,0.011908624,0.00912881817382319
11.256,900.0818229302499,0.028239926685087718,0.0,0.2,0.2,20.249999999999996,0.8,0.8,900.0,0.003,0.0,10,0.5,0.011137641,0.009128817056592757
11.259,900.0818229199976,0.02822197350155698,0.0,0.2,0.2,20.249999999999996,0.8,0.8,900.0,0.003,0.0,10,0.5,0.012435467,0.009128815945862066
11.262,900.0818229098033,0.02820434151725172,0.0,0.2,0.2,20.249999999999996,0.8,0.8,900.0,0.003,0.0,10,0.5,0.011045771,0.009128814842002599
11.265,900.081822899672,0.02818703131041205,0.0,0.2,0.2,20.249999999999996,0.8,0.8,900.0,0.003,0.0,10,0.5,0.011122141,0.009128813745363755
11.268,900.0818228896064,0.028170043452407104,0.0,0.2,0.2,20.249999999999996,0.8,0.8,900.0,0.003,0.0,10,0.5,0.012991179,0.009128812656253768
11.271,900.0818228796077,0.028153378507894646,0.0,0.2,0.2,20.249999999999996,0.8,0.8,900.0,0.003,0.0,10,0.5,0.0109711,0.009128811574926999
11.274000000000001,900.0818228696778,0.028137037034997557,0.0,0.2,0.2,20.249999999999996,0.8,0.8,900.0,0.003,0.0,10,0.5,0.011312262,0.009128810501593329
11.277000000000001,900.0818228598208,0.02812101958259758,0.0,0.2,0.2,20.249999999999996,0.8,0.8,900.0,0.003,0.0,10,0.5,0.012632388,0.009128809436467163
11.28,900.0818228500374,0.028105326676076934,0.0,0.2,0.2,20.249999999999996,0.8,0.8,900.0,0.003,0.0,10,0.5,0.011070251,0.009128808379726142
11.283,900.0818228403338,0.028089958815710882,0.0,0.2,0.2,20.249999999999996,0.8,0.8,900.0,0.003,0.0,10,0.5,0.011387572,0.009128807332681335
11.286,900.0818228307204,0.02807491613133799,0.0,0.2,0.2,20.249999999999996,0.8,0.8,900.0,0.003,0.0,10,0.5,0.01315312,0.009128806296247505
11.289,900.0818228212016,0.028060198597760842,0.0,0.2,0.2,20.249999999999996,0.8,0.8,900.0,0.003,0.0,10,0.5,0.011273021,0.009128805270527401
11.292,900.08182281178,0.028045806187521047,0.0,0.2,0.2,20.249999999999996,0.8,0.8,900.0,0.003,0.0,10,0.5,0.010999631,0.009128804255489646
11.295,900.0818228024507,0.028031738871251197,0.0,0.2,0.2,20.249999999999996,0.8,0.8,900.0,0.003,0.0,10,0.5,0.012880219,0.009128803251108594
11.298,900.0818227932208,0.028017996618353063,0.0,0.2,0.2,20.249999999999996,0.8,0.8,900.0,0.003,0.0,10,0.5,0.011465203,0.009128802257347917
11.301,900.0818227840846,0.028004579397998088,0.0,0.2,0.2,20.249999999999996,0.8,0.8,900.0,0.003,0.0,10,0.5,0.011064781,0.009128801274090013
11.304,900.0818227750433,0.02799148717916674,0.0,0.2,0.2,20.249999999999996,0.8,0.8,900.0,0.003,0.0,10,0.5,0.012549407,0.009128800301095672
11.307,900.0818227660953,0.02797871993182023,0.0,0.2,0.2,20.249999999999996,0.8,0.8,900.0,0.003,0.0,10,0.5,0.011595893,0.009128799338022318
11.31,900.0818227572346,0.027966277626239027,0.0,0.2,0.2,20.249999999999996,0.8,0.8,900.0,0.003,0.0,10,0.5,0.011297992,0.009128798384479601
11.313,900.0818227484581,0.02795416023072561,0.0,0.2,0.2,20.249999999999996,0.8,0.8,900.0,0.003,0.0,10,0.5,0.012681598,0.009128797440132824
11.316,900.0818227397709,0.02794236770295705,0.0,0.2,0.2,20.249999999999996,0.8,0.8,900.0,0.003,0.0,10,0.5,0.011129551,0.009128796504658327
11.319,900.0818227311597,0.02793089999906825,0.0,0.2,0.2,20.249999999999996,0.8,0.8,900.0,0.003,0.0,10,0.5,0.011749284,0.00912879557784052
11.322000000000001,900.0818227226224,0.027919757076341936,0.0,0.2,0.2,20.249999999999996,0.8,0.8,900.0,0.003,0.0,10,0.5,0.012866399,0.009128794659623444
11.325000000000001,900.0818227141701,0.027908938893481946,0.0,0.2,0.2,20.249999999999996,0.8,0.8,900.0,0.003,0.0,10,0.5,0.011090711,0.009128793750109289
11.328,900.0818227057894,0.027898445411017693,0.0,0.2,0.2,20.249999999999996,0.8,0.8,900.0,0.003,0.0,10,0.5,0.011246951,0.009128792849536384
11.331,900.0818226974951,0.027888276590564615,0.0,0.2,0.2,20.249999999999996,0.8,0.8,900.0,0.003,0.0,10,0.5,0.012839799,0.009128791958267567
11.334,900.0818226892812,0.027878432386805235,0.0,0.2,0.2,20.249999999999996,0.8,0.8,900.0,0.003,0.0,10,0.5,0.011327352,0.009128791076735069
11.337,900.0818226811558,0.027868912755012545,0.0,0.2,0.2,20.249999999999996,0.8,0.8,900.0,0.003,0.0,10,0.5,0.011063761,0.009128790205447858
11.34,900.0818226731209,0.027859717653060154,0.0,0.2,0.2,20.249999999999996,0.8,0.8,900.0,0.003,0.0,10,0.5,0.012457987,0.009128789345024653
11.343,900.0818226651897,0.02785084703012069,0.0,0.2,0.2,20.249999999999996,0.8,0.8,900.0,0.003,0.0,10,0.5,0.011081731,0.009128788496131232
11.346,900.0818226573552,0.02784230083115302,0.0,0.2,0.2,20.249999999999996,0.8,0.8,900.0,0.003,0.0,10,0.5,0.011048041,0.009128787659394434
11.349,900.0818226496357,0.027834079005821154,0.0,0.2,0.2,20.249999999999996,0.8,0.8,900.0,0.003,0.0,10,0.5,0.013269021,0.009128786835406258
11.352,900.0818226420298,0.02782618150865164,0.0,0.2,0.2,20.249999999999996,0.8,0.8,900.0,0.003,0.0,10,0.5,0.011255501,0.009128786024705359
11.355,900.0818226345398,0.02781860829964443,0.0,0.2,0.2,20.249999999999996,0.8,0.8,900.0,0.003,0.0,10,0.5,0.011088351,0.009128785227783683
11.358,900.0818226271789,0.027811359340837113,0.0,0.2,0.2,20.249999999999996,0.8,0.8,900.0,0.003,0.0,10,0.5,0.012787109,0.009128784445080387
11.361,900.0818226199438,0.027804434594162823,0.0,0.2,0.2,20.249999999999996,0.8,0.8,900.0,0.003,0.0,10,0.5,0.011215471,0.009128783676921574
11.364,900.0818226128354,0.027797834027621305,0.0,0.2,0.2,20.249999999999996,0.8,0.8,900.0,0.003,0.0,10,0.5,0.011385172,0.009128782923532952
11.367,900.0818226058651,0.02779155761538884,0.0,0.2,0.2,20.249999999999996,0.8,0.8,900.0,0.003,0.0,10,0.5,0.012630448,0.009128782185011113
11.370000000000001,900.0818225990257,0.027785605339012465,0.0,0.2,0.2,20.249999999999996,0.8,0.8,900.0,0.003,0.0,10,0.5,0.011671774,0.009128781461341728
11.373000000000001,900.0818225923222,0.027779977188398315,0.0,0.2,0.2,20.249999999999996,0.8,0.8,900.0,0.003,0.0,10,0.5,0.011292102,0.009128780752384043
11.376,900.0818225857487,0.027774673166027424,0.0,0.2,0.2,20.249999999999996,0.8,0.8,900.0,0.003,0.0,10,0.5,0.01298181,0.009128780057970458
11.379,900.081822579307,0.02776969328234762,0.0,0.2,0.2,20.249999999999996,0.8,0.8,900.0,0.003,0.0,10,0.5,0.01093112,0.00912877937795995
11.382,900.0818225729947,0.02776503754449433,0.0,0.2,0.2,20.249999999999996,0.8,0.8,900.0,0.003,0.0,10,0.5,0.011296781,0.009128778712100287
11.385,900.0818225668125,0.027760705967291535,0.0,0.2,0.2,20.249999999999996,0.8,0.8,900.0,0.003,0.0,10,0.5,0.01295188,0.009128778060068172
11.388,900.0818225607526,0.027756698575212114,0.0,0.2,0.2,20.249999999999996,0.8,0.8,900.0,0.003,0.0,10,0.5,0.011042101,0.009128777421534576
11.391,900.0818225548152,0.02775301539995675,0.0,0.2,0.2,20.249999999999996,0.8,0.8,900.0,0.003,0.0,10,0.5,0.011264162,0.009128776796177995
11.394,900.0818225489951,0.02774965648179389,0.0,0.2,0.2,20.249999999999996,0.8,0.8,900.0,0.003,0.0,10,0.5,0.0129075,0.00912877618371524
11.397,900.0818225432911,0.02774662187122295,0.0,0.2,0.2,20.249999999999996,0.8,0.8,900.0,0.003,0.0,10,0.5,0.011224461,0.00912877558390008
11.4,900.0818225377021,0.027743911630304343,0.0,0.2,0.2,20.249999999999996,0.8,0.8,900.0,0.003,0.0,10,0.5,0.011006451,0.009128774996541456
11.403,900.0818225322245,0.027741525833255447,0.0,0.2,0.2,20.249999999999996,0.8,0.8,900.0,0.003,0.0,10,0.5,0.013127221,0.009128774421500436
11.406,900.0818225268592,0.02773946456681331,0.0,0.2,0.2,20.249999999999996,0.8,0.8,900.0,0.003,0.0,10,0.5,0.011121531,0.009128773858701793
11.409,900.0818225216007,0.02773772793022664,0.0,0.2,0.2,20.249999999999996,0.8,0.8,900.0,0.003,0.0,10,0.5,0.011115601,0.009128773308119535
11.412,900.081822516456,0.027736316036143942,0.0,0.2,0.2,20.249999999999996,0.8,0.8,900.0,0.003,0.0,10,0.5,0.012773468,0.009128772769781498
11.415000000000001,900.0818225114195,0.027735229011145078,0.0,0.2,0.2,20.249999999999996,0.8,0.8,900.0,0.003,0.0,10,0.5,0.011184412,0.009128772243768905
11.418000000000001,900.0818225064963,0.027734466996053465,0.0,0.2,0.2,20.249999999999996,0.8,0.8,900.0,0.003,0.0,10,0.5,0.011364502,0.00912877173021488
11.421,900.0818225016823,0.027734030145662954,0.0,0.2,0.2,20.249999999999996,0.8,0.8,900.0,0.003,0.0,10,0.5,0.012566268,0.009128771229277771
11.424,900.0818224969822,0.027733918629655862,0.0,0.2,0.2,20.249999999999996,0.8,0.8,900.0,0.003,0.0,10,0.5,0.011420843,0.009128770741145688
11.427,900.0818224923979,0.02773413263307711,0.0,0.2,0.2,20.249999999999996,0.8,0.8,900.0,0.003,0.0,10,0.5,0.011342162,0.009128770266007504
11.43,900.0818224879314,0.02773467235711354,0.0,0.2,0.2,20.249999999999996,0.8,0.8,900.0,0.003,0.0,10,0.5,0.012737399,0.009128769804059881
11.433,900.0818224835842,0.027735538019510585,0.0,0.2,0.2,20.249999999999996,0.8,0.8,900.0,0.003,0.0,10,0.5,0.010691119,0.009128769355497682
11.436,900.081822479356,0.027736729854774368,0.0,0.2,0.2,20.249999999999996,0.8,0.8,900.0,0.003,0.0,10,0.5,0.011236712,0.009128768920516239
11.439,900.0818224752511,0.027738248107152596,0.0,0.2,0.2,20.249999999999996,0.8,0.8,900.0,0.003,0.0,10,0.5,0.012538088,0.009128768499512468
11.442,900.0818224712727,0.027740092980145153,0.0,0.2,0.2,20.249999999999996,0.8,0.8,900.0,0.003,0.0,10,0.5,0.011192671,0.009128768092910931
11.445,900.0818224674262,0.027742264670272295,0.0,0.2,0.2,20.249999999999996,0.8,0.8,900.0,0.003,0.0,10,0.5,0.011427852,0.00912876770101846
11.448,900.0818224637078,0.02774476339287529,0.0,0.2,0.2,20.249999999999996,0.8,0.8,900.0,0.003,0.0,10,0.5,0.013382772,0.00912876732405515
11.451,900.0818224601269,0.027747589382547184,0.0,0.2,0.2,20.249999999999996,0.8,0.8,900.0,0.003,0.0,10,0.5,0.011397362,0.009128766962154287
11.454,900.08182245668,0.027750742892895836,0.0,0.2,0.2,20.249999999999996,0.8,0.8,900.0,0.003,0.0,10,0.5,0.011464593,0.009128766615385423
11.457,900.0818224533695,0.027754224192712527,0.0,0.2,0.2,20.249999999999996,0.8,0.8,900.0,0.003,0.0,10,0.5,0.0129507,0.009128766283752842
11.46,900.0818224501975,0.02775803356459377,0.0,0.2,0.2,20.249999999999996,0.8,0.8,900.0,0.003,0.0,10,0.5,0.011344242,0.009128765967159724
11.463000000000001,900.0818224471567,0.027762171312107533,0.0,0.2,0.2,20.249999999999996,0.8,0.8,900.0,0.003,0.0,10,0.5,0.011290491,0.009128765665468209
11.466000000000001,900.0818224442535,0.02776663775973674,0.0,0.2,0.2,20.249999999999996,0.8,0.8,900.0,0.003,0.0,10,0.5,0.012480407,0.009128765378504964
11.469,900.0818224414811,0.027771433251460944,0.0,0.2,0.2,20.249999999999996,0.8,0.8,900.0,0.003,0.0,10,0.5,0.011325452,0.009128765106071197
11.472,900.0818224388406,0.02777655815160379,0.0,0.2,0.2,20.249999999999996,0.8,0.8,900.0,0.003,0.0,10,0.5,0.011195742,0.009128764848211818
11.475,900.0818224363339,0.027782012760205903,0.0,0.2,0.2,20.249999999999996,0.8,0.8,900.0,0.003,0.0,10,0.5,0.012541598,0.009128764605194645
11.478,900.0818224339604,0.027787797315407498,0.0,0.2,0.2,20.249999999999996,0.8,0.8,900.0,0.003,0.0,10,0.5,0.011125021,0.009128764377126505
11.481,900.0818224317212,0.027793912067624084,0.0,0.2,0.2,20.249999999999996,0.8,0.8,900.0,0.003,0.0,10,0.5,0.011069061,0.009128764164133203
11.484,900.0818224296171,0.0278003572764917,0.0,0.2,0.2,20.249999999999996,0.8,0.8,900.0,0.003,0.0,10,0.5,0.012778409,0.009128763966666282
11.487,900.0818224276592,0.027807133119274727,0.0,0.2,0.2,20.249999999999996,0.8,0.8,900.0,0.003,0.0,10,0.5,0.011112151,0.00912876378629148
11.49,900.0818224258566,0.027814239530302966,0.0,0.2,0.2,20.249999999999996,0.8,0.8,900.0,0.003,0.0,10,0.5,0.011216922,0.009128763624294881
11.493,900.0818224242149,0.027821676447886766,0.0,0.2,0.2,20.249999999999996,0.8,0.8,900.0,0.003,0.0,10,0.5,0.013195891,0.009128763481599382
11.496,900.0818224227501,0.02782944382775036,0.0,0.2,0.2,20.249999999999996,0.8,0.8,900.0,0.003,0.0,10,0.5,0.0109796,0.009128763358728708
11.499,900.0818224214615,0.027837541646067377,0.0,0.2,0.2,20.249999999999996,0.8,0.8,900.0,0.003,0.0,10,0.5,0.011249711,0.009128763255882025
11.502,900.0818224203546,0.027845969899158576,0.0,0.2,0.2,20.249999999999996,0.8,0.8,900.0,0.003,0.0,10,0.5,0.013150231,0.009128763172976177
11.505,900.0818224194253,0.027854728603992525,0.0,0.2,0.2,20.249999999999996,0.8,0.8,900.0,0.003,0.0,10,0.5,0.011271892,0.009128763109757151
11.508000000000001,900.081822418675,0.02786381777458188,0.0,0.2,0.2,20.249999999999996,0.8,0.8,900.0,0.003,0.0,10,0.5,0.01076529,0.009128763065741076
11.511000000000001,900.0818224180975,0.027873237421478625,0.0,0.2,0.2,20.249999999999996,0.8,0.8,900.0,0.003,0.0,10,0.5,0.01303137,0.009128763040121907
11.514000000000001,900.0818224176847,0.027882987576309064,0.0,0.2,0.2,20.249999999999996,0.8,0.8,900.0,0.003,0.0,10,0.5,0.011518823,0.009128763031910389
11.517,900.081822417431,0.02789306829208753,0.0,0.2,0.2,20.249999999999996,0.8,0.8,900.0,0.003,0.0,10,0.5,0.011166681,0.00912876303998213
11.52,900.0818224173208,0.02790347964359769,0.0,0.2,0.2,20.249999999999996,0.8,0.8,900.0,0.003,0.0,10,0.5,0.012651148,0.009128763063135826
11.523,900.0818224173477,0.0279142217278205,0.0,0.2,0.2,20.249999999999996,0.8,0.8,900.0,0.003,0.0,10,0.5,0.011368792,0.009128763100169414
11.526,900.0818224175006,0.02792529466155382,0.0,0.2,0.2,20.249999999999996,0.8,0.8,900.0,0.003,0.0,10,0.5,0.011478523,0.009128763150073726
11.529,900.081822417771,0.02793669855870947,0.0,0.2,0.2,20.249999999999996,0.8,0.8,900.0,0.003,0.0,10,0.5,0.012228537,0.009128763211793187
11.532,900.081822418147,0.027948433549644377,0.0,0.2,0.2,20.249999999999996,0.8,0.8,900.0,0.003,0.0,10,0.5,0.011182301,0.009128763284518879
11.535,900.0818224186273,0.027960499712240842,0.0,0.2,0.2,20.249999999999996,0.8,0.8,900.0,0.003,0.0,10,0.5,0.011619583,0.009128763369279182
11.538,900.081822419221,0.0279728966421387,0.0,0.2,0.2,20.249999999999996,0.8,0.8,900.0,0.003,0.0,10,0.5,0.012804509,0.009128763466756184
11.541,900.0818224199256,0.027985623830608264,0.0,0.2,0.2,20.249999999999996,0.8,0.8,900.0,0.003,0.0,10,0.5,0.01078153,0.0091287635772771
11.544,900.0818224207519,0.027998680776295415,0.0,0.2,0.2,20.249999999999996,0.8,0.8,900.0,0.003,0.0,10,0.5,0.01105893,0.00912876370093845
11.547,900.0818224216936,0.028012066992689492,0.0,0.2,0.2,20.249999999999996,0.8,0.8,900.0,0.003,0.0,10,0.5,0.012972999,0.00912876383762282
11.55,900.0818224227553,0.028025781997997788,0.0,0.2,0.2,20.249999999999996,0.8,0.8,900.0,0.003,0.0,10,0.5,0.01101198,0.00912876398733179
11.553,900.0818224239338,0.028039825282789695,0.0,0.2,0.2,20.249999999999996,0.8,0.8,900.0,0.003,0.0,10,0.5,0.011123622,0.009128764149348554
11.556000000000001,900.081822425227,0.028054196347122896,0.0,0.2,0.2,20.249999999999996,0.8,0.8,900.0,0.003,0.0,10,0.5,0.012797028,0.009128764322476042
11.559000000000001,900.0818224266163,0.028068894707158634,0.0,0.2,0.2,20.249999999999996,0.8,0.8,900.0,0.003,0.0,10,0.5,0.011321062,0.009128764505141666
11.562,900.0818224280924,0.0280839198941856,0.0,0.2,0.2,20.249999999999996,0.8,0.8,900.0,0.003,0.0,10,0.5,0.0109396,0.009128764695473525
11.565,900.0818224296344,0.028099271459046327,0.0,0.2,0.2,20.249999999999996,0.8,0.8,900.0,0.003,0.0,10,0.5,0.013270741,0.009128764891481511
11.568,900.0818224312318,0.028114948972999473,0.0,0.2,0.2,20.249999999999996,0.8,0.8,900.0,0.003,0.0,10,0.5,0.011253812,0.009128765091202017
11.571,900.081822432862,0.028130952027993365,0.0,0.2,0.2,20.249999999999996,0.8,0.8,900.0,0.003,0.0,10,0.5,0.011015671,0.009128765292861992
11.574,900.081822434506,0.02814728023500857,0.0,0.2,0.2,20.249999999999996,0.8,0.8,900.0,0.003,0.0,10,0.5,0.012713428,0.00912876549497626
11.577,900.0818224361591,0.02816393319331616,0.0,0.2,0.2,20.249999999999996,0.8,0.8,900.0,0.003,0.0,10,0.5,0.011186741,0.009128765697248215
11.58,900.0818224378187,0.028180910170528775,0.0,0.2,0.2,20.249999999999996,0.8,0.8,900.0,0.003,0.0,10,0.5,0.011285471,0.009128765899578145
11.583,900.081822439475,0.028198210343818583,0.0,0.2,0.2,20.249999999999996,0.8,0.8,900.0,0.003,0.0,10,0.5,0.012627808,0.009128766101771223
11.586,900.081822441134,0.028215832900619922,0.0,0.2,0.2,20.249999999999996,0.8,0.8,900.0,0.003,0.0,10,0.5,0.011266232,0.009128766303831288
11.589,900.0818224427912,0.028233777036904394,0.0,0.2,0.2,20.249999999999996,0.8,0.8,900.0,0.003,0.0,10,0.5,0.011292182,0.009128766506296657
11.592,900.0818224444562,0.028252041871271668,0.0,0.2,0.2,20.249999999999996,0.8,0.8,900.0,0.003,0.0,10,0.5,0.012788889,0.009128766710012774
11.595,900.081822446128,0.028270626485704796,0.0,0.2,0.2,20.249999999999996,0.8,0.8,900.0,0.003,0.0,10,0.5,0.011073491,0.009128766915812256
11.598,900.081822447822,0.028289529971711677,0.0,0.2,0.2,20.249999999999996,0.8,0.8,900.0,0.003,0.0,10,0.5,0.011168492,0.009128767124489415
11.601,900.0818224495404,0.02830875143040988,0.0,0.2,0.2,20.249999999999996,0.8,0.8,900.0,0.003,0.0,10,0.5,0.012906569,0.009128767336787368
11.604000000000001,900.0818224512917,0.028328289972621337,0.0,0.2,0.2,20.249999999999996,0.8,0.8,900.0,0.003,0.0,10,0.5,0.011206011,0.009128767553351071
11.607000000000001,900.0818224530825,0.02834814471902347,0.0,0.2,0.2,20.249999999999996,0.8,0.8,900.0,0.003,0.0,10,0.5,0.011280142,0.009128767774656536
11.61,900.081822454917,0.028368314799641896,0.0,0.2,0.2,20.249999999999996,0.8,0.8,900.0,0.003,0.0,10,0.5,0.01305658,0.009128768000940915
11.613,900.0818224567943,0.02838879935418884,0.0,0.2,0.2,20.249999999999996,0.8,0.8,900.0,0.003,0.0,10,0.5,0.011325972,0.00912876823218305
11.616,900.0818224587169,0.028409597531125225,0.0,0.2,0.2,20.249999999999996,0.8,0.8,900.0,0.003,0.0,10,0.5,0.01093518,0.00912876846811756
11.619,900.0818224606826,0.028430708486511847,0.0,0.2,0.2,20.249999999999996,0.8,0.8,900.0,0.003,0.0,10,0.5,0.012963879,0.009128768708248188
11.622,900.0818224626862,0.028452131383589867,0.0,0.2,0.2,20.249999999999996,0.8,0.8,900.0,0.003,0.0,10,0.5,0.011351422,0.009128768951925612
11.625,900.0818224647238,0.028473865386270492,0.0,0.2,0.2,20.249999999999996,0.8,0.8,900.0,0.003,0.0,10,0.5,0.011214852,0.00912876919841563
11.628,900.0818224667829,0.028495909668169984,0.0,0.2,0.2,20.249999999999996,0.8,0.8,900.0,0.003,0.0,10,0.5,0.01313708,0.00912876944692152
11.631,900.0818224688626,0.02851826341332586,0.0,0.2,0.2,20.249999999999996,0.8,0.8,900.0,0.003,0.0,10,0.5,0.011165932,0.009128769696615684
11.634,900.0818224709542,0.02854092581672689,0.0,0.2,0.2,20.249999999999996,0.8,0.8,900.0,0.003,0.0,10,0.5,0.011209371,0.00912876994667395
11.637,900.0818224730467,0.028563896085310545,0.0,0.2,0.2,20.249999999999996,0.8,0.8,900.0,0.003,0.0,10,0.5,0.012399427,0.009128770196329305
11.64,900.0818224751364,0.028587173437852394,0.0,0.2,0.2,20.249999999999996,0.8,0.8,900.0,0.003,0.0,10,0.5,0.011336112,0.009128770444898768
11.643,900.0818224772175,0.02861075710477326,0.0,0.2,0.2,20.249999999999996,0.8,0.8,900.0,0.003,0.0,10,0.5,0.011239222,0.009128770691813356
11.646,900.0818224792824,0.028634646328298537,0.0,0.2,0.2,20.249999999999996,0.8,0.8,900.0,0.003,0.0,10,0.5,0.012760569,0.009128770936647018
11.649000000000001,900.0818224813319,0.02865884036267573,0.0,0.2,0.2,20.249999999999996,0.8,0.8,900.0,0.003,0.0,10,0.5,0.01093308,0.009128771179125708
11.652000000000001,900.0818224833578,0.028683338474514264,0.0,0.2,0.2,20.249999999999996,0.8,0.8,900.0,0.003,0.0,10,0.5,0.011498742,0.009128771419133465
11.655,900.0818224853621,0.028708139945116798,0.0,0.2,0.2,20.249999999999996,0.8,0.8,900.0,0.003,0.0,10,0.5,0.012861229,0.009128771656693482
11.658,900.0818224873453,0.028733244069144015,0.0,0.2,0.2,20.249999999999996,0.8,0.8,900.0,0.003,0.0,10,0.5,0.010727419,0.009128771891973609
11.661,900.0818224893058,0.028758650154046723,0.0,0.2,0.2,20.249999999999996,0.8,0.8,900.0,0.003,0.0,10,0.5,0.011313442,0.009128772125286901
11.664,900.0818224912547,0.028784357520081138,0.0,0.2,0.2,20.249999999999996,0.8,0.8,900.0,0.003,0.0,10,0.5,0.013004649,0.009128772357078012
11.667,900.0818224931853,0.028810365500677663,0.0,0.2,0.2,20.249999999999996,0.8,0.8,900.0,0.003,0.0,10,0.5,0.01093138,0.009128772587892109
11.67,900.081822495109,0.028836673442654278,0.0,0.2,0.2,20.249999999999996,0.8,0.8,900.0,0.003,0.0,10,0.5,0.011057831,0.009128772818353023
11.673,900.0818224970295,0.028863280706427272,0.0,0.2,0.2,20.249999999999996,0.8,0.8,900.0,0.003,0.0,10,0.5,0.012809979,0.009128773049136887
11.676,900.081822498955,0.028890186665254492,0.0,0.2,0.2,20.249999999999996,0.8,0.8,900.0,0.003,0.0,10,0.5,0.011181191,0.009128773280945449
11.679,900.0818225008874,0.028917390703217655,0.0,0.2,0.2,20.249999999999996,0.8,0.8,900.0,0.003,0.0,10,0.5,0.01080719,0.009128773514478506
11.682,900.0818225028371,0.028944892218008906,0.0,0.2,0.2,20.249999999999996,0.8,0.8,900.0,0.003,0.0,10,0.5,0.01303696,0.009128773750440959
11.685,900.0818225048089,0.028972690612074865,0.0,0.2,0.2,20.249999999999996,0.8,0.8,900.0,0.003,0.0,10,0.5,0.01102531,0.00912877398963236
11.688,900.0818225068124,0.02900078525288174,0.0,0.2,0.2,20.249999999999996,0.8,0.8,900.0,0.003,0.0,10,0.5,0.01097379,0.009128774232645041
11.691,900.0818225088487,0.029029175514147704,0.0,0.2,0.2,20.249999999999996,0.8,0.8,900.0,0.003,0.0,10,0.5,0.01285116,0.009128774480011996
11.694,900.0818225109223,0.02905786078316377,0.0,0.2,0.2,20.249999999999996,0.8,0.8,900.0,0.003,0.0,10,0.5,0.011222012,0.009128774732239706
11.697000000000001,900.0818225130434,0.029086840460831674,0.0,0.2,0.2,20.249999999999996,0.8,0.8,900.0,0.003,0.0,10,0.5,0.011260221,0.009128774989769292
11.700000000000001,900.0818225152084,0.029116113961568928,0.0,0.2,0.2,20.249999999999996,0.8,0.8,900.0,0.003,0.0,10,0.5,0.012725409,0.009128775253027174
11.703,900.0818225174307,0.02914568070555183,0.0,0.2,0.2,20.249999999999996,0.8,0.8,900.0,0.003,0.0,10,0.5,0.011120211,0.009128775522303874
11.706,900.0818225197033,0.029175540125759174,0.0,0.2,0.2,20.249999999999996,0.8,0.8,900.0,0.003,0.0,10,0.5,0.011488103,0.009128775797800689
11.709,900.0818225220322,0.029205691673524575,0.0,0.2,0.2,20.249999999999996,0.8,0.8,900.0,0.003,0.0,10,0.5,0.01300583,0.0091287760796581
11.712,900.0818225244195,0.029236134816511987,0.0,0.2,0.2,20.249999999999996,0.8,0.8,900.0,0.003,0.0,10,0.5,0.01085965,0.009128776367972056
11.715,900.0818225268653,0.02926686903797455,0.0,0.2,0.2,20.249999999999996,0.8,0.8,900.0,0.003,0.0,10,0.5,0.011628184,0.009128776662802426
11.718,900.081822529369,0.02929789383691862,0.0,0.2,0.2,20.249999999999996,0.8,0.8,900.0,0.003,0.0,10,0.5,0.01301084,0.009128776964197026
11.721,900.0818225319314,0.029329208728271782,0.0,0.2,0.2,20.249999999999996,0.8,0.8,900.0,0.003,0.0,10,0.5,0.010974701,0.009128777272189838
11.724,900.0818225345575,0.029360813243285475,0.0,0.2,0.2,20.249999999999996,0.8,0.8,900.0,0.003,0.0,10,0.5,0.011687674,0.00912877758683718
11.727,900.0818225372404,0.029392706926193838,0.0,0.2,0.2,20.249999999999996,0.8,0.8,900.0,0.003,0.0,10,0.5,0.01302514,0.009128777908255186
11.73,900.0818225399835,0.0294248893290949,0.0,0.2,0.2,20.249999999999996,0.8,0.8,900.0,0.003,0.0,10,0.5,0.011138691,0.009128778236594566
11.733,900.0818225427911,0.02945736001946041,0.0,0.2,0.2,20.249999999999996,0.8,0.8,900.0,0.003,0.0,10,0.5,0.011124161,0.00912877857203612
11.736,900.0818225456626,0.02949011857956305,0.0,0.2,0.2,20.249999999999996,0.8,0.8,900.0,0.003,0.0,10,0.5,0.012627788,0.009128778914771474
11.739,900.0818225486012,0.02952316460593822,0.0,0.2,0.2,20.249999999999996,0.8,0.8,900.0,0.003,0.0,10,0.5,0.011378423,0.009128779265130237
11.742,900.0818225516088,0.02955649768815352,0.0,0.2,0.2,20.249999999999996,0.8,0.8,900.0,0.003,0.0,10,0.5,0.011201711,0.009128779623343816
11.745000000000001,900.0818225546877,0.029590117424824546,0.0,0.2,0.2,20.249999999999996,0.8,0.8,900.0,0.003,0.0,10,0.5,0.012742688,0.009128779989543711
11.748000000000001,900.0818225578388,0.029624023430385664,0.0,0.2,0.2,20.249999999999996,0.8,0.8,900.0,0.003,0.0,10,0.5,0.011105412,0.009128780363794529
11.751,900.0818225610606,0.029658215336571207,0.0,0.2,0.2,20.249999999999996,0.8,0.8,900.0,0.003,0.0,10,0.5,0.011713174,0.009128780746080992
11.754,900.081822564356,0.029692692792939967,0.0,0.2,0.2,20.249999999999996,0.8,0.8,900.0,0.003,0.0,10,0.5,0.012654808,0.009128781136307497
11.757,900.0818225677197,0.029727455466139682,0.0,0.2,0.2,20.249999999999996,0.8,0.8,900.0,0.003,0.0,10,0.5,0.01109967,0.00912878153428431
11.76,900.0818225711588,0.029762503039827724,0.0,0.2,0.2,20.249999999999996,0.8,0.8,900.0,0.003,0.0,10,0.5,0.012633428,0.009128781939722308
11.763,900.0818225746641,0.029797835215794228,0.0,0.2,0.2,20.249999999999996,0.8,0.8,900.0,0.003,0.0,10,0.5,0.01307567,0.009128782352238537
11.766,900.0818225782348,0.02983345171404175,0.0,0.2,0.2,20.249999999999996,0.8,0.8,900.0,0.003,0.0,10,0.5,0.0109844,0.009128782771474478
11.769,900.0818225818643,0.029869352226794838,0.0,0.2,0.2,20.249999999999996,0.8,0.8,900.0,0.003,0.0,10,0.5,0.011088401,0.009128783196841146
11.772,900.0818225855484,0.029905536426379515,0.0,0.2,0.2,20.249999999999996,0.8,0.8,900.0,0.003,0.0,10,0.5,0.012950869,0.009128783627287956
11.775,900.081822589281,0.029942004003765618,0.0,0.2,0.2,20.249999999999996,0.8,0.8,900.0,0.003,0.0,10,0.5,0.011077601,0.00912878406159192
11.778,900.0818225930451,0.0299787546687709,0.0,0.2,0.2,20.249999999999996,0.8,0.8,900.0,0.003,0.0,10,0.5,0.01094902,0.009128784498494944
11.781,900.0818225968379,0.03001578815031795,0.0,0.2,0.2,20.249999999999996,0.8,0.8,900.0,0.003,0.0,10,0.5,0.012719119,0.009128784936933912
11.784,900.081822600642,0.030053104145564693,0.0,0.2,0.2,20.249999999999996,0.8,0.8,900.0,0.003,0.0,10,0.5,0.011237641,0.009128785376022127
11.787,900.0818226044507,0.030090702319436127,0.0,0.2,0.2,20.249999999999996,0.8,0.8,900.0,0.003,0.0,10,0.5,0.011035161,0.009128785814692876
11.790000000000001,900.0818226082623,0.03012858235596765,0.0,0.2,0.2,20.249999999999996,0.8,0.8,900.0,0.003,0.0,10,0.5,0.013185781,0.00912878625174408
11.793000000000001,900.081822612054,0.030166743957957393,0.0,0.2,0.2,20.249999999999996,0.8,0.8,900.0,0.003,0.0,10,0.5,0.011227972,0.009128786685953304
11.796,900.0818226158252,0.030205186829903204,0.0,0.2,0.2,20.249999999999996,0.8,0.8,900.0,0.003,0.0,10,0.5,0.011067551,0.00912878711615088
11.799,900.0818226195549,0.03024391068686625,0.0,0.2,0.2,20.249999999999996,0.8,0.8,900.0,0.003,0.0,10,0.5,0.012676928,0.009128787541305087
11.802,900.0818226232429,0.030282915263634514,0.0,0.2,0.2,20.249999999999996,0.8,0.8,900.0,0.003,0.0,10,0.5,0.011488453,0.00912878796058667
11.805,900.0818226268813,0.030322200314910702,0.0,0.2,0.2,20.249999999999996,0.8,0.8,900.0,0.003,0.0,10,0.5,0.011581923,0.00912878837339915
11.808,900.0818226304574,0.03036176560255834,0.0,0.2,0.2,20.249999999999996,0.8,0.8,900.0,0.003,0.0,10,0.5,0.012517908,0.0091287887796288
11.811,900.081822633981,0.03040161083324621,0.0,0.2,0.2,20.249999999999996,0.8,0.8,900.0,0.003,0.0,10,0.5,0.011312452,0.009128789179282289
11.814,900.0818226374387,0.03044173571466251,0.0,0.2,0.2,20.249999999999996,0.8,0.8,900.0,0.003,0.0,10,0.5,0.011621224,0.009128789572335944
11.817,900.081822640846,0.030482139975306823,0.0,0.2,0.2,20.249999999999996,0.8,0.8,900.0,0.003,0.0,10,0.5,0.012732459,0.009128789958829263
11.82,900.0818226441899,0.030522823339645275,0.0,0.2,0.2,20.249999999999996,0.8,0.8,900.0,0.003,0.0,10,0.5,0.010772919,0.009128790338895064
11.823,900.0818226474769,0.03056378552764851,0.0,0.2,0.2,20.249999999999996,0.8,0.8,900.0,0.003,0.0,10,0.5,0.011414633,0.009128790712667869
11.826,900.0818226507072,0.030605026279380543,0.0,0.2,0.2,20.249999999999996,0.8,0.8,900.0,0.003,0.0,10,0.5,0.012823879,0.009128791080268508
11.829,900.0818226538859,0.030646545355277457,0.0,0.2,0.2,20.249999999999996,0.8,0.8,900.0,0.003,0.0,10,0.5,0.011140331,0.009128791441758361
11.832,900.0818226570018,0.030688342530578925,0.0,0.2,0.2,20.249999999999996,0.8,0.8,900.0,0.003,0.0,10,0.5,0.011203592,0.009128791797153143
11.835,900.0818226600701,0.03073041757677384,0.0,0.2,0.2,20.249999999999996,0.8,0.8,900.0,0.003,0.0,10,0.5,0.012880579,0.009128792146397294
11.838000000000001,900.081822663083,0.030772770282797294,0.0,0.2,0.2,20.249999999999996,0.8,0.8,900.0,0.003,0.0,10,0.5,0.011239361,0.00912879248938111
11.841000000000001,900.0818226660393,0.03081540045777961,0.0,0.2,0.2,20.249999999999996,0.8,0.8,900.0,0.003,0.0,10,0.5,0.011178911,0.009128792825927648
11.844,900.0818226689372,0.030858307931164695,0.0,0.2,0.2,20.249999999999996,0.8,0.8,900.0,0.003,0.0,10,0.5,0.012876109,0.00912879315579555
11.847,900.0818226717754,0.030901492552739808,0.0,0.2,0.2,20.249999999999996,0.8,0.8,900.0,0.003,0.0,10,0.5,0.011240532,0.00912879347884042
11.85,900.0818226745573,0.030944954069037165,0.0,0.2,0.2,20.249999999999996,0.8,0.8,900.0,0.003,0.0,10,0.5,0.011367572,0.009128793794951377
11.853,900.0818226772755,0.030988692145536626,0.0,0.2,0.2,20.249999999999996,0.8,0.8,900.0,0.003,0.0,10,0.5,0.012558497,0.00912879410396447
11.856,900.0818226799282,0.03103270645982266,0.0,0.2,0.2,20.249999999999996,0.8,0.8,900.0,0.003,0.0,10,0.5,0.011380753,0.009128794406006984
11.859,900.081822682525,0.031076996627253294,0.0,0.2,0.2,20.249999999999996,0.8,0.8,900.0,0.003,0.0,10,0.5,0.011280742,0.009128794702387602
11.862,900.0818226850737,0.03112156197580791,0.0,0.2,0.2,20.249999999999996,0.8,0.8,900.0,0.003,0.0,10,0.5,0.012474777,0.009128794994180194
11.865,900.081822687578,0.031166401817794287,0.0,0.2,0.2,20.249999999999996,0.8,0.8,900.0,0.003,0.0,10,0.5,0.011264831,0.009128795282446135
11.868,900.0818226900542,0.031211515479853683,0.0,0.2,0.2,20.249999999999996,0.8,0.8,900.0,0.003,0.0,10,0.5,0.011515494,0.009128795568157355
11.871,900.0818226925057,0.03125690230325458,0.0,0.2,0.2,20.249999999999996,0.8,0.8,900.0,0.003,0.0,10,0.5,0.01312127,0.009128795852111536
11.874,900.081822694943,0.03130256164154632,0.0,0.2,0.2,20.249999999999996,0.8,0.8,900.0,0.003,0.0,10,0.5,0.01094268,0.009128796134938057
11.877,900.0818226973672,0.03134849285897095,0.0,0.2,0.2,20.249999999999996,0.8,0.8,900.0,0.003,0.0,10,0.5,0.011389562,0.009128796417116322
11.88,900.0818226997895,0.03139469533390321,0.0,0.2,0.2,20.249999999999996,0.8,0.8,900.0,0.003,0.0,10,0.5,0.013271481,0.00912879669902273
11.883000000000001,900.0818227022091,0.03144116845958028,0.0,0.2,0.2,20.249999999999996,0.8,0.8,900.0,0.003,0.0,10,0.5,0.011132782,0.009128796980923972
11.886000000000001,900.0818227046284,0.03148791164380123,0.0,0.2,0.2,20.249999999999996,0.8,0.8,900.0,0.003,0.0,10,0.5,0.01085756,0.009128797262907728
11.889000000000001,900.0818227070502,0.03153492431004045,0.0,0.2,0.2,20.249999999999996,0.8,0.8,900.0,0.003,0.0,10,0.5,0.01308986,0.009128797544874622
11.892,900.0818227094707,0.03158220589764869,0.0,0.2,0.2,20.249999999999996,0.8,0.8,900.0,0.003,0.0,10,0.5,0.011050031,0.009128797826531612
11.895,900.0818227118896,0.031629755861920544,0.0,0.2,0.2,20.249999999999996,0.8,0.8,900.0,0.003,0.0,10,0.5,0.010939351,0.009128798107412734
11.898,900.0818227143023,0.03167757367314146,0.0,0.2,0.2,20.249999999999996,0.8,0.8,900.0,0.003,0.0,10,0.5,0.013163951,0.009128798386982738
11.901,900.0818227167028,0.031725658809529995,0.0,0.2,0.2,20.249999999999996,0.8,0.8,900.0,0.003,0.0,10,0.5,0.011561903,0.009128798664595518
11.904,900.0818227190861,0.0317740107643976,0.0,0.2,0.2,20.249999999999996,0.8,0.8,900.0,0.003,0.0,10,0.5,0.011429762,0.009128798939526808
11.907,900.0818227214481,0.0318226290478326,0.0,0.2,0.2,20.249999999999996,0.8,0.8,900.0,0.003,0.0,10,0.5,0.012483288,0.0091287992110111
11.91,900.0818227237795,0.0318715131864035,0.0,0.2,0.2,20.249999999999996,0.8,0.8,900.0,0.003,0.0,10,0.5,0.011138461,0.00912879947831874
11.913,900.0818227260742,0.031920662718278675,0.0,0.2,0.2,20.249999999999996,0.8,0.8,900.0,0.003,0.0,10,0.5,0.010938121,0.009128799740770986
11.916,900.0818227283215,0.03197007719698259,0.0,0.2,0.2,20.249999999999996,0.8,0.8,900.0,0.003,0.0,10,0.5,0.012461738,0.009128799997791374
11.919,900.0818227305223,0.03201975619262001,0.0,0.2,0.2,20.249999999999996,0.8,0.8,900.0,0.003,0.0,10,0.5,0.011232881,0.00912880024898488
11.922,900.0818227326749,0.03206969929171482,0.0,0.2,0.2,20.249999999999996,0.8,0.8,900.0,0.003,0.0,10,0.5,0.011471633,0.009128800494196005
11.925,900.0818227347733,0.032119906090520296,0.0,0.2,0.2,20.249999999999996,0.8,0.8,900.0,0.003,0.0,10,0.5,0.01294674,0.009128800733383683
11.928,900.0818227368159,0.03217037620415266,0.0,0.2,0.2,20.249999999999996,0.8,0.8,900.0,0.003,0.0,10,0.5,0.01093845,0.009128800966643728
11.931000000000001,900.0818227388095,0.03222110926676306,0.0,0.2,0.2,20.249999999999996,0.8,0.8,900.0,0.003,0.0,10,0.5,0.011237351,0.009128801194215136
11.934000000000001,900.0818227407486,0.0322721049289113,0.0,0.2,0.2,20.249999999999996,0.8,0.8,900.0,0.003,0.0,10,0.5,0.013093411,0.009128801416431418
11.937,900.0818227426421,0.032323362859690515,0.0,0.2,0.2,20.249999999999996,0.8,0.8,900.0,0.003,0.0,10,0.5,0.011144591,0.009128801633699928
11.94,900.0818227444917,0.03237488274755241,0.0,0.2,0.2,20.249999999999996,0.8,0.8,900.0,0.003,0.0,10,0.5,0.011166622,0.009128801846464082
11.943,900.0818227463019,0.03242666430059258,0.0,0.2,0.2,20.249999999999996,0.8,0.8,900.0,0.003,0.0,10,0.5,0.01295734,0.009128802055172105
11.946,900.0818227480754,0.032478707246409874,0.0,0.2,0.2,20.249999999999996,0.8,0.8,900.0,0.003,0.0,10,0.5,0.011476162,0.0091288022602418
11.949,900.0818227498186,0.03253101133042196,0.0,0.2,0.2,20.249999999999996,0.8,0.8,900.0,0.003,0.0,10,0.5,0.01101276,0.009128802462031061
11.952,900.0818227515298,0.032583576316928854,0.0,0.2,0.2,20.249999999999996,0.8,0.8,900.0,0.003,0.0,10,0.5,0.012916649,0.009128802660804205
11.955,900.0818227532174,0.03263640199073831,0.0,0.2,0.2,20.249999999999996,0.8,0.8,900.0,0.003,0.0,10,0.5,0.011252352,0.009128802856712921
11.958,900.0818227548779,0.03268948815757086,0.0,0.2,0.2,20.249999999999996,0.8,0.8,900.0,0.003,0.0,10,0.5,0.011040811,0.009128803049792588
11.961,900.0818227565115,0.03274283464432982,0.0,0.2,0.2,20.249999999999996,0.8,0.8,900.0,0.003,0.0,10,0.5,0.013354381,0.00912880323996927
11.964,900.0818227581227,0.03279644129947272,0.0,0.2,0.2,20.249999999999996,0.8,0.8,900.0,0.003,0.0,10,0.5,0.011562353,0.009128803427063023
11.967,900.0818227597069,0.032850307993179964,0.0,0.2,0.2,20.249999999999996,0.8,0.8,900.0,0.003,0.0,10,0.5,0.011163712,0.009128803610796661
11.97,900.0818227612589,0.03290443461728259,0.0,0.2,0.2,20.249999999999996,0.8,0.8,900.0,0.003,0.0,10,0.5,0.012622598,0.00912880379082469
11.973,900.0818227627808,0.03295882108282222,0.0,0.2,0.2,20.249999999999996,0.8,0.8,900.0,0.003,0.0,10,0.5,0.011309932,0.00912880396686932
11.976,900.0818227642667,0.0330134673060477,0.0,0.2,0.2,20.249999999999996,0.8,0.8,900.0,0.003,0.0,10,0.5,0.01090735,0.00912880413853965
11.979000000000001,900.0818227657145,0.033068373221358964,0.0,0.2,0.2,20.249999999999996,0.8,0.8,900.0,0.003,0.0,10,0.5,0.013300661,0.00912880430533751
11.982000000000001,900.0818227671202,0.033123538786060676,0.0,0.2,0.2,20.249999999999996,0.8,0.8,900.0,0.003,0.0,10,0.5,0.01088434,0.009128804466760936
11.985,900.0818227684777,0.03317896397962021,0.0,0.2,0.2,20.249999999999996,0.8,0.8,900.0,0.003,0.0,10,0.5,0.011473543,0.009128804622339311
11.988,900.0818227697829,0.03323464880536556,0.0,0.2,0.2,20.249999999999996,0.8,0.8,900.0,0.003,0.0,10,0.5,0.013468062,0.0091288047716627
11.991,900.081822771033,0.03329059329076283,0.0,0.2,0.2,20.249999999999996,0.8,0.8,900.0,0.003,0.0,10,0.5,0.011198912,0.009128804914390389
11.994,900.0818227722216,0.033346797487733316,0.0,0.2,0.2,20.249999999999996,0.8,0.8,900.0,0.003,0.0,10,0.5,0.011202711,0.009128805050248759
11.997,900.0818227733524,0.03340326147244301,0.0,0.2,0.2,20.249999999999996,0.8,0.8,900.0,0.003,0.0,10,0.5,0.0129145,0.009128805179045161
12.0,900.0818227744184,0.03345998534553102,0.0,0.2,0.2,20.249999999999996,0.8,0.8,900.0,0.003,0.0,10,0.5,0.011294101,0.009128805300671585
12.003,900.0818227754223,0.03351696923304547,0.0,0.2,0.2,20.249999999999996,0.8,0.8,900.0,0.003,0.0,10,0.5,0.010960571,0.009128805415097132
12.006,900.0818227763598,0.033574213286788654,0.0,0.2,0.2,20.249999999999996,0.8,0.8,900.0,0.003,0.0,10,0.5,0.012789389,0.009128805522384062
12.009,900.0818227772387,0.03363171767718465,0.0,0.2,0.2,20.249999999999996,0.8,0.8,900.0,0.003,0.0,10,0.5,0.011256642,0.009128805622697377
12.012,900.0818227780504,0.03368948259211218,0.0,0.2,0.2,20.249999999999996,0.8,0.8,900.0,0.003,0.0,10,0.5,0.011092701,0.009128805716255203
12.015,900.081822778805,0.03374750824377951,0.0,0.2,0.2,20.249999999999996,0.8,0.8,900.0,0.003,0.0,10,0.5,0.012479707,0.009128805803721616
12.018,900.0818227795107,0.03380579468734532,0.0,0.2,0.2,20.249999999999996,0.8,0.8,900.0,0.003,0.0,10,0.5,0.011263412,0.009128805886695048
12.021,900.0818227801767,0.033864341619620465,0.0,0.2,0.2,20.249999999999996,0.8,0.8,900.0,0.003,0.0,10,0.5,0.011197772,0.009128805966289608
12.024000000000001,900.0818227808121,0.03392314873155464,0.0,0.2,0.2,20.249999999999996,0.8,0.8,900.0,0.003,0.0,10,0.5,0.012502307,0.00912880604358514
12.027000000000001,900.081822781429,0.033982215724823,0.0,0.2,0.2,20.249999999999996,0.8,0.8,900.0,0.003,0.0,10,0.5,0.011216822,0.009128806119666398
12.030000000000001,900.0818227820329,0.03404154231944513,0.0,0.2,0.2,20.249999999999996,0.8,0.8,900.0,0.003,0.0,10,0.5,0.011200571,0.009128806195597201
12.033,900.0818227826392,0.03410112825402925,0.0,0.2,0.2,20.249999999999996,0.8,0.8,900.0,0.003,0.0,10,0.5,0.012670178,0.009128806272332248
12.036,900.08182278325,0.034160973285893806,0.0,0.2,0.2,20.249999999999996,0.8,0.8,900.0,0.003,0.0,10,0.5,0.011046651,0.009128806350621028
12.039,900.0818227838814,0.03422107718692327,0.0,0.2,0.2,20.249999999999996,0.8,0.8,900.0,0.003,0.0,10,0.5,0.011290792,0.009128806430873914
12.042,900.0818227845253,0.03428143974650485,0.0,0.2,0.2,20.249999999999996,0.8,0.8,900.0,0.003,0.0,10,0.5,0.01302468,0.009128806513085475
12.045,900.0818227851908,0.0343420607642203,0.0,0.2,0.2,20.249999999999996,0.8,0.8,900.0,0.003,0.0,10,0.5,0.011122451,0.009128806596786259
12.048,900.0818227858681,0.03440294004571772,0.0,0.2,0.2,20.249999999999996,0.8,0.8,900.0,0.003,0.0,10,0.5,0.011225252,0.009128806680956433
12.051,900.0818227865506,0.034464077415816516,0.0,0.2,0.2,20.249999999999996,0.8,0.8,900.0,0.003,0.0,10,0.5,0.01315609,0.009128806764213989
12.054,900.0818227872254,0.034525472715967606,0.0,0.2,0.2,20.249999999999996,0.8,0.8,900.0,0.003,0.0,10,0.5,0.011264671,0.009128806844956936
12.057,900.0818227878815,0.0345871257966959,0.0,0.2,0.2,20.249999999999996,0.8,0.8,900.0,0.003,0.0,10,0.5,0.011068981,0.009128806921622032
12.06,900.0818227884992,0.0346490364846899,0.0,0.2,0.2,20.249999999999996,0.8,0.8,900.0,0.003,0.0,10,0.5,0.012777029,0.009128806992582991
12.063,900.0818227890684,0.03471120462200231,0.0,0.2,0.2,20.249999999999996,0.8,0.8,900.0,0.003,0.0,10,0.5,0.011404803,0.00912880705629868
12.066,900.0818227895705,0.034773630071566815,0.0,0.2,0.2,20.249999999999996,0.8,0.8,900.0,0.003,0.0,10,0.5,0.011087361,0.00912880711143634
12.069,900.0818227899996,0.034836312711931605,0.0,0.2,0.2,20.249999999999996,0.8,0.8,900.0,0.003,0.0,10,0.5,0.012818439,0.009128807156885644
12.072000000000001,900.0818227903417,0.03489925243958304,0.0,0.2,0.2,20.249999999999996,0.8,0.8,900.0,0.003,0.0,10,0.5,0.011123282,0.009128807191774014
12.075000000000001,900.081822790591,0.0349624491695166,0.0,0.2,0.2,20.249999999999996,0.8,0.8,900.0,0.003,0.0,10,0.5,0.011725894,0.009128807215607828
12.078,900.0818227907408,0.03502590281574769,0.0,0.2,0.2,20.249999999999996,0.8,0.8,900.0,0.003,0.0,10,0.5,0.012759098,0.009128807228160412
12.081,900.0818227907888,0.035089613311228826,0.0,0.2,0.2,20.249999999999996,0.8,0.8,900.0,0.003,0.0,10,0.5,0.011264192,0.009128807229463017
12.084,900.0818227907381,0.03515358061215499,0.0,0.2,0.2,20.249999999999996,0.8,0.8,900.0,0.003,0.0,10,0.5,0.011392342,0.009128807219816563
12.087,900.0818227905906,0.03521780469381173,0.0,0.2,0.2,20.249999999999996,0.8,0.8,900.0,0.003,0.0,10,0.5,0.01297435,0.009128807199803739
12.09,900.0818227903502,0.035282285536713184,0.0,0.2,0.2,20.249999999999996,0.8,0.8,900.0,0.003,0.0,10,0.5,0.01090184,0.009128807170208263
12.093,900.0818227900248,0.03534702313142415,0.0,0.2,0.2,20.249999999999996,0.8,0.8,900.0,0.003,0.0,10,0.5,0.011108222,0.009128807131914496
12.096,900.0818227896216,0.03541201749315,0.0,0.2,0.2,20.249999999999996,0.8,0.8,900.0,0.003,0.0,10,0.5,0.013237461,0.009128807085923975
12.099,900.0818227891519,0.03547726866278281,0.0,0.2,0.2,20.249999999999996,0.8,0.8,900.0,0.003,0.0,10,0.5,0.01086502,0.009128807033204747
12.102,900.0818227886188,0.03554277672373568,0.0,0.2,0.2,20.249999999999996,0.8,0.8,900.0,0.003,0.0,10,0.5,0.011220692,0.00912880697473104
12.105,900.0818227880414,0.03560854176965035,0.0,0.2,0.2,20.249999999999996,0.8,0.8,900.0,0.003,0.0,10,0.5,0.012843869,0.009128806912346295
12.108,900.0818227874329,0.03567456357742126,0.0,0.2,0.2,20.249999999999996,0.8,0.8,900.0,0.003,0.0,10,0.5,0.011266942,0.009128806847222419
12.111,900.0818227867954,0.035740841820717864,0.0,0.2,0.2,20.249999999999996,0.8,0.8,900.0,0.003,0.0,10,0.5,0.010971841,0.009128806779792565
12.114,900.0818227861446,0.03580737618679736,0.0,0.2,0.2,20.249999999999996,0.8,0.8,900.0,0.003,0.0,10,0.5,0.01303975,0.009128806710389377
12.117,900.0818227854728,0.035874166374814685,0.0,0.2,0.2,20.249999999999996,0.8,0.8,900.0,0.003,0.0,10,0.5,0.011401362,0.009128806639236072
12.120000000000001,900.0818227847873,0.03594121209386289,0.0,0.2,0.2,20.249999999999996,0.8,0.8,900.0,0.003,0.0,10,0.5,0.011032881,0.009128806566432082
12.123000000000001,900.08182278409,0.03600851304826894,0.0,0.2,0.2,20.249999999999996,0.8,0.8,900.0,0.003,0.0,10,0.5,0.012986769,0.009128806491819665
12.126,900.0818227833726,0.036076068954144544,0.0,0.2,0.2,20.249999999999996,0.8,0.8,900.0,0.003,0.0,10,0.5,0.011152932,0.009128806414991001
12.129,900.0818227826405,0.03614387954312552,0.0,0.2,0.2,20.249999999999996,0.8,0.8,900.0,0.003,0.0,10,0.5,0.011212752,0.00912880633532821
12.132,900.0818227818845,0.036211944562546124,0.0,0.2,0.2,20.249999999999996,0.8,0.8,900.0,0.003,0.0,10,0.5,0.012506857,0.009128806252027452
12.135,900.0818227810927,0.036280263775811845,0.0,0.2,0.2,20.249999999999996,0.8,0.8,900.0,0.003,0.0,10,0.5,0.011133651,0.009128806164161852
12.138,900.0818227802621,0.03634883696271878,0.0,0.2,0.2,20.249999999999996,0.8,0.8,900.0,0.003,0.0,10,0.5,0.011037561,0.009128806070715487
12.141,900.0818227793814,0.036417663927632286,0.0,0.2,0.2,20.249999999999996,0.8,0.8,900.0,0.003,0.0,10,0.5,0.012937979,0.009128805970681084
12.144,900.0818227784447,0.03648674450642577,0.0,0.2,0.2,20.249999999999996,0.8,0.8,900.0,0.003,0.0,10,0.5,0.010959851,0.00912880586339843
12.147,900.0818227774441,0.036556078532856716,0.0,0.2,0.2,20.249999999999996,0.8,0.8,900.0,0.003,0.0,10,0.5,0.011269042,0.0091288057483579
12.15,900.0818227763756,0.03662566585454414,0.0,0.2,0.2,20.249999999999996,0.8,0.8,900.0,0.003,0.0,10,0.5,0.012838439,0.009128805625255202
12.153,900.0818227752331,0.03669550633734367,0.0,0.2,0.2,20.249999999999996,0.8,0.8,900.0,0.003,0.0,10,0.5,0.011173092,0.009128805494024958
12.156,900.0818227740195,0.03676559986558407,0.0,0.2,0.2,20.249999999999996,0.8,0.8,900.0,0.003,0.0,10,0.5,0.011394633,0.009128805354826946
12.159,900.0818227727357,0.03683594633674807,0.0,0.2,0.2,20.249999999999996,0.8,0.8,900.0,0.003,0.0,10,0.5,0.01319857,0.009128805208008801
12.162,900.0818227713866,0.03690654564985479,0.0,0.2,0.2,20.249999999999996,0.8,0.8,900.0,0.003,0.0,10,0.5,0.011114431,0.00912880505404123
12.165000000000001,900.0818227699765,0.036977397681207995,0.0,0.2,0.2,20.249999999999996,0.8,0.8,900.0,0.003,0.0,10,0.5,0.01078233,0.009128804894530159
12.168000000000001,900.0818227685198,0.03704850200204328,0.0,0.2,0.2,20.249999999999996,0.8,0.8,900.0,0.003,0.0,10,0.5,0.013380501,0.009128804730920443
12.171,900.0818227670293,0.037119858026988604,0.0,0.2,0.2,20.249999999999996,0.8,0.8,900.0,0.003,0.0,10,0.5,0.011071621,0.009128804563714493
12.174,900.0818227655083,0.037191465135683804,0.0,0.2,0.2,20.249999999999996,0.8,0.8,900.0,0.003,0.0,10,0.5,0.011058951,0.009128804392732446
12.177,900.0818227639526,0.03726332271874947,0.0,0.2,0.2,20.249999999999996,0.8,0.8,900.0,0.003,0.0,10,0.5,0.012763739,0.009128804217524808
12.18,900.081822762359,0.037335430178412135,0.0,0.2,0.2,20.249999999999996,0.8,0.8,900.0,0.003,0.0,10,0.5,0.011638203,0.009128804037571308
12.183,900.0818227607215,0.037407786918329876,0.0,0.2,0.2,20.249999999999996,0.8,0.8,900.0,0.003,0.0,10,0.5,0.011095192,0.009128803852197814
12.186,900.0818227590444,0.03748039234321951,0.0,0.2,0.2,20.249999999999996,0.8,0.8,900.0,0.003,0.0,10,0.5,0.01297797,0.00912880366041661
12.189,900.0818227573039,0.037553245867509535,0.0,0.2,0.2,20.249999999999996,0.8,0.8,900.0,0.003,0.0,10,0.5,0.0109838,0.009128803460952196
12.192,900.081822755498,0.03762634691711966,0.0,0.2,0.2,20.249999999999996,0.8,0.8,900.0,0.003,0.0,10,0.5,0.011305292,0.00912880325228348
12.195,900.0818227536115,0.03769969492956237,0.0,0.2,0.2,20.249999999999996,0.8,0.8,900.0,0.003,0.0,10,0.5,0.012843309,0.009128803032676183
12.198,900.0818227516237,0.03777328935464414,0.0,0.2,0.2,20.249999999999996,0.8,0.8,900.0,0.003,0.0,10,0.5,0.01094099,0.009128802800306058
12.201,900.0818227495281,0.037847129627647774,0.0,0.2,0.2,20.249999999999996,0.8,0.8,900.0,0.003,0.0,10,0.5,0.011284222,0.009128802553586687
12.204,900.0818227473045,0.03792121504475482,0.0,0.2,0.2,20.249999999999996,0.8,0.8,900.0,0.003,0.0,10,0.5,0.01303255,0.00912880229077763
12.207,900.0818227449344,0.0379955448878938,0.0,0.2,0.2,20.249999999999996,0.8,0.8,900.0,0.003,0.0,10,0.5,0.011040131,0.009128802010093032
12.21,900.0818227424081,0.03807011844800377,0.0,0.2,0.2,20.249999999999996,0.8,0.8,900.0,0.003,0.0,10,0.5,0.011355853,0.009128801709847428
12.213000000000001,900.0818227397054,0.03814493502437105,0.0,0.2,0.2,20.249999999999996,0.8,0.8,900.0,0.003,0.0,10,0.5,0.01306449,0.009128801388618003
12.216000000000001,900.0818227368171,0.03821999390549335,0.0,0.2,0.2,20.249999999999996,0.8,0.8,900.0,0.003,0.0,10,0.5,0.011605254,0.009128801045209285
12.219,900.0818227337282,0.03829529438263074,0.0,0.2,0.2,20.249999999999996,0.8,0.8,900.0,0.003,0.0,10,0.5,0.01091587,0.009128800678618388
12.222,900.081822730435,0.03837083575889943,0.0,0.2,0.2,20.249999999999996,0.8,0.8,900.0,0.003,0.0,10,0.5,0.012874459,0.009128800288044537
12.225,900.0818227269242,0.03844661735041018,0.0,0.2,0.2,20.249999999999996,0.8,0.8,900.0,0.003,0.0,10,0.5,0.011303932,0.009128799872989665
12.228,900.0818227231968,0.03852263844276373,0.0,0.2,0.2,20.249999999999996,0.8,0.8,900.0,0.003,0.0,10,0.5,0.011247461,0.009128799433494829
12.231,900.0818227192541,0.038598898178129476,0.0,0.2,0.2,20.249999999999996,0.8,0.8,900.0,0.003,0.0,10,0.5,0.012607808,0.00912879896950782
12.234,900.0818227150895,0.03867539559597802,0.0,0.2,0.2,20.249999999999996,0.8,0.8,900.0,0.003,0.0,10,0.5,0.011367372,0.009128798480434595
12.237,900.0818227107004,0.038752129704860354,0.0,0.2,0.2,20.249999999999996,0.8,0.8,900.0,0.003,0.0,10,0.5,0.011334772,0.009128797965329331
12.24,900.0818227060797,0.03882909951766169,0.0,0.2,0.2,20.249999999999996,0.8,0.8,900.0,0.003,0.0,10,0.5,0.012547057,0.009128797423307893
12.243,900.0818227012178,0.03890630405276979,0.0,0.2,0.2,20.249999999999996,0.8,0.8,900.0,0.003,0.0,10,0.5,0.011339012,0.009128796853706336
12.246,900.0818226961062,0.03898374233526274,0.0,0.2,0.2,20.249999999999996,0.8,0.8,900.0,0.003,0.0,10,0.5,0.011236261,0.009128796256103982
12.249,900.0818226907471,0.039061413397693895,0.0,0.2,0.2,20.249999999999996,0.8,0.8,900.0,0.003,0.0,10,0.5,0.012841579,0.009128795630284278
12.252,900.0818226851349,0.039139316280852175,0.0,0.2,0.2,20.249999999999996,0.8,0.8,900.0,0.003,0.0,10,0.5,0.01092481,0.009128794976178382
12.255,900.0818226792686,0.039217450034267104,0.0,0.2,0.2,20.249999999999996,0.8,0.8,900.0,0.003,0.0,10,0.5,0.011471653,0.00912879429415142
12.258000000000001,900.0818226731584,0.0392958135995529,0.0,0.2,0.2,20.249999999999996,0.8,0.8,900.0,0.003,0.0,10,0.5,0.01295804,0.0091287935861077
12.261000000000001,900.0818226668129,0.03937440548989819,0.0,0.2,0.2,20.249999999999996,0.8,0.8,900.0,0.003,0.0,10,0.5,0.01087772,0.009128792853667002
12.264000000000001,900.0818226602524,0.039453224188749456,0.0,0.2,0.2,20.249999999999996,0.8,0.8,900.0,0.003,0.0,10,0.5,0.011304162,0.009128792098125319
12.267,900.0818226534859,0.03953226819208395,0.0,0.2,0.2,20.249999999999996,0.8,0.8,900.0,0.003,0.0,10,0.5,0.01297534,0.009128791320454807
12.27,900.0818226465175,0.03961153600925909,0.0,0.2,0.2,20.249999999999996,0.8,0.8,900.0,0.003,0.0,10,0.5,0.01112139,0.009128790521401881
12.273,900.0818226393606,0.0396910261634591,0.0,0.2,0.2,20.249999999999996,0.8,0.8,900.0,0.003,0.0,10,0.5,0.011278811,0.009128789701588518
12.276,900.081822632017,0.03977073718521719,0.0,0.2,0.2,20.249999999999996,0.8,0.8,900.0,0.003,0.0,10,0.5,0.012832719,0.009128788861702828
12.279,900.0818226244928,0.03985066752032139,0.0,0.2,0.2,20.249999999999996,0.8,0.8,900.0,0.003,0.0,10,0.5,0.011228311,0.009128788002128341
12.282,900.0818226167945,0.039930815595456734,0.0,0.2,0.2,20.249999999999996,0.8,0.8,900.0,0.003,0.0,10,0.5,0.011177991,0.009128787122931718
12.285,900.0818226089208,0.04001117984968304,0.0,0.2,0.2,20.249999999999996,0.8,0.8,900.0,0.003,0.0,10,0.5,0.013101501,0.00912878622398575
12.288,900.0818226008699,0.04009175872667624,0.0,0.2,0.2,20.249999999999996,0.8,0.8,900.0,0.003,0.0,10,0.5,0.011176741,0.009128785306029912
12.291,900.0818225926577,0.04017255025287563,0.0,0.2,0.2,20.249999999999996,0.8,0.8,900.0,0.003,0.0,10,0.5,0.011486922,0.009128784370536769
12.294,900.0818225842892,0.04025355197308187,0.0,0.2,0.2,20.249999999999996,0.8,0.8,900.0,0.003,0.0,10,0.5,0.012409426,0.009128783418044874
12.297,900.0818225757678,0.04033476138845831,0.0,0.2,0.2,20.249999999999996,0.8,0.8,900.0,0.003,0.0,10,0.5,0.011105211,0.009128782448790727
12.3,900.0818225670962,0.040416176000597694,0.0,0.2,0.2,20.249999999999996,0.8,0.8,900.0,0.003,0.0,10,0.5,0.011891395,0.009128781463033189
12.303,900.0818225582767,0.04049779331258898,0.0,0.2,0.2,20.249999999999996,0.8,0.8,900.0,0.003,0.0,10,0.5,0.012889819,0.009128780461204859
12.306000000000001,900.0818225493192,0.04057961080244721,0.0,0.2,0.2,20.249999999999996,0.8,0.8,900.0,0.003,0.0,10,0.5,0.01085152,0.009128779443807973
12.309000000000001,900.0818225402164,0.040661625910503256,0.0,0.2,0.2,20.249999999999996,0.8,0.8,900.0,0.003,0.0,10,0.5,0.011261662,0.009128778411082427
12.312,900.0818225309785,0.04074383608046506,0.0,0.2,0.2,20.249999999999996,0.8,0.8,900.0,0.003,0.0,10,0.5,0.01305707,0.009128777363395277
12.315,900.0818225216116,0.04082623875996869,0.0,0.2,0.2,20.249999999999996,0.8,0.8,900.0,0.003,0.0,10,0.5,0.01102053,0.009128776301287994
12.318,900.0818225121126,0.040908831401021875,0.0,0.2,0.2,20.249999999999996,0.8,0.8,900.0,0.003,0.0,10,0.5,0.011311772,0.009128775225496965
12.321,900.0818225024922,0.04099161146057662,0.0,0.2,0.2,20.249999999999996,0.8,0.8,900.0,0.003,0.0,10,0.5,0.01293804,0.009128774136937527
12.324,900.0818224927557,0.04107457640411035,0.0,0.2,0.2,20.249999999999996,0.8,0.8,900.0,0.003,0.0,10,0.5,0.01099511,0.00912877303670331
12.327,900.0818224829175,0.04115772370481393,0.0,0.2,0.2,20.249999999999996,0.8,0.8,900.0,0.003,0.0,10,0.5,0.01084774,0.009128771926085667
12.33,900.0818224729893,0.041241050841834326,0.0,0.2,0.2,20.249999999999996,0.8,0.8,900.0,0.003,0.0,10,0.5,0.012929049,0.009128770806513834
12.333,900.0818224629753,0.04132455530362089,0.0,0.2,0.2,20.249999999999996,0.8,0.8,900.0,0.003,0.0,10,0.5,0.011496693,0.00912876967950814
12.336,900.0818224528991,0.041408234596182564,0.0,0.2,0.2,20.249999999999996,0.8,0.8,900.0,0.003,0.0,10,0.5,0.011023251,0.00912876854662923
12.339,900.0818224427712,0.04149208624468605,0.0,0.2,0.2,20.249999999999996,0.8,0.8,900.0,0.003,0.0,10,0.5,0.01310581,0.009128767409408687
12.342,900.0818224326033,0.04157610778518374,0.0,0.2,0.2,20.249999999999996,0.8,0.8,900.0,0.003,0.0,10,0.5,0.011148401,0.009128766269273348
12.345,900.08182242241,0.04166029676604015,0.0,0.2,0.2,20.249999999999996,0.8,0.8,900.0,0.003,0.0,10,0.5,0.011263032,0.009128765127507255
12.348,900.0818224122041,0.041744650749268586,0.0,0.2,0.2,20.249999999999996,0.8,0.8,900.0,0.003,0.0,10,0.5,0.012470208,0.009128763985222816
12.351,900.0818224019928,0.04182916730641616,0.0,0.2,0.2,20.249999999999996,0.8,0.8,900.0,0.003,0.0,10,0.5,0.011242542,0.009128762843307815
12.354000000000001,900.081822391788,0.0419138440182451,0.0,0.2,0.2,20.249999999999996,0.8,0.8,900.0,0.003,0.0,10,0.5,0.011056681,0.00912876170234815
12.357000000000001,900.0818223815907,0.04199867848227687,0.0,0.2,0.2,20.249999999999996,0.8,0.8,900.0,0.003,0.0,10,0.5,0.013284601,0.00912876056265979
12.36,900.0818223714068,0.0420836683138904,0.0,0.2,0.2,20.249999999999996,0.8,0.8,900.0,0.003,0.0,10,0.5,0.01083909,0.009128759424976195
12.363,900.0818223612467,0.042168810910350615,0.0,0.2,0.2,20.249999999999996,0.8,0.8,900.0,0.003,0.0,10,0.5,0.011228702,0.009128758291313604
12.366,900.081822351129,0.04225410317056211,0.0,0.2,0.2,20.249999999999996,0.8,0.8,900.0,0.003,0.0,10,0.5,0.012869909,0.009128757164112045
12.369,900.0818223410736,0.04233954154020143,0.0,0.2,0.2,20.249999999999996,0.8,0.8,900.0,0.003,0.0,10,0.5,0.01097355,0.009128756044957448
12.372,900.0818223310879,0.04242512242135482,0.0,0.2,0.2,20.249999999999996,0.8,0.8,900.0,0.003,0.0,10,0.5,0.011143292,0.009128754934972096
12.375,900.0818223211845,0.042510842230305386,0.0,0.2,0.2,20.249999999999996,0.8,0.8,900.0,0.003,0.0,10,0.5,0.01309929,0.009128753834998836
12.378,900.0818223113755,0.042596697387048126,0.0,0.2,0.2,20.249999999999996,0.8,0.8,900.0,0.003,0.0,10,0.5,0.011105451,0.009128752745910275
12.381,900.0818223016647,0.04268268424239397,0.0,0.2,0.2,20.249999999999996,0.8,0.8,900.0,0.003,0.0,10,0.5,0.01082044,0.009128751668211296
12.384,900.0818222920559,0.04276879914182265,0.0,0.2,0.2,20.249999999999996,0.8,0.8,900.0,0.003,0.0,10,0.5,0.01290748,0.009128750601841151
12.387,900.0818222825504,0.04285503844585698,0.0,0.2,0.2,20.249999999999996,0.8,0.8,900.0,0.003,0.0,10,0.5,0.011167541,0.009128749546209767
12.39,900.081822273141,0.04294139853139829,0.0,0.2,0.2,20.249999999999996,0.8,0.8,900.0,0.003,0.0,10,0.5,0.01103735,0.009128748500287012
12.393,900.0818222638228,0.0430278757932883,0.0,0.2,0.2,20.249999999999996,0.8,0.8,900.0,0.003,0.0,10,0.5,0.013004899,0.009128747462717114
12.396,900.0818222545754,0.04311446664565382,0.0,0.2,0.2,20.249999999999996,0.8,0.8,900.0,0.003,0.0,10,0.5,0.011176891,0.009128746431920706
12.399000000000001,900.081822245394,0.04320116752072674,0.0,0.2,0.2,20.249999999999996,0.8,0.8,900.0,0.003,0.0,10,0.5,0.011568704,0.009128745406172818
12.402000000000001,900.0818222362566,0.04328797486263945,0.0,0.2,0.2,20.249999999999996,0.8,0.8,900.0,0.003,0.0,10,0.5,0.012677948,0.009128744383568883
12.405000000000001,900.0818222271477,0.04337488513854142,0.0,0.2,0.2,20.249999999999996,0.8,0.8,900.0,0.003,0.0,10,0.5,0.011244812,0.009128743361991614
12.408,900.081822218048,0.04346189483795712,0.0,0.2,0.2,20.249999999999996,0.8,0.8,900.0,0.003,0.0,10,0.5,0.011194731,0.009128742339214138
12.411,900.0818222089396,0.04354900046879566,0.0,0.2,0.2,20.249999999999996,0.8,0.8,900.0,0.003,0.0,10,0.5,0.012713568,0.009128741312927992
12.414,900.0818221998015,0.04363619856625266,0.0,0.2,0.2,20.249999999999996,0.8,0.8,900.0,0.003,0.0,10,0.5,0.01102255,0.009128740280821614
12.417,900.0818221906127,0.04372348569515544,0.0,0.2,0.2,20.249999999999996,0.8,0.8,900.0,0.003,0.0,10,0.5,0.011454793,0.009128739240713247
12.42,900.0818221813503,0.04381085841671795,0.0,0.2,0.2,20.249999999999996,0.8,0.8,900.0,0.003,0.0,10,0.5,0.013193361,0.009128738190537763
12.423,900.0818221719983,0.043898313292093726,0.0,0.2,0.2,20.249999999999996,0.8,0.8,900.0,0.003,0.0,10,0.5,0.01082315,0.009128737128299702
12.426,900.0818221625395,0.04398584691740009,0.0,0.2,0.2,20.249999999999996,0.8,0.8,900.0,0.003,0.0,10,0.5,0.011386513,0.009128736052245042
12.429,900.0818221529576,0.04407345592528441,0.0,0.2,0.2,20.249999999999996,0.8,0.8,900.0,0.003,0.0,10,0.5,0.012908409,0.009128734960907856
12.432,900.0818221432377,0.04416113698665039,0.0,0.2,0.2,20.249999999999996,0.8,0.8,900.0,0.003,0.0,10,0.5,0.011032191,0.009128733853120814
12.435,900.0818221333722,0.04424888681282156,0.0,0.2,0.2,20.249999999999996,0.8,0.8,900.0,0.003,0.0,10,0.5,0.011007811,0.00912873272802716
12.438,900.0818221233512,0.04433670214881653,0.0,0.2,0.2,20.249999999999996,0.8,0.8,900.0,0.003,0.0,10,0.5,0.012636818,0.009128731585946102
12.441,900.0818221131851,0.044424579446618435,0.0,0.2,0.2,20.249999999999996,0.8,0.8,900.0,0.003,0.0,10,0.5,0.010917771,0.009128730427641769
12.444,900.0818221028694,0.04451251503664348,0.0,0.2,0.2,20.249999999999996,0.8,0.8,900.0,0.003,0.0,10,0.5,0.011136231,0.009128729253905532
12.447000000000001,900.081822092419,0.04460050529743806,0.0,0.2,0.2,20.249999999999996,0.8,0.8,900.0,0.003,0.0,10,0.5,0.012857119,0.009128728065844654
12.450000000000001,900.0818220818414,0.04468854665264901,0.0,0.2,0.2,20.249999999999996,0.8,0.8,900.0,0.003,0.0,10,0.5,0.011028921,0.009128726864957623
12.453,900.0818220711463,0.04477663550228645,0.0,0.2,0.2,20.249999999999996,0.8,0.8,900.0,0.003,0.0,10,0.5,0.011241092,0.009128725652755095
12.456,900.081822060353,0.044864768243702204,0.0,0.2,0.2,20.249999999999996,0.8,0.8,900.0,0.003,0.0,10,0.5,0.01295954,0.009128724430424246
12.459,900.0818220494695,0.04495294131563203,0.0,0.2,0.2,20.249999999999996,0.8,0.8,900.0,0.003,0.0,10,0.5,0.011030451,0.009128723198872464
12.462,900.0818220385001,0.04504115121311953,0.0,0.2,0.2,20.249999999999996,0.8,0.8,900.0,0.003,0.0,10,0.5,0.011430022,0.00912872195879638
12.465,900.0818220274576,0.045129394488325175,0.0,0.2,0.2,20.249999999999996,0.8,0.8,900.0,0.003,0.0,10,0.5,0.012466888,0.00912872071085554
12.468,900.081822016345,0.04521766762149712,0.0,0.2,0.2,20.249999999999996,0.8,0.8,900.0,0.003,0.0,10,0.5,0.011201962,0.009128719455570306
12.471,900.0818220051659,0.04530596706786846,0.0,0.2,0.2,20.249999999999996,0.8,0.8,900.0,0.003,0.0,10,0.5,0.012337827,0.009128718193247136
12.474,900.0818219939239,0.04539428934272419,0.0,0.2,0.2,20.249999999999996,0.8,0.8,900.0,0.003,0.0,10,0.5,0.01300595,0.009128716924104411
12.477,900.0818219826227,0.04548263102211401,0.0,0.2,0.2,20.249999999999996,0.8,0.8,900.0,0.003,0.0,10,0.5,0.010727439,0.009128715648212977
12.48,900.081821971257,0.04557098874873159,0.0,0.2,0.2,20.249999999999996,0.8,0.8,900.0,0.003,0.0,10,0.5,0.011208622,0.009128714365464429
12.483,900.0818219598334,0.045659359237078256,0.0,0.2,0.2,20.249999999999996,0.8,0.8,900.0,0.003,0.0,10,0.5,0.012913459,0.00912871307562617
12.486,900.0818219483419,0.045747739274670296,0.0,0.2,0.2,20.249999999999996,0.8,0.8,900.0,0.003,0.0,10,0.5,0.01104766,0.00912871177838561
12.489,900.0818219367895,0.045836125723227164,0.0,0.2,0.2,20.249999999999996,0.8,0.8,900.0,0.003,0.0,10,0.5,0.011472343,0.009128710473437837
12.492,900.081821925164,0.04592451551881313,0.0,0.2,0.2,20.249999999999996,0.8,0.8,900.0,0.003,0.0,10,0.5,0.012914999,0.009128709160561592
12.495000000000001,900.081821913471,0.04601290567182698,0.0,0.2,0.2,20.249999999999996,0.8,0.8,900.0,0.003,0.0,10,0.5,0.011343112,0.009128707839790817
12.498000000000001,900.0818219017052,0.04610129324342991,0.0,0.2,0.2,20.249999999999996,0.8,0.8,900.0,0.003,0.0,10,0.5,0.010870721,0.009128706511360257
12.501,900.0818218898714,0.04618967535670417,0.0,0.2,0.2,20.249999999999996,0.8,0.8,900.0,0.003,0.0,10,0.5,0.01297681,0.009128705175549852
12.504,900.0818218779702,0.04627804922147136,0.0,0.2,0.2,20.249999999999996,0.8,0.8,900.0,0.003,0.0,10,0.5,0.011146361,0.009128703832776152
12.507,900.0818218660104,0.04636641214286165,0.0,0.2,0.2,20.249999999999996,0.8,0.8,900.0,0.003,0.0,10,0.5,0.011242812,0.00912870248355197
12.51,900.0818218539871,0.04645476152107755,0.0,0.2,0.2,20.249999999999996,0.8,0.8,900.0,0.003,0.0,10,0.5,0.013078651,0.009128701128755736
12.513,900.0818218419313,0.04654309473844807,0.0,0.2,0.2,20.249999999999996,0.8,0.8,900.0,0.003,0.0,10,0.5,0.01104153,0.009128699773339553
12.516,900.081821829874,0.046631407989134906,0.0,0.2,0.2,20.249999999999996,0.8,0.8,900.0,0.003,0.0,10,0.5,0.011139521,0.00912869842209479
12.519,900.0818218178566,0.046719697181271225,0.0,0.2,0.2,20.249999999999996,0.8,0.8,900.0,0.003,0.0,10,0.5,0.012487737,0.009128697078927309
12.522,900.0818218059082,0.04680795830009785,0.0,0.2,0.2,20.249999999999996,0.8,0.8,900.0,0.003,0.0,10,0.5,0.011213161,0.009128695747579815
12.525,900.0818217940673,0.046896187408314416,0.0,0.2,0.2,20.249999999999996,0.8,0.8,900.0,0.003,0.0,10,0.5,0.011213872,0.00912869443152756
12.528,900.0818217823665,0.0469843806442944,0.0,0.2,0.2,20.249999999999996,0.8,0.8,900.0,0.003,0.0,10,0.5,0.01297518,0.00912869313430436
12.531,900.0818217708385,0.04707253395763215,0.0,0.2,0.2,20.249999999999996,0.8,0.8,900.0,0.003,0.0,10,0.5,0.011160681,0.009128691858661997
12.534,900.0818217595013,0.047160643211931134,0.0,0.2,0.2,20.249999999999996,0.8,0.8,900.0,0.003,0.0,10,0.5,0.011338192,0.009128690605859042
12.537,900.0818217483735,0.04724870429481512,0.0,0.2,0.2,20.249999999999996,0.8,0.8,900.0,0.003,0.0,10,0.5,0.01293949,0.009128689377292786
12.540000000000001,900.0818217374673,0.04733671259623082,0.0,0.2,0.2,20.249999999999996,0.8,0.8,900.0,0.003,0.0,10,0.5,0.01084899,0.009128688173403426
12.543000000000001,900.0818217267837,0.047424663275462284,0.0,0.2,0.2,20.249999999999996,0.8,0.8,900.0,0.003,0.0,10,0.5,0.011285372,0.009128686992786126
12.546,900.0818217163065,0.04751255152636372,0.0,0.2,0.2,20.249999999999996,0.8,0.8,900.0,0.003,0.0,10,0.5,0.012929249,0.009128685832489805
12.549,900.0818217060138,0.04760037262299312,0.0,0.2,0.2,20.249999999999996,0.8,0.8,900.0,0.003,0.0,10,0.5,0.011081471,0.00912868468852022
12.552,900.0818216958637,0.04768812191575696,0.0,0.2,0.2,20.249999999999996,0.8,0.8,900.0,0.003,0.0,10,0.5,0.011192522,0.009128683556318228
12.555,900.0818216858221,0.04777579483184958,0.0,0.2,0.2,20.249999999999996,0.8,0.8,900.0,0.003,0.0,10,0.5,0.01318275,0.00912868243117856
12.558,900.0818216758469,0.04786338682938145,0.0,0.2,0.2,20.249999999999996,0.8,0.8,900.0,0.003,0.0,10,0.5,0.011141901,0.00912868130922831
12.561,900.0818216659025,0.04795089306825839,0.0,0.2,0.2,20.249999999999996,0.8,0.8,900.0,0.003,0.0,10,0.5,0.01090165,0.009128680185883954
12.564,900.0818216559434,0.048038308699931045,0.0,0.2,0.2,20.249999999999996,0.8,0.8,900.0,0.003,0.0,10,0.5,0.012914739,0.009128679056535562
12.567,900.081821645931,0.048125628932703585,0.0,0.2,0.2,20.249999999999996,0.8,0.8,900.0,0.003,0.0,10,0.5,0.011163491,0.009128677917303688
12.57,900.0818216358311,0.048212849057969125,0.0,0.2,0.2,20.249999999999996,0.8,0.8,900.0,0.003,0.0,10,0.5,0.011537414,0.009128676765496899
12.573,900.0818216256179,0.048299964443850575,0.0,0.2,0.2,20.249999999999996,0.8,0.8,900.0,0.003,0.0,10,0.5,0.012569628,0.0091286755994511
12.576,900.0818216152775,0.048386970607910994,0.0,0.2,0.2,20.249999999999996,0.8,0.8,900.0,0.003,0.0,10,0.5,0.011007001,0.009128674418239505
12.579,900.0818216047974,0.04847386327781611,0.0,0.2,0.2,20.249999999999996,0.8,0.8,900.0,0.003,0.0,10,0.5,0.011191941,0.00912867322215069
12.582,900.0818215941848,0.04856063827931795,0.0,0.2,0.2,20.249999999999996,0.8,0.8,900.0,0.003,0.0,10,0.5,0.013131631,0.009128672012315873
12.585,900.0818215834493,0.04864729153976052,0.0,0.2,0.2,20.249999999999996,0.8,0.8,900.0,0.003,0.0,10,0.5,0.01077965,0.009128670790611278
12.588000000000001,900.0818215726073,0.04873381909108877,0.0,0.2,0.2,20.249999999999996,0.8,0.8,900.0,0.003,0.0,10,0.5,0.011281092,0.00912866955961086
12.591000000000001,900.0818215616833,0.04882021707098094,0.0,0.2,0.2,20.249999999999996,0.8,0.8,900.0,0.003,0.0,10,0.5,0.012904739,0.009128668322503312
12.594,900.0818215507016,0.04890648172385367,0.0,0.2,0.2,20.249999999999996,0.8,0.8,900.0,0.003,0.0,10,0.5,0.011173992,0.009128667082937532
12.597,900.0818215396981,0.04899260940436788,0.0,0.2,0.2,20.249999999999996,0.8,0.8,900.0,0.003,0.0,10,0.5,0.011290362,0.00912866584482669
12.6,900.0818215287081,0.049078596580563155,0.0,0.2,0.2,20.249999999999996,0.8,0.8,900.0,0.003,0.0,10,0.5,0.01297303,0.009128664612094134
12.603,900.0818215177662,0.04916443983643013,0.0,0.2,0.2,20.249999999999996,0.8,0.8,900.0,0.003,0.0,10,0.5,0.011157082,0.009128663388425112
12.606,900.0818215069047,0.04925013587518364,0.0,0.2,0.2,20.249999999999996,0.8,0.8,900.0,0.003,0.0,10,0.5,0.011302161,0.009128662176698424
12.609,900.0818214961452,0.04933568161962516,0.0,0.2,0.2,20.249999999999996,0.8,0.8,900.0,0.003,0.0,10,0.5,0.01306637,0.009128660978470125
12.612,900.0818214855025,0.04942107432703256,0.0,0.2,0.2,20.249999999999996,0.8,0.8,900.0,0.003,0.0,10,0.5,0.011362642,0.009128659795052433
12.615,900.0818214749988,0.0495063113828785,0.0,0.2,0.2,20.249999999999996,0.8,0.8,900.0,0.003,0.0,10,0.5,0.01107643,0.009128658627356998
12.618,900.0818214646339,0.04959139029855415,0.0,0.2,0.2,20.249999999999996,0.8,0.8,900.0,0.003,0.0,10,0.5,0.01292006,0.009128657475606428
12.621,900.0818214544112,0.049676308704458,0.0,0.2,0.2,20.249999999999996,0.8,0.8,900.0,0.003,0.0,10,0.5,0.011281691,0.0091286563393476
12.624,900.081821444327,0.04976106430048473,0.0,0.2,0.2,20.249999999999996,0.8,0.8,900.0,0.003,0.0,10,0.5,0.01105792,0.00912865521752533
12.627,900.0818214343699,0.04984565484424158,0.0,0.2,0.2,20.249999999999996,0.8,0.8,900.0,0.003,0.0,10,0.5,0.012645149,0.009128654108458584
12.63,900.0818214245278,0.04993007822977458,0.0,0.2,0.2,20.249999999999996,0.8,0.8,900.0,0.003,0.0,10,0.5,0.011264272,0.009128653010120653
12.633000000000001,900.0818214147835,0.05001433248696818,0.0,0.2,0.2,20.249999999999996,0.8,0.8,900.0,0.003,0.0,10,0.5,0.011246872,0.009128651920358565
12.636000000000001,900.0818214051161,0.050098415778371055,0.0,0.2,0.2,20.249999999999996,0.8,0.8,900.0,0.003,0.0,10,0.5,0.0129431,0.009128650837006397
12.639000000000001,900.0818213954922,0.05018232643459895,0.0,0.2,0.2,20.249999999999996,0.8,0.8,900.0,0.003,0.0,10,0.5,0.011070421,0.009128649755641512
12.642,900.0818213858843,0.050266063936635456,0.0,0.2,0.2,20.249999999999996,0.8,0.8,900.0,0.003,0.0,10,0.5,0.011335322,0.009128648672670022
12.645,900.0818213762583,0.050349628289443275,0.0,0.2,0.2,20.249999999999996,0.8,0.8,900.0,0.003,0.0,10,0.5,0.01293345,0.009128647585389504
12.648,900.081821366593,0.05043301964311641,0.0,0.2,0.2,20.249999999999996,0.8,0.8,900.0,0.003,0.0,10,0.5,0.011111761,0.009128646490873277
12.651,900.081821356863,0.050516238296326316,0.0,0.2,0.2,20.249999999999996,0.8,0.8,900.0,0.003,0.0,10,0.5,0.011078782,0.009128645386400581
12.654,900.0818213470415,0.05059928469128213,0.0,0.2,0.2,20.249999999999996,0.8,0.8,900.0,0.003,0.0,10,0.5,0.01304719,0.009128644269932831
12.657,900.0818213371105,0.05068215941485732,0.0,0.2,0.2,20.249999999999996,0.8,0.8,900.0,0.003,0.0,10,0.5,0.011484223,0.009128643140354133
12.66,900.0818213270641,0.05076486321543688,0.0,0.2,0.2,20.249999999999996,0.8,0.8,900.0,0.003,0.0,10,0.5,0.01086898,0.009128641997554287
12.663,900.0818213168941,0.05084739701079198,0.0,0.2,0.2,20.249999999999996,0.8,0.8,900.0,0.003,0.0,10,0.5,0.01302118,0.00912864084228512
12.666,900.0818213066113,0.0509297618810299,0.0,0.2,0.2,20.249999999999996,0.8,0.8,900.0,0.003,0.0,10,0.5,0.011173931,0.009128639675804833
12.669,900.0818212962267,0.05101195908435294,0.0,0.2,0.2,20.249999999999996,0.8,0.8,900.0,0.003,0.0,10,0.5,0.011727954,0.009128638499757218
12.672,900.0818212857553,0.051093990080188105,0.0,0.2,0.2,20.249999999999996,0.8,0.8,900.0,0.003,0.0,10,0.5,0.01305372,0.009128637316190817
12.675,900.0818212752148,0.051175856513228896,0.0,0.2,0.2,20.249999999999996,0.8,0.8,900.0,0.003,0.0,10,0.5,0.011311462,0.009128636127451038
12.678,900.0818212646241,0.05125756019823093,0.0,0.2,0.2,20.249999999999996,0.8,0.8,900.0,0.003,0.0,10,0.5,0.011398593,0.009128634935962212
12.681000000000001,900.0818212540097,0.05133910312253256,0.0,0.2,0.2,20.249999999999996,0.8,0.8,900.0,0.003,0.0,10,0.5,0.012871399,0.009128633744116904
12.684000000000001,900.0818212433902,0.051420487448523705,0.0,0.2,0.2,20.249999999999996,0.8,0.8,900.0,0.003,0.0,10,0.5,0.011134771,0.009128632554159365
12.687,900.0818212327849,0.051501715516095066,0.0,0.2,0.2,20.249999999999996,0.8,0.8,900.0,0.003,0.0,10,0.5,0.011750464,0.009128631368136766
12.69,900.0818212222166,0.051582789808054016,0.0,0.2,0.2,20.249999999999996,0.8,0.8,900.0,0.003,0.0,10,0.5,0.01299808,0.009128630188140141
12.693,900.0818212117039,0.051663712817480084,0.0,0.2,0.2,20.249999999999996,0.8,0.8,900.0,0.003,0.0,10,0.5,0.011129751,0.009128629016692437
12.696,900.0818212012667,0.051744486812059634,0.0,0.2,0.2,20.249999999999996,0.8,0.8,900.0,0.003,0.0,10,0.5,0.011257362,0.009128627855037196
12.699,900.081821190916,0.05182511419441127,0.0,0.2,0.2,20.249999999999996,0.8,0.8,900.0,0.003,0.0,10,0.5,0.013420571,0.009128626703312617
12.702,900.0818211806549,0.05190559756130697,0.0,0.2,0.2,20.249999999999996,0.8,0.8,900.0,0.003,0.0,10,0.5,0.011318642,0.009128625561805465
12.705,900.081821170496,0.05198593926211974,0.0,0.2,0.2,20.249999999999996,0.8,0.8,900.0,0.003,0.0,10,0.5,0.011045841,0.00912862443193806
12.708,900.0818211604382,0.05206614088870866,0.0,0.2,0.2,20.249999999999996,0.8,0.8,900.0,0.003,0.0,10,0.5,0.012831439,0.009128623312216425
12.711,900.0818211504712,0.052146204184144854,0.0,0.2,0.2,20.249999999999996,0.8,0.8,900.0,0.003,0.0,10,0.5,0.01087828,0.009128622200818013
12.714,900.0818211405793,0.05222613108281162,0.0,0.2,0.2,20.249999999999996,0.8,0.8,900.0,0.003,0.0,10,0.5,0.011186071,0.009128621096206777
12.717,900.0818211307451,0.052305923713573794,0.0,0.2,0.2,20.249999999999996,0.8,0.8,900.0,0.003,0.0,10,0.5,0.01309943,0.009128619997040663
12.72,900.0818211209581,0.05238558440568062,0.0,0.2,0.2,20.249999999999996,0.8,0.8,900.0,0.003,0.0,10,0.5,0.011288202,0.009128618902335474
12.723,900.0818211112172,0.052465115407917054,0.0,0.2,0.2,20.249999999999996,0.8,0.8,900.0,0.003,0.0,10,0.5,0.011313391,0.009128617812146151
12.726,900.0818211015205,0.05254451851510499,0.0,0.2,0.2,20.249999999999996,0.8,0.8,900.0,0.003,0.0,10,0.5,0.012755608,0.009128616727461932
12.729000000000001,900.0818210918726,0.05262379512436638,0.0,0.2,0.2,20.249999999999996,0.8,0.8,900.0,0.003,0.0,10,0.5,0.011106392,0.00912861565031703
12.732000000000001,900.0818210822946,0.05270294663234077,0.0,0.2,0.2,20.249999999999996,0.8,0.8,900.0,0.003,0.0,10,0.5,0.011170451,0.009128614583463186
12.735,900.0818210728067,0.052781974639802484,0.0,0.2,0.2,20.249999999999996,0.8,0.8,900.0,0.003,0.0,10,0.5,0.012524228,0.009128613531021502
12.738,900.081821063454,0.05286088064365295,0.0,0.2,0.2,20.249999999999996,0.8,0.8,900.0,0.003,0.0,10,0.5,0.011135241,0.009128612498809335
12.741,900.0818210542819,0.05293966583859152,0.0,0.2,0.2,20.249999999999996,0.8,0.8,900.0,0.003,0.0,10,0.5,0.011372822,0.009128611492275866
12.744,900.0818210453416,0.053018331566722456,0.0,0.2,0.2,20.249999999999996,0.8,0.8,900.0,0.003,0.0,10,0.5,0.012790179,0.009128610516260403
12.747,900.08182103667,0.05309687936021353,0.0,0.2,0.2,20.249999999999996,0.8,0.8,900.0,0.003,0.0,10,0.5,0.011154501,0.0091286095748348
12.75,900.0818210283081,0.053175310944202636,0.0,0.2,0.2,20.249999999999996,0.8,0.8,900.0,0.003,0.0,10,0.5,0.011157842,0.009128608671215344
12.753,900.0818210202872,0.05325362823894342,0.0,0.2,0.2,20.249999999999996,0.8,0.8,900.0,0.003,0.0,10,0.5,0.012963319,0.009128607807674879
12.756,900.0818210126222,0.053331833361683345,0.0,0.2,0.2,20.249999999999996,0.8,0.8,900.0,0.003,0.0,10,0.5,0.01083808,0.009128606985459227
12.759,900.081821005325,0.053409928628709,0.0,0.2,0.2,20.249999999999996,0.8,0.8,900.0,0.003,0.0,10,0.5,0.011068771,0.0091286062047619
12.762,900.0818209984022,0.05348791655721795,0.0,0.2,0.2,20.249999999999996,0.8,0.8,900.0,0.003,0.0,10,0.5,0.01303874,0.009128605464742248
12.765,900.0818209918389,0.053565799867306335,0.0,0.2,0.2,20.249999999999996,0.8,0.8,900.0,0.003,0.0,10,0.5,0.011156201,0.009128604763306035
12.768,900.0818209856166,0.0536435816404694,0.0,0.2,0.2,20.249999999999996,0.8,0.8,900.0,0.003,0.0,10,0.5,0.01080318,0.009128604097261949
12.771,900.081820979718,0.05372126516234196,0.0,0.2,0.2,20.249999999999996,0.8,0.8,900.0,0.003,0.0,10,0.5,0.01299879,0.009128603463335506
12.774000000000001,900.0818209741038,0.053798853663931175,0.0,0.2,0.2,20.249999999999996,0.8,0.8,900.0,0.003,0.0,10,0.5,0.011074191,0.009128602857291801
12.777000000000001,900.0818209687363,0.05387635057403541,0.0,0.2,0.2,20.249999999999996,0.8,0.8,900.0,0.003,0.0,10,0.5,0.011042271,0.009128602274296474
12.780000000000001,900.0818209635775,0.053953759530234895,0.0,0.2,0.2,20.249999999999996,0.8,0.8,900.0,0.003,0.0,10,0.5,0.01305959,0.009128601709357392
12.783,900.0818209585768,0.05403108434762653,0.0,0.2,0.2,20.249999999999996,0.8,0.8,900.0,0.003,0.0,10,0.5,0.012639459,0.00912860115757407
12.786,900.0818209536926,0.054108329022170706,0.0,0.2,0.2,20.249999999999996,0.8,0.8,900.0,0.003,0.0,10,0.5,0.011268852,0.009128600614101484
12.789,900.0818209488796,0.054185497789061406,0.0,0.2,0.2,20.249999999999996,0.8,0.8,900.0,0.003,0.0,10,0.5,0.012639068,0.009128600074499596
12.792,900.0818209441029,0.05426259510252719,0.0,0.2,0.2,20.249999999999996,0.8,0.8,900.0,0.003,0.0,10,0.5,0.011294002,0.009128599536071017
12.795,900.0818209393641,0.054339625236924344,0.0,0.2,0.2,20.249999999999996,0.8,0.8,900.0,0.003,0.0,10,0.5,0.011406373,0.009128599004126851
12.798,900.0818209346887,0.05441659036074617,0.0,0.2,0.2,20.249999999999996,0.8,0.8,900.0,0.003,0.0,10,0.5,0.012893279,0.009128598481777208
12.801,900.0818209300954,0.05449349246681291,0.0,0.2,0.2,20.249999999999996,0.8,0.8,900.0,0.003,0.0,10,0.5,0.01090519,0.009128597968421198
12.804,900.0818209255806,0.05457033375642646,0.0,0.2,0.2,20.249999999999996,0.8,0.8,900.0,0.003,0.0,10,0.5,0.011066171,0.009128597461386454
12.807,900.0818209211217,0.05464711664098469,0.0,0.2,0.2,20.249999999999996,0.8,0.8,900.0,0.003,0.0,10,0.5,0.012949739,0.009128596957307139
12.81,900.0818209166885,0.05472384375892704,0.0,0.2,0.2,20.249999999999996,0.8,0.8,900.0,0.003,0.0,10,0.5,0.011057151,0.00912859645368113
12.813,900.0818209122607,0.05480051795653613,0.0,0.2,0.2,20.249999999999996,0.8,0.8,900.0,0.003,0.0,10,0.5,0.011471923,0.009128595951759001
12.816,900.0818209078527,0.05487714144037276,0.0,0.2,0.2,20.249999999999996,0.8,0.8,900.0,0.003,0.0,10,0.5,0.012906099,0.009128595454043384
12.819,900.0818209034859,0.05495371618666506,0.0,0.2,0.2,20.249999999999996,0.8,0.8,900.0,0.003,0.0,10,0.5,0.011030031,0.009128594962629664
12.822000000000001,900.0818208991772,0.055030244060787575,0.0,0.2,0.2,20.249999999999996,0.8,0.8,900.0,0.003,0.0,10,0.5,0.01085757,0.009128594480034766
12.825000000000001,900.0818208949456,0.05510672667073964,0.0,0.2,0.2,20.249999999999996,0.8,0.8,900.0,0.003,0.0,10,0.5,0.012874479,0.009128594006075704
12.828,900.0818208907906,0.05518316588369352,0.0,0.2,0.2,20.249999999999996,0.8,0.8,900.0,0.003,0.0,10,0.5,0.011164681,0.009128593539093361
12.831,900.0818208866904,0.05525956383562962,0.0,0.2,0.2,20.249999999999996,0.8,0.8,900.0,0.003,0.0,10,0.5,0.0109373,0.009128593076627835
12.834,900.0818208826364,0.055335922933268875,0.0,0.2,0.2,20.249999999999996,0.8,0.8,900.0,0.003,0.0,10,0.5,0.01297734,0.009128592620252122
12.837,900.081820878651,0.05541224467535036,0.0,0.2,0.2,20.249999999999996,0.8,0.8,900.0,0.003,0.0,10,0.5,0.011438383,0.009128592175090261
12.84,900.0818208747615,0.05548852974829293,0.0,0.2,0.2,20.249999999999996,0.8,0.8,900.0,0.003,0.0,10,0.5,0.011488253,0.00912859174342683
12.843,900.0818208709935,0.0555647789770395,0.0,0.2,0.2,20.249999999999996,0.8,0.8,900.0,0.003,0.0,10,0.5,0.012452677,0.009128591324933114
12.846,900.0818208673389,0.05564099338002737,0.0,0.2,0.2,20.249999999999996,0.8,0.8,900.0,0.003,0.0,10,0.5,0.011414252,0.009128590916833773
12.849,900.0818208637731,0.0557171742243596,0.0,0.2,0.2,20.249999999999996,0.8,0.8,900.0,0.003,0.0,10,0.5,0.011174112,0.00912859051511859
12.852,900.0818208602689,0.055793322998108706,0.0,0.2,0.2,20.249999999999996,0.8,0.8,900.0,0.003,0.0,10,0.5,0.012787439,0.00912859011766482
12.855,900.0818208568093,0.055869440482575056,0.0,0.2,0.2,20.249999999999996,0.8,0.8,900.0,0.003,0.0,10,0.5,0.011000121,0.009128589721985601
12.858,900.081820853363,0.05594552707869479,0.0,0.2,0.2,20.249999999999996,0.8,0.8,900.0,0.003,0.0,10,0.5,0.011227111,0.009128589323002893
12.861,900.0818208498828,0.05602158340307654,0.0,0.2,0.2,20.249999999999996,0.8,0.8,900.0,0.003,0.0,10,0.5,0.013156931,0.009128588914748631
12.864,900.081820846316,0.05609761043573835,0.0,0.2,0.2,20.249999999999996,0.8,0.8,900.0,0.003,0.0,10,0.5,0.011188742,0.009128588491938943
12.867,900.0818208426147,0.05617360938134431,0.0,0.2,0.2,20.249999999999996,0.8,0.8,900.0,0.003,0.0,10,0.5,0.011118892,0.009128588049974126
12.870000000000001,900.0818208387404,0.05624958165506224,0.0,0.2,0.2,20.249999999999996,0.8,0.8,900.0,0.003,0.0,10,0.5,0.012960189,0.009128587585227993
12.873000000000001,900.0818208346658,0.056325528844463,0.0,0.2,0.2,20.249999999999996,0.8,0.8,900.0,0.003,0.0,10,0.5,0.011027,0.00912858709745992
12.876,900.0818208303828,0.0564014521546611,0.0,0.2,0.2,20.249999999999996,0.8,0.8,900.0,0.003,0.0,10,0.5,0.010893011,0.009128586588851816
12.879,900.0818208259112,0.05647735269852651,0.0,0.2,0.2,20.249999999999996,0.8,0.8,900.0,0.003,0.0,10,0.5,0.012672228,0.009128586062620061
12.882,900.0818208212829,0.056553231801839215,0.0,0.2,0.2,20.249999999999996,0.8,0.8,900.0,0.003,0.0,10,0.5,0.011214922,0.00912858552332626
12.885,900.0818208165299,0.05662909099510505,0.0,0.2,0.2,20.249999999999996,0.8,0.8,900.0,0.003,0.0,10,0.5,0.011149491,0.009128584976859809
12.888,900.0818208117141,0.056704932010252486,0.0,0.2,0.2,20.249999999999996,0.8,0.8,900.0,0.003,0.0,10,0.5,0.012916629,0.009128584430321407
12.891,900.0818208069003,0.056780756792458975,0.0,0.2,0.2,20.249999999999996,0.8,0.8,900.0,0.003,0.0,10,0.5,0.011248942,0.009128583892138536
12.894,900.081820802161,0.056856567234994854,0.0,0.2,0.2,20.249999999999996,0.8,0.8,900.0,0.003,0.0,10,0.5,0.01107593,0.009128583371465708
12.897,900.081820797578,0.056932365009805246,0.0,0.2,0.2,20.249999999999996,0.8,0.8,900.0,0.003,0.0,10,0.5,0.012575019,0.00912858287570877
12.9,900.0818207932174,0.05700815198757214,0.0,0.2,0.2,20.249999999999996,0.8,0.8,900.0,0.003,0.0,10,0.5,0.011319582,0.009128582412116183
12.903,900.0818207891516,0.0570839297396417,0.0,0.2,0.2,20.249999999999996,0.8,0.8,900.0,0.003,0.0,10,0.5,0.011567553,0.009128581987681367
12.906,900.0818207854333,0.05715969950576043,0.0,0.2,0.2,20.249999999999996,0.8,0.8,900.0,0.003,0.0,10,0.5,0.013225851,0.009128581607384625
12.909,900.0818207821073,0.057235462730886914,0.0,0.2,0.2,20.249999999999996,0.8,0.8,900.0,0.003,0.0,10,0.5,0.01086081,0.009128581275285926
12.912,900.0818207792125,0.05731122106706165,0.0,0.2,0.2,20.249999999999996,0.8,0.8,900.0,0.003,0.0,10,0.5,0.011272442,0.009128580994407415
12.915000000000001,900.081820776778,0.057386976374242546,0.0,0.2,0.2,20.249999999999996,0.8,0.8,900.0,0.003,0.0,10,0.5,0.01293194,0.009128580766589331
12.918000000000001,900.0818207748126,0.057462730721687776,0.0,0.2,0.2,20.249999999999996,0.8,0.8,900.0,0.003,0.0,10,0.5,0.011068361,0.00912858059244032
12.921000000000001,900.0818207733291,0.05753848638978954,0.0,0.2,0.2,20.249999999999996,0.8,0.8,900.0,0.003,0.0,10,0.5,0.011440813,0.009128580471484833
12.924,900.0818207723197,0.057614245871989406,0.0,0.2,0.2,20.249999999999996,0.8,0.8,900.0,0.003,0.0,10,0.5,0.012794759,0.00912858040238609
12.927,900.0818207717731,0.057690011876641384,0.0,0.2,0.2,20.249999999999996,0.8,0.8,900.0,0.003,0.0,10,0.5,0.011420813,0.009128580383184214
12.93,900.0818207716719,0.05776578732875401,0.0,0.2,0.2,20.249999999999996,0.8,0.8,900.0,0.003,0.0,10,0.5,0.01086491,0.009128580411509445
12.933,900.0818207719941,0.05784157537084619,0.0,0.2,0.2,20.249999999999996,0.8,0.8,900.0,0.003,0.0,10,0.5,0.012848229,0.009128580484741512
12.936,900.0818207727189,0.05791737936384306,0.0,0.2,0.2,20.249999999999996,0.8,0.8,900.0,0.003,0.0,10,0.5,0.011712644,0.009128580600142292
12.939,900.0818207738195,0.05799320288808997,0.0,0.2,0.2,20.249999999999996,0.8,0.8,900.0,0.003,0.0,10,0.5,0.01097122,0.009128580755047041
12.942,900.081820775271,0.05806904974236211,0.0,0.2,0.2,20.249999999999996,0.8,0.8,900.0,0.003,0.0,10,0.5,0.015711963,0.009128580947033506
12.945,900.0818207770566,0.058144923943518584,0.0,0.2,0.2,20.249999999999996,0.8,0.8,900.0,0.003,0.0,10,0.5,0.011450542,0.009128581174066437
12.948,900.0818207791574,0.05822082972342161,0.0,0.2,0.2,20.249999999999996,0.8,0.8,900.0,0.003,0.0,10,0.5,0.011164551,0.009128581434777459
12.951,900.08182078156,0.058296771501436195,0.0,0.2,0.2,20.249999999999996,0.8,0.8,900.0,0.003,0.0,10,0.5,0.01300098,0.0091285817301264
12.954,900.0818207842777,0.058372753351849056,0.0,0.2,0.2,20.249999999999996,0.8,0.8,900.0,0.003,0.0,10,0.5,0.011016531,0.009128582062501178
12.957,900.081820787328,0.05844877927883827,0.0,0.2,0.2,20.249999999999996,0.8,0.8,900.0,0.003,0.0,10,0.5,0.011174701,0.00912858243397414
12.96,900.0818207907266,0.058524853546989164,0.0,0.2,0.2,20.249999999999996,0.8,0.8,900.0,0.003,0.0,10,0.5,0.012961069,0.009128582846475235
12.963000000000001,900.081820794491,0.05860098067783257,0.0,0.2,0.2,20.249999999999996,0.8,0.8,900.0,0.003,0.0,10,0.5,0.011079092,0.009128583302019936
12.966000000000001,900.0818207986492,0.058677165330441525,0.0,0.2,0.2,20.249999999999996,0.8,0.8,900.0,0.003,0.0,10,0.5,0.011363972,0.009128583804796095
12.969,900.0818208032288,0.058753411585289246,0.0,0.2,0.2,20.249999999999996,0.8,0.8,900.0,0.003,0.0,10,0.5,0.013077481,0.009128584357801695
12.972,900.0818208082595,0.05882972361591352,0.0,0.2,0.2,20.249999999999996,0.8,0.8,900.0,0.003,0.0,10,0.5,0.011181151,0.009128584963094275
12.975,900.0818208137543,0.05890610585227944,0.0,0.2,0.2,20.249999999999996,0.8,0.8,900.0,0.003,0.0,10,0.5,0.011052751,0.009128585622559174
12.978,900.0818208197428,0.05898256287580746,0.0,0.2,0.2,20.249999999999996,0.8,0.8,900.0,0.003,0.0,10,0.5,0.01314504,0.009128586339369294
12.981,900.0818208262425,0.059059098898719395,0.0,0.2,0.2,20.249999999999996,0.8,0.8,900.0,0.003,0.0,10,0.5,0.011330982,0.009128587116014242
12.984,900.081820833278,0.05913571822063424,0.0,0.2,0.2,20.249999999999996,0.8,0.8,900.0,0.003,0.0,10,0.5,0.01099543,0.00912858795337608
12.987,900.0818208408564,0.059212425412904,0.0,0.2,0.2,20.249999999999996,0.8,0.8,900.0,0.003,0.0,10,0.5,0.012665938,0.00912858885093994
12.99,900.0818208489775,0.05928922522847279,0.0,0.2,0.2,20.249999999999996,0.8,0.8,900.0,0.003,0.0,10,0.5,0.011557443,0.009128589808498833
12.993,900.0818208576372,0.05936612204588977,0.0,0.2,0.2,20.249999999999996,0.8,0.8,900.0,0.003,0.0,10,0.5,0.011110731,0.009128590824433305
12.996,900.0818208668155,0.059443120398593625,0.0,0.2,0.2,20.249999999999996,0.8,0.8,900.0,0.003,0.0,10,0.5,0.01286611,0.009128591895610078
12.999,900.0818208764865,0.059520225100728755,0.0,0.2,0.2,20.249999999999996,0.8,0.8,900.0,0.003,0.0,10,0.5,0.01088031,0.00912859301735534
13.002,900.0818208866052,0.059597441244472624,0.0,0.2,0.2,20.249999999999996,0.8,0.8,900.0,0.003,0.0,10,0.5,0.01099568,0.009128594183501443
13.005,900.0818208971236,0.059674774216310546,0.0,0.2,0.2,20.249999999999996,0.8,0.8,900.0,0.003,0.0,10,0.5,0.012903729,0.00912859538671377
13.008000000000001,900.0818209079665,0.05975222969956778,0.0,0.2,0.2,20.249999999999996,0.8,0.8,900.0,0.003,0.0,10,0.5,0.011220952,0.009128596618892374
13.011000000000001,900.0818209190693,0.059829813674070746,0.0,0.2,0.2,20.249999999999996,0.8,0.8,900.0,0.003,0.0,10,0.5,0.011127331,0.009128597871859094
13.014000000000001,900.0818209303554,0.05990753236164877,0.0,0.2,0.2,20.249999999999996,0.8,0.8,900.0,0.003,0.0,10,0.5,0.012663788,0.009128599137761435
13.017,900.081820941754,0.05998539221994625,0.0,0.2,0.2,20.249999999999996,0.8,0.8,900.0,0.003,0.0,10,0.5,0.010983211,0.009128600409053795
13.02,900.0818209531967,0.06006340000288109,0.0,0.2,0.2,20.249999999999996,0.8,0.8,900.0,0.003,0.0,10,0.5,0.011210962,0.009128601678992291
13.023,900.0818209646255,0.060141562736731165,0.0,0.2,0.2,20.249999999999996,0.8,0.8,900.0,0.003,0.0,10,0.5,0.01293768,0.009128602942028365
13.026,900.08182097599,0.06021988771098832,0.0,0.2,0.2,20.249999999999996,0.8,0.8,900.0,0.003,0.0,10,0.5,0.011073051,0.009128604193854934
13.029,900.0818209872492,0.06029838252224079,0.0,0.2,0.2,20.249999999999996,0.8,0.8,900.0,0.003,0.0,10,0.5,0.011126181,0.009128605431659642
13.032,900.0818209983813,0.06037705506971759,0.0,0.2,0.2,20.249999999999996,0.8,0.8,900.0,0.003,0.0,10,0.5,0.01299055,0.009128606654205012
13.035,900.0818210093712,0.0604559135545587,0.0,0.2,0.2,20.249999999999996,0.8,0.8,900.0,0.003,0.0,10,0.5,0.011749785,0.00912860786198382
13.038,900.0818210202441,0.06053496637861365,0.0,0.2,0.2,20.249999999999996,0.8,0.8,900.0,0.003,0.0,10,0.5,0.01094231,0.009128609060971174
13.041,900.0818210310408,0.060614220934419975,0.0,0.2,0.2,20.249999999999996,0.8,0.8,900.0,0.003,0.0,10,0.5,0.01295102,0.009128610257008223
13.044,900.0818210418054,0.060693684545363585,0.0,0.2,0.2,20.249999999999996,0.8,0.8,900.0,0.003,0.0,10,0.5,0.011439333,0.009128611455091782
13.047,900.0818210525862,0.060773364841715284,0.0,0.2,0.2,20.249999999999996,0.8,0.8,900.0,0.003,0.0,10,0.5,0.011438193,0.009128612660444959
13.05,900.0818210634285,0.06085326977155998,0.0,0.2,0.2,20.249999999999996,0.8,0.8,900.0,0.003,0.0,10,0.5,0.012492837,0.009128613878589565
13.053,900.0818210743829,0.06093340760594022,0.0,0.2,0.2,20.249999999999996,0.8,0.8,900.0,0.003,0.0,10,0.5,0.011222111,0.009128615115231966
13.056000000000001,900.0818210854973,0.06101378693901887,0.0,0.2,0.2,20.249999999999996,0.8,0.8,900.0,0.003,0.0,10,0.5,0.011381723,0.009128616375891465
13.059000000000001,900.0818210968243,0.061094416690853755,0.0,0.2,0.2,20.249999999999996,0.8,0.8,900.0,0.003,0.0,10,0.5,0.01299545,0.009128617665462253
13.062,900.0818211084058,0.06117530610911405,0.0,0.2,0.2,20.249999999999996,0.8,0.8,900.0,0.003,0.0,10,0.5,0.011088871,0.009128618987837534
13.065,900.0818211202786,0.06125646476775788,0.0,0.2,0.2,20.249999999999996,0.8,0.8,900.0,0.003,0.0,10,0.5,0.011889855,0.009128620346826015
13.068,900.0818211324931,0.06133790217746325,0.0,0.2,0.2,20.249999999999996,0.8,0.8,900.0,0.003,0.0,10,0.5,0.01295261,0.009128621750873629
13.071,900.081821145114,0.061419626546786184,0.0,0.2,0.2,20.249999999999996,0.8,0.8,900.0,0.003,0.0,10,0.5,0.01087564,0.009128623205907986
13.074,900.0818211581848,0.061501646245163376,0.0,0.2,0.2,20.249999999999996,0.8,0.8,900.0,0.003,0.0,10,0.5,0.011427563,0.009128624713453675
13.077,900.0818211717203,0.06158396998833608,0.0,0.2,0.2,20.249999999999996,0.8,0.8,900.0,0.003,0.0,10,0.5,0.012848849,0.009128626271189473
13.08,900.0818211857027,0.06166660684345073,0.0,0.2,0.2,20.249999999999996,0.8,0.8,900.0,0.003,0.0,10,0.5,0.011386022,0.009128627874372994
13.083,900.0818212000868,0.06174956623240689,0.0,0.2,0.2,20.249999999999996,0.8,0.8,900.0,0.003,0.0,10,0.5,0.011018611,0.009128629517096346
13.086,900.0818212148238,0.06183285793126544,0.0,0.2,0.2,20.249999999999996,0.8,0.8,900.0,0.003,0.0,10,0.5,0.012816209,0.009128631193867148
13.089,900.0818212298675,0.06191649159263851,0.0,0.2,0.2,20.249999999999996,0.8,0.8,900.0,0.003,0.0,10,0.5,0.011109301,0.009128632899488778
13.092,900.0818212451672,0.06200047673263887,0.0,0.2,0.2,20.249999999999996,0.8,0.8,900.0,0.003,0.0,10,0.5,0.011115891,0.00912863462778196
13.095,900.0818212606656,0.06208482315498667,0.0,0.2,0.2,20.249999999999996,0.8,0.8,900.0,0.003,0.0,10,0.5,0.012825098,0.009128636372355036
13.098,900.0818212763037,0.06216954100589764,0.0,0.2,0.2,20.249999999999996,0.8,0.8,900.0,0.003,0.0,10,0.5,0.011393953,0.009128638127159219
13.101,900.0818212920318,0.0622546407444767,0.0,0.2,0.2,20.249999999999996,0.8,0.8,900.0,0.003,0.0,10,0.5,0.011448733,0.00912863988713049
13.104000000000001,900.0818213078102,0.062340132965135645,0.0,0.2,0.2,20.249999999999996,0.8,0.8,900.0,0.003,0.0,10,0.5,0.012488518,0.009128641648246897
13.107000000000001,900.081821323592,0.06242602849522505,0.0,0.2,0.2,20.249999999999996,0.8,0.8,900.0,0.003,0.0,10,0.5,0.011135251,0.00912864340768487
13.11,900.0818213393552,0.06251233851087236,0.0,0.2,0.2,20.249999999999996,0.8,0.8,900.0,0.003,0.0,10,0.5,0.011383182,0.00912864516412061
13.113,900.0818213550913,0.06259907454161578,0.0,0.2,0.2,20.249999999999996,0.8,0.8,900.0,0.003,0.0,10,0.5,0.01297082,0.009128646917645644
13.116,900.0818213707918,0.06268624847207369,0.0,0.2,0.2,20.249999999999996,0.8,0.8,900.0,0.003,0.0,10,0.5,0.010675549,0.009128648669769512
13.119,900.0818213864803,0.06277387250016349,0.0,0.2,0.2,20.249999999999996,0.8,0.8,900.0,0.003,0.0,10,0.5,0.011528094,0.009128650423957958
13.122,900.0818214021846,0.06286195896326743,0.0,0.2,0.2,20.249999999999996,0.8,0.8,900.0,0.003,0.0,10,0.5,0.012985769,0.009128652185170325
13.125,900.0818214179484,0.06295052042607831,0.0,0.2,0.2,20.249999999999996,0.8,0.8,900.0,0.003,0.0,10,0.5,0.011537123,0.009128653958959489
13.128,900.081821433825,0.06303956981391534,0.0,0.2,0.2,20.249999999999996,0.8,0.8,900.0,0.003,0.0,10,0.5,0.011239772,0.009128655751240741
13.131,900.0818214498565,0.06312912041475885,0.0,0.2,0.2,20.249999999999996,0.8,0.8,900.0,0.003,0.0,10,0.5,0.012790889,0.009128657567949745
13.134,900.0818214661084,0.0632191858794576,0.0,0.2,0.2,20.249999999999996,0.8,0.8,900.0,0.003,0.0,10,0.5,0.011313732,0.009128659414696177
13.137,900.0818214826259,0.06330978022240127,0.0,0.2,0.2,20.249999999999996,0.8,0.8,900.0,0.003,0.0,10,0.5,0.01093594,0.009128661296414651
13.14,900.0818214994484,0.06340091782595822,0.0,0.2,0.2,20.249999999999996,0.8,0.8,900.0,0.003,0.0,10,0.5,0.013204631,0.0091286632171077
13.143,900.0818215166192,0.06349261343907203,0.0,0.2,0.2,20.249999999999996,0.8,0.8,900.0,0.003,0.0,10,0.5,0.011387972,0.00912866517957283
13.146,900.0818215341571,0.06358488218451164,0.0,0.2,0.2,20.249999999999996,0.8,0.8,900.0,0.003,0.0,10,0.5,0.011264771,0.009128667185268918
13.149000000000001,900.0818215520816,0.06367773956303384,0.0,0.2,0.2,20.249999999999996,0.8,0.8,900.0,0.003,0.0,10,0.5,0.012705988,0.009128669234345299
13.152000000000001,900.081821570388,0.06377120145243217,0.0,0.2,0.2,20.249999999999996,0.8,0.8,900.0,0.003,0.0,10,0.5,0.01105258,0.009128671325689461
13.155000000000001,900.0818215890702,0.06386528411020635,0.0,0.2,0.2,20.249999999999996,0.8,0.8,900.0,0.003,0.0,10,0.5,0.011120832,0.009128673457015696
13.158,900.0818216081067,0.063960004174699,0.0,0.2,0.2,20.249999999999996,0.8,0.8,900.0,0.003,0.0,10,0.5,0.012888619,0.009128675625026637
13.161,900.0818216274668,0.06405537866292103,0.0,0.2,0.2,20.249999999999996,0.8,0.8,900.0,0.003,0.0,10,0.5,0.011206492,0.009128677825475202
13.164,900.0818216471117,0.0641514249769077,0.0,0.2,0.2,20.249999999999996,0.8,0.8,900.0,0.003,0.0,10,0.5,0.011350552,0.00912868005341444
13.167,900.0818216670002,0.06424816090195597,0.0,0.2,0.2,20.249999999999996,0.8,0.8,900.0,0.003,0.0,10,0.5,0.013198051,0.009128682303424679
13.17,900.081821687078,0.06434560461393476,0.0,0.2,0.2,20.249999999999996,0.8,0.8,900.0,0.003,0.0,10,0.5,0.010931301,0.009128684569670677
13.173,900.0818217072994,0.06444377471465393,0.0,0.2,0.2,20.249999999999996,0.8,0.8,900.0,0.003,0.0,10,0.5,0.011104551,0.009128686846136698
13.176,900.0818217276027,0.06454269033363426,0.0,0.2,0.2,20.249999999999996,0.8,0.8,900.0,0.003,0.0,10,0.5,0.012820669,0.009128689126984346
13.179,900.0818217479421,0.06464237113073638,0.0,0.2,0.2,20.249999999999996,0.8,0.8,900.0,0.003,0.0,10,0.5,0.01096531,0.009128691407061485
13.182,900.0818217682692,0.06474283715068654,0.0,0.2,0.2,20.249999999999996,0.8,0.8,900.0,0.003,0.0,10,0.5,0.011301882,0.009128693681449751
13.185,900.0818217885433,0.0648441088271827,0.0,0.2,0.2,20.249999999999996,0.8,0.8,900.0,0.003,0.0,10,0.5,0.01315117,0.009128695945686036
13.188,900.081821808716,0.06494620698382295,0.0,0.2,0.2,20.249999999999996,0.8,0.8,900.0,0.003,0.0,10,0.5,0.011428353,0.009128698196643652
13.191,900.0818218287719,0.06504915263386776,0.0,0.2,0.2,20.249999999999996,0.8,0.8,900.0,0.003,0.0,10,0.5,0.01087481,0.009128700432750226
13.194,900.0818218487012,0.0651529670452899,0.0,0.2,0.2,20.249999999999996,0.8,0.8,900.0,0.003,0.0,10,0.5,0.01286754,0.009128702659784079
13.197000000000001,900.0818218685795,0.0652576696907862,0.0,0.2,0.2,20.249999999999996,0.8,0.8,900.0,0.003,0.0,10,0.5,0.011623743,0.009128704893566096
13.200000000000001,900.0818218885255,0.06536327747127467,0.0,0.2,0.2,20.249999999999996,0.8,0.8,900.0,0.003,0.0,10,0.5,0.011167961,0.00912870714804283
13.203,900.0818219086817,0.06546980666276574,0.0,0.2,0.2,20.249999999999996,0.8,0.8,900.0,0.003,0.0,10,0.5,0.01284959,0.009128709437135818
13.206,900.0818219291384,0.06557727253872495,0.0,0.2,0.2,20.249999999999996,0.8,0.8,900.0,0.003,0.0,10,0.5,0.011472543,0.009128711767515469
13.209,900.0818219499608,0.06568569073867957,0.0,0.2,0.2,20.249999999999996,0.8,0.8,900.0,0.003,0.0,10,0.5,0.011340922,0.009128714142618762
13.212,900.0818219711783,0.06579507723784978,0.0,0.2,0.2,20.249999999999996,0.8,0.8,900.0,0.003,0.0,10,0.5,0.012708489,0.009128716562126101
13.215,900.0818219927858,0.06590544840390668,0.0,0.2,0.2,20.249999999999996,0.8,0.8,900.0,0.003,0.0,10,0.5,0.011266451,0.00912871902182797
13.218,900.0818220147497,0.06601682100547886,0.0,0.2,0.2,20.249999999999996,0.8,0.8,900.0,0.003,0.0,10,0.5,0.011513883,0.0091287215141477
13.221,900.0818220369974,0.06612921208103996,0.0,0.2,0.2,20.249999999999996,0.8,0.8,900.0,0.003,0.0,10,0.5,0.012844229,0.00912872402881425
13.224,900.0818220594442,0.06624263882976315,0.0,0.2,0.2,20.249999999999996,0.8,0.8,900.0,0.003,0.0,10,0.5,0.011049881,0.009128726552284706
13.227,900.0818220819611,0.06635711884534065,0.0,0.2,0.2,20.249999999999996,0.8,0.8,900.0,0.003,0.0,10,0.5,0.011289771,0.009128729070007703
13.23,900.0818221044308,0.06647266982290254,0.0,0.2,0.2,20.249999999999996,0.8,0.8,900.0,0.003,0.0,10,0.5,0.01315311,0.009128731569568893
13.233,900.0818221267398,0.06658930901448716,0.0,0.2,0.2,20.249999999999996,0.8,0.8,900.0,0.003,0.0,10,0.5,0.011064101,0.009128734039269512
13.236,900.0818221487722,0.06670705342953091,0.0,0.2,0.2,20.249999999999996,0.8,0.8,900.0,0.003,0.0,10,0.5,0.011412712,0.009128736466712188
13.239,900.0818221704213,0.06682592035541678,0.0,0.2,0.2,20.249999999999996,0.8,0.8,900.0,0.003,0.0,10,0.5,0.01295535,0.009128738840498439
13.242,900.0818221915882,0.06694592735413528,0.0,0.2,0.2,20.249999999999996,0.8,0.8,900.0,0.003,0.0,10,0.5,0.011124551,0.009128741151916456
13.245000000000001,900.0818222121919,0.0670670919990514,0.0,0.2,0.2,20.249999999999996,0.8,0.8,900.0,0.003,0.0,10,0.5,0.011029131,0.009128743394005634
13.248000000000001,900.0818222321628,0.06718943217826082,0.0,0.2,0.2,20.249999999999996,0.8,0.8,900.0,0.003,0.0,10,0.5,0.012886669,0.009128745562693627
13.251,900.0818222514746,0.06731296613259047,0.0,0.2,0.2,20.249999999999996,0.8,0.8,900.0,0.003,0.0,10,0.5,0.011371943,0.009128747657147133
13.254,900.0818222701147,0.06743771245802863,0.0,0.2,0.2,20.249999999999996,0.8,0.8,900.0,0.003,0.0,10,0.5,0.011206661,0.009128749679567935
13.257,900.0818222881019,0.06756369010843973,0.0,0.2,0.2,20.249999999999996,0.8,0.8,900.0,0.003,0.0,10,0.5,0.012943629,0.009128751634814773
13.26,900.0818223054837,0.06769091839849319,0.0,0.2,0.2,20.249999999999996,0.8,0.8,900.0,0.003,0.0,10,0.5,0.011074371,0.00912875353002155
13.263,900.0818223223175,0.06781941700009271,0.0,0.2,0.2,20.249999999999996,0.8,0.8,900.0,0.003,0.0,10,0.5,0.011305352,0.009128755374242308
13.266,900.0818223386934,0.06794920595746173,0.0,0.2,0.2,20.249999999999996,0.8,0.8,900.0,0.003,0.0,10,0.5,0.012419457,0.009128757177303909
13.269,900.08182235469,0.06808030581549498,0.0,0.2,0.2,20.249999999999996,0.8,0.8,900.0,0.003,0.0,10,0.5,0.011467863,0.00912875895009038
13.272,900.08182237041,0.06821273747762192,0.0,0.2,0.2,20.249999999999996,0.8,0.8,900.0,0.003,0.0,10,0.5,0.011183902,0.009128760704363078
13.275,900.081822385973,0.06834652192478526,0.0,0.2,0.2,20.249999999999996,0.8,0.8,900.0,0.003,0.0,10,0.5,0.012641208,0.009128762454951044
13.278,900.0818224015022,0.06848167928017557,0.0,0.2,0.2,20.249999999999996,0.8,0.8,900.0,0.003,0.0,10,0.5,0.01078633,0.009128764216993674
13.281,900.0818224171609,0.0686182294649383,0.0,0.2,0.2,20.249999999999996,0.8,0.8,900.0,0.003,0.0,10,0.5,0.01095048,0.009128766012792772
13.284,900.081822433129,0.06875619005555626,0.0,0.2,0.2,20.249999999999996,0.8,0.8,900.0,0.003,0.0,10,0.5,0.013033321,0.009128767859065651
13.287,900.0818224495462,0.06889557826150713,0.0,0.2,0.2,20.249999999999996,0.8,0.8,900.0,0.003,0.0,10,0.5,0.011277812,0.009128769767270978
13.290000000000001,900.0818224665098,0.06903641151222678,0.0,0.2,0.2,20.249999999999996,0.8,0.8,900.0,0.003,0.0,10,0.5,0.011448813,0.009128771745221734
13.293000000000001,900.0818224841001,0.06917870748935895,0.0,0.2,0.2,20.249999999999996,0.8,0.8,900.0,0.003,0.0,10,0.5,0.01301363,0.009128773796957753
13.296000000000001,900.0818225023442,0.0693224840926816,0.0,0.2,0.2,20.249999999999996,0.8,0.8,900.0,0.003,0.0,10,0.5,0.011357532,0.009128775922823388
13.299,900.0818225212471,0.06946775940864683,0.0,0.2,0.2,20.249999999999996,0.8,0.8,900.0,0.003,0.0,10,0.5,0.011047661,0.009128778119126785
13.302,900.0818225407766,0.06961455179002854,0.0,0.2,0.2,20.249999999999996,0.8,0.8,900.0,0.003,0.0,10,0.5,0.01317069,0.009128780378320605
13.305,900.0818225608632,0.06976287987674895,0.0,0.2,0.2,20.249999999999996,0.8,0.8,900.0,0.003,0.0,10,0.5,0.011495703,0.009128782689412362
13.308,900.0818225814102,0.06991276259810364,0.0,0.2,0.2,20.249999999999996,0.8,0.8,900.0,0.003,0.0,10,0.5,0.01090367,0.009128785039278619
13.311,900.0818226022997,0.07006421900101162,0.0,0.2,0.2,20.249999999999996,0.8,0.8,900.0,0.003,0.0,10,0.5,0.013116651,0.009128787413295703
13.314,900.0818226234009,0.07021726836749977,0.0,0.2,0.2,20.249999999999996,0.8,0.8,900.0,0.003,0.0,10,0.5,0.011589233,0.009128789796583046
13.317,900.0818226445778,0.07037193027587314,0.0,0.2,0.2,20.249999999999996,0.8,0.8,900.0,0.003,0.0,10,0.5,0.011360272,0.009128792175180454
13.32,900.0818226657138,0.07052822460181461,0.0,0.2,0.2,20.249999999999996,0.8,0.8,900.0,0.003,0.0,10,0.5,0.012462977,0.009128794536900117
13.323,900.0818226866874,0.07068617152358272,0.0,0.2,0.2,20.249999999999996,0.8,0.8,900.0,0.003,0.0,10,0.5,0.011288251,0.009128796871959444
13.326,900.0818227074228,0.0708457915252564,0.0,0.2,0.2,20.249999999999996,0.8,0.8,900.0,0.003,0.0,10,0.5,0.011160811,0.009128799173355273
13.329,900.0818227278488,0.07100710540182091,0.0,0.2,0.2,20.249999999999996,0.8,0.8,900.0,0.003,0.0,10,0.5,0.012847819,0.009128801437025099
13.332,900.0818227479322,0.07117013426376649,0.0,0.2,0.2,20.249999999999996,0.8,0.8,900.0,0.003,0.0,10,0.5,0.01094124,0.009128803661824282
13.335,900.0818227676647,0.07133489954171252,0.0,0.2,0.2,20.249999999999996,0.8,0.8,900.0,0.003,0.0,10,0.5,0.011589093,0.009128805849357923
13.338000000000001,900.0818227870585,0.07150142299465477,0.0,0.2,0.2,20.249999999999996,0.8,0.8,900.0,0.003,0.0,10,0.5,0.01324597,0.009128808003707634
13.341000000000001,900.0818228061478,0.07166972671585212,0.0,0.2,0.2,20.249999999999996,0.8,0.8,900.0,0.003,0.0,10,0.5,0.011132841,0.00912881013117019
13.344,900.0818228249955,0.07183983308747384,0.0,0.2,0.2,20.249999999999996,0.8,0.8,900.0,0.003,0.0,10,0.5,0.011240571,0.009128812240294883
13.347,900.0818228436781,0.07201176463220427,0.0,0.2,0.2,20.249999999999996,0.8,0.8,900.0,0.003,0.0,10,0.5,0.01315903,0.009128814343247289
13.35,900.0818228623403,0.07218554330590451,0.0,0.2,0.2,20.249999999999996,0.8,0.8,900.0,0.003,0.0,10,0.5,0.011099961,0.009128816463769176
13.353,900.0818228811602,0.07236118806088218,0.0,0.2,0.2,20.249999999999996,0.8,0.8,900.0,0.003,0.0,10,0.5,0.01074998,0.009128818617460822
13.356,900.0818229002754,0.07253871785113404,0.0,0.2,0.2,20.249999999999996,0.8,0.8,900.0,0.003,0.0,10,0.5,0.012694739,0.009128820815737987
13.359,900.081822919781,0.07271815152046249,0.0,0.2,0.2,20.249999999999996,0.8,0.8,900.0,0.003,0.0,10,0.5,0.011162981,0.009128823067039223
13.362,900.081822939753,0.07289950844310622,0.0,0.2,0.2,20.249999999999996,0.8,0.8,900.0,0.003,0.0,10,0.5,0.011039111,0.009128825376896606
13.365,900.0818229602978,0.07308280835956465,0.0,0.2,0.2,20.249999999999996,0.8,0.8,900.0,0.003,0.0,10,0.5,0.012908379,0.009128827760985466
13.368,900.0818229815197,0.07326806728293188,0.0,0.2,0.2,20.249999999999996,0.8,0.8,900.0,0.003,0.0,10,0.5,0.011307053,0.009128830229304117
13.371,900.0818230034937,0.07345530064077012,0.0,0.2,0.2,20.249999999999996,0.8,0.8,900.0,0.003,0.0,10,0.5,0.011261451,0.00912883278550656
13.374,900.0818230262512,0.07364452414316416,0.0,0.2,0.2,20.249999999999996,0.8,0.8,900.0,0.003,0.0,10,0.5,0.012617728,0.009128835429309081
13.377,900.0818230498218,0.07383575315478372,0.0,0.2,0.2,20.249999999999996,0.8,0.8,900.0,0.003,0.0,10,0.5,0.011188532,0.009128838164891379
13.38,900.0818230742251,0.07402899997905071,0.0,0.2,0.2,20.249999999999996,0.8,0.8,900.0,0.003,0.0,10,0.5,0.011477272,0.00912884098700178
13.383000000000001,900.0818230993949,0.0742242766067364,0.0,0.2,0.2,20.249999999999996,0.8,0.8,900.0,0.003,0.0,10,0.5,0.012909009,0.009128843884740216
13.386000000000001,900.081823125234,0.07442159530323825,0.0,0.2,0.2,20.249999999999996,0.8,0.8,900.0,0.003,0.0,10,0.5,0.01077727,0.009128846846011264
13.389000000000001,900.0818231516414,0.07462096861768698,0.0,0.2,0.2,20.249999999999996,0.8,0.8,900.0,0.003,0.0,10,0.5,0.011446073,0.009128849858894807
13.392,900.0818231785078,0.07482240939127235,0.0,0.2,0.2,20.249999999999996,0.8,0.8,900.0,0.003,0.0,10,0.5,0.012709169,0.009128852911747021
13.395,900.0818232057283,0.07502593076603713,0.0,0.2,0.2,20.249999999999996,0.8,0.8,900.0,0.003,0.0,10,0.5,0.011046761,0.009128855994298971
13.398,900.0818232332488,0.07523154569509453,0.0,0.2,0.2,20.249999999999996,0.8,0.8,900.0,0.003,0.0,10,0.5,0.011254592,0.009128859105171895
13.401,900.0818232610249,0.07543926464706191,0.0,0.2,0.2,20.249999999999996,0.8,0.8,900.0,0.003,0.0,10,0.5,0.01306317,0.009128862240818752
13.404,900.081823289021,0.07564909788251786,0.0,0.2,0.2,20.249999999999996,0.8,0.8,900.0,0.003,0.0,10,0.5,0.01103785,0.009128865395966865
13.407,900.0818233171885,0.07586105587495598,0.0,0.2,0.2,20.249999999999996,0.8,0.8,900.0,0.003,0.0,10,0.5,0.011151172,0.009128868565139446
13.41,900.0818233454766,0.07607514931580808,0.0,0.2,0.2,20.249999999999996,0.8,0.8,900.0,0.003,0.0,10,0.5,0.01302834,0.009128871743568813
13.413,900.0818233738445,0.07629138912264267,0.0,0.2,0.2,20.249999999999996,0.8,0.8,900.0,0.003,0.0,10,0.5,0.011312962,0.009128874929145138
13.416,900.0818234022911,0.07650978587744899,0.0,0.2,0.2,20.249999999999996,0.8,0.8,900.0,0.003,0.0,10,0.5,0.011429002,0.009128878123014491
13.419,900.0818234308018,0.07673034960340945,0.0,0.2,0.2,20.249999999999996,0.8,0.8,900.0,0.003,0.0,10,0.5,0.0130533,0.009128881326747012
13.422,900.0818234594021,0.07695309053697504,0.0,0.2,0.2,20.249999999999996,0.8,0.8,900.0,0.003,0.0,10,0.5,0.011096791,0.009128884545021813
13.425,900.0818234881322,0.07717801889764618,0.0,0.2,0.2,20.249999999999996,0.8,0.8,900.0,0.003,0.0,10,0.5,0.011078431,0.009128887784386424
13.428,900.0818235170478,0.07740514510420625,0.0,0.2,0.2,20.249999999999996,0.8,0.8,900.0,0.003,0.0,10,0.5,0.01294757,0.009128891052790874
13.431000000000001,900.0818235462162,0.07763447986286086,0.0,0.2,0.2,20.249999999999996,0.8,0.8,900.0,0.003,0.0,10,0.5,0.011367823,0.009128894359326309
13.434000000000001,900.0818235757259,0.07786603417888158,0.0,0.2,0.2,20.249999999999996,0.8,0.8,900.0,0.003,0.0,10,0.5,0.011787144,0.009128897713808804
13.437000000000001,900.0818236056635,0.07809981928929619,0.0,0.2,0.2,20.249999999999996,0.8,0.8,900.0,0.003,0.0,10,0.5,0.013486062,0.009128901127176757
13.44,900.0818236361289,0.07833584624188854,0.0,0.2,0.2,20.249999999999996,0.8,0.8,900.0,0.003,0.0,10,0.5,0.011052341,0.009128904609125313
13.443,900.0818236672039,0.07857412634155092,0.0,0.2,0.2,20.249999999999996,0.8,0.8,900.0,0.003,0.0,10,0.5,0.011114511,0.00912890816782435
13.446,900.0818236989596,0.07881467127880737,0.0,0.2,0.2,20.249999999999996,0.8,0.8,900.0,0.003,0.0,10,0.5,0.012860019,0.009128911810070186
13.449,900.081823731461,0.07905749312384738,0.0,0.2,0.2,20.249999999999996,0.8,0.8,900.0,0.003,0.0,10,0.5,0.01099657,0.009128915541271798
13.452,900.0818237647522,0.07930260431369753,0.0,0.2,0.2,20.249999999999996,0.8,0.8,900.0,0.003,0.0,10,0.5,0.011610053,0.00912891936521852
13.455,900.0818237988752,0.07955001767353269,0.0,0.2,0.2,20.249999999999996,0.8,0.8,900.0,0.003,0.0,10,0.5,0.013241101,0.00912892328404374
13.458,900.0818238338412,0.07979974643526336,0.0,0.2,0.2,20.249999999999996,0.8,0.8,900.0,0.003,0.0,10,0.5,0.011329111,0.009128927298518096
13.461,900.0818238696547,0.08005180418613277,0.0,0.2,0.2,20.249999999999996,0.8,0.8,900.0,0.003,0.0,10,0.5,0.010825489,0.009128931408438781
13.464,900.081823906328,0.08030620483603085,0.0,0.2,0.2,20.249999999999996,0.8,0.8,900.0,0.003,0.0,10,0.5,0.01300999,0.009128935615780006
13.467,900.0818239439315,0.08056296185975655,0.0,0.2,0.2,20.249999999999996,0.8,0.8,900.0,0.003,0.0,10,0.5,0.011321052,0.009128939942001093
13.47,900.0818239826554,0.08082208426014131,0.0,0.2,0.2,20.249999999999996,0.8,0.8,900.0,0.003,0.0,10,0.5,0.011363433,0.00912894441272263
13.473,900.0818240226744,0.08108357824883773,0.0,0.2,0.2,20.249999999999996,0.8,0.8,900.0,0.003,0.0,10,0.5,0.012480027,0.009128949041698175
13.476,900.0818240641064,0.08134745012624568,0.0,0.2,0.2,20.249999999999996,0.8,0.8,900.0,0.003,0.0,10,0.5,0.011156271,0.009128953838409469
13.479000000000001,900.0818241070383,0.08161370642016509,0.0,0.2,0.2,20.249999999999996,0.8,0.8,900.0,0.003,0.0,10,0.5,0.011294862,0.00912895881026438
13.482000000000001,900.0818241515406,0.08188235385620407,0.0,0.2,0.2,20.249999999999996,0.8,0.8,900.0,0.003,0.0,10,0.5,0.012806199,0.009128963963254093
13.485,900.0818241976647,0.08215339935925485,0.0,0.2,0.2,20.249999999999996,0.8,0.8,900.0,0.003,0.0,10,0.5,0.011199412,0.009128969301867684
13.488,900.0818242454519,0.08242685006225144,0.0,0.2,0.2,20.249999999999996,0.8,0.8,900.0,0.003,0.0,10,0.5,0.011415013,0.009128974828742488
13.491,900.0818242949252,0.08270271330790692,0.0,0.2,0.2,20.249999999999996,0.8,0.8,900.0,0.003,0.0,10,0.5,0.013147371,0.009128980543845153
13.494,900.081824346088,0.08298099670220213,0.0,0.2,0.2,20.249999999999996,0.8,0.8,900.0,0.003,0.0,10,0.5,0.010792729,0.009128986444335437
13.497,900.08182439892,0.08326170804577898,0.0,0.2,0.2,20.249999999999996,0.8,0.8,900.0,0.003,0.0,10,0.5,0.011194841,0.009128992530192667
13.5,900.0818244534759,0.08354485349093346,0.0,0.2,0.2,20.249999999999996,0.8,0.8,900.0,0.003,0.0,10,0.5,0.01293116,0.009128998811650635
13.503,900.081824509798,0.08383043505715511,0.0,0.2,0.2,20.249999999999996,0.8,0.8,900.0,0.003,0.0,10,0.5,0.01082146,0.00912900529167442
13.506,900.0818245678997,0.08411845376150723,0.0,0.2,0.2,20.249999999999996,0.8,0.8,900.0,0.003,0.0,10,0.5,0.011177741,0.00912901196913525
13.509,900.0818246277754,0.08440891060319065,0.0,0.2,0.2,20.249999999999996,0.8,0.8,900.0,0.003,0.0,10,0.5,0.013180331,0.009129018843180754
13.512,900.0818246894142,0.08470180655782844,0.0,0.2,0.2,20.249999999999996,0.8,0.8,900.0,0.003,0.0,10,0.5,0.01097852,0.009129025914610919
13.515,900.0818247528363,0.08499714234931133,0.0,0.2,0.2,20.249999999999996,0.8,0.8,900.0,0.003,0.0,10,0.5,0.010756809,0.009129033186745102
13.518,900.0818248180591,0.08529491799565052,0.0,0.2,0.2,20.249999999999996,0.8,0.8,900.0,0.003,0.0,10,0.5,0.012896499,0.009129040662102038
13.521,900.081824885107,0.0855951338284835,0.0,0.2,0.2,20.249999999999996,0.8,0.8,900.0,0.003,0.0,10,0.5,0.010986151,0.009129048344773993
13.524000000000001,900.0818249540168,0.08589779021160815,0.0,0.2,0.2,20.249999999999996,0.8,0.8,900.0,0.003,0.0,10,0.5,0.01095185,0.009129056239353568
13.527000000000001,900.0818250248316,0.08620288749260532,0.0,0.2,0.2,20.249999999999996,0.8,0.8,900.0,0.003,0.0,10,0.5,0.012849559,0.009129064350112326
13.530000000000001,900.0818250975865,0.08651042603634808,0.0,0.2,0.2,20.249999999999996,0.8,0.8,900.0,0.003,0.0,10,0.5,0.011287472,0.00912907268079913
13.533,900.0818251723174,0.08682040619602335,0.0,0.2,0.2,20.249999999999996,0.8,0.8,900.0,0.003,0.0,10,0.5,0.011231282,0.009129081234665335
13.536,900.0818252490526,0.08713282831453732,0.0,0.2,0.2,20.249999999999996,0.8,0.8,900.0,0.003,0.0,10,0.5,0.012621388,0.00912909001455074
13.539,900.0818253278205,0.0874476927183706,0.0,0.2,0.2,20.249999999999996,0.8,0.8,900.0,0.003,0.0,10,0.5,0.011070641,0.00912909902292202
13.542,900.0818254086415,0.08776499960845598,0.0,0.2,0.2,20.249999999999996,0.8,0.8,900.0,0.003,0.0,10,0.5,0.0110609,0.009129108262534434
13.545,900.0818254915445,0.08808474884573064,0.0,0.2,0.2,20.249999999999996,0.8,0.8,900.0,0.003,0.0,10,0.5,0.0129802,0.009129117735563505
13.548,900.0818255765626,0.08840694001293531,0.0,0.2,0.2,20.249999999999996,0.8,0.8,900.0,0.003,0.0,10,0.5,0.01104796,0.00912912745387924
13.551,900.081825663969,0.08873156881083671,0.0,0.2,0.2,20.249999999999996,0.8,0.8,900.0,0.003,0.0,10,0.5,0.011459353,0.00912913749161777
13.554,900.0818257543029,0.08905861354513983,0.0,0.2,0.2,20.249999999999996,0.8,0.8,900.0,0.003,0.0,10,0.5,0.012955289,0.009129147911303174
13.557,900.0818258480799,0.08938804818472905,0.0,0.2,0.2,20.249999999999996,0.8,0.8,900.0,0.003,0.0,10,0.5,0.01094471,0.009129158756584013
13.56,900.0818259456789,0.08971984541891105,0.0,0.2,0.2,20.249999999999996,0.8,0.8,900.0,0.003,0.0,10,0.5,0.011236012,0.009129170056425103
13.563,900.0818260473645,0.09005397716631418,0.0,0.2,0.2,20.249999999999996,0.8,0.8,900.0,0.003,0.0,10,0.5,0.012773659,0.009129181833646766
13.566,900.0818261533477,0.09039041421064012,0.0,0.2,0.2,20.249999999999996,0.8,0.8,900.0,0.003,0.0,10,0.5,0.010970321,0.009129194105634522
13.569,900.0818262637774,0.09072912666261981,0.0,0.2,0.2,20.249999999999996,0.8,0.8,900.0,0.003,0.0,10,0.5,0.01082957,0.009129206883586082
13.572000000000001,900.081826378756,0.09107008399312996,0.0,0.2,0.2,20.249999999999996,0.8,0.8,900.0,0.003,0.0,10,0.5,0.0129915,0.009129220170015004
13.575000000000001,900.0818264983045,0.09141325503221387,0.0,0.2,0.2,20.249999999999996,0.8,0.8,900.0,0.003,0.0,10,0.5,0.011488593,0.00912923395623197
13.578,900.0818266223436,0.09175860805252432,0.0,0.2,0.2,20.249999999999996,0.8,0.8,900.0,0.003,0.0,10,0.5,0.011222902,0.009129248221954215
13.581,900.0818267506927,0.09210611074784462,0.0,0.2,0.2,20.249999999999996,0.8,0.8,900.0,0.003,0.0,10,0.5,0.01295228,0.009129262936595195
13.584,900.0818268830778,0.0924557301876507,0.0,0.2,0.2,20.249999999999996,0.8,0.8,900.0,0.003,0.0,10,0.5,0.011762764,0.009129278061259726
13.587,900.0818270191469,0.09280743280722369,0.0,0.2,0.2,20.249999999999996,0.8,0.8,900.0,0.003,0.0,10,0.5,0.011341213,0.009129293551498503
13.59,900.0818271585059,0.09316118440964283,0.0,0.2,0.2,20.249999999999996,0.8,0.8,900.0,0.003,0.0,10,0.5,0.012708078,0.009129309360420777
13.593,900.0818273007367,0.09351695010694007,0.0,0.2,0.2,20.249999999999996,0.8,0.8,900.0,0.003,0.0,10,0.5,0.011260812,0.009129325443282457
13.596,900.0818274454465,0.09387469389680086,0.0,0.2,0.2,20.249999999999996,0.8,0.8,900.0,0.003,0.0,10,0.5,0.011151891,0.009129341757789922
13.599,900.081827592242,0.0942343790219663,0.0,0.2,0.2,20.249999999999996,0.8,0.8,900.0,0.003,0.0,10,0.5,0.013123431,0.009129358266461938
13.602,900.0818277408434,0.09459596752609103,0.0,0.2,0.2,20.249999999999996,0.8,0.8,900.0,0.003,0.0,10,0.5,0.01083738,0.009129374948374226
13.605,900.0818278910566,0.09495941557350894,0.0,0.2,0.2,20.249999999999996,0.8,0.8,900.0,0.003,0.0,10,0.5,0.011215312,0.009129391792620914
13.608,900.0818280427457,0.0953246751249657,0.0,0.2,0.2,20.249999999999996,0.8,0.8,900.0,0.003,0.0,10,0.5,0.013233151,0.009129408789514556
13.611,900.0818281958165,0.09569169688228177,0.0,0.2,0.2,20.249999999999996,0.8,0.8,900.0,0.003,0.0,10,0.5,0.011122571,0.009129425934863962
13.614,900.0818283502347,0.09606043060012481,0.0,0.2,0.2,20.249999999999996,0.8,0.8,900.0,0.003,0.0,10,0.5,0.011333452,0.009129443230495317
13.617,900.0818285060152,0.09643082509067644,0.0,0.2,0.2,20.249999999999996,0.8,0.8,900.0,0.003,0.0,10,0.5,0.012795829,0.0091294606831599
13.620000000000001,900.0818286632217,0.09680282822506624,0.0,0.2,0.2,20.249999999999996,0.8,0.8,900.0,0.003,0.0,10,0.5,0.011559563,0.009129478303542198
13.623000000000001,900.0818288219448,0.09717638684495383,0.0,0.2,0.2,20.249999999999996,0.8,0.8,900.0,0.003,0.0,10,0.5,0.010902291,0.00912949610446748
13.626,900.0818289823034,0.09755144683483613,0.0,0.2,0.2,20.249999999999996,0.8,0.8,900.0,0.003,0.0,10,0.5,0.01305313,0.009129514099959346
13.629,900.0818291444231,0.09792795284400796,0.0,0.2,0.2,20.249999999999996,0.8,0.8,900.0,0.003,0.0,10,0.5,0.011055281,0.009129532303632951
13.632,900.0818293084272,0.09830584827433636,0.0,0.2,0.2,20.249999999999996,0.8,0.8,900.0,0.003,0.0,10,0.5,0.01101468,0.009129550725894355
13.635,900.081829474396,0.09868507562574948,0.0,0.2,0.2,20.249999999999996,0.8,0.8,900.0,0.003,0.0,10,0.5,0.01284945,0.009129569373850094
13.638,900.0818296424134,0.0990655764293595,0.0,0.2,0.2,20.249999999999996,0.8,0.8,900.0,0.003,0.0,10,0.5,0.011013731,0.0091295882541717
13.641,900.0818298125354,0.09944728975735143,0.0,0.2,0.2,20.249999999999996,0.8,0.8,900.0,0.003,0.0,10,0.5,0.011199091,0.009129607367911912
13.644,900.081829984762,0.09983015317439117,0.0,0.2,0.2,20.249999999999996,0.8,0.8,900.0,0.003,0.0,10,0.5,0.012664329,0.009129626708940035
13.647,900.0818301590335,0.10021410329068473,0.0,0.2,0.2,20.249999999999996,0.8,0.8,900.0,0.003,0.0,10,0.5,0.011609004,0.009129646265802621
13.65,900.0818303352504,0.10059907590722417,0.0,0.2,0.2,20.249999999999996,0.8,0.8,900.0,0.003,0.0,10,0.5,0.011365692,0.009129666023194021
13.653,900.0818305132752,0.10098500604451023,0.0,0.2,0.2,20.249999999999996,0.8,0.8,900.0,0.003,0.0,10,0.5,0.012746708,0.009129685962797665
13.656,900.0818306929476,0.10137182796331651,0.0,0.2,0.2,20.249999999999996,0.8,0.8,900.0,0.003,0.0,10,0.5,0.01080496,0.009129706065901612
13.659,900.0818308741093,0.1017594744601553,0.0,0.2,0.2,20.249999999999996,0.8,0.8,900.0,0.003,0.0,10,0.5,0.011384393,0.009129726315789798
13.662,900.0818310566035,0.10214787648577031,0.0,0.2,0.2,20.249999999999996,0.8,0.8,900.0,0.003,0.0,10,0.5,0.012837849,0.009129746695319577
13.665000000000001,900.0818312402956,0.10253696368835359,0.0,0.2,0.2,20.249999999999996,0.8,0.8,900.0,0.003,0.0,10,0.5,0.011050771,0.00912976719419618
13.668000000000001,900.0818314250819,0.10292666214604151,0.0,0.2,0.2,20.249999999999996,0.8,0.8,900.0,0.003,0.0,10,0.5,0.011265672,0.009129787800894507
13.671000000000001,900.081831610855,0.10331689571125797,0.0,0.2,0.2,20.249999999999996,0.8,0.8,900.0,0.003,0.0,10,0.5,0.012929649,0.009129808503289847
13.674,900.0818317974957,0.10370758683167432,0.0,0.2,0.2,20.249999999999996,0.8,0.8,900.0,0.003,0.0,10,0.5,0.01073175,0.009129829289238386
13.677,900.0818319849009,0.10409865720761381,0.0,0.2,0.2,20.249999999999996,0.8,0.8,900.0,0.003,0.0,10,0.5,0.01074774,0.009129850152030917
13.68,900.0818321730692,0.10449002664024125,0.0,0.2,0.2,20.249999999999996,0.8,0.8,900.0,0.003,0.0,10,0.5,0.0130915,0.009129871117236
13.683,900.0818323624324,0.10488160453232041,0.0,0.2,0.2,20.249999999999996,0.8,0.8,900.0,0.003,0.0,10,0.5,0.011310782,0.009129892295821333
13.686,900.0818325537948,0.10527327646896485,0.0,0.2,0.2,20.249999999999996,0.8,0.8,900.0,0.003,0.0,10,0.5,0.010971601,0.009129913770804897
13.689,900.0818327478386,0.1056649209124143,0.0,0.2,0.2,20.249999999999996,0.8,0.8,900.0,0.003,0.0,10,0.5,0.01293942,0.009129935596161914
13.692,900.0818329450319,0.10605641401105934,0.0,0.2,0.2,20.249999999999996,0.8,0.8,900.0,0.003,0.0,10,0.5,0.011433853,0.009129957808624092
13.695,900.081833145711,0.1064476306885846,0.0,0.2,0.2,20.249999999999996,0.8,0.8,900.0,0.003,0.0,10,0.5,0.01090181,0.009129980437991883
13.698,900.0818333501494,0.10683844462136313,0.0,0.2,0.2,20.249999999999996,0.8,0.8,900.0,0.003,0.0,10,0.5,0.012193676,0.00913000350820438
13.701,900.081833558559,0.10722872823168994,0.0,0.2,0.2,20.249999999999996,0.8,0.8,900.0,0.003,0.0,10,0.5,0.011244912,0.009130027033230495
13.704,900.0818337710639,0.1076183527124201,0.0,0.2,0.2,20.249999999999996,0.8,0.8,900.0,0.003,0.0,10,0.5,0.011735654,0.009130051012446272
13.707,900.0818339876561,0.10800718808796082,0.0,0.2,0.2,20.249999999999996,0.8,0.8,900.0,0.003,0.0,10,0.5,0.012397838,0.009130075428293536
13.71,900.08183420819,0.10839510334691332,0.0,0.2,0.2,20.249999999999996,0.8,0.8,900.0,0.003,0.0,10,0.5,0.011125861,0.009130100252131132
13.713000000000001,900.0818344324178,0.10878196459796474,0.0,0.2,0.2,20.249999999999996,0.8,0.8,900.0,0.003,0.0,10,0.5,0.011207442,0.0091301254477233
13.716000000000001,900.0818346599932,0.10916763515920021,0.0,0.2,0.2,20.249999999999996,0.8,0.8,900.0,0.003,0.0,10,0.5,0.012813259,0.009130150968147906
13.719,900.0818348904967,0.10955197751161957,0.0,0.2,0.2,20.249999999999996,0.8,0.8,900.0,0.003,0.0,10,0.5,0.010962451,0.009130176761257127
13.722,900.0818351234655,0.10993485337944445,0.0,0.2,0.2,20.249999999999996,0.8,0.8,900.0,0.003,0.0,10,0.5,0.011111561,0.009130202774159572
13.725,900.0818353584197,0.11031612358618842,0.0,0.2,0.2,20.249999999999996,0.8,0.8,900.0,0.003,0.0,10,0.5,0.013518033,0.009130228956167974
13.728,900.0818355949119,0.11069564821024312,0.0,0.2,0.2,20.249999999999996,0.8,0.8,900.0,0.003,0.0,10,0.5,0.01096585,0.009130255260455796
13.731,900.0818358325208,0.11107328680412726,0.0,0.2,0.2,20.249999999999996,0.8,0.8,900.0,0.003,0.0,10,0.5,0.011097411,0.009130281648794873
13.734,900.0818360709188,0.11144889743941984,0.0,0.2,0.2,20.249999999999996,0.8,0.8,900.0,0.003,0.0,10,0.5,0.012871429,0.0091303080901994
13.737,900.0818363098009,0.11182233718825343,0.0,0.2,0.2,20.249999999999996,0.8,0.8,900.0,0.003,0.0,10,0.5,0.010965351,0.009130334558330892
13.74,900.0818365489437,0.11219346285939386,0.0,0.2,0.2,20.249999999999996,0.8,0.8,900.0,0.003,0.0,10,0.5,0.011137571,0.009130361033363378
13.743,900.0818367881603,0.11256213109379772,0.0,0.2,0.2,20.249999999999996,0.8,0.8,900.0,0.003,0.0,10,0.5,0.012419408,0.009130387503391213
13.746,900.0818370273546,0.11292819838532836,0.0,0.2,0.2,20.249999999999996,0.8,0.8,900.0,0.003,0.0,10,0.5,0.011120211,0.009130413965786146
13.749,900.0818372664924,0.11329152095979818,0.0,0.2,0.2,20.249999999999996,0.8,0.8,900.0,0.003,0.0,10,0.5,0.011066271,0.00913044042473184
13.752,900.0818375056126,0.11365195523863794,0.0,0.2,0.2,20.249999999999996,0.8,0.8,900.0,0.003,0.0,10,0.5,0.01283719,0.00913046688959777
13.755,900.0818377447979,0.11400935789725018,0.0,0.2,0.2,20.249999999999996,0.8,0.8,900.0,0.003,0.0,10,0.5,0.011466352,0.009130493373131534
13.758000000000001,900.0818379841659,0.11436358595641218,0.0,0.2,0.2,20.249999999999996,0.8,0.8,900.0,0.003,0.0,10,0.5,0.011288642,0.009130519889750274
13.761000000000001,900.0818382238238,0.1147144969412453,0.0,0.2,0.2,20.249999999999996,0.8,0.8,900.0,0.003,0.0,10,0.5,0.012469477,0.009130546450292563
13.764000000000001,900.081838463871,0.11506195053469515,0.0,0.2,0.2,20.249999999999996,0.8,0.8,900.0,0.003,0.0,10,0.5,0.011171431,0.009130573062372117
13.767,900.0818387043967,0.1154058078939629,0.0,0.2,0.2,20.249999999999996,0.8,0.8,900.0,0.003,0.0,10,0.5,0.011392763,0.009130599735270549
13.77,900.0818389454763,0.11574593029264041,0.0,0.2,0.2,20.249999999999996,0.8,0.8,900.0,0.003,0.0,10,0.5,0.012803299,0.009130626474113696
13.773,900.0818391871511,0.11608217999023074,0.0,0.2,0.2,20.249999999999996,0.8,0.8,900.0,0.003,0.0,10,0.5,0.010821269,0.00913065327820694
13.776,900.0818394294135,0.1164144204616341,0.0,0.2,0.2,20.249999999999996,0.8,0.8,900.0,0.003,0.0,10,0.5,0.011124622,0.009130680141078863
13.779,900.0818396723914,0.11674251587060126,0.0,0.2,0.2,20.249999999999996,0.8,0.8,900.0,0.003,0.0,10,0.5,0.012706398,0.009130707079802486
13.782,900.0818399162046,0.1170663113259252,0.0,0.2,0.2,20.249999999999996,0.8,0.8,900.0,0.003,0.0,10,0.5,0.011094361,0.009130734095238735
13.785,900.0818401606938,0.11738564349477473,0.0,0.2,0.2,20.249999999999996,0.8,0.8,900.0,0.003,0.0,10,0.5,0.011228362,0.009130761162861056
13.788,900.081840405646,0.11770035062098619,0.0,0.2,0.2,20.249999999999996,0.8,0.8,900.0,0.003,0.0,10,0.5,0.012773069,0.009130788256796456
13.791,900.0818406508056,0.11801027256544196,0.0,0.2,0.2,20.249999999999996,0.8,0.8,900.0,0.003,0.0,10,0.5,0.010994801,0.009130815334290648
13.794,900.08184089578,0.11831525429144349,0.0,0.2,0.2,20.249999999999996,0.8,0.8,900.0,0.003,0.0,10,0.5,0.011256312,0.009130842342362678
13.797,900.0818411401293,0.11861514479528278,0.0,0.2,0.2,20.249999999999996,0.8,0.8,900.0,0.003,0.0,10,0.5,0.013214651,0.009130869233282027
13.8,900.0818413834266,0.11890979531475022,0.0,0.2,0.2,20.249999999999996,0.8,0.8,900.0,0.003,0.0,10,0.5,0.011696104,0.00913089596456764
13.803,900.0818416252926,0.11919905948804425,0.0,0.2,0.2,20.249999999999996,0.8,0.8,900.0,0.003,0.0,10,0.5,0.011844035,0.0091309224974881
13.806000000000001,900.0818418653762,0.11948279353429009,0.0,0.2,0.2,20.249999999999996,0.8,0.8,900.0,0.003,0.0,10,0.5,0.014851819,0.00913094879547791
13.809000000000001,900.0818421033446,0.11976085642566081,0.0,0.2,0.2,20.249999999999996,0.8,0.8,900.0,0.003,0.0,10,0.5,0.012948819,0.009130974824098808
13.812000000000001,900.0818423388902,0.12003311005634489,0.0,0.2,0.2,20.249999999999996,0.8,0.8,900.0,0.003,0.0,10,0.5,0.011859464,0.00913100055219507
13.815,900.0818425717315,0.12029941940873229,0.0,0.2,0.2,20.249999999999996,0.8,0.8,900.0,0.003,0.0,10,0.5,0.013230452,0.009131025953378192
13.818,900.0818428016347,0.12055965271658757,0.0,0.2,0.2,20.249999999999996,0.8,0.8,900.0,0.003,0.0,10,0.5,0.011436762,0.009131051007056488
13.821,900.0818430284122,0.12081368163299083,0.0,0.2,0.2,20.249999999999996,0.8,0.8,900.0,0.003,0.0,10,0.5,0.012187936,0.009131075698939896
13.824,900.0818432519335,0.12106138128138276,0.0,0.2,0.2,20.249999999999996,0.8,0.8,900.0,0.003,0.0,10,0.5,0.013777833,0.009131100020480159
13.827,900.0818434721227,0.12130263050554267,0.0,0.2,0.2,20.249999999999996,0.8,0.8,900.0,0.003,0.0,10,0.5,0.011817624,0.009131123968255094
13.83,900.0818436889464,0.12153731209296166,0.0,0.2,0.2,20.249999999999996,0.8,0.8,900.0,0.003,0.0,10,0.5,0.01071266,0.009131147543016716
13.833,900.0818439024106,0.12176531294247336,0.0,0.2,0.2,20.249999999999996,0.8,0.8,900.0,0.003,0.0,10,0.5,0.01296778,0.009131170748448603
13.836,900.0818441125439,0.12198652422537301,0.0,0.2,0.2,20.249999999999996,0.8,0.8,900.0,0.003,0.0,10,0.5,0.011798514,0.009131193589872133
13.839,900.0818443193932,0.12220084153368906,0.0,0.2,0.2,20.249999999999996,0.8,0.8,900.0,0.003,0.0,10,0.5,0.011408122,0.00913121607343656
13.842,900.0818445230157,0.12240816491702404,0.0,0.2,0.2,20.249999999999996,0.8,0.8,900.0,0.003,0.0,10,0.5,0.012582848,0.009131238204177987
13.845,900.0818447234496,0.12260839917171523,0.0,0.2,0.2,20.249999999999996,0.8,0.8,900.0,0.003,0.0,10,0.5,0.011262512,0.009131259985213955
13.848,900.0818449207254,0.12280145401999261,0.0,0.2,0.2,20.249999999999996,0.8,0.8,900.0,0.003,0.0,10,0.5,0.011364532,0.009131281418653742
13.851,900.0818451148726,0.12298724378570777,0.0,0.2,0.2,20.249999999999996,0.8,0.8,900.0,0.003,0.0,10,0.5,0.012739828,0.009131302505547214
13.854000000000001,900.0818453058857,0.12316568745277605,0.0,0.2,0.2,20.249999999999996,0.8,0.8,900.0,0.003,0.0,10,0.5,0.011127412,0.009131323243410148
13.857000000000001,900.0818454937419,0.1233367091480731,0.0,0.2,0.2,20.249999999999996,0.8,0.8,900.0,0.003,0.0,10,0.5,0.011605213,0.009131343624688319
13.86,900.0818456783694,0.12350023849880024,0.0,0.2,0.2,20.249999999999996,0.8,0.8,900.0,0.003,0.0,10,0.5,0.012951619,0.009131363637219671
13.863,900.0818458596619,0.12365621079183302,0.0,0.2,0.2,20.249999999999996,0.8,0.8,900.0,0.003,0.0,10,0.5,0.01096285,0.009131383265069008
13.866,900.0818460374726,0.12380456712119076,0.0,0.2,0.2,20.249999999999996,0.8,0.8,900.0,0.003,0.0,10,0.5,0.011327492,0.009131402489497472
13.869,900.0818462116365,0.12394525449957476,0.0,0.2,0.2,20.249999999999996,0.8,0.8,900.0,0.003,0.0,10,0.5,0.013025701,0.00913142128993506
13.872,900.0818463819664,0.12407822585676298,0.0,0.2,0.2,20.249999999999996,0.8,0.8,900.0,0.003,0.0,10,0.5,0.011178651,0.009131439646085567
13.875,900.0818465483104,0.12420343945032462,0.0,0.2,0.2,20.249999999999996,0.8,0.8,900.0,0.003,0.0,10,0.5,0.011037021,0.009131457543796646
13.878,900.0818467105327,0.1243208573041323,0.0,0.2,0.2,20.249999999999996,0.8,0.8,900.0,0.003,0.0,10,0.5,0.013234061,0.009131474972987406
13.881,900.0818468685426,0.12443044476071607,0.0,0.2,0.2,20.249999999999996,0.8,0.8,900.0,0.003,0.0,10,0.5,0.011965905,0.00913149192448974
13.884,900.0818470222341,0.12453217181315412,0.0,0.2,0.2,20.249999999999996,0.8,0.8,900.0,0.003,0.0,10,0.5,0.011039091,0.009131508385598704
13.887,900.0818471715094,0.12462601467496796,0.0,0.2,0.2,20.249999999999996,0.8,0.8,900.0,0.003,0.0,10,0.5,0.01303227,0.009131524346437677
13.89,900.0818473162774,0.12471195411781258,0.0,0.2,0.2,20.249999999999996,0.8,0.8,900.0,0.003,0.0,10,0.5,0.011107421,0.009131539796096776
13.893,900.0818474564248,0.12478997632619046,0.0,0.2,0.2,20.249999999999996,0.8,0.8,900.0,0.003,0.0,10,0.5,0.01104484,0.009131554720355553
13.896,900.0818475918182,0.12486007409236728,0.0,0.2,0.2,20.249999999999996,0.8,0.8,900.0,0.003,0.0,10,0.5,0.012522008,0.009131569105382263
13.899000000000001,900.0818477223397,0.12492224688440118,0.0,0.2,0.2,20.249999999999996,0.8,0.8,900.0,0.003,0.0,10,0.5,0.011197991,0.009131582938693102
13.902000000000001,900.0818478478726,0.12497650090041144,0.0,0.2,0.2,20.249999999999996,0.8,0.8,900.0,0.003,0.0,10,0.5,0.011466543,0.009131596209343415
13.905000000000001,900.0818479683221,0.12502284912725506,0.0,0.2,0.2,20.249999999999996,0.8,0.8,900.0,0.003,0.0,10,0.5,0.013242731,0.009131608907722844
13.908,900.0818480836003,0.1250613113739629,0.0,0.2,0.2,20.249999999999996,0.8,0.8,900.0,0.003,0.0,10,0.5,0.011035151,0.009131621026152796
13.911,900.0818481936506,0.12509191402643172,0.0,0.2,0.2,20.249999999999996,0.8,0.8,900.0,0.003,0.0,10,0.5,0.011105681,0.00913163256291797
13.914,900.0818482984525,0.1251146886970865,0.0,0.2,0.2,20.249999999999996,0.8,0.8,900.0,0.003,0.0,10,0.5,0.01315287,0.009131643518939381
13.917,900.0818483980064,0.1251296731879489,0.0,0.2,0.2,20.249999999999996,0.8,0.8,900.0,0.003,0.0,10,0.5,0.011029181,0.00913165389452773
13.92,900.0818484923059,0.12513691226310736,0.0,0.2,0.2,20.249999999999996,0.8,0.8,900.0,0.003,0.0,10,0.5,0.011355462,0.009131663688750144
13.923,900.0818485813516,0.12513645783516958,0.0,0.2,0.2,20.249999999999996,0.8,0.8,900.0,0.003,0.0,10,0.5,0.013202331,0.009131672901087304
13.926,900.081848665151,0.12512836868488558,0.0,0.2,0.2,20.249999999999996,0.8,0.8,900.0,0.003,0.0,10,0.5,0.011113612,0.009131681536400824
13.929,900.081848743753,0.1251127080644987,0.0,0.2,0.2,20.249999999999996,0.8,0.8,900.0,0.003,0.0,10,0.5,0.011077701,0.009131689598965263
13.932,900.0818488171699,0.12508954477729184,0.0,0.2,0.2,20.249999999999996,0.8,0.8,900.0,0.003,0.0,10,0.5,0.01297591,0.009131697090146858
13.935,900.081848885469,0.12505895397441,0.0,0.2,0.2,20.249999999999996,0.8,0.8,900.0,0.003,0.0,10,0.5,0.011463693,0.009131704027747161
13.938,900.0818489487935,0.12502101129486795,0.0,0.2,0.2,20.249999999999996,0.8,0.8,900.0,0.003,0.0,10,0.5,0.010997431,0.00913171042827044
13.941,900.0818490072659,0.12497579620890925,0.0,0.2,0.2,20.249999999999996,0.8,0.8,900.0,0.003,0.0,10,0.5,0.01290728,0.009131716298258239
13.944,900.081849060928,0.12492339408633724,0.0,0.2,0.2,20.249999999999996,0.8,0.8,900.0,0.003,0.0,10,0.5,0.011135351,0.009131721633400732
13.947000000000001,900.0818491097436,0.12486389696092977,0.0,0.2,0.2,20.249999999999996,0.8,0.8,900.0,0.003,0.0,10,0.5,0.011172862,0.009131726421795158
13.950000000000001,900.0818491536039,0.12479740348699624,0.0,0.2,0.2,20.249999999999996,0.8,0.8,900.0,0.003,0.0,10,0.5,0.012576788,0.009131730646637089
13.953,900.0818491923678,0.12472401868019353,0.0,0.2,0.2,20.249999999999996,0.8,0.8,900.0,0.003,0.0,10,0.5,0.011169981,0.009131734288259254
13.956,900.0818492258514,0.12464385357023067,0.0,0.2,0.2,20.249999999999996,0.8,0.8,900.0,0.003,0.0,10,0.5,0.011469182,0.00913173732397904
13.959,900.0818492539016,0.12455702524660389,0.0,0.2,0.2,20.249999999999996,0.8,0.8,900.0,0.003,0.0,10,0.5,0.012899809,0.009131739741542834
13.962,900.0818492763912,0.12446365311180753,0.0,0.2,0.2,20.249999999999996,0.8,0.8,900.0,0.003,0.0,10,0.5,0.012068015,0.009131741525123619
13.965,900.0818492931544,0.1243638605564347,0.0,0.2,0.2,20.249999999999996,0.8,0.8,900.0,0.003,0.0,10,0.5,0.011267921,0.009131742651350536
13.968,900.0818493038819,0.12425777742457983,0.0,0.2,0.2,20.249999999999996,0.8,0.8,900.0,0.003,0.0,10,0.5,0.013000881,0.009131743083646638
13.971,900.0818493083304,0.12414554560802331,0.0,0.2,0.2,20.249999999999996,0.8,0.8,900.0,0.003,0.0,10,0.5,0.011175161,0.009131742800345056
13.974,900.081849306323,0.12402731291557793,0.0,0.2,0.2,20.249999999999996,0.8,0.8,900.0,0.003,0.0,10,0.5,0.011427332,0.009131741791169084
13.977,900.0818492977737,0.12390323209849109,0.0,0.2,0.2,20.249999999999996,0.8,0.8,900.0,0.003,0.0,10,0.5,0.01286051,0.009131740058901645
13.98,900.0818492827257,0.12377346012081766,0.0,0.2,0.2,20.249999999999996,0.8,0.8,900.0,0.003,0.0,10,0.5,0.011355882,0.009131737624085971
13.983,900.0818492613408,0.12363815736891147,0.0,0.2,0.2,20.249999999999996,0.8,0.8,900.0,0.003,0.0,10,0.5,0.011127382,0.00913173451733477
13.986,900.0818492338988,0.12349748876454485,0.0,0.2,0.2,20.249999999999996,0.8,0.8,900.0,0.003,0.0,10,0.5,0.012822349,0.009131730778862156
13.989,900.0818492007608,0.12335162331822311,0.0,0.2,0.2,20.249999999999996,0.8,0.8,900.0,0.003,0.0,10,0.5,0.011054351,0.009131726453632348
13.992,900.0818491623263,0.12320073392452909,0.0,0.2,0.2,20.249999999999996,0.8,0.8,900.0,0.003,0.0,10,0.5,0.011155531,0.0091317215881891
13.995000000000001,900.0818491190116,0.12304499715812647,0.0,0.2,0.2,20.249999999999996,0.8,0.8,900.0,0.003,0.0,10,0.5,0.01298554,0.00913171622797458
13.998000000000001,900.0818490712294,0.12288459305899255,0.0,0.2,0.2,20.249999999999996,0.8,0.8,900.0,0.003,0.0,10,0.5,0.011191102,0.009131710415198833
14.001,900.0818490193634,0.12271970483163792,0.0,0.2,0.2,20.249999999999996,0.8,0.8,900.0,0.003,0.0,10,0.5,0.012001395,0.00913170419049482
14.004,900.081848963876,0.12255051721457304,0.0,0.2,0.2,20.249999999999996,0.8,0.8,900.0,0.003,0.0,10,0.5,0.012727788,0.009131697611261341
14.007,900.0818489052059,0.12237720958624229,0.0,0.2,0.2,20.249999999999996,0.8,0.8,900.0,0.003,0.0,10,0.5,0.011021271,0.009131690717348408
14.01,900.081848843675,0.1221999627444558,0.0,0.2,0.2,20.249999999999996,0.8,0.8,900.0,0.003,0.0,10,0.5,0.011240532,0.009131683531777346
14.013,900.0818487794869,0.12201896050550708,0.0,0.2,0.2,20.249999999999996,0.8,0.8,900.0,0.003,0.0,10,0.5,0.01297527,0.009131676067271114
14.016,900.081848712767,0.12183438942195564,0.0,0.2,0.2,20.249999999999996,0.8,0.8,900.0,0.003,0.0,10,0.5,0.011000851,0.009131668331307812
14.019,900.0818486435935,0.12164643766091437,0.0,0.2,0.2,20.249999999999996,0.8,0.8,900.0,0.003,0.0,10,0.5,0.011585264,0.009131660325274326
14.022,900.0818485719628,0.12145529516773149,0.0,0.2,0.2,20.249999999999996,0.8,0.8,900.0,0.003,0.0,10,0.5,0.012791229,0.009131652042519596
14.025,900.0818484978263,0.12126115379557945,0.0,0.2,0.2,20.249999999999996,0.8,0.8,900.0,0.003,0.0,10,0.5,0.011128931,0.009131643469844181
14.028,900.0818484210739,0.1210642067464034,0.0,0.2,0.2,20.249999999999996,0.8,0.8,900.0,0.003,0.0,10,0.5,0.011143471,0.009131634592369903
14.031,900.0818483416061,0.12086464672237879,0.0,0.2,0.2,20.249999999999996,0.8,0.8,900.0,0.003,0.0,10,0.5,0.01306664,0.009131625396344784
14.034,900.0818482592472,0.12066266490050936,0.0,0.2,0.2,20.249999999999996,0.8,0.8,900.0,0.003,0.0,10,0.5,0.011138042,0.009131615852967612
14.037,900.0818481737426,0.12045845373395943,0.0,0.2,0.2,20.249999999999996,0.8,0.8,900.0,0.003,0.0,10,0.5,0.011061811,0.009131605927473366
14.040000000000001,900.0818480847742,0.12025220679288218,0.0,0.2,0.2,20.249999999999996,0.8,0.8,900.0,0.003,0.0,10,0.5,0.013464472,0.009131595583270863
14.043000000000001,900.0818479920268,0.12004411853287401,0.0,0.2,0.2,20.249999999999996,0.8,0.8,900.0,0.003,0.0,10,0.5,0.011464203,0.009131584785726513
14.046000000000001,900.0818478951816,0.11983438396238842,0.0,0.2,0.2,20.249999999999996,0.8,0.8,900.0,0.003,0.0,10,0.5,0.010926021,0.009131573505016113
14.049,900.0818477939811,0.1196231983561232,0.0,0.2,0.2,20.249999999999996,0.8,0.8,900.0,0.003,0.0,10,0.5,0.012560598,0.009131561718019706
14.052,900.0818476882172,0.1194107569915013,0.0,0.2,0.2,20.249999999999996,0.8,0.8,900.0,0.003,0.0,10,0.5,0.011220532,0.009131549410151391
14.055,900.0818475777963,0.11919725462648176,0.0,0.2,0.2,20.249999999999996,0.8,0.8,900.0,0.003,0.0,10,0.5,0.011408122,0.0091315365892396
14.058,900.0818474628684,0.11898288021434845,0.0,0.2,0.2,20.249999999999996,0.8,0.8,900.0,0.003,0.0,10,0.5,0.012612328,0.009131523293592745
14.061,900.0818473436628,0.1187678141146855,0.0,0.2,0.2,20.249999999999996,0.8,0.8,900.0,0.003,0.0,10,0.5,0.011324332,0.009131509551003815
14.064,900.0818472204255,0.11855223561822398,0.0,0.2,0.2,20.249999999999996,0.8,0.8,900.0,0.003,0.0,10,0.5,0.011326671,0.009131495390367419
14.067,900.0818470934186,0.11833632298949036,0.0,0.2,0.2,20.249999999999996,0.8,0.8,900.0,0.003,0.0,10,0.5,0.012650178,0.009131480842507965
14.07,900.0818469629148,0.11812025323307332,0.0,0.2,0.2,20.249999999999996,0.8,0.8,900.0,0.003,0.0,10,0.5,0.010923951,0.009131465939722132
14.073,900.0818468292096,0.11790420186511859,0.0,0.2,0.2,20.249999999999996,0.8,0.8,900.0,0.003,0.0,10,0.5,0.011339252,0.009131450715268306
14.076,900.081846692603,0.11768834267554297,0.0,0.2,0.2,20.249999999999996,0.8,0.8,900.0,0.003,0.0,10,0.5,0.013474893,0.009131435202893024
14.079,900.0818465533939,0.11747284742613476,0.0,0.2,0.2,20.249999999999996,0.8,0.8,900.0,0.003,0.0,10,0.5,0.011093701,0.009131419435682527
14.082,900.0818464118838,0.11725788566336041,0.0,0.2,0.2,20.249999999999996,0.8,0.8,900.0,0.003,0.0,10,0.5,0.01086891,0.009131403445301936
14.085,900.0818462683573,0.11704362451629043,0.0,0.2,0.2,20.249999999999996,0.8,0.8,900.0,0.003,0.0,10,0.5,0.01305532,0.009131387261775597
14.088000000000001,900.0818461230834,0.11683022849815887,0.0,0.2,0.2,20.249999999999996,0.8,0.8,900.0,0.003,0.0,10,0.5,0.011104181,0.009131370913667478
14.091000000000001,900.081845976322,0.11661785930445602,0.0,0.2,0.2,20.249999999999996,0.8,0.8,900.0,0.003,0.0,10,0.5,0.011014801,0.009131354428427975
14.094,900.0818458283151,0.11640667561406937,0.0,0.2,0.2,20.249999999999996,0.8,0.8,900.0,0.003,0.0,10,0.5,0.012878289,0.009131337832773246
14.097,900.0818456793061,0.11619683289596429,0.0,0.2,0.2,20.249999999999996,0.8,0.8,900.0,0.003,0.0,10,0.5,0.011107971,0.009131321150701567
14.1,900.0818455295006,0.11598848387818114,0.0,0.2,0.2,20.249999999999996,0.8,0.8,900.0,0.003,0.0,10,0.5,0.011154271,0.009131304403204768
14.103,900.0818453791031,0.11578177839044056,0.0,0.2,0.2,20.249999999999996,0.8,0.8,900.0,0.003,0.0,10,0.5,0.01308502,0.009131287612196745
14.106,900.081845228361,0.11557686210403602,0.0,0.2,0.2,20.249999999999996,0.8,0.8,900.0,0.003,0.0,10,0.5,0.011496533,0.00913127081814812
14.109,900.0818450776623,0.11537387129388937,0.0,0.2,0.2,20.249999999999996,0.8,0.8,900.0,0.003,0.0,10,0.5,0.011505763,0.009131254074550503
14.112,900.0818449274241,0.11517293269657787,0.0,0.2,0.2,20.249999999999996,0.8,0.8,900.0,0.003,0.0,10,0.5,0.012698419,0.009131237418281306
14.115,900.0818447779583,0.11497416821704352,0.0,0.2,0.2,20.249999999999996,0.8,0.8,900.0,0.003,0.0,10,0.5,0.010930661,0.009131220874106068
14.118,900.0818446294934,0.11477769551663086,0.0,0.2,0.2,20.249999999999996,0.8,0.8,900.0,0.003,0.0,10,0.5,0.011097031,0.009131204462889175
14.121,900.0818444822178,0.1145836277012953,0.0,0.2,0.2,20.249999999999996,0.8,0.8,900.0,0.003,0.0,10,0.5,0.013184011,0.009131188204299328
14.124,900.0818443363112,0.11439207342364874,0.0,0.2,0.2,20.249999999999996,0.8,0.8,900.0,0.003,0.0,10,0.5,0.010982491,0.009131172117990766
14.127,900.0818441919525,0.11420313680720126,0.0,0.2,0.2,20.249999999999996,0.8,0.8,900.0,0.003,0.0,10,0.5,0.011090711,0.009131156224713732
14.13,900.0818440493414,0.1140169166431852,0.0,0.2,0.2,20.249999999999996,0.8,0.8,900.0,0.003,0.0,10,0.5,0.01303758,0.009131140547175627
14.133000000000001,900.0818439086644,0.11383350591666178,0.0,0.2,0.2,20.249999999999996,0.8,0.8,900.0,0.003,0.0,10,0.5,0.011029881,0.009131125105733457
14.136000000000001,900.0818437701129,0.11365299285552934,0.0,0.2,0.2,20.249999999999996,0.8,0.8,900.0,0.003,0.0,10,0.5,0.011250812,0.00913110992034335
14.139000000000001,900.0818436338766,0.11347546036204713,0.0,0.2,0.2,20.249999999999996,0.8,0.8,900.0,0.003,0.0,10,0.5,0.01311064,0.009131095012013632
14.142,900.0818435001288,0.11330098544905745,0.0,0.2,0.2,20.249999999999996,0.8,0.8,900.0,0.003,0.0,10,0.5,0.011132831,0.009131080398848794
14.145,900.0818433690337,0.11312964022608438,0.0,0.2,0.2,20.249999999999996,0.8,0.8,900.0,0.003,0.0,10,0.5,0.011029611,0.009131066098561251
14.148,900.0818432407486,0.11296149191776268,0.0,0.2,0.2,20.249999999999996,0.8,0.8,900.0,0.003,0.0,10,0.5,0.012735749,0.009131052128989542
14.151,900.0818431154389,0.11279660283196936,0.0,0.2,0.2,20.249999999999996,0.8,0.8,900.0,0.003,0.0,10,0.5,0.011656474,0.009131038507924419
14.154,900.0818429932616,0.11263503030015774,0.0,0.2,0.2,20.249999999999996,0.8,0.8,900.0,0.003,0.0,10,0.5,0.011070351,0.009131025252269984
14.157,900.0818428743712,0.11247682669965477,0.0,0.2,0.2,20.249999999999996,0.8,0.8,900.0,0.003,0.0,10,0.5,0.014541537,0.009131012378152656
14.16,900.0818427589408,0.11232203916692567,0.0,0.2,0.2,20.249999999999996,0.8,0.8,900.0,0.003,0.0,10,0.5,0.011079551,0.009130999910347135
14.163,900.0818426471782,0.11217070683349187,0.0,0.2,0.2,20.249999999999996,0.8,0.8,900.0,0.003,0.0,10,0.5,0.01093826,0.00913098787411256
14.166,900.0818425393002,0.11202286246565543,0.0,0.2,0.2,20.249999999999996,0.8,0.8,900.0,0.003,0.0,10,0.5,0.012666408,0.009130976288639977
14.169,900.0818424354712,0.1118785339224331,0.0,0.2,0.2,20.249999999999996,0.8,0.8,900.0,0.003,0.0,10,0.5,0.011130291,0.009130965167238733
14.172,900.0818423358122,0.11173774434885636,0.0,0.2,0.2,20.249999999999996,0.8,0.8,900.0,0.003,0.0,10,0.5,0.011238872,0.009130954518049813
14.175,900.0818422403889,0.11160051233010079,0.0,0.2,0.2,20.249999999999996,0.8,0.8,900.0,0.003,0.0,10,0.5,0.013454482,0.009130944345634693
14.178,900.0818421492523,0.11146685182637185,0.0,0.2,0.2,20.249999999999996,0.8,0.8,900.0,0.003,0.0,10,0.5,0.010747109,0.009130934650927267
14.181000000000001,900.0818420624094,0.11133677222046798,0.0,0.2,0.2,20.249999999999996,0.8,0.8,900.0,0.003,0.0,10,0.5,0.011216871,0.00913092543107063
14.184000000000001,900.0818419798336,0.11121027832099446,0.0,0.2,0.2,20.249999999999996,0.8,0.8,900.0,0.003,0.0,10,0.5,0.01301965,0.00913091667999864
14.187000000000001,900.0818419014859,0.1110873700036415,0.0,0.2,0.2,20.249999999999996,0.8,0.8,900.0,0.003,0.0,10,0.5,0.011386072,0.00913090839132345
14.19,900.0818418272905,0.1109680413352283,0.0,0.2,0.2,20.249999999999996,0.8,0.8,900.0,0.003,0.0,10,0.5,0.010972781,0.009130900553175947
14.193,900.0818417571451,0.11085228211867164,0.0,0.2,0.2,20.249999999999996,0.8,0.8,900.0,0.003,0.0,10,0.5,0.01311516,0.009130893149184407
14.196,900.0818416909008,0.11074007801502059,0.0,0.2,0.2,20.249999999999996,0.8,0.8,900.0,0.003,0.0,10,0.5,0.011499623,0.009130886160145284
14.199,900.0818416283842,0.11063141038889794,0.0,0.2,0.2,20.249999999999996,0.8,0.8,900.0,0.003,0.0,10,0.5,0.011093011,0.00913087956352684
14.202,900.0818415693858,0.11052625682576378,0.0,0.2,0.2,20.249999999999996,0.8,0.8,900.0,0.003,0.0,10,0.5,0.01299865,0.009130873335763
14.205,900.0818415137055,0.11042459125328881,0.0,0.2,0.2,20.249999999999996,0.8,0.8,900.0,0.003,0.0,10,0.5,0.010908771,0.009130867453263181
14.208,900.0818414611232,0.11032638400013281,0.0,0.2,0.2,20.249999999999996,0.8,0.8,900.0,0.003,0.0,10,0.5,0.011185302,0.0091308618919949
14.211,900.0818414114282,0.11023160202868218,0.0,0.2,0.2,20.249999999999996,0.8,0.8,900.0,0.003,0.0,10,0.5,0.012486227,0.009130856628397202
14.214,900.0818413644013,0.11014020892949852,0.0,0.2,0.2,20.249999999999996,0.8,0.8,900.0,0.003,0.0,10,0.5,0.011363563,0.00913085163947635
14.217,900.0818413198385,0.11005216522832564,0.0,0.2,0.2,20.249999999999996,0.8,0.8,900.0,0.003,0.0,10,0.5,0.011647993,0.009130846903406957
14.22,900.0818412775421,0.10996742860481838,0.0,0.2,0.2,20.249999999999996,0.8,0.8,900.0,0.003,0.0,10,0.5,0.01292728,0.009130842400220045
14.223,900.0818412373341,0.10988595405621333,0.0,0.2,0.2,20.249999999999996,0.8,0.8,900.0,0.003,0.0,10,0.5,0.01107782,0.009130838111780538
14.226,900.0818411990481,0.10980769419638763,0.0,0.2,0.2,20.249999999999996,0.8,0.8,900.0,0.003,0.0,10,0.5,0.011224262,0.009130834021666541
14.229000000000001,900.0818411625394,0.10973259932136184,0.0,0.2,0.2,20.249999999999996,0.8,0.8,900.0,0.003,0.0,10,0.5,0.01300209,0.009130830114995077
14.232000000000001,900.0818411276719,0.10966061754364509,0.0,0.2,0.2,20.249999999999996,0.8,0.8,900.0,0.003,0.0,10,0.5,0.011091281,0.009130826378203684
14.235,900.0818410943181,0.10959169501215558,0.0,0.2,0.2,20.249999999999996,0.8,0.8,900.0,0.003,0.0,10,0.5,0.011251242,0.009130822798901476
14.238,900.0818410623814,0.10952577612818377,0.0,0.2,0.2,20.249999999999996,0.8,0.8,900.0,0.003,0.0,10,0.5,0.012755589,0.009130819370048657
14.241,900.0818410318997,0.10946280181539983,0.0,0.2,0.2,20.249999999999996,0.8,0.8,900.0,0.003,0.0,10,0.5,0.011399163,0.009130816112291336
14.244,900.0818410029758,0.10940270147989528,0.0,0.2,0.2,20.249999999999996,0.8,0.8,900.0,0.003,0.0,10,0.5,0.010599639,0.00913081303881934
14.247,900.0818409756945,0.1093454018171526,0.0,0.2,0.2,20.249999999999996,0.8,0.8,900.0,0.003,0.0,10,0.5,0.01297116,0.009130810161246101
14.25,900.0818409501757,0.1092908281300692,0.0,0.2,0.2,20.249999999999996,0.8,0.8,900.0,0.003,0.0,10,0.5,0.011110991,0.00913080749750909
14.253,900.0818409266127,0.10923890363198575,0.0,0.2,0.2,20.249999999999996,0.8,0.8,900.0,0.003,0.0,10,0.5,0.010992911,0.009130805078732682
14.256,900.0818409052988,0.10918954620414457,0.0,0.2,0.2,20.249999999999996,0.8,0.8,900.0,0.003,0.0,10,0.5,0.01298599,0.009130802947602936
14.259,900.0818408865762,0.10914266834993044,0.0,0.2,0.2,20.249999999999996,0.8,0.8,900.0,0.003,0.0,10,0.5,0.011111731,0.009130801136437019
14.262,900.0818408707071,0.10909818167077633,0.0,0.2,0.2,20.249999999999996,0.8,0.8,900.0,0.003,0.0,10,0.5,0.011215311,0.009130799664512825
14.265,900.0818408579505,0.10905599659417049,0.0,0.2,0.2,20.249999999999996,0.8,0.8,900.0,0.003,0.0,10,0.5,0.01290705,0.009130798553830354
14.268,900.081840848437,0.10901601678292006,0.0,0.2,0.2,20.249999999999996,0.8,0.8,900.0,0.003,0.0,10,0.5,0.011098341,0.00913079780026346
14.271,900.0818408421108,0.1089781448080286,0.0,0.2,0.2,20.249999999999996,0.8,0.8,900.0,0.003,0.0,10,0.5,0.011167492,0.009130797381352806
14.274000000000001,900.0818408387893,0.10894228284825498,0.0,0.2,0.2,20.249999999999996,0.8,0.8,900.0,0.003,0.0,10,0.5,0.012968879,0.009130797265779356
14.277000000000001,900.0818408381716,0.1089083320063451,0.0,0.2,0.2,20.249999999999996,0.8,0.8,900.0,0.003,0.0,10,0.5,0.011069191,0.009130797408497749
14.280000000000001,900.0818408398545,0.10887619389145273,0.0,0.2,0.2,20.249999999999996,0.8,0.8,900.0,0.003,0.0,10,0.5,0.011469233,0.009130797755426327
14.283,900.081840843346,0.10884577076158981,0.0,0.2,0.2,20.249999999999996,0.8,0.8,900.0,0.003,0.0,10,0.5,0.012910409,0.00913079824579262
14.286,900.0818408481101,0.10881696587298859,0.0,0.2,0.2,20.249999999999996,0.8,0.8,900.0,0.003,0.0,10,0.5,0.01089512,0.009130798815430078
14.289,900.0818408535633,0.10878968369187603,0.0,0.2,0.2,20.249999999999996,0.8,0.8,900.0,0.003,0.0,10,0.5,0.011199002,0.009130799399861032
14.292,900.0818408591298,0.10876383009695453,0.0,0.2,0.2,20.249999999999996,0.8,0.8,900.0,0.003,0.0,10,0.5,0.01298099,0.009130799937217146
14.295,900.0818408642559,0.10873931256136252,0.0,0.2,0.2,20.249999999999996,0.8,0.8,900.0,0.003,0.0,10,0.5,0.010971461,0.00913080037077833
14.298,900.0818408684286,0.108716040332478,0.0,0.2,0.2,20.249999999999996,0.8,0.8,900.0,0.003,0.0,10,0.5,0.011061371,0.009130800651240875
14.301,900.0818408712128,0.10869392460986907,0.0,0.2,0.2,20.249999999999996,0.8,0.8,900.0,0.003,0.0,10,0.5,0.012797769,0.009130800738719632
14.304,900.0818408722461,0.1086728787179157,0.0,0.2,0.2,20.249999999999996,0.8,0.8,900.0,0.003,0.0,10,0.5,0.011387353,0.009130800604353942
14.307,900.0818408712648,0.1086528182742569,0.0,0.2,0.2,20.249999999999996,0.8,0.8,900.0,0.003,0.0,10,0.5,0.01088916,0.009130800231321887
14.31,900.0818408681273,0.10863366135724555,0.0,0.2,0.2,20.249999999999996,0.8,0.8,900.0,0.003,0.0,10,0.5,0.01293431,0.009130799615175699
14.313,900.0818408627845,0.10861532865937647,0.0,0.2,0.2,20.249999999999996,0.8,0.8,900.0,0.003,0.0,10,0.5,0.011612423,0.009130798763488874
14.316,900.0818408553167,0.10859774362805888,0.0,0.2,0.2,20.249999999999996,0.8,0.8,900.0,0.003,0.0,10,0.5,0.011153921,0.009130797696083973
14.319,900.0818408459139,0.10858083198178745,0.0,0.2,0.2,20.249999999999996,0.8,0.8,900.0,0.003,0.0,10,0.5,0.012673978,0.009130796449048979
14.322000000000001,900.0818408348912,0.1085645199573405,0.0,0.2,0.2,20.249999999999996,0.8,0.8,900.0,0.003,0.0,10,0.5,0.011266402,0.009130795064161402
14.325000000000001,900.0818408226088,0.108548736237279,0.0,0.2,0.2,20.249999999999996,0.8,0.8,900.0,0.003,0.0,10,0.5,0.011140952,0.009130793584106388
14.328000000000001,900.0818408094455,0.10853341285537066,0.0,0.2,0.2,20.249999999999996,0.8,0.8,900.0,0.003,0.0,10,0.5,0.012877319,0.009130792051749768
14.331,900.081840795792,0.10851848525393921,0.0,0.2,0.2,20.249999999999996,0.8,0.8,900.0,0.003,0.0,10,0.5,0.011235882,0.00913079050800493
14.334,900.0818407820097,0.10850389246398397,0.0,0.2,0.2,20.249999999999996,0.8,0.8,900.0,0.003,0.0,10,0.5,0.011476533,0.009130788990846211
14.337,900.0818407684371,0.10848957716856972,0.0,0.2,0.2,20.249999999999996,0.8,0.8,900.0,0.003,0.0,10,0.5,0.012809899,0.009130787532567889
14.34,900.0818407554077,0.10847548597800524,0.0,0.2,0.2,20.249999999999996,0.8,0.8,900.0,0.003,0.0,10,0.5,0.01083598,0.009130786175254074
14.343,900.081840743355,0.10846156468639168,0.0,0.2,0.2,20.249999999999996,0.8,0.8,900.0,0.003,0.0,10,0.5,0.011321892,0.00913078496701633
14.346,900.0818407326058,0.10844775792878165,0.0,0.2,0.2,20.249999999999996,0.8,0.8,900.0,0.003,0.0,10,0.5,0.012828558,0.00913078393307538
14.349,900.0818407233905,0.10843401438228077,0.0,0.2,0.2,20.249999999999996,0.8,0.8,900.0,0.003,0.0,10,0.5,0.011098541,0.009130783088837467
14.352,900.0818407158486,0.10842028700376259,0.0,0.2,0.2,20.249999999999996,0.8,0.8,900.0,0.003,0.0,10,0.5,0.011189872,0.009130782442846676
14.355,900.0818407100587,0.10840653311766774,0.0,0.2,0.2,20.249999999999996,0.8,0.8,900.0,0.003,0.0,10,0.5,0.013298081,0.009130781997838655
14.358,900.0818407060414,0.1083927145665633,0.0,0.2,0.2,20.249999999999996,0.8,0.8,900.0,0.003,0.0,10,0.5,0.011385572,0.009130781748940445
14.361,900.0818407037527,0.10837879819325255,0.0,0.2,0.2,20.249999999999996,0.8,0.8,900.0,0.003,0.0,10,0.5,0.011125411,0.00913078168561199
14.364,900.0818407031026,0.10836475548741746,0.0,0.2,0.2,20.249999999999996,0.8,0.8,900.0,0.003,0.0,10,0.5,0.012629168,0.00913078179218106
14.367,900.0818407039613,0.1083505625644419,0.0,0.2,0.2,20.249999999999996,0.8,0.8,900.0,0.003,0.0,10,0.5,0.011069171,0.009130782051986648
14.370000000000001,900.081840706197,0.10833619916146044,0.0,0.2,0.2,20.249999999999996,0.8,0.8,900.0,0.003,0.0,10,0.5,0.011148211,0.009130782452401695
14.373000000000001,900.0818407096755,0.10832164751424429,0.0,0.2,0.2,20.249999999999996,0.8,0.8,900.0,0.003,0.0,10,0.5,0.012836209,0.009130782973394452
14.376,900.0818407142059,0.10830689447454514,0.0,0.2,0.2,20.249999999999996,0.8,0.8,900.0,0.003,0.0,10,0.5,0.011125441,0.009130783593190306
14.379,900.0818407196001,0.10829193166330019,0.0,0.2,0.2,20.249999999999996,0.8,0.8,900.0,0.003,0.0,10,0.5,0.011310042,0.009130784291150587
14.382,900.0818407256734,0.10827675544296826,0.0,0.2,0.2,20.249999999999996,0.8,0.8,900.0,0.003,0.0,10,0.5,0.012725689,0.009130785049337444
14.385,900.0818407322676,0.10826136696403879,0.0,0.2,0.2,20.249999999999996,0.8,0.8,900.0,0.003,0.0,10,0.5,0.011441103,0.009130785853324228
14.388,900.0818407392468,0.10824577217117455,0.0,0.2,0.2,20.249999999999996,0.8,0.8,900.0,0.003,0.0,10,0.5,0.011283452,0.009130786692559392
14.391,900.0818407465209,0.1082299817899788,0.0,0.2,0.2,20.249999999999996,0.8,0.8,900.0,0.003,0.0,10,0.5,0.013280362,0.009130787560275829
14.394,900.0818407540353,0.10821401131088645,0.0,0.2,0.2,20.249999999999996,0.8,0.8,900.0,0.003,0.0,10,0.5,0.010662679,0.009130788454707313
14.397,900.0818407617915,0.10819788054302329,0.0,0.2,0.2,20.249999999999996,0.8,0.8,900.0,0.003,0.0,10,0.5,0.011402943,0.009130789387244409
14.4,900.0818407698812,0.1081816115395999,0.0,0.2,0.2,20.249999999999996,0.8,0.8,900.0,0.003,0.0,10,0.5,0.013296161,0.00913079037095957
14.403,900.081840778411,0.10816523047040832,0.0,0.2,0.2,20.249999999999996,0.8,0.8,900.0,0.003,0.0,10,0.5,0.011154332,0.009130791417712305
14.406,900.0818407874826,0.10814876803379667,0.0,0.2,0.2,20.249999999999996,0.8,0.8,900.0,0.003,0.0,10,0.5,0.011164502,0.009130792538407886
14.409,900.0818407971988,0.10813225940569966,0.0,0.2,0.2,20.249999999999996,0.8,0.8,900.0,0.003,0.0,10,0.5,0.01302217,0.009130793742714303
14.412,900.0818408076459,0.10811574420712888,0.0,0.2,0.2,20.249999999999996,0.8,0.8,900.0,0.003,0.0,10,0.5,0.011495743,0.009130795038532532
14.415000000000001,900.0818408188906,0.1080992664279807,0.0,0.2,0.2,20.249999999999996,0.8,0.8,900.0,0.003,0.0,10,0.5,0.010627189,0.009130796430976569
14.418000000000001,900.0818408309832,0.10808287438505283,0.0,0.2,0.2,20.249999999999996,0.8,0.8,900.0,0.003,0.0,10,0.5,0.012626718,0.009130797921582098
14.421000000000001,900.0818408439404,0.10806662064085777,0.0,0.2,0.2,20.249999999999996,0.8,0.8,900.0,0.003,0.0,10,0.5,0.011338802,0.009130799510431692
14.424,900.0818408578052,0.10805056051477498,0.0,0.2,0.2,20.249999999999996,0.8,0.8,900.0,0.003,0.0,10,0.5,0.011206171,0.009130801200870214
14.427,900.0818408725843,0.10803474956801914,0.0,0.2,0.2,20.249999999999996,0.8,0.8,900.0,0.003,0.0,10,0.5,0.012889679,0.009130802990808486
14.43,900.0818408882436,0.1080192448005086,0.0,0.2,0.2,20.249999999999996,0.8,0.8,900.0,0.003,0.0,10,0.5,0.011256162,0.009130804867024682
14.433,900.081840904659,0.10800410604427015,0.0,0.2,0.2,20.249999999999996,0.8,0.8,900.0,0.003,0.0,10,0.5,0.011501803,0.009130806805791154
14.436,900.0818409216137,0.10798939657143042,0.0,0.2,0.2,20.249999999999996,0.8,0.8,900.0,0.003,0.0,10,0.5,0.012475578,0.009130808776692513
14.439,900.0818409388355,0.10797518331342688,0.0,0.2,0.2,20.249999999999996,0.8,0.8,900.0,0.003,0.0,10,0.5,0.011248692,0.009130810746080385
14.442,900.0818409560263,0.10796153667526559,0.0,0.2,0.2,20.249999999999996,0.8,0.8,900.0,0.003,0.0,10,0.5,0.011698534,0.009130812678327655
14.445,900.0818409728648,0.1079485304495305,0.0,0.2,0.2,20.249999999999996,0.8,0.8,900.0,0.003,0.0,10,0.5,0.013432352,0.009130814536460115
14.448,900.0818409890213,0.10793624177150485,0.0,0.2,0.2,20.249999999999996,0.8,0.8,900.0,0.003,0.0,10,0.5,0.01085206,0.009130816285331782
14.451,900.081841004248,0.10792475047720025,0.0,0.2,0.2,20.249999999999996,0.8,0.8,900.0,0.003,0.0,10,0.5,0.011216131,0.00913081791665878
14.454,900.0818410184859,0.10791413184864748,0.0,0.2,0.2,20.249999999999996,0.8,0.8,900.0,0.003,0.0,10,0.5,0.013023291,0.009130819446054783
14.457,900.0818410319674,0.10790445580756657,0.0,0.2,0.2,20.249999999999996,0.8,0.8,900.0,0.003,0.0,10,0.5,0.010994811,0.009130820927886552
14.46,900.0818410450496,0.10789578075372588,0.0,0.2,0.2,20.249999999999996,0.8,0.8,900.0,0.003,0.0,10,0.5,0.011284322,0.009130822398824874
14.463000000000001,900.0818410580248,0.10788816454641345,0.0,0.2,0.2,20.249999999999996,0.8,0.8,900.0,0.003,0.0,10,0.5,0.012715019,0.009130823887343075
14.466000000000001,900.0818410711446,0.10788166715898022,0.0,0.2,0.2,20.249999999999996,0.8,0.8,900.0,0.003,0.0,10,0.5,0.011371302,0.00913082542314065
14.469,900.0818410846887,0.10787635004871968,0.0,0.2,0.2,20.249999999999996,0.8,0.8,900.0,0.003,0.0,10,0.5,0.011282772,0.009130827036259026
14.472,900.0818410989153,0.10787227605277344,0.0,0.2,0.2,20.249999999999996,0.8,0.8,900.0,0.003,0.0,10,0.5,0.012808229,0.009130828750341847
14.475,900.0818411140368,0.10786951004618982,0.0,0.2,0.2,20.249999999999996,0.8,0.8,900.0,0.003,0.0,10,0.5,0.011241502,0.009130830579851344
14.478,900.0818411301758,0.10786811886293506,0.0,0.2,0.2,20.249999999999996,0.8,0.8,900.0,0.003,0.0,10,0.5,0.011350783,0.009130832528029303
14.481,900.0818411473659,0.10786817125175514,0.0,0.2,0.2,20.249999999999996,0.8,0.8,900.0,0.003,0.0,10,0.5,0.012930059,0.009130834587242958
14.484,900.0818411655371,0.10786973773114096,0.0,0.2,0.2,20.249999999999996,0.8,0.8,900.0,0.003,0.0,10,0.5,0.011318443,0.009130836741803771
14.487,900.0818411846462,0.1078728896759978,0.0,0.2,0.2,20.249999999999996,0.8,0.8,900.0,0.003,0.0,10,0.5,0.011383573,0.009130838987900921
14.49,900.0818412046001,0.1078776906336269,0.0,0.2,0.2,20.249999999999996,0.8,0.8,900.0,0.003,0.0,10,0.5,0.012559617,0.009130841300913444
14.493,900.0818412251333,0.10788420292961984,0.0,0.2,0.2,20.249999999999996,0.8,0.8,900.0,0.003,0.0,10,0.5,0.011109001,0.009130843642301774
14.496,900.081841245922,0.10789249028078315,0.0,0.2,0.2,20.249999999999996,0.8,0.8,900.0,0.003,0.0,10,0.5,0.011317652,0.009130845979137554
14.499,900.0818412667181,0.10790261653653806,0.0,0.2,0.2,20.249999999999996,0.8,0.8,900.0,0.003,0.0,10,0.5,0.012885909,0.009130848300265277
14.502,900.081841287473,0.10791463908911134,0.0,0.2,0.2,20.249999999999996,0.8,0.8,900.0,0.003,0.0,10,0.5,0.010958371,0.009130850631120077
14.505,900.081841308519,0.1079286039454945,0.0,0.2,0.2,20.249999999999996,0.8,0.8,900.0,0.003,0.0,10,0.5,0.011666574,0.009130853049208545
14.508000000000001,900.0818413303458,0.10794454251669257,0.0,0.2,0.2,20.249999999999996,0.8,0.8,900.0,0.003,0.0,10,0.5,0.012671328,0.009130855593868899
14.511000000000001,900.0818413532912,0.10796248644955138,0.0,0.2,0.2,20.249999999999996,0.8,0.8,900.0,0.003,0.0,10,0.5,0.011092791,0.009130858277107952
14.514000000000001,900.081841377476,0.10798246776900428,0.0,0.2,0.2,20.249999999999996,0.8,0.8,900.0,0.003,0.0,10,0.5,0.011197312,0.009130861096620006
14.517,900.0818414028772,0.10800451771580996,0.0,0.2,0.2,20.249999999999996,0.8,0.8,900.0,0.003,0.0,10,0.5,0.013435362,0.00913086403842403
14.52,900.0818414293647,0.10802866735548788,0.0,0.2,0.2,20.249999999999996,0.8,0.8,900.0,0.003,0.0,10,0.5,0.011628043,0.009130867078929992
14.523,900.0818414567304,0.10805494778354163,0.0,0.2,0.2,20.249999999999996,0.8,0.8,900.0,0.003,0.0,10,0.5,0.010990751,0.009130870185772473
14.526,900.0818414846834,0.10808339019319997,0.0,0.2,0.2,20.249999999999996,0.8,0.8,900.0,0.003,0.0,10,0.5,0.012905529,0.009130873320048557
14.529,900.0818415128716,0.10811402553946389,0.0,0.2,0.2,20.249999999999996,0.8,0.8,900.0,0.003,0.0,10,0.5,0.011922575,0.009130876437900387
14.532,900.0818415409077,0.10814688447568742,0.0,0.2,0.2,20.249999999999996,0.8,0.8,900.0,0.003,0.0,10,0.5,0.011661224,0.009130879492475007
14.535,900.0818415683666,0.10818199745790205,0.0,0.2,0.2,20.249999999999996,0.8,0.8,900.0,0.003,0.0,10,0.5,0.012648789,0.009130882437729759
14.538,900.0818415948403,0.10821939465428528,0.0,0.2,0.2,20.249999999999996,0.8,0.8,900.0,0.003,0.0,10,0.5,0.011099251,0.009130885231273464
14.541,900.0818416199407,0.10825910585503007,0.0,0.2,0.2,20.249999999999996,0.8,0.8,900.0,0.003,0.0,10,0.5,0.011136162,0.009130887836509989
14.544,900.0818416433508,0.10830116037925638,0.0,0.2,0.2,20.249999999999996,0.8,0.8,900.0,0.003,0.0,10,0.5,0.012943759,0.009130890224353745
14.547,900.0818416648108,0.10834558693668096,0.0,0.2,0.2,20.249999999999996,0.8,0.8,900.0,0.003,0.0,10,0.5,0.011328482,0.009130892374990327
14.55,900.0818416841399,0.10839241338686573,0.0,0.2,0.2,20.249999999999996,0.8,0.8,900.0,0.003,0.0,10,0.5,0.011425363,0.009130894277856731
14.553,900.081841701251,0.10844166674888663,0.0,0.2,0.2,20.249999999999996,0.8,0.8,900.0,0.003,0.0,10,0.5,0.013003269,0.009130895933955113
14.556000000000001,900.0818417161454,0.1084933727575576,0.0,0.2,0.2,20.249999999999996,0.8,0.8,900.0,0.003,0.0,10,0.5,0.01084835,0.009130897352721065
14.559000000000001,900.081841728906,0.10854755635420786,0.0,0.2,0.2,20.249999999999996,0.8,0.8,900.0,0.003,0.0,10,0.5,0.011319972,0.009130898551560056
14.562000000000001,900.0818417396902,0.10860424169200876,0.0,0.2,0.2,20.249999999999996,0.8,0.8,900.0,0.003,0.0,10,0.5,0.013374662,0.009130899555761381
14.565,900.0818417487255,0.1086634519758822,0.0,0.2,0.2,20.249999999999996,0.8,0.8,900.0,0.003,0.0,10,0.5,0.011286642,0.009130900397356902
14.568,900.0818417563008,0.10872520938148732,0.0,0.2,0.2,20.249999999999996,0.8,0.8,900.0,0.003,0.0,10,0.5,0.010891671,0.009130901113071533
14.571,900.0818417627454,0.10878953498627532,0.0,0.2,0.2,20.249999999999996,0.8,0.8,900.0,0.003,0.0,10,0.5,0.012876089,0.009130901743153428
14.574,900.0818417684208,0.10885644858510689,0.0,0.2,0.2,20.249999999999996,0.8,0.8,900.0,0.003,0.0,10,0.5,0.011224992,0.009130902327665965
14.577,900.0818417736856,0.1089259688326257,0.0,0.2,0.2,20.249999999999996,0.8,0.8,900.0,0.003,0.0,10,0.5,0.010920761,0.009130902904994359
14.58,900.0818417788797,0.10899811302862299,0.0,0.2,0.2,20.249999999999996,0.8,0.8,900.0,0.003,0.0,10,0.5,0.01293223,0.009130903509117851
14.583,900.0818417843101,0.10907289714923563,0.0,0.2,0.2,20.249999999999996,0.8,0.8,900.0,0.003,0.0,10,0.5,0.012397337,0.009130904169794998
14.586,900.0818417902416,0.1091503358370676,0.0,0.2,0.2,20.249999999999996,0.8,0.8,900.0,0.003,0.0,10,0.5,0.011365853,0.009130904910834984
14.589,900.0818417968875,0.10923044249803229,0.0,0.2,0.2,20.249999999999996,0.8,0.8,900.0,0.003,0.0,10,0.5,0.012610448,0.009130905749442078
14.592,900.081841804403,0.10931322928395892,0.0,0.2,0.2,20.249999999999996,0.8,0.8,900.0,0.003,0.0,10,0.5,0.011308372,0.009130906695853164
14.595,900.0818418128783,0.10939870707876088,0.0,0.2,0.2,20.249999999999996,0.8,0.8,900.0,0.003,0.0,10,0.5,0.011495343,0.009130907753316833
14.598,900.0818418223419,0.10948688548622429,0.0,0.2,0.2,20.249999999999996,0.8,0.8,900.0,0.003,0.0,10,0.5,0.012886299,0.00913090891836215
14.601,900.0818418327697,0.10957777282386891,0.0,0.2,0.2,20.249999999999996,0.8,0.8,900.0,0.003,0.0,10,0.5,0.0107681,0.009130910181183578
14.604000000000001,900.0818418440657,0.1096713761641755,0.0,0.2,0.2,20.249999999999996,0.8,0.8,900.0,0.003,0.0,10,0.5,0.011218922,0.009130911526455482
14.607000000000001,900.081841856095,0.10976770133626423,0.0,0.2,0.2,20.249999999999996,0.8,0.8,900.0,0.003,0.0,10,0.5,0.013520413,0.009130912934584443
14.61,900.0818418686807,0.10986675290072162,0.0,0.2,0.2,20.249999999999996,0.8,0.8,900.0,0.003,0.0,10,0.5,0.011403102,0.009130914383293318
14.613,900.0818418816318,0.10996853406367263,0.0,0.2,0.2,20.249999999999996,0.8,0.8,900.0,0.003,0.0,10,0.5,0.01082246,0.009130915849967858
14.616,900.0818418947382,0.1100730464546996,0.0,0.2,0.2,20.249999999999996,0.8,0.8,900.0,0.003,0.0,10,0.5,0.013428542,0.009130917312566914
14.619,900.0818419078408,0.11018029016476681,0.0,0.2,0.2,20.249999999999996,0.8,0.8,900.0,0.003,0.0,10,0.5,0.011375393,0.009130918761983964
14.622,900.0818419208578,0.11029025955169285,0.0,0.2,0.2,20.249999999999996,0.8,0.8,900.0,0.003,0.0,10,0.5,0.011104582,0.00913092019524623
14.625,900.0818419337248,0.11040294535521729,0.0,0.2,0.2,20.249999999999996,0.8,0.8,900.0,0.003,0.0,10,0.5,0.013311501,0.009130921610483352
14.628,900.081841946433,0.11051833694949564,0.0,0.2,0.2,20.249999999999996,0.8,0.8,900.0,0.003,0.0,10,0.5,0.010962951,0.009130923010259757
14.631,900.0818419590154,0.11063642191697651,0.0,0.2,0.2,20.249999999999996,0.8,0.8,900.0,0.003,0.0,10,0.5,0.011321053,0.0091309244032067
14.634,900.0818419715374,0.11075718510938481,0.0,0.2,0.2,20.249999999999996,0.8,0.8,900.0,0.003,0.0,10,0.5,0.012437087,0.009130925797273325
14.637,900.0818419840681,0.11088061007367855,0.0,0.2,0.2,20.249999999999996,0.8,0.8,900.0,0.003,0.0,10,0.5,0.011144292,0.009130927202433393
14.64,900.081841996702,0.11100667919345682,0.0,0.2,0.2,20.249999999999996,0.8,0.8,900.0,0.003,0.0,10,0.5,0.011319052,0.009130928634345743
14.643,900.081842009643,0.11113537215452993,0.0,0.2,0.2,20.249999999999996,0.8,0.8,900.0,0.003,0.0,10,0.5,0.01280098,0.009130930127345057
14.646,900.0818420231469,0.1112666614762247,0.0,0.2,0.2,20.249999999999996,0.8,0.8,900.0,0.003,0.0,10,0.5,0.011018591,0.009130931704851434
14.649000000000001,900.081842037409,0.11140051747257289,0.0,0.2,0.2,20.249999999999996,0.8,0.8,900.0,0.003,0.0,10,0.5,0.011216012,0.009130933381899485
14.652000000000001,900.0818420525601,0.11153690848958361,0.0,0.2,0.2,20.249999999999996,0.8,0.8,900.0,0.003,0.0,10,0.5,0.012638668,0.009130935164916537
14.655000000000001,900.0818420686511,0.11167580174148081,0.0,0.2,0.2,20.249999999999996,0.8,0.8,900.0,0.003,0.0,10,0.5,0.01092097,0.009130937053007876
14.658,900.0818420856785,0.11181716369306442,0.0,0.2,0.2,20.249999999999996,0.8,0.8,900.0,0.003,0.0,10,0.5,0.011410363,0.009130939041203738
14.661,900.0818421036008,0.11196095967419177,0.0,0.2,0.2,20.249999999999996,0.8,0.8,900.0,0.003,0.0,10,0.5,0.01294269,0.009130941119788365
14.664,900.081842122327,0.11210715391153196,0.0,0.2,0.2,20.249999999999996,0.8,0.8,900.0,0.003,0.0,10,0.5,0.011119061,0.009130943273965452
14.667,900.0818421417252,0.11225570960269415,0.0,0.2,0.2,20.249999999999996,0.8,0.8,900.0,0.003,0.0,10,0.5,0.01100252,0.009130945484019767
14.67,900.0818421616444,0.11240658900951798,0.0,0.2,0.2,20.249999999999996,0.8,0.8,900.0,0.003,0.0,10,0.5,0.012910879,0.009130947733868142
14.673,900.0818421819943,0.11255975098415938,0.0,0.2,0.2,20.249999999999996,0.8,0.8,900.0,0.003,0.0,10,0.5,0.011541693,0.009130950017956505
14.676,900.0818422026465,0.11271514791116129,0.0,0.2,0.2,20.249999999999996,0.8,0.8,900.0,0.003,0.0,10,0.5,0.011072561,0.009130952309499582
14.679,900.0818422233549,0.11287273109195953,0.0,0.2,0.2,20.249999999999996,0.8,0.8,900.0,0.003,0.0,10,0.5,0.01287237,0.009130954579402951
14.682,900.0818422438657,0.11303245120917302,0.0,0.2,0.2,20.249999999999996,0.8,0.8,900.0,0.003,0.0,10,0.5,0.011594953,0.009130956804211726
14.685,900.0818422639682,0.11319425830713922,0.0,0.2,0.2,20.249999999999996,0.8,0.8,900.0,0.003,0.0,10,0.5,0.011036971,0.009130958966068714
14.688,900.0818422835042,0.11335810200521006,0.0,0.2,0.2,20.249999999999996,0.8,0.8,900.0,0.003,0.0,10,0.5,0.012760339,0.009130961051438716
14.691,900.0818423023453,0.1135239315398732,0.0,0.2,0.2,20.249999999999996,0.8,0.8,900.0,0.003,0.0,10,0.5,0.011112331,0.009130963049312555
14.694,900.0818423204017,0.11369169587937027,0.0,0.2,0.2,20.249999999999996,0.8,0.8,900.0,0.003,0.0,10,0.5,0.011006551,0.009130964950252674
14.697000000000001,900.0818423375756,0.11386134381200679,0.0,0.2,0.2,20.249999999999996,0.8,0.8,900.0,0.003,0.0,10,0.5,0.01285633,0.009130966746389597
14.700000000000001,900.0818423538047,0.11403282402555992,0.0,0.2,0.2,20.249999999999996,0.8,0.8,900.0,0.003,0.0,10,0.5,0.011213452,0.009130968431858814
14.703000000000001,900.0818423690306,0.11420608519235308,0.0,0.2,0.2,20.249999999999996,0.8,0.8,900.0,0.003,0.0,10,0.5,0.011316062,0.009130970003304066
14.706,900.0818423832293,0.11438107604587089,0.0,0.2,0.2,20.249999999999996,0.8,0.8,900.0,0.003,0.0,10,0.5,0.01283662,0.009130971460084514
14.709,900.0818423963889,0.1145577454553219,0.0,0.2,0.2,20.249999999999996,0.8,0.8,900.0,0.003,0.0,10,0.5,0.01094094,0.00913097280413609
14.712,900.0818424085597,0.1147360425098332,0.0,0.2,0.2,20.249999999999996,0.8,0.8,900.0,0.003,0.0,10,0.5,0.011190362,0.00913097405002093
14.715,900.0818424199405,0.11491591235908646,0.0,0.2,0.2,20.249999999999996,0.8,0.8,900.0,0.003,0.0,10,0.5,0.013123701,0.009130975225891229
14.718,900.0818424306746,0.1150972943043754,0.0,0.2,0.2,20.249999999999996,0.8,0.8,900.0,0.003,0.0,10,0.5,0.011094321,0.009130976342979031
14.721,900.0818424408692,0.11528012805586613,0.0,0.2,0.2,20.249999999999996,0.8,0.8,900.0,0.003,0.0,10,0.5,0.011451133,0.009130977412090052
14.724,900.0818424506215,0.11546435391167158,0.0,0.2,0.2,20.249999999999996,0.8,0.8,900.0,0.003,0.0,10,0.5,0.012726419,0.009130978445640238
14.727,900.0818424600488,0.11564991288953623,0.0,0.2,0.2,20.249999999999996,0.8,0.8,900.0,0.003,0.0,10,0.5,0.011202141,0.009130979456645677
14.73,900.0818424692645,0.11583674671547778,0.0,0.2,0.2,20.249999999999996,0.8,0.8,900.0,0.003,0.0,10,0.5,0.01088175,0.00913098045664585
14.733,900.0818424783747,0.11602479775855254,0.0,0.2,0.2,20.249999999999996,0.8,0.8,900.0,0.003,0.0,10,0.5,0.01293869,0.009130981454225891
14.736,900.0818424874512,0.11621400893091857,0.0,0.2,0.2,20.249999999999996,0.8,0.8,900.0,0.003,0.0,10,0.5,0.011288692,0.009130982453578854
14.739,900.0818424965352,0.11640432405458491,0.0,0.2,0.2,20.249999999999996,0.8,0.8,900.0,0.003,0.0,10,0.5,0.01084773,0.009130983454603664
14.742,900.0818425056166,0.11659568799966374,0.0,0.2,0.2,20.249999999999996,0.8,0.8,900.0,0.003,0.0,10,0.5,0.013099371,0.009130984453156491
14.745000000000001,900.0818425146672,0.1167880468106637,0.0,0.2,0.2,20.249999999999996,0.8,0.8,900.0,0.003,0.0,10,0.5,0.011506853,0.009130985441564734
14.748000000000001,900.0818425236151,0.11698134773057957,0.0,0.2,0.2,20.249999999999996,0.8,0.8,900.0,0.003,0.0,10,0.5,0.011151561,0.009130986411133047
14.751,900.0818425324017,0.11717553844082433,0.0,0.2,0.2,20.249999999999996,0.8,0.8,900.0,0.003,0.0,10,0.5,0.012711739,0.009130987356446425
14.754,900.08184254096,0.1173705663777522,0.0,0.2,0.2,20.249999999999996,0.8,0.8,900.0,0.003,0.0,10,0.5,0.011108711,0.009130988271154534
14.757,900.0818425492331,0.11756638029398438,0.0,0.2,0.2,20.249999999999996,0.8,0.8,900.0,0.003,0.0,10,0.5,0.011298022,0.009130989148471257
14.76,900.0818425571659,0.11776293022072507,0.0,0.2,0.2,20.249999999999996,0.8,0.8,900.0,0.003,0.0,10,0.5,0.012762279,0.009130989981105044
14.763,900.0818425646855,0.11796016740088001,0.0,0.2,0.2,20.249999999999996,0.8,0.8,900.0,0.003,0.0,10,0.5,0.010954261,0.009130990760935315
14.766,900.0818425717224,0.11815804443952357,0.0,0.2,0.2,20.249999999999996,0.8,0.8,900.0,0.003,0.0,10,0.5,0.011431553,0.00913099147941002
14.769,900.0818425782059,0.11835651535260856,0.0,0.2,0.2,20.249999999999996,0.8,0.8,900.0,0.003,0.0,10,0.5,0.012844279,0.0091309921309849
14.772,900.0818425840816,0.11855553485616993,0.0,0.2,0.2,20.249999999999996,0.8,0.8,900.0,0.003,0.0,10,0.5,0.011019411,0.009130992710952236
14.775,900.081842589302,0.11875505921150838,0.0,0.2,0.2,20.249999999999996,0.8,0.8,900.0,0.003,0.0,10,0.5,0.011113921,0.00913099321602032
14.778,900.0818425938396,0.11895504630702841,0.0,0.2,0.2,20.249999999999996,0.8,0.8,900.0,0.003,0.0,10,0.5,0.012915199,0.009130993643756502
14.781,900.081842597671,0.11915545577387414,0.0,0.2,0.2,20.249999999999996,0.8,0.8,900.0,0.003,0.0,10,0.5,0.011224202,0.009130993992079828
14.784,900.0818426007796,0.11935624907731514,0.0,0.2,0.2,20.249999999999996,0.8,0.8,900.0,0.003,0.0,10,0.5,0.010791889,0.009130994259325948
14.787,900.081842603153,0.11955738949698164,0.0,0.2,0.2,20.249999999999996,0.8,0.8,900.0,0.003,0.0,10,0.5,0.01308479,0.009130994445497202
14.790000000000001,900.081842604789,0.11975884183059098,0.0,0.2,0.2,20.249999999999996,0.8,0.8,900.0,0.003,0.0,10,0.5,0.011358673,0.00913099455289322
14.793000000000001,900.0818426057782,0.11996057188740114,0.0,0.2,0.2,20.249999999999996,0.8,0.8,900.0,0.003,0.0,10,0.5,0.01101231,0.009130994606432033
14.796000000000001,900.0818426062982,0.12016254118782764,0.0,0.2,0.2,20.249999999999996,0.8,0.8,900.0,0.003,0.0,10,0.5,0.013155671,0.00913099462720769
14.799,900.0818426065057,0.12036471184315926,0.0,0.2,0.2,20.249999999999996,0.8,0.8,900.0,0.003,0.0,10,0.5,0.011157361,0.009130994626776134
14.802,900.081842606513,0.12056704803832016,0.0,0.2,0.2,20.249999999999996,0.8,0.8,900.0,0.003,0.0,10,0.5,0.011575123,0.009130994611960697
14.805,900.0818426064023,0.1207695153067137,0.0,0.2,0.2,20.249999999999996,0.8,0.8,900.0,0.003,0.0,10,0.5,0.012458208,0.009130994588132052
14.808,900.081842606193,0.12097207981961257,0.0,0.2,0.2,20.249999999999996,0.8,0.8,900.0,0.003,0.0,10,0.5,0.011046361,0.00913099455215225
14.811,900.0818426058571,0.12117470993713048,0.0,0.2,0.2,20.249999999999996,0.8,0.8,900.0,0.003,0.0,10,0.5,0.011295062,0.009130994497441822
14.814,900.0818426053436,0.12137737626334962,0.0,0.2,0.2,20.249999999999996,0.8,0.8,900.0,0.003,0.0,10,0.5,0.0128927,0.009130994415762523
14.817,900.0818426045751,0.1215800514343008,0.0,0.2,0.2,20.249999999999996,0.8,0.8,900.0,0.003,0.0,10,0.5,0.01082051,0.009130994297088036
14.82,900.0818426034579,0.12178271016704083,0.0,0.2,0.2,20.249999999999996,0.8,0.8,900.0,0.003,0.0,10,0.5,0.011500633,0.009130994129428202
14.823,900.0818426018891,0.12198532938251863,0.0,0.2,0.2,20.249999999999996,0.8,0.8,900.0,0.003,0.0,10,0.5,0.013509292,0.009130993899266656
14.826,900.0818425997774,0.12218788826648062,0.0,0.2,0.2,20.249999999999996,0.8,0.8,900.0,0.003,0.0,10,0.5,0.011365682,0.009130993604576277
14.829,900.0818425971253,0.12239036402125576,0.0,0.2,0.2,20.249999999999996,0.8,0.8,900.0,0.003,0.0,10,0.5,0.011855324,0.009130993250656297
14.832,900.0818425939186,0.1225927324222407,0.0,0.2,0.2,20.249999999999996,0.8,0.8,900.0,0.003,0.0,10,0.5,0.013199071,0.009130992833797038
14.835,900.0818425901335,0.12279497199698232,0.0,0.2,0.2,20.249999999999996,0.8,0.8,900.0,0.003,0.0,10,0.5,0.011330482,0.00913099235087926
14.838000000000001,900.0818425857407,0.12299706375228638,0.0,0.2,0.2,20.249999999999996,0.8,0.8,900.0,0.003,0.0,10,0.5,0.011089291,0.009130991801606382
14.841000000000001,900.0818425807386,0.12319899092443871,0.0,0.2,0.2,20.249999999999996,0.8,0.8,900.0,0.003,0.0,10,0.5,0.01300639,0.00913099118740424
14.844000000000001,900.081842575148,0.1234007389473089,0.0,0.2,0.2,20.249999999999996,0.8,0.8,900.0,0.003,0.0,10,0.5,0.011183082,0.009130990510032208
14.847,900.0818425689729,0.12360229546852865,0.0,0.2,0.2,20.249999999999996,0.8,0.8,900.0,0.003,0.0,10,0.5,0.011299001,0.009130989771192777
14.85,900.08184256224,0.12380365023428129,0.0,0.2,0.2,20.249999999999996,0.8,0.8,900.0,0.003,0.0,10,0.5,0.012595819,0.009130988972804127
14.853,900.08184255496,0.12400479496599831,0.0,0.2,0.2,20.249999999999996,0.8,0.8,900.0,0.003,0.0,10,0.5,0.01098733,0.009130988115805781
14.856,900.0818425471416,0.12420572355874557,0.0,0.2,0.2,20.249999999999996,0.8,0.8,900.0,0.003,0.0,10,0.5,0.011193601,0.00913098720123604
14.859,900.0818425387951,0.12440643206926233,0.0,0.2,0.2,20.249999999999996,0.8,0.8,900.0,0.003,0.0,10,0.5,0.0130274,0.009130986231111778
14.862,900.081842529939,0.12460691870491215,0.0,0.2,0.2,20.249999999999996,0.8,0.8,900.0,0.003,0.0,10,0.5,0.011276192,0.00913098520889202
14.865,900.081842520613,0.1248071837926491,0.0,0.2,0.2,20.249999999999996,0.8,0.8,900.0,0.003,0.0,10,0.5,0.011686554,0.009130984142691815
14.868,900.0818425108934,0.12500722870254502,0.0,0.2,0.2,20.249999999999996,0.8,0.8,900.0,0.003,0.0,10,0.5,0.013357692,0.00913098304365996
14.871,900.0818425008728,0.12520705602562487,0.0,0.2,0.2,20.249999999999996,0.8,0.8,900.0,0.003,0.0,10,0.5,0.01095534,0.009130981922558373
14.874,900.0818424906414,0.12540667022373525,0.0,0.2,0.2,20.249999999999996,0.8,0.8,900.0,0.003,0.0,10,0.5,0.011113331,0.00913098079056535
14.877,900.0818424803043,0.12560607762892825,0.0,0.2,0.2,20.249999999999996,0.8,0.8,900.0,0.003,0.0,10,0.5,0.013270251,0.009130979658808314
14.88,900.0818424699557,0.12580528644205846,0.0,0.2,0.2,20.249999999999996,0.8,0.8,900.0,0.003,0.0,10,0.5,0.010917571,0.009130978537485984
14.883000000000001,900.0818424596955,0.12600430677362617,0.0,0.2,0.2,20.249999999999996,0.8,0.8,900.0,0.003,0.0,10,0.5,0.01086628,0.009130977435674904
14.886000000000001,900.0818424495941,0.12620315062196774,0.0,0.2,0.2,20.249999999999996,0.8,0.8,900.0,0.003,0.0,10,0.5,0.013299872,0.00913097636101451
14.889000000000001,900.0818424397277,0.1264018318422848,0.0,0.2,0.2,20.249999999999996,0.8,0.8,900.0,0.003,0.0,10,0.5,0.011194102,0.009130975319600687
14.892,900.0818424301483,0.12660036603885605,0.0,0.2,0.2,20.249999999999996,0.8,0.8,900.0,0.003,0.0,10,0.5,0.01091403,0.009130974315652766
14.895,900.0818424208954,0.12679877052579383,0.0,0.2,0.2,20.249999999999996,0.8,0.8,900.0,0.003,0.0,10,0.5,0.012760399,0.009130973351055682
14.898,900.0818424119873,0.12699706432184252,0.0,0.2,0.2,20.249999999999996,0.8,0.8,900.0,0.003,0.0,10,0.5,0.012326287,0.00913097242577344
14.901,900.0818424034231,0.1271952680500449,0.0,0.2,0.2,20.249999999999996,0.8,0.8,900.0,0.003,0.0,10,0.5,0.011552103,0.00913097153994371
14.904,900.0818423952181,0.12739340317573056,0.0,0.2,0.2,20.249999999999996,0.8,0.8,900.0,0.003,0.0,10,0.5,0.012805949,0.009130970695804319
14.907,900.081842387376,0.1275914914882283,0.0,0.2,0.2,20.249999999999996,0.8,0.8,900.0,0.003,0.0,10,0.5,0.011143172,0.009130969891309192
14.91,900.0818423798818,0.127789556359916,0.0,0.2,0.2,20.249999999999996,0.8,0.8,900.0,0.003,0.0,10,0.5,0.011743354,0.009130969121448706
14.913,900.0818423726854,0.12798762260438296,0.0,0.2,0.2,20.249999999999996,0.8,0.8,900.0,0.003,0.0,10,0.5,0.013141221,0.009130968379095616
14.916,900.0818423657428,0.12818571632522377,0.0,0.2,0.2,20.249999999999996,0.8,0.8,900.0,0.003,0.0,10,0.5,0.01082677,0.009130967658914456
14.919,900.0818423589951,0.1283838636629554,0.0,0.2,0.2,20.249999999999996,0.8,0.8,900.0,0.003,0.0,10,0.5,0.011498693,0.009130966954041878
14.922,900.0818423523724,0.12858209168447635,0.0,0.2,0.2,20.249999999999996,0.8,0.8,900.0,0.003,0.0,10,0.5,0.01283692,0.009130966254515097
14.925,900.0818423457927,0.1287804288934561,0.0,0.2,0.2,20.249999999999996,0.8,0.8,900.0,0.003,0.0,10,0.5,0.011311172,0.009130965549999485
14.928,900.0818423391677,0.12897890453856017,0.0,0.2,0.2,20.249999999999996,0.8,0.8,900.0,0.003,0.0,10,0.5,0.011081772,0.009130964830194084
14.931000000000001,900.0818423323925,0.12917754851004315,0.0,0.2,0.2,20.249999999999996,0.8,0.8,900.0,0.003,0.0,10,0.5,0.01296019,0.00913096408082739
14.934000000000001,900.0818423253374,0.1293763921939425,0.0,0.2,0.2,20.249999999999996,0.8,0.8,900.0,0.003,0.0,10,0.5,0.01085891,0.009130963286173807
14.937000000000001,900.0818423178612,0.12957546828033847,0.0,0.2,0.2,20.249999999999996,0.8,0.8,900.0,0.003,0.0,10,0.5,0.011132791,0.009130962429298761
14.94,900.0818423098099,0.12977481081690959,0.0,0.2,0.2,20.249999999999996,0.8,0.8,900.0,0.003,0.0,10,0.5,0.012901369,0.009130961494366175
14.943,900.081842301074,0.12997445503900698,0.0,0.2,0.2,20.249999999999996,0.8,0.8,900.0,0.003,0.0,10,0.5,0.011557704,0.009130960477341726
14.946,900.0818422916248,0.13017443356094577,0.0,0.2,0.2,20.249999999999996,0.8,0.8,900.0,0.003,0.0,10,0.5,0.011175001,0.00913095938475625
14.949,900.0818422814908,0.13037477701511527,0.0,0.2,0.2,20.249999999999996,0.8,0.8,900.0,0.003,0.0,10,0.5,0.012778799,0.009130958220280766
14.952,900.081842270703,0.13057551703758832,0.0,0.2,0.2,20.249999999999996,0.8,0.8,900.0,0.003,0.0,10,0.5,0.01099115,0.00913095698525556
14.955,900.0818422592665,0.13077668616465396,0.0,0.2,0.2,20.249999999999996,0.8,0.8,900.0,0.003,0.0,10,0.5,0.011134271,0.009130955678245168
14.958,900.0818422471785,0.1309783177875216,0.0,0.2,0.2,20.249999999999996,0.8,0.8,900.0,0.003,0.0,10,0.5,0.012504808,0.00913095429555955
14.961,900.0818422343971,0.1311804462033549,0.0,0.2,0.2,20.249999999999996,0.8,0.8,900.0,0.003,0.0,10,0.5,0.011327893,0.009130952832294412
14.964,900.0818422208768,0.13138310659638358,0.0,0.2,0.2,20.249999999999996,0.8,0.8,900.0,0.003,0.0,10,0.5,0.011250452,0.009130951283058202
14.967,900.0818422065757,0.13158633498535763,0.0,0.2,0.2,20.249999999999996,0.8,0.8,900.0,0.003,0.0,10,0.5,0.012899209,0.009130949642260406
14.97,900.0818421914473,0.13179016813524538,0.0,0.2,0.2,20.249999999999996,0.8,0.8,900.0,0.003,0.0,10,0.5,0.011102142,0.009130947904268352
14.973,900.0818421754306,0.13199464344434456,0.0,0.2,0.2,20.249999999999996,0.8,0.8,900.0,0.003,0.0,10,0.5,0.011287172,0.009130946063285452
14.976,900.0818421584797,0.1321997989729871,0.0,0.2,0.2,20.249999999999996,0.8,0.8,900.0,0.003,0.0,10,0.5,0.01299979,0.009130944113591504
14.979000000000001,900.081842140542,0.13240567342273485,0.0,0.2,0.2,20.249999999999996,0.8,0.8,900.0,0.003,0.0,10,0.5,0.01094447,0.009130942049964307
14.982000000000001,900.0818421215704,0.13261230607860042,0.0,0.2,0.2,20.249999999999996,0.8,0.8,900.0,0.003,0.0,10,0.5,0.011256572,0.00913093986806946
14.985,900.0818421015297,0.13281973676306533,0.0,0.2,0.2,20.249999999999996,0.8,0.8,900.0,0.003,0.0,10,0.5,0.01319506,0.009130937565090364
14.988,900.0818420803884,0.13302800572924975,0.0,0.2,0.2,20.249999999999996,0.8,0.8,900.0,0.003,0.0,10,0.5,0.011291882,0.009130935140121933
14.991,900.081842058147,0.1332371536338056,0.0,0.2,0.2,20.249999999999996,0.8,0.8,900.0,0.003,0.0,10,0.5,0.01091403,0.009130932594757953
14.994,900.0818420348239,0.13344722137219853,0.0,0.2,0.2,20.249999999999996,0.8,0.8,900.0,0.003,0.0,10,0.5,0.01302161,0.009130929933999854
14.997,900.0818420104572,0.13365824977527227,0.0,0.2,0.2,20.249999999999996,0.8,0.8,900.0,0.003,0.0,10,0.5,0.011094991,0.009130927164071156
15.0,900.0818419850979,0.1338702799134036,0.0,0.2,0.2,20.249999999999996,0.8,0.8,900.0,0.003,0.0,10,0.5,0.010985351,0.009130924293549168
