time,density,kinetic_energy,fluid_viscosity,boundary_viscosity,fluid_depth,rest_density_grid_spacing,smoothing_length,rest_density,time_step_size,solver_iterations
5.0,900.1111846905698,198.15814781559257,0.2,0.2,20.249999999999996,0.8,0.8,900.0,0.005,20
5.005,900.1118144112835,198.15030388497573,0.2,0.2,20.249999999999996,0.8,0.8,900.0,0.005,20
5.01,900.1122973567423,198.12282437073478,0.2,0.2,20.249999999999996,0.8,0.8,900.0,0.005,20
5.015,900.112443258118,198.1281116316892,0.2,0.2,20.249999999999996,0.8,0.8,900.0,0.005,20
5.0200000000000005,900.1122492428099,198.129911188894,0.2,0.2,20.249999999999996,0.8,0.8,900.0,0.005,20
5.025,900.1118278153283,198.1173667272422,0.2,0.2,20.249999999999996,0.8,0.8,900.0,0.005,20
5.03,900.1112484778552,198.08345634176152,0.2,0.2,20.249999999999996,0.8,0.8,900.0,0.005,20
5.035,900.1109733199606,197.60674829106256,0.2,0.2,20.249999999999996,0.8,0.8,900.0,0.005,20
5.04,900.1106279757031,197.4913503518325,0.2,0.2,20.249999999999996,0.8,0.8,900.0,0.005,20
5.045,900.1101102223031,197.41205621416722,0.2,0.2,20.249999999999996,0.8,0.8,900.0,0.005,20
5.05,900.1095985859623,197.32600679431823,0.2,0.2,20.249999999999996,0.8,0.8,900.0,0.005,20
5.055,900.1093890168138,197.18665591074165,0.2,0.2,20.249999999999996,0.8,0.8,900.0,0.005,20
5.0600000000000005,900.1094837058854,197.0514213979573,0.2,0.2,20.249999999999996,0.8,0.8,900.0,0.005,20
5.065,900.1094791391826,197.03553138202187,0.2,0.2,20.249999999999996,0.8,0.8,900.0,0.005,20
5.07,900.109523332139,197.0753440737996,0.2,0.2,20.249999999999996,0.8,0.8,900.0,0.005,20
5.075,900.1096422024566,197.18610202519926,0.2,0.2,20.249999999999996,0.8,0.8,900.0,0.005,20
5.08,900.1098733061276,197.31393313641675,0.2,0.2,20.249999999999996,0.8,0.8,900.0,0.005,20
5.085,900.1101420081787,197.52941362727472,0.2,0.2,20.249999999999996,0.8,0.8,900.0,0.005,20
5.09,900.1104393925226,197.83161782660585,0.2,0.2,20.249999999999996,0.8,0.8,900.0,0.005,20
5.095,900.1108782553282,198.09920751143824,0.2,0.2,20.249999999999996,0.8,0.8,900.0,0.005,20
5.1000000000000005,900.1113143088301,198.50549528292055,0.2,0.2,20.249999999999996,0.8,0.8,900.0,0.005,20
5.105,900.1117787656522,198.99200349892166,0.2,0.2,20.249999999999996,0.8,0.8,900.0,0.005,20
5.11,900.1122140909308,199.5581049850244,0.2,0.2,20.249999999999996,0.8,0.8,900.0,0.005,20
5.115,900.1126806872029,200.11470659712305,0.2,0.2,20.249999999999996,0.8,0.8,900.0,0.005,20
5.12,900.1130508946012,200.76151125456622,0.2,0.2,20.249999999999996,0.8,0.8,900.0,0.005,20
5.125,900.1133318397016,201.42805610550965,0.2,0.2,20.249999999999996,0.8,0.8,900.0,0.005,20
5.13,900.1134722158212,202.0722790256423,0.2,0.2,20.249999999999996,0.8,0.8,900.0,0.005,20
5.135,900.1134536036387,202.76372506427217,0.2,0.2,20.249999999999996,0.8,0.8,900.0,0.005,20
5.14,900.1133007786442,203.46824494232698,0.2,0.2,20.249999999999996,0.8,0.8,900.0,0.005,20
5.1450000000000005,900.1129276985561,204.15017309697689,0.2,0.2,20.249999999999996,0.8,0.8,900.0,0.005,20
5.15,900.1122863001558,204.78838838491092,0.2,0.2,20.249999999999996,0.8,0.8,900.0,0.005,20
5.155,900.1114345383679,205.3588066294475,0.2,0.2,20.249999999999996,0.8,0.8,900.0,0.005,20
5.16,900.1104792963957,205.8288227434063,0.2,0.2,20.249999999999996,0.8,0.8,900.0,0.005,20
5.165,900.1094556720939,206.167980066264,0.2,0.2,20.249999999999996,0.8,0.8,900.0,0.005,20
5.17,900.1083262709637,206.39398492677472,0.2,0.2,20.249999999999996,0.8,0.8,900.0,0.005,20
5.175,900.1073030174957,206.45281253694068,0.2,0.2,20.249999999999996,0.8,0.8,900.0,0.005,20
5.18,900.1064676913086,206.3844148124624,0.2,0.2,20.249999999999996,0.8,0.8,900.0,0.005,20
5.1850000000000005,900.1059090741238,206.18584708188976,0.2,0.2,20.249999999999996,0.8,0.8,900.0,0.005,20
5.19,900.105721090589,205.90726641629072,0.2,0.2,20.249999999999996,0.8,0.8,900.0,0.005,20
5.195,900.1059732819,205.60613266781888,0.2,0.2,20.249999999999996,0.8,0.8,900.0,0.005,20
5.2,900.106721179487,205.28626119213638,0.2,0.2,20.249999999999996,0.8,0.8,900.0,0.005,20
5.205,900.1077339748955,205.02982918053326,0.2,0.2,20.249999999999996,0.8,0.8,900.0,0.005,20
5.21,900.1088857127625,204.82810798904285,0.2,0.2,20.249999999999996,0.8,0.8,900.0,0.005,20
5.215,900.1100761662302,204.71966329084782,0.2,0.2,20.249999999999996,0.8,0.8,900.0,0.005,20
5.22,900.1110306931115,204.7009386672459,0.2,0.2,20.249999999999996,0.8,0.8,900.0,0.005,20
5.2250000000000005,900.1119551719382,204.57915555407592,0.2,0.2,20.249999999999996,0.8,0.8,900.0,0.005,20
5.23,900.1123677243152,204.6607658832802,0.2,0.2,20.249999999999996,0.8,0.8,900.0,0.005,20
5.235,900.1122839746448,204.78680370387443,0.2,0.2,20.249999999999996,0.8,0.8,900.0,0.005,20
5.24,900.11188373088,204.93731197312363,0.2,0.2,20.249999999999996,0.8,0.8,900.0,0.005,20
5.245,900.1112217558345,205.09519733608985,0.2,0.2,20.249999999999996,0.8,0.8,900.0,0.005,20
5.25,900.1104490682142,205.2082166757858,0.2,0.2,20.249999999999996,0.8,0.8,900.0,0.005,20
5.255,900.1096736959207,205.2915441609754,0.2,0.2,20.249999999999996,0.8,0.8,900.0,0.005,20
5.26,900.109019715776,205.36170338989237,0.2,0.2,20.249999999999996,0.8,0.8,900.0,0.005,20
5.265,900.1085840721153,205.4086568737699,0.2,0.2,20.249999999999996,0.8,0.8,900.0,0.005,20
5.2700000000000005,900.1084140835945,205.43821528895006,0.2,0.2,20.249999999999996,0.8,0.8,900.0,0.005,20
5.275,900.1084993494406,205.461593085422,0.2,0.2,20.249999999999996,0.8,0.8,900.0,0.005,20
5.28,900.1091060036655,205.2152937401834,0.2,0.2,20.249999999999996,0.8,0.8,900.0,0.005,20
5.285,900.1096315004315,205.2551291385193,0.2,0.2,20.249999999999996,0.8,0.8,900.0,0.005,20
5.29,900.1101461108676,205.31906046925764,0.2,0.2,20.249999999999996,0.8,0.8,900.0,0.005,20
5.295,900.1105407212424,205.4126528314296,0.2,0.2,20.249999999999996,0.8,0.8,900.0,0.005,20
5.3,900.110759515203,205.52757071840261,0.2,0.2,20.249999999999996,0.8,0.8,900.0,0.005,20
5.305,900.1107282047568,205.6721645329576,0.2,0.2,20.249999999999996,0.8,0.8,900.0,0.005,20
5.3100000000000005,900.1104197926686,205.84121480651172,0.2,0.2,20.249999999999996,0.8,0.8,900.0,0.005,20
5.315,900.1098641914217,206.0268288309772,0.2,0.2,20.249999999999996,0.8,0.8,900.0,0.005,20
5.32,900.1091457929389,206.16639169825513,0.2,0.2,20.249999999999996,0.8,0.8,900.0,0.005,20
5.325,900.1082507243325,206.3375456913287,0.2,0.2,20.249999999999996,0.8,0.8,900.0,0.005,20
5.33,900.1073487673306,206.45328429132425,0.2,0.2,20.249999999999996,0.8,0.8,900.0,0.005,20
5.335,900.1064151886476,206.5916222394603,0.2,0.2,20.249999999999996,0.8,0.8,900.0,0.005,20
5.34,900.1053003851039,206.7177225794619,0.2,0.2,20.249999999999996,0.8,0.8,900.0,0.005,20
5.345,900.1041449467454,206.807761034656,0.2,0.2,20.249999999999996,0.8,0.8,900.0,0.005,20
5.3500000000000005,900.1029985111277,206.84938049670467,0.2,0.2,20.249999999999996,0.8,0.8,900.0,0.005,20
5.355,900.1019678076154,206.7938028928644,0.2,0.2,20.249999999999996,0.8,0.8,900.0,0.005,20
5.36,900.1012172252417,206.58961434848447,0.2,0.2,20.249999999999996,0.8,0.8,900.0,0.005,20
5.365,900.1004946140702,206.40276085969396,0.2,0.2,20.249999999999996,0.8,0.8,900.0,0.005,20
5.37,900.1000600969256,206.16838583570927,0.2,0.2,20.249999999999996,0.8,0.8,900.0,0.005,20
5.375,900.0999394576702,205.89109427257569,0.2,0.2,20.249999999999996,0.8,0.8,900.0,0.005,20
5.38,900.1000926620064,205.61571237280495,0.2,0.2,20.249999999999996,0.8,0.8,900.0,0.005,20
5.385,900.1007193133061,205.1956120078567,0.2,0.2,20.249999999999996,0.8,0.8,900.0,0.005,20
5.39,900.1017377437814,204.82200762907146,0.2,0.2,20.249999999999996,0.8,0.8,900.0,0.005,20
5.3950000000000005,900.1029907886567,204.52987064066173,0.2,0.2,20.249999999999996,0.8,0.8,900.0,0.005,20
5.4,900.1042937413271,204.3086759325932,0.2,0.2,20.249999999999996,0.8,0.8,900.0,0.005,20
5.405,900.1056292332684,204.12111365494908,0.2,0.2,20.249999999999996,0.8,0.8,900.0,0.005,20
5.41,900.1069082728413,204.03153468749383,0.2,0.2,20.249999999999996,0.8,0.8,900.0,0.005,20
5.415,900.1078695958156,204.00359273606819,0.2,0.2,20.249999999999996,0.8,0.8,900.0,0.005,20
5.42,900.1089244389638,203.79353458438996,0.2,0.2,20.249999999999996,0.8,0.8,900.0,0.005,20
5.425,900.1096779032499,203.7743922427543,0.2,0.2,20.249999999999996,0.8,0.8,900.0,0.005,20
5.43,900.1102101189005,203.53100359074398,0.2,0.2,20.249999999999996,0.8,0.8,900.0,0.005,20
5.4350000000000005,900.1103385578458,203.61308020411445,0.2,0.2,20.249999999999996,0.8,0.8,900.0,0.005,20
5.44,900.1100866694989,203.66884908401414,0.2,0.2,20.249999999999996,0.8,0.8,900.0,0.005,20
5.445,900.109661707766,203.7408241390301,0.2,0.2,20.249999999999996,0.8,0.8,900.0,0.005,20
5.45,900.109035840971,203.79277462725267,0.2,0.2,20.249999999999996,0.8,0.8,900.0,0.005,20
5.455,900.1082706125895,203.61813723469416,0.2,0.2,20.249999999999996,0.8,0.8,900.0,0.005,20
5.46,900.1076919775525,203.23281304974557,0.2,0.2,20.249999999999996,0.8,0.8,900.0,0.005,20
5.465,900.1070745073058,202.96904814542347,0.2,0.2,20.249999999999996,0.8,0.8,900.0,0.005,20
5.47,900.1061099724535,202.81011114553155,0.2,0.2,20.249999999999996,0.8,0.8,900.0,0.005,20
5.4750000000000005,900.1050138446859,202.6561386296613,0.2,0.2,20.249999999999996,0.8,0.8,900.0,0.005,20
5.48,900.1039182164384,202.4449390093951,0.2,0.2,20.249999999999996,0.8,0.8,900.0,0.005,20
5.485,900.1028977347041,202.1729760062608,0.2,0.2,20.249999999999996,0.8,0.8,900.0,0.005,20
5.49,900.1020072813891,201.9335663958254,0.2,0.2,20.249999999999996,0.8,0.8,900.0,0.005,20
5.495,900.1015198931264,201.61175474682898,0.2,0.2,20.249999999999996,0.8,0.8,900.0,0.005,20
5.5,900.1015339505828,201.26313088973905,0.2,0.2,20.249999999999996,0.8,0.8,900.0,0.005,20
5.505,900.1017082170877,200.96014277138434,0.2,0.2,20.249999999999996,0.8,0.8,900.0,0.005,20
5.51,900.1019726656556,200.6921287026766,0.2,0.2,20.249999999999996,0.8,0.8,900.0,0.005,20
5.515,900.1025529214314,200.45675904319495,0.2,0.2,20.249999999999996,0.8,0.8,900.0,0.005,20
5.5200000000000005,900.1034374310399,200.2475145289201,0.2,0.2,20.249999999999996,0.8,0.8,900.0,0.005,20
5.525,900.104584431983,200.04240135440284,0.2,0.2,20.249999999999996,0.8,0.8,900.0,0.005,20
5.53,900.106351823597,199.77215386443035,0.2,0.2,20.249999999999996,0.8,0.8,900.0,0.005,20
5.535,900.1079867177401,199.5988508026378,0.2,0.2,20.249999999999996,0.8,0.8,900.0,0.005,20
5.54,900.1098970837161,199.52575786401192,0.2,0.2,20.249999999999996,0.8,0.8,900.0,0.005,20
5.545,900.1117043625316,199.58065329326357,0.2,0.2,20.249999999999996,0.8,0.8,900.0,0.005,20
5.55,900.1134820423576,199.73228557282636,0.2,0.2,20.249999999999996,0.8,0.8,900.0,0.005,20
5.555,900.1152588897446,199.97121802666845,0.2,0.2,20.249999999999996,0.8,0.8,900.0,0.005,20
5.5600000000000005,900.117047356033,200.24406172229058,0.2,0.2,20.249999999999996,0.8,0.8,900.0,0.005,20
5.565,900.1188428871906,200.6060606607843,0.2,0.2,20.249999999999996,0.8,0.8,900.0,0.005,20
5.57,900.1206714383999,201.0140743482149,0.2,0.2,20.249999999999996,0.8,0.8,900.0,0.005,20
5.575,900.1224063121919,201.6106300774413,0.2,0.2,20.249999999999996,0.8,0.8,900.0,0.005,20
5.58,900.1240731328148,202.2883536474533,0.2,0.2,20.249999999999996,0.8,0.8,900.0,0.005,20
5.585,900.125686215598,203.0372404229661,0.2,0.2,20.249999999999996,0.8,0.8,900.0,0.005,20
5.59,900.127047014077,203.84338954955888,0.2,0.2,20.249999999999996,0.8,0.8,900.0,0.005,20
5.595,900.1281327207305,204.69484496277232,0.2,0.2,20.249999999999996,0.8,0.8,900.0,0.005,20
5.6000000000000005,900.1289408757882,205.5686427711906,0.2,0.2,20.249999999999996,0.8,0.8,900.0,0.005,20
5.605,900.129267755735,206.4892665814597,0.2,0.2,20.249999999999996,0.8,0.8,900.0,0.005,20
5.61,900.1290743401249,207.3542000525254,0.2,0.2,20.249999999999996,0.8,0.8,900.0,0.005,20
5.615,900.1284116714929,208.23685424294183,0.2,0.2,20.249999999999996,0.8,0.8,900.0,0.005,20
5.62,900.1271189911354,209.06001643859608,0.2,0.2,20.249999999999996,0.8,0.8,900.0,0.005,20
5.625,900.1252192090958,209.7737987689705,0.2,0.2,20.249999999999996,0.8,0.8,900.0,0.005,20
5.63,900.1227843789171,210.36600731927618,0.2,0.2,20.249999999999996,0.8,0.8,900.0,0.005,20
5.635,900.1198833126284,210.8123257933439,0.2,0.2,20.249999999999996,0.8,0.8,900.0,0.005,20
5.64,900.1166805945049,211.06799573830395,0.2,0.2,20.249999999999996,0.8,0.8,900.0,0.005,20
5.6450000000000005,900.1133110064236,211.175155187742,0.2,0.2,20.249999999999996,0.8,0.8,900.0,0.005,20
5.65,900.1099311601945,211.1164749075552,0.2,0.2,20.249999999999996,0.8,0.8,900.0,0.005,20
5.655,900.1067438186143,210.90242829460615,0.2,0.2,20.249999999999996,0.8,0.8,900.0,0.005,20
5.66,900.1038908239575,210.56152264328068,0.2,0.2,20.249999999999996,0.8,0.8,900.0,0.005,20
5.665,900.1022101363299,209.93424166315148,0.2,0.2,20.249999999999996,0.8,0.8,900.0,0.005,20
5.67,900.1006074866947,209.50506194593632,0.2,0.2,20.249999999999996,0.8,0.8,900.0,0.005,20
5.675,900.0994019155675,208.88707544473212,0.2,0.2,20.249999999999996,0.8,0.8,900.0,0.005,20
5.68,900.0992809392943,207.7739353743104,0.2,0.2,20.249999999999996,0.8,0.8,900.0,0.005,20
5.6850000000000005,900.0989716092971,207.32494798464427,0.2,0.2,20.249999999999996,0.8,0.8,900.0,0.005,20
5.69,900.0986382519594,206.9032683720428,0.2,0.2,20.249999999999996,0.8,0.8,900.0,0.005,20
5.695,900.0983380048465,206.47357096168304,0.2,0.2,20.249999999999996,0.8,0.8,900.0,0.005,20
5.7,900.0981932724421,206.04505168455694,0.2,0.2,20.249999999999996,0.8,0.8,900.0,0.005,20
5.705,900.0982019152447,205.50162465314685,0.2,0.2,20.249999999999996,0.8,0.8,900.0,0.005,20
5.71,900.0980785794209,205.1388061256733,0.2,0.2,20.249999999999996,0.8,0.8,900.0,0.005,20
5.715,900.0979808032844,204.81568724869743,0.2,0.2,20.249999999999996,0.8,0.8,900.0,0.005,20
5.72,900.0981026260205,204.54832879290902,0.2,0.2,20.249999999999996,0.8,0.8,900.0,0.005,20
5.7250000000000005,900.0984139432937,204.26709076737282,0.2,0.2,20.249999999999996,0.8,0.8,900.0,0.005,20
5.73,900.0989806627186,203.97688912239926,0.2,0.2,20.249999999999996,0.8,0.8,900.0,0.005,20
5.735,900.0998700033913,203.70285211131227,0.2,0.2,20.249999999999996,0.8,0.8,900.0,0.005,20
5.74,900.1009316142943,203.433314772061,0.2,0.2,20.249999999999996,0.8,0.8,900.0,0.005,20
5.745,900.1021021959642,203.13402664884563,0.2,0.2,20.249999999999996,0.8,0.8,900.0,0.005,20
5.75,900.103388196239,202.75053779945173,0.2,0.2,20.249999999999996,0.8,0.8,900.0,0.005,20
5.755,900.1046336428481,202.48565058494881,0.2,0.2,20.249999999999996,0.8,0.8,900.0,0.005,20
5.76,900.1056734398572,202.26139856261514,0.2,0.2,20.249999999999996,0.8,0.8,900.0,0.005,20
5.765,900.1064946629008,202.0754044382401,0.2,0.2,20.249999999999996,0.8,0.8,900.0,0.005,20
5.7700000000000005,900.107298509714,201.66038675818407,0.2,0.2,20.249999999999996,0.8,0.8,900.0,0.005,20
5.775,900.1076688607994,201.5145007631826,0.2,0.2,20.249999999999996,0.8,0.8,900.0,0.005,20
5.78,900.1078495730111,201.4102532931536,0.2,0.2,20.249999999999996,0.8,0.8,900.0,0.005,20
5.785,900.1078542958,201.41281533761511,0.2,0.2,20.249999999999996,0.8,0.8,900.0,0.005,20
5.79,900.1077782175274,201.54878358295656,0.2,0.2,20.249999999999996,0.8,0.8,900.0,0.005,20
5.795,900.1075828462423,201.58961976661132,0.2,0.2,20.249999999999996,0.8,0.8,900.0,0.005,20
5.8,900.1074890467007,201.6784691143263,0.2,0.2,20.249999999999996,0.8,0.8,900.0,0.005,20
5.805,900.107529524293,201.81732133135245,0.2,0.2,20.249999999999996,0.8,0.8,900.0,0.005,20
5.8100000000000005,900.1077372730125,202.0176280944312,0.2,0.2,20.249999999999996,0.8,0.8,900.0,0.005,20
5.815,900.108164713259,202.26581057610272,0.2,0.2,20.249999999999996,0.8,0.8,900.0,0.005,20
5.82,900.1087988529536,202.56227992937528,0.2,0.2,20.249999999999996,0.8,0.8,900.0,0.005,20
5.825,900.1095813122256,202.87556758100837,0.2,0.2,20.249999999999996,0.8,0.8,900.0,0.005,20
5.83,900.1104490607253,203.18691154811572,0.2,0.2,20.249999999999996,0.8,0.8,900.0,0.005,20
5.835,900.1112130362507,203.56310259704117,0.2,0.2,20.249999999999996,0.8,0.8,900.0,0.005,20
5.84,900.1117815987809,203.9645329862983,0.2,0.2,20.249999999999996,0.8,0.8,900.0,0.005,20
5.845,900.112094526368,204.29237899642402,0.2,0.2,20.249999999999996,0.8,0.8,900.0,0.005,20
5.8500000000000005,900.1120238608613,204.63727004609788,0.2,0.2,20.249999999999996,0.8,0.8,900.0,0.005,20
5.855,900.1115086690697,204.9739355211224,0.2,0.2,20.249999999999996,0.8,0.8,900.0,0.005,20
5.86,900.110588948585,205.26268740015325,0.2,0.2,20.249999999999996,0.8,0.8,900.0,0.005,20
5.865,900.1093812952969,205.496476724419,0.2,0.2,20.249999999999996,0.8,0.8,900.0,0.005,20
5.87,900.1079814441453,205.64875592135672,0.2,0.2,20.249999999999996,0.8,0.8,900.0,0.005,20
5.875,900.106479683536,205.7176891308488,0.2,0.2,20.249999999999996,0.8,0.8,900.0,0.005,20
5.88,900.105017111935,205.71102906615474,0.2,0.2,20.249999999999996,0.8,0.8,900.0,0.005,20
5.885,900.1037070512641,205.6102136021295,0.2,0.2,20.249999999999996,0.8,0.8,900.0,0.005,20
5.89,900.1027231808465,205.46184440628232,0.2,0.2,20.249999999999996,0.8,0.8,900.0,0.005,20
5.8950000000000005,900.1021131261879,205.2530807080474,0.2,0.2,20.249999999999996,0.8,0.8,900.0,0.005,20
5.9,900.1018956031245,205.01069183071834,0.2,0.2,20.249999999999996,0.8,0.8,900.0,0.005,20
5.905,900.1023660903185,204.55430739565557,0.2,0.2,20.249999999999996,0.8,0.8,900.0,0.005,20
5.91,900.1027940986087,204.27080623983267,0.2,0.2,20.249999999999996,0.8,0.8,900.0,0.005,20
5.915,900.1032596806507,203.97375873913276,0.2,0.2,20.249999999999996,0.8,0.8,900.0,0.005,20
5.92,900.1036790145907,203.70042115160285,0.2,0.2,20.249999999999996,0.8,0.8,900.0,0.005,20
5.925,900.1041026849285,203.38527044339273,0.2,0.2,20.249999999999996,0.8,0.8,900.0,0.005,20
5.93,900.1044133645761,203.07596333625088,0.2,0.2,20.249999999999996,0.8,0.8,900.0,0.005,20
5.9350000000000005,900.1046283509635,202.79165064039213,0.2,0.2,20.249999999999996,0.8,0.8,900.0,0.005,20
5.94,900.1048163770504,202.50689462901346,0.2,0.2,20.249999999999996,0.8,0.8,900.0,0.005,20
5.945,900.1051799165948,202.2046647179175,0.2,0.2,20.249999999999996,0.8,0.8,900.0,0.005,20
5.95,900.1055923610593,201.98154495666628,0.2,0.2,20.249999999999996,0.8,0.8,900.0,0.005,20
5.955,900.1062046172162,201.79936033177495,0.2,0.2,20.249999999999996,0.8,0.8,900.0,0.005,20
5.96,900.1069448245375,201.69174616467572,0.2,0.2,20.249999999999996,0.8,0.8,900.0,0.005,20
5.965,900.1077460107487,201.46129434626175,0.2,0.2,20.249999999999996,0.8,0.8,900.0,0.005,20
5.97,900.1089964394674,201.30018013363127,0.2,0.2,20.249999999999996,0.8,0.8,900.0,0.005,20
5.9750000000000005,900.1101995877738,201.2926686783126,0.2,0.2,20.249999999999996,0.8,0.8,900.0,0.005,20
5.98,900.1113822682104,201.3939335064454,0.2,0.2,20.249999999999996,0.8,0.8,900.0,0.005,20
5.985,900.1125547110901,201.54241074404445,0.2,0.2,20.249999999999996,0.8,0.8,900.0,0.005,20
5.99,900.1138529238857,201.63742653839762,0.2,0.2,20.249999999999996,0.8,0.8,900.0,0.005,20
5.995,900.1149823756546,202.06159678847777,0.2,0.2,20.249999999999996,0.8,0.8,900.0,0.005,20
6.0,900.1158074268135,202.58451302444308,0.2,0.2,20.249999999999996,0.8,0.8,900.0,0.005,20
6.005,900.1163872957511,203.13818393020364,0.2,0.2,20.249999999999996,0.8,0.8,900.0,0.005,20
6.01,900.1167102818099,203.78028547862073,0.2,0.2,20.249999999999996,0.8,0.8,900.0,0.005,20
6.015000000000001,900.116754678977,204.46607719957947,0.2,0.2,20.249999999999996,0.8,0.8,900.0,0.005,20
6.0200000000000005,900.1166288031468,205.10471555448532,0.2,0.2,20.249999999999996,0.8,0.8,900.0,0.005,20
6.025,900.1161203864577,205.8546007106608,0.2,0.2,20.249999999999996,0.8,0.8,900.0,0.005,20
6.03,900.1151714230647,206.5882363347255,0.2,0.2,20.249999999999996,0.8,0.8,900.0,0.005,20
6.035,900.1138738645146,207.2866794047235,0.2,0.2,20.249999999999996,0.8,0.8,900.0,0.005,20
6.04,900.1123155847677,207.9139914620774,0.2,0.2,20.249999999999996,0.8,0.8,900.0,0.005,20
6.045,900.1105201345213,208.30445384012248,0.2,0.2,20.249999999999996,0.8,0.8,900.0,0.005,20
6.05,900.1082777594288,208.62692086601277,0.2,0.2,20.249999999999996,0.8,0.8,900.0,0.005,20
6.055,900.1056578131346,208.7703696615485,0.2,0.2,20.249999999999996,0.8,0.8,900.0,0.005,20
6.0600000000000005,900.1028163768319,208.74199578693344,0.2,0.2,20.249999999999996,0.8,0.8,900.0,0.005,20
6.065,900.099907263785,208.46957042689806,0.2,0.2,20.249999999999996,0.8,0.8,900.0,0.005,20
6.07,900.0972240494287,207.97446887979746,0.2,0.2,20.249999999999996,0.8,0.8,900.0,0.005,20
6.075,900.094776276159,207.39138166607293,0.2,0.2,20.249999999999996,0.8,0.8,900.0,0.005,20
6.08,900.093975507065,205.9027364193842,0.2,0.2,20.249999999999996,0.8,0.8,900.0,0.005,20
6.085,900.0935113734594,205.1024352782133,0.2,0.2,20.249999999999996,0.8,0.8,900.0,0.005,20
6.09,900.0937948794738,204.14233025527264,0.2,0.2,20.249999999999996,0.8,0.8,900.0,0.005,20
6.095,900.095011207303,203.28334968164197,0.2,0.2,20.249999999999996,0.8,0.8,900.0,0.005,20
6.1000000000000005,900.096948972176,202.35923178951646,0.2,0.2,20.249999999999996,0.8,0.8,900.0,0.005,20
6.105,900.0991963992399,201.6471370700727,0.2,0.2,20.249999999999996,0.8,0.8,900.0,0.005,20
6.11,900.1013791711159,201.0520388689755,0.2,0.2,20.249999999999996,0.8,0.8,900.0,0.005,20
6.115,900.1033883817327,200.52062277158336,0.2,0.2,20.249999999999996,0.8,0.8,900.0,0.005,20
6.12,900.1050063501795,200.05371756079387,0.2,0.2,20.249999999999996,0.8,0.8,900.0,0.005,20
6.125,900.1061561523026,199.701645590393,0.2,0.2,20.249999999999996,0.8,0.8,900.0,0.005,20
6.13,900.106882372861,199.39358421306085,0.2,0.2,20.249999999999996,0.8,0.8,900.0,0.005,20
6.135,900.1075985114758,199.14543813195388,0.2,0.2,20.249999999999996,0.8,0.8,900.0,0.005,20
6.140000000000001,900.1075345222728,198.99509942709895,0.2,0.2,20.249999999999996,0.8,0.8,900.0,0.005,20
6.1450000000000005,900.1071300503515,198.96543557951398,0.2,0.2,20.249999999999996,0.8,0.8,900.0,0.005,20
6.15,900.106720236886,199.02451712080247,0.2,0.2,20.249999999999996,0.8,0.8,900.0,0.005,20
6.155,900.1064053558715,199.15368210049917,0.2,0.2,20.249999999999996,0.8,0.8,900.0,0.005,20
6.16,900.1062630456197,199.34635822526272,0.2,0.2,20.249999999999996,0.8,0.8,900.0,0.005,20
6.165,900.1063826765379,199.61621132323538,0.2,0.2,20.249999999999996,0.8,0.8,900.0,0.005,20
6.17,900.1071116188671,199.78105274241184,0.2,0.2,20.249999999999996,0.8,0.8,900.0,0.005,20
6.175,900.1081868620821,200.10606632441346,0.2,0.2,20.249999999999996,0.8,0.8,900.0,0.005,20
6.18,900.1097182624783,200.18286094866312,0.2,0.2,20.249999999999996,0.8,0.8,900.0,0.005,20
6.1850000000000005,900.1117044272933,200.33411789802264,0.2,0.2,20.249999999999996,0.8,0.8,900.0,0.005,20
6.19,900.1139626259036,200.5254120425778,0.2,0.2,20.249999999999996,0.8,0.8,900.0,0.005,20
6.195,900.1162957601607,200.99669026416646,0.2,0.2,20.249999999999996,0.8,0.8,900.0,0.005,20
6.2,900.1182265250123,201.5874803635091,0.2,0.2,20.249999999999996,0.8,0.8,900.0,0.005,20
6.205,900.1199208411653,201.93894119035593,0.2,0.2,20.249999999999996,0.8,0.8,900.0,0.005,20
6.21,900.1213003419249,202.63499147939785,0.2,0.2,20.249999999999996,0.8,0.8,900.0,0.005,20
6.215,900.1221231025901,203.36734107298085,0.2,0.2,20.249999999999996,0.8,0.8,900.0,0.005,20
6.22,900.1224786277533,204.10706386382668,0.2,0.2,20.249999999999996,0.8,0.8,900.0,0.005,20
6.2250000000000005,900.122407760698,204.74670761623628,0.2,0.2,20.249999999999996,0.8,0.8,900.0,0.005,20
6.23,900.1220823015253,205.10180531011505,0.2,0.2,20.249999999999996,0.8,0.8,900.0,0.005,20
6.235,900.1212176990489,205.63783288213867,0.2,0.2,20.249999999999996,0.8,0.8,900.0,0.005,20
6.24,900.1198774211775,206.12740283034415,0.2,0.2,20.249999999999996,0.8,0.8,900.0,0.005,20
6.245,900.118280360723,206.43495443248847,0.2,0.2,20.249999999999996,0.8,0.8,900.0,0.005,20
6.25,900.116425547801,206.65052179336456,0.2,0.2,20.249999999999996,0.8,0.8,900.0,0.005,20
6.255,900.1143211235359,206.81732438285914,0.2,0.2,20.249999999999996,0.8,0.8,900.0,0.005,20
6.26,900.1120739328679,206.8604753342406,0.2,0.2,20.249999999999996,0.8,0.8,900.0,0.005,20
6.265000000000001,900.1098406872317,206.75918918531792,0.2,0.2,20.249999999999996,0.8,0.8,900.0,0.005,20
6.2700000000000005,900.1077546507324,206.5299114448834,0.2,0.2,20.249999999999996,0.8,0.8,900.0,0.005,20
6.275,900.1060373955096,206.10017549446565,0.2,0.2,20.249999999999996,0.8,0.8,900.0,0.005,20
6.28,900.1046325156556,205.63593599121765,0.2,0.2,20.249999999999996,0.8,0.8,900.0,0.005,20
6.285,900.1036939498424,205.0079918086431,0.2,0.2,20.249999999999996,0.8,0.8,900.0,0.005,20
6.29,900.1033053665877,204.3190323203156,0.2,0.2,20.249999999999996,0.8,0.8,900.0,0.005,20
6.295,900.1031935972527,203.75361277896553,0.2,0.2,20.249999999999996,0.8,0.8,900.0,0.005,20
6.3,900.1034027682579,203.21363313657233,0.2,0.2,20.249999999999996,0.8,0.8,900.0,0.005,20
6.305,900.103741726061,202.74001456541802,0.2,0.2,20.249999999999996,0.8,0.8,900.0,0.005,20
6.3100000000000005,900.1040976872644,202.34681446968455,0.2,0.2,20.249999999999996,0.8,0.8,900.0,0.005,20
6.315,900.1044154561447,202.02522183877633,0.2,0.2,20.249999999999996,0.8,0.8,900.0,0.005,20
6.32,900.1045999483786,201.8180449155002,0.2,0.2,20.249999999999996,0.8,0.8,900.0,0.005,20
6.325,900.1046463691772,201.69221537366258,0.2,0.2,20.249999999999996,0.8,0.8,900.0,0.005,20
6.33,900.1048226976634,201.5730029470964,0.2,0.2,20.249999999999996,0.8,0.8,900.0,0.005,20
6.335,900.1047910301738,201.67474468341194,0.2,0.2,20.249999999999996,0.8,0.8,900.0,0.005,20
6.34,900.1047322807418,201.83546722536497,0.2,0.2,20.249999999999996,0.8,0.8,900.0,0.005,20
6.345,900.104640684433,202.04797278647595,0.2,0.2,20.249999999999996,0.8,0.8,900.0,0.005,20
6.3500000000000005,900.1046382520573,202.28993609804692,0.2,0.2,20.249999999999996,0.8,0.8,900.0,0.005,20
6.355,900.104861707766,202.56350280611298,0.2,0.2,20.249999999999996,0.8,0.8,900.0,0.005,20
6.36,900.105481724811,202.84621331495325,0.2,0.2,20.249999999999996,0.8,0.8,900.0,0.005,20
6.365,900.1064641541413,203.11417524681553,0.2,0.2,20.249999999999996,0.8,0.8,900.0,0.005,20
6.37,900.1077537433439,203.4018563999013,0.2,0.2,20.249999999999996,0.8,0.8,900.0,0.005,20
6.375,900.1093755708638,203.6918850938899,0.2,0.2,20.249999999999996,0.8,0.8,900.0,0.005,20
6.38,900.1111963120496,203.99680977514217,0.2,0.2,20.249999999999996,0.8,0.8,900.0,0.005,20
6.385,900.1130581048202,204.3471251047533,0.2,0.2,20.249999999999996,0.8,0.8,900.0,0.005,20
6.390000000000001,900.1148219268701,204.73436680440454,0.2,0.2,20.249999999999996,0.8,0.8,900.0,0.005,20
6.3950000000000005,900.1163740725174,205.11150562758974,0.2,0.2,20.249999999999996,0.8,0.8,900.0,0.005,20
6.4,900.1176035117409,205.55081044080444,0.2,0.2,20.249999999999996,0.8,0.8,900.0,0.005,20
6.405,900.1181553992358,206.06492413797096,0.2,0.2,20.249999999999996,0.8,0.8,900.0,0.005,20
6.41,900.1180993203918,206.5419282699917,0.2,0.2,20.249999999999996,0.8,0.8,900.0,0.005,20
6.415,900.117401369135,207.00068494815207,0.2,0.2,20.249999999999996,0.8,0.8,900.0,0.005,20
6.42,900.1165088916488,207.06062953210693,0.2,0.2,20.249999999999996,0.8,0.8,900.0,0.005,20
6.425,900.1149773109279,207.4413128342105,0.2,0.2,20.249999999999996,0.8,0.8,900.0,0.005,20
6.43,900.1129403119628,207.7408317656206,0.2,0.2,20.249999999999996,0.8,0.8,900.0,0.005,20
6.4350000000000005,900.1106917048377,207.93811304835307,0.2,0.2,20.249999999999996,0.8,0.8,900.0,0.005,20
6.44,900.1084477711058,208.0384223678356,0.2,0.2,20.249999999999996,0.8,0.8,900.0,0.005,20
6.445,900.1064119366018,208.0389405024957,0.2,0.2,20.249999999999996,0.8,0.8,900.0,0.005,20
6.45,900.1046145128392,207.96727483644796,0.2,0.2,20.249999999999996,0.8,0.8,900.0,0.005,20
6.455,900.1031336656997,207.82500461233806,0.2,0.2,20.249999999999996,0.8,0.8,900.0,0.005,20
6.46,900.1020429465036,207.59554075782367,0.2,0.2,20.249999999999996,0.8,0.8,900.0,0.005,20
6.465,900.10143061085,207.3086278244465,0.2,0.2,20.249999999999996,0.8,0.8,900.0,0.005,20
6.47,900.1011996868427,207.00265312297321,0.2,0.2,20.249999999999996,0.8,0.8,900.0,0.005,20
6.4750000000000005,900.1012346004462,206.6848654244905,0.2,0.2,20.249999999999996,0.8,0.8,900.0,0.005,20
6.48,900.1014641286546,206.3438171620243,0.2,0.2,20.249999999999996,0.8,0.8,900.0,0.005,20
6.485,900.1018088324504,205.9928012989015,0.2,0.2,20.249999999999996,0.8,0.8,900.0,0.005,20
6.49,900.1022042796311,205.6369517997849,0.2,0.2,20.249999999999996,0.8,0.8,900.0,0.005,20
6.495,900.1026131115126,205.27785982174265,0.2,0.2,20.249999999999996,0.8,0.8,900.0,0.005,20
6.5,900.1031107078735,204.79669100570513,0.2,0.2,20.249999999999996,0.8,0.8,900.0,0.005,20
6.505,900.1035842618907,204.3355682419314,0.2,0.2,20.249999999999996,0.8,0.8,900.0,0.005,20
6.51,900.1040125103526,203.97745749004997,0.2,0.2,20.249999999999996,0.8,0.8,900.0,0.005,20
6.515000000000001,900.1044779199467,203.66337525834018,0.2,0.2,20.249999999999996,0.8,0.8,900.0,0.005,20
6.5200000000000005,900.1050701816173,203.3918979528371,0.2,0.2,20.249999999999996,0.8,0.8,900.0,0.005,20
6.525,900.1058096413408,203.18460247795247,0.2,0.2,20.249999999999996,0.8,0.8,900.0,0.005,20
6.53,900.1067786643836,203.04574539182653,0.2,0.2,20.249999999999996,0.8,0.8,900.0,0.005,20
6.535,900.1080428683098,202.98248023619536,0.2,0.2,20.249999999999996,0.8,0.8,900.0,0.005,20
6.54,900.1096716360995,202.99863761610104,0.2,0.2,20.249999999999996,0.8,0.8,900.0,0.005,20
6.545,900.111627247637,203.1029211636546,0.2,0.2,20.249999999999996,0.8,0.8,900.0,0.005,20
6.55,900.1138302842977,203.29463601509718,0.2,0.2,20.249999999999996,0.8,0.8,900.0,0.005,20
6.555,900.1162060407446,203.57558483554695,0.2,0.2,20.249999999999996,0.8,0.8,900.0,0.005,20
6.5600000000000005,900.1186575861052,203.94619886766418,0.2,0.2,20.249999999999996,0.8,0.8,900.0,0.005,20
6.565,900.1210823345397,204.41603461117043,0.2,0.2,20.249999999999996,0.8,0.8,900.0,0.005,20
6.57,900.1232992970511,204.9783418457778,0.2,0.2,20.249999999999996,0.8,0.8,900.0,0.005,20
6.575,900.1251841973983,205.62935464531495,0.2,0.2,20.249999999999996,0.8,0.8,900.0,0.005,20
6.58,900.1266459784781,206.36474067392217,0.2,0.2,20.249999999999996,0.8,0.8,900.0,0.005,20
6.585,900.1276729588857,207.1916203627122,0.2,0.2,20.249999999999996,0.8,0.8,900.0,0.005,20
6.59,900.1281159807355,208.06743143195033,0.2,0.2,20.249999999999996,0.8,0.8,900.0,0.005,20
6.595,900.1279681664977,208.96757435112892,0.2,0.2,20.249999999999996,0.8,0.8,900.0,0.005,20
6.6000000000000005,900.1273384025703,209.86805377670208,0.2,0.2,20.249999999999996,0.8,0.8,900.0,0.005,20
6.605,900.1263220999119,210.7564511567707,0.2,0.2,20.249999999999996,0.8,0.8,900.0,0.005,20
6.61,900.1250128967674,211.61869759720182,0.2,0.2,20.249999999999996,0.8,0.8,900.0,0.005,20
6.615,900.1235340072977,212.44441883555186,0.2,0.2,20.249999999999996,0.8,0.8,900.0,0.005,20
6.62,900.122002919557,213.20919591395742,0.2,0.2,20.249999999999996,0.8,0.8,900.0,0.005,20
6.625,900.120523903751,213.90292435879678,0.2,0.2,20.249999999999996,0.8,0.8,900.0,0.005,20
6.63,900.1192091718059,214.51623891751294,0.2,0.2,20.249999999999996,0.8,0.8,900.0,0.005,20
6.635,900.118019308616,215.05889594538576,0.2,0.2,20.249999999999996,0.8,0.8,900.0,0.005,20
6.640000000000001,900.1169268681234,215.52108202794207,0.2,0.2,20.249999999999996,0.8,0.8,900.0,0.005,20
6.6450000000000005,900.1158011138366,215.92024460082334,0.2,0.2,20.249999999999996,0.8,0.8,900.0,0.005,20
6.65,900.1145177122248,216.25565999257412,0.2,0.2,20.249999999999996,0.8,0.8,900.0,0.005,20
6.655,900.1130130523169,216.52909745046657,0.2,0.2,20.249999999999996,0.8,0.8,900.0,0.005,20
6.66,900.1111493095867,216.72685351964822,0.2,0.2,20.249999999999996,0.8,0.8,900.0,0.005,20
6.665,900.1089812022111,216.83299512590224,0.2,0.2,20.249999999999996,0.8,0.8,900.0,0.005,20
6.67,900.1063532048462,216.83126536302646,0.2,0.2,20.249999999999996,0.8,0.8,900.0,0.005,20
6.675,900.1033305523381,216.67585538156976,0.2,0.2,20.249999999999996,0.8,0.8,900.0,0.005,20
6.68,900.1002320488695,216.29259574195942,0.2,0.2,20.249999999999996,0.8,0.8,900.0,0.005,20
6.6850000000000005,900.097041007239,215.7850472731081,0.2,0.2,20.249999999999996,0.8,0.8,900.0,0.005,20
6.69,900.093939061903,215.13813693250862,0.2,0.2,20.249999999999996,0.8,0.8,900.0,0.005,20
6.695,900.0912180329728,214.3567276781884,0.2,0.2,20.249999999999996,0.8,0.8,900.0,0.005,20
6.7,900.089323072033,213.37930515647204,0.2,0.2,20.249999999999996,0.8,0.8,900.0,0.005,20
6.705,900.0880002941453,212.42145481780761,0.2,0.2,20.249999999999996,0.8,0.8,900.0,0.005,20
6.71,900.0873901095367,211.41947018950412,0.2,0.2,20.249999999999996,0.8,0.8,900.0,0.005,20
6.715,900.0879533600644,209.9246363888749,0.2,0.2,20.249999999999996,0.8,0.8,900.0,0.005,20
6.72,900.0896593281751,208.51892194913947,0.2,0.2,20.249999999999996,0.8,0.8,900.0,0.005,20
6.7250000000000005,900.0911912870572,207.5219488947528,0.2,0.2,20.249999999999996,0.8,0.8,900.0,0.005,20
6.73,900.0928484032388,206.58979203422786,0.2,0.2,20.249999999999996,0.8,0.8,900.0,0.005,20
6.735,900.0945878039196,205.73116212313926,0.2,0.2,20.249999999999996,0.8,0.8,900.0,0.005,20
6.74,900.0963602551035,204.9618098144245,0.2,0.2,20.249999999999996,0.8,0.8,900.0,0.005,20
6.745,900.0982396371703,204.28335726531228,0.2,0.2,20.249999999999996,0.8,0.8,900.0,0.005,20
6.75,900.1004532298319,203.60743674993947,0.2,0.2,20.249999999999996,0.8,0.8,900.0,0.005,20
6.755,900.1030042499114,202.87881121714912,0.2,0.2,20.249999999999996,0.8,0.8,900.0,0.005,20
6.76,900.105745566396,202.41166473577022,0.2,0.2,20.249999999999996,0.8,0.8,900.0,0.005,20
6.765000000000001,900.1084088488793,202.2288307135231,0.2,0.2,20.249999999999996,0.8,0.8,900.0,0.005,20
6.7700000000000005,900.1108489730207,202.20942720337345,0.2,0.2,20.249999999999996,0.8,0.8,900.0,0.005,20
6.775,900.1130478095137,202.37133966071752,0.2,0.2,20.249999999999996,0.8,0.8,900.0,0.005,20
6.78,900.1148903560758,202.70281027103798,0.2,0.2,20.249999999999996,0.8,0.8,900.0,0.005,20
6.785,900.1163558408808,203.19996770450808,0.2,0.2,20.249999999999996,0.8,0.8,900.0,0.005,20
6.79,900.1174567739191,203.8366342933901,0.2,0.2,20.249999999999996,0.8,0.8,900.0,0.005,20
6.795,900.1182331948909,204.60046826378823,0.2,0.2,20.249999999999996,0.8,0.8,900.0,0.005,20
6.8,900.1189911296339,205.2196755374886,0.2,0.2,20.249999999999996,0.8,0.8,900.0,0.005,20
6.805,900.1195158012968,206.0105393780472,0.2,0.2,20.249999999999996,0.8,0.8,900.0,0.005,20
6.8100000000000005,900.119900540667,206.88623281605274,0.2,0.2,20.249999999999996,0.8,0.8,900.0,0.005,20
6.815,900.1200861189209,207.84992826719284,0.2,0.2,20.249999999999996,0.8,0.8,900.0,0.005,20
6.82,900.1201864061508,208.83547146176016,0.2,0.2,20.249999999999996,0.8,0.8,900.0,0.005,20
6.825,900.1202160412091,209.82525388702587,0.2,0.2,20.249999999999996,0.8,0.8,900.0,0.005,20
6.83,900.1201510757976,210.80912114872535,0.2,0.2,20.249999999999996,0.8,0.8,900.0,0.005,20
6.835,900.1199204240866,211.72601349564033,0.2,0.2,20.249999999999996,0.8,0.8,900.0,0.005,20
6.84,900.1196480776963,212.3958866378432,0.2,0.2,20.249999999999996,0.8,0.8,900.0,0.005,20
6.845,900.1187989633979,213.26354145388132,0.2,0.2,20.249999999999996,0.8,0.8,900.0,0.005,20
6.8500000000000005,900.117459984001,214.07275844736074,0.2,0.2,20.249999999999996,0.8,0.8,900.0,0.005,20
6.855,900.1156104419911,214.78514033633246,0.2,0.2,20.249999999999996,0.8,0.8,900.0,0.005,20
6.86,900.1132699540159,215.37418408534288,0.2,0.2,20.249999999999996,0.8,0.8,900.0,0.005,20
6.865,900.110569730594,215.70085945217187,0.2,0.2,20.249999999999996,0.8,0.8,900.0,0.005,20
6.87,900.1076194821738,215.93782810921203,0.2,0.2,20.249999999999996,0.8,0.8,900.0,0.005,20
6.875,900.1044268526356,216.01809334163622,0.2,0.2,20.249999999999996,0.8,0.8,900.0,0.005,20
6.88,900.1012579825317,215.9512431753609,0.2,0.2,20.249999999999996,0.8,0.8,900.0,0.005,20
6.885,900.098376006603,215.69434539039653,0.2,0.2,20.249999999999996,0.8,0.8,900.0,0.005,20
6.890000000000001,900.0957870344054,215.33117335755875,0.2,0.2,20.249999999999996,0.8,0.8,900.0,0.005,20
6.8950000000000005,900.0936728353677,214.85452009250392,0.2,0.2,20.249999999999996,0.8,0.8,900.0,0.005,20
6.9,900.0919647107578,214.31433570174136,0.2,0.2,20.249999999999996,0.8,0.8,900.0,0.005,20
6.905,900.0907089441016,213.698761329839,0.2,0.2,20.249999999999996,0.8,0.8,900.0,0.005,20
6.91,900.089918933348,213.03803351093555,0.2,0.2,20.249999999999996,0.8,0.8,900.0,0.005,20
6.915,900.0895463728051,212.345483612556,0.2,0.2,20.249999999999996,0.8,0.8,900.0,0.005,20
6.92,900.0894859546686,211.62241228093777,0.2,0.2,20.249999999999996,0.8,0.8,900.0,0.005,20
6.925,900.0896407185639,210.93558071952927,0.2,0.2,20.249999999999996,0.8,0.8,900.0,0.005,20
6.93,900.0900206330476,210.28066177338033,0.2,0.2,20.249999999999996,0.8,0.8,900.0,0.005,20
6.9350000000000005,900.0906713700085,209.67535384983324,0.2,0.2,20.249999999999996,0.8,0.8,900.0,0.005,20
6.94,900.0916252575672,209.04414861586403,0.2,0.2,20.249999999999996,0.8,0.8,900.0,0.005,20
6.945,900.0929351596203,208.49175495213672,0.2,0.2,20.249999999999996,0.8,0.8,900.0,0.005,20
6.95,900.0943068949626,208.15258385002923,0.2,0.2,20.249999999999996,0.8,0.8,900.0,0.005,20
6.955,900.0958691817457,207.8883126502676,0.2,0.2,20.249999999999996,0.8,0.8,900.0,0.005,20
6.96,900.0977698579691,207.67588992397648,0.2,0.2,20.249999999999996,0.8,0.8,900.0,0.005,20
6.965,900.0997860126305,207.6218930718273,0.2,0.2,20.249999999999996,0.8,0.8,900.0,0.005,20
6.97,900.1021261927219,207.53501008508218,0.2,0.2,20.249999999999996,0.8,0.8,900.0,0.005,20
6.9750000000000005,900.1044117332381,207.76111917029618,0.2,0.2,20.249999999999996,0.8,0.8,900.0,0.005,20
6.98,900.1068654653355,207.96298221645418,0.2,0.2,20.249999999999996,0.8,0.8,900.0,0.005,20
6.985,900.1094808828894,208.195794236608,0.2,0.2,20.249999999999996,0.8,0.8,900.0,0.005,20
6.99,900.1121154464314,208.62130322148653,0.2,0.2,20.249999999999996,0.8,0.8,900.0,0.005,20
6.995,900.1143543262233,209.3186327799825,0.2,0.2,20.249999999999996,0.8,0.8,900.0,0.005,20
7.0,900.1164785198116,210.11472177425327,0.2,0.2,20.249999999999996,0.8,0.8,900.0,0.005,20
7.005,900.1184474119557,210.96809302535894,0.2,0.2,20.249999999999996,0.8,0.8,900.0,0.005,20
7.01,900.1201207649367,211.89250106299724,0.2,0.2,20.249999999999996,0.8,0.8,900.0,0.005,20
7.015000000000001,900.1216734998849,212.74197278158294,0.2,0.2,20.249999999999996,0.8,0.8,900.0,0.005,20
7.0200000000000005,900.1229961466126,213.61338194523682,0.2,0.2,20.249999999999996,0.8,0.8,900.0,0.005,20
7.025,900.1240501488762,214.49886595353615,0.2,0.2,20.249999999999996,0.8,0.8,900.0,0.005,20
7.03,900.1247836415914,215.38098928900519,0.2,0.2,20.249999999999996,0.8,0.8,900.0,0.005,20
7.035,900.1252768873505,216.21392633178928,0.2,0.2,20.249999999999996,0.8,0.8,900.0,0.005,20
7.04,900.1254039313804,216.97977276290175,0.2,0.2,20.249999999999996,0.8,0.8,900.0,0.005,20
7.045,900.1251721638171,217.65775375814846,0.2,0.2,20.249999999999996,0.8,0.8,900.0,0.005,20
7.05,900.1245683061104,218.23561188755957,0.2,0.2,20.249999999999996,0.8,0.8,900.0,0.005,20
7.055,900.1235935078732,218.70671273308645,0.2,0.2,20.249999999999996,0.8,0.8,900.0,0.005,20
7.0600000000000005,900.1226256514742,218.76991711257793,0.2,0.2,20.249999999999996,0.8,0.8,900.0,0.005,20
7.065,900.1212455769632,218.93962550394335,0.2,0.2,20.249999999999996,0.8,0.8,900.0,0.005,20
7.07,900.1193583814199,219.06431952974373,0.2,0.2,20.249999999999996,0.8,0.8,900.0,0.005,20
7.075,900.1171631732789,219.0126233818598,0.2,0.2,20.249999999999996,0.8,0.8,900.0,0.005,20
7.08,900.1150956178858,218.6832571789418,0.2,0.2,20.249999999999996,0.8,0.8,900.0,0.005,20
7.085,900.1128297566612,218.44457882310667,0.2,0.2,20.249999999999996,0.8,0.8,900.0,0.005,20
7.09,900.110562736984,218.0887292232254,0.2,0.2,20.249999999999996,0.8,0.8,900.0,0.005,20
7.095,900.1085198160522,217.6608463153989,0.2,0.2,20.249999999999996,0.8,0.8,900.0,0.005,20
7.1000000000000005,900.1069022889681,217.17698719096373,0.2,0.2,20.249999999999996,0.8,0.8,900.0,0.005,20
7.105,900.1058181282846,216.66549110410685,0.2,0.2,20.249999999999996,0.8,0.8,900.0,0.005,20
7.11,900.1053012782708,216.16932823460385,0.2,0.2,20.249999999999996,0.8,0.8,900.0,0.005,20
7.115,900.1053380878994,215.67643143538768,0.2,0.2,20.249999999999996,0.8,0.8,900.0,0.005,20
7.12,900.1056118938296,215.26675573318892,0.2,0.2,20.249999999999996,0.8,0.8,900.0,0.005,20
7.125,900.1062792782071,214.73826818637693,0.2,0.2,20.249999999999996,0.8,0.8,900.0,0.005,20
7.13,900.1070408544082,214.3877878240295,0.2,0.2,20.249999999999996,0.8,0.8,900.0,0.005,20
7.135,900.1076513651733,214.14895227951743,0.2,0.2,20.249999999999996,0.8,0.8,900.0,0.005,20
7.140000000000001,900.1082172681564,213.87444906433578,0.2,0.2,20.249999999999996,0.8,0.8,900.0,0.005,20
7.1450000000000005,900.1085424093914,213.6566225226242,0.2,0.2,20.249999999999996,0.8,0.8,900.0,0.005,20
7.15,900.1085067186103,213.4316518485376,0.2,0.2,20.249999999999996,0.8,0.8,900.0,0.005,20
7.155,900.1084046075642,213.2965843938195,0.2,0.2,20.249999999999996,0.8,0.8,900.0,0.005,20
7.16,900.1083094224449,213.23148065234562,0.2,0.2,20.249999999999996,0.8,0.8,900.0,0.005,20
7.165,900.108266430124,213.18997971919242,0.2,0.2,20.249999999999996,0.8,0.8,900.0,0.005,20
7.17,900.1084634185621,213.1947347710941,0.2,0.2,20.249999999999996,0.8,0.8,900.0,0.005,20
7.175,900.1089524732812,213.2540282410063,0.2,0.2,20.249999999999996,0.8,0.8,900.0,0.005,20
7.18,900.109623805655,213.3698563977343,0.2,0.2,20.249999999999996,0.8,0.8,900.0,0.005,20
7.1850000000000005,900.1103300503448,213.53161820187208,0.2,0.2,20.249999999999996,0.8,0.8,900.0,0.005,20
7.19,900.1110383214166,213.7370171796434,0.2,0.2,20.249999999999996,0.8,0.8,900.0,0.005,20
7.195,900.1116311390186,213.98387936122077,0.2,0.2,20.249999999999996,0.8,0.8,900.0,0.005,20
7.2,900.1120093868451,214.24271781257204,0.2,0.2,20.249999999999996,0.8,0.8,900.0,0.005,20
7.205,900.1121740493484,214.52160560392235,0.2,0.2,20.249999999999996,0.8,0.8,900.0,0.005,20
7.21,900.1119489128122,214.80857775240096,0.2,0.2,20.249999999999996,0.8,0.8,900.0,0.005,20
7.215,900.1113726026613,215.07452746740745,0.2,0.2,20.249999999999996,0.8,0.8,900.0,0.005,20
7.22,900.1105160400854,215.29840436162604,0.2,0.2,20.249999999999996,0.8,0.8,900.0,0.005,20
7.2250000000000005,900.109937044001,215.04738267093467,0.2,0.2,20.249999999999996,0.8,0.8,900.0,0.005,20
7.23,900.1091429128785,215.27877368393666,0.2,0.2,20.249999999999996,0.8,0.8,900.0,0.005,20
7.235,900.1080163862383,215.38839513042618,0.2,0.2,20.249999999999996,0.8,0.8,900.0,0.005,20
7.24,900.1067784105105,215.41191536572472,0.2,0.2,20.249999999999996,0.8,0.8,900.0,0.005,20
7.245,900.1054625168811,215.37657089751616,0.2,0.2,20.249999999999996,0.8,0.8,900.0,0.005,20
7.25,900.1042615113519,215.30629303692947,0.2,0.2,20.249999999999996,0.8,0.8,900.0,0.005,20
7.255,900.1032577733583,215.1977384463547,0.2,0.2,20.249999999999996,0.8,0.8,900.0,0.005,20
7.26,900.1028636071088,214.74232639988065,0.2,0.2,20.249999999999996,0.8,0.8,900.0,0.005,20
7.265000000000001,900.1025405897141,214.58597877825778,0.2,0.2,20.249999999999996,0.8,0.8,900.0,0.005,20
7.2700000000000005,900.10248299076,214.3937506158334,0.2,0.2,20.249999999999996,0.8,0.8,900.0,0.005,20
7.275,900.1030295444931,214.04759259807705,0.2,0.2,20.249999999999996,0.8,0.8,900.0,0.005,20
7.28,900.1043056031127,213.54285464509832,0.2,0.2,20.249999999999996,0.8,0.8,900.0,0.005,20
7.285,900.1052816234768,213.40198250357113,0.2,0.2,20.249999999999996,0.8,0.8,900.0,0.005,20
7.29,900.1059153555399,213.3526395305851,0.2,0.2,20.249999999999996,0.8,0.8,900.0,0.005,20
7.295,900.1064455651514,213.28459910506257,0.2,0.2,20.249999999999996,0.8,0.8,900.0,0.005,20
7.3,900.1068784072032,213.16419592352938,0.2,0.2,20.249999999999996,0.8,0.8,900.0,0.005,20
7.305,900.1069912698492,213.03375999983336,0.2,0.2,20.249999999999996,0.8,0.8,900.0,0.005,20
7.3100000000000005,900.1070059701871,212.9138644886926,0.2,0.2,20.249999999999996,0.8,0.8,900.0,0.005,20
7.315,900.1068859515972,212.76780181782686,0.2,0.2,20.249999999999996,0.8,0.8,900.0,0.005,20
7.32,900.1067486233188,212.60640442090616,0.2,0.2,20.249999999999996,0.8,0.8,900.0,0.005,20
7.325,900.1067851704951,212.4048450501931,0.2,0.2,20.249999999999996,0.8,0.8,900.0,0.005,20
7.33,900.1069586301109,212.17260140855612,0.2,0.2,20.249999999999996,0.8,0.8,900.0,0.005,20
7.335,900.1073668818385,211.91493699330266,0.2,0.2,20.249999999999996,0.8,0.8,900.0,0.005,20
7.34,900.1079852125131,211.66871950896484,0.2,0.2,20.249999999999996,0.8,0.8,900.0,0.005,20
7.345,900.1087011037788,211.3963679475532,0.2,0.2,20.249999999999996,0.8,0.8,900.0,0.005,20
7.3500000000000005,900.1095158134617,211.16352344896347,0.2,0.2,20.249999999999996,0.8,0.8,900.0,0.005,20
7.355,900.11040584407,210.89850060248503,0.2,0.2,20.249999999999996,0.8,0.8,900.0,0.005,20
7.36,900.1112612336353,210.66600742296978,0.2,0.2,20.249999999999996,0.8,0.8,900.0,0.005,20
7.365,900.1120683482891,210.39053961493053,0.2,0.2,20.249999999999996,0.8,0.8,900.0,0.005,20
7.37,900.1127198128696,210.21279358381148,0.2,0.2,20.249999999999996,0.8,0.8,900.0,0.005,20
7.375,900.1131832061599,210.13677980255682,0.2,0.2,20.249999999999996,0.8,0.8,900.0,0.005,20
7.38,900.1134076570459,210.10638203933928,0.2,0.2,20.249999999999996,0.8,0.8,900.0,0.005,20
7.385,900.1134524612816,210.14635018489702,0.2,0.2,20.249999999999996,0.8,0.8,900.0,0.005,20
7.390000000000001,900.1132892349168,210.25922547825184,0.2,0.2,20.249999999999996,0.8,0.8,900.0,0.005,20
7.3950000000000005,900.1130479822418,210.40798233622567,0.2,0.2,20.249999999999996,0.8,0.8,900.0,0.005,20
7.4,900.1127732015467,210.6056410923403,0.2,0.2,20.249999999999996,0.8,0.8,900.0,0.005,20
7.405,900.112385839744,210.8432263785944,0.2,0.2,20.249999999999996,0.8,0.8,900.0,0.005,20
7.41,900.111982695364,211.08798582490502,0.2,0.2,20.249999999999996,0.8,0.8,900.0,0.005,20
7.415,900.1117075427384,211.25841399403342,0.2,0.2,20.249999999999996,0.8,0.8,900.0,0.005,20
7.42,900.1115060878075,211.43055739909957,0.2,0.2,20.249999999999996,0.8,0.8,900.0,0.005,20
7.425,900.1114512440598,211.6135022173187,0.2,0.2,20.249999999999996,0.8,0.8,900.0,0.005,20
7.43,900.1115935600673,211.78931261471942,0.2,0.2,20.249999999999996,0.8,0.8,900.0,0.005,20
7.4350000000000005,900.111931904207,211.95269521282606,0.2,0.2,20.249999999999996,0.8,0.8,900.0,0.005,20
7.44,900.1124098761092,212.06492223992907,0.2,0.2,20.249999999999996,0.8,0.8,900.0,0.005,20
7.445,900.1129924824639,212.159787465659,0.2,0.2,20.249999999999996,0.8,0.8,900.0,0.005,20
7.45,900.1134270407724,212.26552870626656,0.2,0.2,20.249999999999996,0.8,0.8,900.0,0.005,20
7.455,900.1137147894477,212.36078962658374,0.2,0.2,20.249999999999996,0.8,0.8,900.0,0.005,20
7.46,900.1137808621379,212.43974433474753,0.2,0.2,20.249999999999996,0.8,0.8,900.0,0.005,20
7.465,900.1135883359473,212.49188498362346,0.2,0.2,20.249999999999996,0.8,0.8,900.0,0.005,20
7.47,900.1130910094411,212.49346758277665,0.2,0.2,20.249999999999996,0.8,0.8,900.0,0.005,20
7.4750000000000005,900.1122805154906,212.47679259136538,0.2,0.2,20.249999999999996,0.8,0.8,900.0,0.005,20
7.48,900.1112365699823,212.39236248299846,0.2,0.2,20.249999999999996,0.8,0.8,900.0,0.005,20
7.485,900.1100201661898,212.2688219348534,0.2,0.2,20.249999999999996,0.8,0.8,900.0,0.005,20
7.49,900.1087681031875,212.10218264478863,0.2,0.2,20.249999999999996,0.8,0.8,900.0,0.005,20
7.495,900.1077373907829,211.71410432271193,0.2,0.2,20.249999999999996,0.8,0.8,900.0,0.005,20
7.5,900.1068257104657,211.36537634291656,0.2,0.2,20.249999999999996,0.8,0.8,900.0,0.005,20
7.505,900.1061801774844,211.04195193832112,0.2,0.2,20.249999999999996,0.8,0.8,900.0,0.005,20
7.51,900.1059699172295,210.71310602004445,0.2,0.2,20.249999999999996,0.8,0.8,900.0,0.005,20
7.515000000000001,900.106244122116,210.3763474327258,0.2,0.2,20.249999999999996,0.8,0.8,900.0,0.005,20
7.5200000000000005,900.1068747163819,210.03709715107692,0.2,0.2,20.249999999999996,0.8,0.8,900.0,0.005,20
7.525,900.1078412420688,209.72741843903512,0.2,0.2,20.249999999999996,0.8,0.8,900.0,0.005,20
7.53,900.1090106830414,209.4488278511304,0.2,0.2,20.249999999999996,0.8,0.8,900.0,0.005,20
7.535,900.1109270024282,208.57551673106738,0.2,0.2,20.249999999999996,0.8,0.8,900.0,0.005,20
7.54,900.1123060816818,208.46765386903226,0.2,0.2,20.249999999999996,0.8,0.8,900.0,0.005,20
7.545,900.1130217269716,208.4178172652129,0.2,0.2,20.249999999999996,0.8,0.8,900.0,0.005,20
7.55,900.1132037693068,208.44941950011207,0.2,0.2,20.249999999999996,0.8,0.8,900.0,0.005,20
7.555,900.1126345210042,208.51803959837113,0.2,0.2,20.249999999999996,0.8,0.8,900.0,0.005,20
7.5600000000000005,900.1112440219277,208.59212155945173,0.2,0.2,20.249999999999996,0.8,0.8,900.0,0.005,20
7.565,900.1092544977104,208.52308213402708,0.2,0.2,20.249999999999996,0.8,0.8,900.0,0.005,20
7.57,900.1066246887758,208.42401528359252,0.2,0.2,20.249999999999996,0.8,0.8,900.0,0.005,20
7.575,900.1035670696599,208.27719537416036,0.2,0.2,20.249999999999996,0.8,0.8,900.0,0.005,20
7.58,900.100451863782,208.06275775356536,0.2,0.2,20.249999999999996,0.8,0.8,900.0,0.005,20
7.585,900.0975838479137,207.79122450175657,0.2,0.2,20.249999999999996,0.8,0.8,900.0,0.005,20
7.59,900.0952222623209,207.48777244682194,0.2,0.2,20.249999999999996,0.8,0.8,900.0,0.005,20
7.595,900.0934958027083,207.17230813725666,0.2,0.2,20.249999999999996,0.8,0.8,900.0,0.005,20
7.6000000000000005,900.0924814977557,206.85198453459458,0.2,0.2,20.249999999999996,0.8,0.8,900.0,0.005,20
7.605,900.0919763170056,206.54129552924766,0.2,0.2,20.249999999999996,0.8,0.8,900.0,0.005,20
7.61,900.0918698902982,206.26155199399875,0.2,0.2,20.249999999999996,0.8,0.8,900.0,0.005,20
7.615,900.0921142816406,205.81040875125714,0.2,0.2,20.249999999999996,0.8,0.8,900.0,0.005,20
7.62,900.0924588876634,205.49456409021943,0.2,0.2,20.249999999999996,0.8,0.8,900.0,0.005,20
7.625,900.0925439124849,205.18793508250914,0.2,0.2,20.249999999999996,0.8,0.8,900.0,0.005,20
7.63,900.0925235261006,204.8415116119075,0.2,0.2,20.249999999999996,0.8,0.8,900.0,0.005,20
7.635,900.09243979091,204.44889540504218,0.2,0.2,20.249999999999996,0.8,0.8,900.0,0.005,20
7.640000000000001,900.0923774480972,204.024046821479,0.2,0.2,20.249999999999996,0.8,0.8,900.0,0.005,20
7.6450000000000005,900.0924361991991,203.611294197531,0.2,0.2,20.249999999999996,0.8,0.8,900.0,0.005,20
7.65,900.09284966543,203.11220467798518,0.2,0.2,20.249999999999996,0.8,0.8,900.0,0.005,20
7.655,900.0934763297994,202.7505406640648,0.2,0.2,20.249999999999996,0.8,0.8,900.0,0.005,20
7.66,900.0942806345053,202.48537498945035,0.2,0.2,20.249999999999996,0.8,0.8,900.0,0.005,20
7.665,900.0953444439324,202.27688543045895,0.2,0.2,20.249999999999996,0.8,0.8,900.0,0.005,20
7.67,900.0969436011595,201.91239854175885,0.2,0.2,20.249999999999996,0.8,0.8,900.0,0.005,20
7.675,900.0985126059771,201.82049639278384,0.2,0.2,20.249999999999996,0.8,0.8,900.0,0.005,20
7.68,900.1000422586093,201.81277692948854,0.2,0.2,20.249999999999996,0.8,0.8,900.0,0.005,20
7.6850000000000005,900.1015050284799,201.85975358825826,0.2,0.2,20.249999999999996,0.8,0.8,900.0,0.005,20
7.69,900.1030524613699,201.9020418440131,0.2,0.2,20.249999999999996,0.8,0.8,900.0,0.005,20
7.695,900.1045831008198,202.00542141722966,0.2,0.2,20.249999999999996,0.8,0.8,900.0,0.005,20
7.7,900.1060496154435,202.09349614496662,0.2,0.2,20.249999999999996,0.8,0.8,900.0,0.005,20
7.705,900.1077313711153,202.2325190002922,0.2,0.2,20.249999999999996,0.8,0.8,900.0,0.005,20
7.71,900.1096395956887,202.41854521015594,0.2,0.2,20.249999999999996,0.8,0.8,900.0,0.005,20
7.715,900.1117535476599,202.61069680384992,0.2,0.2,20.249999999999996,0.8,0.8,900.0,0.005,20
7.72,900.1140945528583,202.8093822115416,0.2,0.2,20.249999999999996,0.8,0.8,900.0,0.005,20
7.7250000000000005,900.1166264917105,203.01754112108293,0.2,0.2,20.249999999999996,0.8,0.8,900.0,0.005,20
7.73,900.1192366019238,203.23696463903102,0.2,0.2,20.249999999999996,0.8,0.8,900.0,0.005,20
7.735,900.1217912735666,203.4607654788874,0.2,0.2,20.249999999999996,0.8,0.8,900.0,0.005,20
7.74,900.1240772756813,203.7053193271506,0.2,0.2,20.249999999999996,0.8,0.8,900.0,0.005,20
7.745,900.1258851972452,203.96630273148878,0.2,0.2,20.249999999999996,0.8,0.8,900.0,0.005,20
7.75,900.1270701387408,204.25113631452518,0.2,0.2,20.249999999999996,0.8,0.8,900.0,0.005,20
7.755,900.1274970370919,204.56444500491486,0.2,0.2,20.249999999999996,0.8,0.8,900.0,0.005,20
7.76,900.1271191818903,204.90235820081725,0.2,0.2,20.249999999999996,0.8,0.8,900.0,0.005,20
7.765000000000001,900.1259387728938,205.26096752419883,0.2,0.2,20.249999999999996,0.8,0.8,900.0,0.005,20
7.7700000000000005,900.1240899693014,205.61284374682972,0.2,0.2,20.249999999999996,0.8,0.8,900.0,0.005,20
7.775,900.1221069322063,205.68722812645095,0.2,0.2,20.249999999999996,0.8,0.8,900.0,0.005,20
7.78,900.1197114678632,205.8745901335599,0.2,0.2,20.249999999999996,0.8,0.8,900.0,0.005,20
7.785,900.1170264507383,206.17156428254663,0.2,0.2,20.249999999999996,0.8,0.8,900.0,0.005,20
7.79,900.1143408044462,206.43499634796848,0.2,0.2,20.249999999999996,0.8,0.8,900.0,0.005,20
7.795,900.1118668838228,206.64450154712603,0.2,0.2,20.249999999999996,0.8,0.8,900.0,0.005,20
7.8,900.1097664131977,206.82323711968687,0.2,0.2,20.249999999999996,0.8,0.8,900.0,0.005,20
7.805000000000001,900.1082024929532,206.9533945537901,0.2,0.2,20.249999999999996,0.8,0.8,900.0,0.005,20
7.8100000000000005,900.107127665395,207.09210167568298,0.2,0.2,20.249999999999996,0.8,0.8,900.0,0.005,20
7.815,900.1065651480045,207.2128551066057,0.2,0.2,20.249999999999996,0.8,0.8,900.0,0.005,20
7.82,900.1064508315675,207.32475361532806,0.2,0.2,20.249999999999996,0.8,0.8,900.0,0.005,20
7.825,900.1066708022832,207.44989022012626,0.2,0.2,20.249999999999996,0.8,0.8,900.0,0.005,20
7.83,900.1070644839122,207.58259444205424,0.2,0.2,20.249999999999996,0.8,0.8,900.0,0.005,20
7.835,900.1075256165282,207.73145566333756,0.2,0.2,20.249999999999996,0.8,0.8,900.0,0.005,20
7.84,900.1085170675785,207.49065476792734,0.2,0.2,20.249999999999996,0.8,0.8,900.0,0.005,20
7.845,900.1092080385782,207.65717761652087,0.2,0.2,20.249999999999996,0.8,0.8,900.0,0.005,20
7.8500000000000005,900.1095221652149,207.86179574714217,0.2,0.2,20.249999999999996,0.8,0.8,900.0,0.005,20
7.855,900.1097151172514,207.98621373142285,0.2,0.2,20.249999999999996,0.8,0.8,900.0,0.005,20
7.86,900.1097072948518,208.16306375523095,0.2,0.2,20.249999999999996,0.8,0.8,900.0,0.005,20
7.865,900.1095919495665,208.37741027369864,0.2,0.2,20.249999999999996,0.8,0.8,900.0,0.005,20
7.87,900.1094100956334,208.6020198536862,0.2,0.2,20.249999999999996,0.8,0.8,900.0,0.005,20
7.875,900.1092182240343,208.79978619655682,0.2,0.2,20.249999999999996,0.8,0.8,900.0,0.005,20
7.88,900.1091472092934,208.99098067243904,0.2,0.2,20.249999999999996,0.8,0.8,900.0,0.005,20
7.885,900.1090866027799,209.21371242959634,0.2,0.2,20.249999999999996,0.8,0.8,900.0,0.005,20
7.890000000000001,900.1090378784908,209.29632692072857,0.2,0.2,20.249999999999996,0.8,0.8,900.0,0.005,20
7.8950000000000005,900.1092572741996,209.17531668975286,0.2,0.2,20.249999999999996,0.8,0.8,900.0,0.005,20
7.9,900.1089978777022,209.43146833937615,0.2,0.2,20.249999999999996,0.8,0.8,900.0,0.005,20
7.905,900.1084868234165,209.66338106821172,0.2,0.2,20.249999999999996,0.8,0.8,900.0,0.005,20
7.91,900.107822890347,209.67489449975412,0.2,0.2,20.249999999999996,0.8,0.8,900.0,0.005,20
7.915,900.1070366719999,209.81092692696998,0.2,0.2,20.249999999999996,0.8,0.8,900.0,0.005,20
7.92,900.1060003790584,209.93837284372248,0.2,0.2,20.249999999999996,0.8,0.8,900.0,0.005,20
7.925,900.1049674611354,210.02378493262879,0.2,0.2,20.249999999999996,0.8,0.8,900.0,0.005,20
7.930000000000001,900.1041492411293,210.07482245229727,0.2,0.2,20.249999999999996,0.8,0.8,900.0,0.005,20
7.9350000000000005,900.1037288589565,210.07382294281143,0.2,0.2,20.249999999999996,0.8,0.8,900.0,0.005,20
7.94,900.1038083553976,210.08630569521915,0.2,0.2,20.249999999999996,0.8,0.8,900.0,0.005,20
7.945,900.1043432722574,210.07904326591688,0.2,0.2,20.249999999999996,0.8,0.8,900.0,0.005,20
7.95,900.1054168885879,210.0643219084724,0.2,0.2,20.249999999999996,0.8,0.8,900.0,0.005,20
7.955,900.1069837128491,210.0517601878805,0.2,0.2,20.249999999999996,0.8,0.8,900.0,0.005,20
7.96,900.1088226638551,210.0312835927152,0.2,0.2,20.249999999999996,0.8,0.8,900.0,0.005,20
7.965,900.1107925378402,209.9928290442236,0.2,0.2,20.249999999999996,0.8,0.8,900.0,0.005,20
7.97,900.1128012686945,209.9961118123038,0.2,0.2,20.249999999999996,0.8,0.8,900.0,0.005,20
7.9750000000000005,900.114644228853,210.07230813020877,0.2,0.2,20.249999999999996,0.8,0.8,900.0,0.005,20
7.98,900.1162434873768,210.19475398484937,0.2,0.2,20.249999999999996,0.8,0.8,900.0,0.005,20
7.985,900.117562630502,210.37681133665004,0.2,0.2,20.249999999999996,0.8,0.8,900.0,0.005,20
7.99,900.1186191060181,210.61064384707674,0.2,0.2,20.249999999999996,0.8,0.8,900.0,0.005,20
7.995,900.1193501449917,210.89287025438233,0.2,0.2,20.249999999999996,0.8,0.8,900.0,0.005,20
8.0,900.1199517091153,211.1384946949759,0.2,0.2,20.249999999999996,0.8,0.8,900.0,0.005,20
8.005,900.1204557902767,211.41322054003922,0.2,0.2,20.249999999999996,0.8,0.8,900.0,0.005,20
8.01,900.1204105212018,211.74653089935526,0.2,0.2,20.249999999999996,0.8,0.8,900.0,0.005,20
8.015,900.1202219058908,211.9189529024273,0.2,0.2,20.249999999999996,0.8,0.8,900.0,0.005,20
8.02,900.119577797485,212.26813239500896,0.2,0.2,20.249999999999996,0.8,0.8,900.0,0.005,20
8.025,900.1183140741464,212.64165208631775,0.2,0.2,20.249999999999996,0.8,0.8,900.0,0.005,20
8.03,900.1166099005104,212.94347965635174,0.2,0.2,20.249999999999996,0.8,0.8,900.0,0.005,20
8.035,900.1145528784994,213.16864675911253,0.2,0.2,20.249999999999996,0.8,0.8,900.0,0.005,20
8.040000000000001,900.1122891247152,213.29143035663134,0.2,0.2,20.249999999999996,0.8,0.8,900.0,0.005,20
8.045,900.1099760121356,213.3104454873495,0.2,0.2,20.249999999999996,0.8,0.8,900.0,0.005,20
8.05,900.1080069798036,213.05979370878936,0.2,0.2,20.249999999999996,0.8,0.8,900.0,0.005,20
8.055,900.1062917450517,212.78295924133897,0.2,0.2,20.249999999999996,0.8,0.8,900.0,0.005,20
8.06,900.1050359075907,212.47238068442846,0.2,0.2,20.249999999999996,0.8,0.8,900.0,0.005,20
8.065,900.1039387766211,212.22555787506616,0.2,0.2,20.249999999999996,0.8,0.8,900.0,0.005,20
8.07,900.103198162144,211.9726687803842,0.2,0.2,20.249999999999996,0.8,0.8,900.0,0.005,20
8.075,900.1028115557987,211.70953921267485,0.2,0.2,20.249999999999996,0.8,0.8,900.0,0.005,20
8.08,900.1027412951474,211.4689514655395,0.2,0.2,20.249999999999996,0.8,0.8,900.0,0.005,20
8.085,900.1027472344348,211.27259609886826,0.2,0.2,20.249999999999996,0.8,0.8,900.0,0.005,20
8.09,900.1027761677408,211.09723083046174,0.2,0.2,20.249999999999996,0.8,0.8,900.0,0.005,20
8.095,900.1028408463047,210.95920539036427,0.2,0.2,20.249999999999996,0.8,0.8,900.0,0.005,20
8.1,900.1030570105219,210.507270769465,0.2,0.2,20.249999999999996,0.8,0.8,900.0,0.005,20
8.105,900.1030939581037,210.261597899434,0.2,0.2,20.249999999999996,0.8,0.8,900.0,0.005,20
8.11,900.1031389046777,210.1764092734715,0.2,0.2,20.249999999999996,0.8,0.8,900.0,0.005,20
8.115,900.1030848766645,210.08129441693822,0.2,0.2,20.249999999999996,0.8,0.8,900.0,0.005,20
8.120000000000001,900.1028969782394,209.978531685814,0.2,0.2,20.249999999999996,0.8,0.8,900.0,0.005,20
8.125,900.1024615125631,209.86576044582588,0.2,0.2,20.249999999999996,0.8,0.8,900.0,0.005,20
8.13,900.1018203539284,209.74463507671013,0.2,0.2,20.249999999999996,0.8,0.8,900.0,0.005,20
8.135,900.1010381268381,209.57735903074055,0.2,0.2,20.249999999999996,0.8,0.8,900.0,0.005,20
8.14,900.1002769956447,209.32705799529347,0.2,0.2,20.249999999999996,0.8,0.8,900.0,0.005,20
8.145,900.0994648739364,209.08078480072805,0.2,0.2,20.249999999999996,0.8,0.8,900.0,0.005,20
8.15,900.0986894023317,208.7861764266918,0.2,0.2,20.249999999999996,0.8,0.8,900.0,0.005,20
8.155,900.0980227151214,208.45998658963444,0.2,0.2,20.249999999999996,0.8,0.8,900.0,0.005,20
8.16,900.0974543419673,208.068902466156,0.2,0.2,20.249999999999996,0.8,0.8,900.0,0.005,20
8.165000000000001,900.0972292891927,207.6244200631806,0.2,0.2,20.249999999999996,0.8,0.8,900.0,0.005,20
8.17,900.0969992612811,207.21792824587237,0.2,0.2,20.249999999999996,0.8,0.8,900.0,0.005,20
8.175,900.0969148034268,206.79462424956952,0.2,0.2,20.249999999999996,0.8,0.8,900.0,0.005,20
8.18,900.0968751015395,206.36805729028683,0.2,0.2,20.249999999999996,0.8,0.8,900.0,0.005,20
8.185,900.0969088152979,205.93491584892172,0.2,0.2,20.249999999999996,0.8,0.8,900.0,0.005,20
8.19,900.0971353691424,205.53015583123948,0.2,0.2,20.249999999999996,0.8,0.8,900.0,0.005,20
8.195,900.0976569476413,205.12979416497996,0.2,0.2,20.249999999999996,0.8,0.8,900.0,0.005,20
8.2,900.0984371843217,204.7405169004073,0.2,0.2,20.249999999999996,0.8,0.8,900.0,0.005,20
8.205,900.0995470141091,204.33797501756865,0.2,0.2,20.249999999999996,0.8,0.8,900.0,0.005,20
8.21,900.1011556626524,203.83467729282282,0.2,0.2,20.249999999999996,0.8,0.8,900.0,0.005,20
8.215,900.1027600907489,203.58739462439365,0.2,0.2,20.249999999999996,0.8,0.8,900.0,0.005,20
8.22,900.1047067090043,203.3125636873578,0.2,0.2,20.249999999999996,0.8,0.8,900.0,0.005,20
8.225,900.1065949444888,203.19819299683246,0.2,0.2,20.249999999999996,0.8,0.8,900.0,0.005,20
8.23,900.1085897251415,203.0974731265414,0.2,0.2,20.249999999999996,0.8,0.8,900.0,0.005,20
8.235,900.1104065285036,203.17870882089082,0.2,0.2,20.249999999999996,0.8,0.8,900.0,0.005,20
8.24,900.1119463822267,203.35596306502944,0.2,0.2,20.249999999999996,0.8,0.8,900.0,0.005,20
8.245000000000001,900.1132967015322,203.51157585770852,0.2,0.2,20.249999999999996,0.8,0.8,900.0,0.005,20
8.25,900.1144241824557,203.7988032663186,0.2,0.2,20.249999999999996,0.8,0.8,900.0,0.005,20
8.255,900.1153565152596,204.16341499941007,0.2,0.2,20.249999999999996,0.8,0.8,900.0,0.005,20
8.26,900.1161371841074,204.59498750447682,0.2,0.2,20.249999999999996,0.8,0.8,900.0,0.005,20
8.265,900.1168234696316,205.08211267656915,0.2,0.2,20.249999999999996,0.8,0.8,900.0,0.005,20
8.27,900.1174649320551,205.6124874320063,0.2,0.2,20.249999999999996,0.8,0.8,900.0,0.005,20
8.275,900.1180833824845,206.17440423979227,0.2,0.2,20.249999999999996,0.8,0.8,900.0,0.005,20
8.28,900.1188322567829,206.6511504523551,0.2,0.2,20.249999999999996,0.8,0.8,900.0,0.005,20
8.285,900.1195859807817,207.21723464330788,0.2,0.2,20.249999999999996,0.8,0.8,900.0,0.005,20
8.290000000000001,900.120404094533,207.77562973434104,0.2,0.2,20.249999999999996,0.8,0.8,900.0,0.005,20
8.295,900.1210689236735,208.45411551055034,0.2,0.2,20.249999999999996,0.8,0.8,900.0,0.005,20
8.3,900.1214271351022,209.1929570068438,0.2,0.2,20.249999999999996,0.8,0.8,900.0,0.005,20
8.305,900.1215262443721,209.98200952158513,0.2,0.2,20.249999999999996,0.8,0.8,900.0,0.005,20
8.31,900.1214530376325,210.72497390294254,0.2,0.2,20.249999999999996,0.8,0.8,900.0,0.005,20
8.315,900.121171598861,211.55806638617628,0.2,0.2,20.249999999999996,0.8,0.8,900.0,0.005,20
8.32,900.1205842279213,212.38942836432332,0.2,0.2,20.249999999999996,0.8,0.8,900.0,0.005,20
8.325,900.1197732602395,213.20424784945178,0.2,0.2,20.249999999999996,0.8,0.8,900.0,0.005,20
8.33,900.1187342552117,213.98169135168507,0.2,0.2,20.249999999999996,0.8,0.8,900.0,0.005,20
8.335,900.1175187692294,214.6837247605265,0.2,0.2,20.249999999999996,0.8,0.8,900.0,0.005,20
8.34,900.1161524123474,215.279001616344,0.2,0.2,20.249999999999996,0.8,0.8,900.0,0.005,20
8.345,900.1147542162901,215.73929284835043,0.2,0.2,20.249999999999996,0.8,0.8,900.0,0.005,20
8.35,900.1133636212644,216.0678295506999,0.2,0.2,20.249999999999996,0.8,0.8,900.0,0.005,20
8.355,900.1120210837205,216.2524300959445,0.2,0.2,20.249999999999996,0.8,0.8,900.0,0.005,20
8.36,900.1107933137496,216.30213670983068,0.2,0.2,20.249999999999996,0.8,0.8,900.0,0.005,20
8.365,900.1097742810019,216.1538676281427,0.2,0.2,20.249999999999996,0.8,0.8,900.0,0.005,20
8.370000000000001,900.1089004741967,215.94758241658,0.2,0.2,20.249999999999996,0.8,0.8,900.0,0.005,20
8.375,900.1080704186556,215.73337652298477,0.2,0.2,20.249999999999996,0.8,0.8,900.0,0.005,20
8.38,900.1075826473833,215.17379717302651,0.2,0.2,20.249999999999996,0.8,0.8,900.0,0.005,20
8.385,900.1068631261523,214.74708446829823,0.2,0.2,20.249999999999996,0.8,0.8,900.0,0.005,20
8.39,900.1059253773146,214.33763137707365,0.2,0.2,20.249999999999996,0.8,0.8,900.0,0.005,20
8.395,900.1048091773953,213.90040085828414,0.2,0.2,20.249999999999996,0.8,0.8,900.0,0.005,20
8.4,900.1034379128461,213.42930693932868,0.2,0.2,20.249999999999996,0.8,0.8,900.0,0.005,20
8.405,900.1018728402414,212.93142224854088,0.2,0.2,20.249999999999996,0.8,0.8,900.0,0.005,20
8.41,900.1003482029157,212.36594309510983,0.2,0.2,20.249999999999996,0.8,0.8,900.0,0.005,20
8.415000000000001,900.0990519362966,211.77291033432644,0.2,0.2,20.249999999999996,0.8,0.8,900.0,0.005,20
8.42,900.0985328061215,210.6966468974567,0.2,0.2,20.249999999999996,0.8,0.8,900.0,0.005,20
8.425,900.0981352751604,209.79503756756046,0.2,0.2,20.249999999999996,0.8,0.8,900.0,0.005,20
8.43,900.0978073569547,209.17053271658284,0.2,0.2,20.249999999999996,0.8,0.8,900.0,0.005,20
8.435,900.0977839026267,208.55565540620088,0.2,0.2,20.249999999999996,0.8,0.8,900.0,0.005,20
8.44,900.098047190328,207.96714613120207,0.2,0.2,20.249999999999996,0.8,0.8,900.0,0.005,20
8.445,900.0986158367975,207.3938463684217,0.2,0.2,20.249999999999996,0.8,0.8,900.0,0.005,20
8.45,900.0995941744397,206.77945661384055,0.2,0.2,20.249999999999996,0.8,0.8,900.0,0.005,20
8.455,900.1006994955982,206.28863087291222,0.2,0.2,20.249999999999996,0.8,0.8,900.0,0.005,20
8.46,900.1019856944476,205.87164841759656,0.2,0.2,20.249999999999996,0.8,0.8,900.0,0.005,20
8.465,900.1033585376023,205.56173609728006,0.2,0.2,20.249999999999996,0.8,0.8,900.0,0.005,20
8.47,900.1046173134741,205.35086163549144,0.2,0.2,20.249999999999996,0.8,0.8,900.0,0.005,20
8.475,900.1056456705204,205.21276976654275,0.2,0.2,20.249999999999996,0.8,0.8,900.0,0.005,20
8.48,900.1064055949821,205.10594162378632,0.2,0.2,20.249999999999996,0.8,0.8,900.0,0.005,20
8.485,900.1068134553085,205.08026203594164,0.2,0.2,20.249999999999996,0.8,0.8,900.0,0.005,20
8.49,900.1068449789236,205.1196684090156,0.2,0.2,20.249999999999996,0.8,0.8,900.0,0.005,20
8.495000000000001,900.1065300180089,205.1939793633894,0.2,0.2,20.249999999999996,0.8,0.8,900.0,0.005,20
8.5,900.1059362589738,205.26934447431918,0.2,0.2,20.249999999999996,0.8,0.8,900.0,0.005,20
8.505,900.1053300544324,205.23389757889933,0.2,0.2,20.249999999999996,0.8,0.8,900.0,0.005,20
8.51,900.1045981874712,205.21691544023372,0.2,0.2,20.249999999999996,0.8,0.8,900.0,0.005,20
8.515,900.1037636714735,205.26278332979507,0.2,0.2,20.249999999999996,0.8,0.8,900.0,0.005,20
8.52,900.1028573192964,205.29260015162353,0.2,0.2,20.249999999999996,0.8,0.8,900.0,0.005,20
8.525,900.1020669639868,205.3016739390847,0.2,0.2,20.249999999999996,0.8,0.8,900.0,0.005,20
8.53,900.1016962308707,205.16547874644425,0.2,0.2,20.249999999999996,0.8,0.8,900.0,0.005,20
8.535,900.1014919131736,205.10470595354198,0.2,0.2,20.249999999999996,0.8,0.8,900.0,0.005,20
8.540000000000001,900.1014980580948,205.07594725741234,0.2,0.2,20.249999999999996,0.8,0.8,900.0,0.005,20
8.545,900.1017920934161,205.06100005478902,0.2,0.2,20.249999999999996,0.8,0.8,900.0,0.005,20
8.55,900.1023214380413,205.03634574087116,0.2,0.2,20.249999999999996,0.8,0.8,900.0,0.005,20
8.555,900.1031480512889,205.02839755592217,0.2,0.2,20.249999999999996,0.8,0.8,900.0,0.005,20
8.56,900.1040116161862,205.06861966754656,0.2,0.2,20.249999999999996,0.8,0.8,900.0,0.005,20
8.565,900.1051273283495,204.91689120070131,0.2,0.2,20.249999999999996,0.8,0.8,900.0,0.005,20
8.57,900.1063699604659,204.74975309430693,0.2,0.2,20.249999999999996,0.8,0.8,900.0,0.005,20
8.575000000000001,900.1074607323511,204.84053152857848,0.2,0.2,20.249999999999996,0.8,0.8,900.0,0.005,20
8.58,900.1086331768687,204.96688425790038,0.2,0.2,20.249999999999996,0.8,0.8,900.0,0.005,20
8.585,900.1098900381575,205.0900985888447,0.2,0.2,20.249999999999996,0.8,0.8,900.0,0.005,20
8.59,900.1112212862711,205.2125318120627,0.2,0.2,20.249999999999996,0.8,0.8,900.0,0.005,20
8.595,900.1126170524934,205.3747997497851,0.2,0.2,20.249999999999996,0.8,0.8,900.0,0.005,20
8.6,900.1142660978007,205.53258884447678,0.2,0.2,20.249999999999996,0.8,0.8,900.0,0.005,20
8.605,900.1163206580352,205.74624039103966,0.2,0.2,20.249999999999996,0.8,0.8,900.0,0.005,20
8.61,900.1185016576326,206.05077677652602,0.2,0.2,20.249999999999996,0.8,0.8,900.0,0.005,20
8.615,900.1207739342931,206.4294588202936,0.2,0.2,20.249999999999996,0.8,0.8,900.0,0.005,20
8.620000000000001,900.1232079455621,206.87607186938627,0.2,0.2,20.249999999999996,0.8,0.8,900.0,0.005,20
8.625,900.125649539645,207.43387592637646,0.2,0.2,20.249999999999996,0.8,0.8,900.0,0.005,20
8.63,900.1278875437098,208.11292853873806,0.2,0.2,20.249999999999996,0.8,0.8,900.0,0.005,20
8.635,900.1298130237035,208.94401608287856,0.2,0.2,20.249999999999996,0.8,0.8,900.0,0.005,20
8.64,900.131335894417,209.87540723243697,0.2,0.2,20.249999999999996,0.8,0.8,900.0,0.005,20
8.645,900.1329730407161,210.36437207441853,0.2,0.2,20.249999999999996,0.8,0.8,900.0,0.005,20
8.65,900.1335376949211,211.5431213406448,0.2,0.2,20.249999999999996,0.8,0.8,900.0,0.005,20
8.655,900.1331744725125,212.78129687240994,0.2,0.2,20.249999999999996,0.8,0.8,900.0,0.005,20
8.66,900.1320238434134,214.06778536930773,0.2,0.2,20.249999999999996,0.8,0.8,900.0,0.005,20
8.665000000000001,900.1299971893125,215.32121415819955,0.2,0.2,20.249999999999996,0.8,0.8,900.0,0.005,20
8.67,900.1272941230709,216.47593911551172,0.2,0.2,20.249999999999996,0.8,0.8,900.0,0.005,20
8.675,900.12399611897,217.41664555785147,0.2,0.2,20.249999999999996,0.8,0.8,900.0,0.005,20
8.68,900.1203142840752,218.16594143383907,0.2,0.2,20.249999999999996,0.8,0.8,900.0,0.005,20
8.685,900.1165157683686,218.67760095314534,0.2,0.2,20.249999999999996,0.8,0.8,900.0,0.005,20
8.69,900.1128740940969,218.92596104596953,0.2,0.2,20.249999999999996,0.8,0.8,900.0,0.005,20
8.695,900.1095248729722,218.92234889368797,0.2,0.2,20.249999999999996,0.8,0.8,900.0,0.005,20
8.700000000000001,900.1067159034226,218.69464049833775,0.2,0.2,20.249999999999996,0.8,0.8,900.0,0.005,20
8.705,900.1045686285208,218.28992364041352,0.2,0.2,20.249999999999996,0.8,0.8,900.0,0.005,20
8.71,900.1031238758883,217.75275365214003,0.2,0.2,20.249999999999996,0.8,0.8,900.0,0.005,20
8.715,900.1023450611591,217.12642285137545,0.2,0.2,20.249999999999996,0.8,0.8,900.0,0.005,20
8.72,900.1021109733467,216.44600637501114,0.2,0.2,20.249999999999996,0.8,0.8,900.0,0.005,20
8.725,900.1022478159023,215.735600730489,0.2,0.2,20.249999999999996,0.8,0.8,900.0,0.005,20
8.73,900.1026188747103,214.9835993305105,0.2,0.2,20.249999999999996,0.8,0.8,900.0,0.005,20
8.735,900.1030348415397,214.24444565574237,0.2,0.2,20.249999999999996,0.8,0.8,900.0,0.005,20
8.74,900.1033495412381,213.44610212906602,0.2,0.2,20.249999999999996,0.8,0.8,900.0,0.005,20
8.745000000000001,900.1034363206992,212.7141669039049,0.2,0.2,20.249999999999996,0.8,0.8,900.0,0.005,20
8.75,900.1033154966641,211.99464230347127,0.2,0.2,20.249999999999996,0.8,0.8,900.0,0.005,20
8.755,900.1030702174777,211.2818082721088,0.2,0.2,20.249999999999996,0.8,0.8,900.0,0.005,20
8.76,900.1027163906288,210.58945737405662,0.2,0.2,20.249999999999996,0.8,0.8,900.0,0.005,20
8.765,900.1023094760249,209.91987126961172,0.2,0.2,20.249999999999996,0.8,0.8,900.0,0.005,20
8.77,900.1019477931496,209.27807480215338,0.2,0.2,20.249999999999996,0.8,0.8,900.0,0.005,20
8.775,900.1017253847872,208.6276385310363,0.2,0.2,20.249999999999996,0.8,0.8,900.0,0.005,20
8.78,900.1016698072353,208.06376520984847,0.2,0.2,20.249999999999996,0.8,0.8,900.0,0.005,20
8.785,900.1016774190294,207.58934152949135,0.2,0.2,20.249999999999996,0.8,0.8,900.0,0.005,20
8.790000000000001,900.1017781838027,207.18460823618972,0.2,0.2,20.249999999999996,0.8,0.8,900.0,0.005,20
8.795,900.101952515063,206.846126228824,0.2,0.2,20.249999999999996,0.8,0.8,900.0,0.005,20
8.8,900.102164642867,206.56726530436873,0.2,0.2,20.249999999999996,0.8,0.8,900.0,0.005,20
8.805,900.1023841926539,206.3687399269777,0.2,0.2,20.249999999999996,0.8,0.8,900.0,0.005,20
8.81,900.1025832084476,206.2299691005796,0.2,0.2,20.249999999999996,0.8,0.8,900.0,0.005,20
8.815,900.1028013476501,206.1371026784051,0.2,0.2,20.249999999999996,0.8,0.8,900.0,0.005,20
8.82,900.1033248950998,206.00534471871163,0.2,0.2,20.249999999999996,0.8,0.8,900.0,0.005,20
8.825000000000001,900.1039054359152,205.76015747649674,0.2,0.2,20.249999999999996,0.8,0.8,900.0,0.005,20
8.83,900.1043756955291,205.66096457973637,0.2,0.2,20.249999999999996,0.8,0.8,900.0,0.005,20
8.835,900.1047788204075,205.60990119673605,0.2,0.2,20.249999999999996,0.8,0.8,900.0,0.005,20
8.84,900.1051129861243,205.55041923123937,0.2,0.2,20.249999999999996,0.8,0.8,900.0,0.005,20
8.845,900.1053803315938,205.53595432841925,0.2,0.2,20.249999999999996,0.8,0.8,900.0,0.005,20
8.85,900.1056748147421,205.53304406807354,0.2,0.2,20.249999999999996,0.8,0.8,900.0,0.005,20
8.855,900.1059479802353,205.52577538363806,0.2,0.2,20.249999999999996,0.8,0.8,900.0,0.005,20
8.86,900.1062099169295,205.52540494556544,0.2,0.2,20.249999999999996,0.8,0.8,900.0,0.005,20
8.865,900.1064597942142,205.53691623530946,0.2,0.2,20.249999999999996,0.8,0.8,900.0,0.005,20
8.870000000000001,900.1067002722183,205.54299018442384,0.2,0.2,20.249999999999996,0.8,0.8,900.0,0.005,20
8.875,900.1068338594844,205.53728238819426,0.2,0.2,20.249999999999996,0.8,0.8,900.0,0.005,20
8.88,900.1068726235593,205.45472586119357,0.2,0.2,20.249999999999996,0.8,0.8,900.0,0.005,20
8.885,900.1072202330596,205.14322115318961,0.2,0.2,20.249999999999996,0.8,0.8,900.0,0.005,20
8.89,900.1072674231718,205.06453181688326,0.2,0.2,20.249999999999996,0.8,0.8,900.0,0.005,20
8.895,900.10699990627,205.02003496197875,0.2,0.2,20.249999999999996,0.8,0.8,900.0,0.005,20
8.9,900.1064985096402,204.99279799611955,0.2,0.2,20.249999999999996,0.8,0.8,900.0,0.005,20
8.905,900.105914171322,204.96048958300065,0.2,0.2,20.249999999999996,0.8,0.8,900.0,0.005,20
8.91,900.1052921812577,204.91145660940074,0.2,0.2,20.249999999999996,0.8,0.8,900.0,0.005,20
8.915000000000001,900.1047145044128,204.90482304384437,0.2,0.2,20.249999999999996,0.8,0.8,900.0,0.005,20
8.92,900.1043330341536,204.92382330484142,0.2,0.2,20.249999999999996,0.8,0.8,900.0,0.005,20
8.925,900.1041419147145,204.97539216004463,0.2,0.2,20.249999999999996,0.8,0.8,900.0,0.005,20
8.93,900.1041286305145,205.0730913290921,0.2,0.2,20.249999999999996,0.8,0.8,900.0,0.005,20
8.935,900.1042963382312,205.21668705217652,0.2,0.2,20.249999999999996,0.8,0.8,900.0,0.005,20
8.94,900.1046086760848,205.40971966309573,0.2,0.2,20.249999999999996,0.8,0.8,900.0,0.005,20
8.945,900.1050850604544,205.64190712667616,0.2,0.2,20.249999999999996,0.8,0.8,900.0,0.005,20
8.950000000000001,900.1056212808815,205.9117004392817,0.2,0.2,20.249999999999996,0.8,0.8,900.0,0.005,20
8.955,900.1061799023283,206.19868600899545,0.2,0.2,20.249999999999996,0.8,0.8,900.0,0.005,20
8.96,900.1067111640237,206.50888422756367,0.2,0.2,20.249999999999996,0.8,0.8,900.0,0.005,20
8.965,900.1071398104934,206.85079552437142,0.2,0.2,20.249999999999996,0.8,0.8,900.0,0.005,20
8.97,900.1075001351392,207.18748644570306,0.2,0.2,20.249999999999996,0.8,0.8,900.0,0.005,20
8.975,900.1080077474568,207.3813055995952,0.2,0.2,20.249999999999996,0.8,0.8,900.0,0.005,20
8.98,900.108786756198,207.38970918407216,0.2,0.2,20.249999999999996,0.8,0.8,900.0,0.005,20
8.985,900.1093373205631,207.61021672100526,0.2,0.2,20.249999999999996,0.8,0.8,900.0,0.005,20
8.99,900.1097530729353,207.80307940923026,0.2,0.2,20.249999999999996,0.8,0.8,900.0,0.005,20
8.995000000000001,900.1101455555695,207.9303634537476,0.2,0.2,20.249999999999996,0.8,0.8,900.0,0.005,20
9.0,900.1105045012653,207.97507819488564,0.2,0.2,20.249999999999996,0.8,0.8,900.0,0.005,20
9.005,900.1108917053538,207.99668824188169,0.2,0.2,20.249999999999996,0.8,0.8,900.0,0.005,20
9.01,900.1113056910933,208.0018845978802,0.2,0.2,20.249999999999996,0.8,0.8,900.0,0.005,20
9.015,900.1117467246373,207.97331009703902,0.2,0.2,20.249999999999996,0.8,0.8,900.0,0.005,20
9.02,900.1123000380372,207.8626089031373,0.2,0.2,20.249999999999996,0.8,0.8,900.0,0.005,20
9.025,900.1127971968374,207.80528539786198,0.2,0.2,20.249999999999996,0.8,0.8,900.0,0.005,20
9.03,900.1132257459519,207.75493731011764,0.2,0.2,20.249999999999996,0.8,0.8,900.0,0.005,20
9.035,900.1136166355363,207.71484159170913,0.2,0.2,20.249999999999996,0.8,0.8,900.0,0.005,20
9.040000000000001,900.1139087077546,207.68970967915283,0.2,0.2,20.249999999999996,0.8,0.8,900.0,0.005,20
9.045,900.1141168780183,207.65884011544824,0.2,0.2,20.249999999999996,0.8,0.8,900.0,0.005,20
9.05,900.1141721804337,207.6514441131325,0.2,0.2,20.249999999999996,0.8,0.8,900.0,0.005,20
9.055,900.1141152189003,207.65179722162011,0.2,0.2,20.249999999999996,0.8,0.8,900.0,0.005,20
9.06,900.1139974592664,207.67187971451983,0.2,0.2,20.249999999999996,0.8,0.8,900.0,0.005,20
9.065,900.1138679081027,207.7011728399786,0.2,0.2,20.249999999999996,0.8,0.8,900.0,0.005,20
9.07,900.1141092526278,207.4518586341116,0.2,0.2,20.249999999999996,0.8,0.8,900.0,0.005,20
9.075000000000001,900.1140039773593,207.48537067787484,0.2,0.2,20.249999999999996,0.8,0.8,900.0,0.005,20
9.08,900.1137054613586,207.50273327439515,0.2,0.2,20.249999999999996,0.8,0.8,900.0,0.005,20
9.085,900.1136174680739,207.27817333236064,0.2,0.2,20.249999999999996,0.8,0.8,900.0,0.005,20
9.09,900.1129180664288,207.3369043262091,0.2,0.2,20.249999999999996,0.8,0.8,900.0,0.005,20
9.095,900.1119448951506,207.20343606428335,0.2,0.2,20.249999999999996,0.8,0.8,900.0,0.005,20
9.1,900.1106176321654,207.23910486281417,0.2,0.2,20.249999999999996,0.8,0.8,900.0,0.005,20
9.105,900.1088857894104,207.2628235182555,0.2,0.2,20.249999999999996,0.8,0.8,900.0,0.005,20
9.11,900.1067843283582,207.21803803088577,0.2,0.2,20.249999999999996,0.8,0.8,900.0,0.005,20
9.115,900.1045152385448,207.10873878641146,0.2,0.2,20.249999999999996,0.8,0.8,900.0,0.005,20
9.120000000000001,900.1023709707338,206.86194861327473,0.2,0.2,20.249999999999996,0.8,0.8,900.0,0.005,20
9.125,900.1002060719562,206.52754960110622,0.2,0.2,20.249999999999996,0.8,0.8,900.0,0.005,20
9.13,900.0981745592786,206.20088763963963,0.2,0.2,20.249999999999996,0.8,0.8,900.0,0.005,20
9.135,900.0964012779235,205.83394190345788,0.2,0.2,20.249999999999996,0.8,0.8,900.0,0.005,20
9.14,900.0950891986089,205.3977424077753,0.2,0.2,20.249999999999996,0.8,0.8,900.0,0.005,20
9.145,900.0943006127527,204.9365072800512,0.2,0.2,20.249999999999996,0.8,0.8,900.0,0.005,20
9.15,900.094065295462,204.53233544096227,0.2,0.2,20.249999999999996,0.8,0.8,900.0,0.005,20
9.155,900.0942865388134,204.15807326415708,0.2,0.2,20.249999999999996,0.8,0.8,900.0,0.005,20
9.16,900.094918940736,203.8235830231748,0.2,0.2,20.249999999999996,0.8,0.8,900.0,0.005,20
9.165000000000001,900.0958790914361,203.53979465784644,0.2,0.2,20.249999999999996,0.8,0.8,900.0,0.005,20
9.17,900.0971569685446,203.25466015014527,0.2,0.2,20.249999999999996,0.8,0.8,900.0,0.005,20
9.175,900.0986967399886,203.03088914512804,0.2,0.2,20.249999999999996,0.8,0.8,900.0,0.005,20
9.18,900.1002630331448,202.921350599649,0.2,0.2,20.249999999999996,0.8,0.8,900.0,0.005,20
9.185,900.1018741499961,202.88785496270563,0.2,0.2,20.249999999999996,0.8,0.8,900.0,0.005,20
9.19,900.103523379609,202.93201945918005,0.2,0.2,20.249999999999996,0.8,0.8,900.0,0.005,20
9.195,900.1056661263428,202.73262890497546,0.2,0.2,20.249999999999996,0.8,0.8,900.0,0.005,20
9.200000000000001,900.1078264963523,202.8362752792574,0.2,0.2,20.249999999999996,0.8,0.8,900.0,0.005,20
9.205,900.1097543493373,203.08452620245686,0.2,0.2,20.249999999999996,0.8,0.8,900.0,0.005,20
9.21,900.1114866976985,203.41336046276535,0.2,0.2,20.249999999999996,0.8,0.8,900.0,0.005,20
9.215,900.113080536369,203.71344744747142,0.2,0.2,20.249999999999996,0.8,0.8,900.0,0.005,20
9.22,900.1142877295676,204.16903397851922,0.2,0.2,20.249999999999996,0.8,0.8,900.0,0.005,20
9.225,900.1153278624944,204.6597790526997,0.2,0.2,20.249999999999996,0.8,0.8,900.0,0.005,20
9.23,900.1161431444203,205.20284823370721,0.2,0.2,20.249999999999996,0.8,0.8,900.0,0.005,20
9.235,900.1167892601076,205.80070673615128,0.2,0.2,20.249999999999996,0.8,0.8,900.0,0.005,20
9.24,900.1173506963016,206.42911474028602,0.2,0.2,20.249999999999996,0.8,0.8,900.0,0.005,20
9.245000000000001,900.1178650127931,207.0751346446196,0.2,0.2,20.249999999999996,0.8,0.8,900.0,0.005,20
9.25,900.1184623503316,207.71546683886288,0.2,0.2,20.249999999999996,0.8,0.8,900.0,0.005,20
9.255,900.1199031334735,208.07015631658388,0.2,0.2,20.249999999999996,0.8,0.8,900.0,0.005,20
9.26,900.1208954364358,208.81639159309807,0.2,0.2,20.249999999999996,0.8,0.8,900.0,0.005,20
9.265,900.1218042252285,209.59233936147106,0.2,0.2,20.249999999999996,0.8,0.8,900.0,0.005,20
9.27,900.1226714396053,210.38213444343396,0.2,0.2,20.249999999999996,0.8,0.8,900.0,0.005,20
9.275,900.1234179946499,211.16495610031615,0.2,0.2,20.249999999999996,0.8,0.8,900.0,0.005,20
9.28,900.1239733209387,211.9543991323904,0.2,0.2,20.249999999999996,0.8,0.8,900.0,0.005,20
9.285,900.1242841007155,212.7315990070514,0.2,0.2,20.249999999999996,0.8,0.8,900.0,0.005,20
9.290000000000001,900.1243324941049,213.48026870132875,0.2,0.2,20.249999999999996,0.8,0.8,900.0,0.005,20
9.295,900.1241229777165,214.18540706354312,0.2,0.2,20.249999999999996,0.8,0.8,900.0,0.005,20
9.3,900.1236783261606,214.8216427483548,0.2,0.2,20.249999999999996,0.8,0.8,900.0,0.005,20
9.305,900.1230649377661,215.37889878120566,0.2,0.2,20.249999999999996,0.8,0.8,900.0,0.005,20
9.31,900.1222802160112,215.87648102065853,0.2,0.2,20.249999999999996,0.8,0.8,900.0,0.005,20
9.315,900.1212789749353,216.3225060957074,0.2,0.2,20.249999999999996,0.8,0.8,900.0,0.005,20
9.32,900.1201520885752,216.68420439140635,0.2,0.2,20.249999999999996,0.8,0.8,900.0,0.005,20
9.325000000000001,900.1190004047212,216.96484861442545,0.2,0.2,20.249999999999996,0.8,0.8,900.0,0.005,20
9.33,900.1178531453601,217.17646826131858,0.2,0.2,20.249999999999996,0.8,0.8,900.0,0.005,20
9.335,900.1168567740648,217.3198073551766,0.2,0.2,20.249999999999996,0.8,0.8,900.0,0.005,20
9.34,900.1159026296173,217.5030825008446,0.2,0.2,20.249999999999996,0.8,0.8,900.0,0.005,20
9.345,900.1150279490469,217.7344687335714,0.2,0.2,20.249999999999996,0.8,0.8,900.0,0.005,20
9.35,900.1142682576003,217.9869639154311,0.2,0.2,20.249999999999996,0.8,0.8,900.0,0.005,20
9.355,900.1134846146492,218.2757230195988,0.2,0.2,20.249999999999996,0.8,0.8,900.0,0.005,20
9.36,900.1124564549805,217.68389280782287,0.2,0.2,20.249999999999996,0.8,0.8,900.0,0.005,20
9.365,900.1113349479656,217.32391214330121,0.2,0.2,20.249999999999996,0.8,0.8,900.0,0.005,20
9.370000000000001,900.1100279379756,217.29869161386685,0.2,0.2,20.249999999999996,0.8,0.8,900.0,0.005,20
9.375,900.1085664382779,217.26324568113114,0.2,0.2,20.249999999999996,0.8,0.8,900.0,0.005,20
9.38,900.107055988301,217.22409157919915,0.2,0.2,20.249999999999996,0.8,0.8,900.0,0.005,20
9.385,900.10555039703,217.15111193853667,0.2,0.2,20.249999999999996,0.8,0.8,900.0,0.005,20
9.39,900.1041364468742,217.03109675247885,0.2,0.2,20.249999999999996,0.8,0.8,900.0,0.005,20
9.395,900.1028760830061,216.86124079409902,0.2,0.2,20.249999999999996,0.8,0.8,900.0,0.005,20
9.4,900.1019224140806,216.60058906193254,0.2,0.2,20.249999999999996,0.8,0.8,900.0,0.005,20
9.405,900.1012285896356,216.23067736231104,0.2,0.2,20.249999999999996,0.8,0.8,900.0,0.005,20
9.41,900.1008226203882,215.87892545836098,0.2,0.2,20.249999999999996,0.8,0.8,900.0,0.005,20
9.415000000000001,900.1008872719906,215.4470781859805,0.2,0.2,20.249999999999996,0.8,0.8,900.0,0.005,20
9.42,900.1012373801858,214.98242158626266,0.2,0.2,20.249999999999996,0.8,0.8,900.0,0.005,20
9.425,900.1015762231705,214.58553471190825,0.2,0.2,20.249999999999996,0.8,0.8,900.0,0.005,20
9.43,900.1018488977583,214.2488066968159,0.2,0.2,20.249999999999996,0.8,0.8,900.0,0.005,20
9.435,900.1020696792682,213.93822051713113,0.2,0.2,20.249999999999996,0.8,0.8,900.0,0.005,20
9.44,900.1022073581096,213.65792994040189,0.2,0.2,20.249999999999996,0.8,0.8,900.0,0.005,20
9.445,900.1022908730527,213.388684031441,0.2,0.2,20.249999999999996,0.8,0.8,900.0,0.005,20
9.450000000000001,900.1024439702798,212.9303134211345,0.2,0.2,20.249999999999996,0.8,0.8,900.0,0.005,20
9.455,900.1025583420222,212.61964016475957,0.2,0.2,20.249999999999996,0.8,0.8,900.0,0.005,20
9.46,900.1023950789569,212.393377926447,0.2,0.2,20.249999999999996,0.8,0.8,900.0,0.005,20
9.465,900.1019969834954,212.17081813437238,0.2,0.2,20.249999999999996,0.8,0.8,900.0,0.005,20
9.47,900.101491202744,211.94084468742935,0.2,0.2,20.249999999999996,0.8,0.8,900.0,0.005,20
9.475,900.1008361766322,211.6794048374876,0.2,0.2,20.249999999999996,0.8,0.8,900.0,0.005,20
9.48,900.1002354462173,211.21690079262567,0.2,0.2,20.249999999999996,0.8,0.8,900.0,0.005,20
9.485,900.0999901302235,210.7068377421161,0.2,0.2,20.249999999999996,0.8,0.8,900.0,0.005,20
9.49,900.0994911618895,210.35589255838065,0.2,0.2,20.249999999999996,0.8,0.8,900.0,0.005,20
9.495000000000001,900.0989958211795,210.0039337017892,0.2,0.2,20.249999999999996,0.8,0.8,900.0,0.005,20
9.5,900.0985677253343,209.6916755720868,0.2,0.2,20.249999999999996,0.8,0.8,900.0,0.005,20
9.505,900.0981585060161,209.37624599350158,0.2,0.2,20.249999999999996,0.8,0.8,900.0,0.005,20
9.51,900.0977890566127,208.91441759642032,0.2,0.2,20.249999999999996,0.8,0.8,900.0,0.005,20
9.515,900.0977313297769,208.3172067848956,0.2,0.2,20.249999999999996,0.8,0.8,900.0,0.005,20
9.52,900.0974952156738,207.94661151697406,0.2,0.2,20.249999999999996,0.8,0.8,900.0,0.005,20
9.525,900.0972220524359,207.56324009553592,0.2,0.2,20.249999999999996,0.8,0.8,900.0,0.005,20
9.53,900.097013739504,207.15862698095276,0.2,0.2,20.249999999999996,0.8,0.8,900.0,0.005,20
9.535,900.0970163324785,206.70275778974653,0.2,0.2,20.249999999999996,0.8,0.8,900.0,0.005,20
9.540000000000001,900.0973691182619,206.25141177418232,0.2,0.2,20.249999999999996,0.8,0.8,900.0,0.005,20
9.545,900.0978286243735,205.79765707875265,0.2,0.2,20.249999999999996,0.8,0.8,900.0,0.005,20
9.55,900.0983094521617,205.34618804845275,0.2,0.2,20.249999999999996,0.8,0.8,900.0,0.005,20
9.555,900.0988760588566,204.90248876750988,0.2,0.2,20.249999999999996,0.8,0.8,900.0,0.005,20
9.56,900.0995643818987,204.44775935379576,0.2,0.2,20.249999999999996,0.8,0.8,900.0,0.005,20
9.565,900.1003143747431,204.00264904341228,0.2,0.2,20.249999999999996,0.8,0.8,900.0,0.005,20
9.57,900.1011939772583,203.5740779562161,0.2,0.2,20.249999999999996,0.8,0.8,900.0,0.005,20
9.575000000000001,900.1022899528721,203.1439561969898,0.2,0.2,20.249999999999996,0.8,0.8,900.0,0.005,20
9.58,900.1036057088739,202.75201039364256,0.2,0.2,20.249999999999996,0.8,0.8,900.0,0.005,20
9.585,900.1050943284865,202.4166785470971,0.2,0.2,20.249999999999996,0.8,0.8,900.0,0.005,20
9.59,900.1071928093728,202.0703295850444,0.2,0.2,20.249999999999996,0.8,0.8,900.0,0.005,20
9.595,900.1096381681007,201.85755411953744,0.2,0.2,20.249999999999996,0.8,0.8,900.0,0.005,20
9.6,900.1119951504849,201.79462602051083,0.2,0.2,20.249999999999996,0.8,0.8,900.0,0.005,20
9.605,900.11428528951,201.8748267305039,0.2,0.2,20.249999999999996,0.8,0.8,900.0,0.005,20
9.61,900.1166739692455,201.93639062029916,0.2,0.2,20.249999999999996,0.8,0.8,900.0,0.005,20
9.615,900.1187673445945,202.22550271655064,0.2,0.2,20.249999999999996,0.8,0.8,900.0,0.005,20
9.620000000000001,900.1203157396482,202.72498334230247,0.2,0.2,20.249999999999996,0.8,0.8,900.0,0.005,20
9.625,900.1214208016207,203.30563213690957,0.2,0.2,20.249999999999996,0.8,0.8,900.0,0.005,20
9.63,900.1219158910245,204.04736672508625,0.2,0.2,20.249999999999996,0.8,0.8,900.0,0.005,20
9.635,900.1217975742784,204.8874742612998,0.2,0.2,20.249999999999996,0.8,0.8,900.0,0.005,20
9.64,900.1211214718712,205.69159501285804,0.2,0.2,20.249999999999996,0.8,0.8,900.0,0.005,20
9.645,900.1198887865202,206.55418673470535,0.2,0.2,20.249999999999996,0.8,0.8,900.0,0.005,20
9.65,900.1182299176251,207.20723470206363,0.2,0.2,20.249999999999996,0.8,0.8,900.0,0.005,20
9.655,900.116465299593,207.84847416976433,0.2,0.2,20.249999999999996,0.8,0.8,900.0,0.005,20
9.66,900.1144544451962,208.55579999138675,0.2,0.2,20.249999999999996,0.8,0.8,900.0,0.005,20
9.665000000000001,900.1123958759237,209.02022960329722,0.2,0.2,20.249999999999996,0.8,0.8,900.0,0.005,20
9.67,900.1106121474206,209.41873390699277,0.2,0.2,20.249999999999996,0.8,0.8,900.0,0.005,20
9.675,900.1091257525009,209.7201700573405,0.2,0.2,20.249999999999996,0.8,0.8,900.0,0.005,20
9.68,900.108050002833,209.92627374946747,0.2,0.2,20.249999999999996,0.8,0.8,900.0,0.005,20
9.685,900.1074468696448,210.0510701941647,0.2,0.2,20.249999999999996,0.8,0.8,900.0,0.005,20
9.69,900.1073922129408,210.07657199158908,0.2,0.2,20.249999999999996,0.8,0.8,900.0,0.005,20
9.695,900.1075450413089,210.06736931035877,0.2,0.2,20.249999999999996,0.8,0.8,900.0,0.005,20
9.700000000000001,900.1078161061754,210.01246451629905,0.2,0.2,20.249999999999996,0.8,0.8,900.0,0.005,20
9.705,900.1080937823615,209.9324638270488,0.2,0.2,20.249999999999996,0.8,0.8,900.0,0.005,20
9.71,900.1084191383546,209.78416429325515,0.2,0.2,20.249999999999996,0.8,0.8,900.0,0.005,20
9.715,900.1085070076113,209.6807248811017,0.2,0.2,20.249999999999996,0.8,0.8,900.0,0.005,20
9.72,900.1083531346889,209.50979530039038,0.2,0.2,20.249999999999996,0.8,0.8,900.0,0.005,20
9.725,900.1077916758852,209.33150803755177,0.2,0.2,20.249999999999996,0.8,0.8,900.0,0.005,20
9.73,900.1068294752315,209.1549179815884,0.2,0.2,20.249999999999996,0.8,0.8,900.0,0.005,20
9.735,900.1055513687757,208.94202435762483,0.2,0.2,20.249999999999996,0.8,0.8,900.0,0.005,20
9.74,900.1041012889069,208.70714455818631,0.2,0.2,20.249999999999996,0.8,0.8,900.0,0.005,20
9.745000000000001,900.1026058951111,208.45419566769527,0.2,0.2,20.249999999999996,0.8,0.8,900.0,0.005,20
9.75,900.101215984207,208.1431335998405,0.2,0.2,20.249999999999996,0.8,0.8,900.0,0.005,20
9.755,900.1000473754721,207.8249174005719,0.2,0.2,20.249999999999996,0.8,0.8,900.0,0.005,20
9.76,900.0992088469387,207.52112863645831,0.2,0.2,20.249999999999996,0.8,0.8,900.0,0.005,20
9.765,900.098786708257,207.22969833653607,0.2,0.2,20.249999999999996,0.8,0.8,900.0,0.005,20
9.77,900.0987873936307,206.9591264375521,0.2,0.2,20.249999999999996,0.8,0.8,900.0,0.005,20
9.775,900.0991907591405,206.72660196719883,0.2,0.2,20.249999999999996,0.8,0.8,900.0,0.005,20
9.78,900.099922447593,206.5297644911902,0.2,0.2,20.249999999999996,0.8,0.8,900.0,0.005,20
9.785,900.1009070805057,206.37534088119762,0.2,0.2,20.249999999999996,0.8,0.8,900.0,0.005,20
9.790000000000001,900.102067180255,206.27233199528888,0.2,0.2,20.249999999999996,0.8,0.8,900.0,0.005,20
9.795,900.1033682247088,206.18998660861624,0.2,0.2,20.249999999999996,0.8,0.8,900.0,0.005,20
9.8,900.1047171931529,206.1527686866071,0.2,0.2,20.249999999999996,0.8,0.8,900.0,0.005,20
9.805,900.1061047863222,206.2213491348048,0.2,0.2,20.249999999999996,0.8,0.8,900.0,0.005,20
9.81,900.1075345621344,206.37770270422664,0.2,0.2,20.249999999999996,0.8,0.8,900.0,0.005,20
9.815,900.1090346734594,206.61424793647768,0.2,0.2,20.249999999999996,0.8,0.8,900.0,0.005,20
9.82,900.11061284809,206.9379704529756,0.2,0.2,20.249999999999996,0.8,0.8,900.0,0.005,20
9.825000000000001,900.1122166098502,207.33357706874645,0.2,0.2,20.249999999999996,0.8,0.8,900.0,0.005,20
9.83,900.1138018596706,207.79723925605495,0.2,0.2,20.249999999999996,0.8,0.8,900.0,0.005,20
9.835,900.1153272809823,208.34240591656072,0.2,0.2,20.249999999999996,0.8,0.8,900.0,0.005,20
9.84,900.1166924678535,208.93851291104863,0.2,0.2,20.249999999999996,0.8,0.8,900.0,0.005,20
9.845,900.1178007563401,209.57038645585055,0.2,0.2,20.249999999999996,0.8,0.8,900.0,0.005,20
9.85,900.1186279988179,210.20281476503806,0.2,0.2,20.249999999999996,0.8,0.8,900.0,0.005,20
9.855,900.1190367824548,210.8177242267927,0.2,0.2,20.249999999999996,0.8,0.8,900.0,0.005,20
9.86,900.1188380723938,211.40729128186757,0.2,0.2,20.249999999999996,0.8,0.8,900.0,0.005,20
9.865,900.1180245499023,211.93177565264966,0.2,0.2,20.249999999999996,0.8,0.8,900.0,0.005,20
9.870000000000001,900.1166050192306,212.3792236426171,0.2,0.2,20.249999999999996,0.8,0.8,900.0,0.005,20
9.875,900.1146205363125,212.71101877876353,0.2,0.2,20.249999999999996,0.8,0.8,900.0,0.005,20
9.88,900.1121622744911,212.90825090170085,0.2,0.2,20.249999999999996,0.8,0.8,900.0,0.005,20
9.885,900.109367131685,212.9558231454245,0.2,0.2,20.249999999999996,0.8,0.8,900.0,0.005,20
9.89,900.1064123981405,212.83457548094594,0.2,0.2,20.249999999999996,0.8,0.8,900.0,0.005,20
9.895,900.1035578993212,212.56400346548446,0.2,0.2,20.249999999999996,0.8,0.8,900.0,0.005,20
9.9,900.1010469568523,212.1399128705773,0.2,0.2,20.249999999999996,0.8,0.8,900.0,0.005,20
9.905,900.0988796310128,211.65953621980933,0.2,0.2,20.249999999999996,0.8,0.8,900.0,0.005,20
9.91,900.0972337608184,211.1218370297455,0.2,0.2,20.249999999999996,0.8,0.8,900.0,0.005,20
9.915000000000001,900.096233584836,210.55479740958137,0.2,0.2,20.249999999999996,0.8,0.8,900.0,0.005,20
9.92,900.0959978323581,209.97882880585243,0.2,0.2,20.249999999999996,0.8,0.8,900.0,0.005,20
9.925,900.0963216320922,209.4418381530588,0.2,0.2,20.249999999999996,0.8,0.8,900.0,0.005,20
9.93,900.0970500305561,208.95677886444741,0.2,0.2,20.249999999999996,0.8,0.8,900.0,0.005,20
9.935,900.0981155960159,208.53460593587056,0.2,0.2,20.249999999999996,0.8,0.8,900.0,0.005,20
9.94,900.099391313385,208.1834272665756,0.2,0.2,20.249999999999996,0.8,0.8,900.0,0.005,20
9.945,900.1007539719837,207.91332115339503,0.2,0.2,20.249999999999996,0.8,0.8,900.0,0.005,20
9.950000000000001,900.1020991770985,207.73021937162576,0.2,0.2,20.249999999999996,0.8,0.8,900.0,0.005,20
9.955,900.1033829050048,207.61111995279094,0.2,0.2,20.249999999999996,0.8,0.8,900.0,0.005,20
9.96,900.1045415306255,207.59355425109558,0.2,0.2,20.249999999999996,0.8,0.8,900.0,0.005,20
9.965,900.1055852001374,207.662085272833,0.2,0.2,20.249999999999996,0.8,0.8,900.0,0.005,20
9.97,900.1065628729812,207.79550803158136,0.2,0.2,20.249999999999996,0.8,0.8,900.0,0.005,20
9.975,900.1077318040398,207.76059675541444,0.2,0.2,20.249999999999996,0.8,0.8,900.0,0.005,20
9.98,900.108780896902,207.93751154949248,0.2,0.2,20.249999999999996,0.8,0.8,900.0,0.005,20
9.985,900.1098505340816,208.1520112324547,0.2,0.2,20.249999999999996,0.8,0.8,900.0,0.005,20
9.99,900.111039083029,208.37969001491277,0.2,0.2,20.249999999999996,0.8,0.8,900.0,0.005,20
9.995000000000001,900.1123867347713,208.60974820678175,0.2,0.2,20.249999999999996,0.8,0.8,900.0,0.005,20
10.0,900.1138809445993,208.84615004811775,0.2,0.2,20.249999999999996,0.8,0.8,900.0,0.005,20
10.005,900.1155195810949,209.08185626831465,0.2,0.2,20.249999999999996,0.8,0.8,900.0,0.005,20
10.01,900.1172945938163,209.33284962672354,0.2,0.2,20.249999999999996,0.8,0.8,900.0,0.005,20
10.015,900.1190890190659,209.62166790805537,0.2,0.2,20.249999999999996,0.8,0.8,900.0,0.005,20
10.02,900.1208234380667,209.89692630807153,0.2,0.2,20.249999999999996,0.8,0.8,900.0,0.005,20
10.025,900.122281560996,210.28108988028117,0.2,0.2,20.249999999999996,0.8,0.8,900.0,0.005,20
10.03,900.1235100761558,210.71290448170174,0.2,0.2,20.249999999999996,0.8,0.8,900.0,0.005,20
10.035,900.1244690253715,211.1883543182937,0.2,0.2,20.249999999999996,0.8,0.8,900.0,0.005,20
10.040000000000001,900.1249672386328,211.69507067699286,0.2,0.2,20.249999999999996,0.8,0.8,900.0,0.005,20
10.045,900.1249816567016,212.23014264917276,0.2,0.2,20.249999999999996,0.8,0.8,900.0,0.005,20
10.05,900.1245612912406,212.72832026392794,0.2,0.2,20.249999999999996,0.8,0.8,900.0,0.005,20
10.055,900.1237218505911,213.24624729749826,0.2,0.2,20.249999999999996,0.8,0.8,900.0,0.005,20
10.06,900.1225013406071,213.75341286924305,0.2,0.2,20.249999999999996,0.8,0.8,900.0,0.005,20
10.065,900.1210433213959,214.13727926762851,0.2,0.2,20.249999999999996,0.8,0.8,900.0,0.005,20
10.07,900.1192511210563,214.50663369043133,0.2,0.2,20.249999999999996,0.8,0.8,900.0,0.005,20
10.075000000000001,900.1171685324877,214.81177986100354,0.2,0.2,20.249999999999996,0.8,0.8,900.0,0.005,20
10.08,900.1148507615286,215.03479455135897,0.2,0.2,20.249999999999996,0.8,0.8,900.0,0.005,20
10.085,900.1124557879593,215.15776236788855,0.2,0.2,20.249999999999996,0.8,0.8,900.0,0.005,20
10.09,900.1103699711774,215.11439695605017,0.2,0.2,20.249999999999996,0.8,0.8,900.0,0.005,20
10.095,900.1083074771832,214.97213644170662,0.2,0.2,20.249999999999996,0.8,0.8,900.0,0.005,20
10.1,900.1062229235782,214.78188912621874,0.2,0.2,20.249999999999996,0.8,0.8,900.0,0.005,20
10.105,900.1040928109048,214.52815608883034,0.2,0.2,20.249999999999996,0.8,0.8,900.0,0.005,20
10.11,900.1020744232299,214.01733857263812,0.2,0.2,20.249999999999996,0.8,0.8,900.0,0.005,20
10.115,900.1001858656045,213.57984023342487,0.2,0.2,20.249999999999996,0.8,0.8,900.0,0.005,20
10.120000000000001,900.0981373338792,213.10981401578064,0.2,0.2,20.249999999999996,0.8,0.8,900.0,0.005,20
10.125,900.0961771765413,212.626150706336,0.2,0.2,20.249999999999996,0.8,0.8,900.0,0.005,20
10.13,900.094395181396,212.11794784686822,0.2,0.2,20.249999999999996,0.8,0.8,900.0,0.005,20
10.135,900.0929178550421,211.52388601204387,0.2,0.2,20.249999999999996,0.8,0.8,900.0,0.005,20
10.14,900.0918494097335,210.7205321481722,0.2,0.2,20.249999999999996,0.8,0.8,900.0,0.005,20
10.145,900.0911460344155,209.97219793545838,0.2,0.2,20.249999999999996,0.8,0.8,900.0,0.005,20
10.15,900.090688365947,209.3627268968565,0.2,0.2,20.249999999999996,0.8,0.8,900.0,0.005,20
10.155,900.0907277192993,208.790280059658,0.2,0.2,20.249999999999996,0.8,0.8,900.0,0.005,20
10.16,900.0911730437635,208.27582030306024,0.2,0.2,20.249999999999996,0.8,0.8,900.0,0.005,20
10.165000000000001,900.092025326996,207.71268686821168,0.2,0.2,20.249999999999996,0.8,0.8,900.0,0.005,20
10.17,900.0930874517912,207.24226147012806,0.2,0.2,20.249999999999996,0.8,0.8,900.0,0.005,20
10.175,900.0942389723228,206.79781951189756,0.2,0.2,20.249999999999996,0.8,0.8,900.0,0.005,20
10.18,900.0959454341773,206.1762435325591,0.2,0.2,20.249999999999996,0.8,0.8,900.0,0.005,20
10.185,900.0979341795264,205.7922414237922,0.2,0.2,20.249999999999996,0.8,0.8,900.0,0.005,20
10.19,900.0997986998863,205.5414310785177,0.2,0.2,20.249999999999996,0.8,0.8,900.0,0.005,20
10.195,900.1016821875772,205.3430177360403,0.2,0.2,20.249999999999996,0.8,0.8,900.0,0.005,20
10.200000000000001,900.1036607409646,205.20834764135665,0.2,0.2,20.249999999999996,0.8,0.8,900.0,0.005,20
10.205,900.1057073416151,205.14476378624587,0.2,0.2,20.249999999999996,0.8,0.8,900.0,0.005,20
10.21,900.1078969449087,205.1468373845015,0.2,0.2,20.249999999999996,0.8,0.8,900.0,0.005,20
10.215,900.110151162641,205.2354492270935,0.2,0.2,20.249999999999996,0.8,0.8,900.0,0.005,20
10.22,900.1124172968612,205.44584765424307,0.2,0.2,20.249999999999996,0.8,0.8,900.0,0.005,20
10.225,900.1146445745363,205.76375847947156,0.2,0.2,20.249999999999996,0.8,0.8,900.0,0.005,20
10.23,900.1168008685343,206.1964121454851,0.2,0.2,20.249999999999996,0.8,0.8,900.0,0.005,20
10.235,900.1188051694171,206.7758052534274,0.2,0.2,20.249999999999996,0.8,0.8,900.0,0.005,20
10.24,900.1204566911558,207.4769527307,0.2,0.2,20.249999999999996,0.8,0.8,900.0,0.005,20
10.245000000000001,900.1218114656839,208.1716620257,0.2,0.2,20.249999999999996,0.8,0.8,900.0,0.005,20
10.25,900.1226609845274,208.97737801049894,0.2,0.2,20.249999999999996,0.8,0.8,900.0,0.005,20
10.255,900.1231152269818,209.5074147041358,0.2,0.2,20.249999999999996,0.8,0.8,900.0,0.005,20
10.26,900.1230636418048,210.35965307398774,0.2,0.2,20.249999999999996,0.8,0.8,900.0,0.005,20
10.265,900.1223834981156,211.29704996956866,0.2,0.2,20.249999999999996,0.8,0.8,900.0,0.005,20
10.27,900.1212220408603,212.19027178559958,0.2,0.2,20.249999999999996,0.8,0.8,900.0,0.005,20
10.275,900.1196430656682,212.9899815080768,0.2,0.2,20.249999999999996,0.8,0.8,900.0,0.005,20
10.28,900.1177844518113,213.66614007389504,0.2,0.2,20.249999999999996,0.8,0.8,900.0,0.005,20
10.285,900.1160595262252,213.98872561415592,0.2,0.2,20.249999999999996,0.8,0.8,900.0,0.005,20
10.290000000000001,900.1141465125138,214.38345024702355,0.2,0.2,20.249999999999996,0.8,0.8,900.0,0.005,20
10.295,900.1123030650314,214.6505771549356,0.2,0.2,20.249999999999996,0.8,0.8,900.0,0.005,20
10.3,900.1106585718643,214.76849271916694,0.2,0.2,20.249999999999996,0.8,0.8,900.0,0.005,20
10.305,900.1094739170417,214.51716769648323,0.2,0.2,20.249999999999996,0.8,0.8,900.0,0.005,20
10.31,900.1082299239831,214.4306145931186,0.2,0.2,20.249999999999996,0.8,0.8,900.0,0.005,20
10.315,900.1070467762661,214.20032908890641,0.2,0.2,20.249999999999996,0.8,0.8,900.0,0.005,20
10.32,900.1059342610248,213.872262858748,0.2,0.2,20.249999999999996,0.8,0.8,900.0,0.005,20
10.325000000000001,900.1050106841695,213.20524570498972,0.2,0.2,20.249999999999996,0.8,0.8,900.0,0.005,20
10.33,900.1039326721691,212.70476610318616,0.2,0.2,20.249999999999996,0.8,0.8,900.0,0.005,20
10.335,900.1031383267858,211.95263091169312,0.2,0.2,20.249999999999996,0.8,0.8,900.0,0.005,20
10.34,900.102302431453,211.32825404479598,0.2,0.2,20.249999999999996,0.8,0.8,900.0,0.005,20
10.345,900.1016051385711,210.66816328956818,0.2,0.2,20.249999999999996,0.8,0.8,900.0,0.005,20
10.35,900.1011566646451,209.98957044856155,0.2,0.2,20.249999999999996,0.8,0.8,900.0,0.005,20
10.355,900.1009678453102,209.30805931858083,0.2,0.2,20.249999999999996,0.8,0.8,900.0,0.005,20
10.36,900.1011733207218,208.62130592497255,0.2,0.2,20.249999999999996,0.8,0.8,900.0,0.005,20
10.365,900.1015791684368,207.98358537645544,0.2,0.2,20.249999999999996,0.8,0.8,900.0,0.005,20
10.370000000000001,900.1022045408389,207.38462641049293,0.2,0.2,20.249999999999996,0.8,0.8,900.0,0.005,20
10.375,900.1031444766145,206.71820526633212,0.2,0.2,20.249999999999996,0.8,0.8,900.0,0.005,20
10.38,900.1041971021527,206.17753919770325,0.2,0.2,20.249999999999996,0.8,0.8,900.0,0.005,20
10.385,900.1052922791299,205.72031270791805,0.2,0.2,20.249999999999996,0.8,0.8,900.0,0.005,20
10.39,900.1063447133185,205.39270559521185,0.2,0.2,20.249999999999996,0.8,0.8,900.0,0.005,20
10.395,900.107387714613,205.1826798028293,0.2,0.2,20.249999999999996,0.8,0.8,900.0,0.005,20
10.4,900.1085008915137,205.00821175373284,0.2,0.2,20.249999999999996,0.8,0.8,900.0,0.005,20
10.405,900.1097260241181,205.00612559505242,0.2,0.2,20.249999999999996,0.8,0.8,900.0,0.005,20
10.41,900.1112453985056,204.898774272154,0.2,0.2,20.249999999999996,0.8,0.8,900.0,0.005,20
10.415000000000001,900.1127335023734,205.0672217594375,0.2,0.2,20.249999999999996,0.8,0.8,900.0,0.005,20
10.42,900.1140578525212,205.46377611915193,0.2,0.2,20.249999999999996,0.8,0.8,900.0,0.005,20
10.425,900.1153552414393,205.97132483117718,0.2,0.2,20.249999999999996,0.8,0.8,900.0,0.005,20
10.43,900.1166052203182,206.5732265620847,0.2,0.2,20.249999999999996,0.8,0.8,900.0,0.005,20
10.435,900.1177211703261,207.26247122550947,0.2,0.2,20.249999999999996,0.8,0.8,900.0,0.005,20
10.44,900.118848278511,207.9017272373406,0.2,0.2,20.249999999999996,0.8,0.8,900.0,0.005,20
10.445,900.1197660850138,208.66482315737196,0.2,0.2,20.249999999999996,0.8,0.8,900.0,0.005,20
10.450000000000001,900.1202808599081,209.47398482464507,0.2,0.2,20.249999999999996,0.8,0.8,900.0,0.005,20
10.455,900.1204221078872,210.270608392163,0.2,0.2,20.249999999999996,0.8,0.8,900.0,0.005,20
10.46,900.1201986422657,211.03321550808857,0.2,0.2,20.249999999999996,0.8,0.8,900.0,0.005,20
10.465,900.1196515710476,211.7363146247678,0.2,0.2,20.249999999999996,0.8,0.8,900.0,0.005,20
10.47,900.1188745784902,212.27133438597872,0.2,0.2,20.249999999999996,0.8,0.8,900.0,0.005,20
10.475,900.1179240475554,212.7787971098278,0.2,0.2,20.249999999999996,0.8,0.8,900.0,0.005,20
10.48,900.1168549579443,213.20696559461032,0.2,0.2,20.249999999999996,0.8,0.8,900.0,0.005,20
10.485,900.115712215101,213.53804255743032,0.2,0.2,20.249999999999996,0.8,0.8,900.0,0.005,20
10.49,900.1145757885324,213.78050756398517,0.2,0.2,20.249999999999996,0.8,0.8,900.0,0.005,20
10.495000000000001,900.1134711242532,213.9370854847691,0.2,0.2,20.249999999999996,0.8,0.8,900.0,0.005,20
10.5,900.1124437495378,213.9334886334164,0.2,0.2,20.249999999999996,0.8,0.8,900.0,0.005,20
10.505,900.1114997219571,213.87054291821988,0.2,0.2,20.249999999999996,0.8,0.8,900.0,0.005,20
10.51,900.1104243592163,213.74383755577037,0.2,0.2,20.249999999999996,0.8,0.8,900.0,0.005,20
10.515,900.1091120847641,213.5467260409588,0.2,0.2,20.249999999999996,0.8,0.8,900.0,0.005,20
10.52,900.1076624400173,213.30841699122593,0.2,0.2,20.249999999999996,0.8,0.8,900.0,0.005,20
10.525,900.1061735588804,212.92544408889754,0.2,0.2,20.249999999999996,0.8,0.8,900.0,0.005,20
10.53,900.1044935433629,212.53714758878434,0.2,0.2,20.249999999999996,0.8,0.8,900.0,0.005,20
10.535,900.102813767717,212.1194205730852,0.2,0.2,20.249999999999996,0.8,0.8,900.0,0.005,20
10.540000000000001,900.1013917551446,211.69196797820726,0.2,0.2,20.249999999999996,0.8,0.8,900.0,0.005,20
10.545,900.1001544063371,211.2383975878788,0.2,0.2,20.249999999999996,0.8,0.8,900.0,0.005,20
10.55,900.0992562463042,210.82175568319514,0.2,0.2,20.249999999999996,0.8,0.8,900.0,0.005,20
10.555,900.0985702040003,210.4375345308356,0.2,0.2,20.249999999999996,0.8,0.8,900.0,0.005,20
10.56,900.0982163745882,210.0822966941484,0.2,0.2,20.249999999999996,0.8,0.8,900.0,0.005,20
10.565,900.098073031779,209.78751953633022,0.2,0.2,20.249999999999996,0.8,0.8,900.0,0.005,20
10.57,900.0980546784413,209.53157924849353,0.2,0.2,20.249999999999996,0.8,0.8,900.0,0.005,20
10.575000000000001,900.0981539053292,209.3010015141906,0.2,0.2,20.249999999999996,0.8,0.8,900.0,0.005,20
10.58,900.0984048769836,209.09851816907758,0.2,0.2,20.249999999999996,0.8,0.8,900.0,0.005,20
10.585,900.0986615523168,208.9166513192137,0.2,0.2,20.249999999999996,0.8,0.8,900.0,0.005,20
10.59,900.0990055132356,208.74943456227984,0.2,0.2,20.249999999999996,0.8,0.8,900.0,0.005,20
10.595,900.0994806746909,208.596331091603,0.2,0.2,20.249999999999996,0.8,0.8,900.0,0.005,20
10.6,900.1000812640053,208.4572454208563,0.2,0.2,20.249999999999996,0.8,0.8,900.0,0.005,20
10.605,900.1008477889176,208.32341058374834,0.2,0.2,20.249999999999996,0.8,0.8,900.0,0.005,20
10.61,900.1017971229257,208.21636177395874,0.2,0.2,20.249999999999996,0.8,0.8,900.0,0.005,20
10.615,900.1030058249221,208.01554698430263,0.2,0.2,20.249999999999996,0.8,0.8,900.0,0.005,20
10.620000000000001,900.1046649783925,207.9576191633679,0.2,0.2,20.249999999999996,0.8,0.8,900.0,0.005,20
10.625,900.1061927893578,207.96206021490943,0.2,0.2,20.249999999999996,0.8,0.8,900.0,0.005,20
10.63,900.1077481715957,207.986949651632,0.2,0.2,20.249999999999996,0.8,0.8,900.0,0.005,20
10.635,900.1094134762759,207.98642752881696,0.2,0.2,20.249999999999996,0.8,0.8,900.0,0.005,20
10.64,900.1110026500443,208.05400450089127,0.2,0.2,20.249999999999996,0.8,0.8,900.0,0.005,20
10.645,900.1124092315024,208.15306004914407,0.2,0.2,20.249999999999996,0.8,0.8,900.0,0.005,20
10.65,900.1135261702576,208.33449425947984,0.2,0.2,20.249999999999996,0.8,0.8,900.0,0.005,20
10.655,900.114471617759,208.5685613109684,0.2,0.2,20.249999999999996,0.8,0.8,900.0,0.005,20
10.66,900.1154064189524,208.83241356260493,0.2,0.2,20.249999999999996,0.8,0.8,900.0,0.005,20
10.665000000000001,900.1162467542207,209.14688779792556,0.2,0.2,20.249999999999996,0.8,0.8,900.0,0.005,20
10.67,900.1169957718332,209.5041873553767,0.2,0.2,20.249999999999996,0.8,0.8,900.0,0.005,20
10.675,900.1177496415357,209.89418271889093,0.2,0.2,20.249999999999996,0.8,0.8,900.0,0.005,20
10.68,900.1184915754795,210.28814704644293,0.2,0.2,20.249999999999996,0.8,0.8,900.0,0.005,20
10.685,900.1193795803607,210.72549221390298,0.2,0.2,20.249999999999996,0.8,0.8,900.0,0.005,20
10.69,900.120387473436,211.18689657238625,0.2,0.2,20.249999999999996,0.8,0.8,900.0,0.005,20
10.695,900.1215887697244,211.55430008943213,0.2,0.2,20.249999999999996,0.8,0.8,900.0,0.005,20
10.700000000000001,900.1231611490516,211.6162751355008,0.2,0.2,20.249999999999996,0.8,0.8,900.0,0.005,20
10.705,900.1245372861554,212.1138677361668,0.2,0.2,20.249999999999996,0.8,0.8,900.0,0.005,20
10.71,900.1257618872688,212.68502002614807,0.2,0.2,20.249999999999996,0.8,0.8,900.0,0.005,20
10.715,900.1267733753332,213.29810208117902,0.2,0.2,20.249999999999996,0.8,0.8,900.0,0.005,20
10.72,900.1274950866529,213.97219492853625,0.2,0.2,20.249999999999996,0.8,0.8,900.0,0.005,20
10.725,900.1278947772012,214.68365829772398,0.2,0.2,20.249999999999996,0.8,0.8,900.0,0.005,20
10.73,900.1279087061196,215.42909447579694,0.2,0.2,20.249999999999996,0.8,0.8,900.0,0.005,20
10.735,900.1276476081392,216.19186553660964,0.2,0.2,20.249999999999996,0.8,0.8,900.0,0.005,20
10.74,900.1269585612515,216.95895942054113,0.2,0.2,20.249999999999996,0.8,0.8,900.0,0.005,20
10.745000000000001,900.1259333058765,217.697623079277,0.2,0.2,20.249999999999996,0.8,0.8,900.0,0.005,20
10.75,900.1244224031811,218.35521529523507,0.2,0.2,20.249999999999996,0.8,0.8,900.0,0.005,20
10.755,900.1225798168131,218.88413422329077,0.2,0.2,20.249999999999996,0.8,0.8,900.0,0.005,20
10.76,900.1206334186385,219.32187630137796,0.2,0.2,20.249999999999996,0.8,0.8,900.0,0.005,20
10.765,900.1181959165841,219.72054012714918,0.2,0.2,20.249999999999996,0.8,0.8,900.0,0.005,20
10.77,900.1154551800605,219.94477224699753,0.2,0.2,20.249999999999996,0.8,0.8,900.0,0.005,20
10.775,900.1128721389362,219.85836772075587,0.2,0.2,20.249999999999996,0.8,0.8,900.0,0.005,20
10.78,900.1099956254644,219.77978193587612,0.2,0.2,20.249999999999996,0.8,0.8,900.0,0.005,20
10.785,900.1073047260002,219.37498712969202,0.2,0.2,20.249999999999996,0.8,0.8,900.0,0.005,20
10.790000000000001,900.104755926792,219.00601187270044,0.2,0.2,20.249999999999996,0.8,0.8,900.0,0.005,20
10.795,900.102467412766,218.55038124087804,0.2,0.2,20.249999999999996,0.8,0.8,900.0,0.005,20
10.8,900.1004831540507,217.98465953404244,0.2,0.2,20.249999999999996,0.8,0.8,900.0,0.005,20
10.805,900.0986632488991,217.36217696469166,0.2,0.2,20.249999999999996,0.8,0.8,900.0,0.005,20
10.81,900.0970698102781,216.67594078573478,0.2,0.2,20.249999999999996,0.8,0.8,900.0,0.005,20
10.815,900.0956622148584,215.9431865522873,0.2,0.2,20.249999999999996,0.8,0.8,900.0,0.005,20
10.82,900.0943277726011,215.15939781112604,0.2,0.2,20.249999999999996,0.8,0.8,900.0,0.005,20
10.825000000000001,900.0930645224884,214.3077731569737,0.2,0.2,20.249999999999996,0.8,0.8,900.0,0.005,20
10.83,900.0919846511254,213.28737068824955,0.2,0.2,20.249999999999996,0.8,0.8,900.0,0.005,20
10.835,900.0911653589656,212.24933436158906,0.2,0.2,20.249999999999996,0.8,0.8,900.0,0.005,20
10.84,900.0906273183307,211.2039054138068,0.2,0.2,20.249999999999996,0.8,0.8,900.0,0.005,20
10.845,900.0905815783774,210.0637728509831,0.2,0.2,20.249999999999996,0.8,0.8,900.0,0.005,20
10.85,900.09137855213,208.8761244194559,0.2,0.2,20.249999999999996,0.8,0.8,900.0,0.005,20
10.855,900.0928478472572,207.90783270498318,0.2,0.2,20.249999999999996,0.8,0.8,900.0,0.005,20
10.86,900.0947128642198,207.10137872908692,0.2,0.2,20.249999999999996,0.8,0.8,900.0,0.005,20
10.865,900.0970413275052,206.44088091062085,0.2,0.2,20.249999999999996,0.8,0.8,900.0,0.005,20
10.870000000000001,900.0996084047504,205.94454774107965,0.2,0.2,20.249999999999996,0.8,0.8,900.0,0.005,20
10.875,900.1022047337993,205.59341381471847,0.2,0.2,20.249999999999996,0.8,0.8,900.0,0.005,20
10.88,900.1044762414077,205.4167972401438,0.2,0.2,20.249999999999996,0.8,0.8,900.0,0.005,20
10.885,900.1063026710302,205.4089305405348,0.2,0.2,20.249999999999996,0.8,0.8,900.0,0.005,20
10.89,900.1078747212598,205.5260715246825,0.2,0.2,20.249999999999996,0.8,0.8,900.0,0.005,20
10.895,900.1087468495928,205.79930135811128,0.2,0.2,20.249999999999996,0.8,0.8,900.0,0.005,20
10.9,900.1089974717031,206.14487415741462,0.2,0.2,20.249999999999996,0.8,0.8,900.0,0.005,20
10.905,900.1088804363106,206.57862362758956,0.2,0.2,20.249999999999996,0.8,0.8,900.0,0.005,20
10.91,900.1085273801258,207.05012213033166,0.2,0.2,20.249999999999996,0.8,0.8,900.0,0.005,20
10.915000000000001,900.1082050939732,207.25414574677887,0.2,0.2,20.249999999999996,0.8,0.8,900.0,0.005,20
10.92,900.107936793465,207.6391675743116,0.2,0.2,20.249999999999996,0.8,0.8,900.0,0.005,20
10.925,900.1078046316803,208.02503609161963,0.2,0.2,20.249999999999996,0.8,0.8,900.0,0.005,20
10.93,900.1080280572414,208.3565001113733,0.2,0.2,20.249999999999996,0.8,0.8,900.0,0.005,20
10.935,900.108711043115,208.65319060704186,0.2,0.2,20.249999999999996,0.8,0.8,900.0,0.005,20
10.94,900.109743971875,208.9344536738504,0.2,0.2,20.249999999999996,0.8,0.8,900.0,0.005,20
10.945,900.1111885394547,209.24875637151305,0.2,0.2,20.249999999999996,0.8,0.8,900.0,0.005,20
10.950000000000001,900.1129567328394,209.61405879628967,0.2,0.2,20.249999999999996,0.8,0.8,900.0,0.005,20
10.955,900.1147954564368,209.96633301338352,0.2,0.2,20.249999999999996,0.8,0.8,900.0,0.005,20
10.96,900.1164756153591,210.38378334342875,0.2,0.2,20.249999999999996,0.8,0.8,900.0,0.005,20
10.965,900.1178759822822,210.85587797675407,0.2,0.2,20.249999999999996,0.8,0.8,900.0,0.005,20
10.97,900.1188970195712,211.35892300693592,0.2,0.2,20.249999999999996,0.8,0.8,900.0,0.005,20
10.975,900.119432070284,211.89483914710868,0.2,0.2,20.249999999999996,0.8,0.8,900.0,0.005,20
10.98,900.1192465919415,212.52933012527876,0.2,0.2,20.249999999999996,0.8,0.8,900.0,0.005,20
10.985,900.1184059470913,213.1527361886361,0.2,0.2,20.249999999999996,0.8,0.8,900.0,0.005,20
10.99,900.1169656284542,213.7474496408923,0.2,0.2,20.249999999999996,0.8,0.8,900.0,0.005,20
10.995000000000001,900.1149009226234,214.34823410871567,0.2,0.2,20.249999999999996,0.8,0.8,900.0,0.005,20
11.0,900.1123385357721,214.880242672308,0.2,0.2,20.249999999999996,0.8,0.8,900.0,0.005,20
11.005,900.109530475546,215.2760799604076,0.2,0.2,20.249999999999996,0.8,0.8,900.0,0.005,20
11.01,900.1068519022693,215.4652796717946,0.2,0.2,20.249999999999996,0.8,0.8,900.0,0.005,20
11.015,900.1042245760865,215.58277666054778,0.2,0.2,20.249999999999996,0.8,0.8,900.0,0.005,20
11.02,900.1015871056713,215.63351829512587,0.2,0.2,20.249999999999996,0.8,0.8,900.0,0.005,20
11.025,900.0991734820866,215.5737989859246,0.2,0.2,20.249999999999996,0.8,0.8,900.0,0.005,20
11.03,900.0971851173488,215.38614375083486,0.2,0.2,20.249999999999996,0.8,0.8,900.0,0.005,20
11.035,900.095520713472,215.11300753105002,0.2,0.2,20.249999999999996,0.8,0.8,900.0,0.005,20
11.040000000000001,900.0944477289573,214.53203320780037,0.2,0.2,20.249999999999996,0.8,0.8,900.0,0.005,20
11.045,900.0938861521047,213.92969012376005,0.2,0.2,20.249999999999996,0.8,0.8,900.0,0.005,20
11.05,900.0932304621077,213.4392260930435,0.2,0.2,20.249999999999996,0.8,0.8,900.0,0.005,20
11.055,900.0926564190879,212.90711123744487,0.2,0.2,20.249999999999996,0.8,0.8,900.0,0.005,20
11.06,900.0922480956914,212.32537779180723,0.2,0.2,20.249999999999996,0.8,0.8,900.0,0.005,20
11.065,900.0920165437261,211.7114887136055,0.2,0.2,20.249999999999996,0.8,0.8,900.0,0.005,20
11.07,900.0920541730836,211.08608986121558,0.2,0.2,20.249999999999996,0.8,0.8,900.0,0.005,20
11.075000000000001,900.092497069337,210.47507017795155,0.2,0.2,20.249999999999996,0.8,0.8,900.0,0.005,20
11.08,900.0934707120449,209.899129747216,0.2,0.2,20.249999999999996,0.8,0.8,900.0,0.005,20
11.085,900.0950574284229,209.3176861994974,0.2,0.2,20.249999999999996,0.8,0.8,900.0,0.005,20
11.09,900.0972977732582,208.8084972090078,0.2,0.2,20.249999999999996,0.8,0.8,900.0,0.005,20
11.095,900.1000470579536,208.41510736468342,0.2,0.2,20.249999999999996,0.8,0.8,900.0,0.005,20
11.1,900.103140832743,208.1560226500274,0.2,0.2,20.249999999999996,0.8,0.8,900.0,0.005,20
11.105,900.1064557607915,208.03188696340092,0.2,0.2,20.249999999999996,0.8,0.8,900.0,0.005,20
11.11,900.1097323087595,208.04440700879783,0.2,0.2,20.249999999999996,0.8,0.8,900.0,0.005,20
11.115,900.1127775292267,208.2097849114091,0.2,0.2,20.249999999999996,0.8,0.8,900.0,0.005,20
11.120000000000001,900.1154219634413,208.52734197447592,0.2,0.2,20.249999999999996,0.8,0.8,900.0,0.005,20
11.125,900.1175244970192,208.98192714124235,0.2,0.2,20.249999999999996,0.8,0.8,900.0,0.005,20
11.13,900.1190453492055,209.4183811784871,0.2,0.2,20.249999999999996,0.8,0.8,900.0,0.005,20
11.135,900.1197234513929,210.0893146469828,0.2,0.2,20.249999999999996,0.8,0.8,900.0,0.005,20
11.14,900.1196468852628,210.85211321713095,0.2,0.2,20.249999999999996,0.8,0.8,900.0,0.005,20
11.145,900.1188736888695,211.6500228371434,0.2,0.2,20.249999999999996,0.8,0.8,900.0,0.005,20
11.15,900.1175075727457,212.44184071581753,0.2,0.2,20.249999999999996,0.8,0.8,900.0,0.005,20
11.155,900.1157887958358,213.11824446602722,0.2,0.2,20.249999999999996,0.8,0.8,900.0,0.005,20
11.16,900.1137654503207,213.77471544987228,0.2,0.2,20.249999999999996,0.8,0.8,900.0,0.005,20
11.165000000000001,900.1116969666857,214.32843118808745,0.2,0.2,20.249999999999996,0.8,0.8,900.0,0.005,20
11.17,900.110164267877,214.52013935271268,0.2,0.2,20.249999999999996,0.8,0.8,900.0,0.005,20
11.175,900.1086334681352,214.84612336812,0.2,0.2,20.249999999999996,0.8,0.8,900.0,0.005,20
11.18,900.1072484573227,215.10661167089344,0.2,0.2,20.249999999999996,0.8,0.8,900.0,0.005,20
11.185,900.106065693969,215.27479645031443,0.2,0.2,20.249999999999996,0.8,0.8,900.0,0.005,20
11.19,900.105070429856,215.27980321551237,0.2,0.2,20.249999999999996,0.8,0.8,900.0,0.005,20
11.195,900.1041852282021,215.2168333065193,0.2,0.2,20.249999999999996,0.8,0.8,900.0,0.005,20
11.200000000000001,900.1033233367723,215.08353178549814,0.2,0.2,20.249999999999996,0.8,0.8,900.0,0.005,20
11.205,900.1024879276853,214.90314229891553,0.2,0.2,20.249999999999996,0.8,0.8,900.0,0.005,20
11.21,900.1016248974937,214.67074433029921,0.2,0.2,20.249999999999996,0.8,0.8,900.0,0.005,20
11.215,900.1007793739419,214.37573963411447,0.2,0.2,20.249999999999996,0.8,0.8,900.0,0.005,20
11.22,900.0999131491701,214.0012885472575,0.2,0.2,20.249999999999996,0.8,0.8,900.0,0.005,20
11.225,900.0991271842281,213.56841221734035,0.2,0.2,20.249999999999996,0.8,0.8,900.0,0.005,20
11.23,900.0989077912392,212.79495447841188,0.2,0.2,20.249999999999996,0.8,0.8,900.0,0.005,20
11.235,900.0987301204083,212.26683423065805,0.2,0.2,20.249999999999996,0.8,0.8,900.0,0.005,20
11.24,900.0987379465846,211.76658178060936,0.2,0.2,20.249999999999996,0.8,0.8,900.0,0.005,20
11.245000000000001,900.0990632112116,211.24745972339002,0.2,0.2,20.249999999999996,0.8,0.8,900.0,0.005,20
11.25,900.0998746766782,210.75230017975963,0.2,0.2,20.249999999999996,0.8,0.8,900.0,0.005,20
11.255,900.1011932489146,210.288006028012,0.2,0.2,20.249999999999996,0.8,0.8,900.0,0.005,20
11.26,900.1030133970909,209.81044163812624,0.2,0.2,20.249999999999996,0.8,0.8,900.0,0.005,20
11.265,900.105240702556,209.40854587617105,0.2,0.2,20.249999999999996,0.8,0.8,900.0,0.005,20
11.27,900.107868125051,209.07768249502024,0.2,0.2,20.249999999999996,0.8,0.8,900.0,0.005,20
11.275,900.1107424213932,208.82586168453852,0.2,0.2,20.249999999999996,0.8,0.8,900.0,0.005,20
11.28,900.1137732810853,208.68043280458465,0.2,0.2,20.249999999999996,0.8,0.8,900.0,0.005,20
11.285,900.1168117415266,208.64359741794246,0.2,0.2,20.249999999999996,0.8,0.8,900.0,0.005,20
11.290000000000001,900.1197047340404,208.7280501671162,0.2,0.2,20.249999999999996,0.8,0.8,900.0,0.005,20
11.295,900.1223329848015,208.93274467941035,0.2,0.2,20.249999999999996,0.8,0.8,900.0,0.005,20
11.3,900.1246271968841,209.27424865685038,0.2,0.2,20.249999999999996,0.8,0.8,900.0,0.005,20
11.305,900.1265579239721,209.73765197430453,0.2,0.2,20.249999999999996,0.8,0.8,900.0,0.005,20
11.31,900.1280674423928,210.26896032119237,0.2,0.2,20.249999999999996,0.8,0.8,900.0,0.005,20
11.315,900.1289755667154,210.92161930779204,0.2,0.2,20.249999999999996,0.8,0.8,900.0,0.005,20
11.32,900.1292473195051,211.6845784443728,0.2,0.2,20.249999999999996,0.8,0.8,900.0,0.005,20
11.325000000000001,900.1289116115257,212.5168391474949,0.2,0.2,20.249999999999996,0.8,0.8,900.0,0.005,20
11.33,900.1279672450776,213.3903485496928,0.2,0.2,20.249999999999996,0.8,0.8,900.0,0.005,20
11.335,900.1273072870404,213.36446560273407,0.2,0.2,20.249999999999996,0.8,0.8,900.0,0.005,20
11.34,900.1263622719725,213.98681791734464,0.2,0.2,20.249999999999996,0.8,0.8,900.0,0.005,20
11.345,900.1244146642696,214.7764616810555,0.2,0.2,20.249999999999996,0.8,0.8,900.0,0.005,20
11.35,900.1218575795716,215.4994032993755,0.2,0.2,20.249999999999996,0.8,0.8,900.0,0.005,20
11.355,900.1188593143703,216.08688551176604,0.2,0.2,20.249999999999996,0.8,0.8,900.0,0.005,20
11.36,900.1156429034318,216.5022475581271,0.2,0.2,20.249999999999996,0.8,0.8,900.0,0.005,20
11.365,900.11244271909,216.71994329337141,0.2,0.2,20.249999999999996,0.8,0.8,900.0,0.005,20
11.370000000000001,900.1092961851082,216.7958398875268,0.2,0.2,20.249999999999996,0.8,0.8,900.0,0.005,20
11.375,900.1063931180412,216.7174260833822,0.2,0.2,20.249999999999996,0.8,0.8,900.0,0.005,20
11.38,900.1038753302265,216.49701752869808,0.2,0.2,20.249999999999996,0.8,0.8,900.0,0.005,20
11.385,900.1018095902635,216.15347145577226,0.2,0.2,20.249999999999996,0.8,0.8,900.0,0.005,20
11.39,900.10019880029,215.707880913306,0.2,0.2,20.249999999999996,0.8,0.8,900.0,0.005,20
11.395,900.0990140489291,215.178172724218,0.2,0.2,20.249999999999996,0.8,0.8,900.0,0.005,20
11.4,900.0982276155851,214.56236880875014,0.2,0.2,20.249999999999996,0.8,0.8,900.0,0.005,20
11.405,900.0978434514526,213.89459364076976,0.2,0.2,20.249999999999996,0.8,0.8,900.0,0.005,20
11.41,900.0976575607094,213.20422500135038,0.2,0.2,20.249999999999996,0.8,0.8,900.0,0.005,20
11.415000000000001,900.0976875342476,212.4889853518403,0.2,0.2,20.249999999999996,0.8,0.8,900.0,0.005,20
11.42,900.0979257114445,211.6608391768141,0.2,0.2,20.249999999999996,0.8,0.8,900.0,0.005,20
11.425,900.0985298702351,210.81689568975966,0.2,0.2,20.249999999999996,0.8,0.8,900.0,0.005,20
11.43,900.0991031806436,210.13789790107913,0.2,0.2,20.249999999999996,0.8,0.8,900.0,0.005,20
11.435,900.0997323547463,209.5093677108153,0.2,0.2,20.249999999999996,0.8,0.8,900.0,0.005,20
11.44,900.100467539308,208.9370119604066,0.2,0.2,20.249999999999996,0.8,0.8,900.0,0.005,20
11.445,900.1013063392165,208.42493205145135,0.2,0.2,20.249999999999996,0.8,0.8,900.0,0.005,20
11.450000000000001,900.1022539908698,207.97025487872727,0.2,0.2,20.249999999999996,0.8,0.8,900.0,0.005,20
11.455,900.1033077978136,207.6068053913027,0.2,0.2,20.249999999999996,0.8,0.8,900.0,0.005,20
11.46,900.1049827676503,206.956816433723,0.2,0.2,20.249999999999996,0.8,0.8,900.0,0.005,20
11.465,900.1065880671338,206.73037388252342,0.2,0.2,20.249999999999996,0.8,0.8,900.0,0.005,20
11.47,900.1081324372792,206.6311920031848,0.2,0.2,20.249999999999996,0.8,0.8,900.0,0.005,20
11.475,900.1098954423658,206.629369513386,0.2,0.2,20.249999999999996,0.8,0.8,900.0,0.005,20
11.48,900.1116066753503,206.78374972932312,0.2,0.2,20.249999999999996,0.8,0.8,900.0,0.005,20
11.485,900.1131520358027,207.0630434689944,0.2,0.2,20.249999999999996,0.8,0.8,900.0,0.005,20
11.49,900.115213506675,207.04433148967962,0.2,0.2,20.249999999999996,0.8,0.8,900.0,0.005,20
11.495000000000001,900.1166061328016,207.57393273179792,0.2,0.2,20.249999999999996,0.8,0.8,900.0,0.005,20
11.5,900.1176618478788,208.17327803698853,0.2,0.2,20.249999999999996,0.8,0.8,900.0,0.005,20
11.505,900.1183894904992,208.8299325285872,0.2,0.2,20.249999999999996,0.8,0.8,900.0,0.005,20
11.51,900.1187689144471,209.54424615461718,0.2,0.2,20.249999999999996,0.8,0.8,900.0,0.005,20
11.515,900.1189556118594,210.3232242676878,0.2,0.2,20.249999999999996,0.8,0.8,900.0,0.005,20
11.52,900.1187496229919,211.12439908488878,0.2,0.2,20.249999999999996,0.8,0.8,900.0,0.005,20
11.525,900.1183262085889,211.91423005987326,0.2,0.2,20.249999999999996,0.8,0.8,900.0,0.005,20
11.53,900.1178660928224,212.67848500406134,0.2,0.2,20.249999999999996,0.8,0.8,900.0,0.005,20
11.535,900.117474589763,213.41584120404872,0.2,0.2,20.249999999999996,0.8,0.8,900.0,0.005,20
11.540000000000001,900.1172990091274,214.00907425710986,0.2,0.2,20.249999999999996,0.8,0.8,900.0,0.005,20
11.545,900.1173340957414,214.56913042211397,0.2,0.2,20.249999999999996,0.8,0.8,900.0,0.005,20
11.55,900.1174338345145,215.1435951004851,0.2,0.2,20.249999999999996,0.8,0.8,900.0,0.005,20
11.555,900.117645782562,215.52089854923454,0.2,0.2,20.249999999999996,0.8,0.8,900.0,0.005,20
11.56,900.1177620030643,215.8063955011046,0.2,0.2,20.249999999999996,0.8,0.8,900.0,0.005,20
11.565,900.1177261993261,216.11720554647425,0.2,0.2,20.249999999999996,0.8,0.8,900.0,0.005,20
11.57,900.1175256930161,216.27234097148786,0.2,0.2,20.249999999999996,0.8,0.8,900.0,0.005,20
11.575000000000001,900.1170795199243,216.46619251434822,0.2,0.2,20.249999999999996,0.8,0.8,900.0,0.005,20
11.58,900.1159851413003,216.6320392297786,0.2,0.2,20.249999999999996,0.8,0.8,900.0,0.005,20
11.585,900.1143624916278,216.7123703610929,0.2,0.2,20.249999999999996,0.8,0.8,900.0,0.005,20
11.59,900.1124277770552,216.70619492874664,0.2,0.2,20.249999999999996,0.8,0.8,900.0,0.005,20
11.595,900.1102522555004,216.6336510166194,0.2,0.2,20.249999999999996,0.8,0.8,900.0,0.005,20
11.6,900.1080663350696,216.34625842493494,0.2,0.2,20.249999999999996,0.8,0.8,900.0,0.005,20
11.605,900.1059676215469,215.969534447079,0.2,0.2,20.249999999999996,0.8,0.8,900.0,0.005,20
11.61,900.1041417305282,215.23418255615533,0.2,0.2,20.249999999999996,0.8,0.8,900.0,0.005,20
11.615,900.1022310330388,214.83257473560985,0.2,0.2,20.249999999999996,0.8,0.8,900.0,0.005,20
11.620000000000001,900.1005906731639,214.39283571861685,0.2,0.2,20.249999999999996,0.8,0.8,900.0,0.005,20
11.625,900.099343423136,213.9115680124579,0.2,0.2,20.249999999999996,0.8,0.8,900.0,0.005,20
11.63,900.0987287539489,213.33787722799818,0.2,0.2,20.249999999999996,0.8,0.8,900.0,0.005,20
11.635,900.0990722473516,212.4013088111769,0.2,0.2,20.249999999999996,0.8,0.8,900.0,0.005,20
11.64,900.0996306642784,211.8853240758248,0.2,0.2,20.249999999999996,0.8,0.8,900.0,0.005,20
11.645,900.1003412418044,211.4706876196721,0.2,0.2,20.249999999999996,0.8,0.8,900.0,0.005,20
11.65,900.1012878195471,211.14901192649256,0.2,0.2,20.249999999999996,0.8,0.8,900.0,0.005,20
11.655,900.1023519463859,210.88580370857005,0.2,0.2,20.249999999999996,0.8,0.8,900.0,0.005,20
11.66,900.1033791477365,210.6823799390523,0.2,0.2,20.249999999999996,0.8,0.8,900.0,0.005,20
11.665000000000001,900.1042466004061,210.54610652380114,0.2,0.2,20.249999999999996,0.8,0.8,900.0,0.005,20
11.67,900.1049332301317,210.4095433920645,0.2,0.2,20.249999999999996,0.8,0.8,900.0,0.005,20
11.675,900.1054112876416,210.34916858347984,0.2,0.2,20.249999999999996,0.8,0.8,900.0,0.005,20
11.68,900.1054075612947,210.3523502524865,0.2,0.2,20.249999999999996,0.8,0.8,900.0,0.005,20
11.685,900.1052108301346,210.31982741462647,0.2,0.2,20.249999999999996,0.8,0.8,900.0,0.005,20
11.69,900.1048551029772,210.24016433862553,0.2,0.2,20.249999999999996,0.8,0.8,900.0,0.005,20
11.695,900.1041835310227,210.18506521380925,0.2,0.2,20.249999999999996,0.8,0.8,900.0,0.005,20
11.700000000000001,900.103424934416,210.0965991217024,0.2,0.2,20.249999999999996,0.8,0.8,900.0,0.005,20
11.705,900.10253454965,210.0286983066866,0.2,0.2,20.249999999999996,0.8,0.8,900.0,0.005,20
11.71,900.1023397385356,209.6189385794359,0.2,0.2,20.249999999999996,0.8,0.8,900.0,0.005,20
11.715,900.1020262299087,209.52098332050429,0.2,0.2,20.249999999999996,0.8,0.8,900.0,0.005,20
11.72,900.1019365055382,209.4400841458036,0.2,0.2,20.249999999999996,0.8,0.8,900.0,0.005,20
11.725,900.1022351882385,209.29490980328575,0.2,0.2,20.249999999999996,0.8,0.8,900.0,0.005,20
11.73,900.1028171474547,209.2045618961839,0.2,0.2,20.249999999999996,0.8,0.8,900.0,0.005,20
11.735,900.1035266333489,209.1597496066187,0.2,0.2,20.249999999999996,0.8,0.8,900.0,0.005,20
11.74,900.104613582792,209.01609157113774,0.2,0.2,20.249999999999996,0.8,0.8,900.0,0.005,20
11.745000000000001,900.10570510857,208.98554069866756,0.2,0.2,20.249999999999996,0.8,0.8,900.0,0.005,20
11.75,900.1066893163048,208.9929971679502,0.2,0.2,20.249999999999996,0.8,0.8,900.0,0.005,20
11.755,900.1075534045884,209.06287460686679,0.2,0.2,20.249999999999996,0.8,0.8,900.0,0.005,20
11.76,900.108317786969,209.1446085748643,0.2,0.2,20.249999999999996,0.8,0.8,900.0,0.005,20
11.765,900.1092465417008,209.1308285487895,0.2,0.2,20.249999999999996,0.8,0.8,900.0,0.005,20
11.77,900.1100070570648,209.17557241600082,0.2,0.2,20.249999999999996,0.8,0.8,900.0,0.005,20
11.775,900.1105813422627,209.2799307911365,0.2,0.2,20.249999999999996,0.8,0.8,900.0,0.005,20
11.78,900.1111060304596,209.43652655355473,0.2,0.2,20.249999999999996,0.8,0.8,900.0,0.005,20
11.785,900.1115918777308,209.60529503336934,0.2,0.2,20.249999999999996,0.8,0.8,900.0,0.005,20
11.790000000000001,900.1119235544105,209.78194689092754,0.2,0.2,20.249999999999996,0.8,0.8,900.0,0.005,20
11.795,900.1121003416116,209.94028053851346,0.2,0.2,20.249999999999996,0.8,0.8,900.0,0.005,20
11.8,900.1121396369623,210.06623249339597,0.2,0.2,20.249999999999996,0.8,0.8,900.0,0.005,20
11.805,900.1121500691403,210.1491850456312,0.2,0.2,20.249999999999996,0.8,0.8,900.0,0.005,20
11.81,900.1121190540115,210.19268498984763,0.2,0.2,20.249999999999996,0.8,0.8,900.0,0.005,20
11.815,900.1122491648542,210.09214561969435,0.2,0.2,20.249999999999996,0.8,0.8,900.0,0.005,20
11.82,900.1128290331378,209.80845579452725,0.2,0.2,20.249999999999996,0.8,0.8,900.0,0.005,20
11.825000000000001,900.1132109344887,209.72998524079784,0.2,0.2,20.249999999999996,0.8,0.8,900.0,0.005,20
11.83,900.1136708470045,209.592337617298,0.2,0.2,20.249999999999996,0.8,0.8,900.0,0.005,20
11.835,900.1146650021269,209.13504562401562,0.2,0.2,20.249999999999996,0.8,0.8,900.0,0.005,20
11.84,900.1153510599232,209.099337792924,0.2,0.2,20.249999999999996,0.8,0.8,900.0,0.005,20
11.845,900.1158832941965,209.172246577912,0.2,0.2,20.249999999999996,0.8,0.8,900.0,0.005,20
11.85,900.1162977190348,209.25448082207194,0.2,0.2,20.249999999999996,0.8,0.8,900.0,0.005,20
11.855,900.1164760092485,209.42545504576287,0.2,0.2,20.249999999999996,0.8,0.8,900.0,0.005,20
11.86,900.1162468348807,209.6869895956043,0.2,0.2,20.249999999999996,0.8,0.8,900.0,0.005,20
11.865,900.1157201612657,209.94472969322732,0.2,0.2,20.249999999999996,0.8,0.8,900.0,0.005,20
11.870000000000001,900.1149045949782,210.08159303237267,0.2,0.2,20.249999999999996,0.8,0.8,900.0,0.005,20
11.875,900.113722852621,210.36048723405148,0.2,0.2,20.249999999999996,0.8,0.8,900.0,0.005,20
11.88,900.1123532381082,210.52157778845435,0.2,0.2,20.249999999999996,0.8,0.8,900.0,0.005,20
11.885,900.1105916899998,210.69472536432414,0.2,0.2,20.249999999999996,0.8,0.8,900.0,0.005,20
11.89,900.1087309554213,210.7504164872588,0.2,0.2,20.249999999999996,0.8,0.8,900.0,0.005,20
11.895,900.1067384151283,210.75430602273843,0.2,0.2,20.249999999999996,0.8,0.8,900.0,0.005,20
11.9,900.1050906383193,210.50626851103235,0.2,0.2,20.249999999999996,0.8,0.8,900.0,0.005,20
11.905,900.1034537966636,210.20836741045355,0.2,0.2,20.249999999999996,0.8,0.8,900.0,0.005,20
11.91,900.1016337468774,209.94196691079964,0.2,0.2,20.249999999999996,0.8,0.8,900.0,0.005,20
11.915000000000001,900.099906196172,209.58760770002618,0.2,0.2,20.249999999999996,0.8,0.8,900.0,0.005,20
11.92,900.0983580174039,209.14254077942434,0.2,0.2,20.249999999999996,0.8,0.8,900.0,0.005,20
11.925,900.0969765954615,208.62564503965882,0.2,0.2,20.249999999999996,0.8,0.8,900.0,0.005,20
11.93,900.0958261778009,208.075060673932,0.2,0.2,20.249999999999996,0.8,0.8,900.0,0.005,20
11.935,900.0949724095527,207.47622780459722,0.2,0.2,20.249999999999996,0.8,0.8,900.0,0.005,20
11.94,900.0945638858265,206.78771572692483,0.2,0.2,20.249999999999996,0.8,0.8,900.0,0.005,20
11.945,900.0945132036052,206.150717052017,0.2,0.2,20.249999999999996,0.8,0.8,900.0,0.005,20
11.950000000000001,900.0948695020675,205.53657598204103,0.2,0.2,20.249999999999996,0.8,0.8,900.0,0.005,20
11.955,900.0956244553857,204.96473913513952,0.2,0.2,20.249999999999996,0.8,0.8,900.0,0.005,20
11.96,900.0967072582209,204.45748071368556,0.2,0.2,20.249999999999996,0.8,0.8,900.0,0.005,20
11.965,900.0981263797522,204.0109610907508,0.2,0.2,20.249999999999996,0.8,0.8,900.0,0.005,20
11.97,900.099734439845,203.6446560082359,0.2,0.2,20.249999999999996,0.8,0.8,900.0,0.005,20
11.975,900.101311825466,203.40429564345155,0.2,0.2,20.249999999999996,0.8,0.8,900.0,0.005,20
11.98,900.1028866546185,203.27885878362164,0.2,0.2,20.249999999999996,0.8,0.8,900.0,0.005,20
11.985,900.1044501973313,203.2344725727344,0.2,0.2,20.249999999999996,0.8,0.8,900.0,0.005,20
11.99,900.1058382379734,203.29909536107402,0.2,0.2,20.249999999999996,0.8,0.8,900.0,0.005,20
11.995000000000001,900.1068987626873,203.48805788677186,0.2,0.2,20.249999999999996,0.8,0.8,900.0,0.005,20
12.0,900.1078662065627,203.73138206260248,0.2,0.2,20.249999999999996,0.8,0.8,900.0,0.005,20
12.005,900.1086552909433,204.09470878288818,0.2,0.2,20.249999999999996,0.8,0.8,900.0,0.005,20
12.01,900.1092004421399,204.50215183747645,0.2,0.2,20.249999999999996,0.8,0.8,900.0,0.005,20
12.015,900.1095042524499,204.99001217713553,0.2,0.2,20.249999999999996,0.8,0.8,900.0,0.005,20
12.02,900.1097599294275,205.51030934941554,0.2,0.2,20.249999999999996,0.8,0.8,900.0,0.005,20
12.025,900.1099982626685,206.06515832036976,0.2,0.2,20.249999999999996,0.8,0.8,900.0,0.005,20
12.030000000000001,900.1102245282613,206.6082958975527,0.2,0.2,20.249999999999996,0.8,0.8,900.0,0.005,20
12.035,900.1105016415771,207.1045063432018,0.2,0.2,20.249999999999996,0.8,0.8,900.0,0.005,20
12.040000000000001,900.1108210296867,207.57411793180606,0.2,0.2,20.249999999999996,0.8,0.8,900.0,0.005,20
12.045,900.1112534736617,207.82465947573738,0.2,0.2,20.249999999999996,0.8,0.8,900.0,0.005,20
12.05,900.1114706039342,208.20723879177916,0.2,0.2,20.249999999999996,0.8,0.8,900.0,0.005,20
12.055,900.1115320895534,208.61473169765924,0.2,0.2,20.249999999999996,0.8,0.8,900.0,0.005,20
12.06,900.111255687359,208.99833725466723,0.2,0.2,20.249999999999996,0.8,0.8,900.0,0.005,20
12.065,900.1108159619341,209.28979195390866,0.2,0.2,20.249999999999996,0.8,0.8,900.0,0.005,20
12.07,900.1100068043205,209.52734653419986,0.2,0.2,20.249999999999996,0.8,0.8,900.0,0.005,20
12.075000000000001,900.108924438174,209.67023662113118,0.2,0.2,20.249999999999996,0.8,0.8,900.0,0.005,20
12.08,900.1076283437485,209.82332653289868,0.2,0.2,20.249999999999996,0.8,0.8,900.0,0.005,20
12.085,900.1062293196585,209.91832655107768,0.2,0.2,20.249999999999996,0.8,0.8,900.0,0.005,20
12.09,900.1048400134514,209.95809521805418,0.2,0.2,20.249999999999996,0.8,0.8,900.0,0.005,20
12.095,900.1036567126821,209.94314794016844,0.2,0.2,20.249999999999996,0.8,0.8,900.0,0.005,20
12.1,900.1027349862899,209.88857107765912,0.2,0.2,20.249999999999996,0.8,0.8,900.0,0.005,20
12.105,900.1021632323173,209.8115611793744,0.2,0.2,20.249999999999996,0.8,0.8,900.0,0.005,20
12.11,900.1020230418717,209.71415878420765,0.2,0.2,20.249999999999996,0.8,0.8,900.0,0.005,20
12.115,900.1023434540361,209.61041300031098,0.2,0.2,20.249999999999996,0.8,0.8,900.0,0.005,20
12.120000000000001,900.1031304092146,209.51106553244696,0.2,0.2,20.249999999999996,0.8,0.8,900.0,0.005,20
12.125,900.1043218573657,209.4317613026314,0.2,0.2,20.249999999999996,0.8,0.8,900.0,0.005,20
12.13,900.1058177014343,209.37969754859492,0.2,0.2,20.249999999999996,0.8,0.8,900.0,0.005,20
12.135,900.1075336355229,209.3605172376845,0.2,0.2,20.249999999999996,0.8,0.8,900.0,0.005,20
12.14,900.1094809508512,209.31584267091054,0.2,0.2,20.249999999999996,0.8,0.8,900.0,0.005,20
12.145,900.1120547152551,209.02049955816668,0.2,0.2,20.249999999999996,0.8,0.8,900.0,0.005,20
12.15,900.1140363830833,209.12578842172456,0.2,0.2,20.249999999999996,0.8,0.8,900.0,0.005,20
12.155000000000001,900.1157015903873,209.32118001856634,0.2,0.2,20.249999999999996,0.8,0.8,900.0,0.005,20
12.16,900.1170910450056,209.59918364752204,0.2,0.2,20.249999999999996,0.8,0.8,900.0,0.005,20
12.165000000000001,900.1181760478369,209.95612489241427,0.2,0.2,20.249999999999996,0.8,0.8,900.0,0.005,20
12.17,900.1189084437905,210.3908225123431,0.2,0.2,20.249999999999996,0.8,0.8,900.0,0.005,20
12.175,900.1193678485973,210.88007544888816,0.2,0.2,20.249999999999996,0.8,0.8,900.0,0.005,20
12.18,900.1196373256769,211.4322109360564,0.2,0.2,20.249999999999996,0.8,0.8,900.0,0.005,20
12.185,900.1196863615679,212.04562257092115,0.2,0.2,20.249999999999996,0.8,0.8,900.0,0.005,20
12.19,900.1195391149646,212.69844255900057,0.2,0.2,20.249999999999996,0.8,0.8,900.0,0.005,20
12.195,900.1192758547451,213.36476073496746,0.2,0.2,20.249999999999996,0.8,0.8,900.0,0.005,20
12.200000000000001,900.11884873083,214.022716607516,0.2,0.2,20.249999999999996,0.8,0.8,900.0,0.005,20
12.205,900.1181545825622,214.67058810761918,0.2,0.2,20.249999999999996,0.8,0.8,900.0,0.005,20
12.21,900.1171803186944,215.27806318970184,0.2,0.2,20.249999999999996,0.8,0.8,900.0,0.005,20
12.215,900.115908977345,215.82236936261174,0.2,0.2,20.249999999999996,0.8,0.8,900.0,0.005,20
12.22,900.1142913250908,216.2492477492022,0.2,0.2,20.249999999999996,0.8,0.8,900.0,0.005,20
12.225,900.1124641194369,216.57481187324686,0.2,0.2,20.249999999999996,0.8,0.8,900.0,0.005,20
12.23,900.1104949849986,216.77199060502574,0.2,0.2,20.249999999999996,0.8,0.8,900.0,0.005,20
12.235,900.1085085230718,216.81485614641878,0.2,0.2,20.249999999999996,0.8,0.8,900.0,0.005,20
12.24,900.1066856599003,216.69905402390253,0.2,0.2,20.249999999999996,0.8,0.8,900.0,0.005,20
12.245000000000001,900.1052175161445,216.42842009413803,0.2,0.2,20.249999999999996,0.8,0.8,900.0,0.005,20
12.25,900.1044624359371,216.00752001184017,0.2,0.2,20.249999999999996,0.8,0.8,900.0,0.005,20
12.255,900.1041862179567,215.5049500102992,0.2,0.2,20.249999999999996,0.8,0.8,900.0,0.005,20
12.26,900.1047237259115,214.74769845420033,0.2,0.2,20.249999999999996,0.8,0.8,900.0,0.005,20
12.265,900.105668490694,214.09653714005685,0.2,0.2,20.249999999999996,0.8,0.8,900.0,0.005,20
12.27,900.1069266358598,213.47628250697045,0.2,0.2,20.249999999999996,0.8,0.8,900.0,0.005,20
12.275,900.1083410628328,212.9102349039113,0.2,0.2,20.249999999999996,0.8,0.8,900.0,0.005,20
12.280000000000001,900.1097692136674,212.43969075094657,0.2,0.2,20.249999999999996,0.8,0.8,900.0,0.005,20
12.285,900.1108874647001,212.0563061243902,0.2,0.2,20.249999999999996,0.8,0.8,900.0,0.005,20
12.290000000000001,900.1116682528077,211.75156489263608,0.2,0.2,20.249999999999996,0.8,0.8,900.0,0.005,20
12.295,900.1119257173958,211.54175297848266,0.2,0.2,20.249999999999996,0.8,0.8,900.0,0.005,20
12.3,900.1115798604744,211.4116556296205,0.2,0.2,20.249999999999996,0.8,0.8,900.0,0.005,20
12.305,900.1107066304568,211.34104959755754,0.2,0.2,20.249999999999996,0.8,0.8,900.0,0.005,20
12.31,900.1093957309724,211.31308557838886,0.2,0.2,20.249999999999996,0.8,0.8,900.0,0.005,20
12.315,900.1076697659224,211.3314945530144,0.2,0.2,20.249999999999996,0.8,0.8,900.0,0.005,20
12.32,900.1057344455064,211.37103352088835,0.2,0.2,20.249999999999996,0.8,0.8,900.0,0.005,20
12.325000000000001,900.1037539274798,211.42029742082707,0.2,0.2,20.249999999999996,0.8,0.8,900.0,0.005,20
12.33,900.1018661641301,211.4669142662642,0.2,0.2,20.249999999999996,0.8,0.8,900.0,0.005,20
12.335,900.1001933054253,211.51360580452518,0.2,0.2,20.249999999999996,0.8,0.8,900.0,0.005,20
12.34,900.0988087108394,211.55555226313194,0.2,0.2,20.249999999999996,0.8,0.8,900.0,0.005,20
12.345,900.0977703094547,211.58602785771856,0.2,0.2,20.249999999999996,0.8,0.8,900.0,0.005,20
12.35,900.0970676171429,211.59650608353635,0.2,0.2,20.249999999999996,0.8,0.8,900.0,0.005,20
12.355,900.0966336146689,211.61146229791865,0.2,0.2,20.249999999999996,0.8,0.8,900.0,0.005,20
12.36,900.0964508436462,211.6237718486077,0.2,0.2,20.249999999999996,0.8,0.8,900.0,0.005,20
12.365,900.0964808551321,211.62965195605753,0.2,0.2,20.249999999999996,0.8,0.8,900.0,0.005,20
12.370000000000001,900.096746909672,211.57882543374834,0.2,0.2,20.249999999999996,0.8,0.8,900.0,0.005,20
12.375,900.0973897784216,211.5176862678997,0.2,0.2,20.249999999999996,0.8,0.8,900.0,0.005,20
12.38,900.0984812722902,211.04773610853812,0.2,0.2,20.249999999999996,0.8,0.8,900.0,0.005,20
12.385,900.0995508004046,211.04368983526973,0.2,0.2,20.249999999999996,0.8,0.8,900.0,0.005,20
12.39,900.1006828396639,211.05740494544577,0.2,0.2,20.249999999999996,0.8,0.8,900.0,0.005,20
12.395,900.1020105108697,211.0860730965859,0.2,0.2,20.249999999999996,0.8,0.8,900.0,0.005,20
12.4,900.103614364659,211.13384880519925,0.2,0.2,20.249999999999996,0.8,0.8,900.0,0.005,20
12.405000000000001,900.1055038016059,211.22041689109034,0.2,0.2,20.249999999999996,0.8,0.8,900.0,0.005,20
12.41,900.1076406744122,211.31596193810864,0.2,0.2,20.249999999999996,0.8,0.8,900.0,0.005,20
12.415000000000001,900.1100318100499,211.4545457685422,0.2,0.2,20.249999999999996,0.8,0.8,900.0,0.005,20
12.42,900.1125497620992,211.64896786191125,0.2,0.2,20.249999999999996,0.8,0.8,900.0,0.005,20
12.425,900.1151082042627,211.89937306385784,0.2,0.2,20.249999999999996,0.8,0.8,900.0,0.005,20
12.43,900.1181919750934,211.70719154260718,0.2,0.2,20.249999999999996,0.8,0.8,900.0,0.005,20
12.435,900.120795011243,211.97460272094136,0.2,0.2,20.249999999999996,0.8,0.8,900.0,0.005,20
12.44,900.1227202723519,212.37710977409287,0.2,0.2,20.249999999999996,0.8,0.8,900.0,0.005,20
12.445,900.124041978128,212.83732548239175,0.2,0.2,20.249999999999996,0.8,0.8,900.0,0.005,20
12.450000000000001,900.124724516158,213.38627350433097,0.2,0.2,20.249999999999996,0.8,0.8,900.0,0.005,20
12.455,900.1246375037315,213.98547366043798,0.2,0.2,20.249999999999996,0.8,0.8,900.0,0.005,20
12.46,900.1239418960695,214.59294906853123,0.2,0.2,20.249999999999996,0.8,0.8,900.0,0.005,20
12.465,900.1228699948405,215.16427478997772,0.2,0.2,20.249999999999996,0.8,0.8,900.0,0.005,20
12.47,900.1214806104615,215.65780280697106,0.2,0.2,20.249999999999996,0.8,0.8,900.0,0.005,20
12.475,900.1197904441194,215.9823926841035,0.2,0.2,20.249999999999996,0.8,0.8,900.0,0.005,20
12.48,900.1176325707335,216.3773229542125,0.2,0.2,20.249999999999996,0.8,0.8,900.0,0.005,20
12.485,900.1153220407215,216.65516009869265,0.2,0.2,20.249999999999996,0.8,0.8,900.0,0.005,20
12.49,900.1127346128629,216.88905005672618,0.2,0.2,20.249999999999996,0.8,0.8,900.0,0.005,20
12.495000000000001,900.1100799283823,216.97524291366955,0.2,0.2,20.249999999999996,0.8,0.8,900.0,0.005,20
12.5,900.1075305201014,216.98129236293883,0.2,0.2,20.249999999999996,0.8,0.8,900.0,0.005,20
12.505,900.1052721631781,216.897111195094,0.2,0.2,20.249999999999996,0.8,0.8,900.0,0.005,20
12.51,900.103446310329,216.70741324311604,0.2,0.2,20.249999999999996,0.8,0.8,900.0,0.005,20
12.515,900.102178120567,216.43987838978856,0.2,0.2,20.249999999999996,0.8,0.8,900.0,0.005,20
12.52,900.1013918462968,216.1233959070222,0.2,0.2,20.249999999999996,0.8,0.8,900.0,0.005,20
12.525,900.1010619281677,215.71807983179107,0.2,0.2,20.249999999999996,0.8,0.8,900.0,0.005,20
12.530000000000001,900.1011995411615,215.31032076347228,0.2,0.2,20.249999999999996,0.8,0.8,900.0,0.005,20
12.535,900.1016169194565,214.8471255895508,0.2,0.2,20.249999999999996,0.8,0.8,900.0,0.005,20
12.540000000000001,900.1023880698481,214.37431367750264,0.2,0.2,20.249999999999996,0.8,0.8,900.0,0.005,20
12.545,900.1032857948036,213.96149703589234,0.2,0.2,20.249999999999996,0.8,0.8,900.0,0.005,20
12.55,900.1041489485989,213.57853049801975,0.2,0.2,20.249999999999996,0.8,0.8,900.0,0.005,20
12.555,900.105144623333,213.18587126019798,0.2,0.2,20.249999999999996,0.8,0.8,900.0,0.005,20
12.56,900.1062618674628,212.85771280082835,0.2,0.2,20.249999999999996,0.8,0.8,900.0,0.005,20
12.565,900.1073062356045,212.5913120351176,0.2,0.2,20.249999999999996,0.8,0.8,900.0,0.005,20
12.57,900.1083324554738,212.31012890658818,0.2,0.2,20.249999999999996,0.8,0.8,900.0,0.005,20
12.575000000000001,900.109448798762,212.05128195042445,0.2,0.2,20.249999999999996,0.8,0.8,900.0,0.005,20
12.58,900.1103713260858,211.90739355999895,0.2,0.2,20.249999999999996,0.8,0.8,900.0,0.005,20
12.585,900.1112370833162,211.79368983739278,0.2,0.2,20.249999999999996,0.8,0.8,900.0,0.005,20
12.59,900.1120874864756,211.72583458960787,0.2,0.2,20.249999999999996,0.8,0.8,900.0,0.005,20
12.595,900.1128444046349,211.46948055659922,0.2,0.2,20.249999999999996,0.8,0.8,900.0,0.005,20
12.6,900.1133894132322,211.35395610530023,0.2,0.2,20.249999999999996,0.8,0.8,900.0,0.005,20
12.605,900.1137866038595,211.36288353991233,0.2,0.2,20.249999999999996,0.8,0.8,900.0,0.005,20
12.61,900.1142109685699,211.41170129458507,0.2,0.2,20.249999999999996,0.8,0.8,900.0,0.005,20
12.615,900.1144225074543,211.5619245214574,0.2,0.2,20.249999999999996,0.8,0.8,900.0,0.005,20
12.620000000000001,900.1145063693259,211.72219216497496,0.2,0.2,20.249999999999996,0.8,0.8,900.0,0.005,20
12.625,900.114770402522,211.89641538848068,0.2,0.2,20.249999999999996,0.8,0.8,900.0,0.005,20
12.63,900.1151284351522,212.05061933598296,0.2,0.2,20.249999999999996,0.8,0.8,900.0,0.005,20
12.635,900.1154774416486,212.1844429362243,0.2,0.2,20.249999999999996,0.8,0.8,900.0,0.005,20
12.64,900.1158248213385,212.2446929874703,0.2,0.2,20.249999999999996,0.8,0.8,900.0,0.005,20
12.645,900.1163877063632,212.10321502164172,0.2,0.2,20.249999999999996,0.8,0.8,900.0,0.005,20
12.65,900.1169059533279,212.031598806668,0.2,0.2,20.249999999999996,0.8,0.8,900.0,0.005,20
12.655000000000001,900.1171751981883,212.11135814836499,0.2,0.2,20.249999999999996,0.8,0.8,900.0,0.005,20
12.66,900.1172589151099,212.0501294965655,0.2,0.2,20.249999999999996,0.8,0.8,900.0,0.005,20
12.665000000000001,900.1168749784205,212.07356341225372,0.2,0.2,20.249999999999996,0.8,0.8,900.0,0.005,20
12.67,900.1159744983465,212.1216807079745,0.2,0.2,20.249999999999996,0.8,0.8,900.0,0.005,20
12.675,900.1146590492173,212.12610970052776,0.2,0.2,20.249999999999996,0.8,0.8,900.0,0.005,20
12.68,900.1130754913978,212.0847182318395,0.2,0.2,20.249999999999996,0.8,0.8,900.0,0.005,20
12.685,900.111311070223,211.91925876776364,0.2,0.2,20.249999999999996,0.8,0.8,900.0,0.005,20
12.69,900.1094031796439,211.74306356415477,0.2,0.2,20.249999999999996,0.8,0.8,900.0,0.005,20
12.695,900.1077115927646,211.4351761627031,0.2,0.2,20.249999999999996,0.8,0.8,900.0,0.005,20
12.700000000000001,900.1062789410199,211.14408770585342,0.2,0.2,20.249999999999996,0.8,0.8,900.0,0.005,20
12.705,900.1049975022188,210.85022161091587,0.2,0.2,20.249999999999996,0.8,0.8,900.0,0.005,20
12.71,900.1039689733624,210.54643547861284,0.2,0.2,20.249999999999996,0.8,0.8,900.0,0.005,20
12.715,900.1033668785141,210.21957816200103,0.2,0.2,20.249999999999996,0.8,0.8,900.0,0.005,20
12.72,900.1031331494744,209.9255155299289,0.2,0.2,20.249999999999996,0.8,0.8,900.0,0.005,20
12.725,900.1032157689023,209.66173563974186,0.2,0.2,20.249999999999996,0.8,0.8,900.0,0.005,20
12.73,900.1035785386177,209.43841189700774,0.2,0.2,20.249999999999996,0.8,0.8,900.0,0.005,20
12.735,900.1042124967485,209.16887004269304,0.2,0.2,20.249999999999996,0.8,0.8,900.0,0.005,20
12.74,900.1052519262365,208.9339585894899,0.2,0.2,20.249999999999996,0.8,0.8,900.0,0.005,20
12.745000000000001,900.1063587289069,208.81306979446867,0.2,0.2,20.249999999999996,0.8,0.8,900.0,0.005,20
12.75,900.1074088906483,208.7825618378998,0.2,0.2,20.249999999999996,0.8,0.8,900.0,0.005,20
12.755,900.1083018648308,208.83004725388108,0.2,0.2,20.249999999999996,0.8,0.8,900.0,0.005,20
12.76,900.1091385683185,208.80304655494606,0.2,0.2,20.249999999999996,0.8,0.8,900.0,0.005,20
12.765,900.1097135239278,208.83048570609515,0.2,0.2,20.249999999999996,0.8,0.8,900.0,0.005,20
12.77,900.1101937749781,208.86008822544363,0.2,0.2,20.249999999999996,0.8,0.8,900.0,0.005,20
12.775,900.1103106472212,208.9907539457242,0.2,0.2,20.249999999999996,0.8,0.8,900.0,0.005,20
12.780000000000001,900.1102090733747,209.11456707153488,0.2,0.2,20.249999999999996,0.8,0.8,900.0,0.005,20
12.785,900.1097827944362,209.21943146579335,0.2,0.2,20.249999999999996,0.8,0.8,900.0,0.005,20
12.790000000000001,900.1091431415568,209.2769325270607,0.2,0.2,20.249999999999996,0.8,0.8,900.0,0.005,20
12.795,900.1083967166508,209.27494431179895,0.2,0.2,20.249999999999996,0.8,0.8,900.0,0.005,20
12.8,900.1076876052541,209.1900920257321,0.2,0.2,20.249999999999996,0.8,0.8,900.0,0.005,20
12.805,900.107102099345,209.0236503271809,0.2,0.2,20.249999999999996,0.8,0.8,900.0,0.005,20
12.81,900.1067473187934,208.80414315756798,0.2,0.2,20.249999999999996,0.8,0.8,900.0,0.005,20
12.815,900.1065613082257,208.5423674241152,0.2,0.2,20.249999999999996,0.8,0.8,900.0,0.005,20
12.82,900.1065228432188,208.25229851789027,0.2,0.2,20.249999999999996,0.8,0.8,900.0,0.005,20
12.825000000000001,900.1066495497594,207.9572896626614,0.2,0.2,20.249999999999996,0.8,0.8,900.0,0.005,20
12.83,900.1069276954129,207.6660628755386,0.2,0.2,20.249999999999996,0.8,0.8,900.0,0.005,20
12.835,900.107299503412,207.38914809740507,0.2,0.2,20.249999999999996,0.8,0.8,900.0,0.005,20
12.84,900.1076707743773,207.14158472424234,0.2,0.2,20.249999999999996,0.8,0.8,900.0,0.005,20
12.845,900.1079935820645,206.9211890918145,0.2,0.2,20.249999999999996,0.8,0.8,900.0,0.005,20
12.85,900.1082816187148,206.72908512177378,0.2,0.2,20.249999999999996,0.8,0.8,900.0,0.005,20
12.855,900.1084807654382,206.59874648111696,0.2,0.2,20.249999999999996,0.8,0.8,900.0,0.005,20
12.86,900.1085596576609,206.50564677287358,0.2,0.2,20.249999999999996,0.8,0.8,900.0,0.005,20
12.865,900.1084652836829,206.44075623988746,0.2,0.2,20.249999999999996,0.8,0.8,900.0,0.005,20
12.870000000000001,900.1082439096715,206.39858416789556,0.2,0.2,20.249999999999996,0.8,0.8,900.0,0.005,20
12.875,900.1079457982491,206.37872197279165,0.2,0.2,20.249999999999996,0.8,0.8,900.0,0.005,20
12.88,900.1075541253734,206.37799334221882,0.2,0.2,20.249999999999996,0.8,0.8,900.0,0.005,20
12.885,900.1071434710444,206.38213156976786,0.2,0.2,20.249999999999996,0.8,0.8,900.0,0.005,20
12.89,900.106760892976,206.38466243817183,0.2,0.2,20.249999999999996,0.8,0.8,900.0,0.005,20
12.895,900.1064167731874,206.38743225830476,0.2,0.2,20.249999999999996,0.8,0.8,900.0,0.005,20
12.9,900.1061300959082,206.39033125134063,0.2,0.2,20.249999999999996,0.8,0.8,900.0,0.005,20
12.905000000000001,900.1059440150924,206.2930822221542,0.2,0.2,20.249999999999996,0.8,0.8,900.0,0.005,20
12.91,900.1060334202232,206.05370230899644,0.2,0.2,20.249999999999996,0.8,0.8,900.0,0.005,20
12.915000000000001,900.1058503118636,206.04164058310528,0.2,0.2,20.249999999999996,0.8,0.8,900.0,0.005,20
12.92,900.1056316538945,206.00234180910647,0.2,0.2,20.249999999999996,0.8,0.8,900.0,0.005,20
12.925,900.1054425330839,205.89098132284926,0.2,0.2,20.249999999999996,0.8,0.8,900.0,0.005,20
12.93,900.1050509202985,205.812119104327,0.2,0.2,20.249999999999996,0.8,0.8,900.0,0.005,20
12.935,900.1045151960857,205.71782067129783,0.2,0.2,20.249999999999996,0.8,0.8,900.0,0.005,20
12.94,900.1043224798738,205.50860936526573,0.2,0.2,20.249999999999996,0.8,0.8,900.0,0.005,20
12.945,900.1047813406768,205.00823466706765,0.2,0.2,20.249999999999996,0.8,0.8,900.0,0.005,20
12.950000000000001,900.1044622680049,204.873889021546,0.2,0.2,20.249999999999996,0.8,0.8,900.0,0.005,20
12.955,900.1038403615543,204.76278062682078,0.2,0.2,20.249999999999996,0.8,0.8,900.0,0.005,20
12.96,900.1031065039962,204.65852846281643,0.2,0.2,20.249999999999996,0.8,0.8,900.0,0.005,20
12.965,900.1021771676727,204.49100106842639,0.2,0.2,20.249999999999996,0.8,0.8,900.0,0.005,20
12.97,900.1010428723882,204.34595599401146,0.2,0.2,20.249999999999996,0.8,0.8,900.0,0.005,20
12.975,900.0997805787295,204.2407268859435,0.2,0.2,20.249999999999996,0.8,0.8,900.0,0.005,20
12.98,900.0984319624115,204.13080415256474,0.2,0.2,20.249999999999996,0.8,0.8,900.0,0.005,20
12.985,900.0972295324342,203.83338583530457,0.2,0.2,20.249999999999996,0.8,0.8,900.0,0.005,20
12.99,900.0959901146573,203.69307650300848,0.2,0.2,20.249999999999996,0.8,0.8,900.0,0.005,20
12.995000000000001,900.0949010139993,203.5065558940366,0.2,0.2,20.249999999999996,0.8,0.8,900.0,0.005,20
13.0,900.0941323443074,203.2943226138902,0.2,0.2,20.249999999999996,0.8,0.8,900.0,0.005,20
13.005,900.0935110698804,203.13034265012598,0.2,0.2,20.249999999999996,0.8,0.8,900.0,0.005,20
13.01,900.093111491332,202.97450923787918,0.2,0.2,20.249999999999996,0.8,0.8,900.0,0.005,20
13.015,900.0931255761604,202.7934238088218,0.2,0.2,20.249999999999996,0.8,0.8,900.0,0.005,20
13.02,900.0937028320816,202.58734803527216,0.2,0.2,20.249999999999996,0.8,0.8,900.0,0.005,20
13.025,900.0946027814174,202.44213479400997,0.2,0.2,20.249999999999996,0.8,0.8,900.0,0.005,20
13.030000000000001,900.0956421880309,202.32946486623308,0.2,0.2,20.249999999999996,0.8,0.8,900.0,0.005,20
13.035,900.096966825261,202.27110809898227,0.2,0.2,20.249999999999996,0.8,0.8,900.0,0.005,20
13.040000000000001,900.0985287155271,202.28292191026262,0.2,0.2,20.249999999999996,0.8,0.8,900.0,0.005,20
13.045,900.1002992060718,202.36909683129383,0.2,0.2,20.249999999999996,0.8,0.8,900.0,0.005,20
13.05,900.1022914857119,202.52115000597288,0.2,0.2,20.249999999999996,0.8,0.8,900.0,0.005,20
13.055,900.1043360413813,202.75108926893364,0.2,0.2,20.249999999999996,0.8,0.8,900.0,0.005,20
13.06,900.1063271915142,203.03806262220655,0.2,0.2,20.249999999999996,0.8,0.8,900.0,0.005,20
13.065,900.1083805935247,203.23086344568165,0.2,0.2,20.249999999999996,0.8,0.8,900.0,0.005,20
13.07,900.1105667126171,203.51394142241557,0.2,0.2,20.249999999999996,0.8,0.8,900.0,0.005,20
13.075000000000001,900.1123733000062,204.03849497901683,0.2,0.2,20.249999999999996,0.8,0.8,900.0,0.005,20
13.08,900.1138387647322,204.63846860032555,0.2,0.2,20.249999999999996,0.8,0.8,900.0,0.005,20
13.085,900.1150580502762,205.2536669191007,0.2,0.2,20.249999999999996,0.8,0.8,900.0,0.005,20
13.09,900.1160375098194,205.94338393066008,0.2,0.2,20.249999999999996,0.8,0.8,900.0,0.005,20
13.095,900.1167626903897,206.66845579026105,0.2,0.2,20.249999999999996,0.8,0.8,900.0,0.005,20
13.1,900.1173439111161,207.3824546891452,0.2,0.2,20.249999999999996,0.8,0.8,900.0,0.005,20
13.105,900.117814500265,208.06884524050332,0.2,0.2,20.249999999999996,0.8,0.8,900.0,0.005,20
13.11,900.1180708824616,208.7626191537632,0.2,0.2,20.249999999999996,0.8,0.8,900.0,0.005,20
13.115,900.1183759322773,209.38749498487053,0.2,0.2,20.249999999999996,0.8,0.8,900.0,0.005,20
13.120000000000001,900.1188361803412,209.93439161669667,0.2,0.2,20.249999999999996,0.8,0.8,900.0,0.005,20
13.125,900.1192756696594,210.44163182700032,0.2,0.2,20.249999999999996,0.8,0.8,900.0,0.005,20
13.13,900.119770707173,210.8545828837678,0.2,0.2,20.249999999999996,0.8,0.8,900.0,0.005,20
13.135,900.1203455836218,211.2271159639087,0.2,0.2,20.249999999999996,0.8,0.8,900.0,0.005,20
13.14,900.120949808983,211.60211558777678,0.2,0.2,20.249999999999996,0.8,0.8,900.0,0.005,20
13.145,900.1218818093482,211.8329313632059,0.2,0.2,20.249999999999996,0.8,0.8,900.0,0.005,20
13.15,900.1227537056901,212.20144477861362,0.2,0.2,20.249999999999996,0.8,0.8,900.0,0.005,20
13.155000000000001,900.1234476796955,212.63432618291816,0.2,0.2,20.249999999999996,0.8,0.8,900.0,0.005,20
13.16,900.1240926037754,213.09064410232116,0.2,0.2,20.249999999999996,0.8,0.8,900.0,0.005,20
13.165000000000001,900.124767434975,213.60148279448117,0.2,0.2,20.249999999999996,0.8,0.8,900.0,0.005,20
13.17,900.1251572849311,214.16802835778404,0.2,0.2,20.249999999999996,0.8,0.8,900.0,0.005,20
13.175,900.1256406367555,214.47827321097125,0.2,0.2,20.249999999999996,0.8,0.8,900.0,0.005,20
13.18,900.1261247101695,214.9945541348217,0.2,0.2,20.249999999999996,0.8,0.8,900.0,0.005,20
13.185,900.1261007432568,215.65767320901267,0.2,0.2,20.249999999999996,0.8,0.8,900.0,0.005,20
13.19,900.1258706591927,216.3064862353002,0.2,0.2,20.249999999999996,0.8,0.8,900.0,0.005,20
13.195,900.1254453435859,216.9449148058827,0.2,0.2,20.249999999999996,0.8,0.8,900.0,0.005,20
13.200000000000001,900.1248152541273,217.55411814206622,0.2,0.2,20.249999999999996,0.8,0.8,900.0,0.005,20
13.205,900.1240537331273,218.120327840365,0.2,0.2,20.249999999999996,0.8,0.8,900.0,0.005,20
13.21,900.1234056301322,218.44388665284677,0.2,0.2,20.249999999999996,0.8,0.8,900.0,0.005,20
13.215,900.1224741348726,218.90520030317595,0.2,0.2,20.249999999999996,0.8,0.8,900.0,0.005,20
13.22,900.1213550609856,219.2983070557316,0.2,0.2,20.249999999999996,0.8,0.8,900.0,0.005,20
13.225,900.1200500660224,219.61076754685217,0.2,0.2,20.249999999999996,0.8,0.8,900.0,0.005,20
13.23,900.1184744066957,219.8373900838942,0.2,0.2,20.249999999999996,0.8,0.8,900.0,0.005,20
13.235,900.1166358517138,219.9467616643235,0.2,0.2,20.249999999999996,0.8,0.8,900.0,0.005,20
13.24,900.1146031920811,219.95067725768143,0.2,0.2,20.249999999999996,0.8,0.8,900.0,0.005,20
13.245000000000001,900.1122668251088,219.8391068209989,0.2,0.2,20.249999999999996,0.8,0.8,900.0,0.005,20
13.25,900.1097903137174,219.58565101018903,0.2,0.2,20.249999999999996,0.8,0.8,900.0,0.005,20
13.255,900.1072292186325,219.1853492443928,0.2,0.2,20.249999999999996,0.8,0.8,900.0,0.005,20
13.26,900.1048150937975,218.57885726247807,0.2,0.2,20.249999999999996,0.8,0.8,900.0,0.005,20
13.265,900.1026309186418,217.8457948631145,0.2,0.2,20.249999999999996,0.8,0.8,900.0,0.005,20
13.27,900.1007413578942,217.0240045803233,0.2,0.2,20.249999999999996,0.8,0.8,900.0,0.005,20
13.275,900.0992041451254,216.1552759717651,0.2,0.2,20.249999999999996,0.8,0.8,900.0,0.005,20
13.280000000000001,900.0981495000158,215.23709757374536,0.2,0.2,20.249999999999996,0.8,0.8,900.0,0.005,20
13.285,900.0975166367798,214.29529890910374,0.2,0.2,20.249999999999996,0.8,0.8,900.0,0.005,20
13.290000000000001,900.0972858079899,213.34792486790076,0.2,0.2,20.249999999999996,0.8,0.8,900.0,0.005,20
13.295,900.0974928999777,212.32866201003839,0.2,0.2,20.249999999999996,0.8,0.8,900.0,0.005,20
13.3,900.0981516125366,211.34780811281865,0.2,0.2,20.249999999999996,0.8,0.8,900.0,0.005,20
13.305,900.0989694376134,210.52780659558067,0.2,0.2,20.249999999999996,0.8,0.8,900.0,0.005,20
13.31,900.099832815455,209.78895171487727,0.2,0.2,20.249999999999996,0.8,0.8,900.0,0.005,20
13.315,900.1008627048803,209.07100545890555,0.2,0.2,20.249999999999996,0.8,0.8,900.0,0.005,20
13.32,900.1020483453647,208.47139785484725,0.2,0.2,20.249999999999996,0.8,0.8,900.0,0.005,20
13.325000000000001,900.1032571061235,207.98557840110752,0.2,0.2,20.249999999999996,0.8,0.8,900.0,0.005,20
13.33,900.1044851566364,207.61904091498124,0.2,0.2,20.249999999999996,0.8,0.8,900.0,0.005,20
13.335,900.1058296264857,207.29538643769826,0.2,0.2,20.249999999999996,0.8,0.8,900.0,0.005,20
13.34,900.1072976448027,207.07535728813485,0.2,0.2,20.249999999999996,0.8,0.8,900.0,0.005,20
13.345,900.1087836308017,206.97926612056352,0.2,0.2,20.249999999999996,0.8,0.8,900.0,0.005,20
13.35,900.1102233359609,207.07143647515767,0.2,0.2,20.249999999999996,0.8,0.8,900.0,0.005,20
13.355,900.1116454050682,207.27080385242735,0.2,0.2,20.249999999999996,0.8,0.8,900.0,0.005,20
13.36,900.1130960946252,207.59996836996186,0.2,0.2,20.249999999999996,0.8,0.8,900.0,0.005,20
13.365,900.1142786752255,208.0711048878612,0.2,0.2,20.249999999999996,0.8,0.8,900.0,0.005,20
13.370000000000001,900.1151821546499,208.6248059237243,0.2,0.2,20.249999999999996,0.8,0.8,900.0,0.005,20
13.375,900.1157412959197,209.21639074126978,0.2,0.2,20.249999999999996,0.8,0.8,900.0,0.005,20
13.38,900.1158983801267,209.82396965997452,0.2,0.2,20.249999999999996,0.8,0.8,900.0,0.005,20
13.385,900.1157296038599,210.4575751887856,0.2,0.2,20.249999999999996,0.8,0.8,900.0,0.005,20
13.39,900.1150831118647,211.09015546237734,0.2,0.2,20.249999999999996,0.8,0.8,900.0,0.005,20
13.395,900.1140140192258,211.61215176421632,0.2,0.2,20.249999999999996,0.8,0.8,900.0,0.005,20
13.4,900.1123941826436,212.08523194024673,0.2,0.2,20.249999999999996,0.8,0.8,900.0,0.005,20
13.405000000000001,900.1107284675161,212.25994845105242,0.2,0.2,20.249999999999996,0.8,0.8,900.0,0.005,20
13.41,900.1085526045684,212.5376495187309,0.2,0.2,20.249999999999996,0.8,0.8,900.0,0.005,20
13.415000000000001,900.1062009399958,212.68255861123478,0.2,0.2,20.249999999999996,0.8,0.8,900.0,0.005,20
13.42,900.1038473050455,212.6700775937225,0.2,0.2,20.249999999999996,0.8,0.8,900.0,0.005,20
13.425,900.1016500674752,212.51583876783428,0.2,0.2,20.249999999999996,0.8,0.8,900.0,0.005,20
13.43,900.0997922943702,212.20753621230872,0.2,0.2,20.249999999999996,0.8,0.8,900.0,0.005,20
13.435,900.0982117256561,211.86542838184295,0.2,0.2,20.249999999999996,0.8,0.8,900.0,0.005,20
13.44,900.0969094848368,211.482021129672,0.2,0.2,20.249999999999996,0.8,0.8,900.0,0.005,20
13.445,900.0959814432822,210.96938196432222,0.2,0.2,20.249999999999996,0.8,0.8,900.0,0.005,20
13.450000000000001,900.0951631432579,210.53258451508873,0.2,0.2,20.249999999999996,0.8,0.8,900.0,0.005,20
13.455,900.0944673223878,210.10844448766883,0.2,0.2,20.249999999999996,0.8,0.8,900.0,0.005,20
13.46,900.0939684350585,209.6838713281854,0.2,0.2,20.249999999999996,0.8,0.8,900.0,0.005,20
13.465,900.0934192994114,209.31097575012942,0.2,0.2,20.249999999999996,0.8,0.8,900.0,0.005,20
13.47,900.0928591553277,208.9742545922326,0.2,0.2,20.249999999999996,0.8,0.8,900.0,0.005,20
13.475,900.0922834892663,208.67894902435097,0.2,0.2,20.249999999999996,0.8,0.8,900.0,0.005,20
13.48,900.0916540420942,208.4133681679955,0.2,0.2,20.249999999999996,0.8,0.8,900.0,0.005,20
13.485,900.0910040712548,208.16815138803724,0.2,0.2,20.249999999999996,0.8,0.8,900.0,0.005,20
13.49,900.0903422511698,207.95577935439823,0.2,0.2,20.249999999999996,0.8,0.8,900.0,0.005,20
13.495000000000001,900.0897569913915,207.7371848687938,0.2,0.2,20.249999999999996,0.8,0.8,900.0,0.005,20
13.5,900.089508808272,207.44876631597018,0.2,0.2,20.249999999999996,0.8,0.8,900.0,0.005,20
13.505,900.0894723560058,207.16782621188045,0.2,0.2,20.249999999999996,0.8,0.8,900.0,0.005,20
13.51,900.0897436837054,206.85888009239576,0.2,0.2,20.249999999999996,0.8,0.8,900.0,0.005,20
13.515,900.0904179523596,206.48179118054296,0.2,0.2,20.249999999999996,0.8,0.8,900.0,0.005,20
13.52,900.0919939270448,205.92477028379287,0.2,0.2,20.249999999999996,0.8,0.8,900.0,0.005,20
13.525,900.0935675990097,205.6643964353896,0.2,0.2,20.249999999999996,0.8,0.8,900.0,0.005,20
13.530000000000001,900.0953543477332,205.45543171746428,0.2,0.2,20.249999999999996,0.8,0.8,900.0,0.005,20
13.535,900.0973146031596,205.32343515782324,0.2,0.2,20.249999999999996,0.8,0.8,900.0,0.005,20
13.540000000000001,900.0993419642914,205.23988082229553,0.2,0.2,20.249999999999996,0.8,0.8,900.0,0.005,20
13.545,900.1015807088622,205.07280616234146,0.2,0.2,20.249999999999996,0.8,0.8,900.0,0.005,20
13.55,900.1037207892507,205.13099480806122,0.2,0.2,20.249999999999996,0.8,0.8,900.0,0.005,20
13.555,900.1057474654225,205.33296670512294,0.2,0.2,20.249999999999996,0.8,0.8,900.0,0.005,20
13.56,900.1076972392834,205.62749263366064,0.2,0.2,20.249999999999996,0.8,0.8,900.0,0.005,20
13.565,900.1095559165539,206.01128104123174,0.2,0.2,20.249999999999996,0.8,0.8,900.0,0.005,20
13.57,900.111349866625,206.46361611954796,0.2,0.2,20.249999999999996,0.8,0.8,900.0,0.005,20
13.575000000000001,900.113092617655,206.96213313337535,0.2,0.2,20.249999999999996,0.8,0.8,900.0,0.005,20
13.58,900.1147332179113,207.48849654192642,0.2,0.2,20.249999999999996,0.8,0.8,900.0,0.005,20
13.585,900.1162896058744,208.01799058649,0.2,0.2,20.249999999999996,0.8,0.8,900.0,0.005,20
13.59,900.117832417101,208.48334534798784,0.2,0.2,20.249999999999996,0.8,0.8,900.0,0.005,20
13.595,900.1192560057693,208.94523356599055,0.2,0.2,20.249999999999996,0.8,0.8,900.0,0.005,20
13.6,900.1206153592497,209.40391754431988,0.2,0.2,20.249999999999996,0.8,0.8,900.0,0.005,20
13.605,900.1219949594193,209.79830975320417,0.2,0.2,20.249999999999996,0.8,0.8,900.0,0.005,20
13.61,900.1229937206026,210.19624116960395,0.2,0.2,20.249999999999996,0.8,0.8,900.0,0.005,20
13.615,900.1236164157121,210.5788651020333,0.2,0.2,20.249999999999996,0.8,0.8,900.0,0.005,20
13.620000000000001,900.1238482648793,210.94417645375088,0.2,0.2,20.249999999999996,0.8,0.8,900.0,0.005,20
13.625,900.1237274542408,211.2648933848998,0.2,0.2,20.249999999999996,0.8,0.8,900.0,0.005,20
13.63,900.123197468603,211.58218989459837,0.2,0.2,20.249999999999996,0.8,0.8,900.0,0.005,20
13.635,900.1224170076956,211.9042773882094,0.2,0.2,20.249999999999996,0.8,0.8,900.0,0.005,20
13.64,900.1212571207251,212.18238453225123,0.2,0.2,20.249999999999996,0.8,0.8,900.0,0.005,20
13.645,900.119959295328,212.44416175689193,0.2,0.2,20.249999999999996,0.8,0.8,900.0,0.005,20
13.65,900.118418004024,212.7234869010661,0.2,0.2,20.249999999999996,0.8,0.8,900.0,0.005,20
13.655000000000001,900.1167198734281,212.98360806196513,0.2,0.2,20.249999999999996,0.8,0.8,900.0,0.005,20
13.66,900.1150026683803,213.21680611189004,0.2,0.2,20.249999999999996,0.8,0.8,900.0,0.005,20
13.665000000000001,900.1133780190958,213.41857421595415,0.2,0.2,20.249999999999996,0.8,0.8,900.0,0.005,20
13.67,900.1119139058939,213.58980496063174,0.2,0.2,20.249999999999996,0.8,0.8,900.0,0.005,20
13.675,900.110687111257,213.73040071708107,0.2,0.2,20.249999999999996,0.8,0.8,900.0,0.005,20
13.68,900.1098528147422,213.77906704854092,0.2,0.2,20.249999999999996,0.8,0.8,900.0,0.005,20
13.685,900.1093568593121,213.81249092925208,0.2,0.2,20.249999999999996,0.8,0.8,900.0,0.005,20
13.69,900.1092389546945,213.8702263592107,0.2,0.2,20.249999999999996,0.8,0.8,900.0,0.005,20
13.695,900.1093666323368,213.92069360074214,0.2,0.2,20.249999999999996,0.8,0.8,900.0,0.005,20
13.700000000000001,900.1097071583674,213.94193097418835,0.2,0.2,20.249999999999996,0.8,0.8,900.0,0.005,20
13.705,900.1102490650761,213.96632582481928,0.2,0.2,20.249999999999996,0.8,0.8,900.0,0.005,20
13.71,900.1108558193581,214.01078799581947,0.2,0.2,20.249999999999996,0.8,0.8,900.0,0.005,20
13.715,900.1115519362409,214.0762383363684,0.2,0.2,20.249999999999996,0.8,0.8,900.0,0.005,20
13.72,900.1122560830255,214.14451456980746,0.2,0.2,20.249999999999996,0.8,0.8,900.0,0.005,20
13.725,900.1129826846412,214.2309381013592,0.2,0.2,20.249999999999996,0.8,0.8,900.0,0.005,20
13.73,900.1137263407537,214.3399907136192,0.2,0.2,20.249999999999996,0.8,0.8,900.0,0.005,20
13.735,900.1144961503954,214.46654696764597,0.2,0.2,20.249999999999996,0.8,0.8,900.0,0.005,20
13.74,900.1152194258821,214.61755796306844,0.2,0.2,20.249999999999996,0.8,0.8,900.0,0.005,20
13.745000000000001,900.1158345976459,214.796498866858,0.2,0.2,20.249999999999996,0.8,0.8,900.0,0.005,20
13.75,900.1163849393962,214.98866090132947,0.2,0.2,20.249999999999996,0.8,0.8,900.0,0.005,20
13.755,900.1167688846981,215.1987810284707,0.2,0.2,20.249999999999996,0.8,0.8,900.0,0.005,20
13.76,900.1170051693847,215.39079552057157,0.2,0.2,20.249999999999996,0.8,0.8,900.0,0.005,20
13.765,900.1169167187281,215.5425225905109,0.2,0.2,20.249999999999996,0.8,0.8,900.0,0.005,20
13.77,900.1168856692605,215.66194119606004,0.2,0.2,20.249999999999996,0.8,0.8,900.0,0.005,20
13.775,900.1159878939284,215.89189523091957,0.2,0.2,20.249999999999996,0.8,0.8,900.0,0.005,20
13.780000000000001,900.114551780423,216.08970408482375,0.2,0.2,20.249999999999996,0.8,0.8,900.0,0.005,20
13.785,900.1126825704423,216.2376583709529,0.2,0.2,20.249999999999996,0.8,0.8,900.0,0.005,20
13.790000000000001,900.1105360109524,216.3012984714439,0.2,0.2,20.249999999999996,0.8,0.8,900.0,0.005,20
13.795,900.1081792580724,216.2447946386378,0.2,0.2,20.249999999999996,0.8,0.8,900.0,0.005,20
13.8,900.105903271266,215.84095401421607,0.2,0.2,20.249999999999996,0.8,0.8,900.0,0.005,20
13.805,900.1037074466433,215.5483257316727,0.2,0.2,20.249999999999996,0.8,0.8,900.0,0.005,20
13.81,900.1014604441648,215.2614308168358,0.2,0.2,20.249999999999996,0.8,0.8,900.0,0.005,20
13.815,900.0994522336226,214.85642100335875,0.2,0.2,20.249999999999996,0.8,0.8,900.0,0.005,20
13.82,900.0976995708778,214.3825178813571,0.2,0.2,20.249999999999996,0.8,0.8,900.0,0.005,20
13.825000000000001,900.0963523023827,213.81492472632084,0.2,0.2,20.249999999999996,0.8,0.8,900.0,0.005,20
13.83,900.0952645464646,213.24147552485144,0.2,0.2,20.249999999999996,0.8,0.8,900.0,0.005,20
13.835,900.0944802168872,212.65236503920121,0.2,0.2,20.249999999999996,0.8,0.8,900.0,0.005,20
13.84,900.0939873022243,212.02334630694554,0.2,0.2,20.249999999999996,0.8,0.8,900.0,0.005,20
13.845,900.0937833884309,211.42369912647624,0.2,0.2,20.249999999999996,0.8,0.8,900.0,0.005,20
13.85,900.0938082932792,210.83630313615518,0.2,0.2,20.249999999999996,0.8,0.8,900.0,0.005,20
13.855,900.0941064965149,210.26732308319512,0.2,0.2,20.249999999999996,0.8,0.8,900.0,0.005,20
13.86,900.0946639149797,209.73172730539642,0.2,0.2,20.249999999999996,0.8,0.8,900.0,0.005,20
13.865,900.09546352824,209.24575484074163,0.2,0.2,20.249999999999996,0.8,0.8,900.0,0.005,20
13.870000000000001,900.0965055552473,208.8179235045914,0.2,0.2,20.249999999999996,0.8,0.8,900.0,0.005,20
13.875,900.0977833286041,208.4573742058377,0.2,0.2,20.249999999999996,0.8,0.8,900.0,0.005,20
13.88,900.0995297750297,207.99111179848015,0.2,0.2,20.249999999999996,0.8,0.8,900.0,0.005,20
13.885,900.1015309957029,207.69666863842568,0.2,0.2,20.249999999999996,0.8,0.8,900.0,0.005,20
13.89,900.1033992445655,207.57314432966805,0.2,0.2,20.249999999999996,0.8,0.8,900.0,0.005,20
13.895,900.1052239363248,207.5538397885927,0.2,0.2,20.249999999999996,0.8,0.8,900.0,0.005,20
13.9,900.1072108099578,207.4873005618514,0.2,0.2,20.249999999999996,0.8,0.8,900.0,0.005,20
13.905000000000001,900.1093387741771,207.5126915140358,0.2,0.2,20.249999999999996,0.8,0.8,900.0,0.005,20
13.91,900.1111765063383,207.71503853323918,0.2,0.2,20.249999999999996,0.8,0.8,900.0,0.005,20
13.915000000000001,900.1128764449775,208.00708934411875,0.2,0.2,20.249999999999996,0.8,0.8,900.0,0.005,20
13.92,900.1144481049746,208.39130169806646,0.2,0.2,20.249999999999996,0.8,0.8,900.0,0.005,20
13.925,900.1159505330369,208.780748956837,0.2,0.2,20.249999999999996,0.8,0.8,900.0,0.005,20
13.93,900.1174915762987,209.247607675892,0.2,0.2,20.249999999999996,0.8,0.8,900.0,0.005,20
13.935,900.1189009579358,209.83940490846163,0.2,0.2,20.249999999999996,0.8,0.8,900.0,0.005,20
13.94,900.1201339743519,210.46851719102725,0.2,0.2,20.249999999999996,0.8,0.8,900.0,0.005,20
13.945,900.1214671512919,210.9993104699785,0.2,0.2,20.249999999999996,0.8,0.8,900.0,0.005,20
13.950000000000001,900.122593347184,211.64835893256713,0.2,0.2,20.249999999999996,0.8,0.8,900.0,0.005,20
13.955,900.1233071158892,212.3454390211262,0.2,0.2,20.249999999999996,0.8,0.8,900.0,0.005,20
13.96,900.123639705381,213.00476902043346,0.2,0.2,20.249999999999996,0.8,0.8,900.0,0.005,20
13.965,900.123644116326,213.54651447671594,0.2,0.2,20.249999999999996,0.8,0.8,900.0,0.005,20
13.97,900.1230342402351,214.11711442729947,0.2,0.2,20.249999999999996,0.8,0.8,900.0,0.005,20
13.975,900.1218882365896,214.62828711596558,0.2,0.2,20.249999999999996,0.8,0.8,900.0,0.005,20
13.98,900.120217147778,215.058819009279,0.2,0.2,20.249999999999996,0.8,0.8,900.0,0.005,20
13.985,900.118087391259,215.3860600696541,0.2,0.2,20.249999999999996,0.8,0.8,900.0,0.005,20
13.99,900.1156600065742,215.57609341987597,0.2,0.2,20.249999999999996,0.8,0.8,900.0,0.005,20
13.995000000000001,900.1132048468743,215.59544559150552,0.2,0.2,20.249999999999996,0.8,0.8,900.0,0.005,20
14.0,900.1105202340217,215.5796638874644,0.2,0.2,20.249999999999996,0.8,0.8,900.0,0.005,20
14.005,900.1078402600914,215.45169594960265,0.2,0.2,20.249999999999996,0.8,0.8,900.0,0.005,20
14.01,900.1053861435021,215.20138720501447,0.2,0.2,20.249999999999996,0.8,0.8,900.0,0.005,20
14.015,900.103314300666,214.85470008937466,0.2,0.2,20.249999999999996,0.8,0.8,900.0,0.005,20
14.02,900.101588012608,214.4255694389836,0.2,0.2,20.249999999999996,0.8,0.8,900.0,0.005,20
14.025,900.1003228725322,213.92305024973697,0.2,0.2,20.249999999999996,0.8,0.8,900.0,0.005,20
14.030000000000001,900.0995712358464,213.38887290308702,0.2,0.2,20.249999999999996,0.8,0.8,900.0,0.005,20
14.035,900.0994388658552,212.75502302610246,0.2,0.2,20.249999999999996,0.8,0.8,900.0,0.005,20
14.040000000000001,900.0996284729584,212.17108613537812,0.2,0.2,20.249999999999996,0.8,0.8,900.0,0.005,20
14.045,900.1001551530219,211.62785044470783,0.2,0.2,20.249999999999996,0.8,0.8,900.0,0.005,20
14.05,900.1009361810936,211.13195807447053,0.2,0.2,20.249999999999996,0.8,0.8,900.0,0.005,20
14.055,900.1018506425747,210.70190014664496,0.2,0.2,20.249999999999996,0.8,0.8,900.0,0.005,20
14.06,900.1028282413761,210.34988837019037,0.2,0.2,20.249999999999996,0.8,0.8,900.0,0.005,20
14.065,900.103876867694,210.03393293784376,0.2,0.2,20.249999999999996,0.8,0.8,900.0,0.005,20
14.07,900.1051438131655,209.7596571600379,0.2,0.2,20.249999999999996,0.8,0.8,900.0,0.005,20
14.075000000000001,900.1061868089603,209.68401698833875,0.2,0.2,20.249999999999996,0.8,0.8,900.0,0.005,20
14.08,900.1070847157116,209.7270763423406,0.2,0.2,20.249999999999996,0.8,0.8,900.0,0.005,20
14.085,900.1081165921944,209.7791246268259,0.2,0.2,20.249999999999996,0.8,0.8,900.0,0.005,20
14.09,900.1096846831167,209.54206970263493,0.2,0.2,20.249999999999996,0.8,0.8,900.0,0.005,20
14.095,900.1105396825585,209.8873253827518,0.2,0.2,20.249999999999996,0.8,0.8,900.0,0.005,20
14.1,900.1113495464618,210.2114523001961,0.2,0.2,20.249999999999996,0.8,0.8,900.0,0.005,20
14.105,900.1122080839866,210.43792505712375,0.2,0.2,20.249999999999996,0.8,0.8,900.0,0.005,20
14.11,900.1125497311589,210.92690495300906,0.2,0.2,20.249999999999996,0.8,0.8,900.0,0.005,20
14.115,900.1125372564159,211.48539276513375,0.2,0.2,20.249999999999996,0.8,0.8,900.0,0.005,20
14.120000000000001,900.1124541226732,212.00516771005275,0.2,0.2,20.249999999999996,0.8,0.8,900.0,0.005,20
14.125,900.1130719271825,212.22337384838212,0.2,0.2,20.249999999999996,0.8,0.8,900.0,0.005,20
14.13,900.1131525828118,212.87386212616187,0.2,0.2,20.249999999999996,0.8,0.8,900.0,0.005,20
14.135,900.1127640233798,213.43158122267062,0.2,0.2,20.249999999999996,0.8,0.8,900.0,0.005,20
14.14,900.1121587016,213.95043682459527,0.2,0.2,20.249999999999996,0.8,0.8,900.0,0.005,20
14.145,900.1114030810828,214.39529002193058,0.2,0.2,20.249999999999996,0.8,0.8,900.0,0.005,20
14.15,900.110407932194,214.692384536919,0.2,0.2,20.249999999999996,0.8,0.8,900.0,0.005,20
14.155000000000001,900.1091688457743,214.9098810699747,0.2,0.2,20.249999999999996,0.8,0.8,900.0,0.005,20
14.16,900.107753348649,215.02037765567735,0.2,0.2,20.249999999999996,0.8,0.8,900.0,0.005,20
14.165000000000001,900.1063050009502,214.9191928564163,0.2,0.2,20.249999999999996,0.8,0.8,900.0,0.005,20
14.17,900.1049021485713,214.70268392863377,0.2,0.2,20.249999999999996,0.8,0.8,900.0,0.005,20
14.175,900.1034839356445,214.4013453576042,0.2,0.2,20.249999999999996,0.8,0.8,900.0,0.005,20
14.18,900.1022983411007,213.98623732982438,0.2,0.2,20.249999999999996,0.8,0.8,900.0,0.005,20
14.185,900.1015822746369,213.3858591839028,0.2,0.2,20.249999999999996,0.8,0.8,900.0,0.005,20
14.19,900.1012167853416,212.79447919679242,0.2,0.2,20.249999999999996,0.8,0.8,900.0,0.005,20
14.195,900.1010785449355,212.21588320929817,0.2,0.2,20.249999999999996,0.8,0.8,900.0,0.005,20
14.200000000000001,900.1010519695955,211.68971540386048,0.2,0.2,20.249999999999996,0.8,0.8,900.0,0.005,20
14.205,900.1011325892733,211.1579874320162,0.2,0.2,20.249999999999996,0.8,0.8,900.0,0.005,20
14.21,900.1013132650547,210.6821657548901,0.2,0.2,20.249999999999996,0.8,0.8,900.0,0.005,20
14.215,900.1014584920271,210.3047261211869,0.2,0.2,20.249999999999996,0.8,0.8,900.0,0.005,20
14.22,900.1016029648019,209.98781096031203,0.2,0.2,20.249999999999996,0.8,0.8,900.0,0.005,20
14.225,900.1017948006231,209.7412557799309,0.2,0.2,20.249999999999996,0.8,0.8,900.0,0.005,20
14.23,900.1020713370216,209.56294130500146,0.2,0.2,20.249999999999996,0.8,0.8,900.0,0.005,20
14.235,900.1025061309257,209.45053356615173,0.2,0.2,20.249999999999996,0.8,0.8,900.0,0.005,20
14.24,900.1032407376033,209.40883035853986,0.2,0.2,20.249999999999996,0.8,0.8,900.0,0.005,20
14.245000000000001,900.1041664113964,209.46403124301042,0.2,0.2,20.249999999999996,0.8,0.8,900.0,0.005,20
14.25,900.1053958642575,209.58875358568415,0.2,0.2,20.249999999999996,0.8,0.8,900.0,0.005,20
14.255,900.10687390716,209.80866543351078,0.2,0.2,20.249999999999996,0.8,0.8,900.0,0.005,20
14.26,900.1085574147268,210.1061150044233,0.2,0.2,20.249999999999996,0.8,0.8,900.0,0.005,20
14.265,900.1104137088504,210.4877805591135,0.2,0.2,20.249999999999996,0.8,0.8,900.0,0.005,20
14.27,900.1124324764182,210.91322528970952,0.2,0.2,20.249999999999996,0.8,0.8,900.0,0.005,20
14.275,900.1145550235466,211.29759583147998,0.2,0.2,20.249999999999996,0.8,0.8,900.0,0.005,20
14.280000000000001,900.1164754358838,211.8365951402541,0.2,0.2,20.249999999999996,0.8,0.8,900.0,0.005,20
14.285,900.1180921847143,212.44852658969967,0.2,0.2,20.249999999999996,0.8,0.8,900.0,0.005,20
14.290000000000001,900.1193467677049,213.1158330960364,0.2,0.2,20.249999999999996,0.8,0.8,900.0,0.005,20
14.295,900.1201820752214,213.82429590471196,0.2,0.2,20.249999999999996,0.8,0.8,900.0,0.005,20
14.3,900.1206499905431,214.5467603765628,0.2,0.2,20.249999999999996,0.8,0.8,900.0,0.005,20
14.305,900.1207289879031,215.2927220925601,0.2,0.2,20.249999999999996,0.8,0.8,900.0,0.005,20
14.31,900.1205034693822,216.03205544894902,0.2,0.2,20.249999999999996,0.8,0.8,900.0,0.005,20
14.315,900.1199573704324,216.7374438129676,0.2,0.2,20.249999999999996,0.8,0.8,900.0,0.005,20
14.32,900.1192337183573,217.41992031955792,0.2,0.2,20.249999999999996,0.8,0.8,900.0,0.005,20
14.325000000000001,900.1183742843115,218.0628526614875,0.2,0.2,20.249999999999996,0.8,0.8,900.0,0.005,20
14.33,900.1175472988886,218.6151643819776,0.2,0.2,20.249999999999996,0.8,0.8,900.0,0.005,20
14.335,900.1169977837656,219.095898037589,0.2,0.2,20.249999999999996,0.8,0.8,900.0,0.005,20
14.34,900.1164466862186,219.5458435300798,0.2,0.2,20.249999999999996,0.8,0.8,900.0,0.005,20
14.345,900.1160989296101,219.8056338611558,0.2,0.2,20.249999999999996,0.8,0.8,900.0,0.005,20
14.35,900.1160384162749,219.99453653578973,0.2,0.2,20.249999999999996,0.8,0.8,900.0,0.005,20
14.355,900.1164402235036,220.05835941854804,0.2,0.2,20.249999999999996,0.8,0.8,900.0,0.005,20
14.36,900.1167464958276,220.18906814235604,0.2,0.2,20.249999999999996,0.8,0.8,900.0,0.005,20
14.365,900.1171522723815,220.18629020218341,0.2,0.2,20.249999999999996,0.8,0.8,900.0,0.005,20
14.370000000000001,900.1174200668275,220.16851738569375,0.2,0.2,20.249999999999996,0.8,0.8,900.0,0.005,20
14.375,900.1176069986843,220.12998677908982,0.2,0.2,20.249999999999996,0.8,0.8,900.0,0.005,20
14.38,900.1177340726308,220.0543526068583,0.2,0.2,20.249999999999996,0.8,0.8,900.0,0.005,20
14.385,900.1177636112318,219.94619576294951,0.2,0.2,20.249999999999996,0.8,0.8,900.0,0.005,20
14.39,900.1176694659496,219.795400588398,0.2,0.2,20.249999999999996,0.8,0.8,900.0,0.005,20
14.395,900.1174656275728,219.6099248438823,0.2,0.2,20.249999999999996,0.8,0.8,900.0,0.005,20
14.4,900.1171954050278,219.44481674249326,0.2,0.2,20.249999999999996,0.8,0.8,900.0,0.005,20
14.405000000000001,900.1166200907002,219.23228525056135,0.2,0.2,20.249999999999996,0.8,0.8,900.0,0.005,20
14.41,900.1158102371672,219.0552228151304,0.2,0.2,20.249999999999996,0.8,0.8,900.0,0.005,20
14.415000000000001,900.1146648434898,218.91362008458316,0.2,0.2,20.249999999999996,0.8,0.8,900.0,0.005,20
14.42,900.1132083059767,218.76808950552703,0.2,0.2,20.249999999999996,0.8,0.8,900.0,0.005,20
14.425,900.1122906020946,217.95863787147877,0.2,0.2,20.249999999999996,0.8,0.8,900.0,0.005,20
14.43,900.1109098796442,217.76661775966988,0.2,0.2,20.249999999999996,0.8,0.8,900.0,0.005,20
14.435,900.108996713007,217.6040090808633,0.2,0.2,20.249999999999996,0.8,0.8,900.0,0.005,20
14.44,900.1069259483539,217.32719081186022,0.2,0.2,20.249999999999996,0.8,0.8,900.0,0.005,20
14.445,900.1047397412472,217.04428392900968,0.2,0.2,20.249999999999996,0.8,0.8,900.0,0.005,20
14.450000000000001,900.1024360505374,216.74222607289713,0.2,0.2,20.249999999999996,0.8,0.8,900.0,0.005,20
14.455,900.1001598860595,216.3843087094957,0.2,0.2,20.249999999999996,0.8,0.8,900.0,0.005,20
14.46,900.0983084719348,215.69390835374284,0.2,0.2,20.249999999999996,0.8,0.8,900.0,0.005,20
14.465,900.0966192105952,215.18590836884778,0.2,0.2,20.249999999999996,0.8,0.8,900.0,0.005,20
14.47,900.095281973765,214.6380016583756,0.2,0.2,20.249999999999996,0.8,0.8,900.0,0.005,20
14.475,900.0943651274076,214.06532863251152,0.2,0.2,20.249999999999996,0.8,0.8,900.0,0.005,20
14.48,900.0935080798467,213.5999404445395,0.2,0.2,20.249999999999996,0.8,0.8,900.0,0.005,20
14.485,900.0928791923955,213.13410866734495,0.2,0.2,20.249999999999996,0.8,0.8,900.0,0.005,20
14.49,900.0923844732692,212.64227959225073,0.2,0.2,20.249999999999996,0.8,0.8,900.0,0.005,20
14.495000000000001,900.091837144226,212.18515096127538,0.2,0.2,20.249999999999996,0.8,0.8,900.0,0.005,20
14.5,900.0913196075097,211.71504079128064,0.2,0.2,20.249999999999996,0.8,0.8,900.0,0.005,20
14.505,900.0909116668067,211.18595237686057,0.2,0.2,20.249999999999996,0.8,0.8,900.0,0.005,20
14.51,900.0905356482415,210.6807439475797,0.2,0.2,20.249999999999996,0.8,0.8,900.0,0.005,20
14.515,900.0902456691782,210.18228000220373,0.2,0.2,20.249999999999996,0.8,0.8,900.0,0.005,20
14.52,900.0901235310454,209.68214080217567,0.2,0.2,20.249999999999996,0.8,0.8,900.0,0.005,20
14.525,900.0902868495579,209.19191595737044,0.2,0.2,20.249999999999996,0.8,0.8,900.0,0.005,20
14.530000000000001,900.0907807488869,208.72088232192652,0.2,0.2,20.249999999999996,0.8,0.8,900.0,0.005,20
14.535,900.0916003755376,208.27757253691865,0.2,0.2,20.249999999999996,0.8,0.8,900.0,0.005,20
14.540000000000001,900.0928972255278,207.73032233625963,0.2,0.2,20.249999999999996,0.8,0.8,900.0,0.005,20
14.545,900.0947535476757,207.0564624256028,0.2,0.2,20.249999999999996,0.8,0.8,900.0,0.005,20
14.55,900.0967898779668,206.52393976422997,0.2,0.2,20.249999999999996,0.8,0.8,900.0,0.005,20
14.555,900.0988930643204,206.11376349131294,0.2,0.2,20.249999999999996,0.8,0.8,900.0,0.005,20
14.56,900.1011329184786,205.82780228225815,0.2,0.2,20.249999999999996,0.8,0.8,900.0,0.005,20
14.565,900.1033855049455,205.68141010839938,0.2,0.2,20.249999999999996,0.8,0.8,900.0,0.005,20
14.57,900.1056155424699,205.40614833603868,0.2,0.2,20.249999999999996,0.8,0.8,900.0,0.005,20
14.575000000000001,900.1077534630982,205.37872629897709,0.2,0.2,20.249999999999996,0.8,0.8,900.0,0.005,20
14.58,900.1095929313127,205.52093238462038,0.2,0.2,20.249999999999996,0.8,0.8,900.0,0.005,20
14.585,900.1110810534759,205.78075983064292,0.2,0.2,20.249999999999996,0.8,0.8,900.0,0.005,20
14.59,900.1122059608674,206.16250901288646,0.2,0.2,20.249999999999996,0.8,0.8,900.0,0.005,20
14.595,900.1129930026544,206.6431876201869,0.2,0.2,20.249999999999996,0.8,0.8,900.0,0.005,20
14.6,900.1134832575217,207.19583241810514,0.2,0.2,20.249999999999996,0.8,0.8,900.0,0.005,20
14.605,900.113694025038,207.80913883064156,0.2,0.2,20.249999999999996,0.8,0.8,900.0,0.005,20
14.61,900.1136622868596,208.47004662442154,0.2,0.2,20.249999999999996,0.8,0.8,900.0,0.005,20
14.615,900.1135503092764,209.07390329330516,0.2,0.2,20.249999999999996,0.8,0.8,900.0,0.005,20
14.620000000000001,900.1138813786357,209.45967705863595,0.2,0.2,20.249999999999996,0.8,0.8,900.0,0.005,20
14.625,900.11373365183,210.0829402564638,0.2,0.2,20.249999999999996,0.8,0.8,900.0,0.005,20
14.63,900.1134010893079,210.68420130023904,0.2,0.2,20.249999999999996,0.8,0.8,900.0,0.005,20
14.635,900.1130590732113,211.20559145742715,0.2,0.2,20.249999999999996,0.8,0.8,900.0,0.005,20
14.64,900.1127354450596,211.64278679385782,0.2,0.2,20.249999999999996,0.8,0.8,900.0,0.005,20
14.645,900.1123666444879,212.0436779615732,0.2,0.2,20.249999999999996,0.8,0.8,900.0,0.005,20
14.65,900.1121350972056,212.18972594186926,0.2,0.2,20.249999999999996,0.8,0.8,900.0,0.005,20
14.655000000000001,900.1119621458656,212.24353720885188,0.2,0.2,20.249999999999996,0.8,0.8,900.0,0.005,20
14.66,900.1118149878884,212.44357502591242,0.2,0.2,20.249999999999996,0.8,0.8,900.0,0.005,20
14.665000000000001,900.1117430446843,212.5955923791984,0.2,0.2,20.249999999999996,0.8,0.8,900.0,0.005,20
14.67,900.1117693999029,212.69839986136031,0.2,0.2,20.249999999999996,0.8,0.8,900.0,0.005,20
14.675,900.1118248562263,212.75154389629054,0.2,0.2,20.249999999999996,0.8,0.8,900.0,0.005,20
14.68,900.1117946955784,212.78379834841226,0.2,0.2,20.249999999999996,0.8,0.8,900.0,0.005,20
14.685,900.1119462505046,212.48997520764746,0.2,0.2,20.249999999999996,0.8,0.8,900.0,0.005,20
14.69,900.111651549683,212.51398228380626,0.2,0.2,20.249999999999996,0.8,0.8,900.0,0.005,20
14.695,900.1109960505299,212.50862682767774,0.2,0.2,20.249999999999996,0.8,0.8,900.0,0.005,20
14.700000000000001,900.1102181967402,212.448569508667,0.2,0.2,20.249999999999996,0.8,0.8,900.0,0.005,20
14.705,900.1092573957949,212.3596173627802,0.2,0.2,20.249999999999996,0.8,0.8,900.0,0.005,20
14.71,900.1082130360468,212.28323307571458,0.2,0.2,20.249999999999996,0.8,0.8,900.0,0.005,20
14.715,900.107297385049,212.21514845617835,0.2,0.2,20.249999999999996,0.8,0.8,900.0,0.005,20
14.72,900.1066656477599,212.00312574789024,0.2,0.2,20.249999999999996,0.8,0.8,900.0,0.005,20
14.725,900.1064427905441,211.85823953922585,0.2,0.2,20.249999999999996,0.8,0.8,900.0,0.005,20
14.73,900.1066446830642,211.75214384607114,0.2,0.2,20.249999999999996,0.8,0.8,900.0,0.005,20
14.735,900.1073684196197,211.65330296965968,0.2,0.2,20.249999999999996,0.8,0.8,900.0,0.005,20
14.74,900.108599622261,211.57884382561542,0.2,0.2,20.249999999999996,0.8,0.8,900.0,0.005,20
14.745000000000001,900.1103693767373,211.51198716741897,0.2,0.2,20.249999999999996,0.8,0.8,900.0,0.005,20
14.75,900.1123840112643,211.53225145326243,0.2,0.2,20.249999999999996,0.8,0.8,900.0,0.005,20
14.755,900.1147109867014,211.60695152353816,0.2,0.2,20.249999999999996,0.8,0.8,900.0,0.005,20
14.76,900.1171439876402,211.77053350533683,0.2,0.2,20.249999999999996,0.8,0.8,900.0,0.005,20
14.765,900.1194192002685,212.0015529735565,0.2,0.2,20.249999999999996,0.8,0.8,900.0,0.005,20
14.77,900.121490629889,212.31839430526728,0.2,0.2,20.249999999999996,0.8,0.8,900.0,0.005,20
14.775,900.1233151409886,212.67734974879855,0.2,0.2,20.249999999999996,0.8,0.8,900.0,0.005,20
14.780000000000001,900.1247282602546,213.12023826518674,0.2,0.2,20.249999999999996,0.8,0.8,900.0,0.005,20
14.785,900.1257342320766,213.62767866093714,0.2,0.2,20.249999999999996,0.8,0.8,900.0,0.005,20
14.790000000000001,900.1262186771826,214.23133879906848,0.2,0.2,20.249999999999996,0.8,0.8,900.0,0.005,20
14.795,900.1259745945757,214.88036136553646,0.2,0.2,20.249999999999996,0.8,0.8,900.0,0.005,20
14.8,900.124971750696,215.52894982395094,0.2,0.2,20.249999999999996,0.8,0.8,900.0,0.005,20
14.805,900.1233068331624,216.1513299759753,0.2,0.2,20.249999999999996,0.8,0.8,900.0,0.005,20
14.81,900.1211530419448,216.6798318273127,0.2,0.2,20.249999999999996,0.8,0.8,900.0,0.005,20
14.815,900.1185513079439,217.15402195703408,0.2,0.2,20.249999999999996,0.8,0.8,900.0,0.005,20
14.82,900.1155251738094,217.54549204107286,0.2,0.2,20.249999999999996,0.8,0.8,900.0,0.005,20
14.825000000000001,900.1123568449752,217.7898866721631,0.2,0.2,20.249999999999996,0.8,0.8,900.0,0.005,20
14.83,900.1093173308648,217.8868239654551,0.2,0.2,20.249999999999996,0.8,0.8,900.0,0.005,20
14.835,900.1064737756685,217.91110305804122,0.2,0.2,20.249999999999996,0.8,0.8,900.0,0.005,20
14.84,900.1040283848957,217.80422911592748,0.2,0.2,20.249999999999996,0.8,0.8,900.0,0.005,20
14.845,900.1021975199473,217.48940345691662,0.2,0.2,20.249999999999996,0.8,0.8,900.0,0.005,20
14.85,900.100823041082,217.16460775560674,0.2,0.2,20.249999999999996,0.8,0.8,900.0,0.005,20
14.855,900.0998517195975,216.81035861057563,0.2,0.2,20.249999999999996,0.8,0.8,900.0,0.005,20
14.86,900.0992785515056,216.39706535676655,0.2,0.2,20.249999999999996,0.8,0.8,900.0,0.005,20
14.865,900.0992636336497,215.88846993913796,0.2,0.2,20.249999999999996,0.8,0.8,900.0,0.005,20
14.870000000000001,900.0993532421826,215.406156417256,0.2,0.2,20.249999999999996,0.8,0.8,900.0,0.005,20
14.875,900.099561245636,214.88180059286145,0.2,0.2,20.249999999999996,0.8,0.8,900.0,0.005,20
14.88,900.0999474857653,214.3305597380453,0.2,0.2,20.249999999999996,0.8,0.8,900.0,0.005,20
14.885,900.100459444061,213.75626067830697,0.2,0.2,20.249999999999996,0.8,0.8,900.0,0.005,20
14.89,900.1011366870554,213.1881149612884,0.2,0.2,20.249999999999996,0.8,0.8,900.0,0.005,20
14.895,900.1020171451266,212.6212005800112,0.2,0.2,20.249999999999996,0.8,0.8,900.0,0.005,20
14.9,900.1031237251763,212.07041235120215,0.2,0.2,20.249999999999996,0.8,0.8,900.0,0.005,20
14.905000000000001,900.1044531847223,211.54551919082473,0.2,0.2,20.249999999999996,0.8,0.8,900.0,0.005,20
14.91,900.1059454901236,211.0616982476523,0.2,0.2,20.249999999999996,0.8,0.8,900.0,0.005,20
14.915000000000001,900.1075321849416,210.63158016025992,0.2,0.2,20.249999999999996,0.8,0.8,900.0,0.005,20
14.92,900.1089954164069,210.27091820535412,0.2,0.2,20.249999999999996,0.8,0.8,900.0,0.005,20
14.925,900.1101998761435,209.97831352697665,0.2,0.2,20.249999999999996,0.8,0.8,900.0,0.005,20
14.93,900.1110276589494,209.74988959353078,0.2,0.2,20.249999999999996,0.8,0.8,900.0,0.005,20
14.935,900.1113041642965,209.47351876251562,0.2,0.2,20.249999999999996,0.8,0.8,900.0,0.005,20
14.94,900.1110150322809,209.25126648963192,0.2,0.2,20.249999999999996,0.8,0.8,900.0,0.005,20
14.945,900.1102806593931,208.90113832670684,0.2,0.2,20.249999999999996,0.8,0.8,900.0,0.005,20
14.950000000000001,900.108726700956,208.73121770100192,0.2,0.2,20.249999999999996,0.8,0.8,900.0,0.005,20
14.955,900.1066000383194,208.56273530942102,0.2,0.2,20.249999999999996,0.8,0.8,900.0,0.005,20
14.96,900.1045349855477,208.2117672213477,0.2,0.2,20.249999999999996,0.8,0.8,900.0,0.005,20
14.965,900.1023014066254,207.93268575793934,0.2,0.2,20.249999999999996,0.8,0.8,900.0,0.005,20
14.97,900.1002731261538,207.6042384794081,0.2,0.2,20.249999999999996,0.8,0.8,900.0,0.005,20
14.975,900.0986294871911,207.2692368717958,0.2,0.2,20.249999999999996,0.8,0.8,900.0,0.005,20
14.98,900.0974705793168,206.95808537307826,0.2,0.2,20.249999999999996,0.8,0.8,900.0,0.005,20
14.985,900.0968719340758,206.66230228839322,0.2,0.2,20.249999999999996,0.8,0.8,900.0,0.005,20
14.99,900.0968312213009,206.39754496660927,0.2,0.2,20.249999999999996,0.8,0.8,900.0,0.005,20
14.995000000000001,900.0972814782456,206.17833201393927,0.2,0.2,20.249999999999996,0.8,0.8,900.0,0.005,20
15.0,900.098151397269,205.98679212968466,0.2,0.2,20.249999999999996,0.8,0.8,900.0,0.005,20
